<gpx xmlns:ns3="http://www.garmin.com/xmlschemas/TrackPointExtension/v1" xmlns="http://www.topografix.com/GPX/1/1" xmlns:xsi="http://www.w3.org/2001/XMLSchema-instance" xmlns:ns2="http://www.garmin.com/xmlschemas/GpxExtensions/v3" creator="Garmin Connect" version="1.1" xsi:schemaLocation="http://www.topografix.com/GPX/1/1 http://www.topografix.com/GPX/11.xsd">
  <extensions>
<distance>7008.45</distance>
<average_hr>149.0</average_hr>
<average_speed>3.546999931335449</average_speed>
<start_time>2026-09-10T10:12:19+00:00</start_time>
<end_time>2026-09-10T10:45:14.785000+00:00</end_time>
<moving_time>1964.71</moving_time>
<elapsed_time>2228.512</elapsed_time>
</extensions>
<metadata>
    <link href="connect.garmin.com">
      <text>Garmin Connect</text>
    </link>
    <time>2026-09-10T10:12:19.000Z</time>
  </metadata>
  <trk>
    <name>Running</name>
    <type>running</type>
    <trkseg>
      <trkpt lat="37.507976330816745758056640625" lon="127.0596147514879703521728515625">
        <ele>28.6000003814697265625</ele>
        <time>2026-09-10T10:12:51.000Z</time>
        <extensions>
          <ns3:TrackPointExtension>
            <ns3:hr>125</ns3:hr>
            <ns3:cad>82</ns3:cad>
          </ns3:TrackPointExtension>
        </extensions>
      </trkpt>
      <trkpt lat="37.50790935941040515899658203125" lon="127.0597022585570812225341796875">
        <ele>28.3999996185302734375</ele>
        <time>2026-09-10T10:12:52.000Z</time>
        <extensions>
          <ns3:TrackPointExtension>
            <ns3:hr>126</ns3:hr>
            <ns3:cad>82</ns3:cad>
          </ns3:TrackPointExtension>
        </extensions>
      </trkpt>
      <trkpt lat="37.507941462099552154541015625" lon="127.05974332988262176513671875">
        <ele>28.3999996185302734375</ele>
        <time>2026-09-10T10:12:53.000Z</time>
        <extensions>
          <ns3:TrackPointExtension>
            <ns3:hr>127</ns3:hr>
            <ns3:cad>83</ns3:cad>
          </ns3:TrackPointExtension>
        </extensions>
      </trkpt>
      <trkpt lat="37.507961578667163848876953125" lon="127.0597740076482295989990234375">
        <ele>28.3999996185302734375</ele>
        <time>2026-09-10T10:12:54.000Z</time>
        <extensions>
          <ns3:TrackPointExtension>
            <ns3:hr>128</ns3:hr>
            <ns3:cad>82</ns3:cad>
          </ns3:TrackPointExtension>
        </extensions>
      </trkpt>
      <trkpt lat="37.50795680098235607147216796875" lon="127.05980124883353710174560546875">
        <ele>28.3999996185302734375</ele>
        <time>2026-09-10T10:12:55.000Z</time>
        <extensions>
          <ns3:TrackPointExtension>
            <ns3:hr>129</ns3:hr>
            <ns3:cad>82</ns3:cad>
          </ns3:TrackPointExtension>
        </extensions>
      </trkpt>
      <trkpt lat="37.50794850289821624755859375" lon="127.05984164960682392120361328125">
        <ele>28.3999996185302734375</ele>
        <time>2026-09-10T10:12:56.000Z</time>
        <extensions>
          <ns3:TrackPointExtension>
            <ns3:hr>131</ns3:hr>
            <ns3:cad>81</ns3:cad>
          </ns3:TrackPointExtension>
        </extensions>
      </trkpt>
      <trkpt lat="37.50794389285147190093994140625" lon="127.05987433902919292449951171875">
        <ele>28.3999996185302734375</ele>
        <time>2026-09-10T10:12:57.000Z</time>
        <extensions>
          <ns3:TrackPointExtension>
            <ns3:hr>133</ns3:hr>
            <ns3:cad>81</ns3:cad>
          </ns3:TrackPointExtension>
        </extensions>
      </trkpt>
      <trkpt lat="37.5079640932381153106689453125" lon="127.05991901457309722900390625">
        <ele>28.3999996185302734375</ele>
        <time>2026-09-10T10:12:58.000Z</time>
        <extensions>
          <ns3:TrackPointExtension>
            <ns3:hr>135</ns3:hr>
            <ns3:cad>81</ns3:cad>
          </ns3:TrackPointExtension>
        </extensions>
      </trkpt>
      <trkpt lat="37.50797800719738006591796875" lon="127.0599580742418766021728515625">
        <ele>28.6000003814697265625</ele>
        <time>2026-09-10T10:12:59.000Z</time>
        <extensions>
          <ns3:TrackPointExtension>
            <ns3:hr>137</ns3:hr>
            <ns3:cad>82</ns3:cad>
          </ns3:TrackPointExtension>
        </extensions>
      </trkpt>
      <trkpt lat="37.50798337161540985107421875" lon="127.0599959604442119598388671875">
        <ele>28.6000003814697265625</ele>
        <time>2026-09-10T10:13:00.000Z</time>
        <extensions>
          <ns3:TrackPointExtension>
            <ns3:hr>138</ns3:hr>
            <ns3:cad>82</ns3:cad>
          </ns3:TrackPointExtension>
        </extensions>
      </trkpt>
      <trkpt lat="37.507996447384357452392578125" lon="127.06003828905522823333740234375">
        <ele>28.6000003814697265625</ele>
        <time>2026-09-10T10:13:01.000Z</time>
        <extensions>
          <ns3:TrackPointExtension>
            <ns3:hr>139</ns3:hr>
            <ns3:cad>82</ns3:cad>
          </ns3:TrackPointExtension>
        </extensions>
      </trkpt>
      <trkpt lat="37.5080106966197490692138671875" lon="127.06006812863051891326904296875">
        <ele>28.6000003814697265625</ele>
        <time>2026-09-10T10:13:02.000Z</time>
        <extensions>
          <ns3:TrackPointExtension>
            <ns3:hr>141</ns3:hr>
            <ns3:cad>82</ns3:cad>
          </ns3:TrackPointExtension>
        </extensions>
      </trkpt>
      <trkpt lat="37.50801832415163516998291015625" lon="127.06010408699512481689453125">
        <ele>28.3999996185302734375</ele>
        <time>2026-09-10T10:13:03.000Z</time>
        <extensions>
          <ns3:TrackPointExtension>
            <ns3:hr>142</ns3:hr>
            <ns3:cad>82</ns3:cad>
          </ns3:TrackPointExtension>
        </extensions>
      </trkpt>
      <trkpt lat="37.5080301426351070404052734375" lon="127.0601371116936206817626953125">
        <ele>28.3999996185302734375</ele>
        <time>2026-09-10T10:13:04.000Z</time>
        <extensions>
          <ns3:TrackPointExtension>
            <ns3:hr>143</ns3:hr>
            <ns3:cad>82</ns3:cad>
          </ns3:TrackPointExtension>
        </extensions>
      </trkpt>
      <trkpt lat="37.50805051065981388092041015625" lon="127.06016041338443756103515625">
        <ele>28.200000762939453125</ele>
        <time>2026-09-10T10:13:05.000Z</time>
        <extensions>
          <ns3:TrackPointExtension>
            <ns3:hr>144</ns3:hr>
            <ns3:cad>0</ns3:cad>
          </ns3:TrackPointExtension>
        </extensions>
      </trkpt>
      <trkpt lat="37.5080693699419498443603515625" lon="127.06019804812967777252197265625">
        <ele>28.200000762939453125</ele>
        <time>2026-09-10T10:13:06.000Z</time>
        <extensions>
          <ns3:TrackPointExtension>
            <ns3:hr>144</ns3:hr>
            <ns3:cad>0</ns3:cad>
          </ns3:TrackPointExtension>
        </extensions>
      </trkpt>
      <trkpt lat="37.50808688811957836151123046875" lon="127.06023341976106166839599609375">
        <ele>28.200000762939453125</ele>
        <time>2026-09-10T10:13:07.000Z</time>
        <extensions>
          <ns3:TrackPointExtension>
            <ns3:hr>145</ns3:hr>
            <ns3:cad>0</ns3:cad>
          </ns3:TrackPointExtension>
        </extensions>
      </trkpt>
      <trkpt lat="37.5080931745469570159912109375" lon="127.0602522790431976318359375">
        <ele>28.200000762939453125</ele>
        <time>2026-09-10T10:13:08.000Z</time>
        <extensions>
          <ns3:TrackPointExtension>
            <ns3:hr>145</ns3:hr>
            <ns3:cad>0</ns3:cad>
          </ns3:TrackPointExtension>
        </extensions>
      </trkpt>
      <trkpt lat="37.5081062503159046173095703125" lon="127.06030114553868770599365234375">
        <ele>28.200000762939453125</ele>
        <time>2026-09-10T10:13:09.000Z</time>
        <extensions>
          <ns3:TrackPointExtension>
            <ns3:hr>146</ns3:hr>
            <ns3:cad>0</ns3:cad>
          </ns3:TrackPointExtension>
        </extensions>
      </trkpt>
      <trkpt lat="37.5081060826778411865234375" lon="127.06032528541982173919677734375">
        <ele>28.200000762939453125</ele>
        <time>2026-09-10T10:13:10.000Z</time>
        <extensions>
          <ns3:TrackPointExtension>
            <ns3:hr>146</ns3:hr>
            <ns3:cad>0</ns3:cad>
          </ns3:TrackPointExtension>
        </extensions>
      </trkpt>
      <trkpt lat="37.5081159733235836029052734375" lon="127.06036300398409366607666015625">
        <ele>28.3999996185302734375</ele>
        <time>2026-09-10T10:13:11.000Z</time>
        <extensions>
          <ns3:TrackPointExtension>
            <ns3:hr>147</ns3:hr>
            <ns3:cad>0</ns3:cad>
          </ns3:TrackPointExtension>
        </extensions>
      </trkpt>
      <trkpt lat="37.508121840655803680419921875" lon="127.0604043267667293548583984375">
        <ele>28.3999996185302734375</ele>
        <time>2026-09-10T10:13:12.000Z</time>
        <extensions>
          <ns3:TrackPointExtension>
            <ns3:hr>147</ns3:hr>
            <ns3:cad>81</ns3:cad>
          </ns3:TrackPointExtension>
        </extensions>
      </trkpt>
      <trkpt lat="37.50813047401607036590576171875" lon="127.0604291372001171112060546875">
        <ele>28.3999996185302734375</ele>
        <time>2026-09-10T10:13:13.000Z</time>
        <extensions>
          <ns3:TrackPointExtension>
            <ns3:hr>147</ns3:hr>
            <ns3:cad>81</ns3:cad>
          </ns3:TrackPointExtension>
        </extensions>
      </trkpt>
      <trkpt lat="37.50814162194728851318359375" lon="127.0604656822979450225830078125">
        <ele>28.3999996185302734375</ele>
        <time>2026-09-10T10:13:14.000Z</time>
        <extensions>
          <ns3:TrackPointExtension>
            <ns3:hr>148</ns3:hr>
            <ns3:cad>81</ns3:cad>
          </ns3:TrackPointExtension>
        </extensions>
      </trkpt>
      <trkpt lat="37.5081489980220794677734375" lon="127.06050247885286808013916015625">
        <ele>28.3999996185302734375</ele>
        <time>2026-09-10T10:13:15.000Z</time>
        <extensions>
          <ns3:TrackPointExtension>
            <ns3:hr>148</ns3:hr>
            <ns3:cad>81</ns3:cad>
          </ns3:TrackPointExtension>
        </extensions>
      </trkpt>
      <trkpt lat="37.5081702880561351776123046875" lon="127.06053994596004486083984375">
        <ele>28.3999996185302734375</ele>
        <time>2026-09-10T10:13:16.000Z</time>
        <extensions>
          <ns3:TrackPointExtension>
            <ns3:hr>148</ns3:hr>
            <ns3:cad>81</ns3:cad>
          </ns3:TrackPointExtension>
        </extensions>
      </trkpt>
      <trkpt lat="37.50818378292024135589599609375" lon="127.06058864481747150421142578125">
        <ele>28.3999996185302734375</ele>
        <time>2026-09-10T10:13:17.000Z</time>
        <extensions>
          <ns3:TrackPointExtension>
            <ns3:hr>148</ns3:hr>
            <ns3:cad>81</ns3:cad>
          </ns3:TrackPointExtension>
        </extensions>
      </trkpt>
      <trkpt lat="37.508195936679840087890625" lon="127.0606252737343311309814453125">
        <ele>28.3999996185302734375</ele>
        <time>2026-09-10T10:13:18.000Z</time>
        <extensions>
          <ns3:TrackPointExtension>
            <ns3:hr>149</ns3:hr>
            <ns3:cad>83</ns3:cad>
          </ns3:TrackPointExtension>
        </extensions>
      </trkpt>
      <trkpt lat="37.50820993445813655853271484375" lon="127.06067363731563091278076171875">
        <ele>28.200000762939453125</ele>
        <time>2026-09-10T10:13:19.000Z</time>
        <extensions>
          <ns3:TrackPointExtension>
            <ns3:hr>149</ns3:hr>
            <ns3:cad>83</ns3:cad>
          </ns3:TrackPointExtension>
        </extensions>
      </trkpt>
      <trkpt lat="37.5082185678184032440185546875" lon="127.06071001477539539337158203125">
        <ele>28.200000762939453125</ele>
        <time>2026-09-10T10:13:20.000Z</time>
        <extensions>
          <ns3:TrackPointExtension>
            <ns3:hr>149</ns3:hr>
            <ns3:cad>85</ns3:cad>
          </ns3:TrackPointExtension>
        </extensions>
      </trkpt>
      <trkpt lat="37.5082353316247463226318359375" lon="127.0607432909309864044189453125">
        <ele>28</ele>
        <time>2026-09-10T10:13:21.000Z</time>
        <extensions>
          <ns3:TrackPointExtension>
            <ns3:hr>150</ns3:hr>
            <ns3:cad>84</ns3:cad>
          </ns3:TrackPointExtension>
        </extensions>
      </trkpt>
      <trkpt lat="37.5082400254905223846435546875" lon="127.06079064868390560150146484375">
        <ele>28</ele>
        <time>2026-09-10T10:13:22.000Z</time>
        <extensions>
          <ns3:TrackPointExtension>
            <ns3:hr>150</ns3:hr>
            <ns3:cad>84</ns3:cad>
          </ns3:TrackPointExtension>
        </extensions>
      </trkpt>
      <trkpt lat="37.50824765302240848541259765625" lon="127.060820572078227996826171875">
        <ele>28</ele>
        <time>2026-09-10T10:13:23.000Z</time>
        <extensions>
          <ns3:TrackPointExtension>
            <ns3:hr>150</ns3:hr>
            <ns3:cad>84</ns3:cad>
          </ns3:TrackPointExtension>
        </extensions>
      </trkpt>
      <trkpt lat="37.5082631595432758331298828125" lon="127.06085468642413616180419921875">
        <ele>28</ele>
        <time>2026-09-10T10:13:24.000Z</time>
        <extensions>
          <ns3:TrackPointExtension>
            <ns3:hr>150</ns3:hr>
            <ns3:cad>83</ns3:cad>
          </ns3:TrackPointExtension>
        </extensions>
      </trkpt>
      <trkpt lat="37.50827229581773281097412109375" lon="127.0608931593596935272216796875">
        <ele>28</ele>
        <time>2026-09-10T10:13:25.000Z</time>
        <extensions>
          <ns3:TrackPointExtension>
            <ns3:hr>150</ns3:hr>
            <ns3:cad>83</ns3:cad>
          </ns3:TrackPointExtension>
        </extensions>
      </trkpt>
      <trkpt lat="37.5082903169095516204833984375" lon="127.0609255135059356689453125">
        <ele>28</ele>
        <time>2026-09-10T10:13:26.000Z</time>
        <extensions>
          <ns3:TrackPointExtension>
            <ns3:hr>150</ns3:hr>
            <ns3:cad>82</ns3:cad>
          </ns3:TrackPointExtension>
        </extensions>
      </trkpt>
      <trkpt lat="37.50830766744911670684814453125" lon="127.0609726198017597198486328125">
        <ele>28</ele>
        <time>2026-09-10T10:13:27.000Z</time>
        <extensions>
          <ns3:TrackPointExtension>
            <ns3:hr>150</ns3:hr>
            <ns3:cad>82</ns3:cad>
          </ns3:TrackPointExtension>
        </extensions>
      </trkpt>
      <trkpt lat="37.508317641913890838623046875" lon="127.06102048046886920928955078125">
        <ele>28</ele>
        <time>2026-09-10T10:13:28.000Z</time>
        <extensions>
          <ns3:TrackPointExtension>
            <ns3:hr>150</ns3:hr>
            <ns3:cad>82</ns3:cad>
          </ns3:TrackPointExtension>
        </extensions>
      </trkpt>
      <trkpt lat="37.50833381898701190948486328125" lon="127.06104956567287445068359375">
        <ele>28</ele>
        <time>2026-09-10T10:13:29.000Z</time>
        <extensions>
          <ns3:TrackPointExtension>
            <ns3:hr>149</ns3:hr>
            <ns3:cad>82</ns3:cad>
          </ns3:TrackPointExtension>
        </extensions>
      </trkpt>
      <trkpt lat="37.50835142098367214202880859375" lon="127.0610916428267955780029296875">
        <ele>27.799999237060546875</ele>
        <time>2026-09-10T10:13:30.000Z</time>
        <extensions>
          <ns3:TrackPointExtension>
            <ns3:hr>149</ns3:hr>
            <ns3:cad>82</ns3:cad>
          </ns3:TrackPointExtension>
        </extensions>
      </trkpt>
      <trkpt lat="37.50836960971355438232421875" lon="127.06112734973430633544921875">
        <ele>27.799999237060546875</ele>
        <time>2026-09-10T10:13:31.000Z</time>
        <extensions>
          <ns3:TrackPointExtension>
            <ns3:hr>149</ns3:hr>
            <ns3:cad>82</ns3:cad>
          </ns3:TrackPointExtension>
        </extensions>
      </trkpt>
      <trkpt lat="37.50838679261505603790283203125" lon="127.0611637271940708160400390625">
        <ele>27.799999237060546875</ele>
        <time>2026-09-10T10:13:32.000Z</time>
        <extensions>
          <ns3:TrackPointExtension>
            <ns3:hr>149</ns3:hr>
            <ns3:cad>0</ns3:cad>
          </ns3:TrackPointExtension>
        </extensions>
      </trkpt>
      <trkpt lat="37.5084016285836696624755859375" lon="127.06120756454765796661376953125">
        <ele>27.799999237060546875</ele>
        <time>2026-09-10T10:13:33.000Z</time>
        <extensions>
          <ns3:TrackPointExtension>
            <ns3:hr>150</ns3:hr>
            <ns3:cad>83</ns3:cad>
          </ns3:TrackPointExtension>
        </extensions>
      </trkpt>
      <trkpt lat="37.50841520726680755615234375" lon="127.06123790703713893890380859375">
        <ele>27.799999237060546875</ele>
        <time>2026-09-10T10:13:34.000Z</time>
        <extensions>
          <ns3:TrackPointExtension>
            <ns3:hr>150</ns3:hr>
            <ns3:cad>83</ns3:cad>
          </ns3:TrackPointExtension>
        </extensions>
      </trkpt>
      <trkpt lat="37.50843674875795841217041015625" lon="127.06128132529556751251220703125">
        <ele>27.799999237060546875</ele>
        <time>2026-09-10T10:13:35.000Z</time>
        <extensions>
          <ns3:TrackPointExtension>
            <ns3:hr>150</ns3:hr>
            <ns3:cad>83</ns3:cad>
          </ns3:TrackPointExtension>
        </extensions>
      </trkpt>
      <trkpt lat="37.50845233909785747528076171875" lon="127.0613159425556659698486328125">
        <ele>27.799999237060546875</ele>
        <time>2026-09-10T10:13:36.000Z</time>
        <extensions>
          <ns3:TrackPointExtension>
            <ns3:hr>151</ns3:hr>
            <ns3:cad>82</ns3:cad>
          </ns3:TrackPointExtension>
        </extensions>
      </trkpt>
      <trkpt lat="37.50846591778099536895751953125" lon="127.06134921871125698089599609375">
        <ele>28</ele>
        <time>2026-09-10T10:13:37.000Z</time>
        <extensions>
          <ns3:TrackPointExtension>
            <ns3:hr>151</ns3:hr>
            <ns3:cad>82</ns3:cad>
          </ns3:TrackPointExtension>
        </extensions>
      </trkpt>
      <trkpt lat="37.5084790773689746856689453125" lon="127.06138961948454380035400390625">
        <ele>28.200000762939453125</ele>
        <time>2026-09-10T10:13:38.000Z</time>
        <extensions>
          <ns3:TrackPointExtension>
            <ns3:hr>152</ns3:hr>
            <ns3:cad>82</ns3:cad>
          </ns3:TrackPointExtension>
        </extensions>
      </trkpt>
      <trkpt lat="37.50848251394927501678466796875" lon="127.06142348237335681915283203125">
        <ele>28.200000762939453125</ele>
        <time>2026-09-10T10:13:39.000Z</time>
        <extensions>
          <ns3:TrackPointExtension>
            <ns3:hr>152</ns3:hr>
            <ns3:cad>82</ns3:cad>
          </ns3:TrackPointExtension>
        </extensions>
      </trkpt>
      <trkpt lat="37.50849693082273006439208984375" lon="127.06146606244146823883056640625">
        <ele>28.200000762939453125</ele>
        <time>2026-09-10T10:13:40.000Z</time>
        <extensions>
          <ns3:TrackPointExtension>
            <ns3:hr>153</ns3:hr>
            <ns3:cad>82</ns3:cad>
          </ns3:TrackPointExtension>
        </extensions>
      </trkpt>
      <trkpt lat="37.50850363634526729583740234375" lon="127.061511911451816558837890625">
        <ele>28.200000762939453125</ele>
        <time>2026-09-10T10:13:41.000Z</time>
        <extensions>
          <ns3:TrackPointExtension>
            <ns3:hr>153</ns3:hr>
            <ns3:cad>83</ns3:cad>
          </ns3:TrackPointExtension>
        </extensions>
      </trkpt>
      <trkpt lat="37.5085112638771533966064453125" lon="127.06153504550457000732421875">
        <ele>28</ele>
        <time>2026-09-10T10:13:42.000Z</time>
        <extensions>
          <ns3:TrackPointExtension>
            <ns3:hr>153</ns3:hr>
            <ns3:cad>83</ns3:cad>
          </ns3:TrackPointExtension>
        </extensions>
      </trkpt>
      <trkpt lat="37.50852827914059162139892578125" lon="127.061579637229442596435546875">
        <ele>28</ele>
        <time>2026-09-10T10:13:43.000Z</time>
        <extensions>
          <ns3:TrackPointExtension>
            <ns3:hr>154</ns3:hr>
            <ns3:cad>83</ns3:cad>
          </ns3:TrackPointExtension>
        </extensions>
      </trkpt>
      <trkpt lat="37.50853733159601688385009765625" lon="127.06160956062376499176025390625">
        <ele>27.799999237060546875</ele>
        <time>2026-09-10T10:13:44.000Z</time>
        <extensions>
          <ns3:TrackPointExtension>
            <ns3:hr>154</ns3:hr>
            <ns3:cad>82</ns3:cad>
          </ns3:TrackPointExtension>
        </extensions>
      </trkpt>
      <trkpt lat="37.508544288575649261474609375" lon="127.06163872964680194854736328125">
        <ele>27.799999237060546875</ele>
        <time>2026-09-10T10:13:45.000Z</time>
        <extensions>
          <ns3:TrackPointExtension>
            <ns3:hr>154</ns3:hr>
            <ns3:cad>81</ns3:cad>
          </ns3:TrackPointExtension>
        </extensions>
      </trkpt>
      <trkpt lat="37.508553676307201385498046875" lon="127.0616867579519748687744140625">
        <ele>28</ele>
        <time>2026-09-10T10:13:46.000Z</time>
        <extensions>
          <ns3:TrackPointExtension>
            <ns3:hr>154</ns3:hr>
            <ns3:cad>81</ns3:cad>
          </ns3:TrackPointExtension>
        </extensions>
      </trkpt>
      <trkpt lat="37.50856566242873668670654296875" lon="127.06170595251023769378662109375">
        <ele>28</ele>
        <time>2026-09-10T10:13:47.000Z</time>
        <extensions>
          <ns3:TrackPointExtension>
            <ns3:hr>155</ns3:hr>
            <ns3:cad>81</ns3:cad>
          </ns3:TrackPointExtension>
        </extensions>
      </trkpt>
      <trkpt lat="37.5085810013115406036376953125" lon="127.06173093058168888092041015625">
        <ele>28</ele>
        <time>2026-09-10T10:13:48.000Z</time>
        <extensions>
          <ns3:TrackPointExtension>
            <ns3:hr>155</ns3:hr>
            <ns3:cad>81</ns3:cad>
          </ns3:TrackPointExtension>
        </extensions>
      </trkpt>
      <trkpt lat="37.5085843540728092193603515625" lon="127.06176035106182098388671875">
        <ele>28</ele>
        <time>2026-09-10T10:13:49.000Z</time>
        <extensions>
          <ns3:TrackPointExtension>
            <ns3:hr>155</ns3:hr>
            <ns3:cad>81</ns3:cad>
          </ns3:TrackPointExtension>
        </extensions>
      </trkpt>
      <trkpt lat="37.50858661718666553497314453125" lon="127.061785161495208740234375">
        <ele>28</ele>
        <time>2026-09-10T10:13:50.000Z</time>
        <extensions>
          <ns3:TrackPointExtension>
            <ns3:hr>155</ns3:hr>
            <ns3:cad>81</ns3:cad>
          </ns3:TrackPointExtension>
        </extensions>
      </trkpt>
      <trkpt lat="37.50859080813825130462646484375" lon="127.061836458742618560791015625">
        <ele>27.799999237060546875</ele>
        <time>2026-09-10T10:13:51.000Z</time>
        <extensions>
          <ns3:TrackPointExtension>
            <ns3:hr>155</ns3:hr>
            <ns3:cad>81</ns3:cad>
          </ns3:TrackPointExtension>
        </extensions>
      </trkpt>
      <trkpt lat="37.5086027942597866058349609375" lon="127.0618776977062225341796875">
        <ele>27.6000003814697265625</ele>
        <time>2026-09-10T10:13:52.000Z</time>
        <extensions>
          <ns3:TrackPointExtension>
            <ns3:hr>155</ns3:hr>
            <ns3:cad>81</ns3:cad>
          </ns3:TrackPointExtension>
        </extensions>
      </trkpt>
      <trkpt lat="37.5086103379726409912109375" lon="127.06191265024244785308837890625">
        <ele>27.799999237060546875</ele>
        <time>2026-09-10T10:13:53.000Z</time>
        <extensions>
          <ns3:TrackPointExtension>
            <ns3:hr>155</ns3:hr>
            <ns3:cad>81</ns3:cad>
          </ns3:TrackPointExtension>
        </extensions>
      </trkpt>
      <trkpt lat="37.50861444510519504547119140625" lon="127.06194550730288028717041015625">
        <ele>27.799999237060546875</ele>
        <time>2026-09-10T10:13:54.000Z</time>
        <extensions>
          <ns3:TrackPointExtension>
            <ns3:hr>155</ns3:hr>
            <ns3:cad>81</ns3:cad>
          </ns3:TrackPointExtension>
        </extensions>
      </trkpt>
      <trkpt lat="37.50862567685544490814208984375" lon="127.061969898641109466552734375">
        <ele>27.799999237060546875</ele>
        <time>2026-09-10T10:13:55.000Z</time>
        <extensions>
          <ns3:TrackPointExtension>
            <ns3:hr>155</ns3:hr>
            <ns3:cad>81</ns3:cad>
          </ns3:TrackPointExtension>
        </extensions>
      </trkpt>
      <trkpt lat="37.50862366519868373870849609375" lon="127.06200770102441310882568359375">
        <ele>27.799999237060546875</ele>
        <time>2026-09-10T10:13:56.000Z</time>
        <extensions>
          <ns3:TrackPointExtension>
            <ns3:hr>155</ns3:hr>
            <ns3:cad>81</ns3:cad>
          </ns3:TrackPointExtension>
        </extensions>
      </trkpt>
      <trkpt lat="37.508605979382991790771484375" lon="127.06205899827182292938232421875">
        <ele>27.799999237060546875</ele>
        <time>2026-09-10T10:13:57.000Z</time>
        <extensions>
          <ns3:TrackPointExtension>
            <ns3:hr>155</ns3:hr>
            <ns3:cad>81</ns3:cad>
          </ns3:TrackPointExtension>
        </extensions>
      </trkpt>
      <trkpt lat="37.5086024589836597442626953125" lon="127.0620934478938579559326171875">
        <ele>27.799999237060546875</ele>
        <time>2026-09-10T10:13:58.000Z</time>
        <extensions>
          <ns3:TrackPointExtension>
            <ns3:hr>155</ns3:hr>
            <ns3:cad>81</ns3:cad>
          </ns3:TrackPointExtension>
        </extensions>
      </trkpt>
      <trkpt lat="37.50858712010085582733154296875" lon="127.06213653087615966796875">
        <ele>27.799999237060546875</ele>
        <time>2026-09-10T10:13:59.000Z</time>
        <extensions>
          <ns3:TrackPointExtension>
            <ns3:hr>156</ns3:hr>
            <ns3:cad>82</ns3:cad>
          </ns3:TrackPointExtension>
        </extensions>
      </trkpt>
      <trkpt lat="37.50858074985444545745849609375" lon="127.06217852421104907989501953125">
        <ele>28</ele>
        <time>2026-09-10T10:14:00.000Z</time>
        <extensions>
          <ns3:TrackPointExtension>
            <ns3:hr>156</ns3:hr>
            <ns3:cad>82</ns3:cad>
          </ns3:TrackPointExtension>
        </extensions>
      </trkpt>
      <trkpt lat="37.50856985338032245635986328125" lon="127.06221758387982845306396484375">
        <ele>28.200000762939453125</ele>
        <time>2026-09-10T10:14:01.000Z</time>
        <extensions>
          <ns3:TrackPointExtension>
            <ns3:hr>156</ns3:hr>
            <ns3:cad>82</ns3:cad>
          </ns3:TrackPointExtension>
        </extensions>
      </trkpt>
      <trkpt lat="37.50854529440402984619140625" lon="127.06227131187915802001953125">
        <ele>28.3999996185302734375</ele>
        <time>2026-09-10T10:14:02.000Z</time>
        <extensions>
          <ns3:TrackPointExtension>
            <ns3:hr>156</ns3:hr>
            <ns3:cad>83</ns3:cad>
          </ns3:TrackPointExtension>
        </extensions>
      </trkpt>
      <trkpt lat="37.50853129662573337554931640625" lon="127.0623100362718105316162109375">
        <ele>28.3999996185302734375</ele>
        <time>2026-09-10T10:14:03.000Z</time>
        <extensions>
          <ns3:TrackPointExtension>
            <ns3:hr>156</ns3:hr>
            <ns3:cad>81</ns3:cad>
          </ns3:TrackPointExtension>
        </extensions>
      </trkpt>
      <trkpt lat="37.5085166282951831817626953125" lon="127.06234817393124103546142578125">
        <ele>28.6000003814697265625</ele>
        <time>2026-09-10T10:14:04.000Z</time>
        <extensions>
          <ns3:TrackPointExtension>
            <ns3:hr>156</ns3:hr>
            <ns3:cad>81</ns3:cad>
          </ns3:TrackPointExtension>
        </extensions>
      </trkpt>
      <trkpt lat="37.5084968470036983489990234375" lon="127.06239578314125537872314453125">
        <ele>28.799999237060546875</ele>
        <time>2026-09-10T10:14:05.000Z</time>
        <extensions>
          <ns3:TrackPointExtension>
            <ns3:hr>156</ns3:hr>
            <ns3:cad>81</ns3:cad>
          </ns3:TrackPointExtension>
        </extensions>
      </trkpt>
      <trkpt lat="37.50847865827381610870361328125" lon="127.06242428161203861236572265625">
        <ele>29.200000762939453125</ele>
        <time>2026-09-10T10:14:06.000Z</time>
        <extensions>
          <ns3:TrackPointExtension>
            <ns3:hr>157</ns3:hr>
            <ns3:cad>82</ns3:cad>
          </ns3:TrackPointExtension>
        </extensions>
      </trkpt>
      <trkpt lat="37.50846348702907562255859375" lon="127.06246501766145229339599609375">
        <ele>29.3999996185302734375</ele>
        <time>2026-09-10T10:14:07.000Z</time>
        <extensions>
          <ns3:TrackPointExtension>
            <ns3:hr>157</ns3:hr>
            <ns3:cad>82</ns3:cad>
          </ns3:TrackPointExtension>
        </extensions>
      </trkpt>
      <trkpt lat="37.50842618755996227264404296875" lon="127.0625065080821514129638671875">
        <ele>29.3999996185302734375</ele>
        <time>2026-09-10T10:14:08.000Z</time>
        <extensions>
          <ns3:TrackPointExtension>
            <ns3:hr>157</ns3:hr>
            <ns3:cad>82</ns3:cad>
          </ns3:TrackPointExtension>
        </extensions>
      </trkpt>
      <trkpt lat="37.5084011256694793701171875" lon="127.06253743730485439300537109375">
        <ele>29.6000003814697265625</ele>
        <time>2026-09-10T10:14:09.000Z</time>
        <extensions>
          <ns3:TrackPointExtension>
            <ns3:hr>158</ns3:hr>
            <ns3:cad>82</ns3:cad>
          </ns3:TrackPointExtension>
        </extensions>
      </trkpt>
      <trkpt lat="37.5083744712173938751220703125" lon="127.0625899918377399444580078125">
        <ele>29.6000003814697265625</ele>
        <time>2026-09-10T10:14:10.000Z</time>
        <extensions>
          <ns3:TrackPointExtension>
            <ns3:hr>158</ns3:hr>
            <ns3:cad>82</ns3:cad>
          </ns3:TrackPointExtension>
        </extensions>
      </trkpt>
      <trkpt lat="37.50835812650620937347412109375" lon="127.06262611784040927886962890625">
        <ele>29.6000003814697265625</ele>
        <time>2026-09-10T10:14:11.000Z</time>
        <extensions>
          <ns3:TrackPointExtension>
            <ns3:hr>158</ns3:hr>
            <ns3:cad>82</ns3:cad>
          </ns3:TrackPointExtension>
        </extensions>
      </trkpt>
      <trkpt lat="37.5083382613956928253173828125" lon="127.06265947781503200531005859375">
        <ele>29.6000003814697265625</ele>
        <time>2026-09-10T10:14:12.000Z</time>
        <extensions>
          <ns3:TrackPointExtension>
            <ns3:hr>158</ns3:hr>
            <ns3:cad>82</ns3:cad>
          </ns3:TrackPointExtension>
        </extensions>
      </trkpt>
      <trkpt lat="37.50832426361739635467529296875" lon="127.06270582973957061767578125">
        <ele>29.799999237060546875</ele>
        <time>2026-09-10T10:14:13.000Z</time>
        <extensions>
          <ns3:TrackPointExtension>
            <ns3:hr>158</ns3:hr>
            <ns3:cad>82</ns3:cad>
          </ns3:TrackPointExtension>
        </extensions>
      </trkpt>
      <trkpt lat="37.50830833800137042999267578125" lon="127.062741033732891082763671875">
        <ele>30</ele>
        <time>2026-09-10T10:14:14.000Z</time>
        <extensions>
          <ns3:TrackPointExtension>
            <ns3:hr>159</ns3:hr>
            <ns3:cad>82</ns3:cad>
          </ns3:TrackPointExtension>
        </extensions>
      </trkpt>
      <trkpt lat="37.50828872434794902801513671875" lon="127.06279660575091838836669921875">
        <ele>30</ele>
        <time>2026-09-10T10:14:15.000Z</time>
        <extensions>
          <ns3:TrackPointExtension>
            <ns3:hr>159</ns3:hr>
            <ns3:cad>82</ns3:cad>
          </ns3:TrackPointExtension>
        </extensions>
      </trkpt>
      <trkpt lat="37.5082742236554622650146484375" lon="127.062841951847076416015625">
        <ele>30.200000762939453125</ele>
        <time>2026-09-10T10:14:16.000Z</time>
        <extensions>
          <ns3:TrackPointExtension>
            <ns3:hr>159</ns3:hr>
            <ns3:cad>82</ns3:cad>
          </ns3:TrackPointExtension>
        </extensions>
      </trkpt>
      <trkpt lat="37.50827581621706485748291015625" lon="127.06287137232720851898193359375">
        <ele>30.200000762939453125</ele>
        <time>2026-09-10T10:14:17.000Z</time>
        <extensions>
          <ns3:TrackPointExtension>
            <ns3:hr>159</ns3:hr>
            <ns3:cad>82</ns3:cad>
          </ns3:TrackPointExtension>
        </extensions>
      </trkpt>
      <trkpt lat="37.5082755647599697113037109375" lon="127.06289651803672313690185546875">
        <ele>30.200000762939453125</ele>
        <time>2026-09-10T10:14:18.000Z</time>
        <extensions>
          <ns3:TrackPointExtension>
            <ns3:hr>160</ns3:hr>
            <ns3:cad>82</ns3:cad>
          </ns3:TrackPointExtension>
        </extensions>
      </trkpt>
      <trkpt lat="37.50828486867249011993408203125" lon="127.06290825270116329193115234375">
        <ele>30.3999996185302734375</ele>
        <time>2026-09-10T10:14:19.000Z</time>
        <extensions>
          <ns3:TrackPointExtension>
            <ns3:hr>160</ns3:hr>
            <ns3:cad>82</ns3:cad>
          </ns3:TrackPointExtension>
        </extensions>
      </trkpt>
      <trkpt lat="37.50828486867249011993408203125" lon="127.062921412289142608642578125">
        <ele>30.3999996185302734375</ele>
        <time>2026-09-10T10:14:20.000Z</time>
        <extensions>
          <ns3:TrackPointExtension>
            <ns3:hr>160</ns3:hr>
            <ns3:cad>81</ns3:cad>
          </ns3:TrackPointExtension>
        </extensions>
      </trkpt>
      <trkpt lat="37.5082852877676486968994140625" lon="127.0629138685762882232666015625">
        <ele>30.3999996185302734375</ele>
        <time>2026-09-10T10:14:21.000Z</time>
        <extensions>
          <ns3:TrackPointExtension>
            <ns3:hr>161</ns3:hr>
            <ns3:cad>81</ns3:cad>
          </ns3:TrackPointExtension>
        </extensions>
      </trkpt>
      <trkpt lat="37.5083027221262454986572265625" lon="127.0629023015499114990234375">
        <ele>30.3999996185302734375</ele>
        <time>2026-09-10T10:14:22.000Z</time>
        <extensions>
          <ns3:TrackPointExtension>
            <ns3:hr>161</ns3:hr>
            <ns3:cad>81</ns3:cad>
          </ns3:TrackPointExtension>
        </extensions>
      </trkpt>
      <trkpt lat="37.50831353478133678436279296875" lon="127.06289635039865970611572265625">
        <ele>30.3999996185302734375</ele>
        <time>2026-09-10T10:14:23.000Z</time>
        <extensions>
          <ns3:TrackPointExtension>
            <ns3:hr>160</ns3:hr>
            <ns3:cad>79</ns3:cad>
          </ns3:TrackPointExtension>
        </extensions>
      </trkpt>
      <trkpt lat="37.50833180733025074005126953125" lon="127.062890566885471343994140625">
        <ele>30.200000762939453125</ele>
        <time>2026-09-10T10:14:24.000Z</time>
        <extensions>
          <ns3:TrackPointExtension>
            <ns3:hr>160</ns3:hr>
            <ns3:cad>79</ns3:cad>
          </ns3:TrackPointExtension>
        </extensions>
      </trkpt>
      <trkpt lat="37.50834337435662746429443359375" lon="127.06288226880133152008056640625">
        <ele>29.799999237060546875</ele>
        <time>2026-09-10T10:14:25.000Z</time>
        <extensions>
          <ns3:TrackPointExtension>
            <ns3:hr>160</ns3:hr>
            <ns3:cad>79</ns3:cad>
          </ns3:TrackPointExtension>
        </extensions>
      </trkpt>
      <trkpt lat="37.50835762359201908111572265625" lon="127.06287539564073085784912109375">
        <ele>29.3999996185302734375</ele>
        <time>2026-09-10T10:14:26.000Z</time>
        <extensions>
          <ns3:TrackPointExtension>
            <ns3:hr>160</ns3:hr>
            <ns3:cad>79</ns3:cad>
          </ns3:TrackPointExtension>
        </extensions>
      </trkpt>
      <trkpt lat="37.508290819823741912841796875" lon="127.06290590576827526092529296875">
        <ele>29</ele>
        <time>2026-09-10T10:14:41.000Z</time>
        <extensions>
          <ns3:TrackPointExtension>
            <ns3:hr>152</ns3:hr>
            <ns3:cad>0</ns3:cad>
          </ns3:TrackPointExtension>
        </extensions>
      </trkpt>
      <trkpt lat="37.50829090364277362823486328125" lon="127.062912024557590484619140625">
        <ele>29</ele>
        <time>2026-09-10T10:14:42.000Z</time>
        <extensions>
          <ns3:TrackPointExtension>
            <ns3:hr>151</ns3:hr>
            <ns3:cad>0</ns3:cad>
          </ns3:TrackPointExtension>
        </extensions>
      </trkpt>
      <trkpt lat="37.50830364413559436798095703125" lon="127.06293742172420024871826171875">
        <ele>29</ele>
        <time>2026-09-10T10:14:43.000Z</time>
        <extensions>
          <ns3:TrackPointExtension>
            <ns3:hr>151</ns3:hr>
            <ns3:cad>0</ns3:cad>
          </ns3:TrackPointExtension>
        </extensions>
      </trkpt>
      <trkpt lat="37.5083225034177303314208984375" lon="127.0629747211933135986328125">
        <ele>28.799999237060546875</ele>
        <time>2026-09-10T10:14:44.000Z</time>
        <extensions>
          <ns3:TrackPointExtension>
            <ns3:hr>150</ns3:hr>
            <ns3:cad>0</ns3:cad>
          </ns3:TrackPointExtension>
        </extensions>
      </trkpt>
      <trkpt lat="37.50834337435662746429443359375" lon="127.06300933845341205596923828125">
        <ele>28.6000003814697265625</ele>
        <time>2026-09-10T10:14:45.000Z</time>
        <extensions>
          <ns3:TrackPointExtension>
            <ns3:hr>150</ns3:hr>
            <ns3:cad>0</ns3:cad>
          </ns3:TrackPointExtension>
        </extensions>
      </trkpt>
      <trkpt lat="37.5083649158477783203125" lon="127.06302501261234283447265625">
        <ele>28.6000003814697265625</ele>
        <time>2026-09-10T10:14:46.000Z</time>
        <extensions>
          <ns3:TrackPointExtension>
            <ns3:hr>150</ns3:hr>
            <ns3:cad>0</ns3:cad>
          </ns3:TrackPointExtension>
        </extensions>
      </trkpt>
      <trkpt lat="37.50839400105178356170654296875" lon="127.06307371146976947784423828125">
        <ele>28.6000003814697265625</ele>
        <time>2026-09-10T10:14:47.000Z</time>
        <extensions>
          <ns3:TrackPointExtension>
            <ns3:hr>150</ns3:hr>
            <ns3:cad>86</ns3:cad>
          </ns3:TrackPointExtension>
        </extensions>
      </trkpt>
      <trkpt lat="37.5084204040467739105224609375" lon="127.0631126873195171356201171875">
        <ele>28.799999237060546875</ele>
        <time>2026-09-10T10:14:48.000Z</time>
        <extensions>
          <ns3:TrackPointExtension>
            <ns3:hr>150</ns3:hr>
            <ns3:cad>86</ns3:cad>
          </ns3:TrackPointExtension>
        </extensions>
      </trkpt>
      <trkpt lat="37.5084539316594600677490234375" lon="127.0631559379398822784423828125">
        <ele>29</ele>
        <time>2026-09-10T10:14:49.000Z</time>
        <extensions>
          <ns3:TrackPointExtension>
            <ns3:hr>151</ns3:hr>
            <ns3:cad>86</ns3:cad>
          </ns3:TrackPointExtension>
        </extensions>
      </trkpt>
      <trkpt lat="37.50848368741571903228759765625" lon="127.06319960765540599822998046875">
        <ele>28.799999237060546875</ele>
        <time>2026-09-10T10:14:50.000Z</time>
        <extensions>
          <ns3:TrackPointExtension>
            <ns3:hr>151</ns3:hr>
            <ns3:cad>86</ns3:cad>
          </ns3:TrackPointExtension>
        </extensions>
      </trkpt>
      <trkpt lat="37.50850313343107700347900390625" lon="127.063232548534870147705078125">
        <ele>28.799999237060546875</ele>
        <time>2026-09-10T10:14:51.000Z</time>
        <extensions>
          <ns3:TrackPointExtension>
            <ns3:hr>152</ns3:hr>
            <ns3:cad>86</ns3:cad>
          </ns3:TrackPointExtension>
        </extensions>
      </trkpt>
      <trkpt lat="37.50853917561471462249755859375" lon="127.06327856518328189849853515625">
        <ele>28.799999237060546875</ele>
        <time>2026-09-10T10:14:52.000Z</time>
        <extensions>
          <ns3:TrackPointExtension>
            <ns3:hr>154</ns3:hr>
            <ns3:cad>82</ns3:cad>
          </ns3:TrackPointExtension>
        </extensions>
      </trkpt>
      <trkpt lat="37.5085508264601230621337890625" lon="127.06331561319530010223388671875">
        <ele>28.6000003814697265625</ele>
        <time>2026-09-10T10:14:53.000Z</time>
        <extensions>
          <ns3:TrackPointExtension>
            <ns3:hr>155</ns3:hr>
            <ns3:cad>82</ns3:cad>
          </ns3:TrackPointExtension>
        </extensions>
      </trkpt>
      <trkpt lat="37.50856867991387844085693359375" lon="127.06334863789379596710205078125">
        <ele>28.6000003814697265625</ele>
        <time>2026-09-10T10:14:54.000Z</time>
        <extensions>
          <ns3:TrackPointExtension>
            <ns3:hr>156</ns3:hr>
            <ns3:cad>82</ns3:cad>
          </ns3:TrackPointExtension>
        </extensions>
      </trkpt>
      <trkpt lat="37.50858460552990436553955078125" lon="127.06339825876057147979736328125">
        <ele>28.799999237060546875</ele>
        <time>2026-09-10T10:14:55.000Z</time>
        <extensions>
          <ns3:TrackPointExtension>
            <ns3:hr>156</ns3:hr>
            <ns3:cad>82</ns3:cad>
          </ns3:TrackPointExtension>
        </extensions>
      </trkpt>
      <trkpt lat="37.508595250546932220458984375" lon="127.06343270838260650634765625">
        <ele>28.799999237060546875</ele>
        <time>2026-09-10T10:14:56.000Z</time>
        <extensions>
          <ns3:TrackPointExtension>
            <ns3:hr>156</ns3:hr>
            <ns3:cad>82</ns3:cad>
          </ns3:TrackPointExtension>
        </extensions>
      </trkpt>
      <trkpt lat="37.508604638278484344482421875" lon="127.0634829998016357421875">
        <ele>28.799999237060546875</ele>
        <time>2026-09-10T10:14:57.000Z</time>
        <extensions>
          <ns3:TrackPointExtension>
            <ns3:hr>157</ns3:hr>
            <ns3:cad>82</ns3:cad>
          </ns3:TrackPointExtension>
        </extensions>
      </trkpt>
      <trkpt lat="37.50860623084008693695068359375" lon="127.06352901645004749298095703125">
        <ele>28.6000003814697265625</ele>
        <time>2026-09-10T10:14:58.000Z</time>
        <extensions>
          <ns3:TrackPointExtension>
            <ns3:hr>157</ns3:hr>
            <ns3:cad>82</ns3:cad>
          </ns3:TrackPointExtension>
        </extensions>
      </trkpt>
      <trkpt lat="37.50861109234392642974853515625" lon="127.06356924958527088165283203125">
        <ele>28.6000003814697265625</ele>
        <time>2026-09-10T10:14:59.000Z</time>
        <extensions>
          <ns3:TrackPointExtension>
            <ns3:hr>157</ns3:hr>
            <ns3:cad>82</ns3:cad>
          </ns3:TrackPointExtension>
        </extensions>
      </trkpt>
      <trkpt lat="37.50860908068716526031494140625" lon="127.063623480498790740966796875">
        <ele>28.3999996185302734375</ele>
        <time>2026-09-10T10:15:00.000Z</time>
        <extensions>
          <ns3:TrackPointExtension>
            <ns3:hr>157</ns3:hr>
            <ns3:cad>82</ns3:cad>
          </ns3:TrackPointExtension>
        </extensions>
      </trkpt>
      <trkpt lat="37.50860991887748241424560546875" lon="127.06366865895688533782958984375">
        <ele>28.3999996185302734375</ele>
        <time>2026-09-10T10:15:01.000Z</time>
        <extensions>
          <ns3:TrackPointExtension>
            <ns3:hr>157</ns3:hr>
            <ns3:cad>83</ns3:cad>
          </ns3:TrackPointExtension>
        </extensions>
      </trkpt>
      <trkpt lat="37.5086108408868312835693359375" lon="127.06372079439461231231689453125">
        <ele>28.3999996185302734375</ele>
        <time>2026-09-10T10:15:02.000Z</time>
        <extensions>
          <ns3:TrackPointExtension>
            <ns3:hr>157</ns3:hr>
            <ns3:cad>83</ns3:cad>
          </ns3:TrackPointExtension>
        </extensions>
      </trkpt>
      <trkpt lat="37.50860924832522869110107421875" lon="127.0637637935578823089599609375">
        <ele>28.3999996185302734375</ele>
        <time>2026-09-10T10:15:03.000Z</time>
        <extensions>
          <ns3:TrackPointExtension>
            <ns3:hr>157</ns3:hr>
            <ns3:cad>83</ns3:cad>
          </ns3:TrackPointExtension>
        </extensions>
      </trkpt>
      <trkpt lat="37.50858527608215808868408203125" lon="127.0638023503124713897705078125">
        <ele>28.6000003814697265625</ele>
        <time>2026-09-10T10:15:04.000Z</time>
        <extensions>
          <ns3:TrackPointExtension>
            <ns3:hr>158</ns3:hr>
            <ns3:cad>83</ns3:cad>
          </ns3:TrackPointExtension>
        </extensions>
      </trkpt>
      <trkpt lat="37.50857136212289333343505859375" lon="127.06384032033383846282958984375">
        <ele>28.6000003814697265625</ele>
        <time>2026-09-10T10:15:05.000Z</time>
        <extensions>
          <ns3:TrackPointExtension>
            <ns3:hr>158</ns3:hr>
            <ns3:cad>82</ns3:cad>
          </ns3:TrackPointExtension>
        </extensions>
      </trkpt>
      <trkpt lat="37.50854772515594959259033203125" lon="127.06387988291680812835693359375">
        <ele>28.6000003814697265625</ele>
        <time>2026-09-10T10:15:06.000Z</time>
        <extensions>
          <ns3:TrackPointExtension>
            <ns3:hr>158</ns3:hr>
            <ns3:cad>82</ns3:cad>
          </ns3:TrackPointExtension>
        </extensions>
      </trkpt>
      <trkpt lat="37.50853666104376316070556640625" lon="127.06390838138759136199951171875">
        <ele>28.6000003814697265625</ele>
        <time>2026-09-10T10:15:07.000Z</time>
        <extensions>
          <ns3:TrackPointExtension>
            <ns3:hr>158</ns3:hr>
            <ns3:cad>83</ns3:cad>
          </ns3:TrackPointExtension>
        </extensions>
      </trkpt>
      <trkpt lat="37.50852509401738643646240234375" lon="127.0639411546289920806884765625">
        <ele>29</ele>
        <time>2026-09-10T10:15:08.000Z</time>
        <extensions>
          <ns3:TrackPointExtension>
            <ns3:hr>158</ns3:hr>
            <ns3:cad>83</ns3:cad>
          </ns3:TrackPointExtension>
        </extensions>
      </trkpt>
      <trkpt lat="37.5085320509970188140869140625" lon="127.063946016132831573486328125">
        <ele>29.200000762939453125</ele>
        <time>2026-09-10T10:15:09.000Z</time>
        <extensions>
          <ns3:TrackPointExtension>
            <ns3:hr>159</ns3:hr>
            <ns3:cad>83</ns3:cad>
          </ns3:TrackPointExtension>
        </extensions>
      </trkpt>
      <trkpt lat="37.50854403711855411529541015625" lon="127.06394727341830730438232421875">
        <ele>29.6000003814697265625</ele>
        <time>2026-09-10T10:15:10.000Z</time>
        <extensions>
          <ns3:TrackPointExtension>
            <ns3:hr>159</ns3:hr>
            <ns3:cad>83</ns3:cad>
          </ns3:TrackPointExtension>
        </extensions>
      </trkpt>
      <trkpt lat="37.50855811871588230133056640625" lon="127.0639793761074542999267578125">
        <ele>29.6000003814697265625</ele>
        <time>2026-09-10T10:15:11.000Z</time>
        <extensions>
          <ns3:TrackPointExtension>
            <ns3:hr>159</ns3:hr>
            <ns3:cad>82</ns3:cad>
          </ns3:TrackPointExtension>
        </extensions>
      </trkpt>
      <trkpt lat="37.508581839501857757568359375" lon="127.06399488262832164764404296875">
        <ele>29.6000003814697265625</ele>
        <time>2026-09-10T10:15:12.000Z</time>
        <extensions>
          <ns3:TrackPointExtension>
            <ns3:hr>160</ns3:hr>
            <ns3:cad>82</ns3:cad>
          </ns3:TrackPointExtension>
        </extensions>
      </trkpt>
      <trkpt lat="37.50861997716128826141357421875" lon="127.06400812603533267974853515625">
        <ele>29.6000003814697265625</ele>
        <time>2026-09-10T10:15:13.000Z</time>
        <extensions>
          <ns3:TrackPointExtension>
            <ns3:hr>160</ns3:hr>
            <ns3:cad>82</ns3:cad>
          </ns3:TrackPointExtension>
        </extensions>
      </trkpt>
      <trkpt lat="37.50865928828716278076171875" lon="127.06403830088675022125244140625">
        <ele>29.3999996185302734375</ele>
        <time>2026-09-10T10:15:14.000Z</time>
        <extensions>
          <ns3:TrackPointExtension>
            <ns3:hr>160</ns3:hr>
            <ns3:cad>82</ns3:cad>
          </ns3:TrackPointExtension>
        </extensions>
      </trkpt>
      <trkpt lat="37.50868803821504116058349609375" lon="127.06404559314250946044921875">
        <ele>29.3999996185302734375</ele>
        <time>2026-09-10T10:15:15.000Z</time>
        <extensions>
          <ns3:TrackPointExtension>
            <ns3:hr>160</ns3:hr>
            <ns3:cad>82</ns3:cad>
          </ns3:TrackPointExtension>
        </extensions>
      </trkpt>
      <trkpt lat="37.508724667131900787353515625" lon="127.06404961645603179931640625">
        <ele>29.200000762939453125</ele>
        <time>2026-09-10T10:15:16.000Z</time>
        <extensions>
          <ns3:TrackPointExtension>
            <ns3:hr>160</ns3:hr>
            <ns3:cad>82</ns3:cad>
          </ns3:TrackPointExtension>
        </extensions>
      </trkpt>
      <trkpt lat="37.50876917503774166107177734375" lon="127.06406394951045513153076171875">
        <ele>29</ele>
        <time>2026-09-10T10:15:17.000Z</time>
        <extensions>
          <ns3:TrackPointExtension>
            <ns3:hr>160</ns3:hr>
            <ns3:cad>82</ns3:cad>
          </ns3:TrackPointExtension>
        </extensions>
      </trkpt>
      <trkpt lat="37.508804798126220703125" lon="127.06407635472714900970458984375">
        <ele>28.799999237060546875</ele>
        <time>2026-09-10T10:15:18.000Z</time>
        <extensions>
          <ns3:TrackPointExtension>
            <ns3:hr>160</ns3:hr>
            <ns3:cad>82</ns3:cad>
          </ns3:TrackPointExtension>
        </extensions>
      </trkpt>
      <trkpt lat="37.50883539207279682159423828125" lon="127.06410284154117107391357421875">
        <ele>28.6000003814697265625</ele>
        <time>2026-09-10T10:15:19.000Z</time>
        <extensions>
          <ns3:TrackPointExtension>
            <ns3:hr>161</ns3:hr>
            <ns3:cad>82</ns3:cad>
          </ns3:TrackPointExtension>
        </extensions>
      </trkpt>
      <trkpt lat="37.50886372290551662445068359375" lon="127.06411541439592838287353515625">
        <ele>28.200000762939453125</ele>
        <time>2026-09-10T10:15:20.000Z</time>
        <extensions>
          <ns3:TrackPointExtension>
            <ns3:hr>162</ns3:hr>
            <ns3:cad>82</ns3:cad>
          </ns3:TrackPointExtension>
        </extensions>
      </trkpt>
      <trkpt lat="37.5088941492140293121337890625" lon="127.0641441643238067626953125">
        <ele>28.200000762939453125</ele>
        <time>2026-09-10T10:15:21.000Z</time>
        <extensions>
          <ns3:TrackPointExtension>
            <ns3:hr>162</ns3:hr>
            <ns3:cad>82</ns3:cad>
          </ns3:TrackPointExtension>
        </extensions>
      </trkpt>
      <trkpt lat="37.50890747644007205963134765625" lon="127.0641855709254741668701171875">
        <ele>28</ele>
        <time>2026-09-10T10:15:22.000Z</time>
        <extensions>
          <ns3:TrackPointExtension>
            <ns3:hr>163</ns3:hr>
            <ns3:cad>82</ns3:cad>
          </ns3:TrackPointExtension>
        </extensions>
      </trkpt>
      <trkpt lat="37.5089196301996707916259765625" lon="127.0642164163291454315185546875">
        <ele>28</ele>
        <time>2026-09-10T10:15:23.000Z</time>
        <extensions>
          <ns3:TrackPointExtension>
            <ns3:hr>163</ns3:hr>
            <ns3:cad>82</ns3:cad>
          </ns3:TrackPointExtension>
        </extensions>
      </trkpt>
      <trkpt lat="37.5089320354163646697998046875" lon="127.0642643608152866363525390625">
        <ele>28</ele>
        <time>2026-09-10T10:15:24.000Z</time>
        <extensions>
          <ns3:TrackPointExtension>
            <ns3:hr>164</ns3:hr>
            <ns3:cad>82</ns3:cad>
          </ns3:TrackPointExtension>
        </extensions>
      </trkpt>
      <trkpt lat="37.50894636847078800201416015625" lon="127.0642982237040996551513671875">
        <ele>28</ele>
        <time>2026-09-10T10:15:25.000Z</time>
        <extensions>
          <ns3:TrackPointExtension>
            <ns3:hr>164</ns3:hr>
            <ns3:cad>83</ns3:cad>
          </ns3:TrackPointExtension>
        </extensions>
      </trkpt>
      <trkpt lat="37.50897034071385860443115234375" lon="127.064339630305767059326171875">
        <ele>28.200000762939453125</ele>
        <time>2026-09-10T10:15:26.000Z</time>
        <extensions>
          <ns3:TrackPointExtension>
            <ns3:hr>164</ns3:hr>
            <ns3:cad>83</ns3:cad>
          </ns3:TrackPointExtension>
        </extensions>
      </trkpt>
      <trkpt lat="37.50898190774023532867431640625" lon="127.06438598223030567169189453125">
        <ele>28.200000762939453125</ele>
        <time>2026-09-10T10:15:27.000Z</time>
        <extensions>
          <ns3:TrackPointExtension>
            <ns3:hr>164</ns3:hr>
            <ns3:cad>83</ns3:cad>
          </ns3:TrackPointExtension>
        </extensions>
      </trkpt>
      <trkpt lat="37.508994229137897491455078125" lon="127.0644271373748779296875">
        <ele>28.200000762939453125</ele>
        <time>2026-09-10T10:15:28.000Z</time>
        <extensions>
          <ns3:TrackPointExtension>
            <ns3:hr>164</ns3:hr>
            <ns3:cad>83</ns3:cad>
          </ns3:TrackPointExtension>
        </extensions>
      </trkpt>
      <trkpt lat="37.5090111605823040008544921875" lon="127.06446879543364048004150390625">
        <ele>28.200000762939453125</ele>
        <time>2026-09-10T10:15:29.000Z</time>
        <extensions>
          <ns3:TrackPointExtension>
            <ns3:hr>164</ns3:hr>
            <ns3:cad>83</ns3:cad>
          </ns3:TrackPointExtension>
        </extensions>
      </trkpt>
      <trkpt lat="37.509031780064105987548828125" lon="127.0645107887685298919677734375">
        <ele>28.200000762939453125</ele>
        <time>2026-09-10T10:15:30.000Z</time>
        <extensions>
          <ns3:TrackPointExtension>
            <ns3:hr>164</ns3:hr>
            <ns3:cad>83</ns3:cad>
          </ns3:TrackPointExtension>
        </extensions>
      </trkpt>
      <trkpt lat="37.509062290191650390625" lon="127.06455144099891185760498046875">
        <ele>28.200000762939453125</ele>
        <time>2026-09-10T10:15:31.000Z</time>
        <extensions>
          <ns3:TrackPointExtension>
            <ns3:hr>165</ns3:hr>
            <ns3:cad>83</ns3:cad>
          </ns3:TrackPointExtension>
        </extensions>
      </trkpt>
      <trkpt lat="37.509084083139896392822265625" lon="127.06459921784698963165283203125">
        <ele>28.200000762939453125</ele>
        <time>2026-09-10T10:15:32.000Z</time>
        <extensions>
          <ns3:TrackPointExtension>
            <ns3:hr>164</ns3:hr>
            <ns3:cad>83</ns3:cad>
          </ns3:TrackPointExtension>
        </extensions>
      </trkpt>
      <trkpt lat="37.50909925438463687896728515625" lon="127.06463039852678775787353515625">
        <ele>28.200000762939453125</ele>
        <time>2026-09-10T10:15:33.000Z</time>
        <extensions>
          <ns3:TrackPointExtension>
            <ns3:hr>164</ns3:hr>
            <ns3:cad>83</ns3:cad>
          </ns3:TrackPointExtension>
        </extensions>
      </trkpt>
      <trkpt lat="37.5091308541595935821533203125" lon="127.0646645128726959228515625">
        <ele>28</ele>
        <time>2026-09-10T10:15:34.000Z</time>
        <extensions>
          <ns3:TrackPointExtension>
            <ns3:hr>165</ns3:hr>
            <ns3:cad>82</ns3:cad>
          </ns3:TrackPointExtension>
        </extensions>
      </trkpt>
      <trkpt lat="37.50914745032787322998046875" lon="127.06470197997987270355224609375">
        <ele>28</ele>
        <time>2026-09-10T10:15:35.000Z</time>
        <extensions>
          <ns3:TrackPointExtension>
            <ns3:hr>164</ns3:hr>
            <ns3:cad>82</ns3:cad>
          </ns3:TrackPointExtension>
        </extensions>
      </trkpt>
      <trkpt lat="37.509169913828372955322265625" lon="127.064727209508419036865234375">
        <ele>28</ele>
        <time>2026-09-10T10:15:36.000Z</time>
        <extensions>
          <ns3:TrackPointExtension>
            <ns3:hr>164</ns3:hr>
            <ns3:cad>82</ns3:cad>
          </ns3:TrackPointExtension>
        </extensions>
      </trkpt>
      <trkpt lat="37.509182654321193695068359375" lon="127.0647598989307880401611328125">
        <ele>28</ele>
        <time>2026-09-10T10:15:37.000Z</time>
        <extensions>
          <ns3:TrackPointExtension>
            <ns3:hr>165</ns3:hr>
            <ns3:cad>83</ns3:cad>
          </ns3:TrackPointExtension>
        </extensions>
      </trkpt>
      <trkpt lat="37.50919749028980731964111328125" lon="127.064798288047313690185546875">
        <ele>28</ele>
        <time>2026-09-10T10:15:38.000Z</time>
        <extensions>
          <ns3:TrackPointExtension>
            <ns3:hr>164</ns3:hr>
            <ns3:cad>83</ns3:cad>
          </ns3:TrackPointExtension>
        </extensions>
      </trkpt>
      <trkpt lat="37.509214840829372406005859375" lon="127.064833156764507293701171875">
        <ele>28</ele>
        <time>2026-09-10T10:15:39.000Z</time>
        <extensions>
          <ns3:TrackPointExtension>
            <ns3:hr>165</ns3:hr>
            <ns3:cad>83</ns3:cad>
          </ns3:TrackPointExtension>
        </extensions>
      </trkpt>
      <trkpt lat="37.50922632403671741485595703125" lon="127.0648725517094135284423828125">
        <ele>28</ele>
        <time>2026-09-10T10:15:40.000Z</time>
        <extensions>
          <ns3:TrackPointExtension>
            <ns3:hr>166</ns3:hr>
            <ns3:cad>83</ns3:cad>
          </ns3:TrackPointExtension>
        </extensions>
      </trkpt>
      <trkpt lat="37.5092488713562488555908203125" lon="127.0649033971130847930908203125">
        <ele>28.200000762939453125</ele>
        <time>2026-09-10T10:15:41.000Z</time>
        <extensions>
          <ns3:TrackPointExtension>
            <ns3:hr>166</ns3:hr>
            <ns3:cad>83</ns3:cad>
          </ns3:TrackPointExtension>
        </extensions>
      </trkpt>
      <trkpt lat="37.509265132248401641845703125" lon="127.0649352483451366424560546875">
        <ele>28.200000762939453125</ele>
        <time>2026-09-10T10:15:42.000Z</time>
        <extensions>
          <ns3:TrackPointExtension>
            <ns3:hr>167</ns3:hr>
            <ns3:cad>83</ns3:cad>
          </ns3:TrackPointExtension>
        </extensions>
      </trkpt>
      <trkpt lat="37.50928466208279132843017578125" lon="127.06496517173945903778076171875">
        <ele>28.3999996185302734375</ele>
        <time>2026-09-10T10:15:43.000Z</time>
        <extensions>
          <ns3:TrackPointExtension>
            <ns3:hr>168</ns3:hr>
            <ns3:cad>84</ns3:cad>
          </ns3:TrackPointExtension>
        </extensions>
      </trkpt>
      <trkpt lat="37.50930377282202243804931640625" lon="127.06499702297151088714599609375">
        <ele>28.3999996185302734375</ele>
        <time>2026-09-10T10:15:44.000Z</time>
        <extensions>
          <ns3:TrackPointExtension>
            <ns3:hr>168</ns3:hr>
            <ns3:cad>84</ns3:cad>
          </ns3:TrackPointExtension>
        </extensions>
      </trkpt>
      <trkpt lat="37.509312070906162261962890625" lon="127.0650365017354488372802734375">
        <ele>28.6000003814697265625</ele>
        <time>2026-09-10T10:15:45.000Z</time>
        <extensions>
          <ns3:TrackPointExtension>
            <ns3:hr>168</ns3:hr>
            <ns3:cad>84</ns3:cad>
          </ns3:TrackPointExtension>
        </extensions>
      </trkpt>
      <trkpt lat="37.5093276612460613250732421875" lon="127.06506877206265926361083984375">
        <ele>28.6000003814697265625</ele>
        <time>2026-09-10T10:15:46.000Z</time>
        <extensions>
          <ns3:TrackPointExtension>
            <ns3:hr>168</ns3:hr>
            <ns3:cad>83</ns3:cad>
          </ns3:TrackPointExtension>
        </extensions>
      </trkpt>
      <trkpt lat="37.50934836454689502716064453125" lon="127.06509877927601337432861328125">
        <ele>28.3999996185302734375</ele>
        <time>2026-09-10T10:15:47.000Z</time>
        <extensions>
          <ns3:TrackPointExtension>
            <ns3:hr>169</ns3:hr>
            <ns3:cad>83</ns3:cad>
          </ns3:TrackPointExtension>
        </extensions>
      </trkpt>
      <trkpt lat="37.5093692354857921600341796875" lon="127.06514353863894939422607421875">
        <ele>28.3999996185302734375</ele>
        <time>2026-09-10T10:15:48.000Z</time>
        <extensions>
          <ns3:TrackPointExtension>
            <ns3:hr>168</ns3:hr>
            <ns3:cad>83</ns3:cad>
          </ns3:TrackPointExtension>
        </extensions>
      </trkpt>
      <trkpt lat="37.5093863345682621002197265625" lon="127.06517321057617664337158203125">
        <ele>28.3999996185302734375</ele>
        <time>2026-09-10T10:15:49.000Z</time>
        <extensions>
          <ns3:TrackPointExtension>
            <ns3:hr>168</ns3:hr>
            <ns3:cad>83</ns3:cad>
          </ns3:TrackPointExtension>
        </extensions>
      </trkpt>
      <trkpt lat="37.5093984045088291168212890625" lon="127.06522568129003047943115234375">
        <ele>28.3999996185302734375</ele>
        <time>2026-09-10T10:15:50.000Z</time>
        <extensions>
          <ns3:TrackPointExtension>
            <ns3:hr>168</ns3:hr>
            <ns3:cad>83</ns3:cad>
          </ns3:TrackPointExtension>
        </extensions>
      </trkpt>
      <trkpt lat="37.50941441394388675689697265625" lon="127.065260298550128936767578125">
        <ele>28.3999996185302734375</ele>
        <time>2026-09-10T10:15:51.000Z</time>
        <extensions>
          <ns3:TrackPointExtension>
            <ns3:hr>169</ns3:hr>
            <ns3:cad>83</ns3:cad>
          </ns3:TrackPointExtension>
        </extensions>
      </trkpt>
      <trkpt lat="37.5094336085021495819091796875" lon="127.065306566655635833740234375">
        <ele>28.6000003814697265625</ele>
        <time>2026-09-10T10:15:52.000Z</time>
        <extensions>
          <ns3:TrackPointExtension>
            <ns3:hr>168</ns3:hr>
            <ns3:cad>83</ns3:cad>
          </ns3:TrackPointExtension>
        </extensions>
      </trkpt>
      <trkpt lat="37.50945230014622211456298828125" lon="127.06535509787499904632568359375">
        <ele>28.6000003814697265625</ele>
        <time>2026-09-10T10:15:53.000Z</time>
        <extensions>
          <ns3:TrackPointExtension>
            <ns3:hr>168</ns3:hr>
            <ns3:cad>83</ns3:cad>
          </ns3:TrackPointExtension>
        </extensions>
      </trkpt>
      <trkpt lat="37.5094766914844512939453125" lon="127.0654042996466159820556640625">
        <ele>28.6000003814697265625</ele>
        <time>2026-09-10T10:15:54.000Z</time>
        <extensions>
          <ns3:TrackPointExtension>
            <ns3:hr>169</ns3:hr>
            <ns3:cad>84</ns3:cad>
          </ns3:TrackPointExtension>
        </extensions>
      </trkpt>
      <trkpt lat="37.50949387438595294952392578125" lon="127.06545199267566204071044921875">
        <ele>28.6000003814697265625</ele>
        <time>2026-09-10T10:15:55.000Z</time>
        <extensions>
          <ns3:TrackPointExtension>
            <ns3:hr>169</ns3:hr>
            <ns3:cad>84</ns3:cad>
          </ns3:TrackPointExtension>
        </extensions>
      </trkpt>
      <trkpt lat="37.509513907134532928466796875" lon="127.06549004651606082916259765625">
        <ele>28.6000003814697265625</ele>
        <time>2026-09-10T10:15:56.000Z</time>
        <extensions>
          <ns3:TrackPointExtension>
            <ns3:hr>169</ns3:hr>
            <ns3:cad>84</ns3:cad>
          </ns3:TrackPointExtension>
        </extensions>
      </trkpt>
      <trkpt lat="37.5095388852059841156005859375" lon="127.0655442774295806884765625">
        <ele>28.799999237060546875</ele>
        <time>2026-09-10T10:15:57.000Z</time>
        <extensions>
          <ns3:TrackPointExtension>
            <ns3:hr>169</ns3:hr>
            <ns3:cad>83</ns3:cad>
          </ns3:TrackPointExtension>
        </extensions>
      </trkpt>
      <trkpt lat="37.50955673865973949432373046875" lon="127.0655927248299121856689453125">
        <ele>28.799999237060546875</ele>
        <time>2026-09-10T10:15:58.000Z</time>
        <extensions>
          <ns3:TrackPointExtension>
            <ns3:hr>169</ns3:hr>
            <ns3:cad>83</ns3:cad>
          </ns3:TrackPointExtension>
        </extensions>
      </trkpt>
      <trkpt lat="37.509570904076099395751953125" lon="127.065620720386505126953125">
        <ele>28.799999237060546875</ele>
        <time>2026-09-10T10:15:59.000Z</time>
        <extensions>
          <ns3:TrackPointExtension>
            <ns3:hr>170</ns3:hr>
            <ns3:cad>83</ns3:cad>
          </ns3:TrackPointExtension>
        </extensions>
      </trkpt>
      <trkpt lat="37.50957685522735118865966796875" lon="127.0656515657901763916015625">
        <ele>28.799999237060546875</ele>
        <time>2026-09-10T10:16:00.000Z</time>
        <extensions>
          <ns3:TrackPointExtension>
            <ns3:hr>170</ns3:hr>
            <ns3:cad>82</ns3:cad>
          </ns3:TrackPointExtension>
        </extensions>
      </trkpt>
      <trkpt lat="37.509585320949554443359375" lon="127.06568232737481594085693359375">
        <ele>28.799999237060546875</ele>
        <time>2026-09-10T10:16:01.000Z</time>
        <extensions>
          <ns3:TrackPointExtension>
            <ns3:hr>170</ns3:hr>
            <ns3:cad>82</ns3:cad>
          </ns3:TrackPointExtension>
        </extensions>
      </trkpt>
      <trkpt lat="37.50959915108978748321533203125" lon="127.0657137595117092132568359375">
        <ele>28.6000003814697265625</ele>
        <time>2026-09-10T10:16:02.000Z</time>
        <extensions>
          <ns3:TrackPointExtension>
            <ns3:hr>171</ns3:hr>
            <ns3:cad>82</ns3:cad>
          </ns3:TrackPointExtension>
        </extensions>
      </trkpt>
      <trkpt lat="37.50960887409746646881103515625" lon="127.06575340591371059417724609375">
        <ele>28.799999237060546875</ele>
        <time>2026-09-10T10:16:03.000Z</time>
        <extensions>
          <ns3:TrackPointExtension>
            <ns3:hr>171</ns3:hr>
            <ns3:cad>82</ns3:cad>
          </ns3:TrackPointExtension>
        </extensions>
      </trkpt>
      <trkpt lat="37.50961742363870143890380859375" lon="127.06578961573541164398193359375">
        <ele>29</ele>
        <time>2026-09-10T10:16:04.000Z</time>
        <extensions>
          <ns3:TrackPointExtension>
            <ns3:hr>171</ns3:hr>
            <ns3:cad>83</ns3:cad>
          </ns3:TrackPointExtension>
        </extensions>
      </trkpt>
      <trkpt lat="37.50963603146374225616455078125" lon="127.06582062877714633941650390625">
        <ele>29.200000762939453125</ele>
        <time>2026-09-10T10:16:05.000Z</time>
        <extensions>
          <ns3:TrackPointExtension>
            <ns3:hr>171</ns3:hr>
            <ns3:cad>83</ns3:cad>
          </ns3:TrackPointExtension>
        </extensions>
      </trkpt>
      <trkpt lat="37.50965665094554424285888671875" lon="127.065859101712703704833984375">
        <ele>29.3999996185302734375</ele>
        <time>2026-09-10T10:16:06.000Z</time>
        <extensions>
          <ns3:TrackPointExtension>
            <ns3:hr>171</ns3:hr>
            <ns3:cad>83</ns3:cad>
          </ns3:TrackPointExtension>
        </extensions>
      </trkpt>
      <trkpt lat="37.5096760131418704986572265625" lon="127.06589589826762676239013671875">
        <ele>29.3999996185302734375</ele>
        <time>2026-09-10T10:16:07.000Z</time>
        <extensions>
          <ns3:TrackPointExtension>
            <ns3:hr>171</ns3:hr>
            <ns3:cad>83</ns3:cad>
          </ns3:TrackPointExtension>
        </extensions>
      </trkpt>
      <trkpt lat="37.50970073975622653961181640625" lon="127.06593177281320095062255859375">
        <ele>29.6000003814697265625</ele>
        <time>2026-09-10T10:16:08.000Z</time>
        <extensions>
          <ns3:TrackPointExtension>
            <ns3:hr>171</ns3:hr>
            <ns3:cad>83</ns3:cad>
          </ns3:TrackPointExtension>
        </extensions>
      </trkpt>
      <trkpt lat="37.509729154407978057861328125" lon="127.065975107252597808837890625">
        <ele>29.6000003814697265625</ele>
        <time>2026-09-10T10:16:09.000Z</time>
        <extensions>
          <ns3:TrackPointExtension>
            <ns3:hr>171</ns3:hr>
            <ns3:cad>82</ns3:cad>
          </ns3:TrackPointExtension>
        </extensions>
      </trkpt>
      <trkpt lat="37.5097454153001308441162109375" lon="127.06601693294942378997802734375">
        <ele>29.6000003814697265625</ele>
        <time>2026-09-10T10:16:10.000Z</time>
        <extensions>
          <ns3:TrackPointExtension>
            <ns3:hr>171</ns3:hr>
            <ns3:cad>82</ns3:cad>
          </ns3:TrackPointExtension>
        </extensions>
      </trkpt>
      <trkpt lat="37.5097598321735858917236328125" lon="127.06605968065559864044189453125">
        <ele>29.3999996185302734375</ele>
        <time>2026-09-10T10:16:11.000Z</time>
        <extensions>
          <ns3:TrackPointExtension>
            <ns3:hr>171</ns3:hr>
            <ns3:cad>82</ns3:cad>
          </ns3:TrackPointExtension>
        </extensions>
      </trkpt>
      <trkpt lat="37.50977508723735809326171875" lon="127.0660979859530925750732421875">
        <ele>29.6000003814697265625</ele>
        <time>2026-09-10T10:16:12.000Z</time>
        <extensions>
          <ns3:TrackPointExtension>
            <ns3:hr>171</ns3:hr>
            <ns3:cad>83</ns3:cad>
          </ns3:TrackPointExtension>
        </extensions>
      </trkpt>
      <trkpt lat="37.5097878277301788330078125" lon="127.066147439181804656982421875">
        <ele>29.6000003814697265625</ele>
        <time>2026-09-10T10:16:13.000Z</time>
        <extensions>
          <ns3:TrackPointExtension>
            <ns3:hr>171</ns3:hr>
            <ns3:cad>83</ns3:cad>
          </ns3:TrackPointExtension>
        </extensions>
      </trkpt>
      <trkpt lat="37.5098007358610630035400390625" lon="127.06619077362120151519775390625">
        <ele>29.799999237060546875</ele>
        <time>2026-09-10T10:16:14.000Z</time>
        <extensions>
          <ns3:TrackPointExtension>
            <ns3:hr>172</ns3:hr>
            <ns3:cad>83</ns3:cad>
          </ns3:TrackPointExtension>
        </extensions>
      </trkpt>
      <trkpt lat="37.5098104588687419891357421875" lon="127.0662408135831356048583984375">
        <ele>29.799999237060546875</ele>
        <time>2026-09-10T10:16:15.000Z</time>
        <extensions>
          <ns3:TrackPointExtension>
            <ns3:hr>171</ns3:hr>
            <ns3:cad>83</ns3:cad>
          </ns3:TrackPointExtension>
        </extensions>
      </trkpt>
      <trkpt lat="37.5098161585628986358642578125" lon="127.06629605032503604888916015625">
        <ele>29.799999237060546875</ele>
        <time>2026-09-10T10:16:16.000Z</time>
        <extensions>
          <ns3:TrackPointExtension>
            <ns3:hr>172</ns3:hr>
            <ns3:cad>83</ns3:cad>
          </ns3:TrackPointExtension>
        </extensions>
      </trkpt>
      <trkpt lat="37.5098185054957866668701171875" lon="127.066333852708339691162109375">
        <ele>29.799999237060546875</ele>
        <time>2026-09-10T10:16:17.000Z</time>
        <extensions>
          <ns3:TrackPointExtension>
            <ns3:hr>172</ns3:hr>
            <ns3:cad>83</ns3:cad>
          </ns3:TrackPointExtension>
        </extensions>
      </trkpt>
      <trkpt lat="37.50982261262834072113037109375" lon="127.06637852825224399566650390625">
        <ele>29.799999237060546875</ele>
        <time>2026-09-10T10:16:18.000Z</time>
        <extensions>
          <ns3:TrackPointExtension>
            <ns3:hr>172</ns3:hr>
            <ns3:cad>83</ns3:cad>
          </ns3:TrackPointExtension>
        </extensions>
      </trkpt>
      <trkpt lat="37.50981741584837436676025390625" lon="127.06641658209264278411865234375">
        <ele>29.799999237060546875</ele>
        <time>2026-09-10T10:16:19.000Z</time>
        <extensions>
          <ns3:TrackPointExtension>
            <ns3:hr>172</ns3:hr>
            <ns3:cad>83</ns3:cad>
          </ns3:TrackPointExtension>
        </extensions>
      </trkpt>
      <trkpt lat="37.50980903394520282745361328125" lon="127.066452205181121826171875">
        <ele>29.799999237060546875</ele>
        <time>2026-09-10T10:16:20.000Z</time>
        <extensions>
          <ns3:TrackPointExtension>
            <ns3:hr>173</ns3:hr>
            <ns3:cad>83</ns3:cad>
          </ns3:TrackPointExtension>
        </extensions>
      </trkpt>
      <trkpt lat="37.50979830510914325714111328125" lon="127.06649319268763065338134765625">
        <ele>29.799999237060546875</ele>
        <time>2026-09-10T10:16:21.000Z</time>
        <extensions>
          <ns3:TrackPointExtension>
            <ns3:hr>173</ns3:hr>
            <ns3:cad>83</ns3:cad>
          </ns3:TrackPointExtension>
        </extensions>
      </trkpt>
      <trkpt lat="37.50976662151515483856201171875" lon="127.06650844775140285491943359375">
        <ele>29.6000003814697265625</ele>
        <time>2026-09-10T10:16:22.000Z</time>
        <extensions>
          <ns3:TrackPointExtension>
            <ns3:hr>173</ns3:hr>
            <ns3:cad>83</ns3:cad>
          </ns3:TrackPointExtension>
        </extensions>
      </trkpt>
      <trkpt lat="37.50973259098827838897705078125" lon="127.0665244571864604949951171875">
        <ele>29.3999996185302734375</ele>
        <time>2026-09-10T10:16:23.000Z</time>
        <extensions>
          <ns3:TrackPointExtension>
            <ns3:hr>173</ns3:hr>
            <ns3:cad>83</ns3:cad>
          </ns3:TrackPointExtension>
        </extensions>
      </trkpt>
      <trkpt lat="37.5097021646797657012939453125" lon="127.0665418915450572967529296875">
        <ele>29.3999996185302734375</ele>
        <time>2026-09-10T10:16:24.000Z</time>
        <extensions>
          <ns3:TrackPointExtension>
            <ns3:hr>173</ns3:hr>
            <ns3:cad>80</ns3:cad>
          </ns3:TrackPointExtension>
        </extensions>
      </trkpt>
      <trkpt lat="37.5096656195819377899169921875" lon="127.06655840389430522918701171875">
        <ele>29.200000762939453125</ele>
        <time>2026-09-10T10:16:25.000Z</time>
        <extensions>
          <ns3:TrackPointExtension>
            <ns3:hr>173</ns3:hr>
            <ns3:cad>80</ns3:cad>
          </ns3:TrackPointExtension>
        </extensions>
      </trkpt>
      <trkpt lat="37.5096280686557292938232421875" lon="127.066573910415172576904296875">
        <ele>29</ele>
        <time>2026-09-10T10:16:26.000Z</time>
        <extensions>
          <ns3:TrackPointExtension>
            <ns3:hr>173</ns3:hr>
            <ns3:cad>80</ns3:cad>
          </ns3:TrackPointExtension>
        </extensions>
      </trkpt>
      <trkpt lat="37.509574256837368011474609375" lon="127.06660802476108074188232421875">
        <ele>29</ele>
        <time>2026-09-10T10:16:27.000Z</time>
        <extensions>
          <ns3:TrackPointExtension>
            <ns3:hr>173</ns3:hr>
            <ns3:cad>81</ns3:cad>
          </ns3:TrackPointExtension>
        </extensions>
      </trkpt>
      <trkpt lat="37.50954165123403072357177734375" lon="127.066629230976104736328125">
        <ele>29</ele>
        <time>2026-09-10T10:16:28.000Z</time>
        <extensions>
          <ns3:TrackPointExtension>
            <ns3:hr>173</ns3:hr>
            <ns3:cad>81</ns3:cad>
          </ns3:TrackPointExtension>
        </extensions>
      </trkpt>
      <trkpt lat="37.509475685656070709228515625" lon="127.06667709164321422576904296875">
        <ele>29</ele>
        <time>2026-09-10T10:16:29.000Z</time>
        <extensions>
          <ns3:TrackPointExtension>
            <ns3:hr>173</ns3:hr>
            <ns3:cad>81</ns3:cad>
          </ns3:TrackPointExtension>
        </extensions>
      </trkpt>
      <trkpt lat="37.5094185210764408111572265625" lon="127.0667045004665851593017578125">
        <ele>29</ele>
        <time>2026-09-10T10:16:30.000Z</time>
        <extensions>
          <ns3:TrackPointExtension>
            <ns3:hr>173</ns3:hr>
            <ns3:cad>81</ns3:cad>
          </ns3:TrackPointExtension>
        </extensions>
      </trkpt>
      <trkpt lat="37.50935356132686138153076171875" lon="127.06671799533069133758544921875">
        <ele>29</ele>
        <time>2026-09-10T10:16:31.000Z</time>
        <extensions>
          <ns3:TrackPointExtension>
            <ns3:hr>173</ns3:hr>
            <ns3:cad>81</ns3:cad>
          </ns3:TrackPointExtension>
        </extensions>
      </trkpt>
      <trkpt lat="37.509307377040386199951171875" lon="127.066736854612827301025390625">
        <ele>29</ele>
        <time>2026-09-10T10:16:32.000Z</time>
        <extensions>
          <ns3:TrackPointExtension>
            <ns3:hr>173</ns3:hr>
            <ns3:cad>81</ns3:cad>
          </ns3:TrackPointExtension>
        </extensions>
      </trkpt>
      <trkpt lat="37.509266473352909088134765625" lon="127.066752947866916656494140625">
        <ele>28.799999237060546875</ele>
        <time>2026-09-10T10:16:33.000Z</time>
        <extensions>
          <ns3:TrackPointExtension>
            <ns3:hr>173</ns3:hr>
            <ns3:cad>82</ns3:cad>
          </ns3:TrackPointExtension>
        </extensions>
      </trkpt>
      <trkpt lat="37.50921810977160930633544921875" lon="127.0667554624378681182861328125">
        <ele>28.799999237060546875</ele>
        <time>2026-09-10T10:16:34.000Z</time>
        <extensions>
          <ns3:TrackPointExtension>
            <ns3:hr>174</ns3:hr>
            <ns3:cad>82</ns3:cad>
          </ns3:TrackPointExtension>
        </extensions>
      </trkpt>
      <trkpt lat="37.50917620025575160980224609375" lon="127.06675370223820209503173828125">
        <ele>28.799999237060546875</ele>
        <time>2026-09-10T10:16:35.000Z</time>
        <extensions>
          <ns3:TrackPointExtension>
            <ns3:hr>174</ns3:hr>
            <ns3:cad>82</ns3:cad>
          </ns3:TrackPointExtension>
        </extensions>
      </trkpt>
      <trkpt lat="37.50914317555725574493408203125" lon="127.066752277314662933349609375">
        <ele>28.799999237060546875</ele>
        <time>2026-09-10T10:16:36.000Z</time>
        <extensions>
          <ns3:TrackPointExtension>
            <ns3:hr>175</ns3:hr>
            <ns3:cad>82</ns3:cad>
          </ns3:TrackPointExtension>
        </extensions>
      </trkpt>
      <trkpt lat="37.509103529155254364013671875" lon="127.06675386987626552581787109375">
        <ele>28.6000003814697265625</ele>
        <time>2026-09-10T10:16:37.000Z</time>
        <extensions>
          <ns3:TrackPointExtension>
            <ns3:hr>175</ns3:hr>
            <ns3:cad>82</ns3:cad>
          </ns3:TrackPointExtension>
        </extensions>
      </trkpt>
      <trkpt lat="37.50906840898096561431884765625" lon="127.06674791872501373291015625">
        <ele>28.6000003814697265625</ele>
        <time>2026-09-10T10:16:38.000Z</time>
        <extensions>
          <ns3:TrackPointExtension>
            <ns3:hr>175</ns3:hr>
            <ns3:cad>81</ns3:cad>
          </ns3:TrackPointExtension>
        </extensions>
      </trkpt>
      <trkpt lat="37.5090399943292140960693359375" lon="127.066747583448886871337890625">
        <ele>28.6000003814697265625</ele>
        <time>2026-09-10T10:16:39.000Z</time>
        <extensions>
          <ns3:TrackPointExtension>
            <ns3:hr>176</ns3:hr>
            <ns3:cad>81</ns3:cad>
          </ns3:TrackPointExtension>
        </extensions>
      </trkpt>
      <trkpt lat="37.50900529325008392333984375" lon="127.06675202585756778717041015625">
        <ele>28.6000003814697265625</ele>
        <time>2026-09-10T10:16:40.000Z</time>
        <extensions>
          <ns3:TrackPointExtension>
            <ns3:hr>176</ns3:hr>
            <ns3:cad>81</ns3:cad>
          </ns3:TrackPointExtension>
        </extensions>
      </trkpt>
      <trkpt lat="37.50897905789315700531005859375" lon="127.06676024012267589569091796875">
        <ele>28.6000003814697265625</ele>
        <time>2026-09-10T10:16:41.000Z</time>
        <extensions>
          <ns3:TrackPointExtension>
            <ns3:hr>176</ns3:hr>
            <ns3:cad>81</ns3:cad>
          </ns3:TrackPointExtension>
        </extensions>
      </trkpt>
      <trkpt lat="37.508953996002674102783203125" lon="127.06676535308361053466796875">
        <ele>28.6000003814697265625</ele>
        <time>2026-09-10T10:16:42.000Z</time>
        <extensions>
          <ns3:TrackPointExtension>
            <ns3:hr>176</ns3:hr>
            <ns3:cad>81</ns3:cad>
          </ns3:TrackPointExtension>
        </extensions>
      </trkpt>
      <trkpt lat="37.5089303590357303619384765625" lon="127.06677013076841831207275390625">
        <ele>28.6000003814697265625</ele>
        <time>2026-09-10T10:16:43.000Z</time>
        <extensions>
          <ns3:TrackPointExtension>
            <ns3:hr>176</ns3:hr>
            <ns3:cad>81</ns3:cad>
          </ns3:TrackPointExtension>
        </extensions>
      </trkpt>
      <trkpt lat="37.5089179538190364837646484375" lon="127.06677616573870182037353515625">
        <ele>28.6000003814697265625</ele>
        <time>2026-09-10T10:16:44.000Z</time>
        <extensions>
          <ns3:TrackPointExtension>
            <ns3:hr>175</ns3:hr>
            <ns3:cad>81</ns3:cad>
          </ns3:TrackPointExtension>
        </extensions>
      </trkpt>
      <trkpt lat="37.50890764407813549041748046875" lon="127.066777087748050689697265625">
        <ele>28.6000003814697265625</ele>
        <time>2026-09-10T10:16:45.000Z</time>
        <extensions>
          <ns3:TrackPointExtension>
            <ns3:hr>176</ns3:hr>
            <ns3:cad>81</ns3:cad>
          </ns3:TrackPointExtension>
        </extensions>
      </trkpt>
      <trkpt lat="37.50888400711119174957275390625" lon="127.066770382225513458251953125">
        <ele>28.6000003814697265625</ele>
        <time>2026-09-10T10:16:48.000Z</time>
        <extensions>
          <ns3:TrackPointExtension>
            <ns3:hr>175</ns3:hr>
            <ns3:cad>81</ns3:cad>
          </ns3:TrackPointExtension>
        </extensions>
      </trkpt>
      <trkpt lat="37.50888082198798656463623046875" lon="127.06678287126123905181884765625">
        <ele>28.6000003814697265625</ele>
        <time>2026-09-10T10:16:49.000Z</time>
        <extensions>
          <ns3:TrackPointExtension>
            <ns3:hr>174</ns3:hr>
            <ns3:cad>81</ns3:cad>
          </ns3:TrackPointExtension>
        </extensions>
      </trkpt>
      <trkpt lat="37.50890605151653289794921875" lon="127.0668064244091510772705078125">
        <ele>28.3999996185302734375</ele>
        <time>2026-09-10T10:16:50.000Z</time>
        <extensions>
          <ns3:TrackPointExtension>
            <ns3:hr>174</ns3:hr>
            <ns3:cad>0</ns3:cad>
          </ns3:TrackPointExtension>
        </extensions>
      </trkpt>
      <trkpt lat="37.508925162255764007568359375" lon="127.066821344196796417236328125">
        <ele>28.200000762939453125</ele>
        <time>2026-09-10T10:16:51.000Z</time>
        <extensions>
          <ns3:TrackPointExtension>
            <ns3:hr>173</ns3:hr>
            <ns3:cad>0</ns3:cad>
          </ns3:TrackPointExtension>
        </extensions>
      </trkpt>
      <trkpt lat="37.50895558856427669525146484375" lon="127.066825367510318756103515625">
        <ele>28.200000762939453125</ele>
        <time>2026-09-10T10:16:52.000Z</time>
        <extensions>
          <ns3:TrackPointExtension>
            <ns3:hr>172</ns3:hr>
            <ns3:cad>0</ns3:cad>
          </ns3:TrackPointExtension>
        </extensions>
      </trkpt>
      <trkpt lat="37.5089779682457447052001953125" lon="127.06682612188160419464111328125">
        <ele>28.3999996185302734375</ele>
        <time>2026-09-10T10:16:53.000Z</time>
        <extensions>
          <ns3:TrackPointExtension>
            <ns3:hr>172</ns3:hr>
            <ns3:cad>79</ns3:cad>
          </ns3:TrackPointExtension>
        </extensions>
      </trkpt>
      <trkpt lat="37.50900923274457454681396484375" lon="127.0668272115290164947509765625">
        <ele>28.3999996185302734375</ele>
        <time>2026-09-10T10:16:54.000Z</time>
        <extensions>
          <ns3:TrackPointExtension>
            <ns3:hr>172</ns3:hr>
            <ns3:cad>79</ns3:cad>
          </ns3:TrackPointExtension>
        </extensions>
      </trkpt>
      <trkpt lat="37.50904820859432220458984375" lon="127.0668168179690837860107421875">
        <ele>28.3999996185302734375</ele>
        <time>2026-09-10T10:16:55.000Z</time>
        <extensions>
          <ns3:TrackPointExtension>
            <ns3:hr>172</ns3:hr>
            <ns3:cad>79</ns3:cad>
          </ns3:TrackPointExtension>
        </extensions>
      </trkpt>
      <trkpt lat="37.50907762907445430755615234375" lon="127.066794522106647491455078125">
        <ele>28.3999996185302734375</ele>
        <time>2026-09-10T10:16:56.000Z</time>
        <extensions>
          <ns3:TrackPointExtension>
            <ns3:hr>173</ns3:hr>
            <ns3:cad>0</ns3:cad>
          </ns3:TrackPointExtension>
        </extensions>
      </trkpt>
      <trkpt lat="37.50911048613488674163818359375" lon="127.0667752437293529510498046875">
        <ele>28.200000762939453125</ele>
        <time>2026-09-10T10:16:57.000Z</time>
        <extensions>
          <ns3:TrackPointExtension>
            <ns3:hr>173</ns3:hr>
            <ns3:cad>0</ns3:cad>
          </ns3:TrackPointExtension>
        </extensions>
      </trkpt>
      <trkpt lat="37.50914216972887516021728515625" lon="127.0667700469493865966796875">
        <ele>28.200000762939453125</ele>
        <time>2026-09-10T10:16:58.000Z</time>
        <extensions>
          <ns3:TrackPointExtension>
            <ns3:hr>174</ns3:hr>
            <ns3:cad>0</ns3:cad>
          </ns3:TrackPointExtension>
        </extensions>
      </trkpt>
      <trkpt lat="37.5091767869889736175537109375" lon="127.06676158122718334197998046875">
        <ele>28.200000762939453125</ele>
        <time>2026-09-10T10:16:59.000Z</time>
        <extensions>
          <ns3:TrackPointExtension>
            <ns3:hr>174</ns3:hr>
            <ns3:cad>82</ns3:cad>
          </ns3:TrackPointExtension>
        </extensions>
      </trkpt>
      <trkpt lat="37.50921140424907207489013671875" lon="127.0667547918856143951416015625">
        <ele>28.200000762939453125</ele>
        <time>2026-09-10T10:17:00.000Z</time>
        <extensions>
          <ns3:TrackPointExtension>
            <ns3:hr>175</ns3:hr>
            <ns3:cad>82</ns3:cad>
          </ns3:TrackPointExtension>
        </extensions>
      </trkpt>
      <trkpt lat="37.5092260725796222686767578125" lon="127.0667551271617412567138671875">
        <ele>28.200000762939453125</ele>
        <time>2026-09-10T10:17:01.000Z</time>
        <extensions>
          <ns3:TrackPointExtension>
            <ns3:hr>175</ns3:hr>
            <ns3:cad>82</ns3:cad>
          </ns3:TrackPointExtension>
        </extensions>
      </trkpt>
      <trkpt lat="37.509248368442058563232421875" lon="127.06676040776073932647705078125">
        <ele>28.200000762939453125</ele>
        <time>2026-09-10T10:17:02.000Z</time>
        <extensions>
          <ns3:TrackPointExtension>
            <ns3:hr>175</ns3:hr>
            <ns3:cad>81</ns3:cad>
          </ns3:TrackPointExtension>
        </extensions>
      </trkpt>
      <trkpt lat="37.50926806591451168060302734375" lon="127.0667470805346965789794921875">
        <ele>28.3999996185302734375</ele>
        <time>2026-09-10T10:17:03.000Z</time>
        <extensions>
          <ns3:TrackPointExtension>
            <ns3:hr>175</ns3:hr>
            <ns3:cad>83</ns3:cad>
          </ns3:TrackPointExtension>
        </extensions>
      </trkpt>
      <trkpt lat="37.50929539091885089874267578125" lon="127.06671212799847126007080078125">
        <ele>28.3999996185302734375</ele>
        <time>2026-09-10T10:17:04.000Z</time>
        <extensions>
          <ns3:TrackPointExtension>
            <ns3:hr>175</ns3:hr>
            <ns3:cad>83</ns3:cad>
          </ns3:TrackPointExtension>
        </extensions>
      </trkpt>
      <trkpt lat="37.509327828884124755859375" lon="127.0666800253093242645263671875">
        <ele>28.3999996185302734375</ele>
        <time>2026-09-10T10:17:05.000Z</time>
        <extensions>
          <ns3:TrackPointExtension>
            <ns3:hr>174</ns3:hr>
            <ns3:cad>83</ns3:cad>
          </ns3:TrackPointExtension>
        </extensions>
      </trkpt>
      <trkpt lat="37.50935188494622707366943359375" lon="127.06664557568728923797607421875">
        <ele>28.6000003814697265625</ele>
        <time>2026-09-10T10:17:06.000Z</time>
        <extensions>
          <ns3:TrackPointExtension>
            <ns3:hr>174</ns3:hr>
            <ns3:cad>83</ns3:cad>
          </ns3:TrackPointExtension>
        </extensions>
      </trkpt>
      <trkpt lat="37.50941030681133270263671875" lon="127.0666171610355377197265625">
        <ele>28.6000003814697265625</ele>
        <time>2026-09-10T10:17:07.000Z</time>
        <extensions>
          <ns3:TrackPointExtension>
            <ns3:hr>174</ns3:hr>
            <ns3:cad>83</ns3:cad>
          </ns3:TrackPointExtension>
        </extensions>
      </trkpt>
      <trkpt lat="37.50946118496358394622802734375" lon="127.06659142859280109405517578125">
        <ele>28.6000003814697265625</ele>
        <time>2026-09-10T10:17:08.000Z</time>
        <extensions>
          <ns3:TrackPointExtension>
            <ns3:hr>174</ns3:hr>
            <ns3:cad>84</ns3:cad>
          </ns3:TrackPointExtension>
        </extensions>
      </trkpt>
      <trkpt lat="37.50950954854488372802734375" lon="127.066577263176441192626953125">
        <ele>28.6000003814697265625</ele>
        <time>2026-09-10T10:17:09.000Z</time>
        <extensions>
          <ns3:TrackPointExtension>
            <ns3:hr>174</ns3:hr>
            <ns3:cad>84</ns3:cad>
          </ns3:TrackPointExtension>
        </extensions>
      </trkpt>
      <trkpt lat="37.5095665454864501953125" lon="127.06655882298946380615234375">
        <ele>28.799999237060546875</ele>
        <time>2026-09-10T10:17:10.000Z</time>
        <extensions>
          <ns3:TrackPointExtension>
            <ns3:hr>175</ns3:hr>
            <ns3:cad>84</ns3:cad>
          </ns3:TrackPointExtension>
        </extensions>
      </trkpt>
      <trkpt lat="37.5096032582223415374755859375" lon="127.06654666922986507415771484375">
        <ele>28.799999237060546875</ele>
        <time>2026-09-10T10:17:11.000Z</time>
        <extensions>
          <ns3:TrackPointExtension>
            <ns3:hr>176</ns3:hr>
            <ns3:cad>84</ns3:cad>
          </ns3:TrackPointExtension>
        </extensions>
      </trkpt>
      <trkpt lat="37.50965229235589504241943359375" lon="127.066543400287628173828125">
        <ele>29</ele>
        <time>2026-09-10T10:17:12.000Z</time>
        <extensions>
          <ns3:TrackPointExtension>
            <ns3:hr>176</ns3:hr>
            <ns3:cad>84</ns3:cad>
          </ns3:TrackPointExtension>
        </extensions>
      </trkpt>
      <trkpt lat="37.5096927769482135772705078125" lon="127.06655387766659259796142578125">
        <ele>29.200000762939453125</ele>
        <time>2026-09-10T10:17:13.000Z</time>
        <extensions>
          <ns3:TrackPointExtension>
            <ns3:hr>177</ns3:hr>
            <ns3:cad>84</ns3:cad>
          </ns3:TrackPointExtension>
        </extensions>
      </trkpt>
      <trkpt lat="37.50973493792116641998291015625" lon="127.06656376831233501434326171875">
        <ele>29.3999996185302734375</ele>
        <time>2026-09-10T10:17:14.000Z</time>
        <extensions>
          <ns3:TrackPointExtension>
            <ns3:hr>177</ns3:hr>
            <ns3:cad>0</ns3:cad>
          </ns3:TrackPointExtension>
        </extensions>
      </trkpt>
      <trkpt lat="37.5097819603979587554931640625" lon="127.06658707000315189361572265625">
        <ele>29.6000003814697265625</ele>
        <time>2026-09-10T10:17:15.000Z</time>
        <extensions>
          <ns3:TrackPointExtension>
            <ns3:hr>177</ns3:hr>
            <ns3:cad>0</ns3:cad>
          </ns3:TrackPointExtension>
        </extensions>
      </trkpt>
      <trkpt lat="37.5098238699138164520263671875" lon="127.06661338917911052703857421875">
        <ele>29.6000003814697265625</ele>
        <time>2026-09-10T10:17:16.000Z</time>
        <extensions>
          <ns3:TrackPointExtension>
            <ns3:hr>177</ns3:hr>
            <ns3:cad>0</ns3:cad>
          </ns3:TrackPointExtension>
        </extensions>
      </trkpt>
      <trkpt lat="37.5098513625562191009521484375" lon="127.06664867699146270751953125">
        <ele>29.799999237060546875</ele>
        <time>2026-09-10T10:17:17.000Z</time>
        <extensions>
          <ns3:TrackPointExtension>
            <ns3:hr>178</ns3:hr>
            <ns3:cad>83</ns3:cad>
          </ns3:TrackPointExtension>
        </extensions>
      </trkpt>
      <trkpt lat="37.5098812021315097808837890625" lon="127.06668714992702007293701171875">
        <ele>30</ele>
        <time>2026-09-10T10:17:18.000Z</time>
        <extensions>
          <ns3:TrackPointExtension>
            <ns3:hr>177</ns3:hr>
            <ns3:cad>83</ns3:cad>
          </ns3:TrackPointExtension>
        </extensions>
      </trkpt>
      <trkpt lat="37.5098952837288379669189453125" lon="127.0667262934148311614990234375">
        <ele>30.200000762939453125</ele>
        <time>2026-09-10T10:17:19.000Z</time>
        <extensions>
          <ns3:TrackPointExtension>
            <ns3:hr>178</ns3:hr>
            <ns3:cad>83</ns3:cad>
          </ns3:TrackPointExtension>
        </extensions>
      </trkpt>
      <trkpt lat="37.509924285113811492919921875" lon="127.06677339971065521240234375">
        <ele>30.200000762939453125</ele>
        <time>2026-09-10T10:17:20.000Z</time>
        <extensions>
          <ns3:TrackPointExtension>
            <ns3:hr>178</ns3:hr>
            <ns3:cad>83</ns3:cad>
          </ns3:TrackPointExtension>
        </extensions>
      </trkpt>
      <trkpt lat="37.509939037263393402099609375" lon="127.06681522540748119354248046875">
        <ele>30.200000762939453125</ele>
        <time>2026-09-10T10:17:21.000Z</time>
        <extensions>
          <ns3:TrackPointExtension>
            <ns3:hr>178</ns3:hr>
            <ns3:cad>83</ns3:cad>
          </ns3:TrackPointExtension>
        </extensions>
      </trkpt>
      <trkpt lat="37.50995890237390995025634765625" lon="127.066846154630184173583984375">
        <ele>30.3999996185302734375</ele>
        <time>2026-09-10T10:17:22.000Z</time>
        <extensions>
          <ns3:TrackPointExtension>
            <ns3:hr>178</ns3:hr>
            <ns3:cad>83</ns3:cad>
          </ns3:TrackPointExtension>
        </extensions>
      </trkpt>
      <trkpt lat="37.50996778719127178192138671875" lon="127.06688680686056613922119140625">
        <ele>30.3999996185302734375</ele>
        <time>2026-09-10T10:17:23.000Z</time>
        <extensions>
          <ns3:TrackPointExtension>
            <ns3:hr>179</ns3:hr>
            <ns3:cad>83</ns3:cad>
          </ns3:TrackPointExtension>
        </extensions>
      </trkpt>
      <trkpt lat="37.50997315160930156707763671875" lon="127.0669291354715824127197265625">
        <ele>30.3999996185302734375</ele>
        <time>2026-09-10T10:17:24.000Z</time>
        <extensions>
          <ns3:TrackPointExtension>
            <ns3:hr>179</ns3:hr>
            <ns3:cad>83</ns3:cad>
          </ns3:TrackPointExtension>
        </extensions>
      </trkpt>
      <trkpt lat="37.5099831260740756988525390625" lon="127.0669723860919475555419921875">
        <ele>30.3999996185302734375</ele>
        <time>2026-09-10T10:17:25.000Z</time>
        <extensions>
          <ns3:TrackPointExtension>
            <ns3:hr>179</ns3:hr>
            <ns3:cad>83</ns3:cad>
          </ns3:TrackPointExtension>
        </extensions>
      </trkpt>
      <trkpt lat="37.50998924486339092254638671875" lon="127.06702125258743762969970703125">
        <ele>30.6000003814697265625</ele>
        <time>2026-09-10T10:17:26.000Z</time>
        <extensions>
          <ns3:TrackPointExtension>
            <ns3:hr>179</ns3:hr>
            <ns3:cad>83</ns3:cad>
          </ns3:TrackPointExtension>
        </extensions>
      </trkpt>
      <trkpt lat="37.50998421572148799896240234375" lon="127.067064084112644195556640625">
        <ele>30.6000003814697265625</ele>
        <time>2026-09-10T10:17:27.000Z</time>
        <extensions>
          <ns3:TrackPointExtension>
            <ns3:hr>179</ns3:hr>
            <ns3:cad>83</ns3:cad>
          </ns3:TrackPointExtension>
        </extensions>
      </trkpt>
      <trkpt lat="37.50998958013951778411865234375" lon="127.06710674799978733062744140625">
        <ele>30.799999237060546875</ele>
        <time>2026-09-10T10:17:28.000Z</time>
        <extensions>
          <ns3:TrackPointExtension>
            <ns3:hr>180</ns3:hr>
            <ns3:cad>82</ns3:cad>
          </ns3:TrackPointExtension>
        </extensions>
      </trkpt>
      <trkpt lat="37.509981952607631683349609375" lon="127.0671477355062961578369140625">
        <ele>30.799999237060546875</ele>
        <time>2026-09-10T10:17:29.000Z</time>
        <extensions>
          <ns3:TrackPointExtension>
            <ns3:hr>180</ns3:hr>
            <ns3:cad>82</ns3:cad>
          </ns3:TrackPointExtension>
        </extensions>
      </trkpt>
      <trkpt lat="37.50998388044536113739013671875" lon="127.0671779103577136993408203125">
        <ele>31</ele>
        <time>2026-09-10T10:17:30.000Z</time>
        <extensions>
          <ns3:TrackPointExtension>
            <ns3:hr>180</ns3:hr>
            <ns3:cad>82</ns3:cad>
          </ns3:TrackPointExtension>
        </extensions>
      </trkpt>
      <trkpt lat="37.50987458042800426483154296875" lon="127.06732266582548618316650390625">
        <ele>30.799999237060546875</ele>
        <time>2026-09-10T10:17:37.000Z</time>
        <extensions>
          <ns3:TrackPointExtension>
            <ns3:hr>180</ns3:hr>
            <ns3:cad>0</ns3:cad>
          </ns3:TrackPointExtension>
        </extensions>
      </trkpt>
      <trkpt lat="37.5098630972206592559814453125" lon="127.0673388428986072540283203125">
        <ele>30.799999237060546875</ele>
        <time>2026-09-10T10:17:38.000Z</time>
        <extensions>
          <ns3:TrackPointExtension>
            <ns3:hr>180</ns3:hr>
            <ns3:cad>0</ns3:cad>
          </ns3:TrackPointExtension>
        </extensions>
      </trkpt>
      <trkpt lat="37.5098567269742488861083984375" lon="127.06735015846788883209228515625">
        <ele>30.799999237060546875</ele>
        <time>2026-09-10T10:17:39.000Z</time>
        <extensions>
          <ns3:TrackPointExtension>
            <ns3:hr>180</ns3:hr>
            <ns3:cad>0</ns3:cad>
          </ns3:TrackPointExtension>
        </extensions>
      </trkpt>
      <trkpt lat="37.50987273640930652618408203125" lon="127.06736206077039241790771484375">
        <ele>30.799999237060546875</ele>
        <time>2026-09-10T10:17:40.000Z</time>
        <extensions>
          <ns3:TrackPointExtension>
            <ns3:hr>179</ns3:hr>
            <ns3:cad>0</ns3:cad>
          </ns3:TrackPointExtension>
        </extensions>
      </trkpt>
      <trkpt lat="37.5098778493702411651611328125" lon="127.0673770643770694732666015625">
        <ele>30.799999237060546875</ele>
        <time>2026-09-10T10:17:41.000Z</time>
        <extensions>
          <ns3:TrackPointExtension>
            <ns3:hr>179</ns3:hr>
            <ns3:cad>0</ns3:cad>
          </ns3:TrackPointExtension>
        </extensions>
      </trkpt>
      <trkpt lat="37.50987726263701915740966796875" lon="127.06739860586822032928466796875">
        <ele>30.799999237060546875</ele>
        <time>2026-09-10T10:17:42.000Z</time>
        <extensions>
          <ns3:TrackPointExtension>
            <ns3:hr>179</ns3:hr>
            <ns3:cad>0</ns3:cad>
          </ns3:TrackPointExtension>
        </extensions>
      </trkpt>
      <trkpt lat="37.50987835228443145751953125" lon="127.06741989590227603912353515625">
        <ele>30.799999237060546875</ele>
        <time>2026-09-10T10:17:43.000Z</time>
        <extensions>
          <ns3:TrackPointExtension>
            <ns3:hr>178</ns3:hr>
            <ns3:cad>80</ns3:cad>
          </ns3:TrackPointExtension>
        </extensions>
      </trkpt>
      <trkpt lat="37.50988061539828777313232421875" lon="127.06744487397372722625732421875">
        <ele>31</ele>
        <time>2026-09-10T10:17:44.000Z</time>
        <extensions>
          <ns3:TrackPointExtension>
            <ns3:hr>178</ns3:hr>
            <ns3:cad>83</ns3:cad>
          </ns3:TrackPointExtension>
        </extensions>
      </trkpt>
      <trkpt lat="37.50988028012216091156005859375" lon="127.06747270189225673675537109375">
        <ele>31.200000762939453125</ele>
        <time>2026-09-10T10:17:45.000Z</time>
        <extensions>
          <ns3:TrackPointExtension>
            <ns3:hr>177</ns3:hr>
            <ns3:cad>83</ns3:cad>
          </ns3:TrackPointExtension>
        </extensions>
      </trkpt>
      <trkpt lat="37.509880363941192626953125" lon="127.06750254146754741668701171875">
        <ele>31</ele>
        <time>2026-09-10T10:17:46.000Z</time>
        <extensions>
          <ns3:TrackPointExtension>
            <ns3:hr>177</ns3:hr>
            <ns3:cad>83</ns3:cad>
          </ns3:TrackPointExtension>
        </extensions>
      </trkpt>
      <trkpt lat="37.50986519269645214080810546875" lon="127.06752953119575977325439453125">
        <ele>30.799999237060546875</ele>
        <time>2026-09-10T10:17:47.000Z</time>
        <extensions>
          <ns3:TrackPointExtension>
            <ns3:hr>176</ns3:hr>
            <ns3:cad>83</ns3:cad>
          </ns3:TrackPointExtension>
        </extensions>
      </trkpt>
      <trkpt lat="37.50985815189778804779052734375" lon="127.06754528917372226715087890625">
        <ele>30.3999996185302734375</ele>
        <time>2026-09-10T10:17:48.000Z</time>
        <extensions>
          <ns3:TrackPointExtension>
            <ns3:hr>176</ns3:hr>
            <ns3:cad>83</ns3:cad>
          </ns3:TrackPointExtension>
        </extensions>
      </trkpt>
      <trkpt lat="37.5098480097949504852294921875" lon="127.06757278181612491607666015625">
        <ele>30</ele>
        <time>2026-09-10T10:17:49.000Z</time>
        <extensions>
          <ns3:TrackPointExtension>
            <ns3:hr>176</ns3:hr>
            <ns3:cad>83</ns3:cad>
          </ns3:TrackPointExtension>
        </extensions>
      </trkpt>
      <trkpt lat="37.50984189100563526153564453125" lon="127.067587114870548248291015625">
        <ele>29.3999996185302734375</ele>
        <time>2026-09-10T10:17:50.000Z</time>
        <extensions>
          <ns3:TrackPointExtension>
            <ns3:hr>175</ns3:hr>
            <ns3:cad>83</ns3:cad>
          </ns3:TrackPointExtension>
        </extensions>
      </trkpt>
      <trkpt lat="37.50983937643468379974365234375" lon="127.06760915927588939666748046875">
        <ele>29</ele>
        <time>2026-09-10T10:17:51.000Z</time>
        <extensions>
          <ns3:TrackPointExtension>
            <ns3:hr>173</ns3:hr>
            <ns3:cad>83</ns3:cad>
          </ns3:TrackPointExtension>
        </extensions>
      </trkpt>
      <trkpt lat="37.5098453275859355926513671875" lon="127.067627348005771636962890625">
        <ele>28.3999996185302734375</ele>
        <time>2026-09-10T10:17:52.000Z</time>
        <extensions>
          <ns3:TrackPointExtension>
            <ns3:hr>173</ns3:hr>
            <ns3:cad>83</ns3:cad>
          </ns3:TrackPointExtension>
        </extensions>
      </trkpt>
      <trkpt lat="37.50985085964202880859375" lon="127.06764369271695613861083984375">
        <ele>27.799999237060546875</ele>
        <time>2026-09-10T10:17:53.000Z</time>
        <extensions>
          <ns3:TrackPointExtension>
            <ns3:hr>172</ns3:hr>
            <ns3:cad>83</ns3:cad>
          </ns3:TrackPointExtension>
        </extensions>
      </trkpt>
      <trkpt lat="37.50985689461231231689453125" lon="127.0676630549132823944091796875">
        <ele>27.3999996185302734375</ele>
        <time>2026-09-10T10:17:54.000Z</time>
        <extensions>
          <ns3:TrackPointExtension>
            <ns3:hr>172</ns3:hr>
            <ns3:cad>83</ns3:cad>
          </ns3:TrackPointExtension>
        </extensions>
      </trkpt>
      <trkpt lat="37.50986049883067607879638671875" lon="127.067684344947338104248046875">
        <ele>26.6000003814697265625</ele>
        <time>2026-09-10T10:17:55.000Z</time>
        <extensions>
          <ns3:TrackPointExtension>
            <ns3:hr>171</ns3:hr>
            <ns3:cad>83</ns3:cad>
          </ns3:TrackPointExtension>
        </extensions>
      </trkpt>
      <trkpt lat="37.50986116938292980194091796875" lon="127.0676952414214611053466796875">
        <ele>26.200000762939453125</ele>
        <time>2026-09-10T10:17:56.000Z</time>
        <extensions>
          <ns3:TrackPointExtension>
            <ns3:hr>171</ns3:hr>
            <ns3:cad>83</ns3:cad>
          </ns3:TrackPointExtension>
        </extensions>
      </trkpt>
      <trkpt lat="37.50987256877124309539794921875" lon="127.0677168667316436767578125">
        <ele>25.6000003814697265625</ele>
        <time>2026-09-10T10:17:57.000Z</time>
        <extensions>
          <ns3:TrackPointExtension>
            <ns3:hr>170</ns3:hr>
            <ns3:cad>83</ns3:cad>
          </ns3:TrackPointExtension>
        </extensions>
      </trkpt>
      <trkpt lat="37.509877681732177734375" lon="127.0677337981760501861572265625">
        <ele>25</ele>
        <time>2026-09-10T10:17:58.000Z</time>
        <extensions>
          <ns3:TrackPointExtension>
            <ns3:hr>171</ns3:hr>
            <ns3:cad>0</ns3:cad>
          </ns3:TrackPointExtension>
        </extensions>
      </trkpt>
      <trkpt lat="37.509880699217319488525390625" lon="127.0677525736391544342041015625">
        <ele>24.3999996185302734375</ele>
        <time>2026-09-10T10:17:59.000Z</time>
        <extensions>
          <ns3:TrackPointExtension>
            <ns3:hr>170</ns3:hr>
            <ns3:cad>0</ns3:cad>
          </ns3:TrackPointExtension>
        </extensions>
      </trkpt>
      <trkpt lat="37.5098976306617259979248046875" lon="127.067771516740322113037109375">
        <ele>23.799999237060546875</ele>
        <time>2026-09-10T10:18:00.000Z</time>
        <extensions>
          <ns3:TrackPointExtension>
            <ns3:hr>170</ns3:hr>
            <ns3:cad>0</ns3:cad>
          </ns3:TrackPointExtension>
        </extensions>
      </trkpt>
      <trkpt lat="37.5099019892513751983642578125" lon="127.067782580852508544921875">
        <ele>23.200000762939453125</ele>
        <time>2026-09-10T10:18:01.000Z</time>
        <extensions>
          <ns3:TrackPointExtension>
            <ns3:hr>169</ns3:hr>
            <ns3:cad>0</ns3:cad>
          </ns3:TrackPointExtension>
        </extensions>
      </trkpt>
      <trkpt lat="37.509907186031341552734375" lon="127.06779222004115581512451171875">
        <ele>22.6000003814697265625</ele>
        <time>2026-09-10T10:18:02.000Z</time>
        <extensions>
          <ns3:TrackPointExtension>
            <ns3:hr>169</ns3:hr>
            <ns3:cad>0</ns3:cad>
          </ns3:TrackPointExtension>
        </extensions>
      </trkpt>
      <trkpt lat="37.50991514883935451507568359375" lon="127.067796997725963592529296875">
        <ele>22.3999996185302734375</ele>
        <time>2026-09-10T10:18:03.000Z</time>
        <extensions>
          <ns3:TrackPointExtension>
            <ns3:hr>168</ns3:hr>
            <ns3:cad>0</ns3:cad>
          </ns3:TrackPointExtension>
        </extensions>
      </trkpt>
      <trkpt lat="37.50992017798125743865966796875" lon="127.0678075589239597320556640625">
        <ele>21.799999237060546875</ele>
        <time>2026-09-10T10:18:04.000Z</time>
        <extensions>
          <ns3:TrackPointExtension>
            <ns3:hr>168</ns3:hr>
            <ns3:cad>0</ns3:cad>
          </ns3:TrackPointExtension>
        </extensions>
      </trkpt>
      <trkpt lat="37.50992436893284320831298828125" lon="127.0678214728832244873046875">
        <ele>21.3999996185302734375</ele>
        <time>2026-09-10T10:18:05.000Z</time>
        <extensions>
          <ns3:TrackPointExtension>
            <ns3:hr>167</ns3:hr>
            <ns3:cad>0</ns3:cad>
          </ns3:TrackPointExtension>
        </extensions>
      </trkpt>
      <trkpt lat="37.50993140973150730133056640625" lon="127.067841924726963043212890625">
        <ele>20.799999237060546875</ele>
        <time>2026-09-10T10:18:06.000Z</time>
        <extensions>
          <ns3:TrackPointExtension>
            <ns3:hr>166</ns3:hr>
            <ns3:cad>0</ns3:cad>
          </ns3:TrackPointExtension>
        </extensions>
      </trkpt>
      <trkpt lat="37.50993493013083934783935546875" lon="127.06785860471427440643310546875">
        <ele>20</ele>
        <time>2026-09-10T10:18:07.000Z</time>
        <extensions>
          <ns3:TrackPointExtension>
            <ns3:hr>166</ns3:hr>
            <ns3:cad>0</ns3:cad>
          </ns3:TrackPointExtension>
        </extensions>
      </trkpt>
      <trkpt lat="37.50993962399661540985107421875" lon="127.0678772963583469390869140625">
        <ele>19.6000003814697265625</ele>
        <time>2026-09-10T10:18:08.000Z</time>
        <extensions>
          <ns3:TrackPointExtension>
            <ns3:hr>165</ns3:hr>
            <ns3:cad>0</ns3:cad>
          </ns3:TrackPointExtension>
        </extensions>
      </trkpt>
      <trkpt lat="37.50994515605270862579345703125" lon="127.0678876899182796478271484375">
        <ele>18.799999237060546875</ele>
        <time>2026-09-10T10:18:09.000Z</time>
        <extensions>
          <ns3:TrackPointExtension>
            <ns3:hr>164</ns3:hr>
            <ns3:cad>0</ns3:cad>
          </ns3:TrackPointExtension>
        </extensions>
      </trkpt>
      <trkpt lat="37.50995345413684844970703125" lon="127.06790101714432239532470703125">
        <ele>18.200000762939453125</ele>
        <time>2026-09-10T10:18:10.000Z</time>
        <extensions>
          <ns3:TrackPointExtension>
            <ns3:hr>163</ns3:hr>
            <ns3:cad>0</ns3:cad>
          </ns3:TrackPointExtension>
        </extensions>
      </trkpt>
      <trkpt lat="37.5099586509168148040771484375" lon="127.06791157834231853485107421875">
        <ele>18</ele>
        <time>2026-09-10T10:18:11.000Z</time>
        <extensions>
          <ns3:TrackPointExtension>
            <ns3:hr>162</ns3:hr>
            <ns3:cad>0</ns3:cad>
          </ns3:TrackPointExtension>
        </extensions>
      </trkpt>
      <trkpt lat="37.5099643506109714508056640625" lon="127.06791543401777744293212890625">
        <ele>17.799999237060546875</ele>
        <time>2026-09-10T10:18:12.000Z</time>
        <extensions>
          <ns3:TrackPointExtension>
            <ns3:hr>161</ns3:hr>
            <ns3:cad>0</ns3:cad>
          </ns3:TrackPointExtension>
        </extensions>
      </trkpt>
      <trkpt lat="37.50996074639260768890380859375" lon="127.06792716868221759796142578125">
        <ele>17.6000003814697265625</ele>
        <time>2026-09-10T10:18:13.000Z</time>
        <extensions>
          <ns3:TrackPointExtension>
            <ns3:hr>160</ns3:hr>
            <ns3:cad>83</ns3:cad>
          </ns3:TrackPointExtension>
        </extensions>
      </trkpt>
      <trkpt lat="37.50995756126940250396728515625" lon="127.06795482896268367767333984375">
        <ele>17.6000003814697265625</ele>
        <time>2026-09-10T10:18:14.000Z</time>
        <extensions>
          <ns3:TrackPointExtension>
            <ns3:hr>160</ns3:hr>
            <ns3:cad>83</ns3:cad>
          </ns3:TrackPointExtension>
        </extensions>
      </trkpt>
      <trkpt lat="37.50996359623968601226806640625" lon="127.06798098050057888031005859375">
        <ele>17.799999237060546875</ele>
        <time>2026-09-10T10:18:15.000Z</time>
        <extensions>
          <ns3:TrackPointExtension>
            <ns3:hr>159</ns3:hr>
            <ns3:cad>81</ns3:cad>
          </ns3:TrackPointExtension>
        </extensions>
      </trkpt>
      <trkpt lat="37.5099764205515384674072265625" lon="127.0680147595703601837158203125">
        <ele>17.799999237060546875</ele>
        <time>2026-09-10T10:18:16.000Z</time>
        <extensions>
          <ns3:TrackPointExtension>
            <ns3:hr>158</ns3:hr>
            <ns3:cad>81</ns3:cad>
          </ns3:TrackPointExtension>
        </extensions>
      </trkpt>
      <trkpt lat="37.50998203642666339874267578125" lon="127.06805641762912273406982421875">
        <ele>17.799999237060546875</ele>
        <time>2026-09-10T10:18:17.000Z</time>
        <extensions>
          <ns3:TrackPointExtension>
            <ns3:hr>158</ns3:hr>
            <ns3:cad>81</ns3:cad>
          </ns3:TrackPointExtension>
        </extensions>
      </trkpt>
      <trkpt lat="37.50999293290078639984130859375" lon="127.068087346851825714111328125">
        <ele>18</ele>
        <time>2026-09-10T10:18:18.000Z</time>
        <extensions>
          <ns3:TrackPointExtension>
            <ns3:hr>158</ns3:hr>
            <ns3:cad>82</ns3:cad>
          </ns3:TrackPointExtension>
        </extensions>
      </trkpt>
      <trkpt lat="37.51000617630779743194580078125" lon="127.06811576150357723236083984375">
        <ele>18</ele>
        <time>2026-09-10T10:18:19.000Z</time>
        <extensions>
          <ns3:TrackPointExtension>
            <ns3:hr>158</ns3:hr>
            <ns3:cad>82</ns3:cad>
          </ns3:TrackPointExtension>
        </extensions>
      </trkpt>
      <trkpt lat="37.51001439057290554046630859375" lon="127.0681321062147617340087890625">
        <ele>17.799999237060546875</ele>
        <time>2026-09-10T10:18:20.000Z</time>
        <extensions>
          <ns3:TrackPointExtension>
            <ns3:hr>158</ns3:hr>
            <ns3:cad>82</ns3:cad>
          </ns3:TrackPointExtension>
        </extensions>
      </trkpt>
      <trkpt lat="37.5100293941795825958251953125" lon="127.0681485347449779510498046875">
        <ele>17.799999237060546875</ele>
        <time>2026-09-10T10:18:21.000Z</time>
        <extensions>
          <ns3:TrackPointExtension>
            <ns3:hr>158</ns3:hr>
            <ns3:cad>82</ns3:cad>
          </ns3:TrackPointExtension>
        </extensions>
      </trkpt>
      <trkpt lat="37.51004121266305446624755859375" lon="127.06816814839839935302734375">
        <ele>17.799999237060546875</ele>
        <time>2026-09-10T10:18:22.000Z</time>
        <extensions>
          <ns3:TrackPointExtension>
            <ns3:hr>158</ns3:hr>
            <ns3:cad>80</ns3:cad>
          </ns3:TrackPointExtension>
        </extensions>
      </trkpt>
      <trkpt lat="37.51006300561130046844482421875" lon="127.0681867562234401702880859375">
        <ele>17.799999237060546875</ele>
        <time>2026-09-10T10:18:23.000Z</time>
        <extensions>
          <ns3:TrackPointExtension>
            <ns3:hr>158</ns3:hr>
            <ns3:cad>80</ns3:cad>
          </ns3:TrackPointExtension>
        </extensions>
      </trkpt>
      <trkpt lat="37.5100855529308319091796875" lon="127.068200670182704925537109375">
        <ele>17.799999237060546875</ele>
        <time>2026-09-10T10:18:24.000Z</time>
        <extensions>
          <ns3:TrackPointExtension>
            <ns3:hr>158</ns3:hr>
            <ns3:cad>80</ns3:cad>
          </ns3:TrackPointExtension>
        </extensions>
      </trkpt>
      <trkpt lat="37.5101105310022830963134765625" lon="127.0682119019329547882080078125">
        <ele>17.799999237060546875</ele>
        <time>2026-09-10T10:18:25.000Z</time>
        <extensions>
          <ns3:TrackPointExtension>
            <ns3:hr>158</ns3:hr>
            <ns3:cad>80</ns3:cad>
          </ns3:TrackPointExtension>
        </extensions>
      </trkpt>
      <trkpt lat="37.51012955792248249053955078125" lon="127.06821936182677745819091796875">
        <ele>17.799999237060546875</ele>
        <time>2026-09-10T10:18:26.000Z</time>
        <extensions>
          <ns3:TrackPointExtension>
            <ns3:hr>158</ns3:hr>
            <ns3:cad>80</ns3:cad>
          </ns3:TrackPointExtension>
        </extensions>
      </trkpt>
      <trkpt lat="37.51016157679259777069091796875" lon="127.06822824664413928985595703125">
        <ele>17.799999237060546875</ele>
        <time>2026-09-10T10:18:27.000Z</time>
        <extensions>
          <ns3:TrackPointExtension>
            <ns3:hr>157</ns3:hr>
            <ns3:cad>82</ns3:cad>
          </ns3:TrackPointExtension>
        </extensions>
      </trkpt>
      <trkpt lat="37.51020289957523345947265625" lon="127.06822807900607585906982421875">
        <ele>17.799999237060546875</ele>
        <time>2026-09-10T10:18:28.000Z</time>
        <extensions>
          <ns3:TrackPointExtension>
            <ns3:hr>157</ns3:hr>
            <ns3:cad>82</ns3:cad>
          </ns3:TrackPointExtension>
        </extensions>
      </trkpt>
      <trkpt lat="37.51023902557790279388427734375" lon="127.0682055316865444183349609375">
        <ele>18</ele>
        <time>2026-09-10T10:18:29.000Z</time>
        <extensions>
          <ns3:TrackPointExtension>
            <ns3:hr>157</ns3:hr>
            <ns3:cad>82</ns3:cad>
          </ns3:TrackPointExtension>
        </extensions>
      </trkpt>
      <trkpt lat="37.5102842040359973907470703125" lon="127.068168483674526214599609375">
        <ele>18</ele>
        <time>2026-09-10T10:18:30.000Z</time>
        <extensions>
          <ns3:TrackPointExtension>
            <ns3:hr>156</ns3:hr>
            <ns3:cad>84</ns3:cad>
          </ns3:TrackPointExtension>
        </extensions>
      </trkpt>
      <trkpt lat="37.51031613908708095550537109375" lon="127.06816320307552814483642578125">
        <ele>18.200000762939453125</ele>
        <time>2026-09-10T10:18:31.000Z</time>
        <extensions>
          <ns3:TrackPointExtension>
            <ns3:hr>156</ns3:hr>
            <ns3:cad>85</ns3:cad>
          </ns3:TrackPointExtension>
        </extensions>
      </trkpt>
      <trkpt lat="37.510352768003940582275390625" lon="127.0681455172598361968994140625">
        <ele>18.200000762939453125</ele>
        <time>2026-09-10T10:18:32.000Z</time>
        <extensions>
          <ns3:TrackPointExtension>
            <ns3:hr>155</ns3:hr>
            <ns3:cad>85</ns3:cad>
          </ns3:TrackPointExtension>
        </extensions>
      </trkpt>
      <trkpt lat="37.5103886425495147705078125" lon="127.0681106485426425933837890625">
        <ele>18.200000762939453125</ele>
        <time>2026-09-10T10:18:33.000Z</time>
        <extensions>
          <ns3:TrackPointExtension>
            <ns3:hr>152</ns3:hr>
            <ns3:cad>84</ns3:cad>
          </ns3:TrackPointExtension>
        </extensions>
      </trkpt>
      <trkpt lat="37.5104250200092792510986328125" lon="127.06807904876768589019775390625">
        <ele>18.200000762939453125</ele>
        <time>2026-09-10T10:18:34.000Z</time>
        <extensions>
          <ns3:TrackPointExtension>
            <ns3:hr>144</ns3:hr>
            <ns3:cad>83</ns3:cad>
          </ns3:TrackPointExtension>
        </extensions>
      </trkpt>
      <trkpt lat="37.5104588828980922698974609375" lon="127.06806764937937259674072265625">
        <ele>18.200000762939453125</ele>
        <time>2026-09-10T10:18:35.000Z</time>
        <extensions>
          <ns3:TrackPointExtension>
            <ns3:hr>133</ns3:hr>
            <ns3:cad>83</ns3:cad>
          </ns3:TrackPointExtension>
        </extensions>
      </trkpt>
      <trkpt lat="37.51049500890076160430908203125" lon="127.068056501448154449462890625">
        <ele>18</ele>
        <time>2026-09-10T10:18:36.000Z</time>
        <extensions>
          <ns3:TrackPointExtension>
            <ns3:hr>131</ns3:hr>
            <ns3:cad>83</ns3:cad>
          </ns3:TrackPointExtension>
        </extensions>
      </trkpt>
      <trkpt lat="37.51053071580827236175537109375" lon="127.068047113716602325439453125">
        <ele>18</ele>
        <time>2026-09-10T10:18:37.000Z</time>
        <extensions>
          <ns3:TrackPointExtension>
            <ns3:hr>130</ns3:hr>
            <ns3:cad>83</ns3:cad>
          </ns3:TrackPointExtension>
        </extensions>
      </trkpt>
      <trkpt lat="37.51057178713381290435791015625" lon="127.0680432580411434173583984375">
        <ele>18</ele>
        <time>2026-09-10T10:18:38.000Z</time>
        <extensions>
          <ns3:TrackPointExtension>
            <ns3:hr>130</ns3:hr>
            <ns3:cad>83</ns3:cad>
          </ns3:TrackPointExtension>
        </extensions>
      </trkpt>
      <trkpt lat="37.51060917042195796966552734375" lon="127.06803512759506702423095703125">
        <ele>17.799999237060546875</ele>
        <time>2026-09-10T10:18:39.000Z</time>
        <extensions>
          <ns3:TrackPointExtension>
            <ns3:hr>130</ns3:hr>
            <ns3:cad>83</ns3:cad>
          </ns3:TrackPointExtension>
        </extensions>
      </trkpt>
      <trkpt lat="37.510655857622623443603515625" lon="127.06802733242511749267578125">
        <ele>17.3999996185302734375</ele>
        <time>2026-09-10T10:18:40.000Z</time>
        <extensions>
          <ns3:TrackPointExtension>
            <ns3:hr>130</ns3:hr>
            <ns3:cad>83</ns3:cad>
          </ns3:TrackPointExtension>
        </extensions>
      </trkpt>
      <trkpt lat="37.5106952525675296783447265625" lon="127.06801819615066051483154296875">
        <ele>17.200000762939453125</ele>
        <time>2026-09-10T10:18:41.000Z</time>
        <extensions>
          <ns3:TrackPointExtension>
            <ns3:hr>130</ns3:hr>
            <ns3:cad>83</ns3:cad>
          </ns3:TrackPointExtension>
        </extensions>
      </trkpt>
      <trkpt lat="37.5107374973595142364501953125" lon="127.06801526248455047607421875">
        <ele>17.200000762939453125</ele>
        <time>2026-09-10T10:18:42.000Z</time>
        <extensions>
          <ns3:TrackPointExtension>
            <ns3:hr>130</ns3:hr>
            <ns3:cad>83</ns3:cad>
          </ns3:TrackPointExtension>
        </extensions>
      </trkpt>
      <trkpt lat="37.510777898132801055908203125" lon="127.068014927208423614501953125">
        <ele>17</ele>
        <time>2026-09-10T10:18:43.000Z</time>
        <extensions>
          <ns3:TrackPointExtension>
            <ns3:hr>130</ns3:hr>
            <ns3:cad>83</ns3:cad>
          </ns3:TrackPointExtension>
        </extensions>
      </trkpt>
      <trkpt lat="37.51080832444131374359130859375" lon="127.0680110715329647064208984375">
        <ele>16.799999237060546875</ele>
        <time>2026-09-10T10:18:44.000Z</time>
        <extensions>
          <ns3:TrackPointExtension>
            <ns3:hr>131</ns3:hr>
            <ns3:cad>83</ns3:cad>
          </ns3:TrackPointExtension>
        </extensions>
      </trkpt>
      <trkpt lat="37.51085392199456691741943359375" lon="127.06801660358905792236328125">
        <ele>17</ele>
        <time>2026-09-10T10:18:45.000Z</time>
        <extensions>
          <ns3:TrackPointExtension>
            <ns3:hr>132</ns3:hr>
            <ns3:cad>84</ns3:cad>
          </ns3:TrackPointExtension>
        </extensions>
      </trkpt>
      <trkpt lat="37.51088795252144336700439453125" lon="127.068022973835468292236328125">
        <ele>16.799999237060546875</ele>
        <time>2026-09-10T10:18:46.000Z</time>
        <extensions>
          <ns3:TrackPointExtension>
            <ns3:hr>133</ns3:hr>
            <ns3:cad>84</ns3:cad>
          </ns3:TrackPointExtension>
        </extensions>
      </trkpt>
      <trkpt lat="37.5109272636473178863525390625" lon="127.0680402405560016632080078125">
        <ele>16.799999237060546875</ele>
        <time>2026-09-10T10:18:47.000Z</time>
        <extensions>
          <ns3:TrackPointExtension>
            <ns3:hr>134</ns3:hr>
            <ns3:cad>84</ns3:cad>
          </ns3:TrackPointExtension>
        </extensions>
      </trkpt>
      <trkpt lat="37.51096188090741634368896484375" lon="127.0680586807429790496826171875">
        <ele>16.6000003814697265625</ele>
        <time>2026-09-10T10:18:48.000Z</time>
        <extensions>
          <ns3:TrackPointExtension>
            <ns3:hr>134</ns3:hr>
            <ns3:cad>84</ns3:cad>
          </ns3:TrackPointExtension>
        </extensions>
      </trkpt>
      <trkpt lat="37.51099255867302417755126953125" lon="127.068073935806751251220703125">
        <ele>16.6000003814697265625</ele>
        <time>2026-09-10T10:18:49.000Z</time>
        <extensions>
          <ns3:TrackPointExtension>
            <ns3:hr>134</ns3:hr>
            <ns3:cad>84</ns3:cad>
          </ns3:TrackPointExtension>
        </extensions>
      </trkpt>
      <trkpt lat="37.511027343571186065673828125" lon="127.06809916533529758453369140625">
        <ele>16.3999996185302734375</ele>
        <time>2026-09-10T10:18:50.000Z</time>
        <extensions>
          <ns3:TrackPointExtension>
            <ns3:hr>135</ns3:hr>
            <ns3:cad>84</ns3:cad>
          </ns3:TrackPointExtension>
        </extensions>
      </trkpt>
      <trkpt lat="37.51105718314647674560546875" lon="127.06810972653329372406005859375">
        <ele>16.200000762939453125</ele>
        <time>2026-09-10T10:18:51.000Z</time>
        <extensions>
          <ns3:TrackPointExtension>
            <ns3:hr>135</ns3:hr>
            <ns3:cad>84</ns3:cad>
          </ns3:TrackPointExtension>
        </extensions>
      </trkpt>
      <trkpt lat="37.51109565608203411102294921875" lon="127.0681178569793701171875">
        <ele>16</ele>
        <time>2026-09-10T10:18:52.000Z</time>
        <extensions>
          <ns3:TrackPointExtension>
            <ns3:hr>136</ns3:hr>
            <ns3:cad>84</ns3:cad>
          </ns3:TrackPointExtension>
        </extensions>
      </trkpt>
      <trkpt lat="37.51113119535148143768310546875" lon="127.0681173540651798248291015625">
        <ele>15.80000019073486328125</ele>
        <time>2026-09-10T10:18:53.000Z</time>
        <extensions>
          <ns3:TrackPointExtension>
            <ns3:hr>136</ns3:hr>
            <ns3:cad>83</ns3:cad>
          </ns3:TrackPointExtension>
        </extensions>
      </trkpt>
      <trkpt lat="37.511160783469676971435546875" lon="127.0681062899529933929443359375">
        <ele>15.80000019073486328125</ele>
        <time>2026-09-10T10:18:54.000Z</time>
        <extensions>
          <ns3:TrackPointExtension>
            <ns3:hr>136</ns3:hr>
            <ns3:cad>83</ns3:cad>
          </ns3:TrackPointExtension>
        </extensions>
      </trkpt>
      <trkpt lat="37.51119690947234630584716796875" lon="127.068097405135631561279296875">
        <ele>15.80000019073486328125</ele>
        <time>2026-09-10T10:18:55.000Z</time>
        <extensions>
          <ns3:TrackPointExtension>
            <ns3:hr>136</ns3:hr>
            <ns3:cad>83</ns3:cad>
          </ns3:TrackPointExtension>
        </extensions>
      </trkpt>
      <trkpt lat="37.51121811568737030029296875" lon="127.068088687956333160400390625">
        <ele>15.80000019073486328125</ele>
        <time>2026-09-10T10:18:56.000Z</time>
        <extensions>
          <ns3:TrackPointExtension>
            <ns3:hr>137</ns3:hr>
            <ns3:cad>83</ns3:cad>
          </ns3:TrackPointExtension>
        </extensions>
      </trkpt>
      <trkpt lat="37.51125625334680080413818359375" lon="127.0680789649486541748046875">
        <ele>16</ele>
        <time>2026-09-10T10:18:57.000Z</time>
        <extensions>
          <ns3:TrackPointExtension>
            <ns3:hr>136</ns3:hr>
            <ns3:cad>83</ns3:cad>
          </ns3:TrackPointExtension>
        </extensions>
      </trkpt>
      <trkpt lat="37.51128776930272579193115234375" lon="127.0680720917880535125732421875">
        <ele>15.80000019073486328125</ele>
        <time>2026-09-10T10:18:58.000Z</time>
        <extensions>
          <ns3:TrackPointExtension>
            <ns3:hr>136</ns3:hr>
            <ns3:cad>83</ns3:cad>
          </ns3:TrackPointExtension>
        </extensions>
      </trkpt>
      <trkpt lat="37.5113135017454624176025390625" lon="127.0680616982281208038330078125">
        <ele>15.80000019073486328125</ele>
        <time>2026-09-10T10:18:59.000Z</time>
        <extensions>
          <ns3:TrackPointExtension>
            <ns3:hr>136</ns3:hr>
            <ns3:cad>83</ns3:cad>
          </ns3:TrackPointExtension>
        </extensions>
      </trkpt>
      <trkpt lat="37.51134979538619518280029296875" lon="127.06805155612528324127197265625">
        <ele>15.80000019073486328125</ele>
        <time>2026-09-10T10:19:00.000Z</time>
        <extensions>
          <ns3:TrackPointExtension>
            <ns3:hr>137</ns3:hr>
            <ns3:cad>83</ns3:cad>
          </ns3:TrackPointExtension>
        </extensions>
      </trkpt>
      <trkpt lat="37.511377036571502685546875" lon="127.06804367713630199432373046875">
        <ele>15.80000019073486328125</ele>
        <time>2026-09-10T10:19:01.000Z</time>
        <extensions>
          <ns3:TrackPointExtension>
            <ns3:hr>137</ns3:hr>
            <ns3:cad>83</ns3:cad>
          </ns3:TrackPointExtension>
        </extensions>
      </trkpt>
      <trkpt lat="37.51141131855547428131103515625" lon="127.06803814508020877838134765625">
        <ele>15.6000003814697265625</ele>
        <time>2026-09-10T10:19:02.000Z</time>
        <extensions>
          <ns3:TrackPointExtension>
            <ns3:hr>137</ns3:hr>
            <ns3:cad>84</ns3:cad>
          </ns3:TrackPointExtension>
        </extensions>
      </trkpt>
      <trkpt lat="37.5114427506923675537109375" lon="127.0680342055857181549072265625">
        <ele>15.80000019073486328125</ele>
        <time>2026-09-10T10:19:03.000Z</time>
        <extensions>
          <ns3:TrackPointExtension>
            <ns3:hr>137</ns3:hr>
            <ns3:cad>84</ns3:cad>
          </ns3:TrackPointExtension>
        </extensions>
      </trkpt>
      <trkpt lat="37.51146890223026275634765625" lon="127.06802942790091037750244140625">
        <ele>15.80000019073486328125</ele>
        <time>2026-09-10T10:19:04.000Z</time>
        <extensions>
          <ns3:TrackPointExtension>
            <ns3:hr>137</ns3:hr>
            <ns3:cad>84</ns3:cad>
          </ns3:TrackPointExtension>
        </extensions>
      </trkpt>
      <trkpt lat="37.51150888390839099884033203125" lon="127.068026997148990631103515625">
        <ele>15.80000019073486328125</ele>
        <time>2026-09-10T10:19:05.000Z</time>
        <extensions>
          <ns3:TrackPointExtension>
            <ns3:hr>137</ns3:hr>
            <ns3:cad>84</ns3:cad>
          </ns3:TrackPointExtension>
        </extensions>
      </trkpt>
      <trkpt lat="37.51153855584561824798583984375" lon="127.06801903434097766876220703125">
        <ele>15.80000019073486328125</ele>
        <time>2026-09-10T10:19:06.000Z</time>
        <extensions>
          <ns3:TrackPointExtension>
            <ns3:hr>137</ns3:hr>
            <ns3:cad>84</ns3:cad>
          </ns3:TrackPointExtension>
        </extensions>
      </trkpt>
      <trkpt lat="37.51157627440989017486572265625" lon="127.06801333464682102203369140625">
        <ele>15.80000019073486328125</ele>
        <time>2026-09-10T10:19:07.000Z</time>
        <extensions>
          <ns3:TrackPointExtension>
            <ns3:hr>137</ns3:hr>
            <ns3:cad>84</ns3:cad>
          </ns3:TrackPointExtension>
        </extensions>
      </trkpt>
      <trkpt lat="37.511612735688686370849609375" lon="127.0680117420852184295654296875">
        <ele>15.80000019073486328125</ele>
        <time>2026-09-10T10:19:08.000Z</time>
        <extensions>
          <ns3:TrackPointExtension>
            <ns3:hr>138</ns3:hr>
            <ns3:cad>84</ns3:cad>
          </ns3:TrackPointExtension>
        </extensions>
      </trkpt>
      <trkpt lat="37.511648274958133697509765625" lon="127.06800109706819057464599609375">
        <ele>15.80000019073486328125</ele>
        <time>2026-09-10T10:19:09.000Z</time>
        <extensions>
          <ns3:TrackPointExtension>
            <ns3:hr>138</ns3:hr>
            <ns3:cad>84</ns3:cad>
          </ns3:TrackPointExtension>
        </extensions>
      </trkpt>
      <trkpt lat="37.51168473623692989349365234375" lon="127.06800595857203006744384765625">
        <ele>15.80000019073486328125</ele>
        <time>2026-09-10T10:19:10.000Z</time>
        <extensions>
          <ns3:TrackPointExtension>
            <ns3:hr>139</ns3:hr>
            <ns3:cad>84</ns3:cad>
          </ns3:TrackPointExtension>
        </extensions>
      </trkpt>
      <trkpt lat="37.5117111392319202423095703125" lon="127.06799321807920932769775390625">
        <ele>15.80000019073486328125</ele>
        <time>2026-09-10T10:19:11.000Z</time>
        <extensions>
          <ns3:TrackPointExtension>
            <ns3:hr>139</ns3:hr>
            <ns3:cad>84</ns3:cad>
          </ns3:TrackPointExtension>
        </extensions>
      </trkpt>
      <trkpt lat="37.51174919307231903076171875" lon="127.06798986531794071197509765625">
        <ele>15.80000019073486328125</ele>
        <time>2026-09-10T10:19:12.000Z</time>
        <extensions>
          <ns3:TrackPointExtension>
            <ns3:hr>139</ns3:hr>
            <ns3:cad>83</ns3:cad>
          </ns3:TrackPointExtension>
        </extensions>
      </trkpt>
      <trkpt lat="37.5117808766663074493408203125" lon="127.067984081804752349853515625">
        <ele>15.80000019073486328125</ele>
        <time>2026-09-10T10:19:13.000Z</time>
        <extensions>
          <ns3:TrackPointExtension>
            <ns3:hr>140</ns3:hr>
            <ns3:cad>83</ns3:cad>
          </ns3:TrackPointExtension>
        </extensions>
      </trkpt>
      <trkpt lat="37.5118120573461055755615234375" lon="127.06797477789223194122314453125">
        <ele>15.80000019073486328125</ele>
        <time>2026-09-10T10:19:14.000Z</time>
        <extensions>
          <ns3:TrackPointExtension>
            <ns3:hr>140</ns3:hr>
            <ns3:cad>83</ns3:cad>
          </ns3:TrackPointExtension>
        </extensions>
      </trkpt>
      <trkpt lat="37.51184977591037750244140625" lon="127.06797025166451930999755859375">
        <ele>15.80000019073486328125</ele>
        <time>2026-09-10T10:19:15.000Z</time>
        <extensions>
          <ns3:TrackPointExtension>
            <ns3:hr>140</ns3:hr>
            <ns3:cad>83</ns3:cad>
          </ns3:TrackPointExtension>
        </extensions>
      </trkpt>
      <trkpt lat="37.51187332905828952789306640625" lon="127.06796455197036266326904296875">
        <ele>15.80000019073486328125</ele>
        <time>2026-09-10T10:19:16.000Z</time>
        <extensions>
          <ns3:TrackPointExtension>
            <ns3:hr>140</ns3:hr>
            <ns3:cad>84</ns3:cad>
          </ns3:TrackPointExtension>
        </extensions>
      </trkpt>
      <trkpt lat="37.51191280782222747802734375" lon="127.067960612475872039794921875">
        <ele>16</ele>
        <time>2026-09-10T10:19:17.000Z</time>
        <extensions>
          <ns3:TrackPointExtension>
            <ns3:hr>140</ns3:hr>
            <ns3:cad>84</ns3:cad>
          </ns3:TrackPointExtension>
        </extensions>
      </trkpt>
      <trkpt lat="37.51194776035845279693603515625" lon="127.06795298494398593902587890625">
        <ele>16</ele>
        <time>2026-09-10T10:19:18.000Z</time>
        <extensions>
          <ns3:TrackPointExtension>
            <ns3:hr>140</ns3:hr>
            <ns3:cad>84</ns3:cad>
          </ns3:TrackPointExtension>
        </extensions>
      </trkpt>
      <trkpt lat="37.51197927631437778472900390625" lon="127.06794242374598979949951171875">
        <ele>16</ele>
        <time>2026-09-10T10:19:19.000Z</time>
        <extensions>
          <ns3:TrackPointExtension>
            <ns3:hr>140</ns3:hr>
            <ns3:cad>84</ns3:cad>
          </ns3:TrackPointExtension>
        </extensions>
      </trkpt>
      <trkpt lat="37.5120162405073642730712890625" lon="127.067935131490230560302734375">
        <ele>16</ele>
        <time>2026-09-10T10:19:20.000Z</time>
        <extensions>
          <ns3:TrackPointExtension>
            <ns3:hr>141</ns3:hr>
            <ns3:cad>84</ns3:cad>
          </ns3:TrackPointExtension>
        </extensions>
      </trkpt>
      <trkpt lat="37.512044571340084075927734375" lon="127.06792230717837810516357421875">
        <ele>16</ele>
        <time>2026-09-10T10:19:21.000Z</time>
        <extensions>
          <ns3:TrackPointExtension>
            <ns3:hr>140</ns3:hr>
            <ns3:cad>84</ns3:cad>
          </ns3:TrackPointExtension>
        </extensions>
      </trkpt>
      <trkpt lat="37.51207902096211910247802734375" lon="127.0679145120084285736083984375">
        <ele>15.80000019073486328125</ele>
        <time>2026-09-10T10:19:22.000Z</time>
        <extensions>
          <ns3:TrackPointExtension>
            <ns3:hr>141</ns3:hr>
            <ns3:cad>84</ns3:cad>
          </ns3:TrackPointExtension>
        </extensions>
      </trkpt>
      <trkpt lat="37.512104921042919158935546875" lon="127.06791333854198455810546875">
        <ele>15.80000019073486328125</ele>
        <time>2026-09-10T10:19:23.000Z</time>
        <extensions>
          <ns3:TrackPointExtension>
            <ns3:hr>141</ns3:hr>
            <ns3:cad>84</ns3:cad>
          </ns3:TrackPointExtension>
        </extensions>
      </trkpt>
      <trkpt lat="37.51213853247463703155517578125" lon="127.0679041184484958648681640625">
        <ele>15.80000019073486328125</ele>
        <time>2026-09-10T10:19:24.000Z</time>
        <extensions>
          <ns3:TrackPointExtension>
            <ns3:hr>141</ns3:hr>
            <ns3:cad>84</ns3:cad>
          </ns3:TrackPointExtension>
        </extensions>
      </trkpt>
      <trkpt lat="37.51217692159116268157958984375" lon="127.06790353171527385711669921875">
        <ele>15.80000019073486328125</ele>
        <time>2026-09-10T10:19:25.000Z</time>
        <extensions>
          <ns3:TrackPointExtension>
            <ns3:hr>141</ns3:hr>
            <ns3:cad>84</ns3:cad>
          </ns3:TrackPointExtension>
        </extensions>
      </trkpt>
      <trkpt lat="37.51220458187162876129150390625" lon="127.06789464689791202545166015625">
        <ele>15.80000019073486328125</ele>
        <time>2026-09-10T10:19:26.000Z</time>
        <extensions>
          <ns3:TrackPointExtension>
            <ns3:hr>141</ns3:hr>
            <ns3:cad>84</ns3:cad>
          </ns3:TrackPointExtension>
        </extensions>
      </trkpt>
      <trkpt lat="37.51223878003656864166259765625" lon="127.06788928247988224029541015625">
        <ele>15.80000019073486328125</ele>
        <time>2026-09-10T10:19:27.000Z</time>
        <extensions>
          <ns3:TrackPointExtension>
            <ns3:hr>141</ns3:hr>
            <ns3:cad>84</ns3:cad>
          </ns3:TrackPointExtension>
        </extensions>
      </trkpt>
      <trkpt lat="37.5122687034308910369873046875" lon="127.06787872128188610076904296875">
        <ele>15.80000019073486328125</ele>
        <time>2026-09-10T10:19:28.000Z</time>
        <extensions>
          <ns3:TrackPointExtension>
            <ns3:hr>141</ns3:hr>
            <ns3:cad>84</ns3:cad>
          </ns3:TrackPointExtension>
        </extensions>
      </trkpt>
      <trkpt lat="37.51230114139616489410400390625" lon="127.06787033937871456146240234375">
        <ele>15.80000019073486328125</ele>
        <time>2026-09-10T10:19:29.000Z</time>
        <extensions>
          <ns3:TrackPointExtension>
            <ns3:hr>141</ns3:hr>
            <ns3:cad>84</ns3:cad>
          </ns3:TrackPointExtension>
        </extensions>
      </trkpt>
      <trkpt lat="37.512338273227214813232421875" lon="127.0678643882274627685546875">
        <ele>15.80000019073486328125</ele>
        <time>2026-09-10T10:19:30.000Z</time>
        <extensions>
          <ns3:TrackPointExtension>
            <ns3:hr>141</ns3:hr>
            <ns3:cad>84</ns3:cad>
          </ns3:TrackPointExtension>
        </extensions>
      </trkpt>
      <trkpt lat="37.51236450858414173126220703125" lon="127.06785625778138637542724609375">
        <ele>15.80000019073486328125</ele>
        <time>2026-09-10T10:19:31.000Z</time>
        <extensions>
          <ns3:TrackPointExtension>
            <ns3:hr>140</ns3:hr>
            <ns3:cad>83</ns3:cad>
          </ns3:TrackPointExtension>
        </extensions>
      </trkpt>
      <trkpt lat="37.5124051608145236968994140625" lon="127.06785558722913265228271484375">
        <ele>15.80000019073486328125</ele>
        <time>2026-09-10T10:19:32.000Z</time>
        <extensions>
          <ns3:TrackPointExtension>
            <ns3:hr>141</ns3:hr>
            <ns3:cad>83</ns3:cad>
          </ns3:TrackPointExtension>
        </extensions>
      </trkpt>
      <trkpt lat="37.51243340782821178436279296875" lon="127.06784603185951709747314453125">
        <ele>16</ele>
        <time>2026-09-10T10:19:33.000Z</time>
        <extensions>
          <ns3:TrackPointExtension>
            <ns3:hr>141</ns3:hr>
            <ns3:cad>83</ns3:cad>
          </ns3:TrackPointExtension>
        </extensions>
      </trkpt>
      <trkpt lat="37.5124668516218662261962890625" lon="127.06783689558506011962890625">
        <ele>16</ele>
        <time>2026-09-10T10:19:34.000Z</time>
        <extensions>
          <ns3:TrackPointExtension>
            <ns3:hr>141</ns3:hr>
            <ns3:cad>84</ns3:cad>
          </ns3:TrackPointExtension>
        </extensions>
      </trkpt>
      <trkpt lat="37.512501887977123260498046875" lon="127.067836560308933258056640625">
        <ele>16</ele>
        <time>2026-09-10T10:19:35.000Z</time>
        <extensions>
          <ns3:TrackPointExtension>
            <ns3:hr>142</ns3:hr>
            <ns3:cad>83</ns3:cad>
          </ns3:TrackPointExtension>
        </extensions>
      </trkpt>
      <trkpt lat="37.51252661459147930145263671875" lon="127.0678280107676982879638671875">
        <ele>16</ele>
        <time>2026-09-10T10:19:36.000Z</time>
        <extensions>
          <ns3:TrackPointExtension>
            <ns3:hr>142</ns3:hr>
            <ns3:cad>83</ns3:cad>
          </ns3:TrackPointExtension>
        </extensions>
      </trkpt>
      <trkpt lat="37.5125647522509098052978515625" lon="127.06782407127320766448974609375">
        <ele>16</ele>
        <time>2026-09-10T10:19:37.000Z</time>
        <extensions>
          <ns3:TrackPointExtension>
            <ns3:hr>143</ns3:hr>
            <ns3:cad>83</ns3:cad>
          </ns3:TrackPointExtension>
        </extensions>
      </trkpt>
      <trkpt lat="37.5125895626842975616455078125" lon="127.0678125880658626556396484375">
        <ele>16</ele>
        <time>2026-09-10T10:19:38.000Z</time>
        <extensions>
          <ns3:TrackPointExtension>
            <ns3:hr>143</ns3:hr>
            <ns3:cad>83</ns3:cad>
          </ns3:TrackPointExtension>
        </extensions>
      </trkpt>
      <trkpt lat="37.51262032426893711090087890625" lon="127.06780546344816684722900390625">
        <ele>16</ele>
        <time>2026-09-10T10:19:39.000Z</time>
        <extensions>
          <ns3:TrackPointExtension>
            <ns3:hr>143</ns3:hr>
            <ns3:cad>83</ns3:cad>
          </ns3:TrackPointExtension>
        </extensions>
      </trkpt>
      <trkpt lat="37.51265904866158962249755859375" lon="127.06780462525784969329833984375">
        <ele>16</ele>
        <time>2026-09-10T10:19:40.000Z</time>
        <extensions>
          <ns3:TrackPointExtension>
            <ns3:hr>144</ns3:hr>
            <ns3:cad>83</ns3:cad>
          </ns3:TrackPointExtension>
        </extensions>
      </trkpt>
      <trkpt lat="37.5126861222088336944580078125" lon="127.0677971653640270233154296875">
        <ele>16</ele>
        <time>2026-09-10T10:19:41.000Z</time>
        <extensions>
          <ns3:TrackPointExtension>
            <ns3:hr>144</ns3:hr>
            <ns3:cad>83</ns3:cad>
          </ns3:TrackPointExtension>
        </extensions>
      </trkpt>
      <trkpt lat="37.5127246789634227752685546875" lon="127.0677881129086017608642578125">
        <ele>16</ele>
        <time>2026-09-10T10:19:42.000Z</time>
        <extensions>
          <ns3:TrackPointExtension>
            <ns3:hr>144</ns3:hr>
            <ns3:cad>84</ns3:cad>
          </ns3:TrackPointExtension>
        </extensions>
      </trkpt>
      <trkpt lat="37.51275644637644290924072265625" lon="127.06777947954833507537841796875">
        <ele>16.200000762939453125</ele>
        <time>2026-09-10T10:19:43.000Z</time>
        <extensions>
          <ns3:TrackPointExtension>
            <ns3:hr>144</ns3:hr>
            <ns3:cad>84</ns3:cad>
          </ns3:TrackPointExtension>
        </extensions>
      </trkpt>
      <trkpt lat="37.512791566550731658935546875" lon="127.06777093000710010528564453125">
        <ele>16.200000762939453125</ele>
        <time>2026-09-10T10:19:44.000Z</time>
        <extensions>
          <ns3:TrackPointExtension>
            <ns3:hr>144</ns3:hr>
            <ns3:cad>84</ns3:cad>
          </ns3:TrackPointExtension>
        </extensions>
      </trkpt>
      <trkpt lat="37.5128323026001453399658203125" lon="127.06776824779808521270751953125">
        <ele>16.200000762939453125</ele>
        <time>2026-09-10T10:19:45.000Z</time>
        <extensions>
          <ns3:TrackPointExtension>
            <ns3:hr>144</ns3:hr>
            <ns3:cad>84</ns3:cad>
          </ns3:TrackPointExtension>
        </extensions>
      </trkpt>
      <trkpt lat="37.51285820268094539642333984375" lon="127.067762129008769989013671875">
        <ele>16.200000762939453125</ele>
        <time>2026-09-10T10:19:46.000Z</time>
        <extensions>
          <ns3:TrackPointExtension>
            <ns3:hr>144</ns3:hr>
            <ns3:cad>84</ns3:cad>
          </ns3:TrackPointExtension>
        </extensions>
      </trkpt>
      <trkpt lat="37.51289826817810535430908203125" lon="127.06776036880910396575927734375">
        <ele>16.200000762939453125</ele>
        <time>2026-09-10T10:19:47.000Z</time>
        <extensions>
          <ns3:TrackPointExtension>
            <ns3:hr>144</ns3:hr>
            <ns3:cad>84</ns3:cad>
          </ns3:TrackPointExtension>
        </extensions>
      </trkpt>
      <trkpt lat="37.512925677001476287841796875" lon="127.0677544176578521728515625">
        <ele>16.3999996185302734375</ele>
        <time>2026-09-10T10:19:48.000Z</time>
        <extensions>
          <ns3:TrackPointExtension>
            <ns3:hr>145</ns3:hr>
            <ns3:cad>84</ns3:cad>
          </ns3:TrackPointExtension>
        </extensions>
      </trkpt>
      <trkpt lat="37.51295576803386211395263671875" lon="127.06774494610726833343505859375">
        <ele>16.6000003814697265625</ele>
        <time>2026-09-10T10:19:49.000Z</time>
        <extensions>
          <ns3:TrackPointExtension>
            <ns3:hr>145</ns3:hr>
            <ns3:cad>84</ns3:cad>
          </ns3:TrackPointExtension>
        </extensions>
      </trkpt>
      <trkpt lat="37.5129903852939605712890625" lon="127.0677492208778858184814453125">
        <ele>16.6000003814697265625</ele>
        <time>2026-09-10T10:19:50.000Z</time>
        <extensions>
          <ns3:TrackPointExtension>
            <ns3:hr>145</ns3:hr>
            <ns3:cad>84</ns3:cad>
          </ns3:TrackPointExtension>
        </extensions>
      </trkpt>
      <trkpt lat="37.51301586627960205078125" lon="127.0677436888217926025390625">
        <ele>16.6000003814697265625</ele>
        <time>2026-09-10T10:19:51.000Z</time>
        <extensions>
          <ns3:TrackPointExtension>
            <ns3:hr>146</ns3:hr>
            <ns3:cad>84</ns3:cad>
          </ns3:TrackPointExtension>
        </extensions>
      </trkpt>
      <trkpt lat="37.51304947771131992340087890625" lon="127.067733965814113616943359375">
        <ele>16.3999996185302734375</ele>
        <time>2026-09-10T10:19:52.000Z</time>
        <extensions>
          <ns3:TrackPointExtension>
            <ns3:hr>146</ns3:hr>
            <ns3:cad>84</ns3:cad>
          </ns3:TrackPointExtension>
        </extensions>
      </trkpt>
      <trkpt lat="37.51308183185756206512451171875" lon="127.067728601396083831787109375">
        <ele>16.200000762939453125</ele>
        <time>2026-09-10T10:19:53.000Z</time>
        <extensions>
          <ns3:TrackPointExtension>
            <ns3:hr>146</ns3:hr>
            <ns3:cad>84</ns3:cad>
          </ns3:TrackPointExtension>
        </extensions>
      </trkpt>
      <trkpt lat="37.51311066560447216033935546875" lon="127.06772214733064174652099609375">
        <ele>16</ele>
        <time>2026-09-10T10:19:54.000Z</time>
        <extensions>
          <ns3:TrackPointExtension>
            <ns3:hr>146</ns3:hr>
            <ns3:cad>83</ns3:cad>
          </ns3:TrackPointExtension>
        </extensions>
      </trkpt>
      <trkpt lat="37.5131444446742534637451171875" lon="127.06772021949291229248046875">
        <ele>16</ele>
        <time>2026-09-10T10:19:55.000Z</time>
        <extensions>
          <ns3:TrackPointExtension>
            <ns3:hr>146</ns3:hr>
            <ns3:cad>83</ns3:cad>
          </ns3:TrackPointExtension>
        </extensions>
      </trkpt>
      <trkpt lat="37.51316464506089687347412109375" lon="127.06771577708423137664794921875">
        <ele>16</ele>
        <time>2026-09-10T10:19:56.000Z</time>
        <extensions>
          <ns3:TrackPointExtension>
            <ns3:hr>146</ns3:hr>
            <ns3:cad>83</ns3:cad>
          </ns3:TrackPointExtension>
        </extensions>
      </trkpt>
      <trkpt lat="37.51319867558777332305908203125" lon="127.0677073113620281219482421875">
        <ele>16</ele>
        <time>2026-09-10T10:19:57.000Z</time>
        <extensions>
          <ns3:TrackPointExtension>
            <ns3:hr>147</ns3:hr>
            <ns3:cad>83</ns3:cad>
          </ns3:TrackPointExtension>
        </extensions>
      </trkpt>
      <trkpt lat="37.5132317841053009033203125" lon="127.06770169548690319061279296875">
        <ele>16</ele>
        <time>2026-09-10T10:19:58.000Z</time>
        <extensions>
          <ns3:TrackPointExtension>
            <ns3:hr>146</ns3:hr>
            <ns3:cad>83</ns3:cad>
          </ns3:TrackPointExtension>
        </extensions>
      </trkpt>
      <trkpt lat="37.513263635337352752685546875" lon="127.0676969178020954132080078125">
        <ele>16</ele>
        <time>2026-09-10T10:19:59.000Z</time>
        <extensions>
          <ns3:TrackPointExtension>
            <ns3:hr>146</ns3:hr>
            <ns3:cad>83</ns3:cad>
          </ns3:TrackPointExtension>
        </extensions>
      </trkpt>
      <trkpt lat="37.5133013539016246795654296875" lon="127.067697085440158843994140625">
        <ele>16</ele>
        <time>2026-09-10T10:20:00.000Z</time>
        <extensions>
          <ns3:TrackPointExtension>
            <ns3:hr>147</ns3:hr>
            <ns3:cad>84</ns3:cad>
          </ns3:TrackPointExtension>
        </extensions>
      </trkpt>
      <trkpt lat="37.51333295367658138275146484375" lon="127.06769348122179508209228515625">
        <ele>16</ele>
        <time>2026-09-10T10:20:01.000Z</time>
        <extensions>
          <ns3:TrackPointExtension>
            <ns3:hr>146</ns3:hr>
            <ns3:cad>84</ns3:cad>
          </ns3:TrackPointExtension>
        </extensions>
      </trkpt>
      <trkpt lat="37.5133663974702358245849609375" lon="127.06768677569925785064697265625">
        <ele>16</ele>
        <time>2026-09-10T10:20:02.000Z</time>
        <extensions>
          <ns3:TrackPointExtension>
            <ns3:hr>146</ns3:hr>
            <ns3:cad>84</ns3:cad>
          </ns3:TrackPointExtension>
        </extensions>
      </trkpt>
      <trkpt lat="37.5133992545306682586669921875" lon="127.06768141128122806549072265625">
        <ele>16.200000762939453125</ele>
        <time>2026-09-10T10:20:03.000Z</time>
        <extensions>
          <ns3:TrackPointExtension>
            <ns3:hr>147</ns3:hr>
            <ns3:cad>84</ns3:cad>
          </ns3:TrackPointExtension>
        </extensions>
      </trkpt>
      <trkpt lat="37.51342766918241977691650390625" lon="127.06767487339675426483154296875">
        <ele>16.200000762939453125</ele>
        <time>2026-09-10T10:20:04.000Z</time>
        <extensions>
          <ns3:TrackPointExtension>
            <ns3:hr>146</ns3:hr>
            <ns3:cad>84</ns3:cad>
          </ns3:TrackPointExtension>
        </extensions>
      </trkpt>
      <trkpt lat="37.513466812670230865478515625" lon="127.06767302937805652618408203125">
        <ele>16.3999996185302734375</ele>
        <time>2026-09-10T10:20:05.000Z</time>
        <extensions>
          <ns3:TrackPointExtension>
            <ns3:hr>146</ns3:hr>
            <ns3:cad>84</ns3:cad>
          </ns3:TrackPointExtension>
        </extensions>
      </trkpt>
      <trkpt lat="37.51349288038909435272216796875" lon="127.06766464747488498687744140625">
        <ele>16.3999996185302734375</ele>
        <time>2026-09-10T10:20:06.000Z</time>
        <extensions>
          <ns3:TrackPointExtension>
            <ns3:hr>147</ns3:hr>
            <ns3:cad>84</ns3:cad>
          </ns3:TrackPointExtension>
        </extensions>
      </trkpt>
      <trkpt lat="37.513529174029827117919921875" lon="127.06765878014266490936279296875">
        <ele>16.3999996185302734375</ele>
        <time>2026-09-10T10:20:07.000Z</time>
        <extensions>
          <ns3:TrackPointExtension>
            <ns3:hr>147</ns3:hr>
            <ns3:cad>84</ns3:cad>
          </ns3:TrackPointExtension>
        </extensions>
      </trkpt>
      <trkpt lat="37.51356144435703754425048828125" lon="127.06764956004917621612548828125">
        <ele>16.3999996185302734375</ele>
        <time>2026-09-10T10:20:08.000Z</time>
        <extensions>
          <ns3:TrackPointExtension>
            <ns3:hr>147</ns3:hr>
            <ns3:cad>84</ns3:cad>
          </ns3:TrackPointExtension>
        </extensions>
      </trkpt>
      <trkpt lat="37.5135967321693897247314453125" lon="127.06764067523181438446044921875">
        <ele>16.200000762939453125</ele>
        <time>2026-09-10T10:20:09.000Z</time>
        <extensions>
          <ns3:TrackPointExtension>
            <ns3:hr>147</ns3:hr>
            <ns3:cad>83</ns3:cad>
          </ns3:TrackPointExtension>
        </extensions>
      </trkpt>
      <trkpt lat="37.51363688148558139801025390625" lon="127.067636735737323760986328125">
        <ele>16.200000762939453125</ele>
        <time>2026-09-10T10:20:10.000Z</time>
        <extensions>
          <ns3:TrackPointExtension>
            <ns3:hr>146</ns3:hr>
            <ns3:cad>83</ns3:cad>
          </ns3:TrackPointExtension>
        </extensions>
      </trkpt>
      <trkpt lat="37.513668648898601531982421875" lon="127.06762625835835933685302734375">
        <ele>16</ele>
        <time>2026-09-10T10:20:11.000Z</time>
        <extensions>
          <ns3:TrackPointExtension>
            <ns3:hr>147</ns3:hr>
            <ns3:cad>84</ns3:cad>
          </ns3:TrackPointExtension>
        </extensions>
      </trkpt>
      <trkpt lat="37.5137103907763957977294921875" lon="127.06761955283582210540771484375">
        <ele>15.80000019073486328125</ele>
        <time>2026-09-10T10:20:12.000Z</time>
        <extensions>
          <ns3:TrackPointExtension>
            <ns3:hr>147</ns3:hr>
            <ns3:cad>84</ns3:cad>
          </ns3:TrackPointExtension>
        </extensions>
      </trkpt>
      <trkpt lat="37.51374282874166965484619140625" lon="127.067613266408443450927734375">
        <ele>15.80000019073486328125</ele>
        <time>2026-09-10T10:20:13.000Z</time>
        <extensions>
          <ns3:TrackPointExtension>
            <ns3:hr>148</ns3:hr>
            <ns3:cad>84</ns3:cad>
          </ns3:TrackPointExtension>
        </extensions>
      </trkpt>
      <trkpt lat="37.51377183012664318084716796875" lon="127.06760463304817676544189453125">
        <ele>15.80000019073486328125</ele>
        <time>2026-09-10T10:20:14.000Z</time>
        <extensions>
          <ns3:TrackPointExtension>
            <ns3:hr>148</ns3:hr>
            <ns3:cad>84</ns3:cad>
          </ns3:TrackPointExtension>
        </extensions>
      </trkpt>
      <trkpt lat="37.5138079561293125152587890625" lon="127.0676037110388278961181640625">
        <ele>15.80000019073486328125</ele>
        <time>2026-09-10T10:20:15.000Z</time>
        <extensions>
          <ns3:TrackPointExtension>
            <ns3:hr>148</ns3:hr>
            <ns3:cad>85</ns3:cad>
          </ns3:TrackPointExtension>
        </extensions>
      </trkpt>
      <trkpt lat="37.51383435912430286407470703125" lon="127.0676013641059398651123046875">
        <ele>16</ele>
        <time>2026-09-10T10:20:16.000Z</time>
        <extensions>
          <ns3:TrackPointExtension>
            <ns3:hr>149</ns3:hr>
            <ns3:cad>85</ns3:cad>
          </ns3:TrackPointExtension>
        </extensions>
      </trkpt>
      <trkpt lat="37.5138703174889087677001953125" lon="127.06760563887655735015869140625">
        <ele>16</ele>
        <time>2026-09-10T10:20:17.000Z</time>
        <extensions>
          <ns3:TrackPointExtension>
            <ns3:hr>149</ns3:hr>
            <ns3:cad>85</ns3:cad>
          </ns3:TrackPointExtension>
        </extensions>
      </trkpt>
      <trkpt lat="37.51389889977872371673583984375" lon="127.0675990171730518341064453125">
        <ele>16.200000762939453125</ele>
        <time>2026-09-10T10:20:18.000Z</time>
        <extensions>
          <ns3:TrackPointExtension>
            <ns3:hr>149</ns3:hr>
            <ns3:cad>85</ns3:cad>
          </ns3:TrackPointExtension>
        </extensions>
      </trkpt>
      <trkpt lat="37.51393921673297882080078125" lon="127.067593820393085479736328125">
        <ele>16.200000762939453125</ele>
        <time>2026-09-10T10:20:19.000Z</time>
        <extensions>
          <ns3:TrackPointExtension>
            <ns3:hr>148</ns3:hr>
            <ns3:cad>85</ns3:cad>
          </ns3:TrackPointExtension>
        </extensions>
      </trkpt>
      <trkpt lat="37.5139712356030941009521484375" lon="127.06758745014667510986328125">
        <ele>16.3999996185302734375</ele>
        <time>2026-09-10T10:20:20.000Z</time>
        <extensions>
          <ns3:TrackPointExtension>
            <ns3:hr>148</ns3:hr>
            <ns3:cad>84</ns3:cad>
          </ns3:TrackPointExtension>
        </extensions>
      </trkpt>
      <trkpt lat="37.51399797387421131134033203125" lon="127.067584432661533355712890625">
        <ele>16.3999996185302734375</ele>
        <time>2026-09-10T10:20:21.000Z</time>
        <extensions>
          <ns3:TrackPointExtension>
            <ns3:hr>148</ns3:hr>
            <ns3:cad>84</ns3:cad>
          </ns3:TrackPointExtension>
        </extensions>
      </trkpt>
      <trkpt lat="37.51403368078172206878662109375" lon="127.0675782300531864166259765625">
        <ele>16.3999996185302734375</ele>
        <time>2026-09-10T10:20:22.000Z</time>
        <extensions>
          <ns3:TrackPointExtension>
            <ns3:hr>149</ns3:hr>
            <ns3:cad>84</ns3:cad>
          </ns3:TrackPointExtension>
        </extensions>
      </trkpt>
      <trkpt lat="37.51405983231961727142333984375" lon="127.06757412292063236236572265625">
        <ele>16.3999996185302734375</ele>
        <time>2026-09-10T10:20:23.000Z</time>
        <extensions>
          <ns3:TrackPointExtension>
            <ns3:hr>148</ns3:hr>
            <ns3:cad>84</ns3:cad>
          </ns3:TrackPointExtension>
        </extensions>
      </trkpt>
      <trkpt lat="37.51409654505550861358642578125" lon="127.067562974989414215087890625">
        <ele>16.6000003814697265625</ele>
        <time>2026-09-10T10:20:24.000Z</time>
        <extensions>
          <ns3:TrackPointExtension>
            <ns3:hr>148</ns3:hr>
            <ns3:cad>84</ns3:cad>
          </ns3:TrackPointExtension>
        </extensions>
      </trkpt>
      <trkpt lat="37.514129318296909332275390625" lon="127.06755434162914752960205078125">
        <ele>16.6000003814697265625</ele>
        <time>2026-09-10T10:20:25.000Z</time>
        <extensions>
          <ns3:TrackPointExtension>
            <ns3:hr>148</ns3:hr>
            <ns3:cad>84</ns3:cad>
          </ns3:TrackPointExtension>
        </extensions>
      </trkpt>
      <trkpt lat="37.5141553021967411041259765625" lon="127.0675480552017688751220703125">
        <ele>16.6000003814697265625</ele>
        <time>2026-09-10T10:20:26.000Z</time>
        <extensions>
          <ns3:TrackPointExtension>
            <ns3:hr>148</ns3:hr>
            <ns3:cad>85</ns3:cad>
          </ns3:TrackPointExtension>
        </extensions>
      </trkpt>
      <trkpt lat="37.51419025473296642303466796875" lon="127.06754227168858051300048828125">
        <ele>16.6000003814697265625</ele>
        <time>2026-09-10T10:20:27.000Z</time>
        <extensions>
          <ns3:TrackPointExtension>
            <ns3:hr>148</ns3:hr>
            <ns3:cad>85</ns3:cad>
          </ns3:TrackPointExtension>
        </extensions>
      </trkpt>
      <trkpt lat="37.5142166577279567718505859375" lon="127.0675386674702167510986328125">
        <ele>16.6000003814697265625</ele>
        <time>2026-09-10T10:20:28.000Z</time>
        <extensions>
          <ns3:TrackPointExtension>
            <ns3:hr>148</ns3:hr>
            <ns3:cad>85</ns3:cad>
          </ns3:TrackPointExtension>
        </extensions>
      </trkpt>
      <trkpt lat="37.51425110734999179840087890625" lon="127.067527435719966888427734375">
        <ele>16.6000003814697265625</ele>
        <time>2026-09-10T10:20:29.000Z</time>
        <extensions>
          <ns3:TrackPointExtension>
            <ns3:hr>148</ns3:hr>
            <ns3:cad>84</ns3:cad>
          </ns3:TrackPointExtension>
        </extensions>
      </trkpt>
      <trkpt lat="37.5142817012965679168701171875" lon="127.0675259269773960113525390625">
        <ele>16.3999996185302734375</ele>
        <time>2026-09-10T10:20:30.000Z</time>
        <extensions>
          <ns3:TrackPointExtension>
            <ns3:hr>148</ns3:hr>
            <ns3:cad>84</ns3:cad>
          </ns3:TrackPointExtension>
        </extensions>
      </trkpt>
      <trkpt lat="37.5143122114241123199462890625" lon="127.067520059645175933837890625">
        <ele>16.200000762939453125</ele>
        <time>2026-09-10T10:20:31.000Z</time>
        <extensions>
          <ns3:TrackPointExtension>
            <ns3:hr>148</ns3:hr>
            <ns3:cad>84</ns3:cad>
          </ns3:TrackPointExtension>
        </extensions>
      </trkpt>
      <trkpt lat="37.51434481702744960784912109375" lon="127.06751612015068531036376953125">
        <ele>16.200000762939453125</ele>
        <time>2026-09-10T10:20:32.000Z</time>
        <extensions>
          <ns3:TrackPointExtension>
            <ns3:hr>148</ns3:hr>
            <ns3:cad>84</ns3:cad>
          </ns3:TrackPointExtension>
        </extensions>
      </trkpt>
      <trkpt lat="37.514370046555995941162109375" lon="127.067511342465877532958984375">
        <ele>16.200000762939453125</ele>
        <time>2026-09-10T10:20:33.000Z</time>
        <extensions>
          <ns3:TrackPointExtension>
            <ns3:hr>148</ns3:hr>
            <ns3:cad>84</ns3:cad>
          </ns3:TrackPointExtension>
        </extensions>
      </trkpt>
      <trkpt lat="37.51440550200641155242919921875" lon="127.06750824116170406341552734375">
        <ele>16.200000762939453125</ele>
        <time>2026-09-10T10:20:34.000Z</time>
        <extensions>
          <ns3:TrackPointExtension>
            <ns3:hr>148</ns3:hr>
            <ns3:cad>84</ns3:cad>
          </ns3:TrackPointExtension>
        </extensions>
      </trkpt>
      <trkpt lat="37.5144329108297824859619140625" lon="127.067506313323974609375">
        <ele>16</ele>
        <time>2026-09-10T10:20:35.000Z</time>
        <extensions>
          <ns3:TrackPointExtension>
            <ns3:hr>147</ns3:hr>
            <ns3:cad>84</ns3:cad>
          </ns3:TrackPointExtension>
        </extensions>
      </trkpt>
      <trkpt lat="37.51446216367185115814208984375" lon="127.0674969255924224853515625">
        <ele>16</ele>
        <time>2026-09-10T10:20:36.000Z</time>
        <extensions>
          <ns3:TrackPointExtension>
            <ns3:hr>146</ns3:hr>
            <ns3:cad>84</ns3:cad>
          </ns3:TrackPointExtension>
        </extensions>
      </trkpt>
      <trkpt lat="37.51449435018002986907958984375" lon="127.06749231554567813873291015625">
        <ele>16</ele>
        <time>2026-09-10T10:20:37.000Z</time>
        <extensions>
          <ns3:TrackPointExtension>
            <ns3:hr>145</ns3:hr>
            <ns3:cad>84</ns3:cad>
          </ns3:TrackPointExtension>
        </extensions>
      </trkpt>
      <trkpt lat="37.51451991498470306396484375" lon="127.06748695112764835357666015625">
        <ele>16</ele>
        <time>2026-09-10T10:20:38.000Z</time>
        <extensions>
          <ns3:TrackPointExtension>
            <ns3:hr>145</ns3:hr>
            <ns3:cad>84</ns3:cad>
          </ns3:TrackPointExtension>
        </extensions>
      </trkpt>
      <trkpt lat="37.5145567953586578369140625" lon="127.0674809999763965606689453125">
        <ele>16</ele>
        <time>2026-09-10T10:20:39.000Z</time>
        <extensions>
          <ns3:TrackPointExtension>
            <ns3:hr>145</ns3:hr>
            <ns3:cad>84</ns3:cad>
          </ns3:TrackPointExtension>
        </extensions>
      </trkpt>
      <trkpt lat="37.51458428800106048583984375" lon="127.06747354008257389068603515625">
        <ele>16</ele>
        <time>2026-09-10T10:20:40.000Z</time>
        <extensions>
          <ns3:TrackPointExtension>
            <ns3:hr>145</ns3:hr>
            <ns3:cad>85</ns3:cad>
          </ns3:TrackPointExtension>
        </extensions>
      </trkpt>
      <trkpt lat="37.51462209038436412811279296875" lon="127.067474462091922760009765625">
        <ele>16</ele>
        <time>2026-09-10T10:20:41.000Z</time>
        <extensions>
          <ns3:TrackPointExtension>
            <ns3:hr>146</ns3:hr>
            <ns3:cad>85</ns3:cad>
          </ns3:TrackPointExtension>
        </extensions>
      </trkpt>
      <trkpt lat="37.5146545283496379852294921875" lon="127.06747873686254024505615234375">
        <ele>16</ele>
        <time>2026-09-10T10:20:42.000Z</time>
        <extensions>
          <ns3:TrackPointExtension>
            <ns3:hr>145</ns3:hr>
            <ns3:cad>85</ns3:cad>
          </ns3:TrackPointExtension>
        </extensions>
      </trkpt>
      <trkpt lat="37.51468445174396038055419921875" lon="127.067475132644176483154296875">
        <ele>16.200000762939453125</ele>
        <time>2026-09-10T10:20:43.000Z</time>
        <extensions>
          <ns3:TrackPointExtension>
            <ns3:hr>145</ns3:hr>
            <ns3:cad>85</ns3:cad>
          </ns3:TrackPointExtension>
        </extensions>
      </trkpt>
      <trkpt lat="37.514724768698215484619140625" lon="127.06747370772063732147216796875">
        <ele>16.200000762939453125</ele>
        <time>2026-09-10T10:20:44.000Z</time>
        <extensions>
          <ns3:TrackPointExtension>
            <ns3:hr>145</ns3:hr>
            <ns3:cad>85</ns3:cad>
          </ns3:TrackPointExtension>
        </extensions>
      </trkpt>
      <trkpt lat="37.51475133933126926422119140625" lon="127.06746406853199005126953125">
        <ele>16.200000762939453125</ele>
        <time>2026-09-10T10:20:45.000Z</time>
        <extensions>
          <ns3:TrackPointExtension>
            <ns3:hr>145</ns3:hr>
            <ns3:cad>85</ns3:cad>
          </ns3:TrackPointExtension>
        </extensions>
      </trkpt>
      <trkpt lat="37.51479341648519039154052734375" lon="127.067457027733325958251953125">
        <ele>16.200000762939453125</ele>
        <time>2026-09-10T10:20:46.000Z</time>
        <extensions>
          <ns3:TrackPointExtension>
            <ns3:hr>144</ns3:hr>
            <ns3:cad>85</ns3:cad>
          </ns3:TrackPointExtension>
        </extensions>
      </trkpt>
      <trkpt lat="37.51482459716498851776123046875" lon="127.0674535073339939117431640625">
        <ele>16.200000762939453125</ele>
        <time>2026-09-10T10:20:47.000Z</time>
        <extensions>
          <ns3:TrackPointExtension>
            <ns3:hr>144</ns3:hr>
            <ns3:cad>84</ns3:cad>
          </ns3:TrackPointExtension>
        </extensions>
      </trkpt>
      <trkpt lat="37.51485443674027919769287109375" lon="127.06744671799242496490478515625">
        <ele>16.200000762939453125</ele>
        <time>2026-09-10T10:20:48.000Z</time>
        <extensions>
          <ns3:TrackPointExtension>
            <ns3:hr>144</ns3:hr>
            <ns3:cad>84</ns3:cad>
          </ns3:TrackPointExtension>
        </extensions>
      </trkpt>
      <trkpt lat="37.51489265821874141693115234375" lon="127.0674484781920909881591796875">
        <ele>16.200000762939453125</ele>
        <time>2026-09-10T10:20:49.000Z</time>
        <extensions>
          <ns3:TrackPointExtension>
            <ns3:hr>144</ns3:hr>
            <ns3:cad>84</ns3:cad>
          </ns3:TrackPointExtension>
        </extensions>
      </trkpt>
      <trkpt lat="37.5149183906614780426025390625" lon="127.06744235940277576446533203125">
        <ele>16.3999996185302734375</ele>
        <time>2026-09-10T10:20:50.000Z</time>
        <extensions>
          <ns3:TrackPointExtension>
            <ns3:hr>143</ns3:hr>
            <ns3:cad>84</ns3:cad>
          </ns3:TrackPointExtension>
        </extensions>
      </trkpt>
      <trkpt lat="37.51495569013059139251708984375" lon="127.067427523434162139892578125">
        <ele>16.3999996185302734375</ele>
        <time>2026-09-10T10:20:51.000Z</time>
        <extensions>
          <ns3:TrackPointExtension>
            <ns3:hr>143</ns3:hr>
            <ns3:cad>84</ns3:cad>
          </ns3:TrackPointExtension>
        </extensions>
      </trkpt>
      <trkpt lat="37.51499089412391185760498046875" lon="127.067424170672893524169921875">
        <ele>16.3999996185302734375</ele>
        <time>2026-09-10T10:20:52.000Z</time>
        <extensions>
          <ns3:TrackPointExtension>
            <ns3:hr>143</ns3:hr>
            <ns3:cad>85</ns3:cad>
          </ns3:TrackPointExtension>
        </extensions>
      </trkpt>
      <trkpt lat="37.51502458937466144561767578125" lon="127.0674132741987705230712890625">
        <ele>16.200000762939453125</ele>
        <time>2026-09-10T10:20:53.000Z</time>
        <extensions>
          <ns3:TrackPointExtension>
            <ns3:hr>143</ns3:hr>
            <ns3:cad>84</ns3:cad>
          </ns3:TrackPointExtension>
        </extensions>
      </trkpt>
      <trkpt lat="37.5150610506534576416015625" lon="127.0674142800271511077880859375">
        <ele>16.200000762939453125</ele>
        <time>2026-09-10T10:20:54.000Z</time>
        <extensions>
          <ns3:TrackPointExtension>
            <ns3:hr>143</ns3:hr>
            <ns3:cad>84</ns3:cad>
          </ns3:TrackPointExtension>
        </extensions>
      </trkpt>
      <trkpt lat="37.5150890462100505828857421875" lon="127.06740765832364559173583984375">
        <ele>16.200000762939453125</ele>
        <time>2026-09-10T10:20:55.000Z</time>
        <extensions>
          <ns3:TrackPointExtension>
            <ns3:hr>144</ns3:hr>
            <ns3:cad>83</ns3:cad>
          </ns3:TrackPointExtension>
        </extensions>
      </trkpt>
      <trkpt lat="37.5151299498975276947021484375" lon="127.067400030791759490966796875">
        <ele>16.200000762939453125</ele>
        <time>2026-09-10T10:20:56.000Z</time>
        <extensions>
          <ns3:TrackPointExtension>
            <ns3:hr>144</ns3:hr>
            <ns3:cad>83</ns3:cad>
          </ns3:TrackPointExtension>
        </extensions>
      </trkpt>
      <trkpt lat="37.5151537545025348663330078125" lon="127.067395336925983428955078125">
        <ele>16.3999996185302734375</ele>
        <time>2026-09-10T10:20:57.000Z</time>
        <extensions>
          <ns3:TrackPointExtension>
            <ns3:hr>144</ns3:hr>
            <ns3:cad>83</ns3:cad>
          </ns3:TrackPointExtension>
        </extensions>
      </trkpt>
      <trkpt lat="37.515184096992015838623046875" lon="127.06738703884184360504150390625">
        <ele>16.3999996185302734375</ele>
        <time>2026-09-10T10:20:58.000Z</time>
        <extensions>
          <ns3:TrackPointExtension>
            <ns3:hr>144</ns3:hr>
            <ns3:cad>84</ns3:cad>
          </ns3:TrackPointExtension>
        </extensions>
      </trkpt>
      <trkpt lat="37.515217959880828857421875" lon="127.06738703884184360504150390625">
        <ele>16.6000003814697265625</ele>
        <time>2026-09-10T10:20:59.000Z</time>
        <extensions>
          <ns3:TrackPointExtension>
            <ns3:hr>144</ns3:hr>
            <ns3:cad>84</ns3:cad>
          </ns3:TrackPointExtension>
        </extensions>
      </trkpt>
      <trkpt lat="37.51524033956229686737060546875" lon="127.0673882961273193359375">
        <ele>16.6000003814697265625</ele>
        <time>2026-09-10T10:21:00.000Z</time>
        <extensions>
          <ns3:TrackPointExtension>
            <ns3:hr>144</ns3:hr>
            <ns3:cad>84</ns3:cad>
          </ns3:TrackPointExtension>
        </extensions>
      </trkpt>
      <trkpt lat="37.51527956686913967132568359375" lon="127.0673842728137969970703125">
        <ele>16.6000003814697265625</ele>
        <time>2026-09-10T10:21:01.000Z</time>
        <extensions>
          <ns3:TrackPointExtension>
            <ns3:hr>145</ns3:hr>
            <ns3:cad>84</ns3:cad>
          </ns3:TrackPointExtension>
        </extensions>
      </trkpt>
      <trkpt lat="37.51530773006379604339599609375" lon="127.067383266985416412353515625">
        <ele>16.6000003814697265625</ele>
        <time>2026-09-10T10:21:02.000Z</time>
        <extensions>
          <ns3:TrackPointExtension>
            <ns3:hr>145</ns3:hr>
            <ns3:cad>84</ns3:cad>
          </ns3:TrackPointExtension>
        </extensions>
      </trkpt>
      <trkpt lat="37.5153358094394207000732421875" lon="127.0673847757279872894287109375">
        <ele>16.3999996185302734375</ele>
        <time>2026-09-10T10:21:03.000Z</time>
        <extensions>
          <ns3:TrackPointExtension>
            <ns3:hr>146</ns3:hr>
            <ns3:cad>85</ns3:cad>
          </ns3:TrackPointExtension>
        </extensions>
      </trkpt>
      <trkpt lat="37.5153626315295696258544921875" lon="127.06740765832364559173583984375">
        <ele>16.3999996185302734375</ele>
        <time>2026-09-10T10:21:04.000Z</time>
        <extensions>
          <ns3:TrackPointExtension>
            <ns3:hr>146</ns3:hr>
            <ns3:cad>85</ns3:cad>
          </ns3:TrackPointExtension>
        </extensions>
      </trkpt>
      <trkpt lat="37.51537612639367580413818359375" lon="127.067442946135997772216796875">
        <ele>16.200000762939453125</ele>
        <time>2026-09-10T10:21:05.000Z</time>
        <extensions>
          <ns3:TrackPointExtension>
            <ns3:hr>146</ns3:hr>
            <ns3:cad>85</ns3:cad>
          </ns3:TrackPointExtension>
        </extensions>
      </trkpt>
      <trkpt lat="37.5153837539255619049072265625" lon="127.06748628057539463043212890625">
        <ele>16.200000762939453125</ele>
        <time>2026-09-10T10:21:06.000Z</time>
        <extensions>
          <ns3:TrackPointExtension>
            <ns3:hr>147</ns3:hr>
            <ns3:cad>84</ns3:cad>
          </ns3:TrackPointExtension>
        </extensions>
      </trkpt>
      <trkpt lat="37.5153954885900020599365234375" lon="127.06752584315836429595947265625">
        <ele>16.200000762939453125</ele>
        <time>2026-09-10T10:21:07.000Z</time>
        <extensions>
          <ns3:TrackPointExtension>
            <ns3:hr>147</ns3:hr>
            <ns3:cad>83</ns3:cad>
          </ns3:TrackPointExtension>
        </extensions>
      </trkpt>
      <trkpt lat="37.51540026627480983734130859375" lon="127.06756875850260257720947265625">
        <ele>16.200000762939453125</ele>
        <time>2026-09-10T10:21:08.000Z</time>
        <extensions>
          <ns3:TrackPointExtension>
            <ns3:hr>147</ns3:hr>
            <ns3:cad>83</ns3:cad>
          </ns3:TrackPointExtension>
        </extensions>
      </trkpt>
      <trkpt lat="37.5154018588364124298095703125" lon="127.06761787645518779754638671875">
        <ele>16.200000762939453125</ele>
        <time>2026-09-10T10:21:09.000Z</time>
        <extensions>
          <ns3:TrackPointExtension>
            <ns3:hr>148</ns3:hr>
            <ns3:cad>83</ns3:cad>
          </ns3:TrackPointExtension>
        </extensions>
      </trkpt>
      <trkpt lat="37.51540638506412506103515625" lon="127.067652158439159393310546875">
        <ele>16.200000762939453125</ele>
        <time>2026-09-10T10:21:10.000Z</time>
        <extensions>
          <ns3:TrackPointExtension>
            <ns3:hr>148</ns3:hr>
            <ns3:cad>84</ns3:cad>
          </ns3:TrackPointExtension>
        </extensions>
      </trkpt>
      <trkpt lat="37.515406720340251922607421875" lon="127.06770102493464946746826171875">
        <ele>16.200000762939453125</ele>
        <time>2026-09-10T10:21:11.000Z</time>
        <extensions>
          <ns3:TrackPointExtension>
            <ns3:hr>148</ns3:hr>
            <ns3:cad>84</ns3:cad>
          </ns3:TrackPointExtension>
        </extensions>
      </trkpt>
      <trkpt lat="37.5154078938066959381103515625" lon="127.06773899495601654052734375">
        <ele>16.3999996185302734375</ele>
        <time>2026-09-10T10:21:12.000Z</time>
        <extensions>
          <ns3:TrackPointExtension>
            <ns3:hr>148</ns3:hr>
            <ns3:cad>84</ns3:cad>
          </ns3:TrackPointExtension>
        </extensions>
      </trkpt>
      <trkpt lat="37.5154135935008525848388671875" lon="127.0677847601473331451416015625">
        <ele>16.3999996185302734375</ele>
        <time>2026-09-10T10:21:13.000Z</time>
        <extensions>
          <ns3:TrackPointExtension>
            <ns3:hr>148</ns3:hr>
            <ns3:cad>84</ns3:cad>
          </ns3:TrackPointExtension>
        </extensions>
      </trkpt>
      <trkpt lat="37.51541443169116973876953125" lon="127.06783530302345752716064453125">
        <ele>16.3999996185302734375</ele>
        <time>2026-09-10T10:21:14.000Z</time>
        <extensions>
          <ns3:TrackPointExtension>
            <ns3:hr>148</ns3:hr>
            <ns3:cad>84</ns3:cad>
          </ns3:TrackPointExtension>
        </extensions>
      </trkpt>
      <trkpt lat="37.51541602425277233123779296875" lon="127.06787603907287120819091796875">
        <ele>16.3999996185302734375</ele>
        <time>2026-09-10T10:21:15.000Z</time>
        <extensions>
          <ns3:TrackPointExtension>
            <ns3:hr>148</ns3:hr>
            <ns3:cad>84</ns3:cad>
          </ns3:TrackPointExtension>
        </extensions>
      </trkpt>
      <trkpt lat="37.51541300676763057708740234375" lon="127.06792498938739299774169921875">
        <ele>16.3999996185302734375</ele>
        <time>2026-09-10T10:21:16.000Z</time>
        <extensions>
          <ns3:TrackPointExtension>
            <ns3:hr>149</ns3:hr>
            <ns3:cad>84</ns3:cad>
          </ns3:TrackPointExtension>
        </extensions>
      </trkpt>
      <trkpt lat="37.5154186226427555084228515625" lon="127.06796388141810894012451171875">
        <ele>16.6000003814697265625</ele>
        <time>2026-09-10T10:21:17.000Z</time>
        <extensions>
          <ns3:TrackPointExtension>
            <ns3:hr>149</ns3:hr>
            <ns3:cad>84</ns3:cad>
          </ns3:TrackPointExtension>
        </extensions>
      </trkpt>
      <trkpt lat="37.5154209695756435394287109375" lon="127.0680063776671886444091796875">
        <ele>16.6000003814697265625</ele>
        <time>2026-09-10T10:21:18.000Z</time>
        <extensions>
          <ns3:TrackPointExtension>
            <ns3:hr>149</ns3:hr>
            <ns3:cad>84</ns3:cad>
          </ns3:TrackPointExtension>
        </extensions>
      </trkpt>
      <trkpt lat="37.51542155630886554718017578125" lon="127.0680559985339641571044921875">
        <ele>16.799999237060546875</ele>
        <time>2026-09-10T10:21:19.000Z</time>
        <extensions>
          <ns3:TrackPointExtension>
            <ns3:hr>149</ns3:hr>
            <ns3:cad>84</ns3:cad>
          </ns3:TrackPointExtension>
        </extensions>
      </trkpt>
      <trkpt lat="37.5154243223369121551513671875" lon="127.06809363327920436859130859375">
        <ele>16.799999237060546875</ele>
        <time>2026-09-10T10:21:20.000Z</time>
        <extensions>
          <ns3:TrackPointExtension>
            <ns3:hr>149</ns3:hr>
            <ns3:cad>84</ns3:cad>
          </ns3:TrackPointExtension>
        </extensions>
      </trkpt>
      <trkpt lat="37.51542625017464160919189453125" lon="127.0681408233940601348876953125">
        <ele>16.799999237060546875</ele>
        <time>2026-09-10T10:21:21.000Z</time>
        <extensions>
          <ns3:TrackPointExtension>
            <ns3:hr>148</ns3:hr>
            <ns3:cad>83</ns3:cad>
          </ns3:TrackPointExtension>
        </extensions>
      </trkpt>
      <trkpt lat="37.51543194986879825592041015625" lon="127.06819086335599422454833984375">
        <ele>16.799999237060546875</ele>
        <time>2026-09-10T10:21:22.000Z</time>
        <extensions>
          <ns3:TrackPointExtension>
            <ns3:hr>148</ns3:hr>
            <ns3:cad>83</ns3:cad>
          </ns3:TrackPointExtension>
        </extensions>
      </trkpt>
      <trkpt lat="37.51543228514492511749267578125" lon="127.0682538114488124847412109375">
        <ele>16.6000003814697265625</ele>
        <time>2026-09-10T10:21:23.000Z</time>
        <extensions>
          <ns3:TrackPointExtension>
            <ns3:hr>148</ns3:hr>
            <ns3:cad>83</ns3:cad>
          </ns3:TrackPointExtension>
        </extensions>
      </trkpt>
      <trkpt lat="37.51543228514492511749267578125" lon="127.0683027617633342742919921875">
        <ele>16.6000003814697265625</ele>
        <time>2026-09-10T10:21:24.000Z</time>
        <extensions>
          <ns3:TrackPointExtension>
            <ns3:hr>149</ns3:hr>
            <ns3:cad>83</ns3:cad>
          </ns3:TrackPointExtension>
        </extensions>
      </trkpt>
      <trkpt lat="37.51543521881103515625" lon="127.06834944896399974822998046875">
        <ele>16.3999996185302734375</ele>
        <time>2026-09-10T10:21:25.000Z</time>
        <extensions>
          <ns3:TrackPointExtension>
            <ns3:hr>148</ns3:hr>
            <ns3:cad>83</ns3:cad>
          </ns3:TrackPointExtension>
        </extensions>
      </trkpt>
      <trkpt lat="37.51543966121971607208251953125" lon="127.0683993212878704071044921875">
        <ele>16.3999996185302734375</ele>
        <time>2026-09-10T10:21:26.000Z</time>
        <extensions>
          <ns3:TrackPointExtension>
            <ns3:hr>149</ns3:hr>
            <ns3:cad>84</ns3:cad>
          </ns3:TrackPointExtension>
        </extensions>
      </trkpt>
      <trkpt lat="37.5154414214193820953369140625" lon="127.068442404270172119140625">
        <ele>16.3999996185302734375</ele>
        <time>2026-09-10T10:21:27.000Z</time>
        <extensions>
          <ns3:TrackPointExtension>
            <ns3:hr>149</ns3:hr>
            <ns3:cad>84</ns3:cad>
          </ns3:TrackPointExtension>
        </extensions>
      </trkpt>
      <trkpt lat="37.515442930161952972412109375" lon="127.0684821344912052154541015625">
        <ele>16.200000762939453125</ele>
        <time>2026-09-10T10:21:28.000Z</time>
        <extensions>
          <ns3:TrackPointExtension>
            <ns3:hr>149</ns3:hr>
            <ns3:cad>84</ns3:cad>
          </ns3:TrackPointExtension>
        </extensions>
      </trkpt>
      <trkpt lat="37.51544385217130184173583984375" lon="127.06852764822542667388916015625">
        <ele>16.200000762939453125</ele>
        <time>2026-09-10T10:21:29.000Z</time>
        <extensions>
          <ns3:TrackPointExtension>
            <ns3:hr>148</ns3:hr>
            <ns3:cad>84</ns3:cad>
          </ns3:TrackPointExtension>
        </extensions>
      </trkpt>
      <trkpt lat="37.51545357517898082733154296875" lon="127.0685592480003833770751953125">
        <ele>16.200000762939453125</ele>
        <time>2026-09-10T10:21:30.000Z</time>
        <extensions>
          <ns3:TrackPointExtension>
            <ns3:hr>148</ns3:hr>
            <ns3:cad>84</ns3:cad>
          </ns3:TrackPointExtension>
        </extensions>
      </trkpt>
      <trkpt lat="37.51546396873891353607177734375" lon="127.06860761158168315887451171875">
        <ele>16.200000762939453125</ele>
        <time>2026-09-10T10:21:31.000Z</time>
        <extensions>
          <ns3:TrackPointExtension>
            <ns3:hr>148</ns3:hr>
            <ns3:cad>84</ns3:cad>
          </ns3:TrackPointExtension>
        </extensions>
      </trkpt>
      <trkpt lat="37.51547151245176792144775390625" lon="127.0686491020023822784423828125">
        <ele>16.200000762939453125</ele>
        <time>2026-09-10T10:21:32.000Z</time>
        <extensions>
          <ns3:TrackPointExtension>
            <ns3:hr>148</ns3:hr>
            <ns3:cad>84</ns3:cad>
          </ns3:TrackPointExtension>
        </extensions>
      </trkpt>
      <trkpt lat="37.51547872088849544525146484375" lon="127.068683467805385589599609375">
        <ele>16.200000762939453125</ele>
        <time>2026-09-10T10:21:33.000Z</time>
        <extensions>
          <ns3:TrackPointExtension>
            <ns3:hr>148</ns3:hr>
            <ns3:cad>84</ns3:cad>
          </ns3:TrackPointExtension>
        </extensions>
      </trkpt>
      <trkpt lat="37.515488527715206146240234375" lon="127.06872143782675266265869140625">
        <ele>16.200000762939453125</ele>
        <time>2026-09-10T10:21:34.000Z</time>
        <extensions>
          <ns3:TrackPointExtension>
            <ns3:hr>148</ns3:hr>
            <ns3:cad>84</ns3:cad>
          </ns3:TrackPointExtension>
        </extensions>
      </trkpt>
      <trkpt lat="37.51550034619867801666259765625" lon="127.068747170269489288330078125">
        <ele>16.200000762939453125</ele>
        <time>2026-09-10T10:21:35.000Z</time>
        <extensions>
          <ns3:TrackPointExtension>
            <ns3:hr>147</ns3:hr>
            <ns3:cad>84</ns3:cad>
          </ns3:TrackPointExtension>
        </extensions>
      </trkpt>
      <trkpt lat="37.51551392488181591033935546875" lon="127.06877960823476314544677734375">
        <ele>16.200000762939453125</ele>
        <time>2026-09-10T10:21:36.000Z</time>
        <extensions>
          <ns3:TrackPointExtension>
            <ns3:hr>147</ns3:hr>
            <ns3:cad>83</ns3:cad>
          </ns3:TrackPointExtension>
        </extensions>
      </trkpt>
      <trkpt lat="37.51552867703139781951904296875" lon="127.06881766207516193389892578125">
        <ele>16.200000762939453125</ele>
        <time>2026-09-10T10:21:37.000Z</time>
        <extensions>
          <ns3:TrackPointExtension>
            <ns3:hr>147</ns3:hr>
            <ns3:cad>83</ns3:cad>
          </ns3:TrackPointExtension>
        </extensions>
      </trkpt>
      <trkpt lat="37.5155456922948360443115234375" lon="127.06884146668016910552978515625">
        <ele>16.200000762939453125</ele>
        <time>2026-09-10T10:21:38.000Z</time>
        <extensions>
          <ns3:TrackPointExtension>
            <ns3:hr>147</ns3:hr>
            <ns3:cad>83</ns3:cad>
          </ns3:TrackPointExtension>
        </extensions>
      </trkpt>
      <trkpt lat="37.51556991599500179290771484375" lon="127.06887382082641124725341796875">
        <ele>16.3999996185302734375</ele>
        <time>2026-09-10T10:21:39.000Z</time>
        <extensions>
          <ns3:TrackPointExtension>
            <ns3:hr>147</ns3:hr>
            <ns3:cad>83</ns3:cad>
          </ns3:TrackPointExtension>
        </extensions>
      </trkpt>
      <trkpt lat="37.51559154130518436431884765625" lon="127.06889234483242034912109375">
        <ele>16.3999996185302734375</ele>
        <time>2026-09-10T10:21:40.000Z</time>
        <extensions>
          <ns3:TrackPointExtension>
            <ns3:hr>146</ns3:hr>
            <ns3:cad>83</ns3:cad>
          </ns3:TrackPointExtension>
        </extensions>
      </trkpt>
      <trkpt lat="37.5156228058040142059326171875" lon="127.06891019828617572784423828125">
        <ele>16.6000003814697265625</ele>
        <time>2026-09-10T10:21:41.000Z</time>
        <extensions>
          <ns3:TrackPointExtension>
            <ns3:hr>146</ns3:hr>
            <ns3:cad>84</ns3:cad>
          </ns3:TrackPointExtension>
        </extensions>
      </trkpt>
      <trkpt lat="37.51565708778798580169677734375" lon="127.0689196698367595672607421875">
        <ele>16.799999237060546875</ele>
        <time>2026-09-10T10:21:42.000Z</time>
        <extensions>
          <ns3:TrackPointExtension>
            <ns3:hr>147</ns3:hr>
            <ns3:cad>84</ns3:cad>
          </ns3:TrackPointExtension>
        </extensions>
      </trkpt>
      <trkpt lat="37.515691034495830535888671875" lon="127.0689210109412670135498046875">
        <ele>17</ele>
        <time>2026-09-10T10:21:43.000Z</time>
        <extensions>
          <ns3:TrackPointExtension>
            <ns3:hr>147</ns3:hr>
            <ns3:cad>84</ns3:cad>
          </ns3:TrackPointExtension>
        </extensions>
      </trkpt>
      <trkpt lat="37.51573118381202220916748046875" lon="127.06894037313759326934814453125">
        <ele>17</ele>
        <time>2026-09-10T10:21:44.000Z</time>
        <extensions>
          <ns3:TrackPointExtension>
            <ns3:hr>147</ns3:hr>
            <ns3:cad>84</ns3:cad>
          </ns3:TrackPointExtension>
        </extensions>
      </trkpt>
      <trkpt lat="37.51575582660734653472900390625" lon="127.06894439645111560821533203125">
        <ele>17.200000762939453125</ele>
        <time>2026-09-10T10:21:45.000Z</time>
        <extensions>
          <ns3:TrackPointExtension>
            <ns3:hr>147</ns3:hr>
            <ns3:cad>84</ns3:cad>
          </ns3:TrackPointExtension>
        </extensions>
      </trkpt>
      <trkpt lat="37.51579036004841327667236328125" lon="127.0689588971436023712158203125">
        <ele>17.200000762939453125</ele>
        <time>2026-09-10T10:21:46.000Z</time>
        <extensions>
          <ns3:TrackPointExtension>
            <ns3:hr>146</ns3:hr>
            <ns3:cad>83</ns3:cad>
          </ns3:TrackPointExtension>
        </extensions>
      </trkpt>
      <trkpt lat="37.51582346856594085693359375" lon="127.0689706318080425262451171875">
        <ele>17.200000762939453125</ele>
        <time>2026-09-10T10:21:47.000Z</time>
        <extensions>
          <ns3:TrackPointExtension>
            <ns3:hr>147</ns3:hr>
            <ns3:cad>83</ns3:cad>
          </ns3:TrackPointExtension>
        </extensions>
      </trkpt>
      <trkpt lat="37.5158521346747875213623046875" lon="127.0689780078828334808349609375">
        <ele>17.200000762939453125</ele>
        <time>2026-09-10T10:21:48.000Z</time>
        <extensions>
          <ns3:TrackPointExtension>
            <ns3:hr>147</ns3:hr>
            <ns3:cad>83</ns3:cad>
          </ns3:TrackPointExtension>
        </extensions>
      </trkpt>
      <trkpt lat="37.51588054932653903961181640625" lon="127.06899636425077915191650390625">
        <ele>17</ele>
        <time>2026-09-10T10:21:49.000Z</time>
        <extensions>
          <ns3:TrackPointExtension>
            <ns3:hr>146</ns3:hr>
            <ns3:cad>84</ns3:cad>
          </ns3:TrackPointExtension>
        </extensions>
      </trkpt>
      <trkpt lat="37.51590485684573650360107421875" lon="127.06900298595428466796875">
        <ele>17</ele>
        <time>2026-09-10T10:21:50.000Z</time>
        <extensions>
          <ns3:TrackPointExtension>
            <ns3:hr>147</ns3:hr>
            <ns3:cad>84</ns3:cad>
          </ns3:TrackPointExtension>
        </extensions>
      </trkpt>
      <trkpt lat="37.51593486405909061431884765625" lon="127.06902268342673778533935546875">
        <ele>17.200000762939453125</ele>
        <time>2026-09-10T10:21:51.000Z</time>
        <extensions>
          <ns3:TrackPointExtension>
            <ns3:hr>147</ns3:hr>
            <ns3:cad>84</ns3:cad>
          </ns3:TrackPointExtension>
        </extensions>
      </trkpt>
      <trkpt lat="37.51596000976860523223876953125" lon="127.0690360106527805328369140625">
        <ele>17.200000762939453125</ele>
        <time>2026-09-10T10:21:52.000Z</time>
        <extensions>
          <ns3:TrackPointExtension>
            <ns3:hr>147</ns3:hr>
            <ns3:cad>84</ns3:cad>
          </ns3:TrackPointExtension>
        </extensions>
      </trkpt>
      <trkpt lat="37.51598046161234378814697265625" lon="127.0690460689365863800048828125">
        <ele>17.200000762939453125</ele>
        <time>2026-09-10T10:21:53.000Z</time>
        <extensions>
          <ns3:TrackPointExtension>
            <ns3:hr>147</ns3:hr>
            <ns3:cad>84</ns3:cad>
          </ns3:TrackPointExtension>
        </extensions>
      </trkpt>
      <trkpt lat="37.516006864607334136962890625" lon="127.0690638385713100433349609375">
        <ele>17.200000762939453125</ele>
        <time>2026-09-10T10:21:54.000Z</time>
        <extensions>
          <ns3:TrackPointExtension>
            <ns3:hr>147</ns3:hr>
            <ns3:cad>84</ns3:cad>
          </ns3:TrackPointExtension>
        </extensions>
      </trkpt>
      <trkpt lat="37.51602840609848499298095703125" lon="127.06907314248383045196533203125">
        <ele>17.3999996185302734375</ele>
        <time>2026-09-10T10:21:55.000Z</time>
        <extensions>
          <ns3:TrackPointExtension>
            <ns3:hr>147</ns3:hr>
            <ns3:cad>84</ns3:cad>
          </ns3:TrackPointExtension>
        </extensions>
      </trkpt>
      <trkpt lat="37.51606126315891742706298828125" lon="127.0690899901092052459716796875">
        <ele>17.3999996185302734375</ele>
        <time>2026-09-10T10:21:56.000Z</time>
        <extensions>
          <ns3:TrackPointExtension>
            <ns3:hr>147</ns3:hr>
            <ns3:cad>84</ns3:cad>
          </ns3:TrackPointExtension>
        </extensions>
      </trkpt>
      <trkpt lat="37.51608992926776409149169921875" lon="127.06910750828683376312255859375">
        <ele>17.6000003814697265625</ele>
        <time>2026-09-10T10:21:57.000Z</time>
        <extensions>
          <ns3:TrackPointExtension>
            <ns3:hr>147</ns3:hr>
            <ns3:cad>84</ns3:cad>
          </ns3:TrackPointExtension>
        </extensions>
      </trkpt>
      <trkpt lat="37.51611658371984958648681640625" lon="127.069113962352275848388671875">
        <ele>17.6000003814697265625</ele>
        <time>2026-09-10T10:21:58.000Z</time>
        <extensions>
          <ns3:TrackPointExtension>
            <ns3:hr>147</ns3:hr>
            <ns3:cad>84</ns3:cad>
          </ns3:TrackPointExtension>
        </extensions>
      </trkpt>
      <trkpt lat="37.51614960841834545135498046875" lon="127.0691241882741451263427734375">
        <ele>17.799999237060546875</ele>
        <time>2026-09-10T10:21:59.000Z</time>
        <extensions>
          <ns3:TrackPointExtension>
            <ns3:hr>147</ns3:hr>
            <ns3:cad>84</ns3:cad>
          </ns3:TrackPointExtension>
        </extensions>
      </trkpt>
      <trkpt lat="37.51617156900465488433837890625" lon="127.06911572255194187164306640625">
        <ele>17.799999237060546875</ele>
        <time>2026-09-10T10:22:00.000Z</time>
        <extensions>
          <ns3:TrackPointExtension>
            <ns3:hr>147</ns3:hr>
            <ns3:cad>84</ns3:cad>
          </ns3:TrackPointExtension>
        </extensions>
      </trkpt>
      <trkpt lat="37.51621079631149768829345703125" lon="127.0691137947142124176025390625">
        <ele>18</ele>
        <time>2026-09-10T10:22:01.000Z</time>
        <extensions>
          <ns3:TrackPointExtension>
            <ns3:hr>147</ns3:hr>
            <ns3:cad>84</ns3:cad>
          </ns3:TrackPointExtension>
        </extensions>
      </trkpt>
      <trkpt lat="37.5162397138774394989013671875" lon="127.0691104419529438018798828125">
        <ele>18</ele>
        <time>2026-09-10T10:22:02.000Z</time>
        <extensions>
          <ns3:TrackPointExtension>
            <ns3:hr>147</ns3:hr>
            <ns3:cad>84</ns3:cad>
          </ns3:TrackPointExtension>
        </extensions>
      </trkpt>
      <trkpt lat="37.5162702240049839019775390625" lon="127.069105245172977447509765625">
        <ele>18</ele>
        <time>2026-09-10T10:22:03.000Z</time>
        <extensions>
          <ns3:TrackPointExtension>
            <ns3:hr>147</ns3:hr>
            <ns3:cad>84</ns3:cad>
          </ns3:TrackPointExtension>
        </extensions>
      </trkpt>
      <trkpt lat="37.51630551181733608245849609375" lon="127.06910432316362857818603515625">
        <ele>18</ele>
        <time>2026-09-10T10:22:04.000Z</time>
        <extensions>
          <ns3:TrackPointExtension>
            <ns3:hr>147</ns3:hr>
            <ns3:cad>84</ns3:cad>
          </ns3:TrackPointExtension>
        </extensions>
      </trkpt>
      <trkpt lat="37.51632814295589923858642578125" lon="127.0690950192511081695556640625">
        <ele>18</ele>
        <time>2026-09-10T10:22:05.000Z</time>
        <extensions>
          <ns3:TrackPointExtension>
            <ns3:hr>147</ns3:hr>
            <ns3:cad>83</ns3:cad>
          </ns3:TrackPointExtension>
        </extensions>
      </trkpt>
      <trkpt lat="37.51636116765439510345458984375" lon="127.06908948719501495361328125">
        <ele>18</ele>
        <time>2026-09-10T10:22:06.000Z</time>
        <extensions>
          <ns3:TrackPointExtension>
            <ns3:hr>147</ns3:hr>
            <ns3:cad>83</ns3:cad>
          </ns3:TrackPointExtension>
        </extensions>
      </trkpt>
      <trkpt lat="37.51639151014387607574462890625" lon="127.069089151918888092041015625">
        <ele>18.200000762939453125</ele>
        <time>2026-09-10T10:22:07.000Z</time>
        <extensions>
          <ns3:TrackPointExtension>
            <ns3:hr>147</ns3:hr>
            <ns3:cad>83</ns3:cad>
          </ns3:TrackPointExtension>
        </extensions>
      </trkpt>
      <trkpt lat="37.5164143927395343780517578125" lon="127.0690822787582874298095703125">
        <ele>18.200000762939453125</ele>
        <time>2026-09-10T10:22:08.000Z</time>
        <extensions>
          <ns3:TrackPointExtension>
            <ns3:hr>147</ns3:hr>
            <ns3:cad>83</ns3:cad>
          </ns3:TrackPointExtension>
        </extensions>
      </trkpt>
      <trkpt lat="37.51645336858928203582763671875" lon="127.0690785907208919525146484375">
        <ele>18.200000762939453125</ele>
        <time>2026-09-10T10:22:09.000Z</time>
        <extensions>
          <ns3:TrackPointExtension>
            <ns3:hr>147</ns3:hr>
            <ns3:cad>84</ns3:cad>
          </ns3:TrackPointExtension>
        </extensions>
      </trkpt>
      <trkpt lat="37.51647667028009891510009765625" lon="127.06906945444643497467041015625">
        <ele>18</ele>
        <time>2026-09-10T10:22:10.000Z</time>
        <extensions>
          <ns3:TrackPointExtension>
            <ns3:hr>148</ns3:hr>
            <ns3:cad>84</ns3:cad>
          </ns3:TrackPointExtension>
        </extensions>
      </trkpt>
      <trkpt lat="37.51651271246373653411865234375" lon="127.06906626932322978973388671875">
        <ele>18</ele>
        <time>2026-09-10T10:22:11.000Z</time>
        <extensions>
          <ns3:TrackPointExtension>
            <ns3:hr>148</ns3:hr>
            <ns3:cad>84</ns3:cad>
          </ns3:TrackPointExtension>
        </extensions>
      </trkpt>
      <trkpt lat="37.51654372550547122955322265625" lon="127.06906693987548351287841796875">
        <ele>18</ele>
        <time>2026-09-10T10:22:12.000Z</time>
        <extensions>
          <ns3:TrackPointExtension>
            <ns3:hr>148</ns3:hr>
            <ns3:cad>83</ns3:cad>
          </ns3:TrackPointExtension>
        </extensions>
      </trkpt>
      <trkpt lat="37.51656987704336643218994140625" lon="127.06906735897064208984375">
        <ele>18</ele>
        <time>2026-09-10T10:22:13.000Z</time>
        <extensions>
          <ns3:TrackPointExtension>
            <ns3:hr>149</ns3:hr>
            <ns3:cad>83</ns3:cad>
          </ns3:TrackPointExtension>
        </extensions>
      </trkpt>
      <trkpt lat="37.516607679426670074462890625" lon="127.0690614916384220123291015625">
        <ele>18</ele>
        <time>2026-09-10T10:22:14.000Z</time>
        <extensions>
          <ns3:TrackPointExtension>
            <ns3:hr>149</ns3:hr>
            <ns3:cad>83</ns3:cad>
          </ns3:TrackPointExtension>
        </extensions>
      </trkpt>
      <trkpt lat="37.516631819307804107666015625" lon="127.06905621103942394256591796875">
        <ele>18.200000762939453125</ele>
        <time>2026-09-10T10:22:15.000Z</time>
        <extensions>
          <ns3:TrackPointExtension>
            <ns3:hr>149</ns3:hr>
            <ns3:cad>83</ns3:cad>
          </ns3:TrackPointExtension>
        </extensions>
      </trkpt>
      <trkpt lat="37.516671381890773773193359375" lon="127.0690494216978549957275390625">
        <ele>18.200000762939453125</ele>
        <time>2026-09-10T10:22:16.000Z</time>
        <extensions>
          <ns3:TrackPointExtension>
            <ns3:hr>149</ns3:hr>
            <ns3:cad>83</ns3:cad>
          </ns3:TrackPointExtension>
        </extensions>
      </trkpt>
      <trkpt lat="37.5167023949325084686279296875" lon="127.0690440572798252105712890625">
        <ele>18.200000762939453125</ele>
        <time>2026-09-10T10:22:17.000Z</time>
        <extensions>
          <ns3:TrackPointExtension>
            <ns3:hr>150</ns3:hr>
            <ns3:cad>83</ns3:cad>
          </ns3:TrackPointExtension>
        </extensions>
      </trkpt>
      <trkpt lat="37.516735084354877471923828125" lon="127.069033496081829071044921875">
        <ele>18</ele>
        <time>2026-09-10T10:22:18.000Z</time>
        <extensions>
          <ns3:TrackPointExtension>
            <ns3:hr>150</ns3:hr>
            <ns3:cad>83</ns3:cad>
          </ns3:TrackPointExtension>
        </extensions>
      </trkpt>
      <trkpt lat="37.51677238382399082183837890625" lon="127.06903039477765560150146484375">
        <ele>18</ele>
        <time>2026-09-10T10:22:19.000Z</time>
        <extensions>
          <ns3:TrackPointExtension>
            <ns3:hr>150</ns3:hr>
            <ns3:cad>85</ns3:cad>
          </ns3:TrackPointExtension>
        </extensions>
      </trkpt>
      <trkpt lat="37.51679308712482452392578125" lon="127.06902469508349895477294921875">
        <ele>18</ele>
        <time>2026-09-10T10:22:20.000Z</time>
        <extensions>
          <ns3:TrackPointExtension>
            <ns3:hr>150</ns3:hr>
            <ns3:cad>85</ns3:cad>
          </ns3:TrackPointExtension>
        </extensions>
      </trkpt>
      <trkpt lat="37.51683063805103302001953125" lon="127.06902150996029376983642578125">
        <ele>18</ele>
        <time>2026-09-10T10:22:21.000Z</time>
        <extensions>
          <ns3:TrackPointExtension>
            <ns3:hr>149</ns3:hr>
            <ns3:cad>85</ns3:cad>
          </ns3:TrackPointExtension>
        </extensions>
      </trkpt>
      <trkpt lat="37.51686374656856060028076171875" lon="127.06901974976062774658203125">
        <ele>18</ele>
        <time>2026-09-10T10:22:22.000Z</time>
        <extensions>
          <ns3:TrackPointExtension>
            <ns3:hr>150</ns3:hr>
            <ns3:cad>84</ns3:cad>
          </ns3:TrackPointExtension>
        </extensions>
      </trkpt>
      <trkpt lat="37.51689593307673931121826171875" lon="127.06901371479034423828125">
        <ele>17.799999237060546875</ele>
        <time>2026-09-10T10:22:23.000Z</time>
        <extensions>
          <ns3:TrackPointExtension>
            <ns3:hr>150</ns3:hr>
            <ns3:cad>84</ns3:cad>
          </ns3:TrackPointExtension>
        </extensions>
      </trkpt>
      <trkpt lat="37.51693180762231349945068359375" lon="127.06901304423809051513671875">
        <ele>17.799999237060546875</ele>
        <time>2026-09-10T10:22:24.000Z</time>
        <extensions>
          <ns3:TrackPointExtension>
            <ns3:hr>149</ns3:hr>
            <ns3:cad>84</ns3:cad>
          </ns3:TrackPointExtension>
        </extensions>
      </trkpt>
      <trkpt lat="37.5169568695127964019775390625" lon="127.06900273449718952178955078125">
        <ele>17.799999237060546875</ele>
        <time>2026-09-10T10:22:25.000Z</time>
        <extensions>
          <ns3:TrackPointExtension>
            <ns3:hr>149</ns3:hr>
            <ns3:cad>84</ns3:cad>
          </ns3:TrackPointExtension>
        </extensions>
      </trkpt>
      <trkpt lat="37.5169910676777362823486328125" lon="127.0689957775175571441650390625">
        <ele>17.799999237060546875</ele>
        <time>2026-09-10T10:22:26.000Z</time>
        <extensions>
          <ns3:TrackPointExtension>
            <ns3:hr>148</ns3:hr>
            <ns3:cad>84</ns3:cad>
          </ns3:TrackPointExtension>
        </extensions>
      </trkpt>
      <trkpt lat="37.517022751271724700927734375" lon="127.06899083219468593597412109375">
        <ele>18</ele>
        <time>2026-09-10T10:22:27.000Z</time>
        <extensions>
          <ns3:TrackPointExtension>
            <ns3:hr>148</ns3:hr>
            <ns3:cad>84</ns3:cad>
          </ns3:TrackPointExtension>
        </extensions>
      </trkpt>
      <trkpt lat="37.5170561112463474273681640625" lon="127.0689843781292438507080078125">
        <ele>18</ele>
        <time>2026-09-10T10:22:28.000Z</time>
        <extensions>
          <ns3:TrackPointExtension>
            <ns3:hr>148</ns3:hr>
            <ns3:cad>84</ns3:cad>
          </ns3:TrackPointExtension>
        </extensions>
      </trkpt>
      <trkpt lat="37.51709374599158763885498046875" lon="127.0689880661666393280029296875">
        <ele>18</ele>
        <time>2026-09-10T10:22:29.000Z</time>
        <extensions>
          <ns3:TrackPointExtension>
            <ns3:hr>149</ns3:hr>
            <ns3:cad>84</ns3:cad>
          </ns3:TrackPointExtension>
        </extensions>
      </trkpt>
      <trkpt lat="37.5171183049678802490234375" lon="127.0689763315021991729736328125">
        <ele>18</ele>
        <time>2026-09-10T10:22:30.000Z</time>
        <extensions>
          <ns3:TrackPointExtension>
            <ns3:hr>149</ns3:hr>
            <ns3:cad>83</ns3:cad>
          </ns3:TrackPointExtension>
        </extensions>
      </trkpt>
      <trkpt lat="37.51714940182864665985107421875" lon="127.06897205673158168792724609375">
        <ele>17.799999237060546875</ele>
        <time>2026-09-10T10:22:31.000Z</time>
        <extensions>
          <ns3:TrackPointExtension>
            <ns3:hr>149</ns3:hr>
            <ns3:cad>83</ns3:cad>
          </ns3:TrackPointExtension>
        </extensions>
      </trkpt>
      <trkpt lat="37.51717622391879558563232421875" lon="127.0689629204571247100830078125">
        <ele>17.799999237060546875</ele>
        <time>2026-09-10T10:22:32.000Z</time>
        <extensions>
          <ns3:TrackPointExtension>
            <ns3:hr>149</ns3:hr>
            <ns3:cad>83</ns3:cad>
          </ns3:TrackPointExtension>
        </extensions>
      </trkpt>
      <trkpt lat="37.51720807515084743499755859375" lon="127.06895562820136547088623046875">
        <ele>18</ele>
        <time>2026-09-10T10:22:33.000Z</time>
        <extensions>
          <ns3:TrackPointExtension>
            <ns3:hr>148</ns3:hr>
            <ns3:cad>83</ns3:cad>
          </ns3:TrackPointExtension>
        </extensions>
      </trkpt>
      <trkpt lat="37.51724302768707275390625" lon="127.06895629875361919403076171875">
        <ele>18</ele>
        <time>2026-09-10T10:22:34.000Z</time>
        <extensions>
          <ns3:TrackPointExtension>
            <ns3:hr>149</ns3:hr>
            <ns3:cad>83</ns3:cad>
          </ns3:TrackPointExtension>
        </extensions>
      </trkpt>
      <trkpt lat="37.51727160997688770294189453125" lon="127.06894867122173309326171875">
        <ele>18</ele>
        <time>2026-09-10T10:22:35.000Z</time>
        <extensions>
          <ns3:TrackPointExtension>
            <ns3:hr>149</ns3:hr>
            <ns3:cad>84</ns3:cad>
          </ns3:TrackPointExtension>
        </extensions>
      </trkpt>
      <trkpt lat="37.51729893498122692108154296875" lon="127.06894272007048130035400390625">
        <ele>18</ele>
        <time>2026-09-10T10:22:36.000Z</time>
        <extensions>
          <ns3:TrackPointExtension>
            <ns3:hr>149</ns3:hr>
            <ns3:cad>84</ns3:cad>
          </ns3:TrackPointExtension>
        </extensions>
      </trkpt>
      <trkpt lat="37.5173283554613590240478515625" lon="127.068935595452785491943359375">
        <ele>17.799999237060546875</ele>
        <time>2026-09-10T10:22:37.000Z</time>
        <extensions>
          <ns3:TrackPointExtension>
            <ns3:hr>149</ns3:hr>
            <ns3:cad>84</ns3:cad>
          </ns3:TrackPointExtension>
        </extensions>
      </trkpt>
      <trkpt lat="37.5173662416636943817138671875" lon="127.06892595626413822174072265625">
        <ele>17.799999237060546875</ele>
        <time>2026-09-10T10:22:38.000Z</time>
        <extensions>
          <ns3:TrackPointExtension>
            <ns3:hr>149</ns3:hr>
            <ns3:cad>84</ns3:cad>
          </ns3:TrackPointExtension>
        </extensions>
      </trkpt>
      <trkpt lat="37.5174061395227909088134765625" lon="127.0689270459115505218505859375">
        <ele>17.799999237060546875</ele>
        <time>2026-09-10T10:22:39.000Z</time>
        <extensions>
          <ns3:TrackPointExtension>
            <ns3:hr>149</ns3:hr>
            <ns3:cad>84</ns3:cad>
          </ns3:TrackPointExtension>
        </extensions>
      </trkpt>
      <trkpt lat="37.51743254251778125762939453125" lon="127.06891841255128383636474609375">
        <ele>17.6000003814697265625</ele>
        <time>2026-09-10T10:22:40.000Z</time>
        <extensions>
          <ns3:TrackPointExtension>
            <ns3:hr>149</ns3:hr>
            <ns3:cad>84</ns3:cad>
          </ns3:TrackPointExtension>
        </extensions>
      </trkpt>
      <trkpt lat="37.517469339072704315185546875" lon="127.06891355104744434356689453125">
        <ele>17.799999237060546875</ele>
        <time>2026-09-10T10:22:41.000Z</time>
        <extensions>
          <ns3:TrackPointExtension>
            <ns3:hr>149</ns3:hr>
            <ns3:cad>84</ns3:cad>
          </ns3:TrackPointExtension>
        </extensions>
      </trkpt>
      <trkpt lat="37.51749808900058269500732421875" lon="127.0689086057245731353759765625">
        <ele>17.799999237060546875</ele>
        <time>2026-09-10T10:22:42.000Z</time>
        <extensions>
          <ns3:TrackPointExtension>
            <ns3:hr>149</ns3:hr>
            <ns3:cad>84</ns3:cad>
          </ns3:TrackPointExtension>
        </extensions>
      </trkpt>
      <trkpt lat="37.51753203570842742919921875" lon="127.06890039145946502685546875">
        <ele>18</ele>
        <time>2026-09-10T10:22:43.000Z</time>
        <extensions>
          <ns3:TrackPointExtension>
            <ns3:hr>149</ns3:hr>
            <ns3:cad>84</ns3:cad>
          </ns3:TrackPointExtension>
        </extensions>
      </trkpt>
      <trkpt lat="37.5175637193024158477783203125" lon="127.0688958652317523956298828125">
        <ele>18</ele>
        <time>2026-09-10T10:22:44.000Z</time>
        <extensions>
          <ns3:TrackPointExtension>
            <ns3:hr>149</ns3:hr>
            <ns3:cad>84</ns3:cad>
          </ns3:TrackPointExtension>
        </extensions>
      </trkpt>
      <trkpt lat="37.51759045757353305816650390625" lon="127.06888572312891483306884765625">
        <ele>18</ele>
        <time>2026-09-10T10:22:45.000Z</time>
        <extensions>
          <ns3:TrackPointExtension>
            <ns3:hr>149</ns3:hr>
            <ns3:cad>84</ns3:cad>
          </ns3:TrackPointExtension>
        </extensions>
      </trkpt>
      <trkpt lat="37.51762985251843929290771484375" lon="127.068887315690517425537109375">
        <ele>18</ele>
        <time>2026-09-10T10:22:46.000Z</time>
        <extensions>
          <ns3:TrackPointExtension>
            <ns3:hr>149</ns3:hr>
            <ns3:cad>84</ns3:cad>
          </ns3:TrackPointExtension>
        </extensions>
      </trkpt>
      <trkpt lat="37.51765801571309566497802734375" lon="127.0688807778060436248779296875">
        <ele>17.799999237060546875</ele>
        <time>2026-09-10T10:22:47.000Z</time>
        <extensions>
          <ns3:TrackPointExtension>
            <ns3:hr>149</ns3:hr>
            <ns3:cad>84</ns3:cad>
          </ns3:TrackPointExtension>
        </extensions>
      </trkpt>
      <trkpt lat="37.51770143397152423858642578125" lon="127.06887298263609409332275390625">
        <ele>17.799999237060546875</ele>
        <time>2026-09-10T10:22:48.000Z</time>
        <extensions>
          <ns3:TrackPointExtension>
            <ns3:hr>149</ns3:hr>
            <ns3:cad>84</ns3:cad>
          </ns3:TrackPointExtension>
        </extensions>
      </trkpt>
      <trkpt lat="37.5177343748509883880615234375" lon="127.0688677020370960235595703125">
        <ele>17.799999237060546875</ele>
        <time>2026-09-10T10:22:49.000Z</time>
        <extensions>
          <ns3:TrackPointExtension>
            <ns3:hr>149</ns3:hr>
            <ns3:cad>84</ns3:cad>
          </ns3:TrackPointExtension>
        </extensions>
      </trkpt>
      <trkpt lat="37.51776647754013538360595703125" lon="127.0688599906861782073974609375">
        <ele>17.799999237060546875</ele>
        <time>2026-09-10T10:22:50.000Z</time>
        <extensions>
          <ns3:TrackPointExtension>
            <ns3:hr>149</ns3:hr>
            <ns3:cad>84</ns3:cad>
          </ns3:TrackPointExtension>
        </extensions>
      </trkpt>
      <trkpt lat="37.5178021006286144256591796875" lon="127.06885839812457561492919921875">
        <ele>17.799999237060546875</ele>
        <time>2026-09-10T10:22:51.000Z</time>
        <extensions>
          <ns3:TrackPointExtension>
            <ns3:hr>149</ns3:hr>
            <ns3:cad>84</ns3:cad>
          </ns3:TrackPointExtension>
        </extensions>
      </trkpt>
      <trkpt lat="37.517824061214923858642578125" lon="127.06884951330721378326416015625">
        <ele>17.799999237060546875</ele>
        <time>2026-09-10T10:22:52.000Z</time>
        <extensions>
          <ns3:TrackPointExtension>
            <ns3:hr>149</ns3:hr>
            <ns3:cad>84</ns3:cad>
          </ns3:TrackPointExtension>
        </extensions>
      </trkpt>
      <trkpt lat="37.51786194741725921630859375" lon="127.068853117525577545166015625">
        <ele>18</ele>
        <time>2026-09-10T10:22:53.000Z</time>
        <extensions>
          <ns3:TrackPointExtension>
            <ns3:hr>149</ns3:hr>
            <ns3:cad>84</ns3:cad>
          </ns3:TrackPointExtension>
        </extensions>
      </trkpt>
      <trkpt lat="37.51789555884897708892822265625" lon="127.06884984858334064483642578125">
        <ele>18</ele>
        <time>2026-09-10T10:22:54.000Z</time>
        <extensions>
          <ns3:TrackPointExtension>
            <ns3:hr>149</ns3:hr>
            <ns3:cad>84</ns3:cad>
          </ns3:TrackPointExtension>
        </extensions>
      </trkpt>
      <trkpt lat="37.51793964765965938568115234375" lon="127.06885873340070247650146484375">
        <ele>17.799999237060546875</ele>
        <time>2026-09-10T10:22:55.000Z</time>
        <extensions>
          <ns3:TrackPointExtension>
            <ns3:hr>149</ns3:hr>
            <ns3:cad>0</ns3:cad>
          </ns3:TrackPointExtension>
        </extensions>
      </trkpt>
      <trkpt lat="37.517973594367504119873046875" lon="127.068863175809383392333984375">
        <ele>17.799999237060546875</ele>
        <time>2026-09-10T10:22:56.000Z</time>
        <extensions>
          <ns3:TrackPointExtension>
            <ns3:hr>150</ns3:hr>
            <ns3:cad>42</ns3:cad>
          </ns3:TrackPointExtension>
        </extensions>
      </trkpt>
      <trkpt lat="37.51800133846700191497802734375" lon="127.06886912696063518524169921875">
        <ele>17.799999237060546875</ele>
        <time>2026-09-10T10:22:57.000Z</time>
        <extensions>
          <ns3:TrackPointExtension>
            <ns3:hr>149</ns3:hr>
            <ns3:cad>42</ns3:cad>
          </ns3:TrackPointExtension>
        </extensions>
      </trkpt>
      <trkpt lat="37.51802958548069000244140625" lon="127.06887767650187015533447265625">
        <ele>17.799999237060546875</ele>
        <time>2026-09-10T10:22:58.000Z</time>
        <extensions>
          <ns3:TrackPointExtension>
            <ns3:hr>149</ns3:hr>
            <ns3:cad>86</ns3:cad>
          </ns3:TrackPointExtension>
        </extensions>
      </trkpt>
      <trkpt lat="37.5180542282760143280029296875" lon="127.0688821189105510711669921875">
        <ele>17.799999237060546875</ele>
        <time>2026-09-10T10:22:59.000Z</time>
        <extensions>
          <ns3:TrackPointExtension>
            <ns3:hr>149</ns3:hr>
            <ns3:cad>86</ns3:cad>
          </ns3:TrackPointExtension>
        </extensions>
      </trkpt>
      <trkpt lat="37.51808532513678073883056640625" lon="127.06889661960303783416748046875">
        <ele>17.799999237060546875</ele>
        <time>2026-09-10T10:23:00.000Z</time>
        <extensions>
          <ns3:TrackPointExtension>
            <ns3:hr>149</ns3:hr>
            <ns3:cad>86</ns3:cad>
          </ns3:TrackPointExtension>
        </extensions>
      </trkpt>
      <trkpt lat="37.5181165896356105804443359375" lon="127.0689015649259090423583984375">
        <ele>17.799999237060546875</ele>
        <time>2026-09-10T10:23:01.000Z</time>
        <extensions>
          <ns3:TrackPointExtension>
            <ns3:hr>148</ns3:hr>
            <ns3:cad>84</ns3:cad>
          </ns3:TrackPointExtension>
        </extensions>
      </trkpt>
      <trkpt lat="37.51814835704863071441650390625" lon="127.06890885718166828155517578125">
        <ele>17.799999237060546875</ele>
        <time>2026-09-10T10:23:02.000Z</time>
        <extensions>
          <ns3:TrackPointExtension>
            <ns3:hr>148</ns3:hr>
            <ns3:cad>84</ns3:cad>
          </ns3:TrackPointExtension>
        </extensions>
      </trkpt>
      <trkpt lat="37.518179118633270263671875" lon="127.0689156465232372283935546875">
        <ele>17.799999237060546875</ele>
        <time>2026-09-10T10:23:03.000Z</time>
        <extensions>
          <ns3:TrackPointExtension>
            <ns3:hr>148</ns3:hr>
            <ns3:cad>84</ns3:cad>
          </ns3:TrackPointExtension>
        </extensions>
      </trkpt>
      <trkpt lat="37.51820527017116546630859375" lon="127.068920843303203582763671875">
        <ele>17.799999237060546875</ele>
        <time>2026-09-10T10:23:04.000Z</time>
        <extensions>
          <ns3:TrackPointExtension>
            <ns3:hr>148</ns3:hr>
            <ns3:cad>84</ns3:cad>
          </ns3:TrackPointExtension>
        </extensions>
      </trkpt>
      <trkpt lat="37.5182366184890270233154296875" lon="127.068930566310882568359375">
        <ele>17.799999237060546875</ele>
        <time>2026-09-10T10:23:05.000Z</time>
        <extensions>
          <ns3:TrackPointExtension>
            <ns3:hr>148</ns3:hr>
            <ns3:cad>84</ns3:cad>
          </ns3:TrackPointExtension>
        </extensions>
      </trkpt>
      <trkpt lat="37.51826788298785686492919921875" lon="127.06893794238567352294921875">
        <ele>17.799999237060546875</ele>
        <time>2026-09-10T10:23:06.000Z</time>
        <extensions>
          <ns3:TrackPointExtension>
            <ns3:hr>148</ns3:hr>
            <ns3:cad>85</ns3:cad>
          </ns3:TrackPointExtension>
        </extensions>
      </trkpt>
      <trkpt lat="37.518300823867321014404296875" lon="127.06894464790821075439453125">
        <ele>17.799999237060546875</ele>
        <time>2026-09-10T10:23:07.000Z</time>
        <extensions>
          <ns3:TrackPointExtension>
            <ns3:hr>147</ns3:hr>
            <ns3:cad>85</ns3:cad>
          </ns3:TrackPointExtension>
        </extensions>
      </trkpt>
      <trkpt lat="37.51833762042224407196044921875" lon="127.06895294599235057830810546875">
        <ele>17.799999237060546875</ele>
        <time>2026-09-10T10:23:08.000Z</time>
        <extensions>
          <ns3:TrackPointExtension>
            <ns3:hr>147</ns3:hr>
            <ns3:cad>85</ns3:cad>
          </ns3:TrackPointExtension>
        </extensions>
      </trkpt>
      <trkpt lat="37.5183693878352642059326171875" lon="127.068951688706874847412109375">
        <ele>17.799999237060546875</ele>
        <time>2026-09-10T10:23:09.000Z</time>
        <extensions>
          <ns3:TrackPointExtension>
            <ns3:hr>147</ns3:hr>
            <ns3:cad>84</ns3:cad>
          </ns3:TrackPointExtension>
        </extensions>
      </trkpt>
      <trkpt lat="37.51840869896113872528076171875" lon="127.068960405886173248291015625">
        <ele>17.799999237060546875</ele>
        <time>2026-09-10T10:23:10.000Z</time>
        <extensions>
          <ns3:TrackPointExtension>
            <ns3:hr>147</ns3:hr>
            <ns3:cad>84</ns3:cad>
          </ns3:TrackPointExtension>
        </extensions>
      </trkpt>
      <trkpt lat="37.51844708807766437530517578125" lon="127.0689694583415985107421875">
        <ele>17.6000003814697265625</ele>
        <time>2026-09-10T10:23:11.000Z</time>
        <extensions>
          <ns3:TrackPointExtension>
            <ns3:hr>148</ns3:hr>
            <ns3:cad>84</ns3:cad>
          </ns3:TrackPointExtension>
        </extensions>
      </trkpt>
      <trkpt lat="37.51847927458584308624267578125" lon="127.0689729787409305572509765625">
        <ele>17.3999996185302734375</ele>
        <time>2026-09-10T10:23:12.000Z</time>
        <extensions>
          <ns3:TrackPointExtension>
            <ns3:hr>147</ns3:hr>
            <ns3:cad>84</ns3:cad>
          </ns3:TrackPointExtension>
        </extensions>
      </trkpt>
      <trkpt lat="37.5185152329504489898681640625" lon="127.0689843781292438507080078125">
        <ele>17.200000762939453125</ele>
        <time>2026-09-10T10:23:13.000Z</time>
        <extensions>
          <ns3:TrackPointExtension>
            <ns3:hr>147</ns3:hr>
            <ns3:cad>84</ns3:cad>
          </ns3:TrackPointExtension>
        </extensions>
      </trkpt>
      <trkpt lat="37.5185425579547882080078125" lon="127.06898965872824192047119140625">
        <ele>17.200000762939453125</ele>
        <time>2026-09-10T10:23:14.000Z</time>
        <extensions>
          <ns3:TrackPointExtension>
            <ns3:hr>147</ns3:hr>
            <ns3:cad>84</ns3:cad>
          </ns3:TrackPointExtension>
        </extensions>
      </trkpt>
      <trkpt lat="37.5185792706906795501708984375" lon="127.06901564262807369232177734375">
        <ele>17.3999996185302734375</ele>
        <time>2026-09-10T10:23:15.000Z</time>
        <extensions>
          <ns3:TrackPointExtension>
            <ns3:hr>148</ns3:hr>
            <ns3:cad>84</ns3:cad>
          </ns3:TrackPointExtension>
        </extensions>
      </trkpt>
      <trkpt lat="37.51861137337982654571533203125" lon="127.069031484425067901611328125">
        <ele>17.3999996185302734375</ele>
        <time>2026-09-10T10:23:16.000Z</time>
        <extensions>
          <ns3:TrackPointExtension>
            <ns3:hr>147</ns3:hr>
            <ns3:cad>84</ns3:cad>
          </ns3:TrackPointExtension>
        </extensions>
      </trkpt>
      <trkpt lat="37.51864112913608551025390625" lon="127.0690386928617954254150390625">
        <ele>17.6000003814697265625</ele>
        <time>2026-09-10T10:23:17.000Z</time>
        <extensions>
          <ns3:TrackPointExtension>
            <ns3:hr>147</ns3:hr>
            <ns3:cad>84</ns3:cad>
          </ns3:TrackPointExtension>
        </extensions>
      </trkpt>
      <trkpt lat="37.5186728127300739288330078125" lon="127.0690557919442653656005859375">
        <ele>17.799999237060546875</ele>
        <time>2026-09-10T10:23:18.000Z</time>
        <extensions>
          <ns3:TrackPointExtension>
            <ns3:hr>147</ns3:hr>
            <ns3:cad>84</ns3:cad>
          </ns3:TrackPointExtension>
        </extensions>
      </trkpt>
      <trkpt lat="37.518699802458286285400390625" lon="127.06906476058065891265869140625">
        <ele>17.799999237060546875</ele>
        <time>2026-09-10T10:23:19.000Z</time>
        <extensions>
          <ns3:TrackPointExtension>
            <ns3:hr>148</ns3:hr>
            <ns3:cad>84</ns3:cad>
          </ns3:TrackPointExtension>
        </extensions>
      </trkpt>
      <trkpt lat="37.5187345035374164581298828125" lon="127.0690832845866680145263671875">
        <ele>17.799999237060546875</ele>
        <time>2026-09-10T10:23:20.000Z</time>
        <extensions>
          <ns3:TrackPointExtension>
            <ns3:hr>147</ns3:hr>
            <ns3:cad>84</ns3:cad>
          </ns3:TrackPointExtension>
        </extensions>
      </trkpt>
      <trkpt lat="37.5187623314559459686279296875" lon="127.0690940134227275848388671875">
        <ele>17.799999237060546875</ele>
        <time>2026-09-10T10:23:21.000Z</time>
        <extensions>
          <ns3:TrackPointExtension>
            <ns3:hr>147</ns3:hr>
            <ns3:cad>84</ns3:cad>
          </ns3:TrackPointExtension>
        </extensions>
      </trkpt>
      <trkpt lat="37.5187933444976806640625" lon="127.0691080950200557708740234375">
        <ele>17.799999237060546875</ele>
        <time>2026-09-10T10:23:22.000Z</time>
        <extensions>
          <ns3:TrackPointExtension>
            <ns3:hr>148</ns3:hr>
            <ns3:cad>84</ns3:cad>
          </ns3:TrackPointExtension>
        </extensions>
      </trkpt>
      <trkpt lat="37.51882460899651050567626953125" lon="127.069129049777984619140625">
        <ele>17.799999237060546875</ele>
        <time>2026-09-10T10:23:23.000Z</time>
        <extensions>
          <ns3:TrackPointExtension>
            <ns3:hr>148</ns3:hr>
            <ns3:cad>83</ns3:cad>
          </ns3:TrackPointExtension>
        </extensions>
      </trkpt>
      <trkpt lat="37.51885277219116687774658203125" lon="127.06913919188082218170166015625">
        <ele>17.799999237060546875</ele>
        <time>2026-09-10T10:23:24.000Z</time>
        <extensions>
          <ns3:TrackPointExtension>
            <ns3:hr>148</ns3:hr>
            <ns3:cad>83</ns3:cad>
          </ns3:TrackPointExtension>
        </extensions>
      </trkpt>
      <trkpt lat="37.518884874880313873291015625" lon="127.06916551105678081512451171875">
        <ele>17.799999237060546875</ele>
        <time>2026-09-10T10:23:25.000Z</time>
        <extensions>
          <ns3:TrackPointExtension>
            <ns3:hr>147</ns3:hr>
            <ns3:cad>83</ns3:cad>
          </ns3:TrackPointExtension>
        </extensions>
      </trkpt>
      <trkpt lat="37.518912367522716522216796875" lon="127.0691795088350772857666015625">
        <ele>17.799999237060546875</ele>
        <time>2026-09-10T10:23:26.000Z</time>
        <extensions>
          <ns3:TrackPointExtension>
            <ns3:hr>148</ns3:hr>
            <ns3:cad>83</ns3:cad>
          </ns3:TrackPointExtension>
        </extensions>
      </trkpt>
      <trkpt lat="37.51894396729767322540283203125" lon="127.06920239143073558807373046875">
        <ele>18</ele>
        <time>2026-09-10T10:23:27.000Z</time>
        <extensions>
          <ns3:TrackPointExtension>
            <ns3:hr>148</ns3:hr>
            <ns3:cad>84</ns3:cad>
          </ns3:TrackPointExtension>
        </extensions>
      </trkpt>
      <trkpt lat="37.51896693371236324310302734375" lon="127.0692311413586139678955078125">
        <ele>18</ele>
        <time>2026-09-10T10:23:28.000Z</time>
        <extensions>
          <ns3:TrackPointExtension>
            <ns3:hr>148</ns3:hr>
            <ns3:cad>84</ns3:cad>
          </ns3:TrackPointExtension>
        </extensions>
      </trkpt>
      <trkpt lat="37.51898185350000858306884765625" lon="127.0692593045532703399658203125">
        <ele>18</ele>
        <time>2026-09-10T10:23:29.000Z</time>
        <extensions>
          <ns3:TrackPointExtension>
            <ns3:hr>148</ns3:hr>
            <ns3:cad>84</ns3:cad>
          </ns3:TrackPointExtension>
        </extensions>
      </trkpt>
      <trkpt lat="37.5190023891627788543701171875" lon="127.069300375878810882568359375">
        <ele>17.799999237060546875</ele>
        <time>2026-09-10T10:23:30.000Z</time>
        <extensions>
          <ns3:TrackPointExtension>
            <ns3:hr>147</ns3:hr>
            <ns3:cad>84</ns3:cad>
          </ns3:TrackPointExtension>
        </extensions>
      </trkpt>
      <trkpt lat="37.51901957206428050994873046875" lon="127.06932820379734039306640625">
        <ele>17.799999237060546875</ele>
        <time>2026-09-10T10:23:31.000Z</time>
        <extensions>
          <ns3:TrackPointExtension>
            <ns3:hr>147</ns3:hr>
            <ns3:cad>84</ns3:cad>
          </ns3:TrackPointExtension>
        </extensions>
      </trkpt>
      <trkpt lat="37.519044466316699981689453125" lon="127.0693618990480899810791015625">
        <ele>18</ele>
        <time>2026-09-10T10:23:32.000Z</time>
        <extensions>
          <ns3:TrackPointExtension>
            <ns3:hr>147</ns3:hr>
            <ns3:cad>84</ns3:cad>
          </ns3:TrackPointExtension>
        </extensions>
      </trkpt>
      <trkpt lat="37.519065253436565399169921875" lon="127.06938997842371463775634765625">
        <ele>18</ele>
        <time>2026-09-10T10:23:33.000Z</time>
        <extensions>
          <ns3:TrackPointExtension>
            <ns3:hr>147</ns3:hr>
            <ns3:cad>84</ns3:cad>
          </ns3:TrackPointExtension>
        </extensions>
      </trkpt>
      <trkpt lat="37.5190955959260463714599609375" lon="127.06939995288848876953125">
        <ele>17.799999237060546875</ele>
        <time>2026-09-10T10:23:34.000Z</time>
        <extensions>
          <ns3:TrackPointExtension>
            <ns3:hr>146</ns3:hr>
            <ns3:cad>84</ns3:cad>
          </ns3:TrackPointExtension>
        </extensions>
      </trkpt>
      <trkpt lat="37.51912971027195453643798828125" lon="127.069424092769622802734375">
        <ele>17.799999237060546875</ele>
        <time>2026-09-10T10:23:35.000Z</time>
        <extensions>
          <ns3:TrackPointExtension>
            <ns3:hr>147</ns3:hr>
            <ns3:cad>84</ns3:cad>
          </ns3:TrackPointExtension>
        </extensions>
      </trkpt>
      <trkpt lat="37.5191586278378963470458984375" lon="127.06943624652922153472900390625">
        <ele>17.799999237060546875</ele>
        <time>2026-09-10T10:23:36.000Z</time>
        <extensions>
          <ns3:TrackPointExtension>
            <ns3:hr>147</ns3:hr>
            <ns3:cad>84</ns3:cad>
          </ns3:TrackPointExtension>
        </extensions>
      </trkpt>
      <trkpt lat="37.51919156871736049652099609375" lon="127.069451250135898590087890625">
        <ele>17.799999237060546875</ele>
        <time>2026-09-10T10:23:37.000Z</time>
        <extensions>
          <ns3:TrackPointExtension>
            <ns3:hr>147</ns3:hr>
            <ns3:cad>83</ns3:cad>
          </ns3:TrackPointExtension>
        </extensions>
      </trkpt>
      <trkpt lat="37.51921587623655796051025390625" lon="127.06948787905275821685791015625">
        <ele>17.799999237060546875</ele>
        <time>2026-09-10T10:23:38.000Z</time>
        <extensions>
          <ns3:TrackPointExtension>
            <ns3:hr>147</ns3:hr>
            <ns3:cad>83</ns3:cad>
          </ns3:TrackPointExtension>
        </extensions>
      </trkpt>
      <trkpt lat="37.519238926470279693603515625" lon="127.06951084546744823455810546875">
        <ele>17.6000003814697265625</ele>
        <time>2026-09-10T10:23:39.000Z</time>
        <extensions>
          <ns3:TrackPointExtension>
            <ns3:hr>146</ns3:hr>
            <ns3:cad>83</ns3:cad>
          </ns3:TrackPointExtension>
        </extensions>
      </trkpt>
      <trkpt lat="37.51925677992403507232666015625" lon="127.069549150764942169189453125">
        <ele>17.6000003814697265625</ele>
        <time>2026-09-10T10:23:40.000Z</time>
        <extensions>
          <ns3:TrackPointExtension>
            <ns3:hr>147</ns3:hr>
            <ns3:cad>84</ns3:cad>
          </ns3:TrackPointExtension>
        </extensions>
      </trkpt>
      <trkpt lat="37.51927656121551990509033203125" lon="127.06957605667412281036376953125">
        <ele>17.6000003814697265625</ele>
        <time>2026-09-10T10:23:41.000Z</time>
        <extensions>
          <ns3:TrackPointExtension>
            <ns3:hr>147</ns3:hr>
            <ns3:cad>84</ns3:cad>
          </ns3:TrackPointExtension>
        </extensions>
      </trkpt>
      <trkpt lat="37.51929701305925846099853515625" lon="127.06961628980934619903564453125">
        <ele>17.6000003814697265625</ele>
        <time>2026-09-10T10:23:42.000Z</time>
        <extensions>
          <ns3:TrackPointExtension>
            <ns3:hr>147</ns3:hr>
            <ns3:cad>84</ns3:cad>
          </ns3:TrackPointExtension>
        </extensions>
      </trkpt>
      <trkpt lat="37.51931327395141124725341796875" lon="127.06964797340333461761474609375">
        <ele>17.6000003814697265625</ele>
        <time>2026-09-10T10:23:43.000Z</time>
        <extensions>
          <ns3:TrackPointExtension>
            <ns3:hr>146</ns3:hr>
            <ns3:cad>84</ns3:cad>
          </ns3:TrackPointExtension>
        </extensions>
      </trkpt>
      <trkpt lat="37.51933179795742034912109375" lon="127.06968803890049457550048828125">
        <ele>17.6000003814697265625</ele>
        <time>2026-09-10T10:23:44.000Z</time>
        <extensions>
          <ns3:TrackPointExtension>
            <ns3:hr>147</ns3:hr>
            <ns3:cad>84</ns3:cad>
          </ns3:TrackPointExtension>
        </extensions>
      </trkpt>
      <trkpt lat="37.5193487294018268585205078125" lon="127.06972894258797168731689453125">
        <ele>17.6000003814697265625</ele>
        <time>2026-09-10T10:23:45.000Z</time>
        <extensions>
          <ns3:TrackPointExtension>
            <ns3:hr>147</ns3:hr>
            <ns3:cad>84</ns3:cad>
          </ns3:TrackPointExtension>
        </extensions>
      </trkpt>
      <trkpt lat="37.51936842687427997589111328125" lon="127.0697622187435626983642578125">
        <ele>17.6000003814697265625</ele>
        <time>2026-09-10T10:23:46.000Z</time>
        <extensions>
          <ns3:TrackPointExtension>
            <ns3:hr>147</ns3:hr>
            <ns3:cad>84</ns3:cad>
          </ns3:TrackPointExtension>
        </extensions>
      </trkpt>
      <trkpt lat="37.51938401721417903900146484375" lon="127.06981427036225795745849609375">
        <ele>17.6000003814697265625</ele>
        <time>2026-09-10T10:23:47.000Z</time>
        <extensions>
          <ns3:TrackPointExtension>
            <ns3:hr>147</ns3:hr>
            <ns3:cad>85</ns3:cad>
          </ns3:TrackPointExtension>
        </extensions>
      </trkpt>
      <trkpt lat="37.5194017030298709869384765625" lon="127.0698490552604198455810546875">
        <ele>17.6000003814697265625</ele>
        <time>2026-09-10T10:23:48.000Z</time>
        <extensions>
          <ns3:TrackPointExtension>
            <ns3:hr>147</ns3:hr>
            <ns3:cad>85</ns3:cad>
          </ns3:TrackPointExtension>
        </extensions>
      </trkpt>
      <trkpt lat="37.51942039467394351959228515625" lon="127.0698919706046581268310546875">
        <ele>17.799999237060546875</ele>
        <time>2026-09-10T10:23:49.000Z</time>
        <extensions>
          <ns3:TrackPointExtension>
            <ns3:hr>147</ns3:hr>
            <ns3:cad>85</ns3:cad>
          </ns3:TrackPointExtension>
        </extensions>
      </trkpt>
      <trkpt lat="37.51943279989063739776611328125" lon="127.069933377206325531005859375">
        <ele>17.799999237060546875</ele>
        <time>2026-09-10T10:23:50.000Z</time>
        <extensions>
          <ns3:TrackPointExtension>
            <ns3:hr>147</ns3:hr>
            <ns3:cad>85</ns3:cad>
          </ns3:TrackPointExtension>
        </extensions>
      </trkpt>
      <trkpt lat="37.51944637857377529144287109375" lon="127.06996698863804340362548828125">
        <ele>17.799999237060546875</ele>
        <time>2026-09-10T10:23:51.000Z</time>
        <extensions>
          <ns3:TrackPointExtension>
            <ns3:hr>148</ns3:hr>
            <ns3:cad>85</ns3:cad>
          </ns3:TrackPointExtension>
        </extensions>
      </trkpt>
      <trkpt lat="37.5194550119340419769287109375" lon="127.07001158036291599273681640625">
        <ele>17.799999237060546875</ele>
        <time>2026-09-10T10:23:52.000Z</time>
        <extensions>
          <ns3:TrackPointExtension>
            <ns3:hr>148</ns3:hr>
            <ns3:cad>85</ns3:cad>
          </ns3:TrackPointExtension>
        </extensions>
      </trkpt>
      <trkpt lat="37.5194680877029895782470703125" lon="127.07004527561366558074951171875">
        <ele>17.799999237060546875</ele>
        <time>2026-09-10T10:23:53.000Z</time>
        <extensions>
          <ns3:TrackPointExtension>
            <ns3:hr>148</ns3:hr>
            <ns3:cad>85</ns3:cad>
          </ns3:TrackPointExtension>
        </extensions>
      </trkpt>
      <trkpt lat="37.51947605051100254058837890625" lon="127.07009732723236083984375">
        <ele>17.6000003814697265625</ele>
        <time>2026-09-10T10:23:54.000Z</time>
        <extensions>
          <ns3:TrackPointExtension>
            <ns3:hr>148</ns3:hr>
            <ns3:cad>85</ns3:cad>
          </ns3:TrackPointExtension>
        </extensions>
      </trkpt>
      <trkpt lat="37.5194871984422206878662109375" lon="127.07013060338795185089111328125">
        <ele>17.6000003814697265625</ele>
        <time>2026-09-10T10:23:55.000Z</time>
        <extensions>
          <ns3:TrackPointExtension>
            <ns3:hr>148</ns3:hr>
            <ns3:cad>85</ns3:cad>
          </ns3:TrackPointExtension>
        </extensions>
      </trkpt>
      <trkpt lat="37.519495077431201934814453125" lon="127.07017578184604644775390625">
        <ele>17.6000003814697265625</ele>
        <time>2026-09-10T10:23:56.000Z</time>
        <extensions>
          <ns3:TrackPointExtension>
            <ns3:hr>148</ns3:hr>
            <ns3:cad>85</ns3:cad>
          </ns3:TrackPointExtension>
        </extensions>
      </trkpt>
      <trkpt lat="37.519498430192470550537109375" lon="127.07022137939929962158203125">
        <ele>17.3999996185302734375</ele>
        <time>2026-09-10T10:23:57.000Z</time>
        <extensions>
          <ns3:TrackPointExtension>
            <ns3:hr>148</ns3:hr>
            <ns3:cad>85</ns3:cad>
          </ns3:TrackPointExtension>
        </extensions>
      </trkpt>
      <trkpt lat="37.51950639300048351287841796875" lon="127.0702596008777618408203125">
        <ele>17.3999996185302734375</ele>
        <time>2026-09-10T10:23:58.000Z</time>
        <extensions>
          <ns3:TrackPointExtension>
            <ns3:hr>148</ns3:hr>
            <ns3:cad>84</ns3:cad>
          </ns3:TrackPointExtension>
        </extensions>
      </trkpt>
      <trkpt lat="37.5195027887821197509765625" lon="127.07031165249645709991455078125">
        <ele>17.200000762939453125</ele>
        <time>2026-09-10T10:23:59.000Z</time>
        <extensions>
          <ns3:TrackPointExtension>
            <ns3:hr>148</ns3:hr>
            <ns3:cad>84</ns3:cad>
          </ns3:TrackPointExtension>
        </extensions>
      </trkpt>
      <trkpt lat="37.519506476819515228271484375" lon="127.07034635357558727264404296875">
        <ele>17.3999996185302734375</ele>
        <time>2026-09-10T10:24:00.000Z</time>
        <extensions>
          <ns3:TrackPointExtension>
            <ns3:hr>147</ns3:hr>
            <ns3:cad>84</ns3:cad>
          </ns3:TrackPointExtension>
        </extensions>
      </trkpt>
      <trkpt lat="37.51950748264789581298828125" lon="127.07039463333785533905029296875">
        <ele>17.3999996185302734375</ele>
        <time>2026-09-10T10:24:01.000Z</time>
        <extensions>
          <ns3:TrackPointExtension>
            <ns3:hr>148</ns3:hr>
            <ns3:cad>84</ns3:cad>
          </ns3:TrackPointExtension>
        </extensions>
      </trkpt>
      <trkpt lat="37.5195086561143398284912109375" lon="127.07043838687241077423095703125">
        <ele>17.3999996185302734375</ele>
        <time>2026-09-10T10:24:02.000Z</time>
        <extensions>
          <ns3:TrackPointExtension>
            <ns3:hr>148</ns3:hr>
            <ns3:cad>84</ns3:cad>
          </ns3:TrackPointExtension>
        </extensions>
      </trkpt>
      <trkpt lat="37.5195056386291980743408203125" lon="127.070476524531841278076171875">
        <ele>17.6000003814697265625</ele>
        <time>2026-09-10T10:24:03.000Z</time>
        <extensions>
          <ns3:TrackPointExtension>
            <ns3:hr>148</ns3:hr>
            <ns3:cad>85</ns3:cad>
          </ns3:TrackPointExtension>
        </extensions>
      </trkpt>
      <trkpt lat="37.519503124058246612548828125" lon="127.07052907906472682952880859375">
        <ele>17.799999237060546875</ele>
        <time>2026-09-10T10:24:04.000Z</time>
        <extensions>
          <ns3:TrackPointExtension>
            <ns3:hr>148</ns3:hr>
            <ns3:cad>85</ns3:cad>
          </ns3:TrackPointExtension>
        </extensions>
      </trkpt>
      <trkpt lat="37.5195079855620861053466796875" lon="127.0705625228583812713623046875">
        <ele>17.799999237060546875</ele>
        <time>2026-09-10T10:24:05.000Z</time>
        <extensions>
          <ns3:TrackPointExtension>
            <ns3:hr>148</ns3:hr>
            <ns3:cad>85</ns3:cad>
          </ns3:TrackPointExtension>
        </extensions>
      </trkpt>
      <trkpt lat="37.51950236968696117401123046875" lon="127.07061566412448883056640625">
        <ele>17.799999237060546875</ele>
        <time>2026-09-10T10:24:06.000Z</time>
        <extensions>
          <ns3:TrackPointExtension>
            <ns3:hr>148</ns3:hr>
            <ns3:cad>85</ns3:cad>
          </ns3:TrackPointExtension>
        </extensions>
      </trkpt>
      <trkpt lat="37.51950471661984920501708984375" lon="127.070656232535839080810546875">
        <ele>17.6000003814697265625</ele>
        <time>2026-09-10T10:24:07.000Z</time>
        <extensions>
          <ns3:TrackPointExtension>
            <ns3:hr>149</ns3:hr>
            <ns3:cad>85</ns3:cad>
          </ns3:TrackPointExtension>
        </extensions>
      </trkpt>
      <trkpt lat="37.5195029564201831817626953125" lon="127.07069923169910907745361328125">
        <ele>17.6000003814697265625</ele>
        <time>2026-09-10T10:24:08.000Z</time>
        <extensions>
          <ns3:TrackPointExtension>
            <ns3:hr>149</ns3:hr>
            <ns3:cad>85</ns3:cad>
          </ns3:TrackPointExtension>
        </extensions>
      </trkpt>
      <trkpt lat="37.51949532888829708099365234375" lon="127.07074063830077648162841796875">
        <ele>17.3999996185302734375</ele>
        <time>2026-09-10T10:24:09.000Z</time>
        <extensions>
          <ns3:TrackPointExtension>
            <ns3:hr>149</ns3:hr>
            <ns3:cad>85</ns3:cad>
          </ns3:TrackPointExtension>
        </extensions>
      </trkpt>
      <trkpt lat="37.5194895453751087188720703125" lon="127.07076980732381343841552734375">
        <ele>17.6000003814697265625</ele>
        <time>2026-09-10T10:24:10.000Z</time>
        <extensions>
          <ns3:TrackPointExtension>
            <ns3:hr>149</ns3:hr>
            <ns3:cad>85</ns3:cad>
          </ns3:TrackPointExtension>
        </extensions>
      </trkpt>
      <trkpt lat="37.51949130557477474212646484375" lon="127.070818506181240081787109375">
        <ele>17.6000003814697265625</ele>
        <time>2026-09-10T10:24:11.000Z</time>
        <extensions>
          <ns3:TrackPointExtension>
            <ns3:hr>150</ns3:hr>
            <ns3:cad>85</ns3:cad>
          </ns3:TrackPointExtension>
        </extensions>
      </trkpt>
      <trkpt lat="37.5194925628602504730224609375" lon="127.07085262052714824676513671875">
        <ele>17.799999237060546875</ele>
        <time>2026-09-10T10:24:12.000Z</time>
        <extensions>
          <ns3:TrackPointExtension>
            <ns3:hr>150</ns3:hr>
            <ns3:cad>84</ns3:cad>
          </ns3:TrackPointExtension>
        </extensions>
      </trkpt>
      <trkpt lat="37.51949541270732879638671875" lon="127.07089520059525966644287109375">
        <ele>18</ele>
        <time>2026-09-10T10:24:13.000Z</time>
        <extensions>
          <ns3:TrackPointExtension>
            <ns3:hr>150</ns3:hr>
            <ns3:cad>84</ns3:cad>
          </ns3:TrackPointExtension>
        </extensions>
      </trkpt>
      <trkpt lat="37.519492395222187042236328125" lon="127.07093677483499050140380859375">
        <ele>18</ele>
        <time>2026-09-10T10:24:14.000Z</time>
        <extensions>
          <ns3:TrackPointExtension>
            <ns3:hr>150</ns3:hr>
            <ns3:cad>84</ns3:cad>
          </ns3:TrackPointExtension>
        </extensions>
      </trkpt>
      <trkpt lat="37.51949700526893138885498046875" lon="127.070974409580230712890625">
        <ele>18</ele>
        <time>2026-09-10T10:24:15.000Z</time>
        <extensions>
          <ns3:TrackPointExtension>
            <ns3:hr>149</ns3:hr>
            <ns3:cad>85</ns3:cad>
          </ns3:TrackPointExtension>
        </extensions>
      </trkpt>
      <trkpt lat="37.5194947421550750732421875" lon="127.0710225217044353485107421875">
        <ele>17.799999237060546875</ele>
        <time>2026-09-10T10:24:16.000Z</time>
        <extensions>
          <ns3:TrackPointExtension>
            <ns3:hr>150</ns3:hr>
            <ns3:cad>85</ns3:cad>
          </ns3:TrackPointExtension>
        </extensions>
      </trkpt>
      <trkpt lat="37.51950371079146862030029296875" lon="127.071054875850677490234375">
        <ele>17.6000003814697265625</ele>
        <time>2026-09-10T10:24:17.000Z</time>
        <extensions>
          <ns3:TrackPointExtension>
            <ns3:hr>150</ns3:hr>
            <ns3:cad>84</ns3:cad>
          </ns3:TrackPointExtension>
        </extensions>
      </trkpt>
      <trkpt lat="37.51951754093170166015625" lon="127.071105502545833587646484375">
        <ele>17.6000003814697265625</ele>
        <time>2026-09-10T10:24:18.000Z</time>
        <extensions>
          <ns3:TrackPointExtension>
            <ns3:hr>150</ns3:hr>
            <ns3:cad>84</ns3:cad>
          </ns3:TrackPointExtension>
        </extensions>
      </trkpt>
      <trkpt lat="37.5195257551968097686767578125" lon="127.0711462385952472686767578125">
        <ele>17.6000003814697265625</ele>
        <time>2026-09-10T10:24:19.000Z</time>
        <extensions>
          <ns3:TrackPointExtension>
            <ns3:hr>150</ns3:hr>
            <ns3:cad>84</ns3:cad>
          </ns3:TrackPointExtension>
        </extensions>
      </trkpt>
      <trkpt lat="37.51953589729964733123779296875" lon="127.0711784251034259796142578125">
        <ele>17.6000003814697265625</ele>
        <time>2026-09-10T10:24:20.000Z</time>
        <extensions>
          <ns3:TrackPointExtension>
            <ns3:hr>150</ns3:hr>
            <ns3:cad>84</ns3:cad>
          </ns3:TrackPointExtension>
        </extensions>
      </trkpt>
      <trkpt lat="37.51954243518412113189697265625" lon="127.071226872503757476806640625">
        <ele>17.6000003814697265625</ele>
        <time>2026-09-10T10:24:21.000Z</time>
        <extensions>
          <ns3:TrackPointExtension>
            <ns3:hr>150</ns3:hr>
            <ns3:cad>84</ns3:cad>
          </ns3:TrackPointExtension>
        </extensions>
      </trkpt>
      <trkpt lat="37.51955132000148296356201171875" lon="127.07125696353614330291748046875">
        <ele>17.799999237060546875</ele>
        <time>2026-09-10T10:24:22.000Z</time>
        <extensions>
          <ns3:TrackPointExtension>
            <ns3:hr>150</ns3:hr>
            <ns3:cad>84</ns3:cad>
          </ns3:TrackPointExtension>
        </extensions>
      </trkpt>
      <trkpt lat="37.51956456340849399566650390625" lon="127.07130365073680877685546875">
        <ele>17.799999237060546875</ele>
        <time>2026-09-10T10:24:23.000Z</time>
        <extensions>
          <ns3:TrackPointExtension>
            <ns3:hr>151</ns3:hr>
            <ns3:cad>84</ns3:cad>
          </ns3:TrackPointExtension>
        </extensions>
      </trkpt>
      <trkpt lat="37.5195807404816150665283203125" lon="127.07134447060525417327880859375">
        <ele>17.799999237060546875</ele>
        <time>2026-09-10T10:24:24.000Z</time>
        <extensions>
          <ns3:TrackPointExtension>
            <ns3:hr>151</ns3:hr>
            <ns3:cad>84</ns3:cad>
          </ns3:TrackPointExtension>
        </extensions>
      </trkpt>
      <trkpt lat="37.51959465444087982177734375" lon="127.0713805966079235076904296875">
        <ele>17.799999237060546875</ele>
        <time>2026-09-10T10:24:25.000Z</time>
        <extensions>
          <ns3:TrackPointExtension>
            <ns3:hr>151</ns3:hr>
            <ns3:cad>84</ns3:cad>
          </ns3:TrackPointExtension>
        </extensions>
      </trkpt>
      <trkpt lat="37.519600354135036468505859375" lon="127.0714288763701915740966796875">
        <ele>17.799999237060546875</ele>
        <time>2026-09-10T10:24:26.000Z</time>
        <extensions>
          <ns3:TrackPointExtension>
            <ns3:hr>151</ns3:hr>
            <ns3:cad>84</ns3:cad>
          </ns3:TrackPointExtension>
        </extensions>
      </trkpt>
      <trkpt lat="37.51961611211299896240234375" lon="127.071456201374530792236328125">
        <ele>17.799999237060546875</ele>
        <time>2026-09-10T10:24:27.000Z</time>
        <extensions>
          <ns3:TrackPointExtension>
            <ns3:hr>151</ns3:hr>
            <ns3:cad>84</ns3:cad>
          </ns3:TrackPointExtension>
        </extensions>
      </trkpt>
      <trkpt lat="37.519633881747722625732421875" lon="127.07150523550808429718017578125">
        <ele>17.799999237060546875</ele>
        <time>2026-09-10T10:24:28.000Z</time>
        <extensions>
          <ns3:TrackPointExtension>
            <ns3:hr>151</ns3:hr>
            <ns3:cad>84</ns3:cad>
          </ns3:TrackPointExtension>
        </extensions>
      </trkpt>
      <trkpt lat="37.519647963345050811767578125" lon="127.07153893075883388519287109375">
        <ele>17.799999237060546875</ele>
        <time>2026-09-10T10:24:29.000Z</time>
        <extensions>
          <ns3:TrackPointExtension>
            <ns3:hr>151</ns3:hr>
            <ns3:cad>84</ns3:cad>
          </ns3:TrackPointExtension>
        </extensions>
      </trkpt>
      <trkpt lat="37.51966263167560100555419921875" lon="127.07158084027469158172607421875">
        <ele>17.799999237060546875</ele>
        <time>2026-09-10T10:24:30.000Z</time>
        <extensions>
          <ns3:TrackPointExtension>
            <ns3:hr>151</ns3:hr>
            <ns3:cad>84</ns3:cad>
          </ns3:TrackPointExtension>
        </extensions>
      </trkpt>
      <trkpt lat="37.51965760253369808197021484375" lon="127.07162526436150074005126953125">
        <ele>17.6000003814697265625</ele>
        <time>2026-09-10T10:24:31.000Z</time>
        <extensions>
          <ns3:TrackPointExtension>
            <ns3:hr>151</ns3:hr>
            <ns3:cad>84</ns3:cad>
          </ns3:TrackPointExtension>
        </extensions>
      </trkpt>
      <trkpt lat="37.519659698009490966796875" lon="127.071656696498394012451171875">
        <ele>17.6000003814697265625</ele>
        <time>2026-09-10T10:24:32.000Z</time>
        <extensions>
          <ns3:TrackPointExtension>
            <ns3:hr>151</ns3:hr>
            <ns3:cad>84</ns3:cad>
          </ns3:TrackPointExtension>
        </extensions>
      </trkpt>
      <trkpt lat="37.5196556746959686279296875" lon="127.07170464098453521728515625">
        <ele>17.6000003814697265625</ele>
        <time>2026-09-10T10:24:33.000Z</time>
        <extensions>
          <ns3:TrackPointExtension>
            <ns3:hr>151</ns3:hr>
            <ns3:cad>84</ns3:cad>
          </ns3:TrackPointExtension>
        </extensions>
      </trkpt>
      <trkpt lat="37.5196591950953006744384765625" lon="127.07173892296850681304931640625">
        <ele>17.6000003814697265625</ele>
        <time>2026-09-10T10:24:34.000Z</time>
        <extensions>
          <ns3:TrackPointExtension>
            <ns3:hr>151</ns3:hr>
            <ns3:cad>84</ns3:cad>
          </ns3:TrackPointExtension>
        </extensions>
      </trkpt>
      <trkpt lat="37.51965768635272979736328125" lon="127.07178016193211078643798828125">
        <ele>17.6000003814697265625</ele>
        <time>2026-09-10T10:24:35.000Z</time>
        <extensions>
          <ns3:TrackPointExtension>
            <ns3:hr>150</ns3:hr>
            <ns3:cad>84</ns3:cad>
          </ns3:TrackPointExtension>
        </extensions>
      </trkpt>
      <trkpt lat="37.51965290866792201995849609375" lon="127.0718278549611568450927734375">
        <ele>17.3999996185302734375</ele>
        <time>2026-09-10T10:24:36.000Z</time>
        <extensions>
          <ns3:TrackPointExtension>
            <ns3:hr>150</ns3:hr>
            <ns3:cad>84</ns3:cad>
          </ns3:TrackPointExtension>
        </extensions>
      </trkpt>
      <trkpt lat="37.519649304449558258056640625" lon="127.07186155021190643310546875">
        <ele>17.3999996185302734375</ele>
        <time>2026-09-10T10:24:37.000Z</time>
        <extensions>
          <ns3:TrackPointExtension>
            <ns3:hr>149</ns3:hr>
            <ns3:cad>83</ns3:cad>
          </ns3:TrackPointExtension>
        </extensions>
      </trkpt>
      <trkpt lat="37.5196384079754352569580078125" lon="127.07191192544996738433837890625">
        <ele>17.3999996185302734375</ele>
        <time>2026-09-10T10:24:38.000Z</time>
        <extensions>
          <ns3:TrackPointExtension>
            <ns3:hr>149</ns3:hr>
            <ns3:cad>83</ns3:cad>
          </ns3:TrackPointExtension>
        </extensions>
      </trkpt>
      <trkpt lat="37.51963463611900806427001953125" lon="127.07194914110004901885986328125">
        <ele>17.6000003814697265625</ele>
        <time>2026-09-10T10:24:39.000Z</time>
        <extensions>
          <ns3:TrackPointExtension>
            <ns3:hr>149</ns3:hr>
            <ns3:cad>83</ns3:cad>
          </ns3:TrackPointExtension>
        </extensions>
      </trkpt>
      <trkpt lat="37.51963044516742229461669921875" lon="127.07198652438819408416748046875">
        <ele>17.6000003814697265625</ele>
        <time>2026-09-10T10:24:40.000Z</time>
        <extensions>
          <ns3:TrackPointExtension>
            <ns3:hr>149</ns3:hr>
            <ns3:cad>83</ns3:cad>
          </ns3:TrackPointExtension>
        </extensions>
      </trkpt>
      <trkpt lat="37.5196166150271892547607421875" lon="127.0720276795327663421630859375">
        <ele>17.799999237060546875</ele>
        <time>2026-09-10T10:24:41.000Z</time>
        <extensions>
          <ns3:TrackPointExtension>
            <ns3:hr>149</ns3:hr>
            <ns3:cad>83</ns3:cad>
          </ns3:TrackPointExtension>
        </extensions>
      </trkpt>
      <trkpt lat="37.51961736939847469329833984375" lon="127.0720566809177398681640625">
        <ele>18</ele>
        <time>2026-09-10T10:24:42.000Z</time>
        <extensions>
          <ns3:TrackPointExtension>
            <ns3:hr>148</ns3:hr>
            <ns3:cad>84</ns3:cad>
          </ns3:TrackPointExtension>
        </extensions>
      </trkpt>
      <trkpt lat="37.51961342990398406982421875" lon="127.07210353575646877288818359375">
        <ele>18.200000762939453125</ele>
        <time>2026-09-10T10:24:43.000Z</time>
        <extensions>
          <ns3:TrackPointExtension>
            <ns3:hr>149</ns3:hr>
            <ns3:cad>84</ns3:cad>
          </ns3:TrackPointExtension>
        </extensions>
      </trkpt>
      <trkpt lat="37.51960865221917629241943359375" lon="127.072140164673328399658203125">
        <ele>18.200000762939453125</ele>
        <time>2026-09-10T10:24:44.000Z</time>
        <extensions>
          <ns3:TrackPointExtension>
            <ns3:hr>148</ns3:hr>
            <ns3:cad>84</ns3:cad>
          </ns3:TrackPointExtension>
        </extensions>
      </trkpt>
      <trkpt lat="37.51960312016308307647705078125" lon="127.072170339524745941162109375">
        <ele>18.200000762939453125</ele>
        <time>2026-09-10T10:24:45.000Z</time>
        <extensions>
          <ns3:TrackPointExtension>
            <ns3:hr>148</ns3:hr>
            <ns3:cad>84</ns3:cad>
          </ns3:TrackPointExtension>
        </extensions>
      </trkpt>
      <trkpt lat="37.519589960575103759765625" lon="127.07221132703125476837158203125">
        <ele>18.200000762939453125</ele>
        <time>2026-09-10T10:24:46.000Z</time>
        <extensions>
          <ns3:TrackPointExtension>
            <ns3:hr>148</ns3:hr>
            <ns3:cad>84</ns3:cad>
          </ns3:TrackPointExtension>
        </extensions>
      </trkpt>
      <trkpt lat="37.51958660781383514404296875" lon="127.07223814912140369415283203125">
        <ele>18.3999996185302734375</ele>
        <time>2026-09-10T10:24:47.000Z</time>
        <extensions>
          <ns3:TrackPointExtension>
            <ns3:hr>149</ns3:hr>
            <ns3:cad>84</ns3:cad>
          </ns3:TrackPointExtension>
        </extensions>
      </trkpt>
      <trkpt lat="37.51958191394805908203125" lon="127.0722811482846736907958984375">
        <ele>18.6000003814697265625</ele>
        <time>2026-09-10T10:24:48.000Z</time>
        <extensions>
          <ns3:TrackPointExtension>
            <ns3:hr>148</ns3:hr>
            <ns3:cad>84</ns3:cad>
          </ns3:TrackPointExtension>
        </extensions>
      </trkpt>
      <trkpt lat="37.5195703469216823577880859375" lon="127.07232163287699222564697265625">
        <ele>18.799999237060546875</ele>
        <time>2026-09-10T10:24:49.000Z</time>
        <extensions>
          <ns3:TrackPointExtension>
            <ns3:hr>149</ns3:hr>
            <ns3:cad>84</ns3:cad>
          </ns3:TrackPointExtension>
        </extensions>
      </trkpt>
      <trkpt lat="37.51956657506525516510009765625" lon="127.072352729737758636474609375">
        <ele>18.799999237060546875</ele>
        <time>2026-09-10T10:24:50.000Z</time>
        <extensions>
          <ns3:TrackPointExtension>
            <ns3:hr>149</ns3:hr>
            <ns3:cad>84</ns3:cad>
          </ns3:TrackPointExtension>
        </extensions>
      </trkpt>
      <trkpt lat="37.519554086029529571533203125" lon="127.072396986186504364013671875">
        <ele>18.799999237060546875</ele>
        <time>2026-09-10T10:24:51.000Z</time>
        <extensions>
          <ns3:TrackPointExtension>
            <ns3:hr>149</ns3:hr>
            <ns3:cad>83</ns3:cad>
          </ns3:TrackPointExtension>
        </extensions>
      </trkpt>
      <trkpt lat="37.51955467276275157928466796875" lon="127.07242942415177822113037109375">
        <ele>19</ele>
        <time>2026-09-10T10:24:52.000Z</time>
        <extensions>
          <ns3:TrackPointExtension>
            <ns3:hr>148</ns3:hr>
            <ns3:cad>83</ns3:cad>
          </ns3:TrackPointExtension>
        </extensions>
      </trkpt>
      <trkpt lat="37.5195492245256900787353515625" lon="127.07246714271605014801025390625">
        <ele>19.200000762939453125</ele>
        <time>2026-09-10T10:24:53.000Z</time>
        <extensions>
          <ns3:TrackPointExtension>
            <ns3:hr>149</ns3:hr>
            <ns3:cad>83</ns3:cad>
          </ns3:TrackPointExtension>
        </extensions>
      </trkpt>
      <trkpt lat="37.5195351429283618927001953125" lon="127.07250871695578098297119140625">
        <ele>19.200000762939453125</ele>
        <time>2026-09-10T10:24:54.000Z</time>
        <extensions>
          <ns3:TrackPointExtension>
            <ns3:hr>149</ns3:hr>
            <ns3:cad>82</ns3:cad>
          </ns3:TrackPointExtension>
        </extensions>
      </trkpt>
      <trkpt lat="37.51953405328094959259033203125" lon="127.07253922708332538604736328125">
        <ele>19.3999996185302734375</ele>
        <time>2026-09-10T10:24:55.000Z</time>
        <extensions>
          <ns3:TrackPointExtension>
            <ns3:hr>149</ns3:hr>
            <ns3:cad>82</ns3:cad>
          </ns3:TrackPointExtension>
        </extensions>
      </trkpt>
      <trkpt lat="37.51952894032001495361328125" lon="127.0725839026272296905517578125">
        <ele>19.3999996185302734375</ele>
        <time>2026-09-10T10:24:56.000Z</time>
        <extensions>
          <ns3:TrackPointExtension>
            <ns3:hr>150</ns3:hr>
            <ns3:cad>82</ns3:cad>
          </ns3:TrackPointExtension>
        </extensions>
      </trkpt>
      <trkpt lat="37.5195240788161754608154296875" lon="127.0726204477250576019287109375">
        <ele>19.6000003814697265625</ele>
        <time>2026-09-10T10:24:57.000Z</time>
        <extensions>
          <ns3:TrackPointExtension>
            <ns3:hr>150</ns3:hr>
            <ns3:cad>82</ns3:cad>
          </ns3:TrackPointExtension>
        </extensions>
      </trkpt>
      <trkpt lat="37.51952399499714374542236328125" lon="127.07266093231737613677978515625">
        <ele>19.6000003814697265625</ele>
        <time>2026-09-10T10:24:58.000Z</time>
        <extensions>
          <ns3:TrackPointExtension>
            <ns3:hr>150</ns3:hr>
            <ns3:cad>82</ns3:cad>
          </ns3:TrackPointExtension>
        </extensions>
      </trkpt>
      <trkpt lat="37.51951309852302074432373046875" lon="127.072706781327724456787109375">
        <ele>19.799999237060546875</ele>
        <time>2026-09-10T10:24:59.000Z</time>
        <extensions>
          <ns3:TrackPointExtension>
            <ns3:hr>151</ns3:hr>
            <ns3:cad>84</ns3:cad>
          </ns3:TrackPointExtension>
        </extensions>
      </trkpt>
      <trkpt lat="37.519512511789798736572265625" lon="127.07273402251303195953369140625">
        <ele>20</ele>
        <time>2026-09-10T10:25:00.000Z</time>
        <extensions>
          <ns3:TrackPointExtension>
            <ns3:hr>151</ns3:hr>
            <ns3:cad>84</ns3:cad>
          </ns3:TrackPointExtension>
        </extensions>
      </trkpt>
      <trkpt lat="37.5195076502859592437744140625" lon="127.0727773569524288177490234375">
        <ele>20</ele>
        <time>2026-09-10T10:25:01.000Z</time>
        <extensions>
          <ns3:TrackPointExtension>
            <ns3:hr>151</ns3:hr>
            <ns3:cad>84</ns3:cad>
          </ns3:TrackPointExtension>
        </extensions>
      </trkpt>
      <trkpt lat="37.519501112401485443115234375" lon="127.072813399136066436767578125">
        <ele>20</ele>
        <time>2026-09-10T10:25:02.000Z</time>
        <extensions>
          <ns3:TrackPointExtension>
            <ns3:hr>151</ns3:hr>
            <ns3:cad>84</ns3:cad>
          </ns3:TrackPointExtension>
        </extensions>
      </trkpt>
      <trkpt lat="37.519495747983455657958984375" lon="127.07284298725426197052001953125">
        <ele>20.200000762939453125</ele>
        <time>2026-09-10T10:25:03.000Z</time>
        <extensions>
          <ns3:TrackPointExtension>
            <ns3:hr>151</ns3:hr>
            <ns3:cad>84</ns3:cad>
          </ns3:TrackPointExtension>
        </extensions>
      </trkpt>
      <trkpt lat="37.5194813311100006103515625" lon="127.07288774661719799041748046875">
        <ele>20.200000762939453125</ele>
        <time>2026-09-10T10:25:04.000Z</time>
        <extensions>
          <ns3:TrackPointExtension>
            <ns3:hr>152</ns3:hr>
            <ns3:cad>84</ns3:cad>
          </ns3:TrackPointExtension>
        </extensions>
      </trkpt>
      <trkpt lat="37.51947806216776371002197265625" lon="127.07291624508798122406005859375">
        <ele>20.200000762939453125</ele>
        <time>2026-09-10T10:25:05.000Z</time>
        <extensions>
          <ns3:TrackPointExtension>
            <ns3:hr>152</ns3:hr>
            <ns3:cad>84</ns3:cad>
          </ns3:TrackPointExtension>
        </extensions>
      </trkpt>
      <trkpt lat="37.51947370357811450958251953125" lon="127.0729607529938220977783203125">
        <ele>20.200000762939453125</ele>
        <time>2026-09-10T10:25:06.000Z</time>
        <extensions>
          <ns3:TrackPointExtension>
            <ns3:hr>152</ns3:hr>
            <ns3:cad>84</ns3:cad>
          </ns3:TrackPointExtension>
        </extensions>
      </trkpt>
      <trkpt lat="37.519460879266262054443359375" lon="127.07299721427261829376220703125">
        <ele>20.200000762939453125</ele>
        <time>2026-09-10T10:25:07.000Z</time>
        <extensions>
          <ns3:TrackPointExtension>
            <ns3:hr>152</ns3:hr>
            <ns3:cad>84</ns3:cad>
          </ns3:TrackPointExtension>
        </extensions>
      </trkpt>
      <trkpt lat="37.51945652067661285400390625" lon="127.07302705384790897369384765625">
        <ele>20.3999996185302734375</ele>
        <time>2026-09-10T10:25:08.000Z</time>
        <extensions>
          <ns3:TrackPointExtension>
            <ns3:hr>152</ns3:hr>
            <ns3:cad>84</ns3:cad>
          </ns3:TrackPointExtension>
        </extensions>
      </trkpt>
      <trkpt lat="37.51944637857377529144287109375" lon="127.07307080738246440887451171875">
        <ele>20.200000762939453125</ele>
        <time>2026-09-10T10:25:09.000Z</time>
        <extensions>
          <ns3:TrackPointExtension>
            <ns3:hr>152</ns3:hr>
            <ns3:cad>84</ns3:cad>
          </ns3:TrackPointExtension>
        </extensions>
      </trkpt>
      <trkpt lat="37.51944319345057010650634765625" lon="127.0731025747954845428466796875">
        <ele>20.200000762939453125</ele>
        <time>2026-09-10T10:25:10.000Z</time>
        <extensions>
          <ns3:TrackPointExtension>
            <ns3:hr>152</ns3:hr>
            <ns3:cad>83</ns3:cad>
          </ns3:TrackPointExtension>
        </extensions>
      </trkpt>
      <trkpt lat="37.51943715848028659820556640625" lon="127.0731376111507415771484375">
        <ele>20.3999996185302734375</ele>
        <time>2026-09-10T10:25:11.000Z</time>
        <extensions>
          <ns3:TrackPointExtension>
            <ns3:hr>152</ns3:hr>
            <ns3:cad>83</ns3:cad>
          </ns3:TrackPointExtension>
        </extensions>
      </trkpt>
      <trkpt lat="37.51942223869264125823974609375" lon="127.07317910157144069671630859375">
        <ele>20.3999996185302734375</ele>
        <time>2026-09-10T10:25:12.000Z</time>
        <extensions>
          <ns3:TrackPointExtension>
            <ns3:hr>151</ns3:hr>
            <ns3:cad>83</ns3:cad>
          </ns3:TrackPointExtension>
        </extensions>
      </trkpt>
      <trkpt lat="37.51941922120749950408935546875" lon="127.07320709712803363800048828125">
        <ele>20.6000003814697265625</ele>
        <time>2026-09-10T10:25:13.000Z</time>
        <extensions>
          <ns3:TrackPointExtension>
            <ns3:hr>152</ns3:hr>
            <ns3:cad>83</ns3:cad>
          </ns3:TrackPointExtension>
        </extensions>
      </trkpt>
      <trkpt lat="37.5194141082465648651123046875" lon="127.07325252704322338104248046875">
        <ele>20.6000003814697265625</ele>
        <time>2026-09-10T10:25:14.000Z</time>
        <extensions>
          <ns3:TrackPointExtension>
            <ns3:hr>152</ns3:hr>
            <ns3:cad>83</ns3:cad>
          </ns3:TrackPointExtension>
        </extensions>
      </trkpt>
      <trkpt lat="37.51940966583788394927978515625" lon="127.073288150131702423095703125">
        <ele>20.6000003814697265625</ele>
        <time>2026-09-10T10:25:15.000Z</time>
        <extensions>
          <ns3:TrackPointExtension>
            <ns3:hr>152</ns3:hr>
            <ns3:cad>83</ns3:cad>
          </ns3:TrackPointExtension>
        </extensions>
      </trkpt>
      <trkpt lat="37.5194047205150127410888671875" lon="127.0733228512108325958251953125">
        <ele>20.6000003814697265625</ele>
        <time>2026-09-10T10:25:16.000Z</time>
        <extensions>
          <ns3:TrackPointExtension>
            <ns3:hr>153</ns3:hr>
            <ns3:cad>83</ns3:cad>
          </ns3:TrackPointExtension>
        </extensions>
      </trkpt>
      <trkpt lat="37.519385777413845062255859375" lon="127.0733617432415485382080078125">
        <ele>20.6000003814697265625</ele>
        <time>2026-09-10T10:25:17.000Z</time>
        <extensions>
          <ns3:TrackPointExtension>
            <ns3:hr>153</ns3:hr>
            <ns3:cad>83</ns3:cad>
          </ns3:TrackPointExtension>
        </extensions>
      </trkpt>
      <trkpt lat="37.51938401721417903900146484375" lon="127.07338999025523662567138671875">
        <ele>20.6000003814697265625</ele>
        <time>2026-09-10T10:25:18.000Z</time>
        <extensions>
          <ns3:TrackPointExtension>
            <ns3:hr>154</ns3:hr>
            <ns3:cad>83</ns3:cad>
          </ns3:TrackPointExtension>
        </extensions>
      </trkpt>
      <trkpt lat="37.51937764696776866912841796875" lon="127.073437012732028961181640625">
        <ele>20.6000003814697265625</ele>
        <time>2026-09-10T10:25:19.000Z</time>
        <extensions>
          <ns3:TrackPointExtension>
            <ns3:hr>154</ns3:hr>
            <ns3:cad>84</ns3:cad>
          </ns3:TrackPointExtension>
        </extensions>
      </trkpt>
      <trkpt lat="37.51937806606292724609375" lon="127.07346827723085880279541015625">
        <ele>20.6000003814697265625</ele>
        <time>2026-09-10T10:25:20.000Z</time>
        <extensions>
          <ns3:TrackPointExtension>
            <ns3:hr>154</ns3:hr>
            <ns3:cad>84</ns3:cad>
          </ns3:TrackPointExtension>
        </extensions>
      </trkpt>
      <trkpt lat="37.5193785689771175384521484375" lon="127.0735022239387035369873046875">
        <ele>20.799999237060546875</ele>
        <time>2026-09-10T10:25:21.000Z</time>
        <extensions>
          <ns3:TrackPointExtension>
            <ns3:hr>154</ns3:hr>
            <ns3:cad>84</ns3:cad>
          </ns3:TrackPointExtension>
        </extensions>
      </trkpt>
      <trkpt lat="37.51936532557010650634765625" lon="127.0735458098351955413818359375">
        <ele>20.799999237060546875</ele>
        <time>2026-09-10T10:25:22.000Z</time>
        <extensions>
          <ns3:TrackPointExtension>
            <ns3:hr>153</ns3:hr>
            <ns3:cad>83</ns3:cad>
          </ns3:TrackPointExtension>
        </extensions>
      </trkpt>
      <trkpt lat="37.51936264336109161376953125" lon="127.073573805391788482666015625">
        <ele>20.6000003814697265625</ele>
        <time>2026-09-10T10:25:23.000Z</time>
        <extensions>
          <ns3:TrackPointExtension>
            <ns3:hr>154</ns3:hr>
            <ns3:cad>83</ns3:cad>
          </ns3:TrackPointExtension>
        </extensions>
      </trkpt>
      <trkpt lat="37.51935862004756927490234375" lon="127.0736205764114856719970703125">
        <ele>20.6000003814697265625</ele>
        <time>2026-09-10T10:25:24.000Z</time>
        <extensions>
          <ns3:TrackPointExtension>
            <ns3:hr>154</ns3:hr>
            <ns3:cad>83</ns3:cad>
          </ns3:TrackPointExtension>
        </extensions>
      </trkpt>
      <trkpt lat="37.51935149542987346649169921875" lon="127.073657624423503875732421875">
        <ele>20.3999996185302734375</ele>
        <time>2026-09-10T10:25:25.000Z</time>
        <extensions>
          <ns3:TrackPointExtension>
            <ns3:hr>154</ns3:hr>
            <ns3:cad>83</ns3:cad>
          </ns3:TrackPointExtension>
        </extensions>
      </trkpt>
      <trkpt lat="37.51935099251568317413330078125" lon="127.07369140349328517913818359375">
        <ele>20.3999996185302734375</ele>
        <time>2026-09-10T10:25:26.000Z</time>
        <extensions>
          <ns3:TrackPointExtension>
            <ns3:hr>155</ns3:hr>
            <ns3:cad>83</ns3:cad>
          </ns3:TrackPointExtension>
        </extensions>
      </trkpt>
      <trkpt lat="37.5193329714238643646240234375" lon="127.07373348064720630645751953125">
        <ele>20.3999996185302734375</ele>
        <time>2026-09-10T10:25:27.000Z</time>
        <extensions>
          <ns3:TrackPointExtension>
            <ns3:hr>154</ns3:hr>
            <ns3:cad>83</ns3:cad>
          </ns3:TrackPointExtension>
        </extensions>
      </trkpt>
      <trkpt lat="37.51932911574840545654296875" lon="127.07376885227859020233154296875">
        <ele>20.3999996185302734375</ele>
        <time>2026-09-10T10:25:28.000Z</time>
        <extensions>
          <ns3:TrackPointExtension>
            <ns3:hr>154</ns3:hr>
            <ns3:cad>83</ns3:cad>
          </ns3:TrackPointExtension>
        </extensions>
      </trkpt>
      <trkpt lat="37.51932148821651935577392578125" lon="127.07380858249962329864501953125">
        <ele>20.6000003814697265625</ele>
        <time>2026-09-10T10:25:29.000Z</time>
        <extensions>
          <ns3:TrackPointExtension>
            <ns3:hr>155</ns3:hr>
            <ns3:cad>83</ns3:cad>
          </ns3:TrackPointExtension>
        </extensions>
      </trkpt>
      <trkpt lat="37.5193135254085063934326171875" lon="127.0738475583493709564208984375">
        <ele>20.6000003814697265625</ele>
        <time>2026-09-10T10:25:30.000Z</time>
        <extensions>
          <ns3:TrackPointExtension>
            <ns3:hr>154</ns3:hr>
            <ns3:cad>83</ns3:cad>
          </ns3:TrackPointExtension>
        </extensions>
      </trkpt>
      <trkpt lat="37.5193105079233646392822265625" lon="127.07388066686689853668212890625">
        <ele>20.3999996185302734375</ele>
        <time>2026-09-10T10:25:31.000Z</time>
        <extensions>
          <ns3:TrackPointExtension>
            <ns3:hr>154</ns3:hr>
            <ns3:cad>84</ns3:cad>
          </ns3:TrackPointExtension>
        </extensions>
      </trkpt>
      <trkpt lat="37.5193004496395587921142578125" lon="127.0739250071346759796142578125">
        <ele>20.3999996185302734375</ele>
        <time>2026-09-10T10:25:32.000Z</time>
        <extensions>
          <ns3:TrackPointExtension>
            <ns3:hr>154</ns3:hr>
            <ns3:cad>84</ns3:cad>
          </ns3:TrackPointExtension>
        </extensions>
      </trkpt>
      <trkpt lat="37.5193001143634319305419921875" lon="127.0739538408815860748291015625">
        <ele>20.3999996185302734375</ele>
        <time>2026-09-10T10:25:33.000Z</time>
        <extensions>
          <ns3:TrackPointExtension>
            <ns3:hr>154</ns3:hr>
            <ns3:cad>84</ns3:cad>
          </ns3:TrackPointExtension>
        </extensions>
      </trkpt>
      <trkpt lat="37.51929558813571929931640625" lon="127.0740001089870929718017578125">
        <ele>20.200000762939453125</ele>
        <time>2026-09-10T10:25:34.000Z</time>
        <extensions>
          <ns3:TrackPointExtension>
            <ns3:hr>155</ns3:hr>
            <ns3:cad>84</ns3:cad>
          </ns3:TrackPointExtension>
        </extensions>
      </trkpt>
      <trkpt lat="37.5192887149751186370849609375" lon="127.07403405569493770599365234375">
        <ele>20.200000762939453125</ele>
        <time>2026-09-10T10:25:35.000Z</time>
        <extensions>
          <ns3:TrackPointExtension>
            <ns3:hr>154</ns3:hr>
            <ns3:cad>84</ns3:cad>
          </ns3:TrackPointExtension>
        </extensions>
      </trkpt>
      <trkpt lat="37.51928242854773998260498046875" lon="127.074068002402782440185546875">
        <ele>20.200000762939453125</ele>
        <time>2026-09-10T10:25:36.000Z</time>
        <extensions>
          <ns3:TrackPointExtension>
            <ns3:hr>154</ns3:hr>
            <ns3:cad>84</ns3:cad>
          </ns3:TrackPointExtension>
        </extensions>
      </trkpt>
      <trkpt lat="37.5192645750939846038818359375" lon="127.07411460578441619873046875">
        <ele>20.200000762939453125</ele>
        <time>2026-09-10T10:25:37.000Z</time>
        <extensions>
          <ns3:TrackPointExtension>
            <ns3:hr>154</ns3:hr>
            <ns3:cad>84</ns3:cad>
          </ns3:TrackPointExtension>
        </extensions>
      </trkpt>
      <trkpt lat="37.51926717348396778106689453125" lon="127.07414587028324604034423828125">
        <ele>20.200000762939453125</ele>
        <time>2026-09-10T10:25:38.000Z</time>
        <extensions>
          <ns3:TrackPointExtension>
            <ns3:hr>154</ns3:hr>
            <ns3:cad>84</ns3:cad>
          </ns3:TrackPointExtension>
        </extensions>
      </trkpt>
      <trkpt lat="37.519261725246906280517578125" lon="127.07419632934033870697021484375">
        <ele>20.200000762939453125</ele>
        <time>2026-09-10T10:25:39.000Z</time>
        <extensions>
          <ns3:TrackPointExtension>
            <ns3:hr>153</ns3:hr>
            <ns3:cad>83</ns3:cad>
          </ns3:TrackPointExtension>
        </extensions>
      </trkpt>
      <trkpt lat="37.51925409771502017974853515625" lon="127.07423421554267406463623046875">
        <ele>20.200000762939453125</ele>
        <time>2026-09-10T10:25:40.000Z</time>
        <extensions>
          <ns3:TrackPointExtension>
            <ns3:hr>153</ns3:hr>
            <ns3:cad>83</ns3:cad>
          </ns3:TrackPointExtension>
        </extensions>
      </trkpt>
      <trkpt lat="37.51924605108797550201416015625" lon="127.07426774315536022186279296875">
        <ele>20.200000762939453125</ele>
        <time>2026-09-10T10:25:41.000Z</time>
        <extensions>
          <ns3:TrackPointExtension>
            <ns3:hr>153</ns3:hr>
            <ns3:cad>83</ns3:cad>
          </ns3:TrackPointExtension>
        </extensions>
      </trkpt>
      <trkpt lat="37.519231550395488739013671875" lon="127.074311077594757080078125">
        <ele>20.3999996185302734375</ele>
        <time>2026-09-10T10:25:42.000Z</time>
        <extensions>
          <ns3:TrackPointExtension>
            <ns3:hr>153</ns3:hr>
            <ns3:cad>83</ns3:cad>
          </ns3:TrackPointExtension>
        </extensions>
      </trkpt>
      <trkpt lat="37.5192260183393955230712890625" lon="127.0743407495319843292236328125">
        <ele>20.3999996185302734375</ele>
        <time>2026-09-10T10:25:43.000Z</time>
        <extensions>
          <ns3:TrackPointExtension>
            <ns3:hr>153</ns3:hr>
            <ns3:cad>83</ns3:cad>
          </ns3:TrackPointExtension>
        </extensions>
      </trkpt>
      <trkpt lat="37.51921780407428741455078125" lon="127.07438643090426921844482421875">
        <ele>20.3999996185302734375</ele>
        <time>2026-09-10T10:25:44.000Z</time>
        <extensions>
          <ns3:TrackPointExtension>
            <ns3:hr>153</ns3:hr>
            <ns3:cad>0</ns3:cad>
          </ns3:TrackPointExtension>
        </extensions>
      </trkpt>
      <trkpt lat="37.5192166306078433990478515625" lon="127.074426077306270599365234375">
        <ele>20.6000003814697265625</ele>
        <time>2026-09-10T10:25:45.000Z</time>
        <extensions>
          <ns3:TrackPointExtension>
            <ns3:hr>153</ns3:hr>
            <ns3:cad>0</ns3:cad>
          </ns3:TrackPointExtension>
        </extensions>
      </trkpt>
      <trkpt lat="37.5192119367420673370361328125" lon="127.074459604918956756591796875">
        <ele>20.6000003814697265625</ele>
        <time>2026-09-10T10:25:46.000Z</time>
        <extensions>
          <ns3:TrackPointExtension>
            <ns3:hr>153</ns3:hr>
            <ns3:cad>0</ns3:cad>
          </ns3:TrackPointExtension>
        </extensions>
      </trkpt>
      <trkpt lat="37.519194670021533966064453125" lon="127.074501514434814453125">
        <ele>20.3999996185302734375</ele>
        <time>2026-09-10T10:25:47.000Z</time>
        <extensions>
          <ns3:TrackPointExtension>
            <ns3:hr>153</ns3:hr>
            <ns3:cad>0</ns3:cad>
          </ns3:TrackPointExtension>
        </extensions>
      </trkpt>
      <trkpt lat="37.51919307745993137359619140625" lon="127.07453110255300998687744140625">
        <ele>20.3999996185302734375</ele>
        <time>2026-09-10T10:25:48.000Z</time>
        <extensions>
          <ns3:TrackPointExtension>
            <ns3:hr>152</ns3:hr>
            <ns3:cad>0</ns3:cad>
          </ns3:TrackPointExtension>
        </extensions>
      </trkpt>
      <trkpt lat="37.51918788067996501922607421875" lon="127.07457670010626316070556640625">
        <ele>20.6000003814697265625</ele>
        <time>2026-09-10T10:25:49.000Z</time>
        <extensions>
          <ns3:TrackPointExtension>
            <ns3:hr>152</ns3:hr>
            <ns3:cad>84</ns3:cad>
          </ns3:TrackPointExtension>
        </extensions>
      </trkpt>
      <trkpt lat="37.5191804207861423492431640625" lon="127.07461676560342311859130859375">
        <ele>20.6000003814697265625</ele>
        <time>2026-09-10T10:25:50.000Z</time>
        <extensions>
          <ns3:TrackPointExtension>
            <ns3:hr>152</ns3:hr>
            <ns3:cad>84</ns3:cad>
          </ns3:TrackPointExtension>
        </extensions>
      </trkpt>
      <trkpt lat="37.51917648129165172576904296875" lon="127.074654065072536468505859375">
        <ele>20.6000003814697265625</ele>
        <time>2026-09-10T10:25:51.000Z</time>
        <extensions>
          <ns3:TrackPointExtension>
            <ns3:hr>152</ns3:hr>
            <ns3:cad>84</ns3:cad>
          </ns3:TrackPointExtension>
        </extensions>
      </trkpt>
      <trkpt lat="37.51915804110467433929443359375" lon="127.07469932734966278076171875">
        <ele>20.6000003814697265625</ele>
        <time>2026-09-10T10:25:52.000Z</time>
        <extensions>
          <ns3:TrackPointExtension>
            <ns3:hr>152</ns3:hr>
            <ns3:cad>84</ns3:cad>
          </ns3:TrackPointExtension>
        </extensions>
      </trkpt>
      <trkpt lat="37.519153766334056854248046875" lon="127.0747308433055877685546875">
        <ele>20.3999996185302734375</ele>
        <time>2026-09-10T10:25:53.000Z</time>
        <extensions>
          <ns3:TrackPointExtension>
            <ns3:hr>152</ns3:hr>
            <ns3:cad>83</ns3:cad>
          </ns3:TrackPointExtension>
        </extensions>
      </trkpt>
      <trkpt lat="37.51914328895509243011474609375" lon="127.0747802965342998504638671875">
        <ele>20.200000762939453125</ele>
        <time>2026-09-10T10:25:54.000Z</time>
        <extensions>
          <ns3:TrackPointExtension>
            <ns3:hr>152</ns3:hr>
            <ns3:cad>83</ns3:cad>
          </ns3:TrackPointExtension>
        </extensions>
      </trkpt>
      <trkpt lat="37.51913943327963352203369140625" lon="127.0748195238411426544189453125">
        <ele>20.200000762939453125</ele>
        <time>2026-09-10T10:25:55.000Z</time>
        <extensions>
          <ns3:TrackPointExtension>
            <ns3:hr>152</ns3:hr>
            <ns3:cad>84</ns3:cad>
          </ns3:TrackPointExtension>
        </extensions>
      </trkpt>
      <trkpt lat="37.5191366672515869140625" lon="127.074863947927951812744140625">
        <ele>20.200000762939453125</ele>
        <time>2026-09-10T10:25:56.000Z</time>
        <extensions>
          <ns3:TrackPointExtension>
            <ns3:hr>152</ns3:hr>
            <ns3:cad>84</ns3:cad>
          </ns3:TrackPointExtension>
        </extensions>
      </trkpt>
      <trkpt lat="37.519122250378131866455078125" lon="127.0749063603579998016357421875">
        <ele>20.3999996185302734375</ele>
        <time>2026-09-10T10:25:57.000Z</time>
        <extensions>
          <ns3:TrackPointExtension>
            <ns3:hr>151</ns3:hr>
            <ns3:cad>84</ns3:cad>
          </ns3:TrackPointExtension>
        </extensions>
      </trkpt>
      <trkpt lat="37.51911780796945095062255859375" lon="127.074938714504241943359375">
        <ele>20.6000003814697265625</ele>
        <time>2026-09-10T10:25:58.000Z</time>
        <extensions>
          <ns3:TrackPointExtension>
            <ns3:hr>151</ns3:hr>
            <ns3:cad>84</ns3:cad>
          </ns3:TrackPointExtension>
        </extensions>
      </trkpt>
      <trkpt lat="37.519106827676296234130859375" lon="127.07499143667519092559814453125">
        <ele>20.6000003814697265625</ele>
        <time>2026-09-10T10:25:59.000Z</time>
        <extensions>
          <ns3:TrackPointExtension>
            <ns3:hr>151</ns3:hr>
            <ns3:cad>84</ns3:cad>
          </ns3:TrackPointExtension>
        </extensions>
      </trkpt>
      <trkpt lat="37.519103474915027618408203125" lon="127.075030244886875152587890625">
        <ele>20.6000003814697265625</ele>
        <time>2026-09-10T10:26:00.000Z</time>
        <extensions>
          <ns3:TrackPointExtension>
            <ns3:hr>151</ns3:hr>
            <ns3:cad>84</ns3:cad>
          </ns3:TrackPointExtension>
        </extensions>
      </trkpt>
      <trkpt lat="37.51909567974507808685302734375" lon="127.07507240585982799530029296875">
        <ele>20.6000003814697265625</ele>
        <time>2026-09-10T10:26:01.000Z</time>
        <extensions>
          <ns3:TrackPointExtension>
            <ns3:hr>151</ns3:hr>
            <ns3:cad>84</ns3:cad>
          </ns3:TrackPointExtension>
        </extensions>
      </trkpt>
      <trkpt lat="37.51908880658447742462158203125" lon="127.07511582411825656890869140625">
        <ele>20.799999237060546875</ele>
        <time>2026-09-10T10:26:02.000Z</time>
        <extensions>
          <ns3:TrackPointExtension>
            <ns3:hr>151</ns3:hr>
            <ns3:cad>84</ns3:cad>
          </ns3:TrackPointExtension>
        </extensions>
      </trkpt>
      <trkpt lat="37.51908830367028713226318359375" lon="127.07514633424580097198486328125">
        <ele>20.799999237060546875</ele>
        <time>2026-09-10T10:26:03.000Z</time>
        <extensions>
          <ns3:TrackPointExtension>
            <ns3:hr>151</ns3:hr>
            <ns3:cad>85</ns3:cad>
          </ns3:TrackPointExtension>
        </extensions>
      </trkpt>
      <trkpt lat="37.5190789997577667236328125" lon="127.0751936919987201690673828125">
        <ele>20.799999237060546875</ele>
        <time>2026-09-10T10:26:04.000Z</time>
        <extensions>
          <ns3:TrackPointExtension>
            <ns3:hr>151</ns3:hr>
            <ns3:cad>85</ns3:cad>
          </ns3:TrackPointExtension>
        </extensions>
      </trkpt>
      <trkpt lat="37.51908193342387676239013671875" lon="127.07522411830723285675048828125">
        <ele>20.799999237060546875</ele>
        <time>2026-09-10T10:26:05.000Z</time>
        <extensions>
          <ns3:TrackPointExtension>
            <ns3:hr>151</ns3:hr>
            <ns3:cad>85</ns3:cad>
          </ns3:TrackPointExtension>
        </extensions>
      </trkpt>
      <trkpt lat="37.51907941885292530059814453125" lon="127.07527063786983489990234375">
        <ele>20.799999237060546875</ele>
        <time>2026-09-10T10:26:06.000Z</time>
        <extensions>
          <ns3:TrackPointExtension>
            <ns3:hr>151</ns3:hr>
            <ns3:cad>85</ns3:cad>
          </ns3:TrackPointExtension>
        </extensions>
      </trkpt>
      <trkpt lat="37.51907832920551300048828125" lon="127.0753133855760097503662109375">
        <ele>20.799999237060546875</ele>
        <time>2026-09-10T10:26:07.000Z</time>
        <extensions>
          <ns3:TrackPointExtension>
            <ns3:hr>151</ns3:hr>
            <ns3:cad>84</ns3:cad>
          </ns3:TrackPointExtension>
        </extensions>
      </trkpt>
      <trkpt lat="37.51907338388264179229736328125" lon="127.07534649409353733062744140625">
        <ele>20.799999237060546875</ele>
        <time>2026-09-10T10:26:08.000Z</time>
        <extensions>
          <ns3:TrackPointExtension>
            <ns3:hr>151</ns3:hr>
            <ns3:cad>84</ns3:cad>
          </ns3:TrackPointExtension>
        </extensions>
      </trkpt>
      <trkpt lat="37.51905293203890323638916015625" lon="127.07538974471390247344970703125">
        <ele>20.799999237060546875</ele>
        <time>2026-09-10T10:26:09.000Z</time>
        <extensions>
          <ns3:TrackPointExtension>
            <ns3:hr>151</ns3:hr>
            <ns3:cad>84</ns3:cad>
          </ns3:TrackPointExtension>
        </extensions>
      </trkpt>
      <trkpt lat="37.5190494954586029052734375" lon="127.07541891373693943023681640625">
        <ele>20.799999237060546875</ele>
        <time>2026-09-10T10:26:10.000Z</time>
        <extensions>
          <ns3:TrackPointExtension>
            <ns3:hr>151</ns3:hr>
            <ns3:cad>84</ns3:cad>
          </ns3:TrackPointExtension>
        </extensions>
      </trkpt>
      <trkpt lat="37.51904102973639965057373046875" lon="127.07546182908117771148681640625">
        <ele>20.799999237060546875</ele>
        <time>2026-09-10T10:26:11.000Z</time>
        <extensions>
          <ns3:TrackPointExtension>
            <ns3:hr>151</ns3:hr>
            <ns3:cad>84</ns3:cad>
          </ns3:TrackPointExtension>
        </extensions>
      </trkpt>
      <trkpt lat="37.51903868280351161956787109375" lon="127.0754992961883544921875">
        <ele>20.799999237060546875</ele>
        <time>2026-09-10T10:26:12.000Z</time>
        <extensions>
          <ns3:TrackPointExtension>
            <ns3:hr>151</ns3:hr>
            <ns3:cad>84</ns3:cad>
          </ns3:TrackPointExtension>
        </extensions>
      </trkpt>
      <trkpt lat="37.51903482712805271148681640625" lon="127.07553223706781864166259765625">
        <ele>20.799999237060546875</ele>
        <time>2026-09-10T10:26:13.000Z</time>
        <extensions>
          <ns3:TrackPointExtension>
            <ns3:hr>151</ns3:hr>
            <ns3:cad>84</ns3:cad>
          </ns3:TrackPointExtension>
        </extensions>
      </trkpt>
      <trkpt lat="37.51902242191135883331298828125" lon="127.07557682879269123077392578125">
        <ele>20.799999237060546875</ele>
        <time>2026-09-10T10:26:14.000Z</time>
        <extensions>
          <ns3:TrackPointExtension>
            <ns3:hr>151</ns3:hr>
            <ns3:cad>84</ns3:cad>
          </ns3:TrackPointExtension>
        </extensions>
      </trkpt>
      <trkpt lat="37.51901923678815364837646484375" lon="127.0756074227392673492431640625">
        <ele>20.799999237060546875</ele>
        <time>2026-09-10T10:26:15.000Z</time>
        <extensions>
          <ns3:TrackPointExtension>
            <ns3:hr>151</ns3:hr>
            <ns3:cad>84</ns3:cad>
          </ns3:TrackPointExtension>
        </extensions>
      </trkpt>
      <trkpt lat="37.51901035197079181671142578125" lon="127.07565528340637683868408203125">
        <ele>20.799999237060546875</ele>
        <time>2026-09-10T10:26:16.000Z</time>
        <extensions>
          <ns3:TrackPointExtension>
            <ns3:hr>150</ns3:hr>
            <ns3:cad>84</ns3:cad>
          </ns3:TrackPointExtension>
        </extensions>
      </trkpt>
      <trkpt lat="37.51900364644825458526611328125" lon="127.07569635473191738128662109375">
        <ele>20.799999237060546875</ele>
        <time>2026-09-10T10:26:17.000Z</time>
        <extensions>
          <ns3:TrackPointExtension>
            <ns3:hr>151</ns3:hr>
            <ns3:cad>83</ns3:cad>
          </ns3:TrackPointExtension>
        </extensions>
      </trkpt>
      <trkpt lat="37.51899777911603450775146484375" lon="127.07573289982974529266357421875">
        <ele>20.799999237060546875</ele>
        <time>2026-09-10T10:26:18.000Z</time>
        <extensions>
          <ns3:TrackPointExtension>
            <ns3:hr>151</ns3:hr>
            <ns3:cad>83</ns3:cad>
          </ns3:TrackPointExtension>
        </extensions>
      </trkpt>
      <trkpt lat="37.5189864635467529296875" lon="127.0757787488400936126708984375">
        <ele>21</ele>
        <time>2026-09-10T10:26:19.000Z</time>
        <extensions>
          <ns3:TrackPointExtension>
            <ns3:hr>151</ns3:hr>
            <ns3:cad>83</ns3:cad>
          </ns3:TrackPointExtension>
        </extensions>
      </trkpt>
      <trkpt lat="37.51898369751870632171630859375" lon="127.0758112706243991851806640625">
        <ele>21</ele>
        <time>2026-09-10T10:26:20.000Z</time>
        <extensions>
          <ns3:TrackPointExtension>
            <ns3:hr>150</ns3:hr>
            <ns3:cad>84</ns3:cad>
          </ns3:TrackPointExtension>
        </extensions>
      </trkpt>
      <trkpt lat="37.51897498033940792083740234375" lon="127.07585527561604976654052734375">
        <ele>21</ele>
        <time>2026-09-10T10:26:21.000Z</time>
        <extensions>
          <ns3:TrackPointExtension>
            <ns3:hr>151</ns3:hr>
            <ns3:cad>84</ns3:cad>
          </ns3:TrackPointExtension>
        </extensions>
      </trkpt>
      <trkpt lat="37.5189732201397418975830078125" lon="127.0758934132754802703857421875">
        <ele>21</ele>
        <time>2026-09-10T10:26:22.000Z</time>
        <extensions>
          <ns3:TrackPointExtension>
            <ns3:hr>151</ns3:hr>
            <ns3:cad>84</ns3:cad>
          </ns3:TrackPointExtension>
        </extensions>
      </trkpt>
      <trkpt lat="37.51896676607429981231689453125" lon="127.07593188621103763580322265625">
        <ele>20.799999237060546875</ele>
        <time>2026-09-10T10:26:23.000Z</time>
        <extensions>
          <ns3:TrackPointExtension>
            <ns3:hr>151</ns3:hr>
            <ns3:cad>84</ns3:cad>
          </ns3:TrackPointExtension>
        </extensions>
      </trkpt>
      <trkpt lat="37.51895352266728878021240234375" lon="127.07597647793591022491455078125">
        <ele>20.6000003814697265625</ele>
        <time>2026-09-10T10:26:24.000Z</time>
        <extensions>
          <ns3:TrackPointExtension>
            <ns3:hr>150</ns3:hr>
            <ns3:cad>85</ns3:cad>
          </ns3:TrackPointExtension>
        </extensions>
      </trkpt>
      <trkpt lat="37.5189502537250518798828125" lon="127.0760027132928371429443359375">
        <ele>20.6000003814697265625</ele>
        <time>2026-09-10T10:26:25.000Z</time>
        <extensions>
          <ns3:TrackPointExtension>
            <ns3:hr>151</ns3:hr>
            <ns3:cad>85</ns3:cad>
          </ns3:TrackPointExtension>
        </extensions>
      </trkpt>
      <trkpt lat="37.5189435482025146484375" lon="127.07604872994124889373779296875">
        <ele>20.6000003814697265625</ele>
        <time>2026-09-10T10:26:26.000Z</time>
        <extensions>
          <ns3:TrackPointExtension>
            <ns3:hr>151</ns3:hr>
            <ns3:cad>84</ns3:cad>
          </ns3:TrackPointExtension>
        </extensions>
      </trkpt>
      <trkpt lat="37.5189410336315631866455078125" lon="127.07608468830585479736328125">
        <ele>20.6000003814697265625</ele>
        <time>2026-09-10T10:26:27.000Z</time>
        <extensions>
          <ns3:TrackPointExtension>
            <ns3:hr>151</ns3:hr>
            <ns3:cad>84</ns3:cad>
          </ns3:TrackPointExtension>
        </extensions>
      </trkpt>
      <trkpt lat="37.5189343281090259552001953125" lon="127.07612584345042705535888671875">
        <ele>20.3999996185302734375</ele>
        <time>2026-09-10T10:26:28.000Z</time>
        <extensions>
          <ns3:TrackPointExtension>
            <ns3:hr>151</ns3:hr>
            <ns3:cad>84</ns3:cad>
          </ns3:TrackPointExtension>
        </extensions>
      </trkpt>
      <trkpt lat="37.5189209170639514923095703125" lon="127.0761690102517604827880859375">
        <ele>20.6000003814697265625</ele>
        <time>2026-09-10T10:26:29.000Z</time>
        <extensions>
          <ns3:TrackPointExtension>
            <ns3:hr>151</ns3:hr>
            <ns3:cad>84</ns3:cad>
          </ns3:TrackPointExtension>
        </extensions>
      </trkpt>
      <trkpt lat="37.51891865395009517669677734375" lon="127.0761944912374019622802734375">
        <ele>20.6000003814697265625</ele>
        <time>2026-09-10T10:26:30.000Z</time>
        <extensions>
          <ns3:TrackPointExtension>
            <ns3:hr>150</ns3:hr>
            <ns3:cad>84</ns3:cad>
          </ns3:TrackPointExtension>
        </extensions>
      </trkpt>
      <trkpt lat="37.5189011357724666595458984375" lon="127.076239250600337982177734375">
        <ele>20.6000003814697265625</ele>
        <time>2026-09-10T10:26:31.000Z</time>
        <extensions>
          <ns3:TrackPointExtension>
            <ns3:hr>151</ns3:hr>
            <ns3:cad>84</ns3:cad>
          </ns3:TrackPointExtension>
        </extensions>
      </trkpt>
      <trkpt lat="37.518903650343418121337890625" lon="127.0762677490711212158203125">
        <ele>20.6000003814697265625</ele>
        <time>2026-09-10T10:26:32.000Z</time>
        <extensions>
          <ns3:TrackPointExtension>
            <ns3:hr>150</ns3:hr>
            <ns3:cad>84</ns3:cad>
          </ns3:TrackPointExtension>
        </extensions>
      </trkpt>
      <trkpt lat="37.51889468170702457427978515625" lon="127.07631267607212066650390625">
        <ele>20.6000003814697265625</ele>
        <time>2026-09-10T10:26:33.000Z</time>
        <extensions>
          <ns3:TrackPointExtension>
            <ns3:hr>150</ns3:hr>
            <ns3:cad>84</ns3:cad>
          </ns3:TrackPointExtension>
        </extensions>
      </trkpt>
      <trkpt lat="37.51888730563223361968994140625" lon="127.07635047845542430877685546875">
        <ele>20.6000003814697265625</ele>
        <time>2026-09-10T10:26:34.000Z</time>
        <extensions>
          <ns3:TrackPointExtension>
            <ns3:hr>150</ns3:hr>
            <ns3:cad>84</ns3:cad>
          </ns3:TrackPointExtension>
        </extensions>
      </trkpt>
      <trkpt lat="37.51888210885226726531982421875" lon="127.0763842575252056121826171875">
        <ele>20.6000003814697265625</ele>
        <time>2026-09-10T10:26:35.000Z</time>
        <extensions>
          <ns3:TrackPointExtension>
            <ns3:hr>150</ns3:hr>
            <ns3:cad>84</ns3:cad>
          </ns3:TrackPointExtension>
        </extensions>
      </trkpt>
      <trkpt lat="37.51887188293039798736572265625" lon="127.076432369649410247802734375">
        <ele>20.799999237060546875</ele>
        <time>2026-09-10T10:26:36.000Z</time>
        <extensions>
          <ns3:TrackPointExtension>
            <ns3:hr>149</ns3:hr>
            <ns3:cad>84</ns3:cad>
          </ns3:TrackPointExtension>
        </extensions>
      </trkpt>
      <trkpt lat="37.51886785961687564849853515625" lon="127.0764635503292083740234375">
        <ele>20.799999237060546875</ele>
        <time>2026-09-10T10:26:37.000Z</time>
        <extensions>
          <ns3:TrackPointExtension>
            <ns3:hr>150</ns3:hr>
            <ns3:cad>84</ns3:cad>
          </ns3:TrackPointExtension>
        </extensions>
      </trkpt>
      <trkpt lat="37.518858723342418670654296875" lon="127.07651258446276187896728515625">
        <ele>20.799999237060546875</ele>
        <time>2026-09-10T10:26:38.000Z</time>
        <extensions>
          <ns3:TrackPointExtension>
            <ns3:hr>149</ns3:hr>
            <ns3:cad>0</ns3:cad>
          </ns3:TrackPointExtension>
        </extensions>
      </trkpt>
      <trkpt lat="37.51884707249701023101806640625" lon="127.07655315287411212921142578125">
        <ele>20.799999237060546875</ele>
        <time>2026-09-10T10:26:39.000Z</time>
        <extensions>
          <ns3:TrackPointExtension>
            <ns3:hr>149</ns3:hr>
            <ns3:cad>0</ns3:cad>
          </ns3:TrackPointExtension>
        </extensions>
      </trkpt>
      <trkpt lat="37.51883969642221927642822265625" lon="127.07658282481133937835693359375">
        <ele>20.799999237060546875</ele>
        <time>2026-09-10T10:26:40.000Z</time>
        <extensions>
          <ns3:TrackPointExtension>
            <ns3:hr>149</ns3:hr>
            <ns3:cad>84</ns3:cad>
          </ns3:TrackPointExtension>
        </extensions>
      </trkpt>
      <trkpt lat="37.5188280455768108367919921875" lon="127.0766286738216876983642578125">
        <ele>20.799999237060546875</ele>
        <time>2026-09-10T10:26:41.000Z</time>
        <extensions>
          <ns3:TrackPointExtension>
            <ns3:hr>150</ns3:hr>
            <ns3:cad>84</ns3:cad>
          </ns3:TrackPointExtension>
        </extensions>
      </trkpt>
      <trkpt lat="37.5188240222632884979248046875" lon="127.07666027359664440155029296875">
        <ele>20.799999237060546875</ele>
        <time>2026-09-10T10:26:42.000Z</time>
        <extensions>
          <ns3:TrackPointExtension>
            <ns3:hr>149</ns3:hr>
            <ns3:cad>84</ns3:cad>
          </ns3:TrackPointExtension>
        </extensions>
      </trkpt>
      <trkpt lat="37.5188196636736392974853515625" lon="127.07670561969280242919921875">
        <ele>20.799999237060546875</ele>
        <time>2026-09-10T10:26:43.000Z</time>
        <extensions>
          <ns3:TrackPointExtension>
            <ns3:hr>149</ns3:hr>
            <ns3:cad>84</ns3:cad>
          </ns3:TrackPointExtension>
        </extensions>
      </trkpt>
      <trkpt lat="37.51881253905594348907470703125" lon="127.07674493081867694854736328125">
        <ele>20.799999237060546875</ele>
        <time>2026-09-10T10:26:44.000Z</time>
        <extensions>
          <ns3:TrackPointExtension>
            <ns3:hr>149</ns3:hr>
            <ns3:cad>84</ns3:cad>
          </ns3:TrackPointExtension>
        </extensions>
      </trkpt>
      <trkpt lat="37.5188069231808185577392578125" lon="127.0767761953175067901611328125">
        <ele>20.799999237060546875</ele>
        <time>2026-09-10T10:26:45.000Z</time>
        <extensions>
          <ns3:TrackPointExtension>
            <ns3:hr>150</ns3:hr>
            <ns3:cad>84</ns3:cad>
          </ns3:TrackPointExtension>
        </extensions>
      </trkpt>
      <trkpt lat="37.5187946856021881103515625" lon="127.0768221281468868255615234375">
        <ele>20.799999237060546875</ele>
        <time>2026-09-10T10:26:46.000Z</time>
        <extensions>
          <ns3:TrackPointExtension>
            <ns3:hr>149</ns3:hr>
            <ns3:cad>84</ns3:cad>
          </ns3:TrackPointExtension>
        </extensions>
      </trkpt>
      <trkpt lat="37.51879158429801464080810546875" lon="127.07685138098895549774169921875">
        <ele>20.799999237060546875</ele>
        <time>2026-09-10T10:26:47.000Z</time>
        <extensions>
          <ns3:TrackPointExtension>
            <ns3:hr>149</ns3:hr>
            <ns3:cad>84</ns3:cad>
          </ns3:TrackPointExtension>
        </extensions>
      </trkpt>
      <trkpt lat="37.51878957264125347137451171875" lon="127.07689748145639896392822265625">
        <ele>20.799999237060546875</ele>
        <time>2026-09-10T10:26:48.000Z</time>
        <extensions>
          <ns3:TrackPointExtension>
            <ns3:hr>149</ns3:hr>
            <ns3:cad>84</ns3:cad>
          </ns3:TrackPointExtension>
        </extensions>
      </trkpt>
      <trkpt lat="37.51878269948065280914306640625" lon="127.07693520002067089080810546875">
        <ele>20.799999237060546875</ele>
        <time>2026-09-10T10:26:49.000Z</time>
        <extensions>
          <ns3:TrackPointExtension>
            <ns3:hr>149</ns3:hr>
            <ns3:cad>84</ns3:cad>
          </ns3:TrackPointExtension>
        </extensions>
      </trkpt>
      <trkpt lat="37.5187817774713039398193359375" lon="127.076967470347881317138671875">
        <ele>20.799999237060546875</ele>
        <time>2026-09-10T10:26:50.000Z</time>
        <extensions>
          <ns3:TrackPointExtension>
            <ns3:hr>149</ns3:hr>
            <ns3:cad>84</ns3:cad>
          </ns3:TrackPointExtension>
        </extensions>
      </trkpt>
      <trkpt lat="37.51876945607364177703857421875" lon="127.0770160853862762451171875">
        <ele>20.799999237060546875</ele>
        <time>2026-09-10T10:26:51.000Z</time>
        <extensions>
          <ns3:TrackPointExtension>
            <ns3:hr>149</ns3:hr>
            <ns3:cad>84</ns3:cad>
          </ns3:TrackPointExtension>
        </extensions>
      </trkpt>
      <trkpt lat="37.51876543276011943817138671875" lon="127.07704760134220123291015625">
        <ele>20.799999237060546875</ele>
        <time>2026-09-10T10:26:52.000Z</time>
        <extensions>
          <ns3:TrackPointExtension>
            <ns3:hr>149</ns3:hr>
            <ns3:cad>83</ns3:cad>
          </ns3:TrackPointExtension>
        </extensions>
      </trkpt>
      <trkpt lat="37.5187619961798191070556640625" lon="127.07709881477057933807373046875">
        <ele>20.799999237060546875</ele>
        <time>2026-09-10T10:26:53.000Z</time>
        <extensions>
          <ns3:TrackPointExtension>
            <ns3:hr>149</ns3:hr>
            <ns3:cad>83</ns3:cad>
          </ns3:TrackPointExtension>
        </extensions>
      </trkpt>
      <trkpt lat="37.51875755377113819122314453125" lon="127.07713753916323184967041015625">
        <ele>20.6000003814697265625</ele>
        <time>2026-09-10T10:26:54.000Z</time>
        <extensions>
          <ns3:TrackPointExtension>
            <ns3:hr>149</ns3:hr>
            <ns3:cad>84</ns3:cad>
          </ns3:TrackPointExtension>
        </extensions>
      </trkpt>
      <trkpt lat="37.51874699257314205169677734375" lon="127.07717006094753742218017578125">
        <ele>20.6000003814697265625</ele>
        <time>2026-09-10T10:26:55.000Z</time>
        <extensions>
          <ns3:TrackPointExtension>
            <ns3:hr>149</ns3:hr>
            <ns3:cad>84</ns3:cad>
          </ns3:TrackPointExtension>
        </extensions>
      </trkpt>
      <trkpt lat="37.51873374916613101959228515625" lon="127.07721482031047344207763671875">
        <ele>20.6000003814697265625</ele>
        <time>2026-09-10T10:26:56.000Z</time>
        <extensions>
          <ns3:TrackPointExtension>
            <ns3:hr>149</ns3:hr>
            <ns3:cad>85</ns3:cad>
          </ns3:TrackPointExtension>
        </extensions>
      </trkpt>
      <trkpt lat="37.5187304802238941192626953125" lon="127.0772449113428592681884765625">
        <ele>20.6000003814697265625</ele>
        <time>2026-09-10T10:26:57.000Z</time>
        <extensions>
          <ns3:TrackPointExtension>
            <ns3:hr>149</ns3:hr>
            <ns3:cad>85</ns3:cad>
          </ns3:TrackPointExtension>
        </extensions>
      </trkpt>
      <trkpt lat="37.518723942339420318603515625" lon="127.0772884972393512725830078125">
        <ele>20.6000003814697265625</ele>
        <time>2026-09-10T10:26:58.000Z</time>
        <extensions>
          <ns3:TrackPointExtension>
            <ns3:hr>148</ns3:hr>
            <ns3:cad>85</ns3:cad>
          </ns3:TrackPointExtension>
        </extensions>
      </trkpt>
      <trkpt lat="37.5187194161117076873779296875" lon="127.07732663489878177642822265625">
        <ele>20.799999237060546875</ele>
        <time>2026-09-10T10:26:59.000Z</time>
        <extensions>
          <ns3:TrackPointExtension>
            <ns3:hr>149</ns3:hr>
            <ns3:cad>84</ns3:cad>
          </ns3:TrackPointExtension>
        </extensions>
      </trkpt>
      <trkpt lat="37.51871162094175815582275390625" lon="127.07735949195921421051025390625">
        <ele>20.799999237060546875</ele>
        <time>2026-09-10T10:27:00.000Z</time>
        <extensions>
          <ns3:TrackPointExtension>
            <ns3:hr>149</ns3:hr>
            <ns3:cad>84</ns3:cad>
          </ns3:TrackPointExtension>
        </extensions>
      </trkpt>
      <trkpt lat="37.51869670115411281585693359375" lon="127.07740223966538906097412109375">
        <ele>21</ele>
        <time>2026-09-10T10:27:01.000Z</time>
        <extensions>
          <ns3:TrackPointExtension>
            <ns3:hr>149</ns3:hr>
            <ns3:cad>84</ns3:cad>
          </ns3:TrackPointExtension>
        </extensions>
      </trkpt>
      <trkpt lat="37.518690414726734161376953125" lon="127.07743383944034576416015625">
        <ele>21</ele>
        <time>2026-09-10T10:27:02.000Z</time>
        <extensions>
          <ns3:TrackPointExtension>
            <ns3:hr>150</ns3:hr>
            <ns3:cad>84</ns3:cad>
          </ns3:TrackPointExtension>
        </extensions>
      </trkpt>
      <trkpt lat="37.51868261955678462982177734375" lon="127.0774802751839160919189453125">
        <ele>20.799999237060546875</ele>
        <time>2026-09-10T10:27:03.000Z</time>
        <extensions>
          <ns3:TrackPointExtension>
            <ns3:hr>150</ns3:hr>
            <ns3:cad>84</ns3:cad>
          </ns3:TrackPointExtension>
        </extensions>
      </trkpt>
      <trkpt lat="37.51868396066129207611083984375" lon="127.07751673646271228790283203125">
        <ele>20.799999237060546875</ele>
        <time>2026-09-10T10:27:04.000Z</time>
        <extensions>
          <ns3:TrackPointExtension>
            <ns3:hr>150</ns3:hr>
            <ns3:cad>84</ns3:cad>
          </ns3:TrackPointExtension>
        </extensions>
      </trkpt>
      <trkpt lat="37.51868094317615032196044921875" lon="127.0775677822530269622802734375">
        <ele>20.799999237060546875</ele>
        <time>2026-09-10T10:27:05.000Z</time>
        <extensions>
          <ns3:TrackPointExtension>
            <ns3:hr>150</ns3:hr>
            <ns3:cad>85</ns3:cad>
          </ns3:TrackPointExtension>
        </extensions>
      </trkpt>
      <trkpt lat="37.5186704657971858978271484375" lon="127.0776115357875823974609375">
        <ele>20.6000003814697265625</ele>
        <time>2026-09-10T10:27:06.000Z</time>
        <extensions>
          <ns3:TrackPointExtension>
            <ns3:hr>149</ns3:hr>
            <ns3:cad>85</ns3:cad>
          </ns3:TrackPointExtension>
        </extensions>
      </trkpt>
      <trkpt lat="37.5186671130359172821044921875" lon="127.07764707505702972412109375">
        <ele>20.6000003814697265625</ele>
        <time>2026-09-10T10:27:07.000Z</time>
        <extensions>
          <ns3:TrackPointExtension>
            <ns3:hr>150</ns3:hr>
            <ns3:cad>85</ns3:cad>
          </ns3:TrackPointExtension>
        </extensions>
      </trkpt>
      <trkpt lat="37.518653534352779388427734375" lon="127.07769895903766155242919921875">
        <ele>20.6000003814697265625</ele>
        <time>2026-09-10T10:27:08.000Z</time>
        <extensions>
          <ns3:TrackPointExtension>
            <ns3:hr>150</ns3:hr>
            <ns3:cad>85</ns3:cad>
          </ns3:TrackPointExtension>
        </extensions>
      </trkpt>
      <trkpt lat="37.518653534352779388427734375" lon="127.07773265428841114044189453125">
        <ele>20.6000003814697265625</ele>
        <time>2026-09-10T10:27:09.000Z</time>
        <extensions>
          <ns3:TrackPointExtension>
            <ns3:hr>150</ns3:hr>
            <ns3:cad>85</ns3:cad>
          </ns3:TrackPointExtension>
        </extensions>
      </trkpt>
      <trkpt lat="37.51864590682089328765869140625" lon="127.07778110168874263763427734375">
        <ele>20.6000003814697265625</ele>
        <time>2026-09-10T10:27:10.000Z</time>
        <extensions>
          <ns3:TrackPointExtension>
            <ns3:hr>149</ns3:hr>
            <ns3:cad>84</ns3:cad>
          </ns3:TrackPointExtension>
        </extensions>
      </trkpt>
      <trkpt lat="37.51863987185060977935791015625" lon="127.0778207480907440185546875">
        <ele>20.6000003814697265625</ele>
        <time>2026-09-10T10:27:11.000Z</time>
        <extensions>
          <ns3:TrackPointExtension>
            <ns3:hr>150</ns3:hr>
            <ns3:cad>84</ns3:cad>
          </ns3:TrackPointExtension>
        </extensions>
      </trkpt>
      <trkpt lat="37.5186352618038654327392578125" lon="127.0778582990169525146484375">
        <ele>20.6000003814697265625</ele>
        <time>2026-09-10T10:27:12.000Z</time>
        <extensions>
          <ns3:TrackPointExtension>
            <ns3:hr>149</ns3:hr>
            <ns3:cad>84</ns3:cad>
          </ns3:TrackPointExtension>
        </extensions>
      </trkpt>
      <trkpt lat="37.518625371158123016357421875" lon="127.07790716551244258880615234375">
        <ele>20.6000003814697265625</ele>
        <time>2026-09-10T10:27:13.000Z</time>
        <extensions>
          <ns3:TrackPointExtension>
            <ns3:hr>149</ns3:hr>
            <ns3:cad>85</ns3:cad>
          </ns3:TrackPointExtension>
        </extensions>
      </trkpt>
      <trkpt lat="37.51862101256847381591796875" lon="127.0779389329254627227783203125">
        <ele>20.6000003814697265625</ele>
        <time>2026-09-10T10:27:14.000Z</time>
        <extensions>
          <ns3:TrackPointExtension>
            <ns3:hr>149</ns3:hr>
            <ns3:cad>85</ns3:cad>
          </ns3:TrackPointExtension>
        </extensions>
      </trkpt>
      <trkpt lat="37.5186121277511119842529296875" lon="127.07798897288739681243896484375">
        <ele>20.799999237060546875</ele>
        <time>2026-09-10T10:27:15.000Z</time>
        <extensions>
          <ns3:TrackPointExtension>
            <ns3:hr>149</ns3:hr>
            <ns3:cad>85</ns3:cad>
          </ns3:TrackPointExtension>
        </extensions>
      </trkpt>
      <trkpt lat="37.51860735006630420684814453125" lon="127.07802526652812957763671875">
        <ele>20.799999237060546875</ele>
        <time>2026-09-10T10:27:16.000Z</time>
        <extensions>
          <ns3:TrackPointExtension>
            <ns3:hr>149</ns3:hr>
            <ns3:cad>0</ns3:cad>
          </ns3:TrackPointExtension>
        </extensions>
      </trkpt>
      <trkpt lat="37.5185990519821643829345703125" lon="127.078065164387226104736328125">
        <ele>20.799999237060546875</ele>
        <time>2026-09-10T10:27:17.000Z</time>
        <extensions>
          <ns3:TrackPointExtension>
            <ns3:hr>149</ns3:hr>
            <ns3:cad>0</ns3:cad>
          </ns3:TrackPointExtension>
        </extensions>
      </trkpt>
      <trkpt lat="37.518583796918392181396484375" lon="127.078102715313434600830078125">
        <ele>20.799999237060546875</ele>
        <time>2026-09-10T10:27:18.000Z</time>
        <extensions>
          <ns3:TrackPointExtension>
            <ns3:hr>149</ns3:hr>
            <ns3:cad>0</ns3:cad>
          </ns3:TrackPointExtension>
        </extensions>
      </trkpt>
      <trkpt lat="37.5185801088809967041015625" lon="127.07813448272645473480224609375">
        <ele>20.799999237060546875</ele>
        <time>2026-09-10T10:27:19.000Z</time>
        <extensions>
          <ns3:TrackPointExtension>
            <ns3:hr>149</ns3:hr>
            <ns3:cad>0</ns3:cad>
          </ns3:TrackPointExtension>
        </extensions>
      </trkpt>
      <trkpt lat="37.5185720622539520263671875" lon="127.07818276248872280120849609375">
        <ele>20.799999237060546875</ele>
        <time>2026-09-10T10:27:20.000Z</time>
        <extensions>
          <ns3:TrackPointExtension>
            <ns3:hr>149</ns3:hr>
            <ns3:cad>0</ns3:cad>
          </ns3:TrackPointExtension>
        </extensions>
      </trkpt>
      <trkpt lat="37.51857281662523746490478515625" lon="127.0782148651778697967529296875">
        <ele>20.799999237060546875</ele>
        <time>2026-09-10T10:27:21.000Z</time>
        <extensions>
          <ns3:TrackPointExtension>
            <ns3:hr>149</ns3:hr>
            <ns3:cad>0</ns3:cad>
          </ns3:TrackPointExtension>
        </extensions>
      </trkpt>
      <trkpt lat="37.5185708887875080108642578125" lon="127.0782644860446453094482421875">
        <ele>20.799999237060546875</ele>
        <time>2026-09-10T10:27:22.000Z</time>
        <extensions>
          <ns3:TrackPointExtension>
            <ns3:hr>149</ns3:hr>
            <ns3:cad>84</ns3:cad>
          </ns3:TrackPointExtension>
        </extensions>
      </trkpt>
      <trkpt lat="37.5185601599514484405517578125" lon="127.0783053897321224212646484375">
        <ele>20.799999237060546875</ele>
        <time>2026-09-10T10:27:23.000Z</time>
        <extensions>
          <ns3:TrackPointExtension>
            <ns3:hr>149</ns3:hr>
            <ns3:cad>84</ns3:cad>
          </ns3:TrackPointExtension>
        </extensions>
      </trkpt>
      <trkpt lat="37.51855387352406978607177734375" lon="127.07834118045866489410400390625">
        <ele>20.799999237060546875</ele>
        <time>2026-09-10T10:27:24.000Z</time>
        <extensions>
          <ns3:TrackPointExtension>
            <ns3:hr>149</ns3:hr>
            <ns3:cad>84</ns3:cad>
          </ns3:TrackPointExtension>
        </extensions>
      </trkpt>
      <trkpt lat="37.5185366906225681304931640625" lon="127.0783858560025691986083984375">
        <ele>20.6000003814697265625</ele>
        <time>2026-09-10T10:27:25.000Z</time>
        <extensions>
          <ns3:TrackPointExtension>
            <ns3:hr>149</ns3:hr>
            <ns3:cad>84</ns3:cad>
          </ns3:TrackPointExtension>
        </extensions>
      </trkpt>
      <trkpt lat="37.5185358524322509765625" lon="127.07841477356851100921630859375">
        <ele>20.6000003814697265625</ele>
        <time>2026-09-10T10:27:26.000Z</time>
        <extensions>
          <ns3:TrackPointExtension>
            <ns3:hr>149</ns3:hr>
            <ns3:cad>84</ns3:cad>
          </ns3:TrackPointExtension>
        </extensions>
      </trkpt>
      <trkpt lat="37.51853073947131633758544921875" lon="127.07846204750239849090576171875">
        <ele>20.799999237060546875</ele>
        <time>2026-09-10T10:27:27.000Z</time>
        <extensions>
          <ns3:TrackPointExtension>
            <ns3:hr>149</ns3:hr>
            <ns3:cad>84</ns3:cad>
          </ns3:TrackPointExtension>
        </extensions>
      </trkpt>
      <trkpt lat="37.518524117767810821533203125" lon="127.07849758677184581756591796875">
        <ele>20.799999237060546875</ele>
        <time>2026-09-10T10:27:28.000Z</time>
        <extensions>
          <ns3:TrackPointExtension>
            <ns3:hr>149</ns3:hr>
            <ns3:cad>84</ns3:cad>
          </ns3:TrackPointExtension>
        </extensions>
      </trkpt>
      <trkpt lat="37.51852051354944705963134765625" lon="127.07853212021291255950927734375">
        <ele>21</ele>
        <time>2026-09-10T10:27:29.000Z</time>
        <extensions>
          <ns3:TrackPointExtension>
            <ns3:hr>149</ns3:hr>
            <ns3:cad>84</ns3:cad>
          </ns3:TrackPointExtension>
        </extensions>
      </trkpt>
      <trkpt lat="37.5185061804950237274169921875" lon="127.078574784100055694580078125">
        <ele>21</ele>
        <time>2026-09-10T10:27:30.000Z</time>
        <extensions>
          <ns3:TrackPointExtension>
            <ns3:hr>149</ns3:hr>
            <ns3:cad>84</ns3:cad>
          </ns3:TrackPointExtension>
        </extensions>
      </trkpt>
      <trkpt lat="37.51850542612373828887939453125" lon="127.0786084793508052825927734375">
        <ele>21</ele>
        <time>2026-09-10T10:27:31.000Z</time>
        <extensions>
          <ns3:TrackPointExtension>
            <ns3:hr>149</ns3:hr>
            <ns3:cad>84</ns3:cad>
          </ns3:TrackPointExtension>
        </extensions>
      </trkpt>
      <trkpt lat="37.51850207336246967315673828125" lon="127.07865893840789794921875">
        <ele>21.200000762939453125</ele>
        <time>2026-09-10T10:27:32.000Z</time>
        <extensions>
          <ns3:TrackPointExtension>
            <ns3:hr>149</ns3:hr>
            <ns3:cad>84</ns3:cad>
          </ns3:TrackPointExtension>
        </extensions>
      </trkpt>
      <trkpt lat="37.518499307334423065185546875" lon="127.07869607023894786834716796875">
        <ele>21.200000762939453125</ele>
        <time>2026-09-10T10:27:33.000Z</time>
        <extensions>
          <ns3:TrackPointExtension>
            <ns3:hr>149</ns3:hr>
            <ns3:cad>84</ns3:cad>
          </ns3:TrackPointExtension>
        </extensions>
      </trkpt>
      <trkpt lat="37.51849687658250331878662109375" lon="127.07873479463160037994384765625">
        <ele>21.200000762939453125</ele>
        <time>2026-09-10T10:27:34.000Z</time>
        <extensions>
          <ns3:TrackPointExtension>
            <ns3:hr>149</ns3:hr>
            <ns3:cad>84</ns3:cad>
          </ns3:TrackPointExtension>
        </extensions>
      </trkpt>
      <trkpt lat="37.5184870697557926177978515625" lon="127.0787808112800121307373046875">
        <ele>21.200000762939453125</ele>
        <time>2026-09-10T10:27:35.000Z</time>
        <extensions>
          <ns3:TrackPointExtension>
            <ns3:hr>149</ns3:hr>
            <ns3:cad>84</ns3:cad>
          </ns3:TrackPointExtension>
        </extensions>
      </trkpt>
      <trkpt lat="37.518485896289348602294921875" lon="127.078812159597873687744140625">
        <ele>21</ele>
        <time>2026-09-10T10:27:36.000Z</time>
        <extensions>
          <ns3:TrackPointExtension>
            <ns3:hr>149</ns3:hr>
            <ns3:cad>84</ns3:cad>
          </ns3:TrackPointExtension>
        </extensions>
      </trkpt>
      <trkpt lat="37.51848145388066768646240234375" lon="127.0788589306175708770751953125">
        <ele>21</ele>
        <time>2026-09-10T10:27:37.000Z</time>
        <extensions>
          <ns3:TrackPointExtension>
            <ns3:hr>149</ns3:hr>
            <ns3:cad>84</ns3:cad>
          </ns3:TrackPointExtension>
        </extensions>
      </trkpt>
      <trkpt lat="37.51847676001489162445068359375" lon="127.0788948051631450653076171875">
        <ele>20.799999237060546875</ele>
        <time>2026-09-10T10:27:38.000Z</time>
        <extensions>
          <ns3:TrackPointExtension>
            <ns3:hr>149</ns3:hr>
            <ns3:cad>84</ns3:cad>
          </ns3:TrackPointExtension>
        </extensions>
      </trkpt>
      <trkpt lat="37.5184749998152256011962890625" lon="127.07893109880387783050537109375">
        <ele>20.799999237060546875</ele>
        <time>2026-09-10T10:27:39.000Z</time>
        <extensions>
          <ns3:TrackPointExtension>
            <ns3:hr>149</ns3:hr>
            <ns3:cad>84</ns3:cad>
          </ns3:TrackPointExtension>
        </extensions>
      </trkpt>
      <trkpt lat="37.518463432788848876953125" lon="127.0789739303290843963623046875">
        <ele>20.799999237060546875</ele>
        <time>2026-09-10T10:27:40.000Z</time>
        <extensions>
          <ns3:TrackPointExtension>
            <ns3:hr>149</ns3:hr>
            <ns3:cad>84</ns3:cad>
          </ns3:TrackPointExtension>
        </extensions>
      </trkpt>
      <trkpt lat="37.518462426960468292236328125" lon="127.079003937542438507080078125">
        <ele>20.799999237060546875</ele>
        <time>2026-09-10T10:27:41.000Z</time>
        <extensions>
          <ns3:TrackPointExtension>
            <ns3:hr>149</ns3:hr>
            <ns3:cad>84</ns3:cad>
          </ns3:TrackPointExtension>
        </extensions>
      </trkpt>
      <trkpt lat="37.51845630817115306854248046875" lon="127.07905498333275318145751953125">
        <ele>20.6000003814697265625</ele>
        <time>2026-09-10T10:27:42.000Z</time>
        <extensions>
          <ns3:TrackPointExtension>
            <ns3:hr>148</ns3:hr>
            <ns3:cad>84</ns3:cad>
          </ns3:TrackPointExtension>
        </extensions>
      </trkpt>
      <trkpt lat="37.518451027572154998779296875" lon="127.079092450439929962158203125">
        <ele>20.799999237060546875</ele>
        <time>2026-09-10T10:27:43.000Z</time>
        <extensions>
          <ns3:TrackPointExtension>
            <ns3:hr>149</ns3:hr>
            <ns3:cad>84</ns3:cad>
          </ns3:TrackPointExtension>
        </extensions>
      </trkpt>
      <trkpt lat="37.51844591461122035980224609375" lon="127.079130001366138458251953125">
        <ele>20.799999237060546875</ele>
        <time>2026-09-10T10:27:44.000Z</time>
        <extensions>
          <ns3:TrackPointExtension>
            <ns3:hr>149</ns3:hr>
            <ns3:cad>84</ns3:cad>
          </ns3:TrackPointExtension>
        </extensions>
      </trkpt>
      <trkpt lat="37.5184280611574649810791015625" lon="127.079174257814884185791015625">
        <ele>20.799999237060546875</ele>
        <time>2026-09-10T10:27:45.000Z</time>
        <extensions>
          <ns3:TrackPointExtension>
            <ns3:hr>149</ns3:hr>
            <ns3:cad>84</ns3:cad>
          </ns3:TrackPointExtension>
        </extensions>
      </trkpt>
      <trkpt lat="37.51842655241489410400390625" lon="127.07920552231371402740478515625">
        <ele>21</ele>
        <time>2026-09-10T10:27:46.000Z</time>
        <extensions>
          <ns3:TrackPointExtension>
            <ns3:hr>148</ns3:hr>
            <ns3:cad>84</ns3:cad>
          </ns3:TrackPointExtension>
        </extensions>
      </trkpt>
      <trkpt lat="37.51841892488300800323486328125" lon="127.079251371324062347412109375">
        <ele>21</ele>
        <time>2026-09-10T10:27:47.000Z</time>
        <extensions>
          <ns3:TrackPointExtension>
            <ns3:hr>149</ns3:hr>
            <ns3:cad>84</ns3:cad>
          </ns3:TrackPointExtension>
        </extensions>
      </trkpt>
      <trkpt lat="37.51841490156948566436767578125" lon="127.07928858697414398193359375">
        <ele>21</ele>
        <time>2026-09-10T10:27:48.000Z</time>
        <extensions>
          <ns3:TrackPointExtension>
            <ns3:hr>149</ns3:hr>
            <ns3:cad>84</ns3:cad>
          </ns3:TrackPointExtension>
        </extensions>
      </trkpt>
      <trkpt lat="37.51841121353209018707275390625" lon="127.07932940684258937835693359375">
        <ele>21</ele>
        <time>2026-09-10T10:27:49.000Z</time>
        <extensions>
          <ns3:TrackPointExtension>
            <ns3:hr>148</ns3:hr>
            <ns3:cad>84</ns3:cad>
          </ns3:TrackPointExtension>
        </extensions>
      </trkpt>
      <trkpt lat="37.5184032507240772247314453125" lon="127.07937064580619335174560546875">
        <ele>21</ele>
        <time>2026-09-10T10:27:50.000Z</time>
        <extensions>
          <ns3:TrackPointExtension>
            <ns3:hr>149</ns3:hr>
            <ns3:cad>84</ns3:cad>
          </ns3:TrackPointExtension>
        </extensions>
      </trkpt>
      <trkpt lat="37.5183998979628086090087890625" lon="127.07940115593373775482177734375">
        <ele>21</ele>
        <time>2026-09-10T10:27:51.000Z</time>
        <extensions>
          <ns3:TrackPointExtension>
            <ns3:hr>149</ns3:hr>
            <ns3:cad>84</ns3:cad>
          </ns3:TrackPointExtension>
        </extensions>
      </trkpt>
      <trkpt lat="37.51838807947933673858642578125" lon="127.07944625057280063629150390625">
        <ele>21</ele>
        <time>2026-09-10T10:27:52.000Z</time>
        <extensions>
          <ns3:TrackPointExtension>
            <ns3:hr>148</ns3:hr>
            <ns3:cad>84</ns3:cad>
          </ns3:TrackPointExtension>
        </extensions>
      </trkpt>
      <trkpt lat="37.5183896720409393310546875" lon="127.0794768445193767547607421875">
        <ele>21</ele>
        <time>2026-09-10T10:27:53.000Z</time>
        <extensions>
          <ns3:TrackPointExtension>
            <ns3:hr>149</ns3:hr>
            <ns3:cad>84</ns3:cad>
          </ns3:TrackPointExtension>
        </extensions>
      </trkpt>
      <trkpt lat="37.51838791184127330780029296875" lon="127.07952152006328105926513671875">
        <ele>20.799999237060546875</ele>
        <time>2026-09-10T10:27:54.000Z</time>
        <extensions>
          <ns3:TrackPointExtension>
            <ns3:hr>149</ns3:hr>
            <ns3:cad>84</ns3:cad>
          </ns3:TrackPointExtension>
        </extensions>
      </trkpt>
      <trkpt lat="37.51838095486164093017578125" lon="127.0795620046555995941162109375">
        <ele>20.799999237060546875</ele>
        <time>2026-09-10T10:27:55.000Z</time>
        <extensions>
          <ns3:TrackPointExtension>
            <ns3:hr>148</ns3:hr>
            <ns3:cad>84</ns3:cad>
          </ns3:TrackPointExtension>
        </extensions>
      </trkpt>
      <trkpt lat="37.51838087104260921478271484375" lon="127.07959704101085662841796875">
        <ele>20.799999237060546875</ele>
        <time>2026-09-10T10:27:56.000Z</time>
        <extensions>
          <ns3:TrackPointExtension>
            <ns3:hr>149</ns3:hr>
            <ns3:cad>84</ns3:cad>
          </ns3:TrackPointExtension>
        </extensions>
      </trkpt>
      <trkpt lat="37.51836930401623249053955078125" lon="127.07964305765926837921142578125">
        <ele>20.799999237060546875</ele>
        <time>2026-09-10T10:27:57.000Z</time>
        <extensions>
          <ns3:TrackPointExtension>
            <ns3:hr>149</ns3:hr>
            <ns3:cad>84</ns3:cad>
          </ns3:TrackPointExtension>
        </extensions>
      </trkpt>
      <trkpt lat="37.51837081275880336761474609375" lon="127.07967423833906650543212890625">
        <ele>20.799999237060546875</ele>
        <time>2026-09-10T10:27:58.000Z</time>
        <extensions>
          <ns3:TrackPointExtension>
            <ns3:hr>149</ns3:hr>
            <ns3:cad>84</ns3:cad>
          </ns3:TrackPointExtension>
        </extensions>
      </trkpt>
      <trkpt lat="37.51837064512073993682861328125" lon="127.07972335629165172576904296875">
        <ele>20.799999237060546875</ele>
        <time>2026-09-10T10:27:59.000Z</time>
        <extensions>
          <ns3:TrackPointExtension>
            <ns3:hr>148</ns3:hr>
            <ns3:cad>84</ns3:cad>
          </ns3:TrackPointExtension>
        </extensions>
      </trkpt>
      <trkpt lat="37.51836745999753475189208984375" lon="127.07976241596043109893798828125">
        <ele>20.6000003814697265625</ele>
        <time>2026-09-10T10:28:00.000Z</time>
        <extensions>
          <ns3:TrackPointExtension>
            <ns3:hr>149</ns3:hr>
            <ns3:cad>84</ns3:cad>
          </ns3:TrackPointExtension>
        </extensions>
      </trkpt>
      <trkpt lat="37.51836645416915416717529296875" lon="127.0797997154295444488525390625">
        <ele>20.6000003814697265625</ele>
        <time>2026-09-10T10:28:01.000Z</time>
        <extensions>
          <ns3:TrackPointExtension>
            <ns3:hr>149</ns3:hr>
            <ns3:cad>84</ns3:cad>
          </ns3:TrackPointExtension>
        </extensions>
      </trkpt>
      <trkpt lat="37.51835740171372890472412109375" lon="127.07984522916376590728759765625">
        <ele>20.6000003814697265625</ele>
        <time>2026-09-10T10:28:02.000Z</time>
        <extensions>
          <ns3:TrackPointExtension>
            <ns3:hr>149</ns3:hr>
            <ns3:cad>84</ns3:cad>
          </ns3:TrackPointExtension>
        </extensions>
      </trkpt>
      <trkpt lat="37.5183546356856822967529296875" lon="127.07987875677645206451416015625">
        <ele>20.6000003814697265625</ele>
        <time>2026-09-10T10:28:03.000Z</time>
        <extensions>
          <ns3:TrackPointExtension>
            <ns3:hr>149</ns3:hr>
            <ns3:cad>84</ns3:cad>
          </ns3:TrackPointExtension>
        </extensions>
      </trkpt>
      <trkpt lat="37.51835203729569911956787109375" lon="127.07992720417678356170654296875">
        <ele>20.6000003814697265625</ele>
        <time>2026-09-10T10:28:04.000Z</time>
        <extensions>
          <ns3:TrackPointExtension>
            <ns3:hr>148</ns3:hr>
            <ns3:cad>84</ns3:cad>
          </ns3:TrackPointExtension>
        </extensions>
      </trkpt>
      <trkpt lat="37.51834935508668422698974609375" lon="127.07996307872235774993896484375">
        <ele>20.799999237060546875</ele>
        <time>2026-09-10T10:28:05.000Z</time>
        <extensions>
          <ns3:TrackPointExtension>
            <ns3:hr>149</ns3:hr>
            <ns3:cad>84</ns3:cad>
          </ns3:TrackPointExtension>
        </extensions>
      </trkpt>
      <trkpt lat="37.51834717579185962677001953125" lon="127.0800022222101688385009765625">
        <ele>20.799999237060546875</ele>
        <time>2026-09-10T10:28:06.000Z</time>
        <extensions>
          <ns3:TrackPointExtension>
            <ns3:hr>149</ns3:hr>
            <ns3:cad>84</ns3:cad>
          </ns3:TrackPointExtension>
        </extensions>
      </trkpt>
      <trkpt lat="37.51833443529903888702392578125" lon="127.08004840649664402008056640625">
        <ele>20.799999237060546875</ele>
        <time>2026-09-10T10:28:07.000Z</time>
        <extensions>
          <ns3:TrackPointExtension>
            <ns3:hr>149</ns3:hr>
            <ns3:cad>84</ns3:cad>
          </ns3:TrackPointExtension>
        </extensions>
      </trkpt>
      <trkpt lat="37.5183315016329288482666015625" lon="127.080076150596141815185546875">
        <ele>20.799999237060546875</ele>
        <time>2026-09-10T10:28:08.000Z</time>
        <extensions>
          <ns3:TrackPointExtension>
            <ns3:hr>151</ns3:hr>
            <ns3:cad>84</ns3:cad>
          </ns3:TrackPointExtension>
        </extensions>
      </trkpt>
      <trkpt lat="37.518324963748455047607421875" lon="127.08012401126325130462646484375">
        <ele>20.799999237060546875</ele>
        <time>2026-09-10T10:28:09.000Z</time>
        <extensions>
          <ns3:TrackPointExtension>
            <ns3:hr>151</ns3:hr>
            <ns3:cad>84</ns3:cad>
          </ns3:TrackPointExtension>
        </extensions>
      </trkpt>
      <trkpt lat="37.51831649802625179290771484375" lon="127.0801601372659206390380859375">
        <ele>20.799999237060546875</ele>
        <time>2026-09-10T10:28:10.000Z</time>
        <extensions>
          <ns3:TrackPointExtension>
            <ns3:hr>152</ns3:hr>
            <ns3:cad>84</ns3:cad>
          </ns3:TrackPointExtension>
        </extensions>
      </trkpt>
      <trkpt lat="37.5183180905878543853759765625" lon="127.08020095713436603546142578125">
        <ele>20.799999237060546875</ele>
        <time>2026-09-10T10:28:11.000Z</time>
        <extensions>
          <ns3:TrackPointExtension>
            <ns3:hr>152</ns3:hr>
            <ns3:cad>84</ns3:cad>
          </ns3:TrackPointExtension>
        </extensions>
      </trkpt>
      <trkpt lat="37.51830878667533397674560546875" lon="127.0802412740886211395263671875">
        <ele>20.799999237060546875</ele>
        <time>2026-09-10T10:28:12.000Z</time>
        <extensions>
          <ns3:TrackPointExtension>
            <ns3:hr>152</ns3:hr>
            <ns3:cad>84</ns3:cad>
          </ns3:TrackPointExtension>
        </extensions>
      </trkpt>
      <trkpt lat="37.51830643974244594573974609375" lon="127.0802754722535610198974609375">
        <ele>20.799999237060546875</ele>
        <time>2026-09-10T10:28:13.000Z</time>
        <extensions>
          <ns3:TrackPointExtension>
            <ns3:hr>152</ns3:hr>
            <ns3:cad>84</ns3:cad>
          </ns3:TrackPointExtension>
        </extensions>
      </trkpt>
      <trkpt lat="37.5182993151247501373291015625" lon="127.080329954624176025390625">
        <ele>20.799999237060546875</ele>
        <time>2026-09-10T10:28:14.000Z</time>
        <extensions>
          <ns3:TrackPointExtension>
            <ns3:hr>151</ns3:hr>
            <ns3:cad>84</ns3:cad>
          </ns3:TrackPointExtension>
        </extensions>
      </trkpt>
      <trkpt lat="37.5182983092963695526123046875" lon="127.080365158617496490478515625">
        <ele>20.799999237060546875</ele>
        <time>2026-09-10T10:28:15.000Z</time>
        <extensions>
          <ns3:TrackPointExtension>
            <ns3:hr>152</ns3:hr>
            <ns3:cad>84</ns3:cad>
          </ns3:TrackPointExtension>
        </extensions>
      </trkpt>
      <trkpt lat="37.51829772256314754486083984375" lon="127.08041436038911342620849609375">
        <ele>20.6000003814697265625</ele>
        <time>2026-09-10T10:28:16.000Z</time>
        <extensions>
          <ns3:TrackPointExtension>
            <ns3:hr>152</ns3:hr>
            <ns3:cad>84</ns3:cad>
          </ns3:TrackPointExtension>
        </extensions>
      </trkpt>
      <trkpt lat="37.5182879157364368438720703125" lon="127.08045308478176593780517578125">
        <ele>20.799999237060546875</ele>
        <time>2026-09-10T10:28:17.000Z</time>
        <extensions>
          <ns3:TrackPointExtension>
            <ns3:hr>151</ns3:hr>
            <ns3:cad>84</ns3:cad>
          </ns3:TrackPointExtension>
        </extensions>
      </trkpt>
      <trkpt lat="37.51828297041356563568115234375" lon="127.0804893784224987030029296875">
        <ele>20.799999237060546875</ele>
        <time>2026-09-10T10:28:18.000Z</time>
        <extensions>
          <ns3:TrackPointExtension>
            <ns3:hr>152</ns3:hr>
            <ns3:cad>84</ns3:cad>
          </ns3:TrackPointExtension>
        </extensions>
      </trkpt>
      <trkpt lat="37.51827123574912548065185546875" lon="127.08054042421281337738037109375">
        <ele>20.799999237060546875</ele>
        <time>2026-09-10T10:28:19.000Z</time>
        <extensions>
          <ns3:TrackPointExtension>
            <ns3:hr>152</ns3:hr>
            <ns3:cad>84</ns3:cad>
          </ns3:TrackPointExtension>
        </extensions>
      </trkpt>
      <trkpt lat="37.51826830208301544189453125" lon="127.08057738840579986572265625">
        <ele>21</ele>
        <time>2026-09-10T10:28:20.000Z</time>
        <extensions>
          <ns3:TrackPointExtension>
            <ns3:hr>151</ns3:hr>
            <ns3:cad>84</ns3:cad>
          </ns3:TrackPointExtension>
        </extensions>
      </trkpt>
      <trkpt lat="37.51826520077884197235107421875" lon="127.08062575198709964752197265625">
        <ele>21</ele>
        <time>2026-09-10T10:28:21.000Z</time>
        <extensions>
          <ns3:TrackPointExtension>
            <ns3:hr>152</ns3:hr>
            <ns3:cad>84</ns3:cad>
          </ns3:TrackPointExtension>
        </extensions>
      </trkpt>
      <trkpt lat="37.51826352439820766448974609375" lon="127.0806653983891010284423828125">
        <ele>21</ele>
        <time>2026-09-10T10:28:22.000Z</time>
        <extensions>
          <ns3:TrackPointExtension>
            <ns3:hr>152</ns3:hr>
            <ns3:cad>84</ns3:cad>
          </ns3:TrackPointExtension>
        </extensions>
      </trkpt>
      <trkpt lat="37.51826704479753971099853515625" lon="127.08069833926856517791748046875">
        <ele>21</ele>
        <time>2026-09-10T10:28:23.000Z</time>
        <extensions>
          <ns3:TrackPointExtension>
            <ns3:hr>151</ns3:hr>
            <ns3:cad>84</ns3:cad>
          </ns3:TrackPointExtension>
        </extensions>
      </trkpt>
      <trkpt lat="37.51826251856982707977294921875" lon="127.08074058406054973602294921875">
        <ele>21</ele>
        <time>2026-09-10T10:28:24.000Z</time>
        <extensions>
          <ns3:TrackPointExtension>
            <ns3:hr>152</ns3:hr>
            <ns3:cad>84</ns3:cad>
          </ns3:TrackPointExtension>
        </extensions>
      </trkpt>
      <trkpt lat="37.518267296254634857177734375" lon="127.0807666517794132232666015625">
        <ele>20.799999237060546875</ele>
        <time>2026-09-10T10:28:25.000Z</time>
        <extensions>
          <ns3:TrackPointExtension>
            <ns3:hr>152</ns3:hr>
            <ns3:cad>84</ns3:cad>
          </ns3:TrackPointExtension>
        </extensions>
      </trkpt>
      <trkpt lat="37.5182644464075565338134765625" lon="127.080813087522983551025390625">
        <ele>20.799999237060546875</ele>
        <time>2026-09-10T10:28:26.000Z</time>
        <extensions>
          <ns3:TrackPointExtension>
            <ns3:hr>151</ns3:hr>
            <ns3:cad>84</ns3:cad>
          </ns3:TrackPointExtension>
        </extensions>
      </trkpt>
      <trkpt lat="37.5182681344449520111083984375" lon="127.0808521471917629241943359375">
        <ele>20.6000003814697265625</ele>
        <time>2026-09-10T10:28:27.000Z</time>
        <extensions>
          <ns3:TrackPointExtension>
            <ns3:hr>152</ns3:hr>
            <ns3:cad>84</ns3:cad>
          </ns3:TrackPointExtension>
        </extensions>
      </trkpt>
      <trkpt lat="37.5182724930346012115478515625" lon="127.08089481107890605926513671875">
        <ele>20.6000003814697265625</ele>
        <time>2026-09-10T10:28:28.000Z</time>
        <extensions>
          <ns3:TrackPointExtension>
            <ns3:hr>152</ns3:hr>
            <ns3:cad>84</ns3:cad>
          </ns3:TrackPointExtension>
        </extensions>
      </trkpt>
      <trkpt lat="37.51827257685363292694091796875" lon="127.08093806169927120208740234375">
        <ele>20.6000003814697265625</ele>
        <time>2026-09-10T10:28:29.000Z</time>
        <extensions>
          <ns3:TrackPointExtension>
            <ns3:hr>151</ns3:hr>
            <ns3:cad>84</ns3:cad>
          </ns3:TrackPointExtension>
        </extensions>
      </trkpt>
      <trkpt lat="37.51827777363359928131103515625" lon="127.08096941001713275909423828125">
        <ele>20.3999996185302734375</ele>
        <time>2026-09-10T10:28:30.000Z</time>
        <extensions>
          <ns3:TrackPointExtension>
            <ns3:hr>152</ns3:hr>
            <ns3:cad>84</ns3:cad>
          </ns3:TrackPointExtension>
        </extensions>
      </trkpt>
      <trkpt lat="37.5182721577584743499755859375" lon="127.08101836033165454864501953125">
        <ele>20.3999996185302734375</ele>
        <time>2026-09-10T10:28:31.000Z</time>
        <extensions>
          <ns3:TrackPointExtension>
            <ns3:hr>152</ns3:hr>
            <ns3:cad>84</ns3:cad>
          </ns3:TrackPointExtension>
        </extensions>
      </trkpt>
      <trkpt lat="37.51827928237617015838623046875" lon="127.081055827438831329345703125">
        <ele>20.3999996185302734375</ele>
        <time>2026-09-10T10:28:32.000Z</time>
        <extensions>
          <ns3:TrackPointExtension>
            <ns3:hr>151</ns3:hr>
            <ns3:cad>84</ns3:cad>
          </ns3:TrackPointExtension>
        </extensions>
      </trkpt>
      <trkpt lat="37.5182795338332653045654296875" lon="127.0810962282121181488037109375">
        <ele>20.3999996185302734375</ele>
        <time>2026-09-10T10:28:33.000Z</time>
        <extensions>
          <ns3:TrackPointExtension>
            <ns3:hr>152</ns3:hr>
            <ns3:cad>84</ns3:cad>
          </ns3:TrackPointExtension>
        </extensions>
      </trkpt>
      <trkpt lat="37.5182704813778400421142578125" lon="127.0811364613473415374755859375">
        <ele>20.3999996185302734375</ele>
        <time>2026-09-10T10:28:34.000Z</time>
        <extensions>
          <ns3:TrackPointExtension>
            <ns3:hr>152</ns3:hr>
            <ns3:cad>85</ns3:cad>
          </ns3:TrackPointExtension>
        </extensions>
      </trkpt>
      <trkpt lat="37.51826939173042774200439453125" lon="127.0811642892658710479736328125">
        <ele>20.6000003814697265625</ele>
        <time>2026-09-10T10:28:35.000Z</time>
        <extensions>
          <ns3:TrackPointExtension>
            <ns3:hr>151</ns3:hr>
            <ns3:cad>85</ns3:cad>
          </ns3:TrackPointExtension>
        </extensions>
      </trkpt>
      <trkpt lat="37.51826553605496883392333984375" lon="127.081215418875217437744140625">
        <ele>20.6000003814697265625</ele>
        <time>2026-09-10T10:28:36.000Z</time>
        <extensions>
          <ns3:TrackPointExtension>
            <ns3:hr>152</ns3:hr>
            <ns3:cad>85</ns3:cad>
          </ns3:TrackPointExtension>
        </extensions>
      </trkpt>
      <trkpt lat="37.51826436258852481842041015625" lon="127.081253640353679656982421875">
        <ele>20.6000003814697265625</ele>
        <time>2026-09-10T10:28:37.000Z</time>
        <extensions>
          <ns3:TrackPointExtension>
            <ns3:hr>152</ns3:hr>
            <ns3:cad>83</ns3:cad>
          </ns3:TrackPointExtension>
        </extensions>
      </trkpt>
      <trkpt lat="37.51826620660722255706787109375" lon="127.0812950469553470611572265625">
        <ele>20.6000003814697265625</ele>
        <time>2026-09-10T10:28:38.000Z</time>
        <extensions>
          <ns3:TrackPointExtension>
            <ns3:hr>151</ns3:hr>
            <ns3:cad>83</ns3:cad>
          </ns3:TrackPointExtension>
        </extensions>
      </trkpt>
      <trkpt lat="37.51825631596148014068603515625" lon="127.08133653737604618072509765625">
        <ele>20.6000003814697265625</ele>
        <time>2026-09-10T10:28:39.000Z</time>
        <extensions>
          <ns3:TrackPointExtension>
            <ns3:hr>152</ns3:hr>
            <ns3:cad>83</ns3:cad>
          </ns3:TrackPointExtension>
        </extensions>
      </trkpt>
      <trkpt lat="37.51825891435146331787109375" lon="127.08136771805584430694580078125">
        <ele>20.3999996185302734375</ele>
        <time>2026-09-10T10:28:40.000Z</time>
        <extensions>
          <ns3:TrackPointExtension>
            <ns3:hr>152</ns3:hr>
            <ns3:cad>83</ns3:cad>
          </ns3:TrackPointExtension>
        </extensions>
      </trkpt>
      <trkpt lat="37.5182567350566387176513671875" lon="127.08141230978071689605712890625">
        <ele>20.3999996185302734375</ele>
        <time>2026-09-10T10:28:41.000Z</time>
        <extensions>
          <ns3:TrackPointExtension>
            <ns3:hr>151</ns3:hr>
            <ns3:cad>84</ns3:cad>
          </ns3:TrackPointExtension>
        </extensions>
      </trkpt>
      <trkpt lat="37.51825899817049503326416015625" lon="127.0814482681453227996826171875">
        <ele>20.200000762939453125</ele>
        <time>2026-09-10T10:28:42.000Z</time>
        <extensions>
          <ns3:TrackPointExtension>
            <ns3:hr>151</ns3:hr>
            <ns3:cad>84</ns3:cad>
          </ns3:TrackPointExtension>
        </extensions>
      </trkpt>
      <trkpt lat="37.51825765706598758697509765625" lon="127.0814834721386432647705078125">
        <ele>20.200000762939453125</ele>
        <time>2026-09-10T10:28:43.000Z</time>
        <extensions>
          <ns3:TrackPointExtension>
            <ns3:hr>151</ns3:hr>
            <ns3:cad>84</ns3:cad>
          </ns3:TrackPointExtension>
        </extensions>
      </trkpt>
      <trkpt lat="37.51824416220188140869140625" lon="127.081523872911930084228515625">
        <ele>20.3999996185302734375</ele>
        <time>2026-09-10T10:28:44.000Z</time>
        <extensions>
          <ns3:TrackPointExtension>
            <ns3:hr>152</ns3:hr>
            <ns3:cad>84</ns3:cad>
          </ns3:TrackPointExtension>
        </extensions>
      </trkpt>
      <trkpt lat="37.51824441365897655487060546875" lon="127.0815543830394744873046875">
        <ele>20.3999996185302734375</ele>
        <time>2026-09-10T10:28:45.000Z</time>
        <extensions>
          <ns3:TrackPointExtension>
            <ns3:hr>151</ns3:hr>
            <ns3:cad>84</ns3:cad>
          </ns3:TrackPointExtension>
        </extensions>
      </trkpt>
      <trkpt lat="37.51823636703193187713623046875" lon="127.08160358481109142303466796875">
        <ele>20.6000003814697265625</ele>
        <time>2026-09-10T10:28:46.000Z</time>
        <extensions>
          <ns3:TrackPointExtension>
            <ns3:hr>151</ns3:hr>
            <ns3:cad>83</ns3:cad>
          </ns3:TrackPointExtension>
        </extensions>
      </trkpt>
      <trkpt lat="37.518239133059978485107421875" lon="127.08163979463279247283935546875">
        <ele>20.6000003814697265625</ele>
        <time>2026-09-10T10:28:47.000Z</time>
        <extensions>
          <ns3:TrackPointExtension>
            <ns3:hr>151</ns3:hr>
            <ns3:cad>83</ns3:cad>
          </ns3:TrackPointExtension>
        </extensions>
      </trkpt>
      <trkpt lat="37.5182419829070568084716796875" lon="127.0816826261579990386962890625">
        <ele>20.799999237060546875</ele>
        <time>2026-09-10T10:28:48.000Z</time>
        <extensions>
          <ns3:TrackPointExtension>
            <ns3:hr>150</ns3:hr>
            <ns3:cad>83</ns3:cad>
          </ns3:TrackPointExtension>
        </extensions>
      </trkpt>
      <trkpt lat="37.51823754049837589263916015625" lon="127.08172663114964962005615234375">
        <ele>20.6000003814697265625</ele>
        <time>2026-09-10T10:28:49.000Z</time>
        <extensions>
          <ns3:TrackPointExtension>
            <ns3:hr>150</ns3:hr>
            <ns3:cad>84</ns3:cad>
          </ns3:TrackPointExtension>
        </extensions>
      </trkpt>
      <trkpt lat="37.51824173144996166229248046875" lon="127.0817594043910503387451171875">
        <ele>20.799999237060546875</ele>
        <time>2026-09-10T10:28:50.000Z</time>
        <extensions>
          <ns3:TrackPointExtension>
            <ns3:hr>150</ns3:hr>
            <ns3:cad>84</ns3:cad>
          </ns3:TrackPointExtension>
        </extensions>
      </trkpt>
      <trkpt lat="37.51823737286031246185302734375" lon="127.0818091928958892822265625">
        <ele>20.799999237060546875</ele>
        <time>2026-09-10T10:28:51.000Z</time>
        <extensions>
          <ns3:TrackPointExtension>
            <ns3:hr>149</ns3:hr>
            <ns3:cad>84</ns3:cad>
          </ns3:TrackPointExtension>
        </extensions>
      </trkpt>
      <trkpt lat="37.51824147999286651611328125" lon="127.08184230141341686248779296875">
        <ele>21</ele>
        <time>2026-09-10T10:28:52.000Z</time>
        <extensions>
          <ns3:TrackPointExtension>
            <ns3:hr>149</ns3:hr>
            <ns3:cad>84</ns3:cad>
          </ns3:TrackPointExtension>
        </extensions>
      </trkpt>
      <trkpt lat="37.5182456709444522857666015625" lon="127.0818858034908771514892578125">
        <ele>21</ele>
        <time>2026-09-10T10:28:53.000Z</time>
        <extensions>
          <ns3:TrackPointExtension>
            <ns3:hr>149</ns3:hr>
            <ns3:cad>84</ns3:cad>
          </ns3:TrackPointExtension>
        </extensions>
      </trkpt>
      <trkpt lat="37.51824324019253253936767578125" lon="127.0819220133125782012939453125">
        <ele>21.200000762939453125</ele>
        <time>2026-09-10T10:28:54.000Z</time>
        <extensions>
          <ns3:TrackPointExtension>
            <ns3:hr>149</ns3:hr>
            <ns3:cad>85</ns3:cad>
          </ns3:TrackPointExtension>
        </extensions>
      </trkpt>
      <trkpt lat="37.51824491657316684722900390625" lon="127.0819515176117420196533203125">
        <ele>21.200000762939453125</ele>
        <time>2026-09-10T10:28:55.000Z</time>
        <extensions>
          <ns3:TrackPointExtension>
            <ns3:hr>148</ns3:hr>
            <ns3:cad>85</ns3:cad>
          </ns3:TrackPointExtension>
        </extensions>
      </trkpt>
      <trkpt lat="37.518238127231597900390625" lon="127.08199954591691493988037109375">
        <ele>21</ele>
        <time>2026-09-10T10:28:56.000Z</time>
        <extensions>
          <ns3:TrackPointExtension>
            <ns3:hr>148</ns3:hr>
            <ns3:cad>85</ns3:cad>
          </ns3:TrackPointExtension>
        </extensions>
      </trkpt>
      <trkpt lat="37.51824416220188140869140625" lon="127.08203508518636226654052734375">
        <ele>21</ele>
        <time>2026-09-10T10:28:57.000Z</time>
        <extensions>
          <ns3:TrackPointExtension>
            <ns3:hr>148</ns3:hr>
            <ns3:cad>84</ns3:cad>
          </ns3:TrackPointExtension>
        </extensions>
      </trkpt>
      <trkpt lat="37.51824324019253253936767578125" lon="127.0820718817412853240966796875">
        <ele>21.200000762939453125</ele>
        <time>2026-09-10T10:28:58.000Z</time>
        <extensions>
          <ns3:TrackPointExtension>
            <ns3:hr>148</ns3:hr>
            <ns3:cad>84</ns3:cad>
          </ns3:TrackPointExtension>
        </extensions>
      </trkpt>
      <trkpt lat="37.51823343336582183837890625" lon="127.08211706019937992095947265625">
        <ele>21.200000762939453125</ele>
        <time>2026-09-10T10:28:59.000Z</time>
        <extensions>
          <ns3:TrackPointExtension>
            <ns3:hr>149</ns3:hr>
            <ns3:cad>84</ns3:cad>
          </ns3:TrackPointExtension>
        </extensions>
      </trkpt>
      <trkpt lat="37.5182406418025493621826171875" lon="127.082147486507892608642578125">
        <ele>21.200000762939453125</ele>
        <time>2026-09-10T10:29:00.000Z</time>
        <extensions>
          <ns3:TrackPointExtension>
            <ns3:hr>149</ns3:hr>
            <ns3:cad>84</ns3:cad>
          </ns3:TrackPointExtension>
        </extensions>
      </trkpt>
      <trkpt lat="37.51825497485697269439697265625" lon="127.0821489952504634857177734375">
        <ele>21.200000762939453125</ele>
        <time>2026-09-10T10:29:01.000Z</time>
        <extensions>
          <ns3:TrackPointExtension>
            <ns3:hr>149</ns3:hr>
            <ns3:cad>84</ns3:cad>
          </ns3:TrackPointExtension>
        </extensions>
      </trkpt>
      <trkpt lat="37.5182600878179073333740234375" lon="127.08213248290121555328369140625">
        <ele>21.200000762939453125</ele>
        <time>2026-09-10T10:29:02.000Z</time>
        <extensions>
          <ns3:TrackPointExtension>
            <ns3:hr>149</ns3:hr>
            <ns3:cad>82</ns3:cad>
          </ns3:TrackPointExtension>
        </extensions>
      </trkpt>
      <trkpt lat="37.518254555761814117431640625" lon="127.08211303688585758209228515625">
        <ele>21.200000762939453125</ele>
        <time>2026-09-10T10:29:03.000Z</time>
        <extensions>
          <ns3:TrackPointExtension>
            <ns3:hr>150</ns3:hr>
            <ns3:cad>82</ns3:cad>
          </ns3:TrackPointExtension>
        </extensions>
      </trkpt>
      <trkpt lat="37.51824541948735713958740234375" lon="127.08207481540739536285400390625">
        <ele>21.200000762939453125</ele>
        <time>2026-09-10T10:29:04.000Z</time>
        <extensions>
          <ns3:TrackPointExtension>
            <ns3:hr>150</ns3:hr>
            <ns3:cad>82</ns3:cad>
          </ns3:TrackPointExtension>
        </extensions>
      </trkpt>
      <trkpt lat="37.5182436592876911163330078125" lon="127.08203759975731372833251953125">
        <ele>21.3999996185302734375</ele>
        <time>2026-09-10T10:29:05.000Z</time>
        <extensions>
          <ns3:TrackPointExtension>
            <ns3:hr>150</ns3:hr>
            <ns3:cad>82</ns3:cad>
          </ns3:TrackPointExtension>
        </extensions>
      </trkpt>
      <trkpt lat="37.51823720522224903106689453125" lon="127.08200859837234020233154296875">
        <ele>21.3999996185302734375</ele>
        <time>2026-09-10T10:29:06.000Z</time>
        <extensions>
          <ns3:TrackPointExtension>
            <ns3:hr>150</ns3:hr>
            <ns3:cad>81</ns3:cad>
          </ns3:TrackPointExtension>
        </extensions>
      </trkpt>
      <trkpt lat="37.51824391074478626251220703125" lon="127.08195461891591548919677734375">
        <ele>21.6000003814697265625</ele>
        <time>2026-09-10T10:29:07.000Z</time>
        <extensions>
          <ns3:TrackPointExtension>
            <ns3:hr>149</ns3:hr>
            <ns3:cad>81</ns3:cad>
          </ns3:TrackPointExtension>
        </extensions>
      </trkpt>
      <trkpt lat="37.5182399712502956390380859375" lon="127.08192226476967334747314453125">
        <ele>21.6000003814697265625</ele>
        <time>2026-09-10T10:29:08.000Z</time>
        <extensions>
          <ns3:TrackPointExtension>
            <ns3:hr>149</ns3:hr>
            <ns3:cad>83</ns3:cad>
          </ns3:TrackPointExtension>
        </extensions>
      </trkpt>
      <trkpt lat="37.51823888160288333892822265625" lon="127.08187758922576904296875">
        <ele>21.799999237060546875</ele>
        <time>2026-09-10T10:29:09.000Z</time>
        <extensions>
          <ns3:TrackPointExtension>
            <ns3:hr>149</ns3:hr>
            <ns3:cad>83</ns3:cad>
          </ns3:TrackPointExtension>
        </extensions>
      </trkpt>
      <trkpt lat="37.5182429887354373931884765625" lon="127.08183534443378448486328125">
        <ele>22</ele>
        <time>2026-09-10T10:29:10.000Z</time>
        <extensions>
          <ns3:TrackPointExtension>
            <ns3:hr>149</ns3:hr>
            <ns3:cad>83</ns3:cad>
          </ns3:TrackPointExtension>
        </extensions>
      </trkpt>
      <trkpt lat="37.518241144716739654541015625" lon="127.081805504858493804931640625">
        <ele>22</ele>
        <time>2026-09-10T10:29:11.000Z</time>
        <extensions>
          <ns3:TrackPointExtension>
            <ns3:hr>150</ns3:hr>
            <ns3:cad>83</ns3:cad>
          </ns3:TrackPointExtension>
        </extensions>
      </trkpt>
      <trkpt lat="37.518243826925754547119140625" lon="127.0817526988685131072998046875">
        <ele>22</ele>
        <time>2026-09-10T10:29:12.000Z</time>
        <extensions>
          <ns3:TrackPointExtension>
            <ns3:hr>150</ns3:hr>
            <ns3:cad>83</ns3:cad>
          </ns3:TrackPointExtension>
        </extensions>
      </trkpt>
      <trkpt lat="37.518237791955471038818359375" lon="127.08172143436968326568603515625">
        <ele>21.799999237060546875</ele>
        <time>2026-09-10T10:29:13.000Z</time>
        <extensions>
          <ns3:TrackPointExtension>
            <ns3:hr>150</ns3:hr>
            <ns3:cad>83</ns3:cad>
          </ns3:TrackPointExtension>
        </extensions>
      </trkpt>
      <trkpt lat="37.5182329304516315460205078125" lon="127.0816856436431407928466796875">
        <ele>21.799999237060546875</ele>
        <time>2026-09-10T10:29:14.000Z</time>
        <extensions>
          <ns3:TrackPointExtension>
            <ns3:hr>149</ns3:hr>
            <ns3:cad>83</ns3:cad>
          </ns3:TrackPointExtension>
        </extensions>
      </trkpt>
      <trkpt lat="37.51823888160288333892822265625" lon="127.0816397108137607574462890625">
        <ele>21.6000003814697265625</ele>
        <time>2026-09-10T10:29:15.000Z</time>
        <extensions>
          <ns3:TrackPointExtension>
            <ns3:hr>150</ns3:hr>
            <ns3:cad>83</ns3:cad>
          </ns3:TrackPointExtension>
        </extensions>
      </trkpt>
      <trkpt lat="37.518243156373500823974609375" lon="127.081609703600406646728515625">
        <ele>21.799999237060546875</ele>
        <time>2026-09-10T10:29:16.000Z</time>
        <extensions>
          <ns3:TrackPointExtension>
            <ns3:hr>149</ns3:hr>
            <ns3:cad>83</ns3:cad>
          </ns3:TrackPointExtension>
        </extensions>
      </trkpt>
      <trkpt lat="37.51825547777116298675537109375" lon="127.0815609209239482879638671875">
        <ele>22</ele>
        <time>2026-09-10T10:29:17.000Z</time>
        <extensions>
          <ns3:TrackPointExtension>
            <ns3:hr>149</ns3:hr>
            <ns3:cad>83</ns3:cad>
          </ns3:TrackPointExtension>
        </extensions>
      </trkpt>
      <trkpt lat="37.51825698651373386383056640625" lon="127.08153066225349903106689453125">
        <ele>22</ele>
        <time>2026-09-10T10:29:18.000Z</time>
        <extensions>
          <ns3:TrackPointExtension>
            <ns3:hr>149</ns3:hr>
            <ns3:cad>83</ns3:cad>
          </ns3:TrackPointExtension>
        </extensions>
      </trkpt>
      <trkpt lat="37.51826134510338306427001953125" lon="127.08148456178605556488037109375">
        <ele>21.799999237060546875</ele>
        <time>2026-09-10T10:29:19.000Z</time>
        <extensions>
          <ns3:TrackPointExtension>
            <ns3:hr>150</ns3:hr>
            <ns3:cad>84</ns3:cad>
          </ns3:TrackPointExtension>
        </extensions>
      </trkpt>
      <trkpt lat="37.518259249627590179443359375" lon="127.08144198171794414520263671875">
        <ele>21.799999237060546875</ele>
        <time>2026-09-10T10:29:20.000Z</time>
        <extensions>
          <ns3:TrackPointExtension>
            <ns3:hr>149</ns3:hr>
            <ns3:cad>84</ns3:cad>
          </ns3:TrackPointExtension>
        </extensions>
      </trkpt>
      <trkpt lat="37.5182584114372730255126953125" lon="127.081404514610767364501953125">
        <ele>21.6000003814697265625</ele>
        <time>2026-09-10T10:29:21.000Z</time>
        <extensions>
          <ns3:TrackPointExtension>
            <ns3:hr>149</ns3:hr>
            <ns3:cad>84</ns3:cad>
          </ns3:TrackPointExtension>
        </extensions>
      </trkpt>
      <trkpt lat="37.51826302148401737213134765625" lon="127.0813543908298015594482421875">
        <ele>21.3999996185302734375</ele>
        <time>2026-09-10T10:29:22.000Z</time>
        <extensions>
          <ns3:TrackPointExtension>
            <ns3:hr>150</ns3:hr>
            <ns3:cad>84</ns3:cad>
          </ns3:TrackPointExtension>
        </extensions>
      </trkpt>
      <trkpt lat="37.51825950108468532562255859375" lon="127.08132664673030376434326171875">
        <ele>21.3999996185302734375</ele>
        <time>2026-09-10T10:29:23.000Z</time>
        <extensions>
          <ns3:TrackPointExtension>
            <ns3:hr>150</ns3:hr>
            <ns3:cad>84</ns3:cad>
          </ns3:TrackPointExtension>
        </extensions>
      </trkpt>
      <trkpt lat="37.5182607583701610565185546875" lon="127.0812833122909069061279296875">
        <ele>21.3999996185302734375</ele>
        <time>2026-09-10T10:29:24.000Z</time>
        <extensions>
          <ns3:TrackPointExtension>
            <ns3:hr>150</ns3:hr>
            <ns3:cad>84</ns3:cad>
          </ns3:TrackPointExtension>
        </extensions>
      </trkpt>
      <trkpt lat="37.51825883053243160247802734375" lon="127.08124517463147640228271484375">
        <ele>21.6000003814697265625</ele>
        <time>2026-09-10T10:29:25.000Z</time>
        <extensions>
          <ns3:TrackPointExtension>
            <ns3:hr>149</ns3:hr>
            <ns3:cad>84</ns3:cad>
          </ns3:TrackPointExtension>
        </extensions>
      </trkpt>
      <trkpt lat="37.51825866289436817169189453125" lon="127.081212066113948822021484375">
        <ele>21.6000003814697265625</ele>
        <time>2026-09-10T10:29:26.000Z</time>
        <extensions>
          <ns3:TrackPointExtension>
            <ns3:hr>150</ns3:hr>
            <ns3:cad>84</ns3:cad>
          </ns3:TrackPointExtension>
        </extensions>
      </trkpt>
      <trkpt lat="37.51826603896915912628173828125" lon="127.08116076886653900146484375">
        <ele>21.6000003814697265625</ele>
        <time>2026-09-10T10:29:27.000Z</time>
        <extensions>
          <ns3:TrackPointExtension>
            <ns3:hr>150</ns3:hr>
            <ns3:cad>84</ns3:cad>
          </ns3:TrackPointExtension>
        </extensions>
      </trkpt>
      <trkpt lat="37.518264614045619964599609375" lon="127.0811300911009311676025390625">
        <ele>21.6000003814697265625</ele>
        <time>2026-09-10T10:29:28.000Z</time>
        <extensions>
          <ns3:TrackPointExtension>
            <ns3:hr>149</ns3:hr>
            <ns3:cad>84</ns3:cad>
          </ns3:TrackPointExtension>
        </extensions>
      </trkpt>
      <trkpt lat="37.51826754771173000335693359375" lon="127.08107954822480678558349609375">
        <ele>21.6000003814697265625</ele>
        <time>2026-09-10T10:29:29.000Z</time>
        <extensions>
          <ns3:TrackPointExtension>
            <ns3:hr>150</ns3:hr>
            <ns3:cad>84</ns3:cad>
          </ns3:TrackPointExtension>
        </extensions>
      </trkpt>
      <trkpt lat="37.51827098429203033447265625" lon="127.08103738725185394287109375">
        <ele>21.6000003814697265625</ele>
        <time>2026-09-10T10:29:30.000Z</time>
        <extensions>
          <ns3:TrackPointExtension>
            <ns3:hr>150</ns3:hr>
            <ns3:cad>84</ns3:cad>
          </ns3:TrackPointExtension>
        </extensions>
      </trkpt>
      <trkpt lat="37.51826939173042774200439453125" lon="127.0810053683817386627197265625">
        <ele>21.6000003814697265625</ele>
        <time>2026-09-10T10:29:31.000Z</time>
        <extensions>
          <ns3:TrackPointExtension>
            <ns3:hr>149</ns3:hr>
            <ns3:cad>84</ns3:cad>
          </ns3:TrackPointExtension>
        </extensions>
      </trkpt>
      <trkpt lat="37.51827810890972614288330078125" lon="127.08095884881913661956787109375">
        <ele>21.3999996185302734375</ele>
        <time>2026-09-10T10:29:32.000Z</time>
        <extensions>
          <ns3:TrackPointExtension>
            <ns3:hr>149</ns3:hr>
            <ns3:cad>84</ns3:cad>
          </ns3:TrackPointExtension>
        </extensions>
      </trkpt>
      <trkpt lat="37.51827660016715526580810546875" lon="127.0809280872344970703125">
        <ele>21.3999996185302734375</ele>
        <time>2026-09-10T10:29:33.000Z</time>
        <extensions>
          <ns3:TrackPointExtension>
            <ns3:hr>149</ns3:hr>
            <ns3:cad>84</ns3:cad>
          </ns3:TrackPointExtension>
        </extensions>
      </trkpt>
      <trkpt lat="37.51827961765229701995849609375" lon="127.0808796398341655731201171875">
        <ele>21.3999996185302734375</ele>
        <time>2026-09-10T10:29:34.000Z</time>
        <extensions>
          <ns3:TrackPointExtension>
            <ns3:hr>149</ns3:hr>
            <ns3:cad>84</ns3:cad>
          </ns3:TrackPointExtension>
        </extensions>
      </trkpt>
      <trkpt lat="37.51827911473810672760009765625" lon="127.080841921269893646240234375">
        <ele>21.3999996185302734375</ele>
        <time>2026-09-10T10:29:35.000Z</time>
        <extensions>
          <ns3:TrackPointExtension>
            <ns3:hr>148</ns3:hr>
            <ns3:cad>84</ns3:cad>
          </ns3:TrackPointExtension>
        </extensions>
      </trkpt>
      <trkpt lat="37.51827442087233066558837890625" lon="127.08080696873366832733154296875">
        <ele>21.3999996185302734375</ele>
        <time>2026-09-10T10:29:36.000Z</time>
        <extensions>
          <ns3:TrackPointExtension>
            <ns3:hr>148</ns3:hr>
            <ns3:cad>84</ns3:cad>
          </ns3:TrackPointExtension>
        </extensions>
      </trkpt>
      <trkpt lat="37.51827626489102840423583984375" lon="127.0807599462568759918212890625">
        <ele>21.3999996185302734375</ele>
        <time>2026-09-10T10:29:37.000Z</time>
        <extensions>
          <ns3:TrackPointExtension>
            <ns3:hr>147</ns3:hr>
            <ns3:cad>84</ns3:cad>
          </ns3:TrackPointExtension>
        </extensions>
      </trkpt>
      <trkpt lat="37.51826964318752288818359375" lon="127.08073387853801250457763671875">
        <ele>21.3999996185302734375</ele>
        <time>2026-09-10T10:29:38.000Z</time>
        <extensions>
          <ns3:TrackPointExtension>
            <ns3:hr>147</ns3:hr>
            <ns3:cad>84</ns3:cad>
          </ns3:TrackPointExtension>
        </extensions>
      </trkpt>
      <trkpt lat="37.51826939173042774200439453125" lon="127.0806881971657276153564453125">
        <ele>21.200000762939453125</ele>
        <time>2026-09-10T10:29:39.000Z</time>
        <extensions>
          <ns3:TrackPointExtension>
            <ns3:hr>147</ns3:hr>
            <ns3:cad>84</ns3:cad>
          </ns3:TrackPointExtension>
        </extensions>
      </trkpt>
      <trkpt lat="37.518267296254634857177734375" lon="127.08064846694469451904296875">
        <ele>21.200000762939453125</ele>
        <time>2026-09-10T10:29:40.000Z</time>
        <extensions>
          <ns3:TrackPointExtension>
            <ns3:hr>146</ns3:hr>
            <ns3:cad>84</ns3:cad>
          </ns3:TrackPointExtension>
        </extensions>
      </trkpt>
      <trkpt lat="37.51826989464461803436279296875" lon="127.080609910190105438232421875">
        <ele>21.200000762939453125</ele>
        <time>2026-09-10T10:29:41.000Z</time>
        <extensions>
          <ns3:TrackPointExtension>
            <ns3:hr>146</ns3:hr>
            <ns3:cad>84</ns3:cad>
          </ns3:TrackPointExtension>
        </extensions>
      </trkpt>
      <trkpt lat="37.51827945001423358917236328125" lon="127.08056070841848850250244140625">
        <ele>21.200000762939453125</ele>
        <time>2026-09-10T10:29:42.000Z</time>
        <extensions>
          <ns3:TrackPointExtension>
            <ns3:hr>146</ns3:hr>
            <ns3:cad>84</ns3:cad>
          </ns3:TrackPointExtension>
        </extensions>
      </trkpt>
      <trkpt lat="37.51828498207032680511474609375" lon="127.080528773367404937744140625">
        <ele>21.200000762939453125</ele>
        <time>2026-09-10T10:29:43.000Z</time>
        <extensions>
          <ns3:TrackPointExtension>
            <ns3:hr>146</ns3:hr>
            <ns3:cad>84</ns3:cad>
          </ns3:TrackPointExtension>
        </extensions>
      </trkpt>
      <trkpt lat="37.51829319633543491363525390625" lon="127.080487869679927825927734375">
        <ele>21</ele>
        <time>2026-09-10T10:29:44.000Z</time>
        <extensions>
          <ns3:TrackPointExtension>
            <ns3:hr>146</ns3:hr>
            <ns3:cad>84</ns3:cad>
          </ns3:TrackPointExtension>
        </extensions>
      </trkpt>
      <trkpt lat="37.5183073617517948150634765625" lon="127.0804410986602306365966796875">
        <ele>21</ele>
        <time>2026-09-10T10:29:45.000Z</time>
        <extensions>
          <ns3:TrackPointExtension>
            <ns3:hr>146</ns3:hr>
            <ns3:cad>84</ns3:cad>
          </ns3:TrackPointExtension>
        </extensions>
      </trkpt>
      <trkpt lat="37.51830576919019222259521484375" lon="127.08040916360914707183837890625">
        <ele>21</ele>
        <time>2026-09-10T10:29:46.000Z</time>
        <extensions>
          <ns3:TrackPointExtension>
            <ns3:hr>146</ns3:hr>
            <ns3:cad>84</ns3:cad>
          </ns3:TrackPointExtension>
        </extensions>
      </trkpt>
      <trkpt lat="37.51831255853176116943359375" lon="127.08036415278911590576171875">
        <ele>21</ele>
        <time>2026-09-10T10:29:47.000Z</time>
        <extensions>
          <ns3:TrackPointExtension>
            <ns3:hr>146</ns3:hr>
            <ns3:cad>84</ns3:cad>
          </ns3:TrackPointExtension>
        </extensions>
      </trkpt>
      <trkpt lat="37.51831649802625179290771484375" lon="127.08033640868961811065673828125">
        <ele>21</ele>
        <time>2026-09-10T10:29:48.000Z</time>
        <extensions>
          <ns3:TrackPointExtension>
            <ns3:hr>145</ns3:hr>
            <ns3:cad>84</ns3:cad>
          </ns3:TrackPointExtension>
        </extensions>
      </trkpt>
      <trkpt lat="37.51832169480621814727783203125" lon="127.0802925713360309600830078125">
        <ele>21.200000762939453125</ele>
        <time>2026-09-10T10:29:49.000Z</time>
        <extensions>
          <ns3:TrackPointExtension>
            <ns3:hr>146</ns3:hr>
            <ns3:cad>84</ns3:cad>
          </ns3:TrackPointExtension>
        </extensions>
      </trkpt>
      <trkpt lat="37.51832655631005764007568359375" lon="127.0802550204098224639892578125">
        <ele>21.3999996185302734375</ele>
        <time>2026-09-10T10:29:50.000Z</time>
        <extensions>
          <ns3:TrackPointExtension>
            <ns3:hr>146</ns3:hr>
            <ns3:cad>84</ns3:cad>
          </ns3:TrackPointExtension>
        </extensions>
      </trkpt>
      <trkpt lat="37.51832739450037479400634765625" lon="127.08022224716842174530029296875">
        <ele>21.3999996185302734375</ele>
        <time>2026-09-10T10:29:51.000Z</time>
        <extensions>
          <ns3:TrackPointExtension>
            <ns3:hr>145</ns3:hr>
            <ns3:cad>84</ns3:cad>
          </ns3:TrackPointExtension>
        </extensions>
      </trkpt>
      <trkpt lat="37.518332004547119140625" lon="127.0801725424826145172119140625">
        <ele>21.3999996185302734375</ele>
        <time>2026-09-10T10:29:52.000Z</time>
        <extensions>
          <ns3:TrackPointExtension>
            <ns3:hr>146</ns3:hr>
            <ns3:cad>84</ns3:cad>
          </ns3:TrackPointExtension>
        </extensions>
      </trkpt>
      <trkpt lat="37.51833091489970684051513671875" lon="127.0801463909447193145751953125">
        <ele>21.200000762939453125</ele>
        <time>2026-09-10T10:29:53.000Z</time>
        <extensions>
          <ns3:TrackPointExtension>
            <ns3:hr>145</ns3:hr>
            <ns3:cad>84</ns3:cad>
          </ns3:TrackPointExtension>
        </extensions>
      </trkpt>
      <trkpt lat="37.51833627931773662567138671875" lon="127.08010422997176647186279296875">
        <ele>21.200000762939453125</ele>
        <time>2026-09-10T10:29:54.000Z</time>
        <extensions>
          <ns3:TrackPointExtension>
            <ns3:hr>145</ns3:hr>
            <ns3:cad>84</ns3:cad>
          </ns3:TrackPointExtension>
        </extensions>
      </trkpt>
      <trkpt lat="37.51834751106798648834228515625" lon="127.08006349392235279083251953125">
        <ele>21.200000762939453125</ele>
        <time>2026-09-10T10:29:55.000Z</time>
        <extensions>
          <ns3:TrackPointExtension>
            <ns3:hr>146</ns3:hr>
            <ns3:cad>84</ns3:cad>
          </ns3:TrackPointExtension>
        </extensions>
      </trkpt>
      <trkpt lat="37.51835010945796966552734375" lon="127.0800263620913028717041015625">
        <ele>21</ele>
        <time>2026-09-10T10:29:56.000Z</time>
        <extensions>
          <ns3:TrackPointExtension>
            <ns3:hr>146</ns3:hr>
            <ns3:cad>84</ns3:cad>
          </ns3:TrackPointExtension>
        </extensions>
      </trkpt>
      <trkpt lat="37.51835413277149200439453125" lon="127.07998151890933513641357421875">
        <ele>21</ele>
        <time>2026-09-10T10:29:57.000Z</time>
        <extensions>
          <ns3:TrackPointExtension>
            <ns3:hr>146</ns3:hr>
            <ns3:cad>84</ns3:cad>
          </ns3:TrackPointExtension>
        </extensions>
      </trkpt>
      <trkpt lat="37.51835413277149200439453125" lon="127.0799458958208560943603515625">
        <ele>21</ele>
        <time>2026-09-10T10:29:58.000Z</time>
        <extensions>
          <ns3:TrackPointExtension>
            <ns3:hr>146</ns3:hr>
            <ns3:cad>84</ns3:cad>
          </ns3:TrackPointExtension>
        </extensions>
      </trkpt>
      <trkpt lat="37.518358491361141204833984375" lon="127.079909853637218475341796875">
        <ele>21</ele>
        <time>2026-09-10T10:29:59.000Z</time>
        <extensions>
          <ns3:TrackPointExtension>
            <ns3:hr>146</ns3:hr>
            <ns3:cad>84</ns3:cad>
          </ns3:TrackPointExtension>
        </extensions>
      </trkpt>
      <trkpt lat="37.51836352050304412841796875" lon="127.07986794412136077880859375">
        <ele>21</ele>
        <time>2026-09-10T10:30:00.000Z</time>
        <extensions>
          <ns3:TrackPointExtension>
            <ns3:hr>146</ns3:hr>
            <ns3:cad>84</ns3:cad>
          </ns3:TrackPointExtension>
        </extensions>
      </trkpt>
      <trkpt lat="37.51836377196013927459716796875" lon="127.07983416505157947540283203125">
        <ele>21</ele>
        <time>2026-09-10T10:30:01.000Z</time>
        <extensions>
          <ns3:TrackPointExtension>
            <ns3:hr>146</ns3:hr>
            <ns3:cad>83</ns3:cad>
          </ns3:TrackPointExtension>
        </extensions>
      </trkpt>
      <trkpt lat="37.5183708965778350830078125" lon="127.07978035323321819305419921875">
        <ele>21</ele>
        <time>2026-09-10T10:30:02.000Z</time>
        <extensions>
          <ns3:TrackPointExtension>
            <ns3:hr>146</ns3:hr>
            <ns3:cad>83</ns3:cad>
          </ns3:TrackPointExtension>
        </extensions>
      </trkpt>
      <trkpt lat="37.51837047748267650604248046875" lon="127.07974900491535663604736328125">
        <ele>21</ele>
        <time>2026-09-10T10:30:03.000Z</time>
        <extensions>
          <ns3:TrackPointExtension>
            <ns3:hr>146</ns3:hr>
            <ns3:cad>83</ns3:cad>
          </ns3:TrackPointExtension>
        </extensions>
      </trkpt>
      <trkpt lat="37.5183770991861820220947265625" lon="127.07970592193305492401123046875">
        <ele>21</ele>
        <time>2026-09-10T10:30:04.000Z</time>
        <extensions>
          <ns3:TrackPointExtension>
            <ns3:hr>146</ns3:hr>
            <ns3:cad>84</ns3:cad>
          </ns3:TrackPointExtension>
        </extensions>
      </trkpt>
      <trkpt lat="37.51838422380387783050537109375" lon="127.07966141402721405029296875">
        <ele>21</ele>
        <time>2026-09-10T10:30:05.000Z</time>
        <extensions>
          <ns3:TrackPointExtension>
            <ns3:hr>145</ns3:hr>
            <ns3:cad>84</ns3:cad>
          </ns3:TrackPointExtension>
        </extensions>
      </trkpt>
      <trkpt lat="37.51838405616581439971923828125" lon="127.0796231925487518310546875">
        <ele>21</ele>
        <time>2026-09-10T10:30:06.000Z</time>
        <extensions>
          <ns3:TrackPointExtension>
            <ns3:hr>146</ns3:hr>
            <ns3:cad>84</ns3:cad>
          </ns3:TrackPointExtension>
        </extensions>
      </trkpt>
      <trkpt lat="37.51839361153542995452880859375" lon="127.07957382313907146453857421875">
        <ele>21</ele>
        <time>2026-09-10T10:30:07.000Z</time>
        <extensions>
          <ns3:TrackPointExtension>
            <ns3:hr>146</ns3:hr>
            <ns3:cad>84</ns3:cad>
          </ns3:TrackPointExtension>
        </extensions>
      </trkpt>
      <trkpt lat="37.5183925218880176544189453125" lon="127.07954515703022480010986328125">
        <ele>21</ele>
        <time>2026-09-10T10:30:08.000Z</time>
        <extensions>
          <ns3:TrackPointExtension>
            <ns3:hr>146</ns3:hr>
            <ns3:cad>84</ns3:cad>
          </ns3:TrackPointExtension>
        </extensions>
      </trkpt>
      <trkpt lat="37.51839797012507915496826171875" lon="127.07950240932404994964599609375">
        <ele>20.799999237060546875</ele>
        <time>2026-09-10T10:30:09.000Z</time>
        <extensions>
          <ns3:TrackPointExtension>
            <ns3:hr>146</ns3:hr>
            <ns3:cad>84</ns3:cad>
          </ns3:TrackPointExtension>
        </extensions>
      </trkpt>
      <trkpt lat="37.518400736153125762939453125" lon="127.07946561276912689208984375">
        <ele>20.799999237060546875</ele>
        <time>2026-09-10T10:30:10.000Z</time>
        <extensions>
          <ns3:TrackPointExtension>
            <ns3:hr>146</ns3:hr>
            <ns3:cad>84</ns3:cad>
          </ns3:TrackPointExtension>
        </extensions>
      </trkpt>
      <trkpt lat="37.518400065600872039794921875" lon="127.0794309116899967193603515625">
        <ele>20.799999237060546875</ele>
        <time>2026-09-10T10:30:11.000Z</time>
        <extensions>
          <ns3:TrackPointExtension>
            <ns3:hr>146</ns3:hr>
            <ns3:cad>84</ns3:cad>
          </ns3:TrackPointExtension>
        </extensions>
      </trkpt>
      <trkpt lat="37.51840987242758274078369140625" lon="127.07938271574676036834716796875">
        <ele>20.799999237060546875</ele>
        <time>2026-09-10T10:30:12.000Z</time>
        <extensions>
          <ns3:TrackPointExtension>
            <ns3:hr>146</ns3:hr>
            <ns3:cad>84</ns3:cad>
          </ns3:TrackPointExtension>
        </extensions>
      </trkpt>
      <trkpt lat="37.518407441675662994384765625" lon="127.07935270853340625762939453125">
        <ele>20.799999237060546875</ele>
        <time>2026-09-10T10:30:13.000Z</time>
        <extensions>
          <ns3:TrackPointExtension>
            <ns3:hr>146</ns3:hr>
            <ns3:cad>84</ns3:cad>
          </ns3:TrackPointExtension>
        </extensions>
      </trkpt>
      <trkpt lat="37.51840953715145587921142578125" lon="127.07931331358850002288818359375">
        <ele>20.6000003814697265625</ele>
        <time>2026-09-10T10:30:14.000Z</time>
        <extensions>
          <ns3:TrackPointExtension>
            <ns3:hr>146</ns3:hr>
            <ns3:cad>84</ns3:cad>
          </ns3:TrackPointExtension>
        </extensions>
      </trkpt>
      <trkpt lat="37.518413476645946502685546875" lon="127.07926989533007144927978515625">
        <ele>20.6000003814697265625</ele>
        <time>2026-09-10T10:30:15.000Z</time>
        <extensions>
          <ns3:TrackPointExtension>
            <ns3:hr>146</ns3:hr>
            <ns3:cad>84</ns3:cad>
          </ns3:TrackPointExtension>
        </extensions>
      </trkpt>
      <trkpt lat="37.51841557212173938751220703125" lon="127.07922748290002346038818359375">
        <ele>20.6000003814697265625</ele>
        <time>2026-09-10T10:30:16.000Z</time>
        <extensions>
          <ns3:TrackPointExtension>
            <ns3:hr>146</ns3:hr>
            <ns3:cad>84</ns3:cad>
          </ns3:TrackPointExtension>
        </extensions>
      </trkpt>
      <trkpt lat="37.51842923462390899658203125" lon="127.0791814662516117095947265625">
        <ele>20.6000003814697265625</ele>
        <time>2026-09-10T10:30:17.000Z</time>
        <extensions>
          <ns3:TrackPointExtension>
            <ns3:hr>146</ns3:hr>
            <ns3:cad>85</ns3:cad>
          </ns3:TrackPointExtension>
        </extensions>
      </trkpt>
      <trkpt lat="37.51843485049903392791748046875" lon="127.07915045320987701416015625">
        <ele>20.6000003814697265625</ele>
        <time>2026-09-10T10:30:18.000Z</time>
        <extensions>
          <ns3:TrackPointExtension>
            <ns3:hr>146</ns3:hr>
            <ns3:cad>85</ns3:cad>
          </ns3:TrackPointExtension>
        </extensions>
      </trkpt>
      <trkpt lat="37.5184428133070468902587890625" lon="127.07910141907632350921630859375">
        <ele>20.799999237060546875</ele>
        <time>2026-09-10T10:30:19.000Z</time>
        <extensions>
          <ns3:TrackPointExtension>
            <ns3:hr>146</ns3:hr>
            <ns3:cad>85</ns3:cad>
          </ns3:TrackPointExtension>
        </extensions>
      </trkpt>
      <trkpt lat="37.5184451602399349212646484375" lon="127.07906587980687618255615234375">
        <ele>21</ele>
        <time>2026-09-10T10:30:20.000Z</time>
        <extensions>
          <ns3:TrackPointExtension>
            <ns3:hr>146</ns3:hr>
            <ns3:cad>85</ns3:cad>
          </ns3:TrackPointExtension>
        </extensions>
      </trkpt>
      <trkpt lat="37.5184495188295841217041015625" lon="127.07902707159519195556640625">
        <ele>20.799999237060546875</ele>
        <time>2026-09-10T10:30:21.000Z</time>
        <extensions>
          <ns3:TrackPointExtension>
            <ns3:hr>146</ns3:hr>
            <ns3:cad>85</ns3:cad>
          </ns3:TrackPointExtension>
        </extensions>
      </trkpt>
      <trkpt lat="37.51845949329435825347900390625" lon="127.078986503183841705322265625">
        <ele>20.799999237060546875</ele>
        <time>2026-09-10T10:30:22.000Z</time>
        <extensions>
          <ns3:TrackPointExtension>
            <ns3:hr>146</ns3:hr>
            <ns3:cad>85</ns3:cad>
          </ns3:TrackPointExtension>
        </extensions>
      </trkpt>
      <trkpt lat="37.5184629298746585845947265625" lon="127.0789561606943607330322265625">
        <ele>20.799999237060546875</ele>
        <time>2026-09-10T10:30:23.000Z</time>
        <extensions>
          <ns3:TrackPointExtension>
            <ns3:hr>146</ns3:hr>
            <ns3:cad>85</ns3:cad>
          </ns3:TrackPointExtension>
        </extensions>
      </trkpt>
      <trkpt lat="37.51847407780587673187255859375" lon="127.07890578545629978179931640625">
        <ele>20.6000003814697265625</ele>
        <time>2026-09-10T10:30:24.000Z</time>
        <extensions>
          <ns3:TrackPointExtension>
            <ns3:hr>146</ns3:hr>
            <ns3:cad>85</ns3:cad>
          </ns3:TrackPointExtension>
        </extensions>
      </trkpt>
      <trkpt lat="37.5184756703674793243408203125" lon="127.0788639597594738006591796875">
        <ele>20.6000003814697265625</ele>
        <time>2026-09-10T10:30:25.000Z</time>
        <extensions>
          <ns3:TrackPointExtension>
            <ns3:hr>146</ns3:hr>
            <ns3:cad>85</ns3:cad>
          </ns3:TrackPointExtension>
        </extensions>
      </trkpt>
      <trkpt lat="37.51848153769969940185546875" lon="127.078822553157806396484375">
        <ele>20.3999996185302734375</ele>
        <time>2026-09-10T10:30:26.000Z</time>
        <extensions>
          <ns3:TrackPointExtension>
            <ns3:hr>146</ns3:hr>
            <ns3:cad>84</ns3:cad>
          </ns3:TrackPointExtension>
        </extensions>
      </trkpt>
      <trkpt lat="37.518486566841602325439453125" lon="127.07877854816615581512451171875">
        <ele>20.3999996185302734375</ele>
        <time>2026-09-10T10:30:27.000Z</time>
        <extensions>
          <ns3:TrackPointExtension>
            <ns3:hr>146</ns3:hr>
            <ns3:cad>84</ns3:cad>
          </ns3:TrackPointExtension>
        </extensions>
      </trkpt>
      <trkpt lat="37.5184863992035388946533203125" lon="127.07874518819153308868408203125">
        <ele>20.3999996185302734375</ele>
        <time>2026-09-10T10:30:28.000Z</time>
        <extensions>
          <ns3:TrackPointExtension>
            <ns3:hr>146</ns3:hr>
            <ns3:cad>84</ns3:cad>
          </ns3:TrackPointExtension>
        </extensions>
      </trkpt>
      <trkpt lat="37.51849486492574214935302734375" lon="127.07869824953377246856689453125">
        <ele>20.200000762939453125</ele>
        <time>2026-09-10T10:30:29.000Z</time>
        <extensions>
          <ns3:TrackPointExtension>
            <ns3:hr>146</ns3:hr>
            <ns3:cad>84</ns3:cad>
          </ns3:TrackPointExtension>
        </extensions>
      </trkpt>
      <trkpt lat="37.518494613468647003173828125" lon="127.0786725170910358428955078125">
        <ele>20.3999996185302734375</ele>
        <time>2026-09-10T10:30:30.000Z</time>
        <extensions>
          <ns3:TrackPointExtension>
            <ns3:hr>146</ns3:hr>
            <ns3:cad>84</ns3:cad>
          </ns3:TrackPointExtension>
        </extensions>
      </trkpt>
      <trkpt lat="37.518499307334423065185546875" lon="127.07863203249871730804443359375">
        <ele>20.3999996185302734375</ele>
        <time>2026-09-10T10:30:31.000Z</time>
        <extensions>
          <ns3:TrackPointExtension>
            <ns3:hr>146</ns3:hr>
            <ns3:cad>84</ns3:cad>
          </ns3:TrackPointExtension>
        </extensions>
      </trkpt>
      <trkpt lat="37.5185071863234043121337890625" lon="127.078591883182525634765625">
        <ele>20.3999996185302734375</ele>
        <time>2026-09-10T10:30:32.000Z</time>
        <extensions>
          <ns3:TrackPointExtension>
            <ns3:hr>146</ns3:hr>
            <ns3:cad>84</ns3:cad>
          </ns3:TrackPointExtension>
        </extensions>
      </trkpt>
      <trkpt lat="37.5185065157711505889892578125" lon="127.07855190150439739227294921875">
        <ele>20.3999996185302734375</ele>
        <time>2026-09-10T10:30:33.000Z</time>
        <extensions>
          <ns3:TrackPointExtension>
            <ns3:hr>146</ns3:hr>
            <ns3:cad>84</ns3:cad>
          </ns3:TrackPointExtension>
        </extensions>
      </trkpt>
      <trkpt lat="37.51851431094110012054443359375" lon="127.0785018615424633026123046875">
        <ele>20.3999996185302734375</ele>
        <time>2026-09-10T10:30:34.000Z</time>
        <extensions>
          <ns3:TrackPointExtension>
            <ns3:hr>146</ns3:hr>
            <ns3:cad>84</ns3:cad>
          </ns3:TrackPointExtension>
        </extensions>
      </trkpt>
      <trkpt lat="37.518518082797527313232421875" lon="127.078470177948474884033203125">
        <ele>20.3999996185302734375</ele>
        <time>2026-09-10T10:30:35.000Z</time>
        <extensions>
          <ns3:TrackPointExtension>
            <ns3:hr>146</ns3:hr>
            <ns3:cad>84</ns3:cad>
          </ns3:TrackPointExtension>
        </extensions>
      </trkpt>
      <trkpt lat="37.51852269284427165985107421875" lon="127.078426592051982879638671875">
        <ele>20.200000762939453125</ele>
        <time>2026-09-10T10:30:36.000Z</time>
        <extensions>
          <ns3:TrackPointExtension>
            <ns3:hr>146</ns3:hr>
            <ns3:cad>84</ns3:cad>
          </ns3:TrackPointExtension>
        </extensions>
      </trkpt>
      <trkpt lat="37.51852956600487232208251953125" lon="127.078389711678028106689453125">
        <ele>20.200000762939453125</ele>
        <time>2026-09-10T10:30:37.000Z</time>
        <extensions>
          <ns3:TrackPointExtension>
            <ns3:hr>147</ns3:hr>
            <ns3:cad>84</ns3:cad>
          </ns3:TrackPointExtension>
        </extensions>
      </trkpt>
      <trkpt lat="37.51853610388934612274169921875" lon="127.078355513513088226318359375">
        <ele>20.200000762939453125</ele>
        <time>2026-09-10T10:30:38.000Z</time>
        <extensions>
          <ns3:TrackPointExtension>
            <ns3:hr>146</ns3:hr>
            <ns3:cad>84</ns3:cad>
          </ns3:TrackPointExtension>
        </extensions>
      </trkpt>
      <trkpt lat="37.51854649744927883148193359375" lon="127.0783107541501522064208984375">
        <ele>20.3999996185302734375</ele>
        <time>2026-09-10T10:30:39.000Z</time>
        <extensions>
          <ns3:TrackPointExtension>
            <ns3:hr>146</ns3:hr>
            <ns3:cad>84</ns3:cad>
          </ns3:TrackPointExtension>
        </extensions>
      </trkpt>
      <trkpt lat="37.51854616217315196990966796875" lon="127.0782752148807048797607421875">
        <ele>20.200000762939453125</ele>
        <time>2026-09-10T10:30:40.000Z</time>
        <extensions>
          <ns3:TrackPointExtension>
            <ns3:hr>147</ns3:hr>
            <ns3:cad>84</ns3:cad>
          </ns3:TrackPointExtension>
        </extensions>
      </trkpt>
      <trkpt lat="37.51855655573308467864990234375" lon="127.0782242529094219207763671875">
        <ele>20.200000762939453125</ele>
        <time>2026-09-10T10:30:41.000Z</time>
        <extensions>
          <ns3:TrackPointExtension>
            <ns3:hr>146</ns3:hr>
            <ns3:cad>84</ns3:cad>
          </ns3:TrackPointExtension>
        </extensions>
      </trkpt>
      <trkpt lat="37.51855806447565555572509765625" lon="127.0781930722296237945556640625">
        <ele>20</ele>
        <time>2026-09-10T10:30:42.000Z</time>
        <extensions>
          <ns3:TrackPointExtension>
            <ns3:hr>147</ns3:hr>
            <ns3:cad>85</ns3:cad>
          </ns3:TrackPointExtension>
        </extensions>
      </trkpt>
      <trkpt lat="37.51856493763625621795654296875" lon="127.07815040834248065948486328125">
        <ele>20</ele>
        <time>2026-09-10T10:30:43.000Z</time>
        <extensions>
          <ns3:TrackPointExtension>
            <ns3:hr>147</ns3:hr>
            <ns3:cad>85</ns3:cad>
          </ns3:TrackPointExtension>
        </extensions>
      </trkpt>
      <trkpt lat="37.5185772590339183807373046875" lon="127.07810975611209869384765625">
        <ele>20</ele>
        <time>2026-09-10T10:30:44.000Z</time>
        <extensions>
          <ns3:TrackPointExtension>
            <ns3:hr>147</ns3:hr>
            <ns3:cad>85</ns3:cad>
          </ns3:TrackPointExtension>
        </extensions>
      </trkpt>
      <trkpt lat="37.51857943832874298095703125" lon="127.078078575432300567626953125">
        <ele>20.200000762939453125</ele>
        <time>2026-09-10T10:30:45.000Z</time>
        <extensions>
          <ns3:TrackPointExtension>
            <ns3:hr>146</ns3:hr>
            <ns3:cad>85</ns3:cad>
          </ns3:TrackPointExtension>
        </extensions>
      </trkpt>
      <trkpt lat="37.51858941279351711273193359375" lon="127.07803322933614253997802734375">
        <ele>20.200000762939453125</ele>
        <time>2026-09-10T10:30:46.000Z</time>
        <extensions>
          <ns3:TrackPointExtension>
            <ns3:hr>147</ns3:hr>
            <ns3:cad>85</ns3:cad>
          </ns3:TrackPointExtension>
        </extensions>
      </trkpt>
      <trkpt lat="37.518593184649944305419921875" lon="127.0780004560947418212890625">
        <ele>20</ele>
        <time>2026-09-10T10:30:47.000Z</time>
        <extensions>
          <ns3:TrackPointExtension>
            <ns3:hr>147</ns3:hr>
            <ns3:cad>85</ns3:cad>
          </ns3:TrackPointExtension>
        </extensions>
      </trkpt>
      <trkpt lat="37.518598549067974090576171875" lon="127.0779597200453281402587890625">
        <ele>20</ele>
        <time>2026-09-10T10:30:48.000Z</time>
        <extensions>
          <ns3:TrackPointExtension>
            <ns3:hr>146</ns3:hr>
            <ns3:cad>85</ns3:cad>
          </ns3:TrackPointExtension>
        </extensions>
      </trkpt>
      <trkpt lat="37.51860483549535274505615234375" lon="127.0779164694249629974365234375">
        <ele>20</ele>
        <time>2026-09-10T10:30:49.000Z</time>
        <extensions>
          <ns3:TrackPointExtension>
            <ns3:hr>146</ns3:hr>
            <ns3:cad>85</ns3:cad>
          </ns3:TrackPointExtension>
        </extensions>
      </trkpt>
      <trkpt lat="37.5186114571988582611083984375" lon="127.077878415584564208984375">
        <ele>20</ele>
        <time>2026-09-10T10:30:50.000Z</time>
        <extensions>
          <ns3:TrackPointExtension>
            <ns3:hr>146</ns3:hr>
            <ns3:cad>85</ns3:cad>
          </ns3:TrackPointExtension>
        </extensions>
      </trkpt>
      <trkpt lat="37.51862545497715473175048828125" lon="127.07783424295485019683837890625">
        <ele>20</ele>
        <time>2026-09-10T10:30:51.000Z</time>
        <extensions>
          <ns3:TrackPointExtension>
            <ns3:hr>147</ns3:hr>
            <ns3:cad>84</ns3:cad>
          </ns3:TrackPointExtension>
        </extensions>
      </trkpt>
      <trkpt lat="37.518630735576152801513671875" lon="127.0778046548366546630859375">
        <ele>20.200000762939453125</ele>
        <time>2026-09-10T10:30:52.000Z</time>
        <extensions>
          <ns3:TrackPointExtension>
            <ns3:hr>146</ns3:hr>
            <ns3:cad>84</ns3:cad>
          </ns3:TrackPointExtension>
        </extensions>
      </trkpt>
      <trkpt lat="37.51864247024059295654296875" lon="127.07776014693081378936767578125">
        <ele>20.200000762939453125</ele>
        <time>2026-09-10T10:30:53.000Z</time>
        <extensions>
          <ns3:TrackPointExtension>
            <ns3:hr>146</ns3:hr>
            <ns3:cad>84</ns3:cad>
          </ns3:TrackPointExtension>
        </extensions>
      </trkpt>
      <trkpt lat="37.5186525285243988037109375" lon="127.07771890796720981597900390625">
        <ele>20.200000762939453125</ele>
        <time>2026-09-10T10:30:54.000Z</time>
        <extensions>
          <ns3:TrackPointExtension>
            <ns3:hr>147</ns3:hr>
            <ns3:cad>84</ns3:cad>
          </ns3:TrackPointExtension>
        </extensions>
      </trkpt>
      <trkpt lat="37.51865998841822147369384765625" lon="127.07768194377422332763671875">
        <ele>20</ele>
        <time>2026-09-10T10:30:55.000Z</time>
        <extensions>
          <ns3:TrackPointExtension>
            <ns3:hr>146</ns3:hr>
            <ns3:cad>84</ns3:cad>
          </ns3:TrackPointExtension>
        </extensions>
      </trkpt>
      <trkpt lat="37.518661580979824066162109375" lon="127.0776368491351604461669921875">
        <ele>19.799999237060546875</ele>
        <time>2026-09-10T10:30:56.000Z</time>
        <extensions>
          <ns3:TrackPointExtension>
            <ns3:hr>146</ns3:hr>
            <ns3:cad>84</ns3:cad>
          </ns3:TrackPointExtension>
        </extensions>
      </trkpt>
      <trkpt lat="37.5186617486178874969482421875" lon="127.07760340534150600433349609375">
        <ele>19.6000003814697265625</ele>
        <time>2026-09-10T10:30:57.000Z</time>
        <extensions>
          <ns3:TrackPointExtension>
            <ns3:hr>147</ns3:hr>
            <ns3:cad>84</ns3:cad>
          </ns3:TrackPointExtension>
        </extensions>
      </trkpt>
      <trkpt lat="37.51867054961621761322021484375" lon="127.07755596376955509185791015625">
        <ele>19.799999237060546875</ele>
        <time>2026-09-10T10:30:58.000Z</time>
        <extensions>
          <ns3:TrackPointExtension>
            <ns3:hr>146</ns3:hr>
            <ns3:cad>84</ns3:cad>
          </ns3:TrackPointExtension>
        </extensions>
      </trkpt>
      <trkpt lat="37.51867759041488170623779296875" lon="127.077520675957202911376953125">
        <ele>19.799999237060546875</ele>
        <time>2026-09-10T10:30:59.000Z</time>
        <extensions>
          <ns3:TrackPointExtension>
            <ns3:hr>146</ns3:hr>
            <ns3:cad>85</ns3:cad>
          </ns3:TrackPointExtension>
        </extensions>
      </trkpt>
      <trkpt lat="37.5186832062900066375732421875" lon="127.07748371176421642303466796875">
        <ele>20</ele>
        <time>2026-09-10T10:31:00.000Z</time>
        <extensions>
          <ns3:TrackPointExtension>
            <ns3:hr>146</ns3:hr>
            <ns3:cad>84</ns3:cad>
          </ns3:TrackPointExtension>
        </extensions>
      </trkpt>
      <trkpt lat="37.5186952762305736541748046875" lon="127.0774417184293270111083984375">
        <ele>20</ele>
        <time>2026-09-10T10:31:01.000Z</time>
        <extensions>
          <ns3:TrackPointExtension>
            <ns3:hr>147</ns3:hr>
            <ns3:cad>84</ns3:cad>
          </ns3:TrackPointExtension>
        </extensions>
      </trkpt>
      <trkpt lat="37.51869753934442996978759765625" lon="127.07741414196789264678955078125">
        <ele>20.200000762939453125</ele>
        <time>2026-09-10T10:31:02.000Z</time>
        <extensions>
          <ns3:TrackPointExtension>
            <ns3:hr>146</ns3:hr>
            <ns3:cad>84</ns3:cad>
          </ns3:TrackPointExtension>
        </extensions>
      </trkpt>
      <trkpt lat="37.51870692707598209381103515625" lon="127.0773592405021190643310546875">
        <ele>20.200000762939453125</ele>
        <time>2026-09-10T10:31:03.000Z</time>
        <extensions>
          <ns3:TrackPointExtension>
            <ns3:hr>146</ns3:hr>
            <ns3:cad>84</ns3:cad>
          </ns3:TrackPointExtension>
        </extensions>
      </trkpt>
      <trkpt lat="37.5187090225517749786376953125" lon="127.0773245394229888916015625">
        <ele>20</ele>
        <time>2026-09-10T10:31:04.000Z</time>
        <extensions>
          <ns3:TrackPointExtension>
            <ns3:hr>146</ns3:hr>
            <ns3:cad>84</ns3:cad>
          </ns3:TrackPointExtension>
        </extensions>
      </trkpt>
      <trkpt lat="37.51871966756880283355712890625" lon="127.0772804506123065948486328125">
        <ele>19.799999237060546875</ele>
        <time>2026-09-10T10:31:05.000Z</time>
        <extensions>
          <ns3:TrackPointExtension>
            <ns3:hr>147</ns3:hr>
            <ns3:cad>85</ns3:cad>
          </ns3:TrackPointExtension>
        </extensions>
      </trkpt>
      <trkpt lat="37.5187261216342449188232421875" lon="127.07723627798259258270263671875">
        <ele>19.799999237060546875</ele>
        <time>2026-09-10T10:31:06.000Z</time>
        <extensions>
          <ns3:TrackPointExtension>
            <ns3:hr>147</ns3:hr>
            <ns3:cad>85</ns3:cad>
          </ns3:TrackPointExtension>
        </extensions>
      </trkpt>
      <trkpt lat="37.51872905530035495758056640625" lon="127.0772009901702404022216796875">
        <ele>19.799999237060546875</ele>
        <time>2026-09-10T10:31:07.000Z</time>
        <extensions>
          <ns3:TrackPointExtension>
            <ns3:hr>147</ns3:hr>
            <ns3:cad>85</ns3:cad>
          </ns3:TrackPointExtension>
        </extensions>
      </trkpt>
      <trkpt lat="37.51873902976512908935546875" lon="127.0771486870944499969482421875">
        <ele>19.799999237060546875</ele>
        <time>2026-09-10T10:31:08.000Z</time>
        <extensions>
          <ns3:TrackPointExtension>
            <ns3:hr>147</ns3:hr>
            <ns3:cad>85</ns3:cad>
          </ns3:TrackPointExtension>
        </extensions>
      </trkpt>
      <trkpt lat="37.51874296925961971282958984375" lon="127.077117674052715301513671875">
        <ele>19.799999237060546875</ele>
        <time>2026-09-10T10:31:09.000Z</time>
        <extensions>
          <ns3:TrackPointExtension>
            <ns3:hr>147</ns3:hr>
            <ns3:cad>85</ns3:cad>
          </ns3:TrackPointExtension>
        </extensions>
      </trkpt>
      <trkpt lat="37.5187479145824909210205078125" lon="127.07707107067108154296875">
        <ele>19.799999237060546875</ele>
        <time>2026-09-10T10:31:10.000Z</time>
        <extensions>
          <ns3:TrackPointExtension>
            <ns3:hr>146</ns3:hr>
            <ns3:cad>84</ns3:cad>
          </ns3:TrackPointExtension>
        </extensions>
      </trkpt>
      <trkpt lat="37.5187552906572818756103515625" lon="127.077033519744873046875">
        <ele>19.6000003814697265625</ele>
        <time>2026-09-10T10:31:11.000Z</time>
        <extensions>
          <ns3:TrackPointExtension>
            <ns3:hr>147</ns3:hr>
            <ns3:cad>84</ns3:cad>
          </ns3:TrackPointExtension>
        </extensions>
      </trkpt>
      <trkpt lat="37.5187624990940093994140625" lon="127.07699420861899852752685546875">
        <ele>19.6000003814697265625</ele>
        <time>2026-09-10T10:31:12.000Z</time>
        <extensions>
          <ns3:TrackPointExtension>
            <ns3:hr>147</ns3:hr>
            <ns3:cad>84</ns3:cad>
          </ns3:TrackPointExtension>
        </extensions>
      </trkpt>
      <trkpt lat="37.518774569034576416015625" lon="127.0769538916647434234619140625">
        <ele>19.6000003814697265625</ele>
        <time>2026-09-10T10:31:13.000Z</time>
        <extensions>
          <ns3:TrackPointExtension>
            <ns3:hr>147</ns3:hr>
            <ns3:cad>84</ns3:cad>
          </ns3:TrackPointExtension>
        </extensions>
      </trkpt>
      <trkpt lat="37.5187754072248935699462890625" lon="127.07692128606140613555908203125">
        <ele>19.6000003814697265625</ele>
        <time>2026-09-10T10:31:14.000Z</time>
        <extensions>
          <ns3:TrackPointExtension>
            <ns3:hr>147</ns3:hr>
            <ns3:cad>85</ns3:cad>
          </ns3:TrackPointExtension>
        </extensions>
      </trkpt>
      <trkpt lat="37.5187812745571136474609375" lon="127.07687593996524810791015625">
        <ele>19.6000003814697265625</ele>
        <time>2026-09-10T10:31:15.000Z</time>
        <extensions>
          <ns3:TrackPointExtension>
            <ns3:hr>147</ns3:hr>
            <ns3:cad>85</ns3:cad>
          </ns3:TrackPointExtension>
        </extensions>
      </trkpt>
      <trkpt lat="37.51878554932773113250732421875" lon="127.07683646120131015777587890625">
        <ele>19.6000003814697265625</ele>
        <time>2026-09-10T10:31:16.000Z</time>
        <extensions>
          <ns3:TrackPointExtension>
            <ns3:hr>147</ns3:hr>
            <ns3:cad>85</ns3:cad>
          </ns3:TrackPointExtension>
        </extensions>
      </trkpt>
      <trkpt lat="37.51879292540252208709716796875" lon="127.0768015086650848388671875">
        <ele>19.6000003814697265625</ele>
        <time>2026-09-10T10:31:17.000Z</time>
        <extensions>
          <ns3:TrackPointExtension>
            <ns3:hr>147</ns3:hr>
            <ns3:cad>85</ns3:cad>
          </ns3:TrackPointExtension>
        </extensions>
      </trkpt>
      <trkpt lat="37.51880650408565998077392578125" lon="127.07675767131149768829345703125">
        <ele>19.3999996185302734375</ele>
        <time>2026-09-10T10:31:18.000Z</time>
        <extensions>
          <ns3:TrackPointExtension>
            <ns3:hr>147</ns3:hr>
            <ns3:cad>84</ns3:cad>
          </ns3:TrackPointExtension>
        </extensions>
      </trkpt>
      <trkpt lat="37.51880918629467487335205078125" lon="127.0767259038984775543212890625">
        <ele>19.3999996185302734375</ele>
        <time>2026-09-10T10:31:19.000Z</time>
        <extensions>
          <ns3:TrackPointExtension>
            <ns3:hr>147</ns3:hr>
            <ns3:cad>84</ns3:cad>
          </ns3:TrackPointExtension>
        </extensions>
      </trkpt>
      <trkpt lat="37.5188146345317363739013671875" lon="127.07667133770883083343505859375">
        <ele>19.3999996185302734375</ele>
        <time>2026-09-10T10:31:20.000Z</time>
        <extensions>
          <ns3:TrackPointExtension>
            <ns3:hr>147</ns3:hr>
            <ns3:cad>84</ns3:cad>
          </ns3:TrackPointExtension>
        </extensions>
      </trkpt>
      <trkpt lat="37.51882092095911502838134765625" lon="127.07663797773420810699462890625">
        <ele>19.3999996185302734375</ele>
        <time>2026-09-10T10:31:21.000Z</time>
        <extensions>
          <ns3:TrackPointExtension>
            <ns3:hr>147</ns3:hr>
            <ns3:cad>84</ns3:cad>
          </ns3:TrackPointExtension>
        </extensions>
      </trkpt>
      <trkpt lat="37.51881639473140239715576171875" lon="127.07659288309514522552490234375">
        <ele>19.6000003814697265625</ele>
        <time>2026-09-10T10:31:22.000Z</time>
        <extensions>
          <ns3:TrackPointExtension>
            <ns3:hr>147</ns3:hr>
            <ns3:cad>84</ns3:cad>
          </ns3:TrackPointExtension>
        </extensions>
      </trkpt>
      <trkpt lat="37.518821842968463897705078125" lon="127.07654426805675029754638671875">
        <ele>19.6000003814697265625</ele>
        <time>2026-09-10T10:31:23.000Z</time>
        <extensions>
          <ns3:TrackPointExtension>
            <ns3:hr>147</ns3:hr>
            <ns3:cad>84</ns3:cad>
          </ns3:TrackPointExtension>
        </extensions>
      </trkpt>
      <trkpt lat="37.518829219043254852294921875" lon="127.07651040516793727874755859375">
        <ele>19.6000003814697265625</ele>
        <time>2026-09-10T10:31:24.000Z</time>
        <extensions>
          <ns3:TrackPointExtension>
            <ns3:hr>147</ns3:hr>
            <ns3:cad>84</ns3:cad>
          </ns3:TrackPointExtension>
        </extensions>
      </trkpt>
      <trkpt lat="37.51884522847831249237060546875" lon="127.07646296359598636627197265625">
        <ele>19.6000003814697265625</ele>
        <time>2026-09-10T10:31:25.000Z</time>
        <extensions>
          <ns3:TrackPointExtension>
            <ns3:hr>147</ns3:hr>
            <ns3:cad>84</ns3:cad>
          </ns3:TrackPointExtension>
        </extensions>
      </trkpt>
      <trkpt lat="37.518850006163120269775390625" lon="127.0764365606009960174560546875">
        <ele>19.6000003814697265625</ele>
        <time>2026-09-10T10:31:26.000Z</time>
        <extensions>
          <ns3:TrackPointExtension>
            <ns3:hr>148</ns3:hr>
            <ns3:cad>84</ns3:cad>
          </ns3:TrackPointExtension>
        </extensions>
      </trkpt>
      <trkpt lat="37.51886333338916301727294921875" lon="127.07639507018029689788818359375">
        <ele>19.6000003814697265625</ele>
        <time>2026-09-10T10:31:27.000Z</time>
        <extensions>
          <ns3:TrackPointExtension>
            <ns3:hr>147</ns3:hr>
            <ns3:cad>85</ns3:cad>
          </ns3:TrackPointExtension>
        </extensions>
      </trkpt>
      <trkpt lat="37.518871463835239410400390625" lon="127.0763524062931537628173828125">
        <ele>19.3999996185302734375</ele>
        <time>2026-09-10T10:31:28.000Z</time>
        <extensions>
          <ns3:TrackPointExtension>
            <ns3:hr>147</ns3:hr>
            <ns3:cad>85</ns3:cad>
          </ns3:TrackPointExtension>
        </extensions>
      </trkpt>
      <trkpt lat="37.51887707971036434173583984375" lon="127.076314352452754974365234375">
        <ele>19.3999996185302734375</ele>
        <time>2026-09-10T10:31:29.000Z</time>
        <extensions>
          <ns3:TrackPointExtension>
            <ns3:hr>148</ns3:hr>
            <ns3:cad>85</ns3:cad>
          </ns3:TrackPointExtension>
        </extensions>
      </trkpt>
      <trkpt lat="37.51889300532639026641845703125" lon="127.07626732997596263885498046875">
        <ele>19.6000003814697265625</ele>
        <time>2026-09-10T10:31:30.000Z</time>
        <extensions>
          <ns3:TrackPointExtension>
            <ns3:hr>147</ns3:hr>
            <ns3:cad>84</ns3:cad>
          </ns3:TrackPointExtension>
        </extensions>
      </trkpt>
      <trkpt lat="37.51889870502054691314697265625" lon="127.07623698748648166656494140625">
        <ele>19.6000003814697265625</ele>
        <time>2026-09-10T10:31:31.000Z</time>
        <extensions>
          <ns3:TrackPointExtension>
            <ns3:hr>148</ns3:hr>
            <ns3:cad>84</ns3:cad>
          </ns3:TrackPointExtension>
        </extensions>
      </trkpt>
      <trkpt lat="37.51890758983790874481201171875" lon="127.0761874504387378692626953125">
        <ele>19.6000003814697265625</ele>
        <time>2026-09-10T10:31:32.000Z</time>
        <extensions>
          <ns3:TrackPointExtension>
            <ns3:hr>148</ns3:hr>
            <ns3:cad>84</ns3:cad>
          </ns3:TrackPointExtension>
        </extensions>
      </trkpt>
      <trkpt lat="37.51891161315143108367919921875" lon="127.07614763639867305755615234375">
        <ele>19.6000003814697265625</ele>
        <time>2026-09-10T10:31:33.000Z</time>
        <extensions>
          <ns3:TrackPointExtension>
            <ns3:hr>148</ns3:hr>
            <ns3:cad>84</ns3:cad>
          </ns3:TrackPointExtension>
        </extensions>
      </trkpt>
      <trkpt lat="37.51891672611236572265625" lon="127.0761066488921642303466796875">
        <ele>19.6000003814697265625</ele>
        <time>2026-09-10T10:31:34.000Z</time>
        <extensions>
          <ns3:TrackPointExtension>
            <ns3:hr>148</ns3:hr>
            <ns3:cad>84</ns3:cad>
          </ns3:TrackPointExtension>
        </extensions>
      </trkpt>
      <trkpt lat="37.51892753876745700836181640625" lon="127.07606457173824310302734375">
        <ele>19.3999996185302734375</ele>
        <time>2026-09-10T10:31:35.000Z</time>
        <extensions>
          <ns3:TrackPointExtension>
            <ns3:hr>148</ns3:hr>
            <ns3:cad>84</ns3:cad>
          </ns3:TrackPointExtension>
        </extensions>
      </trkpt>
      <trkpt lat="37.51893005333840847015380859375" lon="127.07603640854358673095703125">
        <ele>19.3999996185302734375</ele>
        <time>2026-09-10T10:31:36.000Z</time>
        <extensions>
          <ns3:TrackPointExtension>
            <ns3:hr>148</ns3:hr>
            <ns3:cad>84</ns3:cad>
          </ns3:TrackPointExtension>
        </extensions>
      </trkpt>
      <trkpt lat="37.51893977634608745574951171875" lon="127.0759923197329044342041015625">
        <ele>19.200000762939453125</ele>
        <time>2026-09-10T10:31:37.000Z</time>
        <extensions>
          <ns3:TrackPointExtension>
            <ns3:hr>148</ns3:hr>
            <ns3:cad>84</ns3:cad>
          </ns3:TrackPointExtension>
        </extensions>
      </trkpt>
      <trkpt lat="37.51894832588732242584228515625" lon="127.0759584568440914154052734375">
        <ele>19.200000762939453125</ele>
        <time>2026-09-10T10:31:38.000Z</time>
        <extensions>
          <ns3:TrackPointExtension>
            <ns3:hr>148</ns3:hr>
            <ns3:cad>84</ns3:cad>
          </ns3:TrackPointExtension>
        </extensions>
      </trkpt>
      <trkpt lat="37.5189541094005107879638671875" lon="127.075920738279819488525390625">
        <ele>19.200000762939453125</ele>
        <time>2026-09-10T10:31:39.000Z</time>
        <extensions>
          <ns3:TrackPointExtension>
            <ns3:hr>148</ns3:hr>
            <ns3:cad>84</ns3:cad>
          </ns3:TrackPointExtension>
        </extensions>
      </trkpt>
      <trkpt lat="37.51896576024591922760009765625" lon="127.07587623037397861480712890625">
        <ele>19</ele>
        <time>2026-09-10T10:31:40.000Z</time>
        <extensions>
          <ns3:TrackPointExtension>
            <ns3:hr>148</ns3:hr>
            <ns3:cad>84</ns3:cad>
          </ns3:TrackPointExtension>
        </extensions>
      </trkpt>
      <trkpt lat="37.5189691968262195587158203125" lon="127.0758441276848316192626953125">
        <ele>19.200000762939453125</ele>
        <time>2026-09-10T10:31:41.000Z</time>
        <extensions>
          <ns3:TrackPointExtension>
            <ns3:hr>149</ns3:hr>
            <ns3:cad>84</ns3:cad>
          </ns3:TrackPointExtension>
        </extensions>
      </trkpt>
      <trkpt lat="37.51897816546261310577392578125" lon="127.075796686112880706787109375">
        <ele>19.200000762939453125</ele>
        <time>2026-09-10T10:31:42.000Z</time>
        <extensions>
          <ns3:TrackPointExtension>
            <ns3:hr>149</ns3:hr>
            <ns3:cad>84</ns3:cad>
          </ns3:TrackPointExtension>
        </extensions>
      </trkpt>
      <trkpt lat="37.5189899839460849761962890625" lon="127.0757596381008625030517578125">
        <ele>19.200000762939453125</ele>
        <time>2026-09-10T10:31:43.000Z</time>
        <extensions>
          <ns3:TrackPointExtension>
            <ns3:hr>149</ns3:hr>
            <ns3:cad>84</ns3:cad>
          </ns3:TrackPointExtension>
        </extensions>
      </trkpt>
      <trkpt lat="37.5189946778118610382080078125" lon="127.07571730948984622955322265625">
        <ele>19.200000762939453125</ele>
        <time>2026-09-10T10:31:44.000Z</time>
        <extensions>
          <ns3:TrackPointExtension>
            <ns3:hr>148</ns3:hr>
            <ns3:cad>84</ns3:cad>
          </ns3:TrackPointExtension>
        </extensions>
      </trkpt>
      <trkpt lat="37.51900398172438144683837890625" lon="127.07567439414560794830322265625">
        <ele>19.3999996185302734375</ele>
        <time>2026-09-10T10:31:45.000Z</time>
        <extensions>
          <ns3:TrackPointExtension>
            <ns3:hr>149</ns3:hr>
            <ns3:cad>84</ns3:cad>
          </ns3:TrackPointExtension>
        </extensions>
      </trkpt>
      <trkpt lat="37.51900649629533290863037109375" lon="127.075639776885509490966796875">
        <ele>19.3999996185302734375</ele>
        <time>2026-09-10T10:31:46.000Z</time>
        <extensions>
          <ns3:TrackPointExtension>
            <ns3:hr>149</ns3:hr>
            <ns3:cad>84</ns3:cad>
          </ns3:TrackPointExtension>
        </extensions>
      </trkpt>
      <trkpt lat="37.51901487819850444793701171875" lon="127.0755889825522899627685546875">
        <ele>19.3999996185302734375</ele>
        <time>2026-09-10T10:31:47.000Z</time>
        <extensions>
          <ns3:TrackPointExtension>
            <ns3:hr>149</ns3:hr>
            <ns3:cad>84</ns3:cad>
          </ns3:TrackPointExtension>
        </extensions>
      </trkpt>
      <trkpt lat="37.519018985331058502197265625" lon="127.07556274719536304473876953125">
        <ele>19.6000003814697265625</ele>
        <time>2026-09-10T10:31:48.000Z</time>
        <extensions>
          <ns3:TrackPointExtension>
            <ns3:hr>149</ns3:hr>
            <ns3:cad>84</ns3:cad>
          </ns3:TrackPointExtension>
        </extensions>
      </trkpt>
      <trkpt lat="37.5190225057303905487060546875" lon="127.075519748032093048095703125">
        <ele>19.6000003814697265625</ele>
        <time>2026-09-10T10:31:49.000Z</time>
        <extensions>
          <ns3:TrackPointExtension>
            <ns3:hr>149</ns3:hr>
            <ns3:cad>85</ns3:cad>
          </ns3:TrackPointExtension>
        </extensions>
      </trkpt>
      <trkpt lat="37.51902745105326175689697265625" lon="127.07548110745847225189208984375">
        <ele>19.6000003814697265625</ele>
        <time>2026-09-10T10:31:50.000Z</time>
        <extensions>
          <ns3:TrackPointExtension>
            <ns3:hr>149</ns3:hr>
            <ns3:cad>84</ns3:cad>
          </ns3:TrackPointExtension>
        </extensions>
      </trkpt>
      <trkpt lat="37.51902929507195949554443359375" lon="127.07545009441673755645751953125">
        <ele>19.6000003814697265625</ele>
        <time>2026-09-10T10:31:51.000Z</time>
        <extensions>
          <ns3:TrackPointExtension>
            <ns3:hr>149</ns3:hr>
            <ns3:cad>84</ns3:cad>
          </ns3:TrackPointExtension>
        </extensions>
      </trkpt>
      <trkpt lat="37.51903918571770191192626953125" lon="127.07539896480739116668701171875">
        <ele>19.6000003814697265625</ele>
        <time>2026-09-10T10:31:52.000Z</time>
        <extensions>
          <ns3:TrackPointExtension>
            <ns3:hr>150</ns3:hr>
            <ns3:cad>84</ns3:cad>
          </ns3:TrackPointExtension>
        </extensions>
      </trkpt>
      <trkpt lat="37.5190389342606067657470703125" lon="127.07537046633660793304443359375">
        <ele>19.3999996185302734375</ele>
        <time>2026-09-10T10:31:53.000Z</time>
        <extensions>
          <ns3:TrackPointExtension>
            <ns3:hr>150</ns3:hr>
            <ns3:cad>84</ns3:cad>
          </ns3:TrackPointExtension>
        </extensions>
      </trkpt>
      <trkpt lat="37.5190466456115245819091796875" lon="127.0753214322030544281005859375">
        <ele>19.200000762939453125</ele>
        <time>2026-09-10T10:31:54.000Z</time>
        <extensions>
          <ns3:TrackPointExtension>
            <ns3:hr>151</ns3:hr>
            <ns3:cad>84</ns3:cad>
          </ns3:TrackPointExtension>
        </extensions>
      </trkpt>
      <trkpt lat="37.51905494369566440582275390625" lon="127.0752852223813533782958984375">
        <ele>19.200000762939453125</ele>
        <time>2026-09-10T10:31:55.000Z</time>
        <extensions>
          <ns3:TrackPointExtension>
            <ns3:hr>151</ns3:hr>
            <ns3:cad>85</ns3:cad>
          </ns3:TrackPointExtension>
        </extensions>
      </trkpt>
      <trkpt lat="37.51906500197947025299072265625" lon="127.0752473361790180206298828125">
        <ele>19.3999996185302734375</ele>
        <time>2026-09-10T10:31:56.000Z</time>
        <extensions>
          <ns3:TrackPointExtension>
            <ns3:hr>151</ns3:hr>
            <ns3:cad>85</ns3:cad>
          </ns3:TrackPointExtension>
        </extensions>
      </trkpt>
      <trkpt lat="37.51907774247229099273681640625" lon="127.075205259025096893310546875">
        <ele>19.3999996185302734375</ele>
        <time>2026-09-10T10:31:57.000Z</time>
        <extensions>
          <ns3:TrackPointExtension>
            <ns3:hr>150</ns3:hr>
            <ns3:cad>85</ns3:cad>
          </ns3:TrackPointExtension>
        </extensions>
      </trkpt>
      <trkpt lat="37.51908025704324245452880859375" lon="127.07517382688820362091064453125">
        <ele>19.3999996185302734375</ele>
        <time>2026-09-10T10:31:58.000Z</time>
        <extensions>
          <ns3:TrackPointExtension>
            <ns3:hr>151</ns3:hr>
            <ns3:cad>85</ns3:cad>
          </ns3:TrackPointExtension>
        </extensions>
      </trkpt>
      <trkpt lat="37.5190870463848114013671875" lon="127.07512672059237957000732421875">
        <ele>19.3999996185302734375</ele>
        <time>2026-09-10T10:31:59.000Z</time>
        <extensions>
          <ns3:TrackPointExtension>
            <ns3:hr>151</ns3:hr>
            <ns3:cad>85</ns3:cad>
          </ns3:TrackPointExtension>
        </extensions>
      </trkpt>
      <trkpt lat="37.5190895609557628631591796875" lon="127.07509227097034454345703125">
        <ele>19.3999996185302734375</ele>
        <time>2026-09-10T10:32:00.000Z</time>
        <extensions>
          <ns3:TrackPointExtension>
            <ns3:hr>151</ns3:hr>
            <ns3:cad>84</ns3:cad>
          </ns3:TrackPointExtension>
        </extensions>
      </trkpt>
      <trkpt lat="37.51909417100250720977783203125" lon="127.0750518701970577239990234375">
        <ele>19.200000762939453125</ele>
        <time>2026-09-10T10:32:01.000Z</time>
        <extensions>
          <ns3:TrackPointExtension>
            <ns3:hr>150</ns3:hr>
            <ns3:cad>84</ns3:cad>
          </ns3:TrackPointExtension>
        </extensions>
      </trkpt>
      <trkpt lat="37.51910381019115447998046875" lon="127.07500836811959743499755859375">
        <ele>19.200000762939453125</ele>
        <time>2026-09-10T10:32:02.000Z</time>
        <extensions>
          <ns3:TrackPointExtension>
            <ns3:hr>151</ns3:hr>
            <ns3:cad>84</ns3:cad>
          </ns3:TrackPointExtension>
        </extensions>
      </trkpt>
      <trkpt lat="37.5191031396389007568359375" lon="127.07497601397335529327392578125">
        <ele>19.200000762939453125</ele>
        <time>2026-09-10T10:32:03.000Z</time>
        <extensions>
          <ns3:TrackPointExtension>
            <ns3:hr>151</ns3:hr>
            <ns3:cad>84</ns3:cad>
          </ns3:TrackPointExtension>
        </extensions>
      </trkpt>
      <trkpt lat="37.5191192328929901123046875" lon="127.074927650392055511474609375">
        <ele>19.200000762939453125</ele>
        <time>2026-09-10T10:32:04.000Z</time>
        <extensions>
          <ns3:TrackPointExtension>
            <ns3:hr>151</ns3:hr>
            <ns3:cad>84</ns3:cad>
          </ns3:TrackPointExtension>
        </extensions>
      </trkpt>
      <trkpt lat="37.51912233419716358184814453125" lon="127.0748959667980670928955078125">
        <ele>19.3999996185302734375</ele>
        <time>2026-09-10T10:32:05.000Z</time>
        <extensions>
          <ns3:TrackPointExtension>
            <ns3:hr>150</ns3:hr>
            <ns3:cad>84</ns3:cad>
          </ns3:TrackPointExtension>
        </extensions>
      </trkpt>
      <trkpt lat="37.5191284529864788055419921875" lon="127.07485489547252655029296875">
        <ele>19.3999996185302734375</ele>
        <time>2026-09-10T10:32:06.000Z</time>
        <extensions>
          <ns3:TrackPointExtension>
            <ns3:hr>151</ns3:hr>
            <ns3:cad>84</ns3:cad>
          </ns3:TrackPointExtension>
        </extensions>
      </trkpt>
      <trkpt lat="37.5191368348896503448486328125" lon="127.07481156103312969207763671875">
        <ele>19.6000003814697265625</ele>
        <time>2026-09-10T10:32:07.000Z</time>
        <extensions>
          <ns3:TrackPointExtension>
            <ns3:hr>151</ns3:hr>
            <ns3:cad>85</ns3:cad>
          </ns3:TrackPointExtension>
        </extensions>
      </trkpt>
      <trkpt lat="37.51914144493639469146728515625" lon="127.0747756026685237884521484375">
        <ele>19.799999237060546875</ele>
        <time>2026-09-10T10:32:08.000Z</time>
        <extensions>
          <ns3:TrackPointExtension>
            <ns3:hr>150</ns3:hr>
            <ns3:cad>85</ns3:cad>
          </ns3:TrackPointExtension>
        </extensions>
      </trkpt>
      <trkpt lat="37.51915301196277141571044921875" lon="127.0747243054211139678955078125">
        <ele>19.6000003814697265625</ele>
        <time>2026-09-10T10:32:09.000Z</time>
        <extensions>
          <ns3:TrackPointExtension>
            <ns3:hr>151</ns3:hr>
            <ns3:cad>85</ns3:cad>
          </ns3:TrackPointExtension>
        </extensions>
      </trkpt>
      <trkpt lat="37.5191556103527545928955078125" lon="127.07469287328422069549560546875">
        <ele>19.6000003814697265625</ele>
        <time>2026-09-10T10:32:10.000Z</time>
        <extensions>
          <ns3:TrackPointExtension>
            <ns3:hr>151</ns3:hr>
            <ns3:cad>85</ns3:cad>
          </ns3:TrackPointExtension>
        </extensions>
      </trkpt>
      <trkpt lat="37.5191621482372283935546875" lon="127.0746438391506671905517578125">
        <ele>19.3999996185302734375</ele>
        <time>2026-09-10T10:32:11.000Z</time>
        <extensions>
          <ns3:TrackPointExtension>
            <ns3:hr>150</ns3:hr>
            <ns3:cad>84</ns3:cad>
          </ns3:TrackPointExtension>
        </extensions>
      </trkpt>
      <trkpt lat="37.5191703625023365020751953125" lon="127.07460234872996807098388671875">
        <ele>19.200000762939453125</ele>
        <time>2026-09-10T10:32:12.000Z</time>
        <extensions>
          <ns3:TrackPointExtension>
            <ns3:hr>151</ns3:hr>
            <ns3:cad>84</ns3:cad>
          </ns3:TrackPointExtension>
        </extensions>
      </trkpt>
      <trkpt lat="37.51917379908263683319091796875" lon="127.0745613612234592437744140625">
        <ele>19</ele>
        <time>2026-09-10T10:32:13.000Z</time>
        <extensions>
          <ns3:TrackPointExtension>
            <ns3:hr>150</ns3:hr>
            <ns3:cad>84</ns3:cad>
          </ns3:TrackPointExtension>
        </extensions>
      </trkpt>
      <trkpt lat="37.51918989233672618865966796875" lon="127.0745130814611911773681640625">
        <ele>19</ele>
        <time>2026-09-10T10:32:14.000Z</time>
        <extensions>
          <ns3:TrackPointExtension>
            <ns3:hr>150</ns3:hr>
            <ns3:cad>85</ns3:cad>
          </ns3:TrackPointExtension>
        </extensions>
      </trkpt>
      <trkpt lat="37.51919659785926342010498046875" lon="127.07447963766753673553466796875">
        <ele>19</ele>
        <time>2026-09-10T10:32:15.000Z</time>
        <extensions>
          <ns3:TrackPointExtension>
            <ns3:hr>150</ns3:hr>
            <ns3:cad>85</ns3:cad>
          </ns3:TrackPointExtension>
        </extensions>
      </trkpt>
      <trkpt lat="37.519205398857593536376953125" lon="127.074438817799091339111328125">
        <ele>19</ele>
        <time>2026-09-10T10:32:16.000Z</time>
        <extensions>
          <ns3:TrackPointExtension>
            <ns3:hr>151</ns3:hr>
            <ns3:cad>85</ns3:cad>
          </ns3:TrackPointExtension>
        </extensions>
      </trkpt>
      <trkpt lat="37.51921067945659160614013671875" lon="127.074405290186405181884765625">
        <ele>19</ele>
        <time>2026-09-10T10:32:17.000Z</time>
        <extensions>
          <ns3:TrackPointExtension>
            <ns3:hr>150</ns3:hr>
            <ns3:cad>84</ns3:cad>
          </ns3:TrackPointExtension>
        </extensions>
      </trkpt>
      <trkpt lat="37.51921537332236766815185546875" lon="127.07436983473598957061767578125">
        <ele>19</ele>
        <time>2026-09-10T10:32:18.000Z</time>
        <extensions>
          <ns3:TrackPointExtension>
            <ns3:hr>150</ns3:hr>
            <ns3:cad>84</ns3:cad>
          </ns3:TrackPointExtension>
        </extensions>
      </trkpt>
      <trkpt lat="37.51922878436744213104248046875" lon="127.07432641647756099700927734375">
        <ele>18.799999237060546875</ele>
        <time>2026-09-10T10:32:19.000Z</time>
        <extensions>
          <ns3:TrackPointExtension>
            <ns3:hr>150</ns3:hr>
            <ns3:cad>85</ns3:cad>
          </ns3:TrackPointExtension>
        </extensions>
      </trkpt>
      <trkpt lat="37.51923029311001300811767578125" lon="127.07429221831262111663818359375">
        <ele>18.799999237060546875</ele>
        <time>2026-09-10T10:32:20.000Z</time>
        <extensions>
          <ns3:TrackPointExtension>
            <ns3:hr>150</ns3:hr>
            <ns3:cad>85</ns3:cad>
          </ns3:TrackPointExtension>
        </extensions>
      </trkpt>
      <trkpt lat="37.51923548988997936248779296875" lon="127.074251063168048858642578125">
        <ele>18.799999237060546875</ele>
        <time>2026-09-10T10:32:21.000Z</time>
        <extensions>
          <ns3:TrackPointExtension>
            <ns3:hr>150</ns3:hr>
            <ns3:cad>84</ns3:cad>
          </ns3:TrackPointExtension>
        </extensions>
      </trkpt>
      <trkpt lat="37.5192426145076751708984375" lon="127.07420789636671543121337890625">
        <ele>18.6000003814697265625</ele>
        <time>2026-09-10T10:32:22.000Z</time>
        <extensions>
          <ns3:TrackPointExtension>
            <ns3:hr>150</ns3:hr>
            <ns3:cad>84</ns3:cad>
          </ns3:TrackPointExtension>
        </extensions>
      </trkpt>
      <trkpt lat="37.51924772746860980987548828125" lon="127.07415886223316192626953125">
        <ele>18.6000003814697265625</ele>
        <time>2026-09-10T10:32:23.000Z</time>
        <extensions>
          <ns3:TrackPointExtension>
            <ns3:hr>150</ns3:hr>
            <ns3:cad>84</ns3:cad>
          </ns3:TrackPointExtension>
        </extensions>
      </trkpt>
      <trkpt lat="37.51925929449498653411865234375" lon="127.07411770708858966827392578125">
        <ele>18.799999237060546875</ele>
        <time>2026-09-10T10:32:24.000Z</time>
        <extensions>
          <ns3:TrackPointExtension>
            <ns3:hr>150</ns3:hr>
            <ns3:cad>84</ns3:cad>
          </ns3:TrackPointExtension>
        </extensions>
      </trkpt>
      <trkpt lat="37.5192632339894771575927734375" lon="127.074084766209125518798828125">
        <ele>19</ele>
        <time>2026-09-10T10:32:25.000Z</time>
        <extensions>
          <ns3:TrackPointExtension>
            <ns3:hr>149</ns3:hr>
            <ns3:cad>84</ns3:cad>
          </ns3:TrackPointExtension>
        </extensions>
      </trkpt>
      <trkpt lat="37.5192732922732830047607421875" lon="127.0740406773984432220458984375">
        <ele>19</ele>
        <time>2026-09-10T10:32:26.000Z</time>
        <extensions>
          <ns3:TrackPointExtension>
            <ns3:hr>150</ns3:hr>
            <ns3:cad>84</ns3:cad>
          </ns3:TrackPointExtension>
        </extensions>
      </trkpt>
      <trkpt lat="37.5192742981016635894775390625" lon="127.0740054734051227569580078125">
        <ele>19.200000762939453125</ele>
        <time>2026-09-10T10:32:27.000Z</time>
        <extensions>
          <ns3:TrackPointExtension>
            <ns3:hr>150</ns3:hr>
            <ns3:cad>84</ns3:cad>
          </ns3:TrackPointExtension>
        </extensions>
      </trkpt>
      <trkpt lat="37.51927924342453479766845703125" lon="127.073961384594440460205078125">
        <ele>19</ele>
        <time>2026-09-10T10:32:28.000Z</time>
        <extensions>
          <ns3:TrackPointExtension>
            <ns3:hr>149</ns3:hr>
            <ns3:cad>85</ns3:cad>
          </ns3:TrackPointExtension>
        </extensions>
      </trkpt>
      <trkpt lat="37.519293911755084991455078125" lon="127.0739186368882656097412109375">
        <ele>19</ele>
        <time>2026-09-10T10:32:29.000Z</time>
        <extensions>
          <ns3:TrackPointExtension>
            <ns3:hr>150</ns3:hr>
            <ns3:cad>85</ns3:cad>
          </ns3:TrackPointExtension>
        </extensions>
      </trkpt>
      <trkpt lat="37.519295252859592437744140625" lon="127.07388754002749919891357421875">
        <ele>19</ele>
        <time>2026-09-10T10:32:30.000Z</time>
        <extensions>
          <ns3:TrackPointExtension>
            <ns3:hr>150</ns3:hr>
            <ns3:cad>85</ns3:cad>
          </ns3:TrackPointExtension>
        </extensions>
      </trkpt>
      <trkpt lat="37.5193017907440662384033203125" lon="127.073839008808135986328125">
        <ele>19</ele>
        <time>2026-09-10T10:32:31.000Z</time>
        <extensions>
          <ns3:TrackPointExtension>
            <ns3:hr>149</ns3:hr>
            <ns3:cad>84</ns3:cad>
          </ns3:TrackPointExtension>
        </extensions>
      </trkpt>
      <trkpt lat="37.51929969526827335357666015625" lon="127.07380522973835468292236328125">
        <ele>18.799999237060546875</ele>
        <time>2026-09-10T10:32:32.000Z</time>
        <extensions>
          <ns3:TrackPointExtension>
            <ns3:hr>150</ns3:hr>
            <ns3:cad>84</ns3:cad>
          </ns3:TrackPointExtension>
        </extensions>
      </trkpt>
      <trkpt lat="37.51930304802954196929931640625" lon="127.07376281730830669403076171875">
        <ele>18.799999237060546875</ele>
        <time>2026-09-10T10:32:33.000Z</time>
        <extensions>
          <ns3:TrackPointExtension>
            <ns3:hr>150</ns3:hr>
            <ns3:cad>84</ns3:cad>
          </ns3:TrackPointExtension>
        </extensions>
      </trkpt>
      <trkpt lat="37.5193165428936481475830078125" lon="127.07371923141181468963623046875">
        <ele>18.799999237060546875</ele>
        <time>2026-09-10T10:32:34.000Z</time>
        <extensions>
          <ns3:TrackPointExtension>
            <ns3:hr>149</ns3:hr>
            <ns3:cad>83</ns3:cad>
          </ns3:TrackPointExtension>
        </extensions>
      </trkpt>
      <trkpt lat="37.519321404397487640380859375" lon="127.073690481483936309814453125">
        <ele>18.799999237060546875</ele>
        <time>2026-09-10T10:32:35.000Z</time>
        <extensions>
          <ns3:TrackPointExtension>
            <ns3:hr>150</ns3:hr>
            <ns3:cad>83</ns3:cad>
          </ns3:TrackPointExtension>
        </extensions>
      </trkpt>
      <trkpt lat="37.51933238469064235687255859375" lon="127.07364379428327083587646484375">
        <ele>18.799999237060546875</ele>
        <time>2026-09-10T10:32:36.000Z</time>
        <extensions>
          <ns3:TrackPointExtension>
            <ns3:hr>150</ns3:hr>
            <ns3:cad>84</ns3:cad>
          </ns3:TrackPointExtension>
        </extensions>
      </trkpt>
      <trkpt lat="37.519340179860591888427734375" lon="127.07361043430864810943603515625">
        <ele>19</ele>
        <time>2026-09-10T10:32:37.000Z</time>
        <extensions>
          <ns3:TrackPointExtension>
            <ns3:hr>150</ns3:hr>
            <ns3:cad>84</ns3:cad>
          </ns3:TrackPointExtension>
        </extensions>
      </trkpt>
      <trkpt lat="37.5193447060883045196533203125" lon="127.07356969825923442840576171875">
        <ele>19</ele>
        <time>2026-09-10T10:32:38.000Z</time>
        <extensions>
          <ns3:TrackPointExtension>
            <ns3:hr>149</ns3:hr>
            <ns3:cad>84</ns3:cad>
          </ns3:TrackPointExtension>
        </extensions>
      </trkpt>
      <trkpt lat="37.519356273114681243896484375" lon="127.07352586090564727783203125">
        <ele>19.200000762939453125</ele>
        <time>2026-09-10T10:32:39.000Z</time>
        <extensions>
          <ns3:TrackPointExtension>
            <ns3:hr>150</ns3:hr>
            <ns3:cad>84</ns3:cad>
          </ns3:TrackPointExtension>
        </extensions>
      </trkpt>
      <trkpt lat="37.51936038024723529815673828125" lon="127.0734921656548976898193359375">
        <ele>19</ele>
        <time>2026-09-10T10:32:40.000Z</time>
        <extensions>
          <ns3:TrackPointExtension>
            <ns3:hr>150</ns3:hr>
            <ns3:cad>84</ns3:cad>
          </ns3:TrackPointExtension>
        </extensions>
      </trkpt>
      <trkpt lat="37.51937337219715118408203125" lon="127.0734445564448833465576171875">
        <ele>19</ele>
        <time>2026-09-10T10:32:41.000Z</time>
        <extensions>
          <ns3:TrackPointExtension>
            <ns3:hr>149</ns3:hr>
            <ns3:cad>84</ns3:cad>
          </ns3:TrackPointExtension>
        </extensions>
      </trkpt>
      <trkpt lat="37.51937898807227611541748046875" lon="127.07341044209897518157958984375">
        <ele>18.799999237060546875</ele>
        <time>2026-09-10T10:32:42.000Z</time>
        <extensions>
          <ns3:TrackPointExtension>
            <ns3:hr>149</ns3:hr>
            <ns3:cad>83</ns3:cad>
          </ns3:TrackPointExtension>
        </extensions>
      </trkpt>
      <trkpt lat="37.5193846039474010467529296875" lon="127.07336534745991230010986328125">
        <ele>18.6000003814697265625</ele>
        <time>2026-09-10T10:32:43.000Z</time>
        <extensions>
          <ns3:TrackPointExtension>
            <ns3:hr>149</ns3:hr>
            <ns3:cad>83</ns3:cad>
          </ns3:TrackPointExtension>
        </extensions>
      </trkpt>
      <trkpt lat="37.51939223147928714752197265625" lon="127.0733221806585788726806640625">
        <ele>18.6000003814697265625</ele>
        <time>2026-09-10T10:32:44.000Z</time>
        <extensions>
          <ns3:TrackPointExtension>
            <ns3:hr>150</ns3:hr>
            <ns3:cad>83</ns3:cad>
          </ns3:TrackPointExtension>
        </extensions>
      </trkpt>
      <trkpt lat="37.519396506249904632568359375" lon="127.07328605465590953826904296875">
        <ele>18.799999237060546875</ele>
        <time>2026-09-10T10:32:45.000Z</time>
        <extensions>
          <ns3:TrackPointExtension>
            <ns3:hr>149</ns3:hr>
            <ns3:cad>84</ns3:cad>
          </ns3:TrackPointExtension>
        </extensions>
      </trkpt>
      <trkpt lat="37.5194053910672664642333984375" lon="127.07323794253170490264892578125">
        <ele>18.6000003814697265625</ele>
        <time>2026-09-10T10:32:46.000Z</time>
        <extensions>
          <ns3:TrackPointExtension>
            <ns3:hr>149</ns3:hr>
            <ns3:cad>85</ns3:cad>
          </ns3:TrackPointExtension>
        </extensions>
      </trkpt>
      <trkpt lat="37.51940698362886905670166015625" lon="127.0732073485851287841796875">
        <ele>18.799999237060546875</ele>
        <time>2026-09-10T10:32:47.000Z</time>
        <extensions>
          <ns3:TrackPointExtension>
            <ns3:hr>150</ns3:hr>
            <ns3:cad>85</ns3:cad>
          </ns3:TrackPointExtension>
        </extensions>
      </trkpt>
      <trkpt lat="37.51941100694239139556884765625" lon="127.0731589011847972869873046875">
        <ele>18.799999237060546875</ele>
        <time>2026-09-10T10:32:48.000Z</time>
        <extensions>
          <ns3:TrackPointExtension>
            <ns3:hr>150</ns3:hr>
            <ns3:cad>85</ns3:cad>
          </ns3:TrackPointExtension>
        </extensions>
      </trkpt>
      <trkpt lat="37.519412599503993988037109375" lon="127.07312143407762050628662109375">
        <ele>18.799999237060546875</ele>
        <time>2026-09-10T10:32:49.000Z</time>
        <extensions>
          <ns3:TrackPointExtension>
            <ns3:hr>150</ns3:hr>
            <ns3:cad>85</ns3:cad>
          </ns3:TrackPointExtension>
        </extensions>
      </trkpt>
      <trkpt lat="37.519415281713008880615234375" lon="127.07308757118880748748779296875">
        <ele>18.799999237060546875</ele>
        <time>2026-09-10T10:32:50.000Z</time>
        <extensions>
          <ns3:TrackPointExtension>
            <ns3:hr>150</ns3:hr>
            <ns3:cad>85</ns3:cad>
          </ns3:TrackPointExtension>
        </extensions>
      </trkpt>
      <trkpt lat="37.5194291956722736358642578125" lon="127.07304214127361774444580078125">
        <ele>19</ele>
        <time>2026-09-10T10:32:51.000Z</time>
        <extensions>
          <ns3:TrackPointExtension>
            <ns3:hr>150</ns3:hr>
            <ns3:cad>85</ns3:cad>
          </ns3:TrackPointExtension>
        </extensions>
      </trkpt>
      <trkpt lat="37.51943145878612995147705078125" lon="127.07301330752670764923095703125">
        <ele>18.799999237060546875</ele>
        <time>2026-09-10T10:32:52.000Z</time>
        <extensions>
          <ns3:TrackPointExtension>
            <ns3:hr>149</ns3:hr>
            <ns3:cad>85</ns3:cad>
          </ns3:TrackPointExtension>
        </extensions>
      </trkpt>
      <trkpt lat="37.51943598501384258270263671875" lon="127.07296402193605899810791015625">
        <ele>18.799999237060546875</ele>
        <time>2026-09-10T10:32:53.000Z</time>
        <extensions>
          <ns3:TrackPointExtension>
            <ns3:hr>150</ns3:hr>
            <ns3:cad>84</ns3:cad>
          </ns3:TrackPointExtension>
        </extensions>
      </trkpt>
      <trkpt lat="37.519438751041889190673828125" lon="127.07292261533439159393310546875">
        <ele>18.6000003814697265625</ele>
        <time>2026-09-10T10:32:54.000Z</time>
        <extensions>
          <ns3:TrackPointExtension>
            <ns3:hr>150</ns3:hr>
            <ns3:cad>84</ns3:cad>
          </ns3:TrackPointExtension>
        </extensions>
      </trkpt>
      <trkpt lat="37.519444115459918975830078125" lon="127.07287651486694812774658203125">
        <ele>18.3999996185302734375</ele>
        <time>2026-09-10T10:32:55.000Z</time>
        <extensions>
          <ns3:TrackPointExtension>
            <ns3:hr>150</ns3:hr>
            <ns3:cad>84</ns3:cad>
          </ns3:TrackPointExtension>
        </extensions>
      </trkpt>
      <trkpt lat="37.5194593705236911773681640625" lon="127.0728299953043460845947265625">
        <ele>18.200000762939453125</ele>
        <time>2026-09-10T10:32:56.000Z</time>
        <extensions>
          <ns3:TrackPointExtension>
            <ns3:hr>150</ns3:hr>
            <ns3:cad>85</ns3:cad>
          </ns3:TrackPointExtension>
        </extensions>
      </trkpt>
      <trkpt lat="37.51946456730365753173828125" lon="127.07279789261519908905029296875">
        <ele>18.200000762939453125</ele>
        <time>2026-09-10T10:32:57.000Z</time>
        <extensions>
          <ns3:TrackPointExtension>
            <ns3:hr>150</ns3:hr>
            <ns3:cad>85</ns3:cad>
          </ns3:TrackPointExtension>
        </extensions>
      </trkpt>
      <trkpt lat="37.51947957091033458709716796875" lon="127.07274592481553554534912109375">
        <ele>18</ele>
        <time>2026-09-10T10:32:58.000Z</time>
        <extensions>
          <ns3:TrackPointExtension>
            <ns3:hr>150</ns3:hr>
            <ns3:cad>85</ns3:cad>
          </ns3:TrackPointExtension>
        </extensions>
      </trkpt>
      <trkpt lat="37.51948728226125240325927734375" lon="127.07271005026996135711669921875">
        <ele>18</ele>
        <time>2026-09-10T10:32:59.000Z</time>
        <extensions>
          <ns3:TrackPointExtension>
            <ns3:hr>150</ns3:hr>
            <ns3:cad>85</ns3:cad>
          </ns3:TrackPointExtension>
        </extensions>
      </trkpt>
      <trkpt lat="37.51949985511600971221923828125" lon="127.07266327925026416778564453125">
        <ele>17.799999237060546875</ele>
        <time>2026-09-10T10:33:00.000Z</time>
        <extensions>
          <ns3:TrackPointExtension>
            <ns3:hr>150</ns3:hr>
            <ns3:cad>85</ns3:cad>
          </ns3:TrackPointExtension>
        </extensions>
      </trkpt>
      <trkpt lat="37.519515864551067352294921875" lon="127.07261919043958187103271484375">
        <ele>17.6000003814697265625</ele>
        <time>2026-09-10T10:33:01.000Z</time>
        <extensions>
          <ns3:TrackPointExtension>
            <ns3:hr>150</ns3:hr>
            <ns3:cad>84</ns3:cad>
          </ns3:TrackPointExtension>
        </extensions>
      </trkpt>
      <trkpt lat="37.5195197202265262603759765625" lon="127.0725802145898342132568359375">
        <ele>17.6000003814697265625</ele>
        <time>2026-09-10T10:33:02.000Z</time>
        <extensions>
          <ns3:TrackPointExtension>
            <ns3:hr>150</ns3:hr>
            <ns3:cad>84</ns3:cad>
          </ns3:TrackPointExtension>
        </extensions>
      </trkpt>
      <trkpt lat="37.5195321254432201385498046875" lon="127.0725289173424243927001953125">
        <ele>17.3999996185302734375</ele>
        <time>2026-09-10T10:33:03.000Z</time>
        <extensions>
          <ns3:TrackPointExtension>
            <ns3:hr>150</ns3:hr>
            <ns3:cad>84</ns3:cad>
          </ns3:TrackPointExtension>
        </extensions>
      </trkpt>
      <trkpt lat="37.5195334665477275848388671875" lon="127.07249262370169162750244140625">
        <ele>17.3999996185302734375</ele>
        <time>2026-09-10T10:33:04.000Z</time>
        <extensions>
          <ns3:TrackPointExtension>
            <ns3:hr>150</ns3:hr>
            <ns3:cad>84</ns3:cad>
          </ns3:TrackPointExtension>
        </extensions>
      </trkpt>
      <trkpt lat="37.51953958533704280853271484375" lon="127.072444260120391845703125">
        <ele>17.200000762939453125</ele>
        <time>2026-09-10T10:33:05.000Z</time>
        <extensions>
          <ns3:TrackPointExtension>
            <ns3:hr>150</ns3:hr>
            <ns3:cad>84</ns3:cad>
          </ns3:TrackPointExtension>
        </extensions>
      </trkpt>
      <trkpt lat="37.51954637467861175537109375" lon="127.0724026858806610107421875">
        <ele>17.200000762939453125</ele>
        <time>2026-09-10T10:33:06.000Z</time>
        <extensions>
          <ns3:TrackPointExtension>
            <ns3:hr>150</ns3:hr>
            <ns3:cad>84</ns3:cad>
          </ns3:TrackPointExtension>
        </extensions>
      </trkpt>
      <trkpt lat="37.51954796724021434783935546875" lon="127.07237058319151401519775390625">
        <ele>17.200000762939453125</ele>
        <time>2026-09-10T10:33:07.000Z</time>
        <extensions>
          <ns3:TrackPointExtension>
            <ns3:hr>151</ns3:hr>
            <ns3:cad>84</ns3:cad>
          </ns3:TrackPointExtension>
        </extensions>
      </trkpt>
      <trkpt lat="37.5195619650185108184814453125" lon="127.072324566543102264404296875">
        <ele>17.200000762939453125</ele>
        <time>2026-09-10T10:33:08.000Z</time>
        <extensions>
          <ns3:TrackPointExtension>
            <ns3:hr>150</ns3:hr>
            <ns3:cad>84</ns3:cad>
          </ns3:TrackPointExtension>
        </extensions>
      </trkpt>
      <trkpt lat="37.519566826522350311279296875" lon="127.07229548133909702301025390625">
        <ele>17</ele>
        <time>2026-09-10T10:33:09.000Z</time>
        <extensions>
          <ns3:TrackPointExtension>
            <ns3:hr>151</ns3:hr>
            <ns3:cad>84</ns3:cad>
          </ns3:TrackPointExtension>
        </extensions>
      </trkpt>
      <trkpt lat="37.5195763818919658660888671875" lon="127.07224502228200435638427734375">
        <ele>16.799999237060546875</ele>
        <time>2026-09-10T10:33:10.000Z</time>
        <extensions>
          <ns3:TrackPointExtension>
            <ns3:hr>150</ns3:hr>
            <ns3:cad>85</ns3:cad>
          </ns3:TrackPointExtension>
        </extensions>
      </trkpt>
      <trkpt lat="37.519580237567424774169921875" lon="127.072209902107715606689453125">
        <ele>16.6000003814697265625</ele>
        <time>2026-09-10T10:33:11.000Z</time>
        <extensions>
          <ns3:TrackPointExtension>
            <ns3:hr>150</ns3:hr>
            <ns3:cad>85</ns3:cad>
          </ns3:TrackPointExtension>
        </extensions>
      </trkpt>
      <trkpt lat="37.51958660781383514404296875" lon="127.07216438837349414825439453125">
        <ele>16.6000003814697265625</ele>
        <time>2026-09-10T10:33:12.000Z</time>
        <extensions>
          <ns3:TrackPointExtension>
            <ns3:hr>150</ns3:hr>
            <ns3:cad>85</ns3:cad>
          </ns3:TrackPointExtension>
        </extensions>
      </trkpt>
      <trkpt lat="37.51959641464054584503173828125" lon="127.07211879082024097442626953125">
        <ele>16.3999996185302734375</ele>
        <time>2026-09-10T10:33:13.000Z</time>
        <extensions>
          <ns3:TrackPointExtension>
            <ns3:hr>151</ns3:hr>
            <ns3:cad>85</ns3:cad>
          </ns3:TrackPointExtension>
        </extensions>
      </trkpt>
      <trkpt lat="37.51960077323019504547119140625" lon="127.072088532149791717529296875">
        <ele>16.200000762939453125</ele>
        <time>2026-09-10T10:33:14.000Z</time>
        <extensions>
          <ns3:TrackPointExtension>
            <ns3:hr>150</ns3:hr>
            <ns3:cad>85</ns3:cad>
          </ns3:TrackPointExtension>
        </extensions>
      </trkpt>
      <trkpt lat="37.51960940659046173095703125" lon="127.0720454491674900054931640625">
        <ele>16</ele>
        <time>2026-09-10T10:33:15.000Z</time>
        <extensions>
          <ns3:TrackPointExtension>
            <ns3:hr>150</ns3:hr>
            <ns3:cad>84</ns3:cad>
          </ns3:TrackPointExtension>
        </extensions>
      </trkpt>
      <trkpt lat="37.51960848458111286163330078125" lon="127.07201099954545497894287109375">
        <ele>15.80000019073486328125</ele>
        <time>2026-09-10T10:33:16.000Z</time>
        <extensions>
          <ns3:TrackPointExtension>
            <ns3:hr>150</ns3:hr>
            <ns3:cad>84</ns3:cad>
          </ns3:TrackPointExtension>
        </extensions>
      </trkpt>
      <trkpt lat="37.51961368136107921600341796875" lon="127.071967162191867828369140625">
        <ele>15.80000019073486328125</ele>
        <time>2026-09-10T10:33:17.000Z</time>
        <extensions>
          <ns3:TrackPointExtension>
            <ns3:hr>151</ns3:hr>
            <ns3:cad>84</ns3:cad>
          </ns3:TrackPointExtension>
        </extensions>
      </trkpt>
      <trkpt lat="37.51962373964488506317138671875" lon="127.0719160325825214385986328125">
        <ele>15.6000003814697265625</ele>
        <time>2026-09-10T10:33:18.000Z</time>
        <extensions>
          <ns3:TrackPointExtension>
            <ns3:hr>150</ns3:hr>
            <ns3:cad>84</ns3:cad>
          </ns3:TrackPointExtension>
        </extensions>
      </trkpt>
      <trkpt lat="37.519627176225185394287109375" lon="127.07187873311340808868408203125">
        <ele>15.6000003814697265625</ele>
        <time>2026-09-10T10:33:19.000Z</time>
        <extensions>
          <ns3:TrackPointExtension>
            <ns3:hr>150</ns3:hr>
            <ns3:cad>84</ns3:cad>
          </ns3:TrackPointExtension>
        </extensions>
      </trkpt>
      <trkpt lat="37.519635893404483795166015625" lon="127.071822322905063629150390625">
        <ele>15.3999996185302734375</ele>
        <time>2026-09-10T10:33:20.000Z</time>
        <extensions>
          <ns3:TrackPointExtension>
            <ns3:hr>150</ns3:hr>
            <ns3:cad>84</ns3:cad>
          </ns3:TrackPointExtension>
        </extensions>
      </trkpt>
      <trkpt lat="37.51963631249964237213134765625" lon="127.071789801120758056640625">
        <ele>15.3999996185302734375</ele>
        <time>2026-09-10T10:33:21.000Z</time>
        <extensions>
          <ns3:TrackPointExtension>
            <ns3:hr>149</ns3:hr>
            <ns3:cad>84</ns3:cad>
          </ns3:TrackPointExtension>
        </extensions>
      </trkpt>
      <trkpt lat="37.51964435912668704986572265625" lon="127.07174696959555149078369140625">
        <ele>15.3999996185302734375</ele>
        <time>2026-09-10T10:33:22.000Z</time>
        <extensions>
          <ns3:TrackPointExtension>
            <ns3:hr>150</ns3:hr>
            <ns3:cad>84</ns3:cad>
          </ns3:TrackPointExtension>
        </extensions>
      </trkpt>
      <trkpt lat="37.51965458504855632781982421875" lon="127.07170338369905948638916015625">
        <ele>15.19999980926513671875</ele>
        <time>2026-09-10T10:33:23.000Z</time>
        <extensions>
          <ns3:TrackPointExtension>
            <ns3:hr>149</ns3:hr>
            <ns3:cad>84</ns3:cad>
          </ns3:TrackPointExtension>
        </extensions>
      </trkpt>
      <trkpt lat="37.51965793780982494354248046875" lon="127.0716685988008975982666015625">
        <ele>15</ele>
        <time>2026-09-10T10:33:24.000Z</time>
        <extensions>
          <ns3:TrackPointExtension>
            <ns3:hr>149</ns3:hr>
            <ns3:cad>84</ns3:cad>
          </ns3:TrackPointExtension>
        </extensions>
      </trkpt>
      <trkpt lat="37.51966841518878936767578125" lon="127.071616463363170623779296875">
        <ele>15</ele>
        <time>2026-09-10T10:33:25.000Z</time>
        <extensions>
          <ns3:TrackPointExtension>
            <ns3:hr>149</ns3:hr>
            <ns3:cad>84</ns3:cad>
          </ns3:TrackPointExtension>
        </extensions>
      </trkpt>
      <trkpt lat="37.51967134885489940643310546875" lon="127.07158050499856472015380859375">
        <ele>14.80000019073486328125</ele>
        <time>2026-09-10T10:33:26.000Z</time>
        <extensions>
          <ns3:TrackPointExtension>
            <ns3:hr>149</ns3:hr>
            <ns3:cad>84</ns3:cad>
          </ns3:TrackPointExtension>
        </extensions>
      </trkpt>
      <trkpt lat="37.51967520453035831451416015625" lon="127.07153121940791606903076171875">
        <ele>14.80000019073486328125</ele>
        <time>2026-09-10T10:33:27.000Z</time>
        <extensions>
          <ns3:TrackPointExtension>
            <ns3:hr>149</ns3:hr>
            <ns3:cad>84</ns3:cad>
          </ns3:TrackPointExtension>
        </extensions>
      </trkpt>
      <trkpt lat="37.51967956312000751495361328125" lon="127.07148495130240917205810546875">
        <ele>14.80000019073486328125</ele>
        <time>2026-09-10T10:33:28.000Z</time>
        <extensions>
          <ns3:TrackPointExtension>
            <ns3:hr>149</ns3:hr>
            <ns3:cad>84</ns3:cad>
          </ns3:TrackPointExtension>
        </extensions>
      </trkpt>
      <trkpt lat="37.5196789763867855072021484375" lon="127.071452178061008453369140625">
        <ele>14.6000003814697265625</ele>
        <time>2026-09-10T10:33:29.000Z</time>
        <extensions>
          <ns3:TrackPointExtension>
            <ns3:hr>149</ns3:hr>
            <ns3:cad>0</ns3:cad>
          </ns3:TrackPointExtension>
        </extensions>
      </trkpt>
      <trkpt lat="37.51968828029930591583251953125" lon="127.07140180282294750213623046875">
        <ele>14.6000003814697265625</ele>
        <time>2026-09-10T10:33:30.000Z</time>
        <extensions>
          <ns3:TrackPointExtension>
            <ns3:hr>148</ns3:hr>
            <ns3:cad>0</ns3:cad>
          </ns3:TrackPointExtension>
        </extensions>
      </trkpt>
      <trkpt lat="37.51968492753803730010986328125" lon="127.0713742263615131378173828125">
        <ele>14.3999996185302734375</ele>
        <time>2026-09-10T10:33:31.000Z</time>
        <extensions>
          <ns3:TrackPointExtension>
            <ns3:hr>148</ns3:hr>
            <ns3:cad>0</ns3:cad>
          </ns3:TrackPointExtension>
        </extensions>
      </trkpt>
      <trkpt lat="37.51969515345990657806396484375" lon="127.07132913172245025634765625">
        <ele>14.3999996185302734375</ele>
        <time>2026-09-10T10:33:32.000Z</time>
        <extensions>
          <ns3:TrackPointExtension>
            <ns3:hr>148</ns3:hr>
            <ns3:cad>0</ns3:cad>
          </ns3:TrackPointExtension>
        </extensions>
      </trkpt>
      <trkpt lat="37.51969389617443084716796875" lon="127.07129501737654209136962890625">
        <ele>14.3999996185302734375</ele>
        <time>2026-09-10T10:33:33.000Z</time>
        <extensions>
          <ns3:TrackPointExtension>
            <ns3:hr>148</ns3:hr>
            <ns3:cad>0</ns3:cad>
          </ns3:TrackPointExtension>
        </extensions>
      </trkpt>
      <trkpt lat="37.51969750039279460906982421875" lon="127.071257717907428741455078125">
        <ele>14.6000003814697265625</ele>
        <time>2026-09-10T10:33:34.000Z</time>
        <extensions>
          <ns3:TrackPointExtension>
            <ns3:hr>147</ns3:hr>
            <ns3:cad>0</ns3:cad>
          </ns3:TrackPointExtension>
        </extensions>
      </trkpt>
      <trkpt lat="37.5197094865143299102783203125" lon="127.07121673040091991424560546875">
        <ele>14.6000003814697265625</ele>
        <time>2026-09-10T10:33:35.000Z</time>
        <extensions>
          <ns3:TrackPointExtension>
            <ns3:hr>147</ns3:hr>
            <ns3:cad>0</ns3:cad>
          </ns3:TrackPointExtension>
        </extensions>
      </trkpt>
      <trkpt lat="37.51971694640815258026123046875" lon="127.07118253223598003387451171875">
        <ele>14.6000003814697265625</ele>
        <time>2026-09-10T10:33:36.000Z</time>
        <extensions>
          <ns3:TrackPointExtension>
            <ns3:hr>147</ns3:hr>
            <ns3:cad>0</ns3:cad>
          </ns3:TrackPointExtension>
        </extensions>
      </trkpt>
      <trkpt lat="37.5197254121303558349609375" lon="127.07113324664533138275146484375">
        <ele>14.3999996185302734375</ele>
        <time>2026-09-10T10:33:37.000Z</time>
        <extensions>
          <ns3:TrackPointExtension>
            <ns3:hr>147</ns3:hr>
            <ns3:cad>0</ns3:cad>
          </ns3:TrackPointExtension>
        </extensions>
      </trkpt>
      <trkpt lat="37.5197212211787700653076171875" lon="127.071097791194915771484375">
        <ele>14.3999996185302734375</ele>
        <time>2026-09-10T10:33:38.000Z</time>
        <extensions>
          <ns3:TrackPointExtension>
            <ns3:hr>147</ns3:hr>
            <ns3:cad>84</ns3:cad>
          </ns3:TrackPointExtension>
        </extensions>
      </trkpt>
      <trkpt lat="37.51972314901649951934814453125" lon="127.07105596549808979034423828125">
        <ele>14.3999996185302734375</ele>
        <time>2026-09-10T10:33:39.000Z</time>
        <extensions>
          <ns3:TrackPointExtension>
            <ns3:hr>147</ns3:hr>
            <ns3:cad>84</ns3:cad>
          </ns3:TrackPointExtension>
        </extensions>
      </trkpt>
      <trkpt lat="37.51972449012100696563720703125" lon="127.0710127986967563629150390625">
        <ele>14.19999980926513671875</ele>
        <time>2026-09-10T10:33:40.000Z</time>
        <extensions>
          <ns3:TrackPointExtension>
            <ns3:hr>147</ns3:hr>
            <ns3:cad>84</ns3:cad>
          </ns3:TrackPointExtension>
        </extensions>
      </trkpt>
      <trkpt lat="37.5197254121303558349609375" lon="127.07097700797021389007568359375">
        <ele>14.19999980926513671875</ele>
        <time>2026-09-10T10:33:41.000Z</time>
        <extensions>
          <ns3:TrackPointExtension>
            <ns3:hr>146</ns3:hr>
            <ns3:cad>84</ns3:cad>
          </ns3:TrackPointExtension>
        </extensions>
      </trkpt>
      <trkpt lat="37.5197473727166652679443359375" lon="127.07092420198023319244384765625">
        <ele>14.19999980926513671875</ele>
        <time>2026-09-10T10:33:42.000Z</time>
        <extensions>
          <ns3:TrackPointExtension>
            <ns3:hr>147</ns3:hr>
            <ns3:cad>84</ns3:cad>
          </ns3:TrackPointExtension>
        </extensions>
      </trkpt>
      <trkpt lat="37.519753910601139068603515625" lon="127.070893608033657073974609375">
        <ele>14.19999980926513671875</ele>
        <time>2026-09-10T10:33:43.000Z</time>
        <extensions>
          <ns3:TrackPointExtension>
            <ns3:hr>146</ns3:hr>
            <ns3:cad>84</ns3:cad>
          </ns3:TrackPointExtension>
        </extensions>
      </trkpt>
      <trkpt lat="37.5197575986385345458984375" lon="127.070852704346179962158203125">
        <ele>14.19999980926513671875</ele>
        <time>2026-09-10T10:33:44.000Z</time>
        <extensions>
          <ns3:TrackPointExtension>
            <ns3:hr>146</ns3:hr>
            <ns3:cad>84</ns3:cad>
          </ns3:TrackPointExtension>
        </extensions>
      </trkpt>
      <trkpt lat="37.5197629630565643310546875" lon="127.07080869935452938079833984375">
        <ele>14</ele>
        <time>2026-09-10T10:33:45.000Z</time>
        <extensions>
          <ns3:TrackPointExtension>
            <ns3:hr>146</ns3:hr>
            <ns3:cad>84</ns3:cad>
          </ns3:TrackPointExtension>
        </extensions>
      </trkpt>
      <trkpt lat="37.51976606436073780059814453125" lon="127.0707804523408412933349609375">
        <ele>13.80000019073486328125</ele>
        <time>2026-09-10T10:33:46.000Z</time>
        <extensions>
          <ns3:TrackPointExtension>
            <ns3:hr>146</ns3:hr>
            <ns3:cad>85</ns3:cad>
          </ns3:TrackPointExtension>
        </extensions>
      </trkpt>
      <trkpt lat="37.51977947540581226348876953125" lon="127.07073234021663665771484375">
        <ele>13.80000019073486328125</ele>
        <time>2026-09-10T10:33:47.000Z</time>
        <extensions>
          <ns3:TrackPointExtension>
            <ns3:hr>145</ns3:hr>
            <ns3:cad>84</ns3:cad>
          </ns3:TrackPointExtension>
        </extensions>
      </trkpt>
      <trkpt lat="37.5197835825383663177490234375" lon="127.07069420255720615386962890625">
        <ele>13.6000003814697265625</ele>
        <time>2026-09-10T10:33:48.000Z</time>
        <extensions>
          <ns3:TrackPointExtension>
            <ns3:hr>145</ns3:hr>
            <ns3:cad>84</ns3:cad>
          </ns3:TrackPointExtension>
        </extensions>
      </trkpt>
      <trkpt lat="37.519788444042205810546875" lon="127.0706513710319995880126953125">
        <ele>13.6000003814697265625</ele>
        <time>2026-09-10T10:33:49.000Z</time>
        <extensions>
          <ns3:TrackPointExtension>
            <ns3:hr>145</ns3:hr>
            <ns3:cad>84</ns3:cad>
          </ns3:TrackPointExtension>
        </extensions>
      </trkpt>
      <trkpt lat="37.51979858614504337310791015625" lon="127.07060351036489009857177734375">
        <ele>13.6000003814697265625</ele>
        <time>2026-09-10T10:33:50.000Z</time>
        <extensions>
          <ns3:TrackPointExtension>
            <ns3:hr>145</ns3:hr>
            <ns3:cad>84</ns3:cad>
          </ns3:TrackPointExtension>
        </extensions>
      </trkpt>
      <trkpt lat="37.51980344764888286590576171875" lon="127.07057735882699489593505859375">
        <ele>13.6000003814697265625</ele>
        <time>2026-09-10T10:33:51.000Z</time>
        <extensions>
          <ns3:TrackPointExtension>
            <ns3:hr>145</ns3:hr>
            <ns3:cad>84</ns3:cad>
          </ns3:TrackPointExtension>
        </extensions>
      </trkpt>
      <trkpt lat="37.51982121728360652923583984375" lon="127.0705333538353443145751953125">
        <ele>13.3999996185302734375</ele>
        <time>2026-09-10T10:33:52.000Z</time>
        <extensions>
          <ns3:TrackPointExtension>
            <ns3:hr>145</ns3:hr>
            <ns3:cad>83</ns3:cad>
          </ns3:TrackPointExtension>
        </extensions>
      </trkpt>
      <trkpt lat="37.51982658170163631439208984375" lon="127.07050569355487823486328125">
        <ele>13.3999996185302734375</ele>
        <time>2026-09-10T10:33:53.000Z</time>
        <extensions>
          <ns3:TrackPointExtension>
            <ns3:hr>146</ns3:hr>
            <ns3:cad>83</ns3:cad>
          </ns3:TrackPointExtension>
        </extensions>
      </trkpt>
      <trkpt lat="37.519839741289615631103515625" lon="127.07046789117157459259033203125">
        <ele>13.19999980926513671875</ele>
        <time>2026-09-10T10:33:54.000Z</time>
        <extensions>
          <ns3:TrackPointExtension>
            <ns3:hr>146</ns3:hr>
            <ns3:cad>83</ns3:cad>
          </ns3:TrackPointExtension>
        </extensions>
      </trkpt>
      <trkpt lat="37.51984803937375545501708984375" lon="127.0704274065792560577392578125">
        <ele>13.19999980926513671875</ele>
        <time>2026-09-10T10:33:55.000Z</time>
        <extensions>
          <ns3:TrackPointExtension>
            <ns3:hr>145</ns3:hr>
            <ns3:cad>84</ns3:cad>
          </ns3:TrackPointExtension>
        </extensions>
      </trkpt>
      <trkpt lat="37.51985306851565837860107421875" lon="127.07039647735655307769775390625">
        <ele>13.19999980926513671875</ele>
        <time>2026-09-10T10:33:56.000Z</time>
        <extensions>
          <ns3:TrackPointExtension>
            <ns3:hr>145</ns3:hr>
            <ns3:cad>84</ns3:cad>
          </ns3:TrackPointExtension>
        </extensions>
      </trkpt>
      <trkpt lat="37.51986245624721050262451171875" lon="127.0703479461371898651123046875">
        <ele>13.19999980926513671875</ele>
        <time>2026-09-10T10:33:57.000Z</time>
        <extensions>
          <ns3:TrackPointExtension>
            <ns3:hr>145</ns3:hr>
            <ns3:cad>83</ns3:cad>
          </ns3:TrackPointExtension>
        </extensions>
      </trkpt>
      <trkpt lat="37.51987033523619174957275390625" lon="127.07031500525772571563720703125">
        <ele>13.3999996185302734375</ele>
        <time>2026-09-10T10:33:58.000Z</time>
        <extensions>
          <ns3:TrackPointExtension>
            <ns3:hr>146</ns3:hr>
            <ns3:cad>83</ns3:cad>
          </ns3:TrackPointExtension>
        </extensions>
      </trkpt>
      <trkpt lat="37.5198811478912830352783203125" lon="127.0702704973518848419189453125">
        <ele>13.3999996185302734375</ele>
        <time>2026-09-10T10:33:59.000Z</time>
        <extensions>
          <ns3:TrackPointExtension>
            <ns3:hr>145</ns3:hr>
            <ns3:cad>83</ns3:cad>
          </ns3:TrackPointExtension>
        </extensions>
      </trkpt>
      <trkpt lat="37.51989061944186687469482421875" lon="127.0702316053211688995361328125">
        <ele>13.3999996185302734375</ele>
        <time>2026-09-10T10:34:00.000Z</time>
        <extensions>
          <ns3:TrackPointExtension>
            <ns3:hr>145</ns3:hr>
            <ns3:cad>83</ns3:cad>
          </ns3:TrackPointExtension>
        </extensions>
      </trkpt>
      <trkpt lat="37.5198962353169918060302734375" lon="127.07020319066941738128662109375">
        <ele>13.19999980926513671875</ele>
        <time>2026-09-10T10:34:01.000Z</time>
        <extensions>
          <ns3:TrackPointExtension>
            <ns3:hr>145</ns3:hr>
            <ns3:cad>83</ns3:cad>
          </ns3:TrackPointExtension>
        </extensions>
      </trkpt>
      <trkpt lat="37.51990755088627338409423828125" lon="127.07015457563102245330810546875">
        <ele>13.19999980926513671875</ele>
        <time>2026-09-10T10:34:02.000Z</time>
        <extensions>
          <ns3:TrackPointExtension>
            <ns3:hr>146</ns3:hr>
            <ns3:cad>83</ns3:cad>
          </ns3:TrackPointExtension>
        </extensions>
      </trkpt>
      <trkpt lat="37.5199083052575588226318359375" lon="127.07011970691382884979248046875">
        <ele>13.19999980926513671875</ele>
        <time>2026-09-10T10:34:03.000Z</time>
        <extensions>
          <ns3:TrackPointExtension>
            <ns3:hr>145</ns3:hr>
            <ns3:cad>84</ns3:cad>
          </ns3:TrackPointExtension>
        </extensions>
      </trkpt>
      <trkpt lat="37.5199104845523834228515625" lon="127.07007545046508312225341796875">
        <ele>13.19999980926513671875</ele>
        <time>2026-09-10T10:34:04.000Z</time>
        <extensions>
          <ns3:TrackPointExtension>
            <ns3:hr>145</ns3:hr>
            <ns3:cad>84</ns3:cad>
          </ns3:TrackPointExtension>
        </extensions>
      </trkpt>
      <trkpt lat="37.5199243985116481781005859375" lon="127.0700354687869548797607421875">
        <ele>13.19999980926513671875</ele>
        <time>2026-09-10T10:34:05.000Z</time>
        <extensions>
          <ns3:TrackPointExtension>
            <ns3:hr>146</ns3:hr>
            <ns3:cad>84</ns3:cad>
          </ns3:TrackPointExtension>
        </extensions>
      </trkpt>
      <trkpt lat="37.51992934383451938629150390625" lon="127.0700002647936344146728515625">
        <ele>13.3999996185302734375</ele>
        <time>2026-09-10T10:34:06.000Z</time>
        <extensions>
          <ns3:TrackPointExtension>
            <ns3:hr>145</ns3:hr>
            <ns3:cad>83</ns3:cad>
          </ns3:TrackPointExtension>
        </extensions>
      </trkpt>
      <trkpt lat="37.51993931829929351806640625" lon="127.06995542161166667938232421875">
        <ele>13.3999996185302734375</ele>
        <time>2026-09-10T10:34:07.000Z</time>
        <extensions>
          <ns3:TrackPointExtension>
            <ns3:hr>145</ns3:hr>
            <ns3:cad>83</ns3:cad>
          </ns3:TrackPointExtension>
        </extensions>
      </trkpt>
      <trkpt lat="37.51994677819311618804931640625" lon="127.06992172636091709136962890625">
        <ele>13.3999996185302734375</ele>
        <time>2026-09-10T10:34:08.000Z</time>
        <extensions>
          <ns3:TrackPointExtension>
            <ns3:hr>146</ns3:hr>
            <ns3:cad>83</ns3:cad>
          </ns3:TrackPointExtension>
        </extensions>
      </trkpt>
      <trkpt lat="37.51995147205889225006103515625" lon="127.06987998448312282562255859375">
        <ele>13.19999980926513671875</ele>
        <time>2026-09-10T10:34:09.000Z</time>
        <extensions>
          <ns3:TrackPointExtension>
            <ns3:hr>146</ns3:hr>
            <ns3:cad>83</ns3:cad>
          </ns3:TrackPointExtension>
        </extensions>
      </trkpt>
      <trkpt lat="37.51996345818042755126953125" lon="127.06983908079564571380615234375">
        <ele>13</ele>
        <time>2026-09-10T10:34:10.000Z</time>
        <extensions>
          <ns3:TrackPointExtension>
            <ns3:hr>146</ns3:hr>
            <ns3:cad>83</ns3:cad>
          </ns3:TrackPointExtension>
        </extensions>
      </trkpt>
      <trkpt lat="37.5199649669229984283447265625" lon="127.06980672664940357208251953125">
        <ele>13</ele>
        <time>2026-09-10T10:34:11.000Z</time>
        <extensions>
          <ns3:TrackPointExtension>
            <ns3:hr>146</ns3:hr>
            <ns3:cad>84</ns3:cad>
          </ns3:TrackPointExtension>
        </extensions>
      </trkpt>
      <trkpt lat="37.51997343264520168304443359375" lon="127.0697568543255329132080078125">
        <ele>13</ele>
        <time>2026-09-10T10:34:12.000Z</time>
        <extensions>
          <ns3:TrackPointExtension>
            <ns3:hr>145</ns3:hr>
            <ns3:cad>84</ns3:cad>
          </ns3:TrackPointExtension>
        </extensions>
      </trkpt>
      <trkpt lat="37.51998030580580234527587890625" lon="127.0697250030934810638427734375">
        <ele>13</ele>
        <time>2026-09-10T10:34:13.000Z</time>
        <extensions>
          <ns3:TrackPointExtension>
            <ns3:hr>146</ns3:hr>
            <ns3:cad>84</ns3:cad>
          </ns3:TrackPointExtension>
        </extensions>
      </trkpt>
      <trkpt lat="37.5199854187667369842529296875" lon="127.06968317739665508270263671875">
        <ele>13</ele>
        <time>2026-09-10T10:34:14.000Z</time>
        <extensions>
          <ns3:TrackPointExtension>
            <ns3:hr>146</ns3:hr>
            <ns3:cad>83</ns3:cad>
          </ns3:TrackPointExtension>
        </extensions>
      </trkpt>
      <trkpt lat="37.5199941359460353851318359375" lon="127.06964202225208282470703125">
        <ele>13.19999980926513671875</ele>
        <time>2026-09-10T10:34:15.000Z</time>
        <extensions>
          <ns3:TrackPointExtension>
            <ns3:hr>146</ns3:hr>
            <ns3:cad>83</ns3:cad>
          </ns3:TrackPointExtension>
        </extensions>
      </trkpt>
      <trkpt lat="37.5199936330318450927734375" lon="127.06961109302937984466552734375">
        <ele>13.19999980926513671875</ele>
        <time>2026-09-10T10:34:16.000Z</time>
        <extensions>
          <ns3:TrackPointExtension>
            <ns3:hr>145</ns3:hr>
            <ns3:cad>83</ns3:cad>
          </ns3:TrackPointExtension>
        </extensions>
      </trkpt>
      <trkpt lat="37.51999807544052600860595703125" lon="127.06956700421869754791259765625">
        <ele>13</ele>
        <time>2026-09-10T10:34:17.000Z</time>
        <extensions>
          <ns3:TrackPointExtension>
            <ns3:hr>146</ns3:hr>
            <ns3:cad>84</ns3:cad>
          </ns3:TrackPointExtension>
        </extensions>
      </trkpt>
      <trkpt lat="37.52000494860112667083740234375" lon="127.06953565590083599090576171875">
        <ele>13.19999980926513671875</ele>
        <time>2026-09-10T10:34:18.000Z</time>
        <extensions>
          <ns3:TrackPointExtension>
            <ns3:hr>145</ns3:hr>
            <ns3:cad>84</ns3:cad>
          </ns3:TrackPointExtension>
        </extensions>
      </trkpt>
      <trkpt lat="37.52001249231398105621337890625" lon="127.0694946683943271636962890625">
        <ele>13</ele>
        <time>2026-09-10T10:34:19.000Z</time>
        <extensions>
          <ns3:TrackPointExtension>
            <ns3:hr>145</ns3:hr>
            <ns3:cad>84</ns3:cad>
          </ns3:TrackPointExtension>
        </extensions>
      </trkpt>
      <trkpt lat="37.52002607099711894989013671875" lon="127.06945468671619892120361328125">
        <ele>13</ele>
        <time>2026-09-10T10:34:20.000Z</time>
        <extensions>
          <ns3:TrackPointExtension>
            <ns3:hr>145</ns3:hr>
            <ns3:cad>84</ns3:cad>
          </ns3:TrackPointExtension>
        </extensions>
      </trkpt>
      <trkpt lat="37.520031519234180450439453125" lon="127.069423086941242218017578125">
        <ele>13</ele>
        <time>2026-09-10T10:34:21.000Z</time>
        <extensions>
          <ns3:TrackPointExtension>
            <ns3:hr>145</ns3:hr>
            <ns3:cad>84</ns3:cad>
          </ns3:TrackPointExtension>
        </extensions>
      </trkpt>
      <trkpt lat="37.52003646455705165863037109375" lon="127.0693800039589405059814453125">
        <ele>13</ele>
        <time>2026-09-10T10:34:22.000Z</time>
        <extensions>
          <ns3:TrackPointExtension>
            <ns3:hr>146</ns3:hr>
            <ns3:cad>84</ns3:cad>
          </ns3:TrackPointExtension>
        </extensions>
      </trkpt>
      <trkpt lat="37.52004216425120830535888671875" lon="127.06934840418398380279541015625">
        <ele>12.80000019073486328125</ele>
        <time>2026-09-10T10:34:23.000Z</time>
        <extensions>
          <ns3:TrackPointExtension>
            <ns3:hr>146</ns3:hr>
            <ns3:cad>85</ns3:cad>
          </ns3:TrackPointExtension>
        </extensions>
      </trkpt>
      <trkpt lat="37.520049624145030975341796875" lon="127.0693055726587772369384765625">
        <ele>12.80000019073486328125</ele>
        <time>2026-09-10T10:34:24.000Z</time>
        <extensions>
          <ns3:TrackPointExtension>
            <ns3:hr>146</ns3:hr>
            <ns3:cad>85</ns3:cad>
          </ns3:TrackPointExtension>
        </extensions>
      </trkpt>
      <trkpt lat="37.52005892805755138397216796875" lon="127.06926324404776096343994140625">
        <ele>12.80000019073486328125</ele>
        <time>2026-09-10T10:34:25.000Z</time>
        <extensions>
          <ns3:TrackPointExtension>
            <ns3:hr>146</ns3:hr>
            <ns3:cad>85</ns3:cad>
          </ns3:TrackPointExtension>
        </extensions>
      </trkpt>
      <trkpt lat="37.52006471157073974609375" lon="127.06922787241637706756591796875">
        <ele>12.80000019073486328125</ele>
        <time>2026-09-10T10:34:26.000Z</time>
        <extensions>
          <ns3:TrackPointExtension>
            <ns3:hr>146</ns3:hr>
            <ns3:cad>84</ns3:cad>
          </ns3:TrackPointExtension>
        </extensions>
      </trkpt>
      <trkpt lat="37.5200799666345119476318359375" lon="127.06918143667280673980712890625">
        <ele>13</ele>
        <time>2026-09-10T10:34:27.000Z</time>
        <extensions>
          <ns3:TrackPointExtension>
            <ns3:hr>146</ns3:hr>
            <ns3:cad>84</ns3:cad>
          </ns3:TrackPointExtension>
        </extensions>
      </trkpt>
      <trkpt lat="37.52008357085287570953369140625" lon="127.06915210001170635223388671875">
        <ele>13</ele>
        <time>2026-09-10T10:34:28.000Z</time>
        <extensions>
          <ns3:TrackPointExtension>
            <ns3:hr>146</ns3:hr>
            <ns3:cad>84</ns3:cad>
          </ns3:TrackPointExtension>
        </extensions>
      </trkpt>
      <trkpt lat="37.5200920365750789642333984375" lon="127.06910616718232631683349609375">
        <ele>13</ele>
        <time>2026-09-10T10:34:29.000Z</time>
        <extensions>
          <ns3:TrackPointExtension>
            <ns3:hr>146</ns3:hr>
            <ns3:cad>84</ns3:cad>
          </ns3:TrackPointExtension>
        </extensions>
      </trkpt>
      <trkpt lat="37.52009932883083820343017578125" lon="127.069067023694515228271484375">
        <ele>13</ele>
        <time>2026-09-10T10:34:30.000Z</time>
        <extensions>
          <ns3:TrackPointExtension>
            <ns3:hr>146</ns3:hr>
            <ns3:cad>84</ns3:cad>
          </ns3:TrackPointExtension>
        </extensions>
      </trkpt>
      <trkpt lat="37.5200994126498699188232421875" lon="127.06902603618800640106201171875">
        <ele>13</ele>
        <time>2026-09-10T10:34:31.000Z</time>
        <extensions>
          <ns3:TrackPointExtension>
            <ns3:hr>146</ns3:hr>
            <ns3:cad>84</ns3:cad>
          </ns3:TrackPointExtension>
        </extensions>
      </trkpt>
      <trkpt lat="37.52010829746723175048828125" lon="127.06897809170186519622802734375">
        <ele>13</ele>
        <time>2026-09-10T10:34:32.000Z</time>
        <extensions>
          <ns3:TrackPointExtension>
            <ns3:hr>146</ns3:hr>
            <ns3:cad>84</ns3:cad>
          </ns3:TrackPointExtension>
        </extensions>
      </trkpt>
      <trkpt lat="37.52011106349527835845947265625" lon="127.068946324288845062255859375">
        <ele>13</ele>
        <time>2026-09-10T10:34:33.000Z</time>
        <extensions>
          <ns3:TrackPointExtension>
            <ns3:hr>147</ns3:hr>
            <ns3:cad>84</ns3:cad>
          </ns3:TrackPointExtension>
        </extensions>
      </trkpt>
      <trkpt lat="37.520119361579418182373046875" lon="127.0688965357840061187744140625">
        <ele>13</ele>
        <time>2026-09-10T10:34:34.000Z</time>
        <extensions>
          <ns3:TrackPointExtension>
            <ns3:hr>146</ns3:hr>
            <ns3:cad>84</ns3:cad>
          </ns3:TrackPointExtension>
        </extensions>
      </trkpt>
      <trkpt lat="37.52012615092098712921142578125" lon="127.06886108033359050750732421875">
        <ele>13</ele>
        <time>2026-09-10T10:34:35.000Z</time>
        <extensions>
          <ns3:TrackPointExtension>
            <ns3:hr>147</ns3:hr>
            <ns3:cad>84</ns3:cad>
          </ns3:TrackPointExtension>
        </extensions>
      </trkpt>
      <trkpt lat="37.52013118006289005279541015625" lon="127.068816237151622772216796875">
        <ele>12.80000019073486328125</ele>
        <time>2026-09-10T10:34:36.000Z</time>
        <extensions>
          <ns3:TrackPointExtension>
            <ns3:hr>147</ns3:hr>
            <ns3:cad>84</ns3:cad>
          </ns3:TrackPointExtension>
        </extensions>
      </trkpt>
      <trkpt lat="37.5201426632702350616455078125" lon="127.06877340562641620635986328125">
        <ele>12.80000019073486328125</ele>
        <time>2026-09-10T10:34:37.000Z</time>
        <extensions>
          <ns3:TrackPointExtension>
            <ns3:hr>147</ns3:hr>
            <ns3:cad>84</ns3:cad>
          </ns3:TrackPointExtension>
        </extensions>
      </trkpt>
      <trkpt lat="37.520145513117313385009765625" lon="127.06874356605112552642822265625">
        <ele>12.80000019073486328125</ele>
        <time>2026-09-10T10:34:38.000Z</time>
        <extensions>
          <ns3:TrackPointExtension>
            <ns3:hr>148</ns3:hr>
            <ns3:cad>84</ns3:cad>
          </ns3:TrackPointExtension>
        </extensions>
      </trkpt>
      <trkpt lat="37.5201473571360111236572265625" lon="127.06870324909687042236328125">
        <ele>12.6000003814697265625</ele>
        <time>2026-09-10T10:34:39.000Z</time>
        <extensions>
          <ns3:TrackPointExtension>
            <ns3:hr>149</ns3:hr>
            <ns3:cad>84</ns3:cad>
          </ns3:TrackPointExtension>
        </extensions>
      </trkpt>
      <trkpt lat="37.52015129663050174713134765625" lon="127.068666033446788787841796875">
        <ele>12.80000019073486328125</ele>
        <time>2026-09-10T10:34:40.000Z</time>
        <extensions>
          <ns3:TrackPointExtension>
            <ns3:hr>149</ns3:hr>
            <ns3:cad>84</ns3:cad>
          </ns3:TrackPointExtension>
        </extensions>
      </trkpt>
      <trkpt lat="37.52015984617173671722412109375" lon="127.0686229504644870758056640625">
        <ele>12.80000019073486328125</ele>
        <time>2026-09-10T10:34:41.000Z</time>
        <extensions>
          <ns3:TrackPointExtension>
            <ns3:hr>149</ns3:hr>
            <ns3:cad>84</ns3:cad>
          </ns3:TrackPointExtension>
        </extensions>
      </trkpt>
      <trkpt lat="37.5201679766178131103515625" lon="127.06857777200639247894287109375">
        <ele>12.80000019073486328125</ele>
        <time>2026-09-10T10:34:42.000Z</time>
        <extensions>
          <ns3:TrackPointExtension>
            <ns3:hr>149</ns3:hr>
            <ns3:cad>84</ns3:cad>
          </ns3:TrackPointExtension>
        </extensions>
      </trkpt>
      <trkpt lat="37.52017158083617687225341796875" lon="127.068544663488864898681640625">
        <ele>12.6000003814697265625</ele>
        <time>2026-09-10T10:34:43.000Z</time>
        <extensions>
          <ns3:TrackPointExtension>
            <ns3:hr>149</ns3:hr>
            <ns3:cad>84</ns3:cad>
          </ns3:TrackPointExtension>
        </extensions>
      </trkpt>
      <trkpt lat="37.52017945982515811920166015625" lon="127.0685032568871974945068359375">
        <ele>12.80000019073486328125</ele>
        <time>2026-09-10T10:34:44.000Z</time>
        <extensions>
          <ns3:TrackPointExtension>
            <ns3:hr>149</ns3:hr>
            <ns3:cad>84</ns3:cad>
          </ns3:TrackPointExtension>
        </extensions>
      </trkpt>
      <trkpt lat="37.5201825611293315887451171875" lon="127.06847115419805049896240234375">
        <ele>12.80000019073486328125</ele>
        <time>2026-09-10T10:34:45.000Z</time>
        <extensions>
          <ns3:TrackPointExtension>
            <ns3:hr>149</ns3:hr>
            <ns3:cad>84</ns3:cad>
          </ns3:TrackPointExtension>
        </extensions>
      </trkpt>
      <trkpt lat="37.5201882608234882354736328125" lon="127.06842622719705104827880859375">
        <ele>12.80000019073486328125</ele>
        <time>2026-09-10T10:34:46.000Z</time>
        <extensions>
          <ns3:TrackPointExtension>
            <ns3:hr>149</ns3:hr>
            <ns3:cad>84</ns3:cad>
          </ns3:TrackPointExtension>
        </extensions>
      </trkpt>
      <trkpt lat="37.520196475088596343994140625" lon="127.0683785341680049896240234375">
        <ele>12.6000003814697265625</ele>
        <time>2026-09-10T10:34:47.000Z</time>
        <extensions>
          <ns3:TrackPointExtension>
            <ns3:hr>149</ns3:hr>
            <ns3:cad>84</ns3:cad>
          </ns3:TrackPointExtension>
        </extensions>
      </trkpt>
      <trkpt lat="37.520201504230499267578125" lon="127.06834559328854084014892578125">
        <ele>12.6000003814697265625</ele>
        <time>2026-09-10T10:34:48.000Z</time>
        <extensions>
          <ns3:TrackPointExtension>
            <ns3:hr>149</ns3:hr>
            <ns3:cad>84</ns3:cad>
          </ns3:TrackPointExtension>
        </extensions>
      </trkpt>
      <trkpt lat="37.5202137418091297149658203125" lon="127.0683037675917148590087890625">
        <ele>12.6000003814697265625</ele>
        <time>2026-09-10T10:34:49.000Z</time>
        <extensions>
          <ns3:TrackPointExtension>
            <ns3:hr>149</ns3:hr>
            <ns3:cad>84</ns3:cad>
          </ns3:TrackPointExtension>
        </extensions>
      </trkpt>
      <trkpt lat="37.52021818421781063079833984375" lon="127.0682756043970584869384765625">
        <ele>12.6000003814697265625</ele>
        <time>2026-09-10T10:34:50.000Z</time>
        <extensions>
          <ns3:TrackPointExtension>
            <ns3:hr>149</ns3:hr>
            <ns3:cad>84</ns3:cad>
          </ns3:TrackPointExtension>
        </extensions>
      </trkpt>
      <trkpt lat="37.520221285521984100341796875" lon="127.06823092885315418243408203125">
        <ele>12.80000019073486328125</ele>
        <time>2026-09-10T10:34:51.000Z</time>
        <extensions>
          <ns3:TrackPointExtension>
            <ns3:hr>149</ns3:hr>
            <ns3:cad>84</ns3:cad>
          </ns3:TrackPointExtension>
        </extensions>
      </trkpt>
      <trkpt lat="37.52022488974034786224365234375" lon="127.0681937970221042633056640625">
        <ele>12.80000019073486328125</ele>
        <time>2026-09-10T10:34:52.000Z</time>
        <extensions>
          <ns3:TrackPointExtension>
            <ns3:hr>149</ns3:hr>
            <ns3:cad>84</ns3:cad>
          </ns3:TrackPointExtension>
        </extensions>
      </trkpt>
      <trkpt lat="37.52022405155003070831298828125" lon="127.06815876066684722900390625">
        <ele>12.80000019073486328125</ele>
        <time>2026-09-10T10:34:53.000Z</time>
        <extensions>
          <ns3:TrackPointExtension>
            <ns3:hr>149</ns3:hr>
            <ns3:cad>84</ns3:cad>
          </ns3:TrackPointExtension>
        </extensions>
      </trkpt>
      <trkpt lat="37.5202241353690624237060546875" lon="127.068110816180706024169921875">
        <ele>12.80000019073486328125</ele>
        <time>2026-09-10T10:34:54.000Z</time>
        <extensions>
          <ns3:TrackPointExtension>
            <ns3:hr>149</ns3:hr>
            <ns3:cad>84</ns3:cad>
          </ns3:TrackPointExtension>
        </extensions>
      </trkpt>
      <trkpt lat="37.52021566964685916900634765625" lon="127.06808491609990596771240234375">
        <ele>12.80000019073486328125</ele>
        <time>2026-09-10T10:34:55.000Z</time>
        <extensions>
          <ns3:TrackPointExtension>
            <ns3:hr>149</ns3:hr>
            <ns3:cad>84</ns3:cad>
          </ns3:TrackPointExtension>
        </extensions>
      </trkpt>
      <trkpt lat="37.52020192332565784454345703125" lon="127.06804820336401462554931640625">
        <ele>12.80000019073486328125</ele>
        <time>2026-09-10T10:34:56.000Z</time>
        <extensions>
          <ns3:TrackPointExtension>
            <ns3:hr>149</ns3:hr>
            <ns3:cad>85</ns3:cad>
          </ns3:TrackPointExtension>
        </extensions>
      </trkpt>
      <trkpt lat="37.52019102685153484344482421875" lon="127.06800981424748897552490234375">
        <ele>12.80000019073486328125</ele>
        <time>2026-09-10T10:34:57.000Z</time>
        <extensions>
          <ns3:TrackPointExtension>
            <ns3:hr>149</ns3:hr>
            <ns3:cad>85</ns3:cad>
          </ns3:TrackPointExtension>
        </extensions>
      </trkpt>
      <trkpt lat="37.5201782025396823883056640625" lon="127.0679845847189426422119140625">
        <ele>12.80000019073486328125</ele>
        <time>2026-09-10T10:34:58.000Z</time>
        <extensions>
          <ns3:TrackPointExtension>
            <ns3:hr>149</ns3:hr>
            <ns3:cad>85</ns3:cad>
          </ns3:TrackPointExtension>
        </extensions>
      </trkpt>
      <trkpt lat="37.52015682868659496307373046875" lon="127.0679483748972415924072265625">
        <ele>12.80000019073486328125</ele>
        <time>2026-09-10T10:34:59.000Z</time>
        <extensions>
          <ns3:TrackPointExtension>
            <ns3:hr>149</ns3:hr>
            <ns3:cad>85</ns3:cad>
          </ns3:TrackPointExtension>
        </extensions>
      </trkpt>
      <trkpt lat="37.52013436518609523773193359375" lon="127.067921720445156097412109375">
        <ele>12.80000019073486328125</ele>
        <time>2026-09-10T10:35:00.000Z</time>
        <extensions>
          <ns3:TrackPointExtension>
            <ns3:hr>149</ns3:hr>
            <ns3:cad>85</ns3:cad>
          </ns3:TrackPointExtension>
        </extensions>
      </trkpt>
      <trkpt lat="37.52011072821915149688720703125" lon="127.06790168769657611846923828125">
        <ele>12.80000019073486328125</ele>
        <time>2026-09-10T10:35:01.000Z</time>
        <extensions>
          <ns3:TrackPointExtension>
            <ns3:hr>149</ns3:hr>
            <ns3:cad>84</ns3:cad>
          </ns3:TrackPointExtension>
        </extensions>
      </trkpt>
      <trkpt lat="37.52007988281548023223876953125" lon="127.06787637434899806976318359375">
        <ele>12.80000019073486328125</ele>
        <time>2026-09-10T10:35:02.000Z</time>
        <extensions>
          <ns3:TrackPointExtension>
            <ns3:hr>148</ns3:hr>
            <ns3:cad>84</ns3:cad>
          </ns3:TrackPointExtension>
        </extensions>
      </trkpt>
      <trkpt lat="37.52005423419177532196044921875" lon="127.0678645558655261993408203125">
        <ele>12.80000019073486328125</ele>
        <time>2026-09-10T10:35:03.000Z</time>
        <extensions>
          <ns3:TrackPointExtension>
            <ns3:hr>149</ns3:hr>
            <ns3:cad>84</ns3:cad>
          </ns3:TrackPointExtension>
        </extensions>
      </trkpt>
      <trkpt lat="37.52001886256039142608642578125" lon="127.067846618592739105224609375">
        <ele>12.6000003814697265625</ele>
        <time>2026-09-10T10:35:04.000Z</time>
        <extensions>
          <ns3:TrackPointExtension>
            <ns3:hr>149</ns3:hr>
            <ns3:cad>83</ns3:cad>
          </ns3:TrackPointExtension>
        </extensions>
      </trkpt>
      <trkpt lat="37.51999287866055965423583984375" lon="127.06783731468021869659423828125">
        <ele>12.6000003814697265625</ele>
        <time>2026-09-10T10:35:05.000Z</time>
        <extensions>
          <ns3:TrackPointExtension>
            <ns3:hr>149</ns3:hr>
            <ns3:cad>83</ns3:cad>
          </ns3:TrackPointExtension>
        </extensions>
      </trkpt>
      <trkpt lat="37.51996320672333240509033203125" lon="127.0678322017192840576171875">
        <ele>12.80000019073486328125</ele>
        <time>2026-09-10T10:35:06.000Z</time>
        <extensions>
          <ns3:TrackPointExtension>
            <ns3:hr>148</ns3:hr>
            <ns3:cad>83</ns3:cad>
          </ns3:TrackPointExtension>
        </extensions>
      </trkpt>
      <trkpt lat="37.519930936396121978759765625" lon="127.0678229816257953643798828125">
        <ele>12.80000019073486328125</ele>
        <time>2026-09-10T10:35:07.000Z</time>
        <extensions>
          <ns3:TrackPointExtension>
            <ns3:hr>149</ns3:hr>
            <ns3:cad>84</ns3:cad>
          </ns3:TrackPointExtension>
        </extensions>
      </trkpt>
      <trkpt lat="37.519903443753719329833984375" lon="127.06782323308289051055908203125">
        <ele>12.80000019073486328125</ele>
        <time>2026-09-10T10:35:08.000Z</time>
        <extensions>
          <ns3:TrackPointExtension>
            <ns3:hr>148</ns3:hr>
            <ns3:cad>84</ns3:cad>
          </ns3:TrackPointExtension>
        </extensions>
      </trkpt>
      <trkpt lat="37.5198684073984622955322265625" lon="127.06781870685517787933349609375">
        <ele>12.80000019073486328125</ele>
        <time>2026-09-10T10:35:09.000Z</time>
        <extensions>
          <ns3:TrackPointExtension>
            <ns3:hr>148</ns3:hr>
            <ns3:cad>84</ns3:cad>
          </ns3:TrackPointExtension>
        </extensions>
      </trkpt>
      <trkpt lat="37.51984083093702793121337890625" lon="127.06782189197838306427001953125">
        <ele>12.6000003814697265625</ele>
        <time>2026-09-10T10:35:10.000Z</time>
        <extensions>
          <ns3:TrackPointExtension>
            <ns3:hr>148</ns3:hr>
            <ns3:cad>84</ns3:cad>
          </ns3:TrackPointExtension>
        </extensions>
      </trkpt>
      <trkpt lat="37.51980931498110294342041015625" lon="127.06782817840576171875">
        <ele>12.6000003814697265625</ele>
        <time>2026-09-10T10:35:11.000Z</time>
        <extensions>
          <ns3:TrackPointExtension>
            <ns3:hr>148</ns3:hr>
            <ns3:cad>84</ns3:cad>
          </ns3:TrackPointExtension>
        </extensions>
      </trkpt>
      <trkpt lat="37.51977394334971904754638671875" lon="127.06783077679574489593505859375">
        <ele>12.3999996185302734375</ele>
        <time>2026-09-10T10:35:12.000Z</time>
        <extensions>
          <ns3:TrackPointExtension>
            <ns3:hr>148</ns3:hr>
            <ns3:cad>83</ns3:cad>
          </ns3:TrackPointExtension>
        </extensions>
      </trkpt>
      <trkpt lat="37.51975114457309246063232421875" lon="127.067835889756679534912109375">
        <ele>12.3999996185302734375</ele>
        <time>2026-09-10T10:35:13.000Z</time>
        <extensions>
          <ns3:TrackPointExtension>
            <ns3:hr>148</ns3:hr>
            <ns3:cad>83</ns3:cad>
          </ns3:TrackPointExtension>
        </extensions>
      </trkpt>
      <trkpt lat="37.5197158567607402801513671875" lon="127.06783329136669635772705078125">
        <ele>12.3999996185302734375</ele>
        <time>2026-09-10T10:35:14.000Z</time>
        <extensions>
          <ns3:TrackPointExtension>
            <ns3:hr>148</ns3:hr>
            <ns3:cad>83</ns3:cad>
          </ns3:TrackPointExtension>
        </extensions>
      </trkpt>
      <trkpt lat="37.51968928612768650054931640625" lon="127.0678404159843921661376953125">
        <ele>12.3999996185302734375</ele>
        <time>2026-09-10T10:35:15.000Z</time>
        <extensions>
          <ns3:TrackPointExtension>
            <ns3:hr>148</ns3:hr>
            <ns3:cad>83</ns3:cad>
          </ns3:TrackPointExtension>
        </extensions>
      </trkpt>
      <trkpt lat="37.51965642906725406646728515625" lon="127.06784653477370738983154296875">
        <ele>12.3999996185302734375</ele>
        <time>2026-09-10T10:35:16.000Z</time>
        <extensions>
          <ns3:TrackPointExtension>
            <ns3:hr>148</ns3:hr>
            <ns3:cad>84</ns3:cad>
          </ns3:TrackPointExtension>
        </extensions>
      </trkpt>
      <trkpt lat="37.519623823463916778564453125" lon="127.06784619949758052825927734375">
        <ele>12.3999996185302734375</ele>
        <time>2026-09-10T10:35:17.000Z</time>
        <extensions>
          <ns3:TrackPointExtension>
            <ns3:hr>148</ns3:hr>
            <ns3:cad>84</ns3:cad>
          </ns3:TrackPointExtension>
        </extensions>
      </trkpt>
      <trkpt lat="37.51959557645022869110107421875" lon="127.06785407848656177520751953125">
        <ele>12.3999996185302734375</ele>
        <time>2026-09-10T10:35:18.000Z</time>
        <extensions>
          <ns3:TrackPointExtension>
            <ns3:hr>148</ns3:hr>
            <ns3:cad>84</ns3:cad>
          </ns3:TrackPointExtension>
        </extensions>
      </trkpt>
      <trkpt lat="37.51955701969563961029052734375" lon="127.06785189919173717498779296875">
        <ele>12.19999980926513671875</ele>
        <time>2026-09-10T10:35:19.000Z</time>
        <extensions>
          <ns3:TrackPointExtension>
            <ns3:hr>148</ns3:hr>
            <ns3:cad>84</ns3:cad>
          </ns3:TrackPointExtension>
        </extensions>
      </trkpt>
      <trkpt lat="37.5195311196148395538330078125" lon="127.06786028109490871429443359375">
        <ele>12.3999996185302734375</ele>
        <time>2026-09-10T10:35:20.000Z</time>
        <extensions>
          <ns3:TrackPointExtension>
            <ns3:hr>147</ns3:hr>
            <ns3:cad>84</ns3:cad>
          </ns3:TrackPointExtension>
        </extensions>
      </trkpt>
      <trkpt lat="37.51949138939380645751953125" lon="127.06787042319774627685546875">
        <ele>12.3999996185302734375</ele>
        <time>2026-09-10T10:35:21.000Z</time>
        <extensions>
          <ns3:TrackPointExtension>
            <ns3:hr>148</ns3:hr>
            <ns3:cad>84</ns3:cad>
          </ns3:TrackPointExtension>
        </extensions>
      </trkpt>
      <trkpt lat="37.51945777796208858489990234375" lon="127.067874111235141754150390625">
        <ele>12.3999996185302734375</ele>
        <time>2026-09-10T10:35:22.000Z</time>
        <extensions>
          <ns3:TrackPointExtension>
            <ns3:hr>148</ns3:hr>
            <ns3:cad>84</ns3:cad>
          </ns3:TrackPointExtension>
        </extensions>
      </trkpt>
      <trkpt lat="37.5194295309484004974365234375" lon="127.0678823255002498626708984375">
        <ele>12.3999996185302734375</ele>
        <time>2026-09-10T10:35:23.000Z</time>
        <extensions>
          <ns3:TrackPointExtension>
            <ns3:hr>148</ns3:hr>
            <ns3:cad>84</ns3:cad>
          </ns3:TrackPointExtension>
        </extensions>
      </trkpt>
      <trkpt lat="37.5193901360034942626953125" lon="127.0678806491196155548095703125">
        <ele>12.3999996185302734375</ele>
        <time>2026-09-10T10:35:24.000Z</time>
        <extensions>
          <ns3:TrackPointExtension>
            <ns3:hr>148</ns3:hr>
            <ns3:cad>84</ns3:cad>
          </ns3:TrackPointExtension>
        </extensions>
      </trkpt>
      <trkpt lat="37.51936373300850391387939453125" lon="127.06788919866085052490234375">
        <ele>12.3999996185302734375</ele>
        <time>2026-09-10T10:35:25.000Z</time>
        <extensions>
          <ns3:TrackPointExtension>
            <ns3:hr>148</ns3:hr>
            <ns3:cad>84</ns3:cad>
          </ns3:TrackPointExtension>
        </extensions>
      </trkpt>
      <trkpt lat="37.51932702027261257171630859375" lon="127.06789196468889713287353515625">
        <ele>12.19999980926513671875</ele>
        <time>2026-09-10T10:35:26.000Z</time>
        <extensions>
          <ns3:TrackPointExtension>
            <ns3:hr>148</ns3:hr>
            <ns3:cad>84</ns3:cad>
          </ns3:TrackPointExtension>
        </extensions>
      </trkpt>
      <trkpt lat="37.519295923411846160888671875" lon="127.0679014362394809722900390625">
        <ele>12.19999980926513671875</ele>
        <time>2026-09-10T10:35:27.000Z</time>
        <extensions>
          <ns3:TrackPointExtension>
            <ns3:hr>148</ns3:hr>
            <ns3:cad>84</ns3:cad>
          </ns3:TrackPointExtension>
        </extensions>
      </trkpt>
      <trkpt lat="37.51926784403622150421142578125" lon="127.0679153501987457275390625">
        <ele>12.19999980926513671875</ele>
        <time>2026-09-10T10:35:28.000Z</time>
        <extensions>
          <ns3:TrackPointExtension>
            <ns3:hr>148</ns3:hr>
            <ns3:cad>84</ns3:cad>
          </ns3:TrackPointExtension>
        </extensions>
      </trkpt>
      <trkpt lat="37.51923381350934505462646484375" lon="127.06793622113764286041259765625">
        <ele>12.19999980926513671875</ele>
        <time>2026-09-10T10:35:29.000Z</time>
        <extensions>
          <ns3:TrackPointExtension>
            <ns3:hr>148</ns3:hr>
            <ns3:cad>84</ns3:cad>
          </ns3:TrackPointExtension>
        </extensions>
      </trkpt>
      <trkpt lat="37.51921637915074825286865234375" lon="127.06795700825750827789306640625">
        <ele>12.19999980926513671875</ele>
        <time>2026-09-10T10:35:30.000Z</time>
        <extensions>
          <ns3:TrackPointExtension>
            <ns3:hr>148</ns3:hr>
            <ns3:cad>84</ns3:cad>
          </ns3:TrackPointExtension>
        </extensions>
      </trkpt>
      <trkpt lat="37.5191884674131870269775390625" lon="127.0679959841072559356689453125">
        <ele>12.19999980926513671875</ele>
        <time>2026-09-10T10:35:31.000Z</time>
        <extensions>
          <ns3:TrackPointExtension>
            <ns3:hr>148</ns3:hr>
            <ns3:cad>84</ns3:cad>
          </ns3:TrackPointExtension>
        </extensions>
      </trkpt>
      <trkpt lat="37.519173882901668548583984375" lon="127.06802423112094402313232421875">
        <ele>12.19999980926513671875</ele>
        <time>2026-09-10T10:35:32.000Z</time>
        <extensions>
          <ns3:TrackPointExtension>
            <ns3:hr>148</ns3:hr>
            <ns3:cad>85</ns3:cad>
          </ns3:TrackPointExtension>
        </extensions>
      </trkpt>
      <trkpt lat="37.51916239969432353973388671875" lon="127.06806530244648456573486328125">
        <ele>12.3999996185302734375</ele>
        <time>2026-09-10T10:35:33.000Z</time>
        <extensions>
          <ns3:TrackPointExtension>
            <ns3:hr>149</ns3:hr>
            <ns3:cad>85</ns3:cad>
          </ns3:TrackPointExtension>
        </extensions>
      </trkpt>
      <trkpt lat="37.5191505812108516693115234375" lon="127.06810536794364452362060546875">
        <ele>12.3999996185302734375</ele>
        <time>2026-09-10T10:35:34.000Z</time>
        <extensions>
          <ns3:TrackPointExtension>
            <ns3:hr>149</ns3:hr>
            <ns3:cad>85</ns3:cad>
          </ns3:TrackPointExtension>
        </extensions>
      </trkpt>
      <trkpt lat="37.51914613880217075347900390625" lon="127.06813327968120574951171875">
        <ele>12.6000003814697265625</ele>
        <time>2026-09-10T10:35:35.000Z</time>
        <extensions>
          <ns3:TrackPointExtension>
            <ns3:hr>149</ns3:hr>
            <ns3:cad>84</ns3:cad>
          </ns3:TrackPointExtension>
        </extensions>
      </trkpt>
      <trkpt lat="37.51913465559482574462890625" lon="127.06818331964313983917236328125">
        <ele>12.6000003814697265625</ele>
        <time>2026-09-10T10:35:36.000Z</time>
        <extensions>
          <ns3:TrackPointExtension>
            <ns3:hr>148</ns3:hr>
            <ns3:cad>84</ns3:cad>
          </ns3:TrackPointExtension>
        </extensions>
      </trkpt>
      <trkpt lat="37.51913105137646198272705078125" lon="127.0682139135897159576416015625">
        <ele>12.6000003814697265625</ele>
        <time>2026-09-10T10:35:37.000Z</time>
        <extensions>
          <ns3:TrackPointExtension>
            <ns3:hr>149</ns3:hr>
            <ns3:cad>84</ns3:cad>
          </ns3:TrackPointExtension>
        </extensions>
      </trkpt>
      <trkpt lat="37.5191227532923221588134765625" lon="127.068259008228778839111328125">
        <ele>12.6000003814697265625</ele>
        <time>2026-09-10T10:35:38.000Z</time>
        <extensions>
          <ns3:TrackPointExtension>
            <ns3:hr>149</ns3:hr>
            <ns3:cad>84</ns3:cad>
          </ns3:TrackPointExtension>
        </extensions>
      </trkpt>
      <trkpt lat="37.51911579631268978118896484375" lon="127.06829781644046306610107421875">
        <ele>12.6000003814697265625</ele>
        <time>2026-09-10T10:35:39.000Z</time>
        <extensions>
          <ns3:TrackPointExtension>
            <ns3:hr>148</ns3:hr>
            <ns3:cad>84</ns3:cad>
          </ns3:TrackPointExtension>
        </extensions>
      </trkpt>
      <trkpt lat="37.51911495812237262725830078125" lon="127.0683310925960540771484375">
        <ele>12.3999996185302734375</ele>
        <time>2026-09-10T10:35:40.000Z</time>
        <extensions>
          <ns3:TrackPointExtension>
            <ns3:hr>148</ns3:hr>
            <ns3:cad>84</ns3:cad>
          </ns3:TrackPointExtension>
        </extensions>
      </trkpt>
      <trkpt lat="37.5191076658666133880615234375" lon="127.0683713257312774658203125">
        <ele>12.3999996185302734375</ele>
        <time>2026-09-10T10:35:41.000Z</time>
        <extensions>
          <ns3:TrackPointExtension>
            <ns3:hr>148</ns3:hr>
            <ns3:cad>84</ns3:cad>
          </ns3:TrackPointExtension>
        </extensions>
      </trkpt>
      <trkpt lat="37.5191026367247104644775390625" lon="127.06839881837368011474609375">
        <ele>12.3999996185302734375</ele>
        <time>2026-09-10T10:35:42.000Z</time>
        <extensions>
          <ns3:TrackPointExtension>
            <ns3:hr>149</ns3:hr>
            <ns3:cad>84</ns3:cad>
          </ns3:TrackPointExtension>
        </extensions>
      </trkpt>
      <trkpt lat="37.5190950930118560791015625" lon="127.06844097934663295745849609375">
        <ele>12.6000003814697265625</ele>
        <time>2026-09-10T10:35:43.000Z</time>
        <extensions>
          <ns3:TrackPointExtension>
            <ns3:hr>148</ns3:hr>
            <ns3:cad>84</ns3:cad>
          </ns3:TrackPointExtension>
        </extensions>
      </trkpt>
      <trkpt lat="37.51908428035676479339599609375" lon="127.0684764347970485687255859375">
        <ele>12.6000003814697265625</ele>
        <time>2026-09-10T10:35:44.000Z</time>
        <extensions>
          <ns3:TrackPointExtension>
            <ns3:hr>148</ns3:hr>
            <ns3:cad>85</ns3:cad>
          </ns3:TrackPointExtension>
        </extensions>
      </trkpt>
      <trkpt lat="37.51908562146127223968505859375" lon="127.06850736401975154876708984375">
        <ele>12.6000003814697265625</ele>
        <time>2026-09-10T10:35:45.000Z</time>
        <extensions>
          <ns3:TrackPointExtension>
            <ns3:hr>148</ns3:hr>
            <ns3:cad>85</ns3:cad>
          </ns3:TrackPointExtension>
        </extensions>
      </trkpt>
      <trkpt lat="37.51908880658447742462158203125" lon="127.068545334041118621826171875">
        <ele>12.80000019073486328125</ele>
        <time>2026-09-10T10:35:46.000Z</time>
        <extensions>
          <ns3:TrackPointExtension>
            <ns3:hr>148</ns3:hr>
            <ns3:cad>84</ns3:cad>
          </ns3:TrackPointExtension>
        </extensions>
      </trkpt>
      <trkpt lat="37.5190986134111881256103515625" lon="127.0685743354260921478271484375">
        <ele>12.80000019073486328125</ele>
        <time>2026-09-10T10:35:47.000Z</time>
        <extensions>
          <ns3:TrackPointExtension>
            <ns3:hr>148</ns3:hr>
            <ns3:cad>84</ns3:cad>
          </ns3:TrackPointExtension>
        </extensions>
      </trkpt>
      <trkpt lat="37.5191059894859790802001953125" lon="127.06861498765647411346435546875">
        <ele>12.80000019073486328125</ele>
        <time>2026-09-10T10:35:48.000Z</time>
        <extensions>
          <ns3:TrackPointExtension>
            <ns3:hr>148</ns3:hr>
            <ns3:cad>84</ns3:cad>
          </ns3:TrackPointExtension>
        </extensions>
      </trkpt>
      <trkpt lat="37.51910724677145481109619140625" lon="127.0686581544578075408935546875">
        <ele>12.80000019073486328125</ele>
        <time>2026-09-10T10:35:49.000Z</time>
        <extensions>
          <ns3:TrackPointExtension>
            <ns3:hr>148</ns3:hr>
            <ns3:cad>84</ns3:cad>
          </ns3:TrackPointExtension>
        </extensions>
      </trkpt>
      <trkpt lat="37.51911227591335773468017578125" lon="127.06869159825146198272705078125">
        <ele>13</ele>
        <time>2026-09-10T10:35:50.000Z</time>
        <extensions>
          <ns3:TrackPointExtension>
            <ns3:hr>149</ns3:hr>
            <ns3:cad>84</ns3:cad>
          </ns3:TrackPointExtension>
        </extensions>
      </trkpt>
      <trkpt lat="37.5191046483814716339111328125" lon="127.06873417831957340240478515625">
        <ele>13</ele>
        <time>2026-09-10T10:35:51.000Z</time>
        <extensions>
          <ns3:TrackPointExtension>
            <ns3:hr>148</ns3:hr>
            <ns3:cad>84</ns3:cad>
          </ns3:TrackPointExtension>
        </extensions>
      </trkpt>
      <trkpt lat="37.51910246908664703369140625" lon="127.06876720301806926727294921875">
        <ele>13</ele>
        <time>2026-09-10T10:35:52.000Z</time>
        <extensions>
          <ns3:TrackPointExtension>
            <ns3:hr>148</ns3:hr>
            <ns3:cad>85</ns3:cad>
          </ns3:TrackPointExtension>
        </extensions>
      </trkpt>
      <trkpt lat="37.5190937519073486328125" lon="127.06881078891456127166748046875">
        <ele>12.80000019073486328125</ele>
        <time>2026-09-10T10:35:53.000Z</time>
        <extensions>
          <ns3:TrackPointExtension>
            <ns3:hr>149</ns3:hr>
            <ns3:cad>85</ns3:cad>
          </ns3:TrackPointExtension>
        </extensions>
      </trkpt>
      <trkpt lat="37.51908679492771625518798828125" lon="127.068847082555294036865234375">
        <ele>13</ele>
        <time>2026-09-10T10:35:54.000Z</time>
        <extensions>
          <ns3:TrackPointExtension>
            <ns3:hr>148</ns3:hr>
            <ns3:cad>84</ns3:cad>
          </ns3:TrackPointExtension>
        </extensions>
      </trkpt>
      <trkpt lat="37.5190845318138599395751953125" lon="127.068886645138263702392578125">
        <ele>13</ele>
        <time>2026-09-10T10:35:55.000Z</time>
        <extensions>
          <ns3:TrackPointExtension>
            <ns3:hr>148</ns3:hr>
            <ns3:cad>84</ns3:cad>
          </ns3:TrackPointExtension>
        </extensions>
      </trkpt>
      <trkpt lat="37.519073300063610076904296875" lon="127.06892863847315311431884765625">
        <ele>13</ele>
        <time>2026-09-10T10:35:56.000Z</time>
        <extensions>
          <ns3:TrackPointExtension>
            <ns3:hr>149</ns3:hr>
            <ns3:cad>84</ns3:cad>
          </ns3:TrackPointExtension>
        </extensions>
      </trkpt>
      <trkpt lat="37.5190722942352294921875" lon="127.06896216608583927154541015625">
        <ele>13</ele>
        <time>2026-09-10T10:35:57.000Z</time>
        <extensions>
          <ns3:TrackPointExtension>
            <ns3:hr>148</ns3:hr>
            <ns3:cad>84</ns3:cad>
          </ns3:TrackPointExtension>
        </extensions>
      </trkpt>
      <trkpt lat="37.519063241779804229736328125" lon="127.06900273449718952178955078125">
        <ele>13.19999980926513671875</ele>
        <time>2026-09-10T10:35:58.000Z</time>
        <extensions>
          <ns3:TrackPointExtension>
            <ns3:hr>148</ns3:hr>
            <ns3:cad>84</ns3:cad>
          </ns3:TrackPointExtension>
        </extensions>
      </trkpt>
      <trkpt lat="37.51905326731503009796142578125" lon="127.06903894431889057159423828125">
        <ele>13.19999980926513671875</ele>
        <time>2026-09-10T10:35:59.000Z</time>
        <extensions>
          <ns3:TrackPointExtension>
            <ns3:hr>149</ns3:hr>
            <ns3:cad>84</ns3:cad>
          </ns3:TrackPointExtension>
        </extensions>
      </trkpt>
      <trkpt lat="37.51904991455376148223876953125" lon="127.06907431595027446746826171875">
        <ele>13.19999980926513671875</ele>
        <time>2026-09-10T10:36:00.000Z</time>
        <extensions>
          <ns3:TrackPointExtension>
            <ns3:hr>148</ns3:hr>
            <ns3:cad>84</ns3:cad>
          </ns3:TrackPointExtension>
        </extensions>
      </trkpt>
      <trkpt lat="37.51903985626995563507080078125" lon="127.06911521963775157928466796875">
        <ele>13.19999980926513671875</ele>
        <time>2026-09-10T10:36:01.000Z</time>
        <extensions>
          <ns3:TrackPointExtension>
            <ns3:hr>148</ns3:hr>
            <ns3:cad>84</ns3:cad>
          </ns3:TrackPointExtension>
        </extensions>
      </trkpt>
      <trkpt lat="37.51903750933706760406494140625" lon="127.0691493339836597442626953125">
        <ele>13.19999980926513671875</ele>
        <time>2026-09-10T10:36:02.000Z</time>
        <extensions>
          <ns3:TrackPointExtension>
            <ns3:hr>149</ns3:hr>
            <ns3:cad>84</ns3:cad>
          </ns3:TrackPointExtension>
        </extensions>
      </trkpt>
      <trkpt lat="37.519022338092327117919921875" lon="127.06919736228883266448974609375">
        <ele>13.19999980926513671875</ele>
        <time>2026-09-10T10:36:03.000Z</time>
        <extensions>
          <ns3:TrackPointExtension>
            <ns3:hr>149</ns3:hr>
            <ns3:cad>84</ns3:cad>
          </ns3:TrackPointExtension>
        </extensions>
      </trkpt>
      <trkpt lat="37.51901538111269474029541015625" lon="127.0692269504070281982421875">
        <ele>13.19999980926513671875</ele>
        <time>2026-09-10T10:36:04.000Z</time>
        <extensions>
          <ns3:TrackPointExtension>
            <ns3:hr>149</ns3:hr>
            <ns3:cad>84</ns3:cad>
          </ns3:TrackPointExtension>
        </extensions>
      </trkpt>
      <trkpt lat="37.51898688264191150665283203125" lon="127.06925368867814540863037109375">
        <ele>13.3999996185302734375</ele>
        <time>2026-09-10T10:36:05.000Z</time>
        <extensions>
          <ns3:TrackPointExtension>
            <ns3:hr>149</ns3:hr>
            <ns3:cad>85</ns3:cad>
          </ns3:TrackPointExtension>
        </extensions>
      </trkpt>
      <trkpt lat="37.518954612314701080322265625" lon="127.0692529343068599700927734375">
        <ele>13.3999996185302734375</ele>
        <time>2026-09-10T10:36:06.000Z</time>
        <extensions>
          <ns3:TrackPointExtension>
            <ns3:hr>148</ns3:hr>
            <ns3:cad>85</ns3:cad>
          </ns3:TrackPointExtension>
        </extensions>
      </trkpt>
      <trkpt lat="37.518930472433567047119140625" lon="127.06924279220402240753173828125">
        <ele>13.3999996185302734375</ele>
        <time>2026-09-10T10:36:07.000Z</time>
        <extensions>
          <ns3:TrackPointExtension>
            <ns3:hr>148</ns3:hr>
            <ns3:cad>85</ns3:cad>
          </ns3:TrackPointExtension>
        </extensions>
      </trkpt>
      <trkpt lat="37.51889501698315143585205078125" lon="127.06921781413257122039794921875">
        <ele>13.3999996185302734375</ele>
        <time>2026-09-10T10:36:08.000Z</time>
        <extensions>
          <ns3:TrackPointExtension>
            <ns3:hr>148</ns3:hr>
            <ns3:cad>83</ns3:cad>
          </ns3:TrackPointExtension>
        </extensions>
      </trkpt>
      <trkpt lat="37.51886819489300251007080078125" lon="127.06919199787080287933349609375">
        <ele>13.3999996185302734375</ele>
        <time>2026-09-10T10:36:09.000Z</time>
        <extensions>
          <ns3:TrackPointExtension>
            <ns3:hr>148</ns3:hr>
            <ns3:cad>83</ns3:cad>
          </ns3:TrackPointExtension>
        </extensions>
      </trkpt>
      <trkpt lat="37.5188421271741390228271484375" lon="127.06917263567447662353515625">
        <ele>13.19999980926513671875</ele>
        <time>2026-09-10T10:36:10.000Z</time>
        <extensions>
          <ns3:TrackPointExtension>
            <ns3:hr>149</ns3:hr>
            <ns3:cad>83</ns3:cad>
          </ns3:TrackPointExtension>
        </extensions>
      </trkpt>
      <trkpt lat="37.5188132934272289276123046875" lon="127.0691412873566150665283203125">
        <ele>13.3999996185302734375</ele>
        <time>2026-09-10T10:36:11.000Z</time>
        <extensions>
          <ns3:TrackPointExtension>
            <ns3:hr>148</ns3:hr>
            <ns3:cad>82</ns3:cad>
          </ns3:TrackPointExtension>
        </extensions>
      </trkpt>
      <trkpt lat="37.5187915004789829254150390625" lon="127.06913097761571407318115234375">
        <ele>13.3999996185302734375</ele>
        <time>2026-09-10T10:36:12.000Z</time>
        <extensions>
          <ns3:TrackPointExtension>
            <ns3:hr>148</ns3:hr>
            <ns3:cad>83</ns3:cad>
          </ns3:TrackPointExtension>
        </extensions>
      </trkpt>
      <trkpt lat="37.5187562964856624603271484375" lon="127.06911169923841953277587890625">
        <ele>13.3999996185302734375</ele>
        <time>2026-09-10T10:36:13.000Z</time>
        <extensions>
          <ns3:TrackPointExtension>
            <ns3:hr>149</ns3:hr>
            <ns3:cad>83</ns3:cad>
          </ns3:TrackPointExtension>
        </extensions>
      </trkpt>
      <trkpt lat="37.5187267921864986419677734375" lon="127.0691013894975185394287109375">
        <ele>13.6000003814697265625</ele>
        <time>2026-09-10T10:36:14.000Z</time>
        <extensions>
          <ns3:TrackPointExtension>
            <ns3:hr>148</ns3:hr>
            <ns3:cad>84</ns3:cad>
          </ns3:TrackPointExtension>
        </extensions>
      </trkpt>
      <trkpt lat="37.51869871281087398529052734375" lon="127.06909074448049068450927734375">
        <ele>13.6000003814697265625</ele>
        <time>2026-09-10T10:36:15.000Z</time>
        <extensions>
          <ns3:TrackPointExtension>
            <ns3:hr>148</ns3:hr>
            <ns3:cad>84</ns3:cad>
          </ns3:TrackPointExtension>
        </extensions>
      </trkpt>
      <trkpt lat="37.5186731480062007904052734375" lon="127.0690660178661346435546875">
        <ele>13.6000003814697265625</ele>
        <time>2026-09-10T10:36:16.000Z</time>
        <extensions>
          <ns3:TrackPointExtension>
            <ns3:hr>149</ns3:hr>
            <ns3:cad>84</ns3:cad>
          </ns3:TrackPointExtension>
        </extensions>
      </trkpt>
      <trkpt lat="37.51865160651504993438720703125" lon="127.069054953753948211669921875">
        <ele>13.3999996185302734375</ele>
        <time>2026-09-10T10:36:17.000Z</time>
        <extensions>
          <ns3:TrackPointExtension>
            <ns3:hr>149</ns3:hr>
            <ns3:cad>84</ns3:cad>
          </ns3:TrackPointExtension>
        </extensions>
      </trkpt>
      <trkpt lat="37.51861422322690486907958984375" lon="127.0690365135669708251953125">
        <ele>13.3999996185302734375</ele>
        <time>2026-09-10T10:36:18.000Z</time>
        <extensions>
          <ns3:TrackPointExtension>
            <ns3:hr>149</ns3:hr>
            <ns3:cad>84</ns3:cad>
          </ns3:TrackPointExtension>
        </extensions>
      </trkpt>
      <trkpt lat="37.5185856409370899200439453125" lon="127.06902989186346530914306640625">
        <ele>13.3999996185302734375</ele>
        <time>2026-09-10T10:36:19.000Z</time>
        <extensions>
          <ns3:TrackPointExtension>
            <ns3:hr>149</ns3:hr>
            <ns3:cad>84</ns3:cad>
          </ns3:TrackPointExtension>
        </extensions>
      </trkpt>
      <trkpt lat="37.51856024377048015594482421875" lon="127.06902519799768924713134765625">
        <ele>13.19999980926513671875</ele>
        <time>2026-09-10T10:36:20.000Z</time>
        <extensions>
          <ns3:TrackPointExtension>
            <ns3:hr>148</ns3:hr>
            <ns3:cad>84</ns3:cad>
          </ns3:TrackPointExtension>
        </extensions>
      </trkpt>
      <trkpt lat="37.51852537505328655242919921875" lon="127.06900625489652156829833984375">
        <ele>13.3999996185302734375</ele>
        <time>2026-09-10T10:36:21.000Z</time>
        <extensions>
          <ns3:TrackPointExtension>
            <ns3:hr>149</ns3:hr>
            <ns3:cad>84</ns3:cad>
          </ns3:TrackPointExtension>
        </extensions>
      </trkpt>
      <trkpt lat="37.51849905587732791900634765625" lon="127.06899435259401798248291015625">
        <ele>13.3999996185302734375</ele>
        <time>2026-09-10T10:36:22.000Z</time>
        <extensions>
          <ns3:TrackPointExtension>
            <ns3:hr>149</ns3:hr>
            <ns3:cad>83</ns3:cad>
          </ns3:TrackPointExtension>
        </extensions>
      </trkpt>
      <trkpt lat="37.51846636645495891571044921875" lon="127.0689790137112140655517578125">
        <ele>13.3999996185302734375</ele>
        <time>2026-09-10T10:36:23.000Z</time>
        <extensions>
          <ns3:TrackPointExtension>
            <ns3:hr>148</ns3:hr>
            <ns3:cad>83</ns3:cad>
          </ns3:TrackPointExtension>
        </extensions>
      </trkpt>
      <trkpt lat="37.51844222657382488250732421875" lon="127.06897641532123088836669921875">
        <ele>13.3999996185302734375</ele>
        <time>2026-09-10T10:36:24.000Z</time>
        <extensions>
          <ns3:TrackPointExtension>
            <ns3:hr>149</ns3:hr>
            <ns3:cad>83</ns3:cad>
          </ns3:TrackPointExtension>
        </extensions>
      </trkpt>
      <trkpt lat="37.51841892488300800323486328125" lon="127.0689847134053707122802734375">
        <ele>13.3999996185302734375</ele>
        <time>2026-09-10T10:36:25.000Z</time>
        <extensions>
          <ns3:TrackPointExtension>
            <ns3:hr>149</ns3:hr>
            <ns3:cad>83</ns3:cad>
          </ns3:TrackPointExtension>
        </extensions>
      </trkpt>
      <trkpt lat="37.51838338561356067657470703125" lon="127.0689847134053707122802734375">
        <ele>13.3999996185302734375</ele>
        <time>2026-09-10T10:36:26.000Z</time>
        <extensions>
          <ns3:TrackPointExtension>
            <ns3:hr>148</ns3:hr>
            <ns3:cad>83</ns3:cad>
          </ns3:TrackPointExtension>
        </extensions>
      </trkpt>
      <trkpt lat="37.51835949718952178955078125" lon="127.0689837075769901275634765625">
        <ele>13.3999996185302734375</ele>
        <time>2026-09-10T10:36:27.000Z</time>
        <extensions>
          <ns3:TrackPointExtension>
            <ns3:hr>149</ns3:hr>
            <ns3:cad>83</ns3:cad>
          </ns3:TrackPointExtension>
        </extensions>
      </trkpt>
      <trkpt lat="37.5183252990245819091796875" lon="127.0689776726067066192626953125">
        <ele>13.3999996185302734375</ele>
        <time>2026-09-10T10:36:28.000Z</time>
        <extensions>
          <ns3:TrackPointExtension>
            <ns3:hr>149</ns3:hr>
            <ns3:cad>83</ns3:cad>
          </ns3:TrackPointExtension>
        </extensions>
      </trkpt>
      <trkpt lat="37.51829772256314754486083984375" lon="127.06897960044443607330322265625">
        <ele>13.3999996185302734375</ele>
        <time>2026-09-10T10:36:29.000Z</time>
        <extensions>
          <ns3:TrackPointExtension>
            <ns3:hr>149</ns3:hr>
            <ns3:cad>83</ns3:cad>
          </ns3:TrackPointExtension>
        </extensions>
      </trkpt>
      <trkpt lat="37.518268637359142303466796875" lon="127.06897658295929431915283203125">
        <ele>13.3999996185302734375</ele>
        <time>2026-09-10T10:36:30.000Z</time>
        <extensions>
          <ns3:TrackPointExtension>
            <ns3:hr>149</ns3:hr>
            <ns3:cad>84</ns3:cad>
          </ns3:TrackPointExtension>
        </extensions>
      </trkpt>
      <trkpt lat="37.5182356126606464385986328125" lon="127.06896384246647357940673828125">
        <ele>13.3999996185302734375</ele>
        <time>2026-09-10T10:36:31.000Z</time>
        <extensions>
          <ns3:TrackPointExtension>
            <ns3:hr>149</ns3:hr>
            <ns3:cad>84</ns3:cad>
          </ns3:TrackPointExtension>
        </extensions>
      </trkpt>
      <trkpt lat="37.5182108022272586822509765625" lon="127.06895613111555576324462890625">
        <ele>13.3999996185302734375</ele>
        <time>2026-09-10T10:36:32.000Z</time>
        <extensions>
          <ns3:TrackPointExtension>
            <ns3:hr>149</ns3:hr>
            <ns3:cad>84</ns3:cad>
          </ns3:TrackPointExtension>
        </extensions>
      </trkpt>
      <trkpt lat="37.51818054355680942535400390625" lon="127.0689481683075428009033203125">
        <ele>13.3999996185302734375</ele>
        <time>2026-09-10T10:36:33.000Z</time>
        <extensions>
          <ns3:TrackPointExtension>
            <ns3:hr>149</ns3:hr>
            <ns3:cad>85</ns3:cad>
          </ns3:TrackPointExtension>
        </extensions>
      </trkpt>
      <trkpt lat="37.5181507878005504608154296875" lon="127.06894062459468841552734375">
        <ele>13.19999980926513671875</ele>
        <time>2026-09-10T10:36:34.000Z</time>
        <extensions>
          <ns3:TrackPointExtension>
            <ns3:hr>150</ns3:hr>
            <ns3:cad>85</ns3:cad>
          </ns3:TrackPointExtension>
        </extensions>
      </trkpt>
      <trkpt lat="37.51812287606298923492431640625" lon="127.06893383525311946868896484375">
        <ele>13.19999980926513671875</ele>
        <time>2026-09-10T10:36:35.000Z</time>
        <extensions>
          <ns3:TrackPointExtension>
            <ns3:hr>149</ns3:hr>
            <ns3:cad>85</ns3:cad>
          </ns3:TrackPointExtension>
        </extensions>
      </trkpt>
      <trkpt lat="37.51809840090572834014892578125" lon="127.0689176581799983978271484375">
        <ele>13.19999980926513671875</ele>
        <time>2026-09-10T10:36:36.000Z</time>
        <extensions>
          <ns3:TrackPointExtension>
            <ns3:hr>149</ns3:hr>
            <ns3:cad>85</ns3:cad>
          </ns3:TrackPointExtension>
        </extensions>
      </trkpt>
      <trkpt lat="37.51806923188269138336181640625" lon="127.06890642642974853515625">
        <ele>13.19999980926513671875</ele>
        <time>2026-09-10T10:36:37.000Z</time>
        <extensions>
          <ns3:TrackPointExtension>
            <ns3:hr>149</ns3:hr>
            <ns3:cad>85</ns3:cad>
          </ns3:TrackPointExtension>
        </extensions>
      </trkpt>
      <trkpt lat="37.51802958548069000244140625" lon="127.0688908360898494720458984375">
        <ele>13.3999996185302734375</ele>
        <time>2026-09-10T10:36:38.000Z</time>
        <extensions>
          <ns3:TrackPointExtension>
            <ns3:hr>150</ns3:hr>
            <ns3:cad>85</ns3:cad>
          </ns3:TrackPointExtension>
        </extensions>
      </trkpt>
      <trkpt lat="37.51799337565898895263671875" lon="127.068893350660800933837890625">
        <ele>13.3999996185302734375</ele>
        <time>2026-09-10T10:36:39.000Z</time>
        <extensions>
          <ns3:TrackPointExtension>
            <ns3:hr>149</ns3:hr>
            <ns3:cad>84</ns3:cad>
          </ns3:TrackPointExtension>
        </extensions>
      </trkpt>
      <trkpt lat="37.51795540563762187957763671875" lon="127.0688871480524539947509765625">
        <ele>13.3999996185302734375</ele>
        <time>2026-09-10T10:36:40.000Z</time>
        <extensions>
          <ns3:TrackPointExtension>
            <ns3:hr>149</ns3:hr>
            <ns3:cad>84</ns3:cad>
          </ns3:TrackPointExtension>
        </extensions>
      </trkpt>
      <trkpt lat="37.5179187767207622528076171875" lon="127.06888429820537567138671875">
        <ele>13.19999980926513671875</ele>
        <time>2026-09-10T10:36:41.000Z</time>
        <extensions>
          <ns3:TrackPointExtension>
            <ns3:hr>149</ns3:hr>
            <ns3:cad>84</ns3:cad>
          </ns3:TrackPointExtension>
        </extensions>
      </trkpt>
      <trkpt lat="37.51788650639355182647705078125" lon="127.0688807778060436248779296875">
        <ele>13.19999980926513671875</ele>
        <time>2026-09-10T10:36:42.000Z</time>
        <extensions>
          <ns3:TrackPointExtension>
            <ns3:hr>150</ns3:hr>
            <ns3:cad>84</ns3:cad>
          </ns3:TrackPointExtension>
        </extensions>
      </trkpt>
      <trkpt lat="37.51784560270607471466064453125" lon="127.06887817941606044769287109375">
        <ele>13.19999980926513671875</ele>
        <time>2026-09-10T10:36:43.000Z</time>
        <extensions>
          <ns3:TrackPointExtension>
            <ns3:hr>149</ns3:hr>
            <ns3:cad>84</ns3:cad>
          </ns3:TrackPointExtension>
        </extensions>
      </trkpt>
      <trkpt lat="37.51781878061592578887939453125" lon="127.06888287328183650970458984375">
        <ele>13</ele>
        <time>2026-09-10T10:36:44.000Z</time>
        <extensions>
          <ns3:TrackPointExtension>
            <ns3:hr>149</ns3:hr>
            <ns3:cad>84</ns3:cad>
          </ns3:TrackPointExtension>
        </extensions>
      </trkpt>
      <trkpt lat="37.5177834928035736083984375" lon="127.06888689659535884857177734375">
        <ele>13</ele>
        <time>2026-09-10T10:36:45.000Z</time>
        <extensions>
          <ns3:TrackPointExtension>
            <ns3:hr>149</ns3:hr>
            <ns3:cad>84</ns3:cad>
          </ns3:TrackPointExtension>
        </extensions>
      </trkpt>
      <trkpt lat="37.51775256358087062835693359375" lon="127.06888622604310512542724609375">
        <ele>13</ele>
        <time>2026-09-10T10:36:46.000Z</time>
        <extensions>
          <ns3:TrackPointExtension>
            <ns3:hr>150</ns3:hr>
            <ns3:cad>84</ns3:cad>
          </ns3:TrackPointExtension>
        </extensions>
      </trkpt>
      <trkpt lat="37.51772515475749969482421875" lon="127.068888656795024871826171875">
        <ele>13</ele>
        <time>2026-09-10T10:36:47.000Z</time>
        <extensions>
          <ns3:TrackPointExtension>
            <ns3:hr>149</ns3:hr>
            <ns3:cad>85</ns3:cad>
          </ns3:TrackPointExtension>
        </extensions>
      </trkpt>
      <trkpt lat="37.5176924653351306915283203125" lon="127.0688891597092151641845703125">
        <ele>13.19999980926513671875</ele>
        <time>2026-09-10T10:36:48.000Z</time>
        <extensions>
          <ns3:TrackPointExtension>
            <ns3:hr>149</ns3:hr>
            <ns3:cad>85</ns3:cad>
          </ns3:TrackPointExtension>
        </extensions>
      </trkpt>
      <trkpt lat="37.517667822539806365966796875" lon="127.068895362317562103271484375">
        <ele>13</ele>
        <time>2026-09-10T10:36:49.000Z</time>
        <extensions>
          <ns3:TrackPointExtension>
            <ns3:hr>150</ns3:hr>
            <ns3:cad>85</ns3:cad>
          </ns3:TrackPointExtension>
        </extensions>
      </trkpt>
      <trkpt lat="37.51763085834681987762451171875" lon="127.06890315748751163482666015625">
        <ele>13</ele>
        <time>2026-09-10T10:36:50.000Z</time>
        <extensions>
          <ns3:TrackPointExtension>
            <ns3:hr>149</ns3:hr>
            <ns3:cad>85</ns3:cad>
          </ns3:TrackPointExtension>
        </extensions>
      </trkpt>
      <trkpt lat="37.51760043203830718994140625" lon="127.068909443914890289306640625">
        <ele>13</ele>
        <time>2026-09-10T10:36:51.000Z</time>
        <extensions>
          <ns3:TrackPointExtension>
            <ns3:hr>150</ns3:hr>
            <ns3:cad>84</ns3:cad>
          </ns3:TrackPointExtension>
        </extensions>
      </trkpt>
      <trkpt lat="37.5175689160823822021484375" lon="127.068914808332920074462890625">
        <ele>13</ele>
        <time>2026-09-10T10:36:52.000Z</time>
        <extensions>
          <ns3:TrackPointExtension>
            <ns3:hr>150</ns3:hr>
            <ns3:cad>84</ns3:cad>
          </ns3:TrackPointExtension>
        </extensions>
      </trkpt>
      <trkpt lat="37.517535388469696044921875" lon="127.068915478885173797607421875">
        <ele>13</ele>
        <time>2026-09-10T10:36:53.000Z</time>
        <extensions>
          <ns3:TrackPointExtension>
            <ns3:hr>150</ns3:hr>
            <ns3:cad>84</ns3:cad>
          </ns3:TrackPointExtension>
        </extensions>
      </trkpt>
      <trkpt lat="37.517510913312435150146484375" lon="127.0689230225980281829833984375">
        <ele>13</ele>
        <time>2026-09-10T10:36:54.000Z</time>
        <extensions>
          <ns3:TrackPointExtension>
            <ns3:hr>150</ns3:hr>
            <ns3:cad>84</ns3:cad>
          </ns3:TrackPointExtension>
        </extensions>
      </trkpt>
      <trkpt lat="37.5174731947481632232666015625" lon="127.0689238607883453369140625">
        <ele>13</ele>
        <time>2026-09-10T10:36:55.000Z</time>
        <extensions>
          <ns3:TrackPointExtension>
            <ns3:hr>150</ns3:hr>
            <ns3:cad>84</ns3:cad>
          </ns3:TrackPointExtension>
        </extensions>
      </trkpt>
      <trkpt lat="37.5174446962773799896240234375" lon="127.0689293928444385528564453125">
        <ele>13</ele>
        <time>2026-09-10T10:36:56.000Z</time>
        <extensions>
          <ns3:TrackPointExtension>
            <ns3:hr>151</ns3:hr>
            <ns3:cad>84</ns3:cad>
          </ns3:TrackPointExtension>
        </extensions>
      </trkpt>
      <trkpt lat="37.5174094922840595245361328125" lon="127.06893400289118289947509765625">
        <ele>13</ele>
        <time>2026-09-10T10:36:57.000Z</time>
        <extensions>
          <ns3:TrackPointExtension>
            <ns3:hr>151</ns3:hr>
            <ns3:cad>84</ns3:cad>
          </ns3:TrackPointExtension>
        </extensions>
      </trkpt>
      <trkpt lat="37.51737521030008792877197265625" lon="127.06893601454794406890869140625">
        <ele>12.80000019073486328125</ele>
        <time>2026-09-10T10:36:58.000Z</time>
        <extensions>
          <ns3:TrackPointExtension>
            <ns3:hr>151</ns3:hr>
            <ns3:cad>85</ns3:cad>
          </ns3:TrackPointExtension>
        </extensions>
      </trkpt>
      <trkpt lat="37.51734889112412929534912109375" lon="127.06894925795495510101318359375">
        <ele>12.80000019073486328125</ele>
        <time>2026-09-10T10:36:59.000Z</time>
        <extensions>
          <ns3:TrackPointExtension>
            <ns3:hr>151</ns3:hr>
            <ns3:cad>85</ns3:cad>
          </ns3:TrackPointExtension>
        </extensions>
      </trkpt>
      <trkpt lat="37.5173095799982547760009765625" lon="127.06895713694393634796142578125">
        <ele>12.80000019073486328125</ele>
        <time>2026-09-10T10:37:00.000Z</time>
        <extensions>
          <ns3:TrackPointExtension>
            <ns3:hr>151</ns3:hr>
            <ns3:cad>85</ns3:cad>
          </ns3:TrackPointExtension>
        </extensions>
      </trkpt>
      <trkpt lat="37.5172861106693744659423828125" lon="127.06896317191421985626220703125">
        <ele>12.80000019073486328125</ele>
        <time>2026-09-10T10:37:01.000Z</time>
        <extensions>
          <ns3:TrackPointExtension>
            <ns3:hr>151</ns3:hr>
            <ns3:cad>84</ns3:cad>
          </ns3:TrackPointExtension>
        </extensions>
      </trkpt>
      <trkpt lat="37.51724797300994396209716796875" lon="127.06897105090320110321044921875">
        <ele>12.6000003814697265625</ele>
        <time>2026-09-10T10:37:02.000Z</time>
        <extensions>
          <ns3:TrackPointExtension>
            <ns3:hr>152</ns3:hr>
            <ns3:cad>83</ns3:cad>
          </ns3:TrackPointExtension>
        </extensions>
      </trkpt>
      <trkpt lat="37.51721821725368499755859375" lon="127.0689723081886768341064453125">
        <ele>12.6000003814697265625</ele>
        <time>2026-09-10T10:37:03.000Z</time>
        <extensions>
          <ns3:TrackPointExtension>
            <ns3:hr>152</ns3:hr>
            <ns3:cad>83</ns3:cad>
          </ns3:TrackPointExtension>
        </extensions>
      </trkpt>
      <trkpt lat="37.51719315536320209503173828125" lon="127.06897809170186519622802734375">
        <ele>12.6000003814697265625</ele>
        <time>2026-09-10T10:37:04.000Z</time>
        <extensions>
          <ns3:TrackPointExtension>
            <ns3:hr>152</ns3:hr>
            <ns3:cad>83</ns3:cad>
          </ns3:TrackPointExtension>
        </extensions>
      </trkpt>
      <trkpt lat="37.51715476624667644500732421875" lon="127.0689816959202289581298828125">
        <ele>12.6000003814697265625</ele>
        <time>2026-09-10T10:37:05.000Z</time>
        <extensions>
          <ns3:TrackPointExtension>
            <ns3:hr>151</ns3:hr>
            <ns3:cad>84</ns3:cad>
          </ns3:TrackPointExtension>
        </extensions>
      </trkpt>
      <trkpt lat="37.51712978817522525787353515625" lon="127.06898965872824192047119140625">
        <ele>12.6000003814697265625</ele>
        <time>2026-09-10T10:37:06.000Z</time>
        <extensions>
          <ns3:TrackPointExtension>
            <ns3:hr>152</ns3:hr>
            <ns3:cad>84</ns3:cad>
          </ns3:TrackPointExtension>
        </extensions>
      </trkpt>
      <trkpt lat="37.51709760166704654693603515625" lon="127.0689924247562885284423828125">
        <ele>12.80000019073486328125</ele>
        <time>2026-09-10T10:37:07.000Z</time>
        <extensions>
          <ns3:TrackPointExtension>
            <ns3:hr>151</ns3:hr>
            <ns3:cad>84</ns3:cad>
          </ns3:TrackPointExtension>
        </extensions>
      </trkpt>
      <trkpt lat="37.5170644931495189666748046875" lon="127.06900239922106266021728515625">
        <ele>12.80000019073486328125</ele>
        <time>2026-09-10T10:37:08.000Z</time>
        <extensions>
          <ns3:TrackPointExtension>
            <ns3:hr>151</ns3:hr>
            <ns3:cad>84</ns3:cad>
          </ns3:TrackPointExtension>
        </extensions>
      </trkpt>
      <trkpt lat="37.5170380063354969024658203125" lon="127.06900994293391704559326171875">
        <ele>12.80000019073486328125</ele>
        <time>2026-09-10T10:37:09.000Z</time>
        <extensions>
          <ns3:TrackPointExtension>
            <ns3:hr>151</ns3:hr>
            <ns3:cad>84</ns3:cad>
          </ns3:TrackPointExtension>
        </extensions>
      </trkpt>
      <trkpt lat="37.5170038081705570220947265625" lon="127.06900608725845813751220703125">
        <ele>12.80000019073486328125</ele>
        <time>2026-09-10T10:37:10.000Z</time>
        <extensions>
          <ns3:TrackPointExtension>
            <ns3:hr>151</ns3:hr>
            <ns3:cad>84</ns3:cad>
          </ns3:TrackPointExtension>
        </extensions>
      </trkpt>
      <trkpt lat="37.51697857864201068878173828125" lon="127.06901413388550281524658203125">
        <ele>12.80000019073486328125</ele>
        <time>2026-09-10T10:37:11.000Z</time>
        <extensions>
          <ns3:TrackPointExtension>
            <ns3:hr>151</ns3:hr>
            <ns3:cad>84</ns3:cad>
          </ns3:TrackPointExtension>
        </extensions>
      </trkpt>
      <trkpt lat="37.51693935133516788482666015625" lon="127.06901882775127887725830078125">
        <ele>12.6000003814697265625</ele>
        <time>2026-09-10T10:37:12.000Z</time>
        <extensions>
          <ns3:TrackPointExtension>
            <ns3:hr>151</ns3:hr>
            <ns3:cad>84</ns3:cad>
          </ns3:TrackPointExtension>
        </extensions>
      </trkpt>
      <trkpt lat="37.5169069133698940277099609375" lon="127.069031484425067901611328125">
        <ele>12.6000003814697265625</ele>
        <time>2026-09-10T10:37:13.000Z</time>
        <extensions>
          <ns3:TrackPointExtension>
            <ns3:hr>151</ns3:hr>
            <ns3:cad>84</ns3:cad>
          </ns3:TrackPointExtension>
        </extensions>
      </trkpt>
      <trkpt lat="37.51687698997557163238525390625" lon="127.0690391957759857177734375">
        <ele>12.6000003814697265625</ele>
        <time>2026-09-10T10:37:14.000Z</time>
        <extensions>
          <ns3:TrackPointExtension>
            <ns3:hr>151</ns3:hr>
            <ns3:cad>84</ns3:cad>
          </ns3:TrackPointExtension>
        </extensions>
      </trkpt>
      <trkpt lat="37.5168418698012828826904296875" lon="127.069040201604366302490234375">
        <ele>12.6000003814697265625</ele>
        <time>2026-09-10T10:37:15.000Z</time>
        <extensions>
          <ns3:TrackPointExtension>
            <ns3:hr>151</ns3:hr>
            <ns3:cad>84</ns3:cad>
          </ns3:TrackPointExtension>
        </extensions>
      </trkpt>
      <trkpt lat="37.51681831665337085723876953125" lon="127.06905193626880645751953125">
        <ele>12.3999996185302734375</ele>
        <time>2026-09-10T10:37:16.000Z</time>
        <extensions>
          <ns3:TrackPointExtension>
            <ns3:hr>151</ns3:hr>
            <ns3:cad>84</ns3:cad>
          </ns3:TrackPointExtension>
        </extensions>
      </trkpt>
      <trkpt lat="37.51678411848843097686767578125" lon="127.06906174309551715850830078125">
        <ele>12.3999996185302734375</ele>
        <time>2026-09-10T10:37:17.000Z</time>
        <extensions>
          <ns3:TrackPointExtension>
            <ns3:hr>151</ns3:hr>
            <ns3:cad>84</ns3:cad>
          </ns3:TrackPointExtension>
        </extensions>
      </trkpt>
      <trkpt lat="37.51675142906606197357177734375" lon="127.06906895153224468231201171875">
        <ele>12.3999996185302734375</ele>
        <time>2026-09-10T10:37:18.000Z</time>
        <extensions>
          <ns3:TrackPointExtension>
            <ns3:hr>151</ns3:hr>
            <ns3:cad>84</ns3:cad>
          </ns3:TrackPointExtension>
        </extensions>
      </trkpt>
      <trkpt lat="37.51672075130045413970947265625" lon="127.06907414831221103668212890625">
        <ele>12.3999996185302734375</ele>
        <time>2026-09-10T10:37:19.000Z</time>
        <extensions>
          <ns3:TrackPointExtension>
            <ns3:hr>151</ns3:hr>
            <ns3:cad>84</ns3:cad>
          </ns3:TrackPointExtension>
        </extensions>
      </trkpt>
      <trkpt lat="37.51668286509811878204345703125" lon="127.069076411426067352294921875">
        <ele>12.6000003814697265625</ele>
        <time>2026-09-10T10:37:20.000Z</time>
        <extensions>
          <ns3:TrackPointExtension>
            <ns3:hr>151</ns3:hr>
            <ns3:cad>85</ns3:cad>
          </ns3:TrackPointExtension>
        </extensions>
      </trkpt>
      <trkpt lat="37.516657300293445587158203125" lon="127.06908278167247772216796875">
        <ele>12.6000003814697265625</ele>
        <time>2026-09-10T10:37:21.000Z</time>
        <extensions>
          <ns3:TrackPointExtension>
            <ns3:hr>150</ns3:hr>
            <ns3:cad>85</ns3:cad>
          </ns3:TrackPointExtension>
        </extensions>
      </trkpt>
      <trkpt lat="37.51661614514887332916259765625" lon="127.0690876431763172149658203125">
        <ele>12.6000003814697265625</ele>
        <time>2026-09-10T10:37:22.000Z</time>
        <extensions>
          <ns3:TrackPointExtension>
            <ns3:hr>151</ns3:hr>
            <ns3:cad>85</ns3:cad>
          </ns3:TrackPointExtension>
        </extensions>
      </trkpt>
      <trkpt lat="37.5165872275829315185546875" lon="127.06909845583140850067138671875">
        <ele>12.6000003814697265625</ele>
        <time>2026-09-10T10:37:23.000Z</time>
        <extensions>
          <ns3:TrackPointExtension>
            <ns3:hr>151</ns3:hr>
            <ns3:cad>84</ns3:cad>
          </ns3:TrackPointExtension>
        </extensions>
      </trkpt>
      <trkpt lat="37.51655562780797481536865234375" lon="127.06910692155361175537109375">
        <ele>12.6000003814697265625</ele>
        <time>2026-09-10T10:37:24.000Z</time>
        <extensions>
          <ns3:TrackPointExtension>
            <ns3:hr>151</ns3:hr>
            <ns3:cad>84</ns3:cad>
          </ns3:TrackPointExtension>
        </extensions>
      </trkpt>
      <trkpt lat="37.5165203399956226348876953125" lon="127.06910616718232631683349609375">
        <ele>12.6000003814697265625</ele>
        <time>2026-09-10T10:37:25.000Z</time>
        <extensions>
          <ns3:TrackPointExtension>
            <ns3:hr>150</ns3:hr>
            <ns3:cad>84</ns3:cad>
          </ns3:TrackPointExtension>
        </extensions>
      </trkpt>
      <trkpt lat="37.51649527810513973236083984375" lon="127.069117315113544464111328125">
        <ele>12.6000003814697265625</ele>
        <time>2026-09-10T10:37:26.000Z</time>
        <extensions>
          <ns3:TrackPointExtension>
            <ns3:hr>151</ns3:hr>
            <ns3:cad>84</ns3:cad>
          </ns3:TrackPointExtension>
        </extensions>
      </trkpt>
      <trkpt lat="37.51645915210247039794921875" lon="127.06911941058933734893798828125">
        <ele>12.6000003814697265625</ele>
        <time>2026-09-10T10:37:27.000Z</time>
        <extensions>
          <ns3:TrackPointExtension>
            <ns3:hr>151</ns3:hr>
            <ns3:cad>84</ns3:cad>
          </ns3:TrackPointExtension>
        </extensions>
      </trkpt>
      <trkpt lat="37.51643258146941661834716796875" lon="127.06912393681704998016357421875">
        <ele>12.6000003814697265625</ele>
        <time>2026-09-10T10:37:28.000Z</time>
        <extensions>
          <ns3:TrackPointExtension>
            <ns3:hr>151</ns3:hr>
            <ns3:cad>84</ns3:cad>
          </ns3:TrackPointExtension>
        </extensions>
      </trkpt>
      <trkpt lat="37.51640324480831623077392578125" lon="127.06913106143474578857421875">
        <ele>12.6000003814697265625</ele>
        <time>2026-09-10T10:37:29.000Z</time>
        <extensions>
          <ns3:TrackPointExtension>
            <ns3:hr>151</ns3:hr>
            <ns3:cad>84</ns3:cad>
          </ns3:TrackPointExtension>
        </extensions>
      </trkpt>
      <trkpt lat="37.516372315585613250732421875" lon="127.06913173198699951171875">
        <ele>12.6000003814697265625</ele>
        <time>2026-09-10T10:37:30.000Z</time>
        <extensions>
          <ns3:TrackPointExtension>
            <ns3:hr>151</ns3:hr>
            <ns3:cad>84</ns3:cad>
          </ns3:TrackPointExtension>
        </extensions>
      </trkpt>
      <trkpt lat="37.5163493491709232330322265625" lon="127.06913818605244159698486328125">
        <ele>12.80000019073486328125</ele>
        <time>2026-09-10T10:37:31.000Z</time>
        <extensions>
          <ns3:TrackPointExtension>
            <ns3:hr>151</ns3:hr>
            <ns3:cad>84</ns3:cad>
          </ns3:TrackPointExtension>
        </extensions>
      </trkpt>
      <trkpt lat="37.51630970276892185211181640625" lon="127.06914220936596393585205078125">
        <ele>12.80000019073486328125</ele>
        <time>2026-09-10T10:37:32.000Z</time>
        <extensions>
          <ns3:TrackPointExtension>
            <ns3:hr>151</ns3:hr>
            <ns3:cad>84</ns3:cad>
          </ns3:TrackPointExtension>
        </extensions>
      </trkpt>
      <trkpt lat="37.51628623344004154205322265625" lon="127.06914715468883514404296875">
        <ele>12.6000003814697265625</ele>
        <time>2026-09-10T10:37:33.000Z</time>
        <extensions>
          <ns3:TrackPointExtension>
            <ns3:hr>151</ns3:hr>
            <ns3:cad>84</ns3:cad>
          </ns3:TrackPointExtension>
        </extensions>
      </trkpt>
      <trkpt lat="37.51624734140932559967041015625" lon="127.06915109418332576751708984375">
        <ele>12.6000003814697265625</ele>
        <time>2026-09-10T10:37:34.000Z</time>
        <extensions>
          <ns3:TrackPointExtension>
            <ns3:hr>151</ns3:hr>
            <ns3:cad>84</ns3:cad>
          </ns3:TrackPointExtension>
        </extensions>
      </trkpt>
      <trkpt lat="37.516215741634368896484375" lon="127.0691500045359134674072265625">
        <ele>12.6000003814697265625</ele>
        <time>2026-09-10T10:37:35.000Z</time>
        <extensions>
          <ns3:TrackPointExtension>
            <ns3:hr>152</ns3:hr>
            <ns3:cad>84</ns3:cad>
          </ns3:TrackPointExtension>
        </extensions>
      </trkpt>
      <trkpt lat="37.51618397422134876251220703125" lon="127.0691530220210552215576171875">
        <ele>12.6000003814697265625</ele>
        <time>2026-09-10T10:37:36.000Z</time>
        <extensions>
          <ns3:TrackPointExtension>
            <ns3:hr>152</ns3:hr>
            <ns3:cad>84</ns3:cad>
          </ns3:TrackPointExtension>
        </extensions>
      </trkpt>
      <trkpt lat="37.5161448307335376739501953125" lon="127.06913684494793415069580078125">
        <ele>12.6000003814697265625</ele>
        <time>2026-09-10T10:37:37.000Z</time>
        <extensions>
          <ns3:TrackPointExtension>
            <ns3:hr>152</ns3:hr>
            <ns3:cad>84</ns3:cad>
          </ns3:TrackPointExtension>
        </extensions>
      </trkpt>
      <trkpt lat="37.51611541025340557098388671875" lon="127.0691342465579509735107421875">
        <ele>12.3999996185302734375</ele>
        <time>2026-09-10T10:37:38.000Z</time>
        <extensions>
          <ns3:TrackPointExtension>
            <ns3:hr>151</ns3:hr>
            <ns3:cad>84</ns3:cad>
          </ns3:TrackPointExtension>
        </extensions>
      </trkpt>
      <trkpt lat="37.51607601530849933624267578125" lon="127.069118320941925048828125">
        <ele>12.3999996185302734375</ele>
        <time>2026-09-10T10:37:39.000Z</time>
        <extensions>
          <ns3:TrackPointExtension>
            <ns3:hr>152</ns3:hr>
            <ns3:cad>84</ns3:cad>
          </ns3:TrackPointExtension>
        </extensions>
      </trkpt>
      <trkpt lat="37.51604399643838405609130859375" lon="127.0691062510013580322265625">
        <ele>12.3999996185302734375</ele>
        <time>2026-09-10T10:37:40.000Z</time>
        <extensions>
          <ns3:TrackPointExtension>
            <ns3:hr>152</ns3:hr>
            <ns3:cad>85</ns3:cad>
          </ns3:TrackPointExtension>
        </extensions>
      </trkpt>
      <trkpt lat="37.51601365394890308380126953125" lon="127.06909619271755218505859375">
        <ele>12.3999996185302734375</ele>
        <time>2026-09-10T10:37:41.000Z</time>
        <extensions>
          <ns3:TrackPointExtension>
            <ns3:hr>152</ns3:hr>
            <ns3:cad>85</ns3:cad>
          </ns3:TrackPointExtension>
        </extensions>
      </trkpt>
      <trkpt lat="37.5159823894500732421875" lon="127.069066353142261505126953125">
        <ele>12.3999996185302734375</ele>
        <time>2026-09-10T10:37:42.000Z</time>
        <extensions>
          <ns3:TrackPointExtension>
            <ns3:hr>152</ns3:hr>
            <ns3:cad>85</ns3:cad>
          </ns3:TrackPointExtension>
        </extensions>
      </trkpt>
      <trkpt lat="37.51595732755959033966064453125" lon="127.06905671395361423492431640625">
        <ele>12.3999996185302734375</ele>
        <time>2026-09-10T10:37:43.000Z</time>
        <extensions>
          <ns3:TrackPointExtension>
            <ns3:hr>152</ns3:hr>
            <ns3:cad>85</ns3:cad>
          </ns3:TrackPointExtension>
        </extensions>
      </trkpt>
      <trkpt lat="37.515921704471111297607421875" lon="127.06903525628149509429931640625">
        <ele>12.19999980926513671875</ele>
        <time>2026-09-10T10:37:44.000Z</time>
        <extensions>
          <ns3:TrackPointExtension>
            <ns3:hr>152</ns3:hr>
            <ns3:cad>85</ns3:cad>
          </ns3:TrackPointExtension>
        </extensions>
      </trkpt>
      <trkpt lat="37.51589119434356689453125" lon="127.06902184523642063140869140625">
        <ele>12</ele>
        <time>2026-09-10T10:37:45.000Z</time>
        <extensions>
          <ns3:TrackPointExtension>
            <ns3:hr>152</ns3:hr>
            <ns3:cad>85</ns3:cad>
          </ns3:TrackPointExtension>
        </extensions>
      </trkpt>
      <trkpt lat="37.51586378552019596099853515625" lon="127.0690034888684749603271484375">
        <ele>12</ele>
        <time>2026-09-10T10:37:46.000Z</time>
        <extensions>
          <ns3:TrackPointExtension>
            <ns3:hr>152</ns3:hr>
            <ns3:cad>85</ns3:cad>
          </ns3:TrackPointExtension>
        </extensions>
      </trkpt>
      <trkpt lat="37.51582958735525608062744140625" lon="127.06897909753024578094482421875">
        <ele>11.80000019073486328125</ele>
        <time>2026-09-10T10:37:47.000Z</time>
        <extensions>
          <ns3:TrackPointExtension>
            <ns3:hr>152</ns3:hr>
            <ns3:cad>85</ns3:cad>
          </ns3:TrackPointExtension>
        </extensions>
      </trkpt>
      <trkpt lat="37.515797317028045654296875" lon="127.06896769814193248748779296875">
        <ele>11.6000003814697265625</ele>
        <time>2026-09-10T10:37:48.000Z</time>
        <extensions>
          <ns3:TrackPointExtension>
            <ns3:hr>152</ns3:hr>
            <ns3:cad>85</ns3:cad>
          </ns3:TrackPointExtension>
        </extensions>
      </trkpt>
      <trkpt lat="37.51576043665409088134765625" lon="127.06895059905946254730224609375">
        <ele>11.6000003814697265625</ele>
        <time>2026-09-10T10:37:49.000Z</time>
        <extensions>
          <ns3:TrackPointExtension>
            <ns3:hr>152</ns3:hr>
            <ns3:cad>85</ns3:cad>
          </ns3:TrackPointExtension>
        </extensions>
      </trkpt>
      <trkpt lat="37.51573034562170505523681640625" lon="127.06893484108150005340576171875">
        <ele>11.6000003814697265625</ele>
        <time>2026-09-10T10:37:50.000Z</time>
        <extensions>
          <ns3:TrackPointExtension>
            <ns3:hr>153</ns3:hr>
            <ns3:cad>85</ns3:cad>
          </ns3:TrackPointExtension>
        </extensions>
      </trkpt>
      <trkpt lat="37.5156965665519237518310546875" lon="127.06891355104744434356689453125">
        <ele>11.6000003814697265625</ele>
        <time>2026-09-10T10:37:51.000Z</time>
        <extensions>
          <ns3:TrackPointExtension>
            <ns3:hr>152</ns3:hr>
            <ns3:cad>85</ns3:cad>
          </ns3:TrackPointExtension>
        </extensions>
      </trkpt>
      <trkpt lat="37.5156637094914913177490234375" lon="127.06889024935662746429443359375">
        <ele>11.6000003814697265625</ele>
        <time>2026-09-10T10:37:52.000Z</time>
        <extensions>
          <ns3:TrackPointExtension>
            <ns3:hr>153</ns3:hr>
            <ns3:cad>85</ns3:cad>
          </ns3:TrackPointExtension>
        </extensions>
      </trkpt>
      <trkpt lat="37.5156355462968349456787109375" lon="127.068873234093189239501953125">
        <ele>11.80000019073486328125</ele>
        <time>2026-09-10T10:37:53.000Z</time>
        <extensions>
          <ns3:TrackPointExtension>
            <ns3:hr>153</ns3:hr>
            <ns3:cad>85</ns3:cad>
          </ns3:TrackPointExtension>
        </extensions>
      </trkpt>
      <trkpt lat="37.51560159958899021148681640625" lon="127.06885353662073612213134765625">
        <ele>11.6000003814697265625</ele>
        <time>2026-09-10T10:37:54.000Z</time>
        <extensions>
          <ns3:TrackPointExtension>
            <ns3:hr>153</ns3:hr>
            <ns3:cad>85</ns3:cad>
          </ns3:TrackPointExtension>
        </extensions>
      </trkpt>
      <trkpt lat="37.51560478471219539642333984375" lon="127.06884817220270633697509765625">
        <ele>11.6000003814697265625</ele>
        <time>2026-09-10T10:37:55.000Z</time>
        <extensions>
          <ns3:TrackPointExtension>
            <ns3:hr>153</ns3:hr>
            <ns3:cad>85</ns3:cad>
          </ns3:TrackPointExtension>
        </extensions>
      </trkpt>
      <trkpt lat="37.51557796262204647064208984375" lon="127.06881917081773281097412109375">
        <ele>11.3999996185302734375</ele>
        <time>2026-09-10T10:37:56.000Z</time>
        <extensions>
          <ns3:TrackPointExtension>
            <ns3:hr>153</ns3:hr>
            <ns3:cad>85</ns3:cad>
          </ns3:TrackPointExtension>
        </extensions>
      </trkpt>
      <trkpt lat="37.515549547970294952392578125" lon="127.06878664903342723846435546875">
        <ele>11.3999996185302734375</ele>
        <time>2026-09-10T10:37:57.000Z</time>
        <extensions>
          <ns3:TrackPointExtension>
            <ns3:hr>152</ns3:hr>
            <ns3:cad>85</ns3:cad>
          </ns3:TrackPointExtension>
        </extensions>
      </trkpt>
      <trkpt lat="37.5155252404510974884033203125" lon="127.068753875792026519775390625">
        <ele>11.3999996185302734375</ele>
        <time>2026-09-10T10:37:58.000Z</time>
        <extensions>
          <ns3:TrackPointExtension>
            <ns3:hr>153</ns3:hr>
            <ns3:cad>85</ns3:cad>
          </ns3:TrackPointExtension>
        </extensions>
      </trkpt>
      <trkpt lat="37.515500597655773162841796875" lon="127.06871003843843936920166015625">
        <ele>11.3999996185302734375</ele>
        <time>2026-09-10T10:37:59.000Z</time>
        <extensions>
          <ns3:TrackPointExtension>
            <ns3:hr>153</ns3:hr>
            <ns3:cad>85</ns3:cad>
          </ns3:TrackPointExtension>
        </extensions>
      </trkpt>
      <trkpt lat="37.515479810535907745361328125" lon="127.06868522800505161285400390625">
        <ele>11.19999980926513671875</ele>
        <time>2026-09-10T10:38:00.000Z</time>
        <extensions>
          <ns3:TrackPointExtension>
            <ns3:hr>153</ns3:hr>
            <ns3:cad>85</ns3:cad>
          </ns3:TrackPointExtension>
        </extensions>
      </trkpt>
      <trkpt lat="37.5154595263302326202392578125" lon="127.06863627769052982330322265625">
        <ele>11.3999996185302734375</ele>
        <time>2026-09-10T10:38:01.000Z</time>
        <extensions>
          <ns3:TrackPointExtension>
            <ns3:hr>153</ns3:hr>
            <ns3:cad>85</ns3:cad>
          </ns3:TrackPointExtension>
        </extensions>
      </trkpt>
      <trkpt lat="37.5154414214193820953369140625" lon="127.06860761158168315887451171875">
        <ele>11.19999980926513671875</ele>
        <time>2026-09-10T10:38:02.000Z</time>
        <extensions>
          <ns3:TrackPointExtension>
            <ns3:hr>153</ns3:hr>
            <ns3:cad>85</ns3:cad>
          </ns3:TrackPointExtension>
        </extensions>
      </trkpt>
      <trkpt lat="37.51542340032756328582763671875" lon="127.0685652829706668853759765625">
        <ele>11.19999980926513671875</ele>
        <time>2026-09-10T10:38:03.000Z</time>
        <extensions>
          <ns3:TrackPointExtension>
            <ns3:hr>152</ns3:hr>
            <ns3:cad>85</ns3:cad>
          </ns3:TrackPointExtension>
        </extensions>
      </trkpt>
      <trkpt lat="37.51542289741337299346923828125" lon="127.06851423718035221099853515625">
        <ele>11</ele>
        <time>2026-09-10T10:38:04.000Z</time>
        <extensions>
          <ns3:TrackPointExtension>
            <ns3:hr>153</ns3:hr>
            <ns3:cad>85</ns3:cad>
          </ns3:TrackPointExtension>
        </extensions>
      </trkpt>
      <trkpt lat="37.5154166109859943389892578125" lon="127.06848305650055408477783203125">
        <ele>11</ele>
        <time>2026-09-10T10:38:05.000Z</time>
        <extensions>
          <ns3:TrackPointExtension>
            <ns3:hr>153</ns3:hr>
            <ns3:cad>84</ns3:cad>
          </ns3:TrackPointExtension>
        </extensions>
      </trkpt>
      <trkpt lat="37.5154115818440914154052734375" lon="127.0684301666915416717529296875">
        <ele>11</ele>
        <time>2026-09-10T10:38:06.000Z</time>
        <extensions>
          <ns3:TrackPointExtension>
            <ns3:hr>153</ns3:hr>
            <ns3:cad>84</ns3:cad>
          </ns3:TrackPointExtension>
        </extensions>
      </trkpt>
      <trkpt lat="37.5154070556163787841796875" lon="127.06839521415531635284423828125">
        <ele>11</ele>
        <time>2026-09-10T10:38:07.000Z</time>
        <extensions>
          <ns3:TrackPointExtension>
            <ns3:hr>153</ns3:hr>
            <ns3:cad>84</ns3:cad>
          </ns3:TrackPointExtension>
        </extensions>
      </trkpt>
      <trkpt lat="37.5153954885900020599365234375" lon="127.06835900433361530303955078125">
        <ele>11</ele>
        <time>2026-09-10T10:38:08.000Z</time>
        <extensions>
          <ns3:TrackPointExtension>
            <ns3:hr>153</ns3:hr>
            <ns3:cad>84</ns3:cad>
          </ns3:TrackPointExtension>
        </extensions>
      </trkpt>
      <trkpt lat="37.51539389602839946746826171875" lon="127.0683121494948863983154296875">
        <ele>11</ele>
        <time>2026-09-10T10:38:09.000Z</time>
        <extensions>
          <ns3:TrackPointExtension>
            <ns3:hr>153</ns3:hr>
            <ns3:cad>84</ns3:cad>
          </ns3:TrackPointExtension>
        </extensions>
      </trkpt>
      <trkpt lat="37.5153907947242259979248046875" lon="127.06827920861542224884033203125">
        <ele>11</ele>
        <time>2026-09-10T10:38:10.000Z</time>
        <extensions>
          <ns3:TrackPointExtension>
            <ns3:hr>153</ns3:hr>
            <ns3:cad>84</ns3:cad>
          </ns3:TrackPointExtension>
        </extensions>
      </trkpt>
      <trkpt lat="37.51539071090519428253173828125" lon="127.0682233013212680816650390625">
        <ele>11</ele>
        <time>2026-09-10T10:38:11.000Z</time>
        <extensions>
          <ns3:TrackPointExtension>
            <ns3:hr>153</ns3:hr>
            <ns3:cad>83</ns3:cad>
          </ns3:TrackPointExtension>
        </extensions>
      </trkpt>
      <trkpt lat="37.5153877772390842437744140625" lon="127.0681880973279476165771484375">
        <ele>11</ele>
        <time>2026-09-10T10:38:12.000Z</time>
        <extensions>
          <ns3:TrackPointExtension>
            <ns3:hr>153</ns3:hr>
            <ns3:cad>83</ns3:cad>
          </ns3:TrackPointExtension>
        </extensions>
      </trkpt>
      <trkpt lat="37.515385262668132781982421875" lon="127.06813755445182323455810546875">
        <ele>10.80000019073486328125</ele>
        <time>2026-09-10T10:38:13.000Z</time>
        <extensions>
          <ns3:TrackPointExtension>
            <ns3:hr>154</ns3:hr>
            <ns3:cad>83</ns3:cad>
          </ns3:TrackPointExtension>
        </extensions>
      </trkpt>
      <trkpt lat="37.5153874419629573822021484375" lon="127.068094052374362945556640625">
        <ele>10.80000019073486328125</ele>
        <time>2026-09-10T10:38:14.000Z</time>
        <extensions>
          <ns3:TrackPointExtension>
            <ns3:hr>153</ns3:hr>
            <ns3:cad>83</ns3:cad>
          </ns3:TrackPointExtension>
        </extensions>
      </trkpt>
      <trkpt lat="37.5153909623622894287109375" lon="127.06805683672428131103515625">
        <ele>10.80000019073486328125</ele>
        <time>2026-09-10T10:38:15.000Z</time>
        <extensions>
          <ns3:TrackPointExtension>
            <ns3:hr>154</ns3:hr>
            <ns3:cad>83</ns3:cad>
          </ns3:TrackPointExtension>
        </extensions>
      </trkpt>
      <trkpt lat="37.51541149802505970001220703125" lon="127.068008892238140106201171875">
        <ele>10.80000019073486328125</ele>
        <time>2026-09-10T10:38:16.000Z</time>
        <extensions>
          <ns3:TrackPointExtension>
            <ns3:hr>153</ns3:hr>
            <ns3:cad>84</ns3:cad>
          </ns3:TrackPointExtension>
        </extensions>
      </trkpt>
      <trkpt lat="37.5154213048517704010009765625" lon="127.0679728500545024871826171875">
        <ele>11</ele>
        <time>2026-09-10T10:38:17.000Z</time>
        <extensions>
          <ns3:TrackPointExtension>
            <ns3:hr>153</ns3:hr>
            <ns3:cad>84</ns3:cad>
          </ns3:TrackPointExtension>
        </extensions>
      </trkpt>
      <trkpt lat="37.51542926765978336334228515625" lon="127.067917026579380035400390625">
        <ele>11.19999980926513671875</ele>
        <time>2026-09-10T10:38:18.000Z</time>
        <extensions>
          <ns3:TrackPointExtension>
            <ns3:hr>153</ns3:hr>
            <ns3:cad>84</ns3:cad>
          </ns3:TrackPointExtension>
        </extensions>
      </trkpt>
      <trkpt lat="37.51542239449918270111083984375" lon="127.06787050701677799224853515625">
        <ele>11.3999996185302734375</ele>
        <time>2026-09-10T10:38:19.000Z</time>
        <extensions>
          <ns3:TrackPointExtension>
            <ns3:hr>152</ns3:hr>
            <ns3:cad>84</ns3:cad>
          </ns3:TrackPointExtension>
        </extensions>
      </trkpt>
      <trkpt lat="37.5154142640531063079833984375" lon="127.0678363926708698272705078125">
        <ele>11.6000003814697265625</ele>
        <time>2026-09-10T10:38:20.000Z</time>
        <extensions>
          <ns3:TrackPointExtension>
            <ns3:hr>152</ns3:hr>
            <ns3:cad>85</ns3:cad>
          </ns3:TrackPointExtension>
        </extensions>
      </trkpt>
      <trkpt lat="37.515408061444759368896484375" lon="127.06778459250926971435546875">
        <ele>11.3999996185302734375</ele>
        <time>2026-09-10T10:38:21.000Z</time>
        <extensions>
          <ns3:TrackPointExtension>
            <ns3:hr>152</ns3:hr>
            <ns3:cad>85</ns3:cad>
          </ns3:TrackPointExtension>
        </extensions>
      </trkpt>
      <trkpt lat="37.5154045410454273223876953125" lon="127.0677542500197887420654296875">
        <ele>11.3999996185302734375</ele>
        <time>2026-09-10T10:38:22.000Z</time>
        <extensions>
          <ns3:TrackPointExtension>
            <ns3:hr>152</ns3:hr>
            <ns3:cad>84</ns3:cad>
          </ns3:TrackPointExtension>
        </extensions>
      </trkpt>
      <trkpt lat="37.515400350093841552734375" lon="127.0677034556865692138671875">
        <ele>11.3999996185302734375</ele>
        <time>2026-09-10T10:38:23.000Z</time>
        <extensions>
          <ns3:TrackPointExtension>
            <ns3:hr>153</ns3:hr>
            <ns3:cad>84</ns3:cad>
          </ns3:TrackPointExtension>
        </extensions>
      </trkpt>
      <trkpt lat="37.5153971649706363677978515625" lon="127.0676660723984241485595703125">
        <ele>11.3999996185302734375</ele>
        <time>2026-09-10T10:38:24.000Z</time>
        <extensions>
          <ns3:TrackPointExtension>
            <ns3:hr>153</ns3:hr>
            <ns3:cad>84</ns3:cad>
          </ns3:TrackPointExtension>
        </extensions>
      </trkpt>
      <trkpt lat="37.51539037562906742095947265625" lon="127.0676318742334842681884765625">
        <ele>11.3999996185302734375</ele>
        <time>2026-09-10T10:38:25.000Z</time>
        <extensions>
          <ns3:TrackPointExtension>
            <ns3:hr>153</ns3:hr>
            <ns3:cad>84</ns3:cad>
          </ns3:TrackPointExtension>
        </extensions>
      </trkpt>
      <trkpt lat="37.515390627086162567138671875" lon="127.0675800740718841552734375">
        <ele>11.3999996185302734375</ele>
        <time>2026-09-10T10:38:26.000Z</time>
        <extensions>
          <ns3:TrackPointExtension>
            <ns3:hr>153</ns3:hr>
            <ns3:cad>84</ns3:cad>
          </ns3:TrackPointExtension>
        </extensions>
      </trkpt>
      <trkpt lat="37.51539423130452632904052734375" lon="127.06755015067756175994873046875">
        <ele>11.19999980926513671875</ele>
        <time>2026-09-10T10:38:27.000Z</time>
        <extensions>
          <ns3:TrackPointExtension>
            <ns3:hr>153</ns3:hr>
            <ns3:cad>84</ns3:cad>
          </ns3:TrackPointExtension>
        </extensions>
      </trkpt>
      <trkpt lat="37.51539406366646289825439453125" lon="127.067501284182071685791015625">
        <ele>11.19999980926513671875</ele>
        <time>2026-09-10T10:38:28.000Z</time>
        <extensions>
          <ns3:TrackPointExtension>
            <ns3:hr>153</ns3:hr>
            <ns3:cad>84</ns3:cad>
          </ns3:TrackPointExtension>
        </extensions>
      </trkpt>
      <trkpt lat="37.515398673713207244873046875" lon="127.06746364943683147430419921875">
        <ele>11.19999980926513671875</ele>
        <time>2026-09-10T10:38:29.000Z</time>
        <extensions>
          <ns3:TrackPointExtension>
            <ns3:hr>153</ns3:hr>
            <ns3:cad>84</ns3:cad>
          </ns3:TrackPointExtension>
        </extensions>
      </trkpt>
      <trkpt lat="37.51539791934192180633544921875" lon="127.0674374140799045562744140625">
        <ele>11</ele>
        <time>2026-09-10T10:38:30.000Z</time>
        <extensions>
          <ns3:TrackPointExtension>
            <ns3:hr>154</ns3:hr>
            <ns3:cad>84</ns3:cad>
          </ns3:TrackPointExtension>
        </extensions>
      </trkpt>
      <trkpt lat="37.515393309295177459716796875" lon="127.0674062334001064300537109375">
        <ele>11</ele>
        <time>2026-09-10T10:38:31.000Z</time>
        <extensions>
          <ns3:TrackPointExtension>
            <ns3:hr>154</ns3:hr>
            <ns3:cad>82</ns3:cad>
          </ns3:TrackPointExtension>
        </extensions>
      </trkpt>
      <trkpt lat="37.5153720192611217498779296875" lon="127.06738318316638469696044921875">
        <ele>10.80000019073486328125</ele>
        <time>2026-09-10T10:38:32.000Z</time>
        <extensions>
          <ns3:TrackPointExtension>
            <ns3:hr>154</ns3:hr>
            <ns3:cad>82</ns3:cad>
          </ns3:TrackPointExtension>
        </extensions>
      </trkpt>
      <trkpt lat="37.51534544862806797027587890625" lon="127.06739391200244426727294921875">
        <ele>10.80000019073486328125</ele>
        <time>2026-09-10T10:38:33.000Z</time>
        <extensions>
          <ns3:TrackPointExtension>
            <ns3:hr>154</ns3:hr>
            <ns3:cad>82</ns3:cad>
          </ns3:TrackPointExtension>
        </extensions>
      </trkpt>
      <trkpt lat="37.5153120048344135284423828125" lon="127.06739340908825397491455078125">
        <ele>10.6000003814697265625</ele>
        <time>2026-09-10T10:38:34.000Z</time>
        <extensions>
          <ns3:TrackPointExtension>
            <ns3:hr>153</ns3:hr>
            <ns3:cad>82</ns3:cad>
          </ns3:TrackPointExtension>
        </extensions>
      </trkpt>
      <trkpt lat="37.515277974307537078857421875" lon="127.06740179099142551422119140625">
        <ele>10.6000003814697265625</ele>
        <time>2026-09-10T10:38:35.000Z</time>
        <extensions>
          <ns3:TrackPointExtension>
            <ns3:hr>153</ns3:hr>
            <ns3:cad>82</ns3:cad>
          </ns3:TrackPointExtension>
        </extensions>
      </trkpt>
      <trkpt lat="37.51524134539067745208740234375" lon="127.0674030482769012451171875">
        <ele>10.6000003814697265625</ele>
        <time>2026-09-10T10:38:36.000Z</time>
        <extensions>
          <ns3:TrackPointExtension>
            <ns3:hr>153</ns3:hr>
            <ns3:cad>82</ns3:cad>
          </ns3:TrackPointExtension>
        </extensions>
      </trkpt>
      <trkpt lat="37.51520966179668903350830078125" lon="127.06740799359977245330810546875">
        <ele>10.3999996185302734375</ele>
        <time>2026-09-10T10:38:37.000Z</time>
        <extensions>
          <ns3:TrackPointExtension>
            <ns3:hr>153</ns3:hr>
            <ns3:cad>82</ns3:cad>
          </ns3:TrackPointExtension>
        </extensions>
      </trkpt>
      <trkpt lat="37.5151762180030345916748046875" lon="127.0674179680645465850830078125">
        <ele>10.3999996185302734375</ele>
        <time>2026-09-10T10:38:38.000Z</time>
        <extensions>
          <ns3:TrackPointExtension>
            <ns3:hr>153</ns3:hr>
            <ns3:cad>83</ns3:cad>
          </ns3:TrackPointExtension>
        </extensions>
      </trkpt>
      <trkpt lat="37.5151363201439380645751953125" lon="127.067426182329654693603515625">
        <ele>10.3999996185302734375</ele>
        <time>2026-09-10T10:38:39.000Z</time>
        <extensions>
          <ns3:TrackPointExtension>
            <ns3:hr>153</ns3:hr>
            <ns3:cad>83</ns3:cad>
          </ns3:TrackPointExtension>
        </extensions>
      </trkpt>
      <trkpt lat="37.51510840840637683868408203125" lon="127.06743992865085601806640625">
        <ele>10.3999996185302734375</ele>
        <time>2026-09-10T10:38:40.000Z</time>
        <extensions>
          <ns3:TrackPointExtension>
            <ns3:hr>154</ns3:hr>
            <ns3:cad>83</ns3:cad>
          </ns3:TrackPointExtension>
        </extensions>
      </trkpt>
      <trkpt lat="37.5150749646127223968505859375" lon="127.06744839437305927276611328125">
        <ele>10.3999996185302734375</ele>
        <time>2026-09-10T10:38:41.000Z</time>
        <extensions>
          <ns3:TrackPointExtension>
            <ns3:hr>154</ns3:hr>
            <ns3:cad>84</ns3:cad>
          </ns3:TrackPointExtension>
        </extensions>
      </trkpt>
      <trkpt lat="37.5150434486567974090576171875" lon="127.0674548484385013580322265625">
        <ele>10.3999996185302734375</ele>
        <time>2026-09-10T10:38:42.000Z</time>
        <extensions>
          <ns3:TrackPointExtension>
            <ns3:hr>154</ns3:hr>
            <ns3:cad>84</ns3:cad>
          </ns3:TrackPointExtension>
        </extensions>
      </trkpt>
      <trkpt lat="37.51501771621406078338623046875" lon="127.06746348179876804351806640625">
        <ele>10.3999996185302734375</ele>
        <time>2026-09-10T10:38:43.000Z</time>
        <extensions>
          <ns3:TrackPointExtension>
            <ns3:hr>154</ns3:hr>
            <ns3:cad>84</ns3:cad>
          </ns3:TrackPointExtension>
        </extensions>
      </trkpt>
      <trkpt lat="37.51498687081038951873779296875" lon="127.06746406853199005126953125">
        <ele>10.19999980926513671875</ele>
        <time>2026-09-10T10:38:44.000Z</time>
        <extensions>
          <ns3:TrackPointExtension>
            <ns3:hr>154</ns3:hr>
            <ns3:cad>84</ns3:cad>
          </ns3:TrackPointExtension>
        </extensions>
      </trkpt>
      <trkpt lat="37.51495636068284511566162109375" lon="127.06746943295001983642578125">
        <ele>10.19999980926513671875</ele>
        <time>2026-09-10T10:38:45.000Z</time>
        <extensions>
          <ns3:TrackPointExtension>
            <ns3:hr>153</ns3:hr>
            <ns3:cad>84</ns3:cad>
          </ns3:TrackPointExtension>
        </extensions>
      </trkpt>
      <trkpt lat="37.51492090523242950439453125" lon="127.06747479736804962158203125">
        <ele>10.3999996185302734375</ele>
        <time>2026-09-10T10:38:46.000Z</time>
        <extensions>
          <ns3:TrackPointExtension>
            <ns3:hr>154</ns3:hr>
            <ns3:cad>84</ns3:cad>
          </ns3:TrackPointExtension>
        </extensions>
      </trkpt>
      <trkpt lat="37.51488871872425079345703125" lon="127.0674756355583667755126953125">
        <ele>10.3999996185302734375</ele>
        <time>2026-09-10T10:38:47.000Z</time>
        <extensions>
          <ns3:TrackPointExtension>
            <ns3:hr>153</ns3:hr>
            <ns3:cad>84</ns3:cad>
          </ns3:TrackPointExtension>
        </extensions>
      </trkpt>
      <trkpt lat="37.51486533321440219879150390625" lon="127.06748192198574542999267578125">
        <ele>10.3999996185302734375</ele>
        <time>2026-09-10T10:38:48.000Z</time>
        <extensions>
          <ns3:TrackPointExtension>
            <ns3:hr>153</ns3:hr>
            <ns3:cad>84</ns3:cad>
          </ns3:TrackPointExtension>
        </extensions>
      </trkpt>
      <trkpt lat="37.51482778228819370269775390625" lon="127.0674793235957622528076171875">
        <ele>10.3999996185302734375</ele>
        <time>2026-09-10T10:38:49.000Z</time>
        <extensions>
          <ns3:TrackPointExtension>
            <ns3:hr>153</ns3:hr>
            <ns3:cad>84</ns3:cad>
          </ns3:TrackPointExtension>
        </extensions>
      </trkpt>
      <trkpt lat="37.5148008763790130615234375" lon="127.06748695112764835357666015625">
        <ele>10.3999996185302734375</ele>
        <time>2026-09-10T10:38:50.000Z</time>
        <extensions>
          <ns3:TrackPointExtension>
            <ns3:hr>153</ns3:hr>
            <ns3:cad>85</ns3:cad>
          </ns3:TrackPointExtension>
        </extensions>
      </trkpt>
      <trkpt lat="37.51476667821407318115234375" lon="127.06749348901212215423583984375">
        <ele>10.3999996185302734375</ele>
        <time>2026-09-10T10:38:51.000Z</time>
        <extensions>
          <ns3:TrackPointExtension>
            <ns3:hr>154</ns3:hr>
            <ns3:cad>85</ns3:cad>
          </ns3:TrackPointExtension>
        </extensions>
      </trkpt>
      <trkpt lat="37.51473608426749706268310546875" lon="127.06749030388891696929931640625">
        <ele>10.3999996185302734375</ele>
        <time>2026-09-10T10:38:52.000Z</time>
        <extensions>
          <ns3:TrackPointExtension>
            <ns3:hr>153</ns3:hr>
            <ns3:cad>84</ns3:cad>
          </ns3:TrackPointExtension>
        </extensions>
      </trkpt>
      <trkpt lat="37.5147115252912044525146484375" lon="127.06750019453465938568115234375">
        <ele>10.19999980926513671875</ele>
        <time>2026-09-10T10:38:53.000Z</time>
        <extensions>
          <ns3:TrackPointExtension>
            <ns3:hr>153</ns3:hr>
            <ns3:cad>84</ns3:cad>
          </ns3:TrackPointExtension>
        </extensions>
      </trkpt>
      <trkpt lat="37.51467707566916942596435546875" lon="127.0675103366374969482421875">
        <ele>10.19999980926513671875</ele>
        <time>2026-09-10T10:38:54.000Z</time>
        <extensions>
          <ns3:TrackPointExtension>
            <ns3:hr>153</ns3:hr>
            <ns3:cad>84</ns3:cad>
          </ns3:TrackPointExtension>
        </extensions>
      </trkpt>
      <trkpt lat="37.514649331569671630859375" lon="127.06751578487455844879150390625">
        <ele>10.19999980926513671875</ele>
        <time>2026-09-10T10:38:55.000Z</time>
        <extensions>
          <ns3:TrackPointExtension>
            <ns3:hr>153</ns3:hr>
            <ns3:cad>83</ns3:cad>
          </ns3:TrackPointExtension>
        </extensions>
      </trkpt>
      <trkpt lat="37.5146173126995563507080078125" lon="127.06752550788223743438720703125">
        <ele>10.19999980926513671875</ele>
        <time>2026-09-10T10:38:56.000Z</time>
        <extensions>
          <ns3:TrackPointExtension>
            <ns3:hr>153</ns3:hr>
            <ns3:cad>84</ns3:cad>
          </ns3:TrackPointExtension>
        </extensions>
      </trkpt>
      <trkpt lat="37.51458428800106048583984375" lon="127.0675208978354930877685546875">
        <ele>10.19999980926513671875</ele>
        <time>2026-09-10T10:38:57.000Z</time>
        <extensions>
          <ns3:TrackPointExtension>
            <ns3:hr>153</ns3:hr>
            <ns3:cad>84</ns3:cad>
          </ns3:TrackPointExtension>
        </extensions>
      </trkpt>
      <trkpt lat="37.5145583041012287139892578125" lon="127.0675265975296497344970703125">
        <ele>10.3999996185302734375</ele>
        <time>2026-09-10T10:38:58.000Z</time>
        <extensions>
          <ns3:TrackPointExtension>
            <ns3:hr>152</ns3:hr>
            <ns3:cad>84</ns3:cad>
          </ns3:TrackPointExtension>
        </extensions>
      </trkpt>
      <trkpt lat="37.5145214237272739410400390625" lon="127.0675349794328212738037109375">
        <ele>10.3999996185302734375</ele>
        <time>2026-09-10T10:38:59.000Z</time>
        <extensions>
          <ns3:TrackPointExtension>
            <ns3:hr>152</ns3:hr>
            <ns3:cad>84</ns3:cad>
          </ns3:TrackPointExtension>
        </extensions>
      </trkpt>
      <trkpt lat="37.51449133269488811492919921875" lon="127.0675384998321533203125">
        <ele>10.19999980926513671875</ele>
        <time>2026-09-10T10:39:00.000Z</time>
        <extensions>
          <ns3:TrackPointExtension>
            <ns3:hr>153</ns3:hr>
            <ns3:cad>84</ns3:cad>
          </ns3:TrackPointExtension>
        </extensions>
      </trkpt>
      <trkpt lat="37.51446425914764404296875" lon="127.0675453729927539825439453125">
        <ele>10.19999980926513671875</ele>
        <time>2026-09-10T10:39:01.000Z</time>
        <extensions>
          <ns3:TrackPointExtension>
            <ns3:hr>153</ns3:hr>
            <ns3:cad>84</ns3:cad>
          </ns3:TrackPointExtension>
        </extensions>
      </trkpt>
      <trkpt lat="37.5144282169640064239501953125" lon="127.06754277460277080535888671875">
        <ele>10.19999980926513671875</ele>
        <time>2026-09-10T10:39:02.000Z</time>
        <extensions>
          <ns3:TrackPointExtension>
            <ns3:hr>153</ns3:hr>
            <ns3:cad>84</ns3:cad>
          </ns3:TrackPointExtension>
        </extensions>
      </trkpt>
      <trkpt lat="37.514407597482204437255859375" lon="127.0675480552017688751220703125">
        <ele>10.19999980926513671875</ele>
        <time>2026-09-10T10:39:03.000Z</time>
        <extensions>
          <ns3:TrackPointExtension>
            <ns3:hr>153</ns3:hr>
            <ns3:cad>84</ns3:cad>
          </ns3:TrackPointExtension>
        </extensions>
      </trkpt>
      <trkpt lat="37.51436979509890079498291015625" lon="127.0675530843436717987060546875">
        <ele>10</ele>
        <time>2026-09-10T10:39:04.000Z</time>
        <extensions>
          <ns3:TrackPointExtension>
            <ns3:hr>153</ns3:hr>
            <ns3:cad>84</ns3:cad>
          </ns3:TrackPointExtension>
        </extensions>
      </trkpt>
      <trkpt lat="37.514340877532958984375" lon="127.06756121478974819183349609375">
        <ele>9.80000019073486328125</ele>
        <time>2026-09-10T10:39:05.000Z</time>
        <extensions>
          <ns3:TrackPointExtension>
            <ns3:hr>153</ns3:hr>
            <ns3:cad>84</ns3:cad>
          </ns3:TrackPointExtension>
        </extensions>
      </trkpt>
      <trkpt lat="37.51431212760508060455322265625" lon="127.067569009959697723388671875">
        <ele>10</ele>
        <time>2026-09-10T10:39:06.000Z</time>
        <extensions>
          <ns3:TrackPointExtension>
            <ns3:hr>153</ns3:hr>
            <ns3:cad>84</ns3:cad>
          </ns3:TrackPointExtension>
        </extensions>
      </trkpt>
      <trkpt lat="37.5142766721546649932861328125" lon="127.06756439991295337677001953125">
        <ele>9.80000019073486328125</ele>
        <time>2026-09-10T10:39:07.000Z</time>
        <extensions>
          <ns3:TrackPointExtension>
            <ns3:hr>153</ns3:hr>
            <ns3:cad>84</ns3:cad>
          </ns3:TrackPointExtension>
        </extensions>
      </trkpt>
      <trkpt lat="37.5142510235309600830078125" lon="127.06757110543549060821533203125">
        <ele>9.80000019073486328125</ele>
        <time>2026-09-10T10:39:08.000Z</time>
        <extensions>
          <ns3:TrackPointExtension>
            <ns3:hr>152</ns3:hr>
            <ns3:cad>84</ns3:cad>
          </ns3:TrackPointExtension>
        </extensions>
      </trkpt>
      <trkpt lat="37.51421087421476840972900390625" lon="127.06757672131061553955078125">
        <ele>9.80000019073486328125</ele>
        <time>2026-09-10T10:39:09.000Z</time>
        <extensions>
          <ns3:TrackPointExtension>
            <ns3:hr>152</ns3:hr>
            <ns3:cad>84</ns3:cad>
          </ns3:TrackPointExtension>
        </extensions>
      </trkpt>
      <trkpt lat="37.5141799449920654296875" lon="127.06758703105151653289794921875">
        <ele>9.80000019073486328125</ele>
        <time>2026-09-10T10:39:10.000Z</time>
        <extensions>
          <ns3:TrackPointExtension>
            <ns3:hr>152</ns3:hr>
            <ns3:cad>84</ns3:cad>
          </ns3:TrackPointExtension>
        </extensions>
      </trkpt>
      <trkpt lat="37.51415002159774303436279296875" lon="127.067595161497592926025390625">
        <ele>9.80000019073486328125</ele>
        <time>2026-09-10T10:39:11.000Z</time>
        <extensions>
          <ns3:TrackPointExtension>
            <ns3:hr>152</ns3:hr>
            <ns3:cad>84</ns3:cad>
          </ns3:TrackPointExtension>
        </extensions>
      </trkpt>
      <trkpt lat="37.514113895595073699951171875" lon="127.06759910099208354949951171875">
        <ele>10</ele>
        <time>2026-09-10T10:39:12.000Z</time>
        <extensions>
          <ns3:TrackPointExtension>
            <ns3:hr>152</ns3:hr>
            <ns3:cad>84</ns3:cad>
          </ns3:TrackPointExtension>
        </extensions>
      </trkpt>
      <trkpt lat="37.514086402952671051025390625" lon="127.06760429777204990386962890625">
        <ele>10</ele>
        <time>2026-09-10T10:39:13.000Z</time>
        <extensions>
          <ns3:TrackPointExtension>
            <ns3:hr>152</ns3:hr>
            <ns3:cad>84</ns3:cad>
          </ns3:TrackPointExtension>
        </extensions>
      </trkpt>
      <trkpt lat="37.51404725946485996246337890625" lon="127.0676063932478427886962890625">
        <ele>10</ele>
        <time>2026-09-10T10:39:14.000Z</time>
        <extensions>
          <ns3:TrackPointExtension>
            <ns3:hr>152</ns3:hr>
            <ns3:cad>83</ns3:cad>
          </ns3:TrackPointExtension>
        </extensions>
      </trkpt>
      <trkpt lat="37.51401700079441070556640625" lon="127.06761418841779232025146484375">
        <ele>9.80000019073486328125</ele>
        <time>2026-09-10T10:39:15.000Z</time>
        <extensions>
          <ns3:TrackPointExtension>
            <ns3:hr>152</ns3:hr>
            <ns3:cad>83</ns3:cad>
          </ns3:TrackPointExtension>
        </extensions>
      </trkpt>
      <trkpt lat="37.513985820114612579345703125" lon="127.0676238276064395904541015625">
        <ele>9.80000019073486328125</ele>
        <time>2026-09-10T10:39:16.000Z</time>
        <extensions>
          <ns3:TrackPointExtension>
            <ns3:hr>151</ns3:hr>
            <ns3:cad>83</ns3:cad>
          </ns3:TrackPointExtension>
        </extensions>
      </trkpt>
      <trkpt lat="37.51395128667354583740234375" lon="127.06762089394032955169677734375">
        <ele>9.80000019073486328125</ele>
        <time>2026-09-10T10:39:17.000Z</time>
        <extensions>
          <ns3:TrackPointExtension>
            <ns3:hr>150</ns3:hr>
            <ns3:cad>84</ns3:cad>
          </ns3:TrackPointExtension>
        </extensions>
      </trkpt>
      <trkpt lat="37.51392605714499950408935546875" lon="127.06762391142547130584716796875">
        <ele>9.80000019073486328125</ele>
        <time>2026-09-10T10:39:18.000Z</time>
        <extensions>
          <ns3:TrackPointExtension>
            <ns3:hr>150</ns3:hr>
            <ns3:cad>84</ns3:cad>
          </ns3:TrackPointExtension>
        </extensions>
      </trkpt>
      <trkpt lat="37.51388129778206348419189453125" lon="127.0676258392632007598876953125">
        <ele>9.80000019073486328125</ele>
        <time>2026-09-10T10:39:19.000Z</time>
        <extensions>
          <ns3:TrackPointExtension>
            <ns3:hr>150</ns3:hr>
            <ns3:cad>84</ns3:cad>
          </ns3:TrackPointExtension>
        </extensions>
      </trkpt>
      <trkpt lat="37.513844333589076995849609375" lon="127.06763480789959430694580078125">
        <ele>9.80000019073486328125</ele>
        <time>2026-09-10T10:39:20.000Z</time>
        <extensions>
          <ns3:TrackPointExtension>
            <ns3:hr>150</ns3:hr>
            <ns3:cad>85</ns3:cad>
          </ns3:TrackPointExtension>
        </extensions>
      </trkpt>
      <trkpt lat="37.5138160027563571929931640625" lon="127.06764168106019496917724609375">
        <ele>9.80000019073486328125</ele>
        <time>2026-09-10T10:39:21.000Z</time>
        <extensions>
          <ns3:TrackPointExtension>
            <ns3:hr>150</ns3:hr>
            <ns3:cad>85</ns3:cad>
          </ns3:TrackPointExtension>
        </extensions>
      </trkpt>
      <trkpt lat="37.51377987675368785858154296875" lon="127.06763413734734058380126953125">
        <ele>9.80000019073486328125</ele>
        <time>2026-09-10T10:39:22.000Z</time>
        <extensions>
          <ns3:TrackPointExtension>
            <ns3:hr>150</ns3:hr>
            <ns3:cad>85</ns3:cad>
          </ns3:TrackPointExtension>
        </extensions>
      </trkpt>
      <trkpt lat="37.513755820691585540771484375" lon="127.06764151342213153839111328125">
        <ele>9.80000019073486328125</ele>
        <time>2026-09-10T10:39:23.000Z</time>
        <extensions>
          <ns3:TrackPointExtension>
            <ns3:hr>151</ns3:hr>
            <ns3:cad>84</ns3:cad>
          </ns3:TrackPointExtension>
        </extensions>
      </trkpt>
      <trkpt lat="37.51371684484183788299560546875" lon="127.06764318980276584625244140625">
        <ele>9.80000019073486328125</ele>
        <time>2026-09-10T10:39:24.000Z</time>
        <extensions>
          <ns3:TrackPointExtension>
            <ns3:hr>150</ns3:hr>
            <ns3:cad>84</ns3:cad>
          </ns3:TrackPointExtension>
        </extensions>
      </trkpt>
      <trkpt lat="37.5136931240558624267578125" lon="127.06765450537204742431640625">
        <ele>9.80000019073486328125</ele>
        <time>2026-09-10T10:39:25.000Z</time>
        <extensions>
          <ns3:TrackPointExtension>
            <ns3:hr>150</ns3:hr>
            <ns3:cad>84</ns3:cad>
          </ns3:TrackPointExtension>
        </extensions>
      </trkpt>
      <trkpt lat="37.51366294920444488525390625" lon="127.06766062416136264801025390625">
        <ele>9.80000019073486328125</ele>
        <time>2026-09-10T10:39:26.000Z</time>
        <extensions>
          <ns3:TrackPointExtension>
            <ns3:hr>150</ns3:hr>
            <ns3:cad>84</ns3:cad>
          </ns3:TrackPointExtension>
        </extensions>
      </trkpt>
      <trkpt lat="37.51362967304885387420654296875" lon="127.0676570199429988861083984375">
        <ele>9.80000019073486328125</ele>
        <time>2026-09-10T10:39:27.000Z</time>
        <extensions>
          <ns3:TrackPointExtension>
            <ns3:hr>150</ns3:hr>
            <ns3:cad>84</ns3:cad>
          </ns3:TrackPointExtension>
        </extensions>
      </trkpt>
      <trkpt lat="37.5136041082441806793212890625" lon="127.06766263581812381744384765625">
        <ele>9.6000003814697265625</ele>
        <time>2026-09-10T10:39:28.000Z</time>
        <extensions>
          <ns3:TrackPointExtension>
            <ns3:hr>150</ns3:hr>
            <ns3:cad>83</ns3:cad>
          </ns3:TrackPointExtension>
        </extensions>
      </trkpt>
      <trkpt lat="37.5135672278702259063720703125" lon="127.06766716204583644866943359375">
        <ele>9.6000003814697265625</ele>
        <time>2026-09-10T10:39:29.000Z</time>
        <extensions>
          <ns3:TrackPointExtension>
            <ns3:hr>150</ns3:hr>
            <ns3:cad>83</ns3:cad>
          </ns3:TrackPointExtension>
        </extensions>
      </trkpt>
      <trkpt lat="37.513539902865886688232421875" lon="127.0676764659583568572998046875">
        <ele>9.6000003814697265625</ele>
        <time>2026-09-10T10:39:30.000Z</time>
        <extensions>
          <ns3:TrackPointExtension>
            <ns3:hr>150</ns3:hr>
            <ns3:cad>83</ns3:cad>
          </ns3:TrackPointExtension>
        </extensions>
      </trkpt>
      <trkpt lat="37.513510398566722869873046875" lon="127.06768074072897434234619140625">
        <ele>9.6000003814697265625</ele>
        <time>2026-09-10T10:39:31.000Z</time>
        <extensions>
          <ns3:TrackPointExtension>
            <ns3:hr>150</ns3:hr>
            <ns3:cad>83</ns3:cad>
          </ns3:TrackPointExtension>
        </extensions>
      </trkpt>
      <trkpt lat="37.513482235372066497802734375" lon="127.06767353229224681854248046875">
        <ele>9.80000019073486328125</ele>
        <time>2026-09-10T10:39:32.000Z</time>
        <extensions>
          <ns3:TrackPointExtension>
            <ns3:hr>150</ns3:hr>
            <ns3:cad>83</ns3:cad>
          </ns3:TrackPointExtension>
        </extensions>
      </trkpt>
      <trkpt lat="37.513459436595439910888671875" lon="127.06767654977738857269287109375">
        <ele>9.80000019073486328125</ele>
        <time>2026-09-10T10:39:33.000Z</time>
        <extensions>
          <ns3:TrackPointExtension>
            <ns3:hr>150</ns3:hr>
            <ns3:cad>83</ns3:cad>
          </ns3:TrackPointExtension>
        </extensions>
      </trkpt>
      <trkpt lat="37.5134210474789142608642578125" lon="127.0676768012344837188720703125">
        <ele>9.80000019073486328125</ele>
        <time>2026-09-10T10:39:34.000Z</time>
        <extensions>
          <ns3:TrackPointExtension>
            <ns3:hr>150</ns3:hr>
            <ns3:cad>84</ns3:cad>
          </ns3:TrackPointExtension>
        </extensions>
      </trkpt>
      <trkpt lat="37.5133932195603847503662109375" lon="127.06768996082246303558349609375">
        <ele>9.80000019073486328125</ele>
        <time>2026-09-10T10:39:35.000Z</time>
        <extensions>
          <ns3:TrackPointExtension>
            <ns3:hr>150</ns3:hr>
            <ns3:cad>84</ns3:cad>
          </ns3:TrackPointExtension>
        </extensions>
      </trkpt>
      <trkpt lat="37.513362877070903778076171875" lon="127.06769876182079315185546875">
        <ele>9.80000019073486328125</ele>
        <time>2026-09-10T10:39:36.000Z</time>
        <extensions>
          <ns3:TrackPointExtension>
            <ns3:hr>151</ns3:hr>
            <ns3:cad>84</ns3:cad>
          </ns3:TrackPointExtension>
        </extensions>
      </trkpt>
      <trkpt lat="37.5133256614208221435546875" lon="127.0677066408097743988037109375">
        <ele>9.6000003814697265625</ele>
        <time>2026-09-10T10:39:37.000Z</time>
        <extensions>
          <ns3:TrackPointExtension>
            <ns3:hr>150</ns3:hr>
            <ns3:cad>84</ns3:cad>
          </ns3:TrackPointExtension>
        </extensions>
      </trkpt>
      <trkpt lat="37.5133033655583858489990234375" lon="127.06771477125585079193115234375">
        <ele>9.6000003814697265625</ele>
        <time>2026-09-10T10:39:38.000Z</time>
        <extensions>
          <ns3:TrackPointExtension>
            <ns3:hr>150</ns3:hr>
            <ns3:cad>84</ns3:cad>
          </ns3:TrackPointExtension>
        </extensions>
      </trkpt>
      <trkpt lat="37.5132661499083042144775390625" lon="127.06771762110292911529541015625">
        <ele>9.3999996185302734375</ele>
        <time>2026-09-10T10:39:39.000Z</time>
        <extensions>
          <ns3:TrackPointExtension>
            <ns3:hr>150</ns3:hr>
            <ns3:cad>84</ns3:cad>
          </ns3:TrackPointExtension>
        </extensions>
      </trkpt>
      <trkpt lat="37.51323781907558441162109375" lon="127.06772516481578350067138671875">
        <ele>9.3999996185302734375</ele>
        <time>2026-09-10T10:39:40.000Z</time>
        <extensions>
          <ns3:TrackPointExtension>
            <ns3:hr>150</ns3:hr>
            <ns3:cad>84</ns3:cad>
          </ns3:TrackPointExtension>
        </extensions>
      </trkpt>
      <trkpt lat="37.51320705749094486236572265625" lon="127.0677277632057666778564453125">
        <ele>9.3999996185302734375</ele>
        <time>2026-09-10T10:39:41.000Z</time>
        <extensions>
          <ns3:TrackPointExtension>
            <ns3:hr>150</ns3:hr>
            <ns3:cad>84</ns3:cad>
          </ns3:TrackPointExtension>
        </extensions>
      </trkpt>
      <trkpt lat="37.5131727755069732666015625" lon="127.0677213929593563079833984375">
        <ele>9.6000003814697265625</ele>
        <time>2026-09-10T10:39:42.000Z</time>
        <extensions>
          <ns3:TrackPointExtension>
            <ns3:hr>150</ns3:hr>
            <ns3:cad>85</ns3:cad>
          </ns3:TrackPointExtension>
        </extensions>
      </trkpt>
      <trkpt lat="37.513147629797458648681640625" lon="127.06772625446319580078125">
        <ele>9.6000003814697265625</ele>
        <time>2026-09-10T10:39:43.000Z</time>
        <extensions>
          <ns3:TrackPointExtension>
            <ns3:hr>150</ns3:hr>
            <ns3:cad>85</ns3:cad>
          </ns3:TrackPointExtension>
        </extensions>
      </trkpt>
      <trkpt lat="37.513108067214488983154296875" lon="127.06772382371127605438232421875">
        <ele>9.6000003814697265625</ele>
        <time>2026-09-10T10:39:44.000Z</time>
        <extensions>
          <ns3:TrackPointExtension>
            <ns3:hr>150</ns3:hr>
            <ns3:cad>85</ns3:cad>
          </ns3:TrackPointExtension>
        </extensions>
      </trkpt>
      <trkpt lat="37.513079904019832611083984375" lon="127.06772751174867153167724609375">
        <ele>9.6000003814697265625</ele>
        <time>2026-09-10T10:39:45.000Z</time>
        <extensions>
          <ns3:TrackPointExtension>
            <ns3:hr>150</ns3:hr>
            <ns3:cad>84</ns3:cad>
          </ns3:TrackPointExtension>
        </extensions>
      </trkpt>
      <trkpt lat="37.513047717511653900146484375" lon="127.06773539073765277862548828125">
        <ele>9.6000003814697265625</ele>
        <time>2026-09-10T10:39:46.000Z</time>
        <extensions>
          <ns3:TrackPointExtension>
            <ns3:hr>150</ns3:hr>
            <ns3:cad>83</ns3:cad>
          </ns3:TrackPointExtension>
        </extensions>
      </trkpt>
      <trkpt lat="37.51301092095673084259033203125" lon="127.0677381567656993865966796875">
        <ele>9.3999996185302734375</ele>
        <time>2026-09-10T10:39:47.000Z</time>
        <extensions>
          <ns3:TrackPointExtension>
            <ns3:hr>150</ns3:hr>
            <ns3:cad>83</ns3:cad>
          </ns3:TrackPointExtension>
        </extensions>
      </trkpt>
      <trkpt lat="37.512986697256565093994140625" lon="127.06774360500276088714599609375">
        <ele>9.3999996185302734375</ele>
        <time>2026-09-10T10:39:48.000Z</time>
        <extensions>
          <ns3:TrackPointExtension>
            <ns3:hr>150</ns3:hr>
            <ns3:cad>83</ns3:cad>
          </ns3:TrackPointExtension>
        </extensions>
      </trkpt>
      <trkpt lat="37.51294805668294429779052734375" lon="127.06774695776402950286865234375">
        <ele>9.3999996185302734375</ele>
        <time>2026-09-10T10:39:49.000Z</time>
        <extensions>
          <ns3:TrackPointExtension>
            <ns3:hr>150</ns3:hr>
            <ns3:cad>83</ns3:cad>
          </ns3:TrackPointExtension>
        </extensions>
      </trkpt>
      <trkpt lat="37.512918971478939056396484375" lon="127.0677552558481693267822265625">
        <ele>9.3999996185302734375</ele>
        <time>2026-09-10T10:39:50.000Z</time>
        <extensions>
          <ns3:TrackPointExtension>
            <ns3:hr>150</ns3:hr>
            <ns3:cad>83</ns3:cad>
          </ns3:TrackPointExtension>
        </extensions>
      </trkpt>
      <trkpt lat="37.51288703642785549163818359375" lon="127.067759446799755096435546875">
        <ele>9.3999996185302734375</ele>
        <time>2026-09-10T10:39:51.000Z</time>
        <extensions>
          <ns3:TrackPointExtension>
            <ns3:hr>150</ns3:hr>
            <ns3:cad>83</ns3:cad>
          </ns3:TrackPointExtension>
        </extensions>
      </trkpt>
      <trkpt lat="37.51285233534872531890869140625" lon="127.06775282509624958038330078125">
        <ele>9.6000003814697265625</ele>
        <time>2026-09-10T10:39:52.000Z</time>
        <extensions>
          <ns3:TrackPointExtension>
            <ns3:hr>151</ns3:hr>
            <ns3:cad>83</ns3:cad>
          </ns3:TrackPointExtension>
        </extensions>
      </trkpt>
      <trkpt lat="37.5128267705440521240234375" lon="127.06776103936135768890380859375">
        <ele>9.6000003814697265625</ele>
        <time>2026-09-10T10:39:53.000Z</time>
        <extensions>
          <ns3:TrackPointExtension>
            <ns3:hr>151</ns3:hr>
            <ns3:cad>85</ns3:cad>
          </ns3:TrackPointExtension>
        </extensions>
      </trkpt>
      <trkpt lat="37.51278896816074848175048828125" lon="127.0677656494081020355224609375">
        <ele>9.3999996185302734375</ele>
        <time>2026-09-10T10:39:54.000Z</time>
        <extensions>
          <ns3:TrackPointExtension>
            <ns3:hr>151</ns3:hr>
            <ns3:cad>84</ns3:cad>
          </ns3:TrackPointExtension>
        </extensions>
      </trkpt>
      <trkpt lat="37.5127585418522357940673828125" lon="127.067776210606098175048828125">
        <ele>9.3999996185302734375</ele>
        <time>2026-09-10T10:39:55.000Z</time>
        <extensions>
          <ns3:TrackPointExtension>
            <ns3:hr>150</ns3:hr>
            <ns3:cad>84</ns3:cad>
          </ns3:TrackPointExtension>
        </extensions>
      </trkpt>
      <trkpt lat="37.5127219967544078826904296875" lon="127.0677834190428256988525390625">
        <ele>9.3999996185302734375</ele>
        <time>2026-09-10T10:39:56.000Z</time>
        <extensions>
          <ns3:TrackPointExtension>
            <ns3:hr>151</ns3:hr>
            <ns3:cad>84</ns3:cad>
          </ns3:TrackPointExtension>
        </extensions>
      </trkpt>
      <trkpt lat="37.51268821768462657928466796875" lon="127.06778584979474544525146484375">
        <ele>9.3999996185302734375</ele>
        <time>2026-09-10T10:39:57.000Z</time>
        <extensions>
          <ns3:TrackPointExtension>
            <ns3:hr>151</ns3:hr>
            <ns3:cad>84</ns3:cad>
          </ns3:TrackPointExtension>
        </extensions>
      </trkpt>
      <trkpt lat="37.51266156323254108428955078125" lon="127.067788280546665191650390625">
        <ele>9.3999996185302734375</ele>
        <time>2026-09-10T10:39:58.000Z</time>
        <extensions>
          <ns3:TrackPointExtension>
            <ns3:hr>151</ns3:hr>
            <ns3:cad>84</ns3:cad>
          </ns3:TrackPointExtension>
        </extensions>
      </trkpt>
      <trkpt lat="37.5126224197447299957275390625" lon="127.0677891187369823455810546875">
        <ele>9.3999996185302734375</ele>
        <time>2026-09-10T10:39:59.000Z</time>
        <extensions>
          <ns3:TrackPointExtension>
            <ns3:hr>150</ns3:hr>
            <ns3:cad>84</ns3:cad>
          </ns3:TrackPointExtension>
        </extensions>
      </trkpt>
      <trkpt lat="37.51259584911167621612548828125" lon="127.06779825501143932342529296875">
        <ele>9.3999996185302734375</ele>
        <time>2026-09-10T10:40:00.000Z</time>
        <extensions>
          <ns3:TrackPointExtension>
            <ns3:hr>151</ns3:hr>
            <ns3:cad>84</ns3:cad>
          </ns3:TrackPointExtension>
        </extensions>
      </trkpt>
      <trkpt lat="37.51255779527127742767333984375" lon="127.06780361942946910858154296875">
        <ele>9.19999980926513671875</ele>
        <time>2026-09-10T10:40:01.000Z</time>
        <extensions>
          <ns3:TrackPointExtension>
            <ns3:hr>151</ns3:hr>
            <ns3:cad>84</ns3:cad>
          </ns3:TrackPointExtension>
        </extensions>
      </trkpt>
      <trkpt lat="37.5125261954963207244873046875" lon="127.06781066022813320159912109375">
        <ele>9.19999980926513671875</ele>
        <time>2026-09-10T10:40:02.000Z</time>
        <extensions>
          <ns3:TrackPointExtension>
            <ns3:hr>151</ns3:hr>
            <ns3:cad>84</ns3:cad>
          </ns3:TrackPointExtension>
        </extensions>
      </trkpt>
      <trkpt lat="37.5124973617494106292724609375" lon="127.06781543791294097900390625">
        <ele>9.19999980926513671875</ele>
        <time>2026-09-10T10:40:03.000Z</time>
        <extensions>
          <ns3:TrackPointExtension>
            <ns3:hr>151</ns3:hr>
            <ns3:cad>84</ns3:cad>
          </ns3:TrackPointExtension>
        </extensions>
      </trkpt>
      <trkpt lat="37.5124601460993289947509765625" lon="127.06781946122646331787109375">
        <ele>9.19999980926513671875</ele>
        <time>2026-09-10T10:40:04.000Z</time>
        <extensions>
          <ns3:TrackPointExtension>
            <ns3:hr>151</ns3:hr>
            <ns3:cad>84</ns3:cad>
          </ns3:TrackPointExtension>
        </extensions>
      </trkpt>
      <trkpt lat="37.51243357546627521514892578125" lon="127.0678229816257953643798828125">
        <ele>9.19999980926513671875</ele>
        <time>2026-09-10T10:40:05.000Z</time>
        <extensions>
          <ns3:TrackPointExtension>
            <ns3:hr>152</ns3:hr>
            <ns3:cad>84</ns3:cad>
          </ns3:TrackPointExtension>
        </extensions>
      </trkpt>
      <trkpt lat="37.51240222714841365814208984375" lon="127.067830525338649749755859375">
        <ele>9.19999980926513671875</ele>
        <time>2026-09-10T10:40:06.000Z</time>
        <extensions>
          <ns3:TrackPointExtension>
            <ns3:hr>152</ns3:hr>
            <ns3:cad>84</ns3:cad>
          </ns3:TrackPointExtension>
        </extensions>
      </trkpt>
      <trkpt lat="37.51237121410667896270751953125" lon="127.06783915869891643524169921875">
        <ele>9.19999980926513671875</ele>
        <time>2026-09-10T10:40:07.000Z</time>
        <extensions>
          <ns3:TrackPointExtension>
            <ns3:hr>152</ns3:hr>
            <ns3:cad>84</ns3:cad>
          </ns3:TrackPointExtension>
        </extensions>
      </trkpt>
      <trkpt lat="37.51234137453138828277587890625" lon="127.067845277488231658935546875">
        <ele>9.19999980926513671875</ele>
        <time>2026-09-10T10:40:08.000Z</time>
        <extensions>
          <ns3:TrackPointExtension>
            <ns3:hr>152</ns3:hr>
            <ns3:cad>83</ns3:cad>
          </ns3:TrackPointExtension>
        </extensions>
      </trkpt>
      <trkpt lat="37.512304075062274932861328125" lon="127.067840583622455596923828125">
        <ele>9.19999980926513671875</ele>
        <time>2026-09-10T10:40:09.000Z</time>
        <extensions>
          <ns3:TrackPointExtension>
            <ns3:hr>152</ns3:hr>
            <ns3:cad>83</ns3:cad>
          </ns3:TrackPointExtension>
        </extensions>
      </trkpt>
      <trkpt lat="37.51227800734341144561767578125" lon="127.0678420923650264739990234375">
        <ele>9.19999980926513671875</ele>
        <time>2026-09-10T10:40:10.000Z</time>
        <extensions>
          <ns3:TrackPointExtension>
            <ns3:hr>151</ns3:hr>
            <ns3:cad>83</ns3:cad>
          </ns3:TrackPointExtension>
        </extensions>
      </trkpt>
      <trkpt lat="37.51224431209266185760498046875" lon="127.0678407512605190277099609375">
        <ele>9.19999980926513671875</ele>
        <time>2026-09-10T10:40:11.000Z</time>
        <extensions>
          <ns3:TrackPointExtension>
            <ns3:hr>152</ns3:hr>
            <ns3:cad>84</ns3:cad>
          </ns3:TrackPointExtension>
        </extensions>
      </trkpt>
      <trkpt lat="37.512213550508022308349609375" lon="127.06784100271761417388916015625">
        <ele>9.19999980926513671875</ele>
        <time>2026-09-10T10:40:12.000Z</time>
        <extensions>
          <ns3:TrackPointExtension>
            <ns3:hr>152</ns3:hr>
            <ns3:cad>84</ns3:cad>
          </ns3:TrackPointExtension>
        </extensions>
      </trkpt>
      <trkpt lat="37.51218102872371673583984375" lon="127.067849971354007720947265625">
        <ele>9.19999980926513671875</ele>
        <time>2026-09-10T10:40:13.000Z</time>
        <extensions>
          <ns3:TrackPointExtension>
            <ns3:hr>152</ns3:hr>
            <ns3:cad>84</ns3:cad>
          </ns3:TrackPointExtension>
        </extensions>
      </trkpt>
      <trkpt lat="37.51214423216879367828369140625" lon="127.067852318286895751953125">
        <ele>9.3999996185302734375</ele>
        <time>2026-09-10T10:40:14.000Z</time>
        <extensions>
          <ns3:TrackPointExtension>
            <ns3:hr>152</ns3:hr>
            <ns3:cad>84</ns3:cad>
          </ns3:TrackPointExtension>
        </extensions>
      </trkpt>
      <trkpt lat="37.51212193630635738372802734375" lon="127.06786061637103557586669921875">
        <ele>9.3999996185302734375</ele>
        <time>2026-09-10T10:40:15.000Z</time>
        <extensions>
          <ns3:TrackPointExtension>
            <ns3:hr>152</ns3:hr>
            <ns3:cad>84</ns3:cad>
          </ns3:TrackPointExtension>
        </extensions>
      </trkpt>
      <trkpt lat="37.51208153553307056427001953125" lon="127.06786765716969966888427734375">
        <ele>9.3999996185302734375</ele>
        <time>2026-09-10T10:40:16.000Z</time>
        <extensions>
          <ns3:TrackPointExtension>
            <ns3:hr>152</ns3:hr>
            <ns3:cad>84</ns3:cad>
          </ns3:TrackPointExtension>
        </extensions>
      </trkpt>
      <trkpt lat="37.51205203123390674591064453125" lon="127.06788442097604274749755859375">
        <ele>9.3999996185302734375</ele>
        <time>2026-09-10T10:40:17.000Z</time>
        <extensions>
          <ns3:TrackPointExtension>
            <ns3:hr>151</ns3:hr>
            <ns3:cad>84</ns3:cad>
          </ns3:TrackPointExtension>
        </extensions>
      </trkpt>
      <trkpt lat="37.5120175816118717193603515625" lon="127.0678994245827198028564453125">
        <ele>9.3999996185302734375</ele>
        <time>2026-09-10T10:40:18.000Z</time>
        <extensions>
          <ns3:TrackPointExtension>
            <ns3:hr>152</ns3:hr>
            <ns3:cad>84</ns3:cad>
          </ns3:TrackPointExtension>
        </extensions>
      </trkpt>
      <trkpt lat="37.5119847245514392852783203125" lon="127.06789129413664340972900390625">
        <ele>9.3999996185302734375</ele>
        <time>2026-09-10T10:40:19.000Z</time>
        <extensions>
          <ns3:TrackPointExtension>
            <ns3:hr>152</ns3:hr>
            <ns3:cad>84</ns3:cad>
          </ns3:TrackPointExtension>
        </extensions>
      </trkpt>
      <trkpt lat="37.51195798628032207489013671875" lon="127.0678977482020854949951171875">
        <ele>9.3999996185302734375</ele>
        <time>2026-09-10T10:40:20.000Z</time>
        <extensions>
          <ns3:TrackPointExtension>
            <ns3:hr>152</ns3:hr>
            <ns3:cad>84</ns3:cad>
          </ns3:TrackPointExtension>
        </extensions>
      </trkpt>
      <trkpt lat="37.5119190104305744171142578125" lon="127.067894898355007171630859375">
        <ele>9.3999996185302734375</ele>
        <time>2026-09-10T10:40:21.000Z</time>
        <extensions>
          <ns3:TrackPointExtension>
            <ns3:hr>152</ns3:hr>
            <ns3:cad>84</ns3:cad>
          </ns3:TrackPointExtension>
        </extensions>
      </trkpt>
      <trkpt lat="37.5118915177881717681884765625" lon="127.06790822558104991912841796875">
        <ele>9.3999996185302734375</ele>
        <time>2026-09-10T10:40:22.000Z</time>
        <extensions>
          <ns3:TrackPointExtension>
            <ns3:hr>151</ns3:hr>
            <ns3:cad>84</ns3:cad>
          </ns3:TrackPointExtension>
        </extensions>
      </trkpt>
      <trkpt lat="37.51185354776680469512939453125" lon="127.067916356027126312255859375">
        <ele>9.3999996185302734375</ele>
        <time>2026-09-10T10:40:23.000Z</time>
        <extensions>
          <ns3:TrackPointExtension>
            <ns3:hr>152</ns3:hr>
            <ns3:cad>84</ns3:cad>
          </ns3:TrackPointExtension>
        </extensions>
      </trkpt>
      <trkpt lat="37.51182069070637226104736328125" lon="127.06791141070425510406494140625">
        <ele>9.3999996185302734375</ele>
        <time>2026-09-10T10:40:24.000Z</time>
        <extensions>
          <ns3:TrackPointExtension>
            <ns3:hr>152</ns3:hr>
            <ns3:cad>84</ns3:cad>
          </ns3:TrackPointExtension>
        </extensions>
      </trkpt>
      <trkpt lat="37.5117939524352550506591796875" lon="127.06791602075099945068359375">
        <ele>9.3999996185302734375</ele>
        <time>2026-09-10T10:40:25.000Z</time>
        <extensions>
          <ns3:TrackPointExtension>
            <ns3:hr>152</ns3:hr>
            <ns3:cad>84</ns3:cad>
          </ns3:TrackPointExtension>
        </extensions>
      </trkpt>
      <trkpt lat="37.511756904423236846923828125" lon="127.06791543401777744293212890625">
        <ele>9.19999980926513671875</ele>
        <time>2026-09-10T10:40:26.000Z</time>
        <extensions>
          <ns3:TrackPointExtension>
            <ns3:hr>152</ns3:hr>
            <ns3:cad>84</ns3:cad>
          </ns3:TrackPointExtension>
        </extensions>
      </trkpt>
      <trkpt lat="37.5117336027324199676513671875" lon="127.06792700104415416717529296875">
        <ele>9.19999980926513671875</ele>
        <time>2026-09-10T10:40:27.000Z</time>
        <extensions>
          <ns3:TrackPointExtension>
            <ns3:hr>152</ns3:hr>
            <ns3:cad>85</ns3:cad>
          </ns3:TrackPointExtension>
        </extensions>
      </trkpt>
      <trkpt lat="37.5116977281868457794189453125" lon="127.06793689168989658355712890625">
        <ele>9.3999996185302734375</ele>
        <time>2026-09-10T10:40:28.000Z</time>
        <extensions>
          <ns3:TrackPointExtension>
            <ns3:hr>152</ns3:hr>
            <ns3:cad>85</ns3:cad>
          </ns3:TrackPointExtension>
        </extensions>
      </trkpt>
      <trkpt lat="37.511667050421237945556640625" lon="127.06793638877570629119873046875">
        <ele>9.3999996185302734375</ele>
        <time>2026-09-10T10:40:29.000Z</time>
        <extensions>
          <ns3:TrackPointExtension>
            <ns3:hr>152</ns3:hr>
            <ns3:cad>85</ns3:cad>
          </ns3:TrackPointExtension>
        </extensions>
      </trkpt>
      <trkpt lat="37.51163645647466182708740234375" lon="127.06794510595500469207763671875">
        <ele>9.3999996185302734375</ele>
        <time>2026-09-10T10:40:30.000Z</time>
        <extensions>
          <ns3:TrackPointExtension>
            <ns3:hr>152</ns3:hr>
            <ns3:cad>84</ns3:cad>
          </ns3:TrackPointExtension>
        </extensions>
      </trkpt>
      <trkpt lat="37.5115944631397724151611328125" lon="127.067943178117275238037109375">
        <ele>9.3999996185302734375</ele>
        <time>2026-09-10T10:40:31.000Z</time>
        <extensions>
          <ns3:TrackPointExtension>
            <ns3:hr>152</ns3:hr>
            <ns3:cad>84</ns3:cad>
          </ns3:TrackPointExtension>
        </extensions>
      </trkpt>
      <trkpt lat="37.51156839542090892791748046875" lon="127.06795030273497104644775390625">
        <ele>9.19999980926513671875</ele>
        <time>2026-09-10T10:40:32.000Z</time>
        <extensions>
          <ns3:TrackPointExtension>
            <ns3:hr>152</ns3:hr>
            <ns3:cad>84</ns3:cad>
          </ns3:TrackPointExtension>
        </extensions>
      </trkpt>
      <trkpt lat="37.5115274079144001007080078125" lon="127.0679537393152713775634765625">
        <ele>9</ele>
        <time>2026-09-10T10:40:33.000Z</time>
        <extensions>
          <ns3:TrackPointExtension>
            <ns3:hr>152</ns3:hr>
            <ns3:cad>84</ns3:cad>
          </ns3:TrackPointExtension>
        </extensions>
      </trkpt>
      <trkpt lat="37.51149748452007770538330078125" lon="127.06796203739941120147705078125">
        <ele>9</ele>
        <time>2026-09-10T10:40:34.000Z</time>
        <extensions>
          <ns3:TrackPointExtension>
            <ns3:hr>153</ns3:hr>
            <ns3:cad>84</ns3:cad>
          </ns3:TrackPointExtension>
        </extensions>
      </trkpt>
      <trkpt lat="37.51146462745964527130126953125" lon="127.0679728500545024871826171875">
        <ele>9.19999980926513671875</ele>
        <time>2026-09-10T10:40:35.000Z</time>
        <extensions>
          <ns3:TrackPointExtension>
            <ns3:hr>152</ns3:hr>
            <ns3:cad>84</ns3:cad>
          </ns3:TrackPointExtension>
        </extensions>
      </trkpt>
      <trkpt lat="37.5114285014569759368896484375" lon="127.0679716765880584716796875">
        <ele>9.19999980926513671875</ele>
        <time>2026-09-10T10:40:36.000Z</time>
        <extensions>
          <ns3:TrackPointExtension>
            <ns3:hr>152</ns3:hr>
            <ns3:cad>84</ns3:cad>
          </ns3:TrackPointExtension>
        </extensions>
      </trkpt>
      <trkpt lat="37.51139556057751178741455078125" lon="127.0679829083383083343505859375">
        <ele>9.19999980926513671875</ele>
        <time>2026-09-10T10:40:37.000Z</time>
        <extensions>
          <ns3:TrackPointExtension>
            <ns3:hr>152</ns3:hr>
            <ns3:cad>84</ns3:cad>
          </ns3:TrackPointExtension>
        </extensions>
      </trkpt>
      <trkpt lat="37.5113649666309356689453125" lon="127.06799246370792388916015625">
        <ele>9.19999980926513671875</ele>
        <time>2026-09-10T10:40:38.000Z</time>
        <extensions>
          <ns3:TrackPointExtension>
            <ns3:hr>153</ns3:hr>
            <ns3:cad>84</ns3:cad>
          </ns3:TrackPointExtension>
        </extensions>
      </trkpt>
      <trkpt lat="37.511333785951137542724609375" lon="127.06800897605717182159423828125">
        <ele>9.19999980926513671875</ele>
        <time>2026-09-10T10:40:39.000Z</time>
        <extensions>
          <ns3:TrackPointExtension>
            <ns3:hr>152</ns3:hr>
            <ns3:cad>84</ns3:cad>
          </ns3:TrackPointExtension>
        </extensions>
      </trkpt>
      <trkpt lat="37.51130168326199054718017578125" lon="127.06802104599773883819580078125">
        <ele>9.19999980926513671875</ele>
        <time>2026-09-10T10:40:40.000Z</time>
        <extensions>
          <ns3:TrackPointExtension>
            <ns3:hr>153</ns3:hr>
            <ns3:cad>84</ns3:cad>
          </ns3:TrackPointExtension>
        </extensions>
      </trkpt>
      <trkpt lat="37.511268071830272674560546875" lon="127.068014256656169891357421875">
        <ele>9.19999980926513671875</ele>
        <time>2026-09-10T10:40:41.000Z</time>
        <extensions>
          <ns3:TrackPointExtension>
            <ns3:hr>153</ns3:hr>
            <ns3:cad>84</ns3:cad>
          </ns3:TrackPointExtension>
        </extensions>
      </trkpt>
      <trkpt lat="37.51124133355915546417236328125" lon="127.06801719032227993011474609375">
        <ele>9.19999980926513671875</ele>
        <time>2026-09-10T10:40:42.000Z</time>
        <extensions>
          <ns3:TrackPointExtension>
            <ns3:hr>153</ns3:hr>
            <ns3:cad>84</ns3:cad>
          </ns3:TrackPointExtension>
        </extensions>
      </trkpt>
      <trkpt lat="37.51119607128202915191650390625" lon="127.06802020780742168426513671875">
        <ele>9.19999980926513671875</ele>
        <time>2026-09-10T10:40:43.000Z</time>
        <extensions>
          <ns3:TrackPointExtension>
            <ns3:hr>153</ns3:hr>
            <ns3:cad>84</ns3:cad>
          </ns3:TrackPointExtension>
        </extensions>
      </trkpt>
      <trkpt lat="37.5111669860780239105224609375" lon="127.06803244538605213165283203125">
        <ele>9</ele>
        <time>2026-09-10T10:40:44.000Z</time>
        <extensions>
          <ns3:TrackPointExtension>
            <ns3:hr>153</ns3:hr>
            <ns3:cad>85</ns3:cad>
          </ns3:TrackPointExtension>
        </extensions>
      </trkpt>
      <trkpt lat="37.51112650148570537567138671875" lon="127.0680432580411434173583984375">
        <ele>9</ele>
        <time>2026-09-10T10:40:45.000Z</time>
        <extensions>
          <ns3:TrackPointExtension>
            <ns3:hr>153</ns3:hr>
            <ns3:cad>85</ns3:cad>
          </ns3:TrackPointExtension>
        </extensions>
      </trkpt>
      <trkpt lat="37.51109029166400432586669921875" lon="127.0680439285933971405029296875">
        <ele>9</ele>
        <time>2026-09-10T10:40:46.000Z</time>
        <extensions>
          <ns3:TrackPointExtension>
            <ns3:hr>153</ns3:hr>
            <ns3:cad>85</ns3:cad>
          </ns3:TrackPointExtension>
        </extensions>
      </trkpt>
      <trkpt lat="37.51106028445065021514892578125" lon="127.06804200075566768646240234375">
        <ele>9</ele>
        <time>2026-09-10T10:40:47.000Z</time>
        <extensions>
          <ns3:TrackPointExtension>
            <ns3:hr>153</ns3:hr>
            <ns3:cad>85</ns3:cad>
          </ns3:TrackPointExtension>
        </extensions>
      </trkpt>
      <trkpt lat="37.51102860085666179656982421875" lon="127.06802867352962493896484375">
        <ele>9</ele>
        <time>2026-09-10T10:40:48.000Z</time>
        <extensions>
          <ns3:TrackPointExtension>
            <ns3:hr>153</ns3:hr>
            <ns3:cad>85</ns3:cad>
          </ns3:TrackPointExtension>
        </extensions>
      </trkpt>
      <trkpt lat="37.51100529916584491729736328125" lon="127.06802171654999256134033203125">
        <ele>9</ele>
        <time>2026-09-10T10:40:49.000Z</time>
        <extensions>
          <ns3:TrackPointExtension>
            <ns3:hr>153</ns3:hr>
            <ns3:cad>85</ns3:cad>
          </ns3:TrackPointExtension>
        </extensions>
      </trkpt>
      <trkpt lat="37.5109752081334590911865234375" lon="127.0680033601820468902587890625">
        <ele>9.19999980926513671875</ele>
        <time>2026-09-10T10:40:50.000Z</time>
        <extensions>
          <ns3:TrackPointExtension>
            <ns3:hr>153</ns3:hr>
            <ns3:cad>85</ns3:cad>
          </ns3:TrackPointExtension>
        </extensions>
      </trkpt>
      <trkpt lat="37.51094528473913669586181640625" lon="127.06799170933663845062255859375">
        <ele>9.3999996185302734375</ele>
        <time>2026-09-10T10:40:51.000Z</time>
        <extensions>
          <ns3:TrackPointExtension>
            <ns3:hr>154</ns3:hr>
            <ns3:cad>85</ns3:cad>
          </ns3:TrackPointExtension>
        </extensions>
      </trkpt>
      <trkpt lat="37.51091913320124149322509765625" lon="127.06797637045383453369140625">
        <ele>9.3999996185302734375</ele>
        <time>2026-09-10T10:40:52.000Z</time>
        <extensions>
          <ns3:TrackPointExtension>
            <ns3:hr>153</ns3:hr>
            <ns3:cad>85</ns3:cad>
          </ns3:TrackPointExtension>
        </extensions>
      </trkpt>
      <trkpt lat="37.5108846835792064666748046875" lon="127.06795759499073028564453125">
        <ele>9.6000003814697265625</ele>
        <time>2026-09-10T10:40:53.000Z</time>
        <extensions>
          <ns3:TrackPointExtension>
            <ns3:hr>153</ns3:hr>
            <ns3:cad>85</ns3:cad>
          </ns3:TrackPointExtension>
        </extensions>
      </trkpt>
      <trkpt lat="37.5108575262129306793212890625" lon="127.0679540745913982391357421875">
        <ele>9.80000019073486328125</ele>
        <time>2026-09-10T10:40:54.000Z</time>
        <extensions>
          <ns3:TrackPointExtension>
            <ns3:hr>153</ns3:hr>
            <ns3:cad>85</ns3:cad>
          </ns3:TrackPointExtension>
        </extensions>
      </trkpt>
      <trkpt lat="37.51082777045667171478271484375" lon="127.0679386518895626068115234375">
        <ele>9.80000019073486328125</ele>
        <time>2026-09-10T10:40:55.000Z</time>
        <extensions>
          <ns3:TrackPointExtension>
            <ns3:hr>153</ns3:hr>
            <ns3:cad>85</ns3:cad>
          </ns3:TrackPointExtension>
        </extensions>
      </trkpt>
      <trkpt lat="37.510796003043651580810546875" lon="127.067934460937976837158203125">
        <ele>10</ele>
        <time>2026-09-10T10:40:56.000Z</time>
        <extensions>
          <ns3:TrackPointExtension>
            <ns3:hr>153</ns3:hr>
            <ns3:cad>85</ns3:cad>
          </ns3:TrackPointExtension>
        </extensions>
      </trkpt>
      <trkpt lat="37.51077094115316867828369140625" lon="127.06793571822345256805419921875">
        <ele>10</ele>
        <time>2026-09-10T10:40:57.000Z</time>
        <extensions>
          <ns3:TrackPointExtension>
            <ns3:hr>154</ns3:hr>
            <ns3:cad>85</ns3:cad>
          </ns3:TrackPointExtension>
        </extensions>
      </trkpt>
      <trkpt lat="37.51073875464498996734619140625" lon="127.0679316110908985137939453125">
        <ele>10</ele>
        <time>2026-09-10T10:40:58.000Z</time>
        <extensions>
          <ns3:TrackPointExtension>
            <ns3:hr>153</ns3:hr>
            <ns3:cad>85</ns3:cad>
          </ns3:TrackPointExtension>
        </extensions>
      </trkpt>
      <trkpt lat="37.51071075908839702606201171875" lon="127.06793286837637424468994140625">
        <ele>10</ele>
        <time>2026-09-10T10:40:59.000Z</time>
        <extensions>
          <ns3:TrackPointExtension>
            <ns3:hr>153</ns3:hr>
            <ns3:cad>85</ns3:cad>
          </ns3:TrackPointExtension>
        </extensions>
      </trkpt>
      <trkpt lat="37.51067086122930049896240234375" lon="127.067931778728961944580078125">
        <ele>10</ele>
        <time>2026-09-10T10:41:00.000Z</time>
        <extensions>
          <ns3:TrackPointExtension>
            <ns3:hr>153</ns3:hr>
            <ns3:cad>84</ns3:cad>
          </ns3:TrackPointExtension>
        </extensions>
      </trkpt>
      <trkpt lat="37.5106402672827243804931640625" lon="127.067941837012767791748046875">
        <ele>10</ele>
        <time>2026-09-10T10:41:01.000Z</time>
        <extensions>
          <ns3:TrackPointExtension>
            <ns3:hr>153</ns3:hr>
            <ns3:cad>83</ns3:cad>
          </ns3:TrackPointExtension>
        </extensions>
      </trkpt>
      <trkpt lat="37.5106107629835605621337890625" lon="127.06794845871627330780029296875">
        <ele>10.19999980926513671875</ele>
        <time>2026-09-10T10:41:02.000Z</time>
        <extensions>
          <ns3:TrackPointExtension>
            <ns3:hr>153</ns3:hr>
            <ns3:cad>83</ns3:cad>
          </ns3:TrackPointExtension>
        </extensions>
      </trkpt>
      <trkpt lat="37.51058385707437992095947265625" lon="127.06794812344014644622802734375">
        <ele>10.3999996185302734375</ele>
        <time>2026-09-10T10:41:03.000Z</time>
        <extensions>
          <ns3:TrackPointExtension>
            <ns3:hr>153</ns3:hr>
            <ns3:cad>83</ns3:cad>
          </ns3:TrackPointExtension>
        </extensions>
      </trkpt>
      <trkpt lat="37.5105608068406581878662109375" lon="127.06795566715300083160400390625">
        <ele>10.6000003814697265625</ele>
        <time>2026-09-10T10:41:04.000Z</time>
        <extensions>
          <ns3:TrackPointExtension>
            <ns3:hr>153</ns3:hr>
            <ns3:cad>84</ns3:cad>
          </ns3:TrackPointExtension>
        </extensions>
      </trkpt>
      <trkpt lat="37.51053708605468273162841796875" lon="127.067956589162349700927734375">
        <ele>10.80000019073486328125</ele>
        <time>2026-09-10T10:41:05.000Z</time>
        <extensions>
          <ns3:TrackPointExtension>
            <ns3:hr>152</ns3:hr>
            <ns3:cad>84</ns3:cad>
          </ns3:TrackPointExtension>
        </extensions>
      </trkpt>
      <trkpt lat="37.51051814295351505279541015625" lon="127.06796756945550441741943359375">
        <ele>11.19999980926513671875</ele>
        <time>2026-09-10T10:41:06.000Z</time>
        <extensions>
          <ns3:TrackPointExtension>
            <ns3:hr>153</ns3:hr>
            <ns3:cad>86</ns3:cad>
          </ns3:TrackPointExtension>
        </extensions>
      </trkpt>
      <trkpt lat="37.51050255261361598968505859375" lon="127.06796430051326751708984375">
        <ele>11.19999980926513671875</ele>
        <time>2026-09-10T10:41:07.000Z</time>
        <extensions>
          <ns3:TrackPointExtension>
            <ns3:hr>153</ns3:hr>
            <ns3:cad>86</ns3:cad>
          </ns3:TrackPointExtension>
        </extensions>
      </trkpt>
      <trkpt lat="37.51047723926603794097900390625" lon="127.0679513923823833465576171875">
        <ele>11.3999996185302734375</ele>
        <time>2026-09-10T10:41:08.000Z</time>
        <extensions>
          <ns3:TrackPointExtension>
            <ns3:hr>153</ns3:hr>
            <ns3:cad>84</ns3:cad>
          </ns3:TrackPointExtension>
        </extensions>
      </trkpt>
      <trkpt lat="37.51045963726937770843505859375" lon="127.06792096607387065887451171875">
        <ele>11.3999996185302734375</ele>
        <time>2026-09-10T10:41:09.000Z</time>
        <extensions>
          <ns3:TrackPointExtension>
            <ns3:hr>153</ns3:hr>
            <ns3:cad>82</ns3:cad>
          </ns3:TrackPointExtension>
        </extensions>
      </trkpt>
      <trkpt lat="37.51042158342897891998291015625" lon="127.067921720445156097412109375">
        <ele>11.3999996185302734375</ele>
        <time>2026-09-10T10:41:10.000Z</time>
        <extensions>
          <ns3:TrackPointExtension>
            <ns3:hr>153</ns3:hr>
            <ns3:cad>82</ns3:cad>
          </ns3:TrackPointExtension>
        </extensions>
      </trkpt>
      <trkpt lat="37.510392330586910247802734375" lon="127.06791602075099945068359375">
        <ele>11.3999996185302734375</ele>
        <time>2026-09-10T10:41:11.000Z</time>
        <extensions>
          <ns3:TrackPointExtension>
            <ns3:hr>154</ns3:hr>
            <ns3:cad>82</ns3:cad>
          </ns3:TrackPointExtension>
        </extensions>
      </trkpt>
      <trkpt lat="37.5103643350303173065185546875" lon="127.067916691303253173828125">
        <ele>11.6000003814697265625</ele>
        <time>2026-09-10T10:41:12.000Z</time>
        <extensions>
          <ns3:TrackPointExtension>
            <ns3:hr>154</ns3:hr>
            <ns3:cad>83</ns3:cad>
          </ns3:TrackPointExtension>
        </extensions>
      </trkpt>
      <trkpt lat="37.510333992540836334228515625" lon="127.06791895441710948944091796875">
        <ele>11.6000003814697265625</ele>
        <time>2026-09-10T10:41:13.000Z</time>
        <extensions>
          <ns3:TrackPointExtension>
            <ns3:hr>154</ns3:hr>
            <ns3:cad>83</ns3:cad>
          </ns3:TrackPointExtension>
        </extensions>
      </trkpt>
      <trkpt lat="37.51030306331813335418701171875" lon="127.06792272627353668212890625">
        <ele>11.6000003814697265625</ele>
        <time>2026-09-10T10:41:14.000Z</time>
        <extensions>
          <ns3:TrackPointExtension>
            <ns3:hr>154</ns3:hr>
            <ns3:cad>83</ns3:cad>
          </ns3:TrackPointExtension>
        </extensions>
      </trkpt>
      <trkpt lat="37.5102741457521915435791015625" lon="127.06792063079774379730224609375">
        <ele>11.6000003814697265625</ele>
        <time>2026-09-10T10:41:15.000Z</time>
        <extensions>
          <ns3:TrackPointExtension>
            <ns3:hr>154</ns3:hr>
            <ns3:cad>82</ns3:cad>
          </ns3:TrackPointExtension>
        </extensions>
      </trkpt>
      <trkpt lat="37.5102531909942626953125" lon="127.06791727803647518157958984375">
        <ele>11.6000003814697265625</ele>
        <time>2026-09-10T10:41:16.000Z</time>
        <extensions>
          <ns3:TrackPointExtension>
            <ns3:hr>154</ns3:hr>
            <ns3:cad>82</ns3:cad>
          </ns3:TrackPointExtension>
        </extensions>
      </trkpt>
      <trkpt lat="37.510228045284748077392578125" lon="127.0679131709039211273193359375">
        <ele>11.3999996185302734375</ele>
        <time>2026-09-10T10:41:17.000Z</time>
        <extensions>
          <ns3:TrackPointExtension>
            <ns3:hr>154</ns3:hr>
            <ns3:cad>82</ns3:cad>
          </ns3:TrackPointExtension>
        </extensions>
      </trkpt>
      <trkpt lat="37.51019887626171112060546875" lon="127.06791400909423828125">
        <ele>11.6000003814697265625</ele>
        <time>2026-09-10T10:41:18.000Z</time>
        <extensions>
          <ns3:TrackPointExtension>
            <ns3:hr>155</ns3:hr>
            <ns3:cad>82</ns3:cad>
          </ns3:TrackPointExtension>
        </extensions>
      </trkpt>
      <trkpt lat="37.51017431728541851043701171875" lon="127.06790705211460590362548828125">
        <ele>11.6000003814697265625</ele>
        <time>2026-09-10T10:41:19.000Z</time>
        <extensions>
          <ns3:TrackPointExtension>
            <ns3:hr>155</ns3:hr>
            <ns3:cad>82</ns3:cad>
          </ns3:TrackPointExtension>
        </extensions>
      </trkpt>
      <trkpt lat="37.51014783047139644622802734375" lon="127.0678992569446563720703125">
        <ele>11.6000003814697265625</ele>
        <time>2026-09-10T10:41:20.000Z</time>
        <extensions>
          <ns3:TrackPointExtension>
            <ns3:hr>155</ns3:hr>
            <ns3:cad>82</ns3:cad>
          </ns3:TrackPointExtension>
        </extensions>
      </trkpt>
      <trkpt lat="37.510118745267391204833984375" lon="127.06789582036435604095458984375">
        <ele>11.6000003814697265625</ele>
        <time>2026-09-10T10:41:21.000Z</time>
        <extensions>
          <ns3:TrackPointExtension>
            <ns3:hr>155</ns3:hr>
            <ns3:cad>82</ns3:cad>
          </ns3:TrackPointExtension>
        </extensions>
      </trkpt>
      <trkpt lat="37.5100830383598804473876953125" lon="127.0678772963583469390869140625">
        <ele>11.6000003814697265625</ele>
        <time>2026-09-10T10:41:22.000Z</time>
        <extensions>
          <ns3:TrackPointExtension>
            <ns3:hr>155</ns3:hr>
            <ns3:cad>82</ns3:cad>
          </ns3:TrackPointExtension>
        </extensions>
      </trkpt>
      <trkpt lat="37.51006183214485645294189453125" lon="127.06787033937871456146240234375">
        <ele>11.3999996185302734375</ele>
        <time>2026-09-10T10:41:23.000Z</time>
        <extensions>
          <ns3:TrackPointExtension>
            <ns3:hr>155</ns3:hr>
            <ns3:cad>81</ns3:cad>
          </ns3:TrackPointExtension>
        </extensions>
      </trkpt>
      <trkpt lat="37.5100354291498661041259765625" lon="127.06786296330392360687255859375">
        <ele>11.3999996185302734375</ele>
        <time>2026-09-10T10:41:24.000Z</time>
        <extensions>
          <ns3:TrackPointExtension>
            <ns3:hr>155</ns3:hr>
            <ns3:cad>81</ns3:cad>
          </ns3:TrackPointExtension>
        </extensions>
      </trkpt>
      <trkpt lat="37.5100077688694000244140625" lon="127.0678618736565113067626953125">
        <ele>11.3999996185302734375</ele>
        <time>2026-09-10T10:41:25.000Z</time>
        <extensions>
          <ns3:TrackPointExtension>
            <ns3:hr>155</ns3:hr>
            <ns3:cad>81</ns3:cad>
          </ns3:TrackPointExtension>
        </extensions>
      </trkpt>
      <trkpt lat="37.5098711438477039337158203125" lon="127.06737614236772060394287109375">
        <ele>23.3999996185302734375</ele>
        <time>2026-09-10T10:43:14.000Z</time>
        <extensions>
          <ns3:TrackPointExtension>
            <ns3:hr>121</ns3:hr>
            <ns3:cad>0</ns3:cad>
          </ns3:TrackPointExtension>
        </extensions>
      </trkpt>
      <trkpt lat="37.50987893901765346527099609375" lon="127.0673619769513607025146484375">
        <ele>23.3999996185302734375</ele>
        <time>2026-09-10T10:43:15.000Z</time>
        <extensions>
          <ns3:TrackPointExtension>
            <ns3:hr>120</ns3:hr>
            <ns3:cad>0</ns3:cad>
          </ns3:TrackPointExtension>
        </extensions>
      </trkpt>
      <trkpt lat="37.50987106002867221832275390625" lon="127.06734202802181243896484375">
        <ele>23.200000762939453125</ele>
        <time>2026-09-10T10:43:16.000Z</time>
        <extensions>
          <ns3:TrackPointExtension>
            <ns3:hr>120</ns3:hr>
            <ns3:cad>0</ns3:cad>
          </ns3:TrackPointExtension>
        </extensions>
      </trkpt>
      <trkpt lat="37.50986896455287933349609375" lon="127.06731948070228099822998046875">
        <ele>23.200000762939453125</ele>
        <time>2026-09-10T10:43:17.000Z</time>
        <extensions>
          <ns3:TrackPointExtension>
            <ns3:hr>119</ns3:hr>
            <ns3:cad>0</ns3:cad>
          </ns3:TrackPointExtension>
        </extensions>
      </trkpt>
      <trkpt lat="37.5098708085715770721435546875" lon="127.06728176213800907135009765625">
        <ele>23.200000762939453125</ele>
        <time>2026-09-10T10:43:18.000Z</time>
        <extensions>
          <ns3:TrackPointExtension>
            <ns3:hr>119</ns3:hr>
            <ns3:cad>0</ns3:cad>
          </ns3:TrackPointExtension>
        </extensions>
      </trkpt>
      <trkpt lat="37.50986670143902301788330078125" lon="127.067269943654537200927734375">
        <ele>23</ele>
        <time>2026-09-10T10:43:19.000Z</time>
        <extensions>
          <ns3:TrackPointExtension>
            <ns3:hr>119</ns3:hr>
            <ns3:cad>0</ns3:cad>
          </ns3:TrackPointExtension>
        </extensions>
      </trkpt>
      <trkpt lat="37.50986016355454921722412109375" lon="127.0672489888966083526611328125">
        <ele>23</ele>
        <time>2026-09-10T10:43:20.000Z</time>
        <extensions>
          <ns3:TrackPointExtension>
            <ns3:hr>118</ns3:hr>
            <ns3:cad>83</ns3:cad>
          </ns3:TrackPointExtension>
        </extensions>
      </trkpt>
      <trkpt lat="37.5098533742129802703857421875" lon="127.0672198198735713958740234375">
        <ele>23</ele>
        <time>2026-09-10T10:43:21.000Z</time>
        <extensions>
          <ns3:TrackPointExtension>
            <ns3:hr>118</ns3:hr>
            <ns3:cad>83</ns3:cad>
          </ns3:TrackPointExtension>
        </extensions>
      </trkpt>
      <trkpt lat="37.5098459981381893157958984375" lon="127.06719727255403995513916015625">
        <ele>23</ele>
        <time>2026-09-10T10:43:22.000Z</time>
        <extensions>
          <ns3:TrackPointExtension>
            <ns3:hr>118</ns3:hr>
            <ns3:cad>83</ns3:cad>
          </ns3:TrackPointExtension>
        </extensions>
      </trkpt>
      <trkpt lat="37.509843818843364715576171875" lon="127.0671561174094676971435546875">
        <ele>23</ele>
        <time>2026-09-10T10:43:23.000Z</time>
        <extensions>
          <ns3:TrackPointExtension>
            <ns3:hr>119</ns3:hr>
            <ns3:cad>83</ns3:cad>
          </ns3:TrackPointExtension>
        </extensions>
      </trkpt>
      <trkpt lat="37.509841807186603546142578125" lon="127.06713256426155567169189453125">
        <ele>23</ele>
        <time>2026-09-10T10:43:24.000Z</time>
        <extensions>
          <ns3:TrackPointExtension>
            <ns3:hr>119</ns3:hr>
            <ns3:cad>83</ns3:cad>
          </ns3:TrackPointExtension>
        </extensions>
      </trkpt>
      <trkpt lat="37.50982847996056079864501953125" lon="127.067086882889270782470703125">
        <ele>23</ele>
        <time>2026-09-10T10:43:25.000Z</time>
        <extensions>
          <ns3:TrackPointExtension>
            <ns3:hr>120</ns3:hr>
            <ns3:cad>83</ns3:cad>
          </ns3:TrackPointExtension>
        </extensions>
      </trkpt>
      <trkpt lat="37.509814985096454620361328125" lon="127.06704572774469852447509765625">
        <ele>23</ele>
        <time>2026-09-10T10:43:26.000Z</time>
        <extensions>
          <ns3:TrackPointExtension>
            <ns3:hr>120</ns3:hr>
            <ns3:cad>84</ns3:cad>
          </ns3:TrackPointExtension>
        </extensions>
      </trkpt>
      <trkpt lat="37.50980190932750701904296875" lon="127.0670055784285068511962890625">
        <ele>22.799999237060546875</ele>
        <time>2026-09-10T10:43:27.000Z</time>
        <extensions>
          <ns3:TrackPointExtension>
            <ns3:hr>121</ns3:hr>
            <ns3:cad>84</ns3:cad>
          </ns3:TrackPointExtension>
        </extensions>
      </trkpt>
      <trkpt lat="37.5097923539578914642333984375" lon="127.06695587374269962310791015625">
        <ele>22.799999237060546875</ele>
        <time>2026-09-10T10:43:28.000Z</time>
        <extensions>
          <ns3:TrackPointExtension>
            <ns3:hr>122</ns3:hr>
            <ns3:cad>84</ns3:cad>
          </ns3:TrackPointExtension>
        </extensions>
      </trkpt>
      <trkpt lat="37.5097802840173244476318359375" lon="127.066929638385772705078125">
        <ele>22.799999237060546875</ele>
        <time>2026-09-10T10:43:29.000Z</time>
        <extensions>
          <ns3:TrackPointExtension>
            <ns3:hr>123</ns3:hr>
            <ns3:cad>84</ns3:cad>
          </ns3:TrackPointExtension>
        </extensions>
      </trkpt>
      <trkpt lat="37.50976502895355224609375" lon="127.066879011690616607666015625">
        <ele>22.799999237060546875</ele>
        <time>2026-09-10T10:43:30.000Z</time>
        <extensions>
          <ns3:TrackPointExtension>
            <ns3:hr>124</ns3:hr>
            <ns3:cad>84</ns3:cad>
          </ns3:TrackPointExtension>
        </extensions>
      </trkpt>
      <trkpt lat="37.50974834896624088287353515625" lon="127.06684707663953304290771484375">
        <ele>22.6000003814697265625</ele>
        <time>2026-09-10T10:43:31.000Z</time>
        <extensions>
          <ns3:TrackPointExtension>
            <ns3:hr>125</ns3:hr>
            <ns3:cad>84</ns3:cad>
          </ns3:TrackPointExtension>
        </extensions>
      </trkpt>
      <trkpt lat="37.50973812304437160491943359375" lon="127.06680466420948505401611328125">
        <ele>22.3999996185302734375</ele>
        <time>2026-09-10T10:43:32.000Z</time>
        <extensions>
          <ns3:TrackPointExtension>
            <ns3:hr>126</ns3:hr>
            <ns3:cad>84</ns3:cad>
          </ns3:TrackPointExtension>
        </extensions>
      </trkpt>
      <trkpt lat="37.50974466092884540557861328125" lon="127.066768370568752288818359375">
        <ele>22.3999996185302734375</ele>
        <time>2026-09-10T10:43:33.000Z</time>
        <extensions>
          <ns3:TrackPointExtension>
            <ns3:hr>126</ns3:hr>
            <ns3:cad>84</ns3:cad>
          </ns3:TrackPointExtension>
        </extensions>
      </trkpt>
      <trkpt lat="37.50972890295088291168212890625" lon="127.06672654487192630767822265625">
        <ele>22.200000762939453125</ele>
        <time>2026-09-10T10:43:34.000Z</time>
        <extensions>
          <ns3:TrackPointExtension>
            <ns3:hr>126</ns3:hr>
            <ns3:cad>84</ns3:cad>
          </ns3:TrackPointExtension>
        </extensions>
      </trkpt>
      <trkpt lat="37.5097138993442058563232421875" lon="127.06667725928127765655517578125">
        <ele>22</ele>
        <time>2026-09-10T10:43:35.000Z</time>
        <extensions>
          <ns3:TrackPointExtension>
            <ns3:hr>127</ns3:hr>
            <ns3:cad>84</ns3:cad>
          </ns3:TrackPointExtension>
        </extensions>
      </trkpt>
      <trkpt lat="37.50969998538494110107421875" lon="127.06664456985890865325927734375">
        <ele>22</ele>
        <time>2026-09-10T10:43:36.000Z</time>
        <extensions>
          <ns3:TrackPointExtension>
            <ns3:hr>128</ns3:hr>
            <ns3:cad>84</ns3:cad>
          </ns3:TrackPointExtension>
        </extensions>
      </trkpt>
      <trkpt lat="37.509680204093456268310546875" lon="127.0666233636438846588134765625">
        <ele>22</ele>
        <time>2026-09-10T10:43:37.000Z</time>
        <extensions>
          <ns3:TrackPointExtension>
            <ns3:hr>128</ns3:hr>
            <ns3:cad>84</ns3:cad>
          </ns3:TrackPointExtension>
        </extensions>
      </trkpt>
      <trkpt lat="37.509656064212322235107421875" lon="127.0666086114943027496337890625">
        <ele>21.799999237060546875</ele>
        <time>2026-09-10T10:43:38.000Z</time>
        <extensions>
          <ns3:TrackPointExtension>
            <ns3:hr>129</ns3:hr>
            <ns3:cad>84</ns3:cad>
          </ns3:TrackPointExtension>
        </extensions>
      </trkpt>
      <trkpt lat="37.50964022241532802581787109375" lon="127.0665930211544036865234375">
        <ele>21.6000003814697265625</ele>
        <time>2026-09-10T10:43:39.000Z</time>
        <extensions>
          <ns3:TrackPointExtension>
            <ns3:hr>129</ns3:hr>
            <ns3:cad>84</ns3:cad>
          </ns3:TrackPointExtension>
        </extensions>
      </trkpt>
      <trkpt lat="37.509628571569919586181640625" lon="127.0665707252919673919677734375">
        <ele>21.3999996185302734375</ele>
        <time>2026-09-10T10:43:40.000Z</time>
        <extensions>
          <ns3:TrackPointExtension>
            <ns3:hr>130</ns3:hr>
            <ns3:cad>84</ns3:cad>
          </ns3:TrackPointExtension>
        </extensions>
      </trkpt>
      <trkpt lat="37.50960954464972019195556640625" lon="127.066524289548397064208984375">
        <ele>21.3999996185302734375</ele>
        <time>2026-09-10T10:43:41.000Z</time>
        <extensions>
          <ns3:TrackPointExtension>
            <ns3:hr>130</ns3:hr>
            <ns3:cad>84</ns3:cad>
          </ns3:TrackPointExtension>
        </extensions>
      </trkpt>
      <trkpt lat="37.50961038284003734588623046875" lon="127.06648908555507659912109375">
        <ele>21.200000762939453125</ele>
        <time>2026-09-10T10:43:42.000Z</time>
        <extensions>
          <ns3:TrackPointExtension>
            <ns3:hr>130</ns3:hr>
            <ns3:cad>84</ns3:cad>
          </ns3:TrackPointExtension>
        </extensions>
      </trkpt>
      <trkpt lat="37.509608455002307891845703125" lon="127.06644323654472827911376953125">
        <ele>21.200000762939453125</ele>
        <time>2026-09-10T10:43:43.000Z</time>
        <extensions>
          <ns3:TrackPointExtension>
            <ns3:hr>130</ns3:hr>
            <ns3:cad>84</ns3:cad>
          </ns3:TrackPointExtension>
        </extensions>
      </trkpt>
      <trkpt lat="37.50960904173552989959716796875" lon="127.0663936994969844818115234375">
        <ele>21.3999996185302734375</ele>
        <time>2026-09-10T10:43:44.000Z</time>
        <extensions>
          <ns3:TrackPointExtension>
            <ns3:hr>131</ns3:hr>
            <ns3:cad>84</ns3:cad>
          </ns3:TrackPointExtension>
        </extensions>
      </trkpt>
      <trkpt lat="37.5096143223345279693603515625" lon="127.06635891459882259368896484375">
        <ele>21.6000003814697265625</ele>
        <time>2026-09-10T10:43:45.000Z</time>
        <extensions>
          <ns3:TrackPointExtension>
            <ns3:hr>131</ns3:hr>
            <ns3:cad>84</ns3:cad>
          </ns3:TrackPointExtension>
        </extensions>
      </trkpt>
      <trkpt lat="37.50960803590714931488037109375" lon="127.066307701170444488525390625">
        <ele>21.6000003814697265625</ele>
        <time>2026-09-10T10:43:46.000Z</time>
        <extensions>
          <ns3:TrackPointExtension>
            <ns3:hr>131</ns3:hr>
            <ns3:cad>84</ns3:cad>
          </ns3:TrackPointExtension>
        </extensions>
      </trkpt>
      <trkpt lat="37.509600408375263214111328125" lon="127.066276185214519500732421875">
        <ele>21.799999237060546875</ele>
        <time>2026-09-10T10:43:47.000Z</time>
        <extensions>
          <ns3:TrackPointExtension>
            <ns3:hr>131</ns3:hr>
            <ns3:cad>84</ns3:cad>
          </ns3:TrackPointExtension>
        </extensions>
      </trkpt>
      <trkpt lat="37.50959093682467937469482421875" lon="127.06623972393572330474853515625">
        <ele>21.799999237060546875</ele>
        <time>2026-09-10T10:43:48.000Z</time>
        <extensions>
          <ns3:TrackPointExtension>
            <ns3:hr>131</ns3:hr>
            <ns3:cad>84</ns3:cad>
          </ns3:TrackPointExtension>
        </extensions>
      </trkpt>
      <trkpt lat="37.50958221964538097381591796875" lon="127.06620116718113422393798828125">
        <ele>22</ele>
        <time>2026-09-10T10:43:49.000Z</time>
        <extensions>
          <ns3:TrackPointExtension>
            <ns3:hr>131</ns3:hr>
            <ns3:cad>83</ns3:cad>
          </ns3:TrackPointExtension>
        </extensions>
      </trkpt>
      <trkpt lat="37.50957869924604892730712890625" lon="127.06617065705358982086181640625">
        <ele>22</ele>
        <time>2026-09-10T10:43:50.000Z</time>
        <extensions>
          <ns3:TrackPointExtension>
            <ns3:hr>131</ns3:hr>
            <ns3:cad>83</ns3:cad>
          </ns3:TrackPointExtension>
        </extensions>
      </trkpt>
      <trkpt lat="37.5095625221729278564453125" lon="127.06612405367195606231689453125">
        <ele>21.799999237060546875</ele>
        <time>2026-09-10T10:43:51.000Z</time>
        <extensions>
          <ns3:TrackPointExtension>
            <ns3:hr>132</ns3:hr>
            <ns3:cad>83</ns3:cad>
          </ns3:TrackPointExtension>
        </extensions>
      </trkpt>
      <trkpt lat="37.50955170951783657073974609375" lon="127.06609270535409450531005859375">
        <ele>21.799999237060546875</ele>
        <time>2026-09-10T10:43:52.000Z</time>
        <extensions>
          <ns3:TrackPointExtension>
            <ns3:hr>132</ns3:hr>
            <ns3:cad>84</ns3:cad>
          </ns3:TrackPointExtension>
        </extensions>
      </trkpt>
      <trkpt lat="37.50953695736825466156005859375" lon="127.06604962237179279327392578125">
        <ele>21.799999237060546875</ele>
        <time>2026-09-10T10:43:53.000Z</time>
        <extensions>
          <ns3:TrackPointExtension>
            <ns3:hr>132</ns3:hr>
            <ns3:cad>84</ns3:cad>
          </ns3:TrackPointExtension>
        </extensions>
      </trkpt>
      <trkpt lat="37.5095201097428798675537109375" lon="127.06600553356111049652099609375">
        <ele>21.799999237060546875</ele>
        <time>2026-09-10T10:43:54.000Z</time>
        <extensions>
          <ns3:TrackPointExtension>
            <ns3:hr>133</ns3:hr>
            <ns3:cad>83</ns3:cad>
          </ns3:TrackPointExtension>
        </extensions>
      </trkpt>
      <trkpt lat="37.50950762070715427398681640625" lon="127.06597401760518550872802734375">
        <ele>21.799999237060546875</ele>
        <time>2026-09-10T10:43:55.000Z</time>
        <extensions>
          <ns3:TrackPointExtension>
            <ns3:hr>133</ns3:hr>
            <ns3:cad>83</ns3:cad>
          </ns3:TrackPointExtension>
        </extensions>
      </trkpt>
      <trkpt lat="37.509500496089458465576171875" lon="127.06593789160251617431640625">
        <ele>21.799999237060546875</ele>
        <time>2026-09-10T10:43:56.000Z</time>
        <extensions>
          <ns3:TrackPointExtension>
            <ns3:hr>133</ns3:hr>
            <ns3:cad>83</ns3:cad>
          </ns3:TrackPointExtension>
        </extensions>
      </trkpt>
      <trkpt lat="37.50948750413954257965087890625" lon="127.06590360961854457855224609375">
        <ele>21.799999237060546875</ele>
        <time>2026-09-10T10:43:57.000Z</time>
        <extensions>
          <ns3:TrackPointExtension>
            <ns3:hr>133</ns3:hr>
            <ns3:cad>83</ns3:cad>
          </ns3:TrackPointExtension>
        </extensions>
      </trkpt>
      <trkpt lat="37.509474344551563262939453125" lon="127.06587024964392185211181640625">
        <ele>21.799999237060546875</ele>
        <time>2026-09-10T10:43:58.000Z</time>
        <extensions>
          <ns3:TrackPointExtension>
            <ns3:hr>134</ns3:hr>
            <ns3:cad>83</ns3:cad>
          </ns3:TrackPointExtension>
        </extensions>
      </trkpt>
      <trkpt lat="37.50944190658628940582275390625" lon="127.06582616083323955535888671875">
        <ele>21.799999237060546875</ele>
        <time>2026-09-10T10:43:59.000Z</time>
        <extensions>
          <ns3:TrackPointExtension>
            <ns3:hr>134</ns3:hr>
            <ns3:cad>83</ns3:cad>
          </ns3:TrackPointExtension>
        </extensions>
      </trkpt>
      <trkpt lat="37.5094252265989780426025390625" lon="127.0657908730208873748779296875">
        <ele>21.6000003814697265625</ele>
        <time>2026-09-10T10:44:00.000Z</time>
        <extensions>
          <ns3:TrackPointExtension>
            <ns3:hr>134</ns3:hr>
            <ns3:cad>83</ns3:cad>
          </ns3:TrackPointExtension>
        </extensions>
      </trkpt>
      <trkpt lat="37.50941324047744274139404296875" lon="127.0657499693334102630615234375">
        <ele>21.6000003814697265625</ele>
        <time>2026-09-10T10:44:01.000Z</time>
        <extensions>
          <ns3:TrackPointExtension>
            <ns3:hr>134</ns3:hr>
            <ns3:cad>83</ns3:cad>
          </ns3:TrackPointExtension>
        </extensions>
      </trkpt>
      <trkpt lat="37.50940418802201747894287109375" lon="127.065705545246601104736328125">
        <ele>21.3999996185302734375</ele>
        <time>2026-09-10T10:44:02.000Z</time>
        <extensions>
          <ns3:TrackPointExtension>
            <ns3:hr>135</ns3:hr>
            <ns3:cad>83</ns3:cad>
          </ns3:TrackPointExtension>
        </extensions>
      </trkpt>
      <trkpt lat="37.5093916989862918853759765625" lon="127.0656721852719783782958984375">
        <ele>21.3999996185302734375</ele>
        <time>2026-09-10T10:44:03.000Z</time>
        <extensions>
          <ns3:TrackPointExtension>
            <ns3:hr>136</ns3:hr>
            <ns3:cad>83</ns3:cad>
          </ns3:TrackPointExtension>
        </extensions>
      </trkpt>
      <trkpt lat="37.50936998985707759857177734375" lon="127.06563840620219707489013671875">
        <ele>21.200000762939453125</ele>
        <time>2026-09-10T10:44:04.000Z</time>
        <extensions>
          <ns3:TrackPointExtension>
            <ns3:hr>137</ns3:hr>
            <ns3:cad>83</ns3:cad>
          </ns3:TrackPointExtension>
        </extensions>
      </trkpt>
      <trkpt lat="37.5093581713736057281494140625" lon="127.06559917889535427093505859375">
        <ele>21.200000762939453125</ele>
        <time>2026-09-10T10:44:05.000Z</time>
        <extensions>
          <ns3:TrackPointExtension>
            <ns3:hr>138</ns3:hr>
            <ns3:cad>81</ns3:cad>
          </ns3:TrackPointExtension>
        </extensions>
      </trkpt>
      <trkpt lat="37.509344927966594696044921875" lon="127.06556850112974643707275390625">
        <ele>21</ele>
        <time>2026-09-10T10:44:06.000Z</time>
        <extensions>
          <ns3:TrackPointExtension>
            <ns3:hr>139</ns3:hr>
            <ns3:cad>81</ns3:cad>
          </ns3:TrackPointExtension>
        </extensions>
      </trkpt>
      <trkpt lat="37.50933344475924968719482421875" lon="127.06552214920520782470703125">
        <ele>21</ele>
        <time>2026-09-10T10:44:07.000Z</time>
        <extensions>
          <ns3:TrackPointExtension>
            <ns3:hr>139</ns3:hr>
            <ns3:cad>81</ns3:cad>
          </ns3:TrackPointExtension>
        </extensions>
      </trkpt>
      <trkpt lat="37.50932690687477588653564453125" lon="127.0654908008873462677001953125">
        <ele>21</ele>
        <time>2026-09-10T10:44:08.000Z</time>
        <extensions>
          <ns3:TrackPointExtension>
            <ns3:hr>139</ns3:hr>
            <ns3:cad>81</ns3:cad>
          </ns3:TrackPointExtension>
        </extensions>
      </trkpt>
      <trkpt lat="37.5093129090964794158935546875" lon="127.06545132212340831756591796875">
        <ele>20.799999237060546875</ele>
        <time>2026-09-10T10:44:09.000Z</time>
        <extensions>
          <ns3:TrackPointExtension>
            <ns3:hr>139</ns3:hr>
            <ns3:cad>81</ns3:cad>
          </ns3:TrackPointExtension>
        </extensions>
      </trkpt>
      <trkpt lat="37.5092954747378826141357421875" lon="127.06541410647332668304443359375">
        <ele>20.799999237060546875</ele>
        <time>2026-09-10T10:44:10.000Z</time>
        <extensions>
          <ns3:TrackPointExtension>
            <ns3:hr>139</ns3:hr>
            <ns3:cad>83</ns3:cad>
          </ns3:TrackPointExtension>
        </extensions>
      </trkpt>
      <trkpt lat="37.50928516499698162078857421875" lon="127.06538644619286060333251953125">
        <ele>20.799999237060546875</ele>
        <time>2026-09-10T10:44:11.000Z</time>
        <extensions>
          <ns3:TrackPointExtension>
            <ns3:hr>140</ns3:hr>
            <ns3:cad>82</ns3:cad>
          </ns3:TrackPointExtension>
        </extensions>
      </trkpt>
      <trkpt lat="37.5092676468193531036376953125" lon="127.06534571014344692230224609375">
        <ele>20.799999237060546875</ele>
        <time>2026-09-10T10:44:12.000Z</time>
        <extensions>
          <ns3:TrackPointExtension>
            <ns3:hr>140</ns3:hr>
            <ns3:cad>82</ns3:cad>
          </ns3:TrackPointExtension>
        </extensions>
      </trkpt>
      <trkpt lat="37.50925582833588123321533203125" lon="127.0653177984058856964111328125">
        <ele>20.799999237060546875</ele>
        <time>2026-09-10T10:44:13.000Z</time>
        <extensions>
          <ns3:TrackPointExtension>
            <ns3:hr>140</ns3:hr>
            <ns3:cad>82</ns3:cad>
          </ns3:TrackPointExtension>
        </extensions>
      </trkpt>
      <trkpt lat="37.509241998195648193359375" lon="127.0652856118977069854736328125">
        <ele>20.799999237060546875</ele>
        <time>2026-09-10T10:44:14.000Z</time>
        <extensions>
          <ns3:TrackPointExtension>
            <ns3:hr>140</ns3:hr>
            <ns3:cad>82</ns3:cad>
          </ns3:TrackPointExtension>
        </extensions>
      </trkpt>
      <trkpt lat="37.5092274136841297149658203125" lon="127.06524613313376903533935546875">
        <ele>20.799999237060546875</ele>
        <time>2026-09-10T10:44:15.000Z</time>
        <extensions>
          <ns3:TrackPointExtension>
            <ns3:hr>140</ns3:hr>
            <ns3:cad>82</ns3:cad>
          </ns3:TrackPointExtension>
        </extensions>
      </trkpt>
      <trkpt lat="37.50921316444873809814453125" lon="127.06521763466298580169677734375">
        <ele>20.799999237060546875</ele>
        <time>2026-09-10T10:44:16.000Z</time>
        <extensions>
          <ns3:TrackPointExtension>
            <ns3:hr>140</ns3:hr>
            <ns3:cad>84</ns3:cad>
          </ns3:TrackPointExtension>
        </extensions>
      </trkpt>
      <trkpt lat="37.50918894074857234954833984375" lon="127.06517572514712810516357421875">
        <ele>20.799999237060546875</ele>
        <time>2026-09-10T10:44:17.000Z</time>
        <extensions>
          <ns3:TrackPointExtension>
            <ns3:hr>140</ns3:hr>
            <ns3:cad>84</ns3:cad>
          </ns3:TrackPointExtension>
        </extensions>
      </trkpt>
      <trkpt lat="37.50917770899832248687744140625" lon="127.06513188779354095458984375">
        <ele>20.6000003814697265625</ele>
        <time>2026-09-10T10:44:18.000Z</time>
        <extensions>
          <ns3:TrackPointExtension>
            <ns3:hr>140</ns3:hr>
            <ns3:cad>84</ns3:cad>
          </ns3:TrackPointExtension>
        </extensions>
      </trkpt>
      <trkpt lat="37.50915541313588619232177734375" lon="127.06509592942893505096435546875">
        <ele>20.3999996185302734375</ele>
        <time>2026-09-10T10:44:19.000Z</time>
        <extensions>
          <ns3:TrackPointExtension>
            <ns3:hr>141</ns3:hr>
            <ns3:cad>84</ns3:cad>
          </ns3:TrackPointExtension>
        </extensions>
      </trkpt>
      <trkpt lat="37.5091392360627651214599609375" lon="127.065046392381191253662109375">
        <ele>20.3999996185302734375</ele>
        <time>2026-09-10T10:44:20.000Z</time>
        <extensions>
          <ns3:TrackPointExtension>
            <ns3:hr>141</ns3:hr>
            <ns3:cad>82</ns3:cad>
          </ns3:TrackPointExtension>
        </extensions>
      </trkpt>
      <trkpt lat="37.50912590883672237396240234375" lon="127.06501252949237823486328125">
        <ele>20.200000762939453125</ele>
        <time>2026-09-10T10:44:21.000Z</time>
        <extensions>
          <ns3:TrackPointExtension>
            <ns3:hr>141</ns3:hr>
            <ns3:cad>82</ns3:cad>
          </ns3:TrackPointExtension>
        </extensions>
      </trkpt>
      <trkpt lat="37.50910964794456958770751953125" lon="127.06497388891875743865966796875">
        <ele>20.200000762939453125</ele>
        <time>2026-09-10T10:44:22.000Z</time>
        <extensions>
          <ns3:TrackPointExtension>
            <ns3:hr>141</ns3:hr>
            <ns3:cad>82</ns3:cad>
          </ns3:TrackPointExtension>
        </extensions>
      </trkpt>
      <trkpt lat="37.5091023556888103485107421875" lon="127.064935751259326934814453125">
        <ele>20.200000762939453125</ele>
        <time>2026-09-10T10:44:23.000Z</time>
        <extensions>
          <ns3:TrackPointExtension>
            <ns3:hr>141</ns3:hr>
            <ns3:cad>83</ns3:cad>
          </ns3:TrackPointExtension>
        </extensions>
      </trkpt>
      <trkpt lat="37.50908835791051387786865234375" lon="127.064900211989879608154296875">
        <ele>20.3999996185302734375</ele>
        <time>2026-09-10T10:44:24.000Z</time>
        <extensions>
          <ns3:TrackPointExtension>
            <ns3:hr>141</ns3:hr>
            <ns3:cad>83</ns3:cad>
          </ns3:TrackPointExtension>
        </extensions>
      </trkpt>
      <trkpt lat="37.509075701236724853515625" lon="127.06486224196851253509521484375">
        <ele>20.3999996185302734375</ele>
        <time>2026-09-10T10:44:25.000Z</time>
        <extensions>
          <ns3:TrackPointExtension>
            <ns3:hr>142</ns3:hr>
            <ns3:cad>83</ns3:cad>
          </ns3:TrackPointExtension>
        </extensions>
      </trkpt>
      <trkpt lat="37.50906589441001415252685546875" lon="127.06482418812811374664306640625">
        <ele>20.3999996185302734375</ele>
        <time>2026-09-10T10:44:26.000Z</time>
        <extensions>
          <ns3:TrackPointExtension>
            <ns3:hr>142</ns3:hr>
            <ns3:cad>83</ns3:cad>
          </ns3:TrackPointExtension>
        </extensions>
      </trkpt>
      <trkpt lat="37.5090530700981616973876953125" lon="127.06480222754180431365966796875">
        <ele>20.200000762939453125</ele>
        <time>2026-09-10T10:44:27.000Z</time>
        <extensions>
          <ns3:TrackPointExtension>
            <ns3:hr>142</ns3:hr>
            <ns3:cad>83</ns3:cad>
          </ns3:TrackPointExtension>
        </extensions>
      </trkpt>
      <trkpt lat="37.509039156138896942138671875" lon="127.06476367078721523284912109375">
        <ele>20.200000762939453125</ele>
        <time>2026-09-10T10:44:28.000Z</time>
        <extensions>
          <ns3:TrackPointExtension>
            <ns3:hr>142</ns3:hr>
            <ns3:cad>83</ns3:cad>
          </ns3:TrackPointExtension>
        </extensions>
      </trkpt>
      <trkpt lat="37.5090292654931545257568359375" lon="127.0647290535271167755126953125">
        <ele>20.200000762939453125</ele>
        <time>2026-09-10T10:44:29.000Z</time>
        <extensions>
          <ns3:TrackPointExtension>
            <ns3:hr>143</ns3:hr>
            <ns3:cad>83</ns3:cad>
          </ns3:TrackPointExtension>
        </extensions>
      </trkpt>
      <trkpt lat="37.50901359133422374725341796875" lon="127.06469309516251087188720703125">
        <ele>20</ele>
        <time>2026-09-10T10:44:30.000Z</time>
        <extensions>
          <ns3:TrackPointExtension>
            <ns3:hr>143</ns3:hr>
            <ns3:cad>82</ns3:cad>
          </ns3:TrackPointExtension>
        </extensions>
      </trkpt>
      <trkpt lat="37.5090108253061771392822265625" lon="127.064644731581211090087890625">
        <ele>20</ele>
        <time>2026-09-10T10:44:31.000Z</time>
        <extensions>
          <ns3:TrackPointExtension>
            <ns3:hr>143</ns3:hr>
            <ns3:cad>81</ns3:cad>
          </ns3:TrackPointExtension>
        </extensions>
      </trkpt>
      <trkpt lat="37.508998923003673553466796875" lon="127.064615227282047271728515625">
        <ele>20</ele>
        <time>2026-09-10T10:44:32.000Z</time>
        <extensions>
          <ns3:TrackPointExtension>
            <ns3:hr>143</ns3:hr>
            <ns3:cad>81</ns3:cad>
          </ns3:TrackPointExtension>
        </extensions>
      </trkpt>
      <trkpt lat="37.5089964084327220916748046875" lon="127.06457591615617275238037109375">
        <ele>20.200000762939453125</ele>
        <time>2026-09-10T10:44:33.000Z</time>
        <extensions>
          <ns3:TrackPointExtension>
            <ns3:hr>143</ns3:hr>
            <ns3:cad>81</ns3:cad>
          </ns3:TrackPointExtension>
        </extensions>
      </trkpt>
      <trkpt lat="37.5089863501489162445068359375" lon="127.06454121507704257965087890625">
        <ele>20.200000762939453125</ele>
        <time>2026-09-10T10:44:34.000Z</time>
        <extensions>
          <ns3:TrackPointExtension>
            <ns3:hr>144</ns3:hr>
            <ns3:cad>82</ns3:cad>
          </ns3:TrackPointExtension>
        </extensions>
      </trkpt>
      <trkpt lat="37.508982829749584197998046875" lon="127.06450718455016613006591796875">
        <ele>20.200000762939453125</ele>
        <time>2026-09-10T10:44:35.000Z</time>
        <extensions>
          <ns3:TrackPointExtension>
            <ns3:hr>144</ns3:hr>
            <ns3:cad>82</ns3:cad>
          </ns3:TrackPointExtension>
        </extensions>
      </trkpt>
      <trkpt lat="37.5089778006076812744140625" lon="127.0644702203571796417236328125">
        <ele>20.3999996185302734375</ele>
        <time>2026-09-10T10:44:36.000Z</time>
        <extensions>
          <ns3:TrackPointExtension>
            <ns3:hr>144</ns3:hr>
            <ns3:cad>82</ns3:cad>
          </ns3:TrackPointExtension>
        </extensions>
      </trkpt>
      <trkpt lat="37.50896732322871685028076171875" lon="127.06443610601127147674560546875">
        <ele>20.3999996185302734375</ele>
        <time>2026-09-10T10:44:37.000Z</time>
        <extensions>
          <ns3:TrackPointExtension>
            <ns3:hr>144</ns3:hr>
            <ns3:cad>82</ns3:cad>
          </ns3:TrackPointExtension>
        </extensions>
      </trkpt>
      <trkpt lat="37.50895441509783267974853515625" lon="127.06439419649541378021240234375">
        <ele>20.3999996185302734375</ele>
        <time>2026-09-10T10:44:38.000Z</time>
        <extensions>
          <ns3:TrackPointExtension>
            <ns3:hr>144</ns3:hr>
            <ns3:cad>83</ns3:cad>
          </ns3:TrackPointExtension>
        </extensions>
      </trkpt>
      <trkpt lat="37.50894762575626373291015625" lon="127.06435681320726871490478515625">
        <ele>20.3999996185302734375</ele>
        <time>2026-09-10T10:44:39.000Z</time>
        <extensions>
          <ns3:TrackPointExtension>
            <ns3:hr>145</ns3:hr>
            <ns3:cad>83</ns3:cad>
          </ns3:TrackPointExtension>
        </extensions>
      </trkpt>
      <trkpt lat="37.50893681310117244720458984375" lon="127.0643240399658679962158203125">
        <ele>20.3999996185302734375</ele>
        <time>2026-09-10T10:44:40.000Z</time>
        <extensions>
          <ns3:TrackPointExtension>
            <ns3:hr>145</ns3:hr>
            <ns3:cad>84</ns3:cad>
          </ns3:TrackPointExtension>
        </extensions>
      </trkpt>
      <trkpt lat="37.50892608426511287689208984375" lon="127.0642831362783908843994140625">
        <ele>20.6000003814697265625</ele>
        <time>2026-09-10T10:44:41.000Z</time>
        <extensions>
          <ns3:TrackPointExtension>
            <ns3:hr>145</ns3:hr>
            <ns3:cad>83</ns3:cad>
          </ns3:TrackPointExtension>
        </extensions>
      </trkpt>
      <trkpt lat="37.50890730880200862884521484375" lon="127.06425455398857593536376953125">
        <ele>20.6000003814697265625</ele>
        <time>2026-09-10T10:44:42.000Z</time>
        <extensions>
          <ns3:TrackPointExtension>
            <ns3:hr>145</ns3:hr>
            <ns3:cad>83</ns3:cad>
          </ns3:TrackPointExtension>
        </extensions>
      </trkpt>
      <trkpt lat="37.50888920389115810394287109375" lon="127.0642291568219661712646484375">
        <ele>20.799999237060546875</ele>
        <time>2026-09-10T10:44:43.000Z</time>
        <extensions>
          <ns3:TrackPointExtension>
            <ns3:hr>145</ns3:hr>
            <ns3:cad>83</ns3:cad>
          </ns3:TrackPointExtension>
        </extensions>
      </trkpt>
      <trkpt lat="37.508866488933563232421875" lon="127.06420124508440494537353515625">
        <ele>20.799999237060546875</ele>
        <time>2026-09-10T10:44:44.000Z</time>
        <extensions>
          <ns3:TrackPointExtension>
            <ns3:hr>145</ns3:hr>
            <ns3:cad>82</ns3:cad>
          </ns3:TrackPointExtension>
        </extensions>
      </trkpt>
      <trkpt lat="37.5088488869369029998779296875" lon="127.06419646739959716796875">
        <ele>20.799999237060546875</ele>
        <time>2026-09-10T10:44:45.000Z</time>
        <extensions>
          <ns3:TrackPointExtension>
            <ns3:hr>145</ns3:hr>
            <ns3:cad>82</ns3:cad>
          </ns3:TrackPointExtension>
        </extensions>
      </trkpt>
      <trkpt lat="37.50882265157997608184814453125" lon="127.06417442299425601959228515625">
        <ele>20.799999237060546875</ele>
        <time>2026-09-10T10:44:46.000Z</time>
        <extensions>
          <ns3:TrackPointExtension>
            <ns3:hr>145</ns3:hr>
            <ns3:cad>82</ns3:cad>
          </ns3:TrackPointExtension>
        </extensions>
      </trkpt>
      <trkpt lat="37.508797757327556610107421875" lon="127.0641570724546909332275390625">
        <ele>21</ele>
        <time>2026-09-10T10:44:47.000Z</time>
        <extensions>
          <ns3:TrackPointExtension>
            <ns3:hr>145</ns3:hr>
            <ns3:cad>82</ns3:cad>
          </ns3:TrackPointExtension>
        </extensions>
      </trkpt>
      <trkpt lat="37.50877328217029571533203125" lon="127.06415019929409027099609375">
        <ele>21.200000762939453125</ele>
        <time>2026-09-10T10:44:48.000Z</time>
        <extensions>
          <ns3:TrackPointExtension>
            <ns3:hr>145</ns3:hr>
            <ns3:cad>82</ns3:cad>
          </ns3:TrackPointExtension>
        </extensions>
      </trkpt>
      <trkpt lat="37.508737407624721527099609375" lon="127.064137794077396392822265625">
        <ele>21.3999996185302734375</ele>
        <time>2026-09-10T10:44:49.000Z</time>
        <extensions>
          <ns3:TrackPointExtension>
            <ns3:hr>145</ns3:hr>
            <ns3:cad>82</ns3:cad>
          </ns3:TrackPointExtension>
        </extensions>
      </trkpt>
      <trkpt lat="37.50870329327881336212158203125" lon="127.0641289092600345611572265625">
        <ele>21.6000003814697265625</ele>
        <time>2026-09-10T10:44:50.000Z</time>
        <extensions>
          <ns3:TrackPointExtension>
            <ns3:hr>145</ns3:hr>
            <ns3:cad>82</ns3:cad>
          </ns3:TrackPointExtension>
        </extensions>
      </trkpt>
      <trkpt lat="37.50867513008415699005126953125" lon="127.0641200244426727294921875">
        <ele>21.799999237060546875</ele>
        <time>2026-09-10T10:44:51.000Z</time>
        <extensions>
          <ns3:TrackPointExtension>
            <ns3:hr>146</ns3:hr>
            <ns3:cad>82</ns3:cad>
          </ns3:TrackPointExtension>
        </extensions>
      </trkpt>
      <trkpt lat="37.508639506995677947998046875" lon="127.06410669721662998199462890625">
        <ele>22</ele>
        <time>2026-09-10T10:44:52.000Z</time>
        <extensions>
          <ns3:TrackPointExtension>
            <ns3:hr>146</ns3:hr>
            <ns3:cad>82</ns3:cad>
          </ns3:TrackPointExtension>
        </extensions>
      </trkpt>
      <trkpt lat="37.50861092470586299896240234375" lon="127.06409311853349208831787109375">
        <ele>22</ele>
        <time>2026-09-10T10:44:53.000Z</time>
        <extensions>
          <ns3:TrackPointExtension>
            <ns3:hr>146</ns3:hr>
            <ns3:cad>82</ns3:cad>
          </ns3:TrackPointExtension>
        </extensions>
      </trkpt>
      <trkpt lat="37.50858125276863574981689453125" lon="127.06407417543232440948486328125">
        <ele>22</ele>
        <time>2026-09-10T10:44:54.000Z</time>
        <extensions>
          <ns3:TrackPointExtension>
            <ns3:hr>146</ns3:hr>
            <ns3:cad>82</ns3:cad>
          </ns3:TrackPointExtension>
        </extensions>
      </trkpt>
      <trkpt lat="37.50858225859701633453369140625" lon="127.0640538074076175689697265625">
        <ele>22.200000762939453125</ele>
        <time>2026-09-10T10:44:55.000Z</time>
        <extensions>
          <ns3:TrackPointExtension>
            <ns3:hr>146</ns3:hr>
            <ns3:cad>82</ns3:cad>
          </ns3:TrackPointExtension>
        </extensions>
      </trkpt>
      <trkpt lat="37.5085913948714733123779296875" lon="127.06403511576354503631591796875">
        <ele>22.200000762939453125</ele>
        <time>2026-09-10T10:44:56.000Z</time>
        <extensions>
          <ns3:TrackPointExtension>
            <ns3:hr>147</ns3:hr>
            <ns3:cad>82</ns3:cad>
          </ns3:TrackPointExtension>
        </extensions>
      </trkpt>
      <trkpt lat="37.50860203988850116729736328125" lon="127.0639931224286556243896484375">
        <ele>22.200000762939453125</ele>
        <time>2026-09-10T10:44:57.000Z</time>
        <extensions>
          <ns3:TrackPointExtension>
            <ns3:hr>147</ns3:hr>
            <ns3:cad>82</ns3:cad>
          </ns3:TrackPointExtension>
        </extensions>
      </trkpt>
      <trkpt lat="37.50862232409417629241943359375" lon="127.06395565532147884368896484375">
        <ele>22</ele>
        <time>2026-09-10T10:44:58.000Z</time>
        <extensions>
          <ns3:TrackPointExtension>
            <ns3:hr>147</ns3:hr>
            <ns3:cad>82</ns3:cad>
          </ns3:TrackPointExtension>
        </extensions>
      </trkpt>
      <trkpt lat="37.508634142577648162841796875" lon="127.0639240555465221405029296875">
        <ele>21.6000003814697265625</ele>
        <time>2026-09-10T10:44:59.000Z</time>
        <extensions>
          <ns3:TrackPointExtension>
            <ns3:hr>148</ns3:hr>
            <ns3:cad>82</ns3:cad>
          </ns3:TrackPointExtension>
        </extensions>
      </trkpt>
      <trkpt lat="37.5086453743278980255126953125" lon="127.06388055346906185150146484375">
        <ele>21.200000762939453125</ele>
        <time>2026-09-10T10:45:00.000Z</time>
        <extensions>
          <ns3:TrackPointExtension>
            <ns3:hr>148</ns3:hr>
            <ns3:cad>82</ns3:cad>
          </ns3:TrackPointExtension>
        </extensions>
      </trkpt>
      <trkpt lat="37.50865660607814788818359375" lon="127.063833363354206085205078125">
        <ele>21</ele>
        <time>2026-09-10T10:45:01.000Z</time>
        <extensions>
          <ns3:TrackPointExtension>
            <ns3:hr>148</ns3:hr>
            <ns3:cad>82</ns3:cad>
          </ns3:TrackPointExtension>
        </extensions>
      </trkpt>
      <trkpt lat="37.50865836627781391143798828125" lon="127.06379774026572704315185546875">
        <ele>20.799999237060546875</ele>
        <time>2026-09-10T10:45:02.000Z</time>
        <extensions>
          <ns3:TrackPointExtension>
            <ns3:hr>148</ns3:hr>
            <ns3:cad>82</ns3:cad>
          </ns3:TrackPointExtension>
        </extensions>
      </trkpt>
      <trkpt lat="37.5086604617536067962646484375" lon="127.06375717185437679290771484375">
        <ele>20.799999237060546875</ele>
        <time>2026-09-10T10:45:03.000Z</time>
        <extensions>
          <ns3:TrackPointExtension>
            <ns3:hr>148</ns3:hr>
            <ns3:cad>82</ns3:cad>
          </ns3:TrackPointExtension>
        </extensions>
      </trkpt>
      <trkpt lat="37.5086688436567783355712890625" lon="127.063726074993610382080078125">
        <ele>20.799999237060546875</ele>
        <time>2026-09-10T10:45:04.000Z</time>
        <extensions>
          <ns3:TrackPointExtension>
            <ns3:hr>148</ns3:hr>
            <ns3:cad>82</ns3:cad>
          </ns3:TrackPointExtension>
        </extensions>
      </trkpt>
      <trkpt lat="37.5087144412100315093994140625" lon="127.06354293040931224822998046875">
        <ele>19.6000003814697265625</ele>
        <time>2026-09-10T10:47:01.000Z</time>
        <extensions>
          <ns3:TrackPointExtension>
            <ns3:hr>101</ns3:hr>
            <ns3:cad>0</ns3:cad>
          </ns3:TrackPointExtension>
        </extensions>
      </trkpt>
      <trkpt lat="37.5087006948888301849365234375" lon="127.06352817825973033905029296875">
        <ele>19.6000003814697265625</ele>
        <time>2026-09-10T10:47:02.000Z</time>
        <extensions>
          <ns3:TrackPointExtension>
            <ns3:hr>101</ns3:hr>
            <ns3:cad>0</ns3:cad>
          </ns3:TrackPointExtension>
        </extensions>
      </trkpt>
      <trkpt lat="37.508687786757946014404296875" lon="127.06349984742701053619384765625">
        <ele>19.799999237060546875</ele>
        <time>2026-09-10T10:47:03.000Z</time>
        <extensions>
          <ns3:TrackPointExtension>
            <ns3:hr>101</ns3:hr>
            <ns3:cad>0</ns3:cad>
          </ns3:TrackPointExtension>
        </extensions>
      </trkpt>
      <trkpt lat="37.5086768902838230133056640625" lon="127.0634737797081470489501953125">
        <ele>19.799999237060546875</ele>
        <time>2026-09-10T10:47:04.000Z</time>
        <extensions>
          <ns3:TrackPointExtension>
            <ns3:hr>101</ns3:hr>
            <ns3:cad>0</ns3:cad>
          </ns3:TrackPointExtension>
        </extensions>
      </trkpt>
      <trkpt lat="37.508666329085826873779296875" lon="127.06343614496290683746337890625">
        <ele>20</ele>
        <time>2026-09-10T10:47:05.000Z</time>
        <extensions>
          <ns3:TrackPointExtension>
            <ns3:hr>101</ns3:hr>
            <ns3:cad>83</ns3:cad>
          </ns3:TrackPointExtension>
        </extensions>
      </trkpt>
      <trkpt lat="37.50865526497364044189453125" lon="127.063392139971256256103515625">
        <ele>20</ele>
        <time>2026-09-10T10:47:06.000Z</time>
        <extensions>
          <ns3:TrackPointExtension>
            <ns3:hr>101</ns3:hr>
            <ns3:cad>83</ns3:cad>
          </ns3:TrackPointExtension>
        </extensions>
      </trkpt>
      <trkpt lat="37.50864319503307342529296875" lon="127.06335031427443027496337890625">
        <ele>20</ele>
        <time>2026-09-10T10:47:07.000Z</time>
        <extensions>
          <ns3:TrackPointExtension>
            <ns3:hr>102</ns3:hr>
            <ns3:cad>83</ns3:cad>
          </ns3:TrackPointExtension>
        </extensions>
      </trkpt>
      <trkpt lat="37.50862886197865009307861328125" lon="127.0633073151111602783203125">
        <ele>20</ele>
        <time>2026-09-10T10:47:08.000Z</time>
        <extensions>
          <ns3:TrackPointExtension>
            <ns3:hr>103</ns3:hr>
            <ns3:cad>83</ns3:cad>
          </ns3:TrackPointExtension>
        </extensions>
      </trkpt>
      <trkpt lat="37.50861528329551219940185546875" lon="127.0632749609649181365966796875">
        <ele>20</ele>
        <time>2026-09-10T10:47:09.000Z</time>
        <extensions>
          <ns3:TrackPointExtension>
            <ns3:hr>104</ns3:hr>
            <ns3:cad>83</ns3:cad>
          </ns3:TrackPointExtension>
        </extensions>
      </trkpt>
      <trkpt lat="37.50859986059367656707763671875" lon="127.06323414109647274017333984375">
        <ele>20</ele>
        <time>2026-09-10T10:47:10.000Z</time>
        <extensions>
          <ns3:TrackPointExtension>
            <ns3:hr>106</ns3:hr>
            <ns3:cad>83</ns3:cad>
          </ns3:TrackPointExtension>
        </extensions>
      </trkpt>
      <trkpt lat="37.50857974402606487274169921875" lon="127.06319256685674190521240234375">
        <ele>20</ele>
        <time>2026-09-10T10:47:11.000Z</time>
        <extensions>
          <ns3:TrackPointExtension>
            <ns3:hr>107</ns3:hr>
            <ns3:cad>84</ns3:cad>
          </ns3:TrackPointExtension>
        </extensions>
      </trkpt>
      <trkpt lat="37.5085548497736454010009765625" lon="127.06315685994923114776611328125">
        <ele>19.799999237060546875</ele>
        <time>2026-09-10T10:47:12.000Z</time>
        <extensions>
          <ns3:TrackPointExtension>
            <ns3:hr>108</ns3:hr>
            <ns3:cad>84</ns3:cad>
          </ns3:TrackPointExtension>
        </extensions>
      </trkpt>
      <trkpt lat="37.5085365772247314453125" lon="127.06311545334756374359130859375">
        <ele>19.799999237060546875</ele>
        <time>2026-09-10T10:47:13.000Z</time>
        <extensions>
          <ns3:TrackPointExtension>
            <ns3:hr>109</ns3:hr>
            <ns3:cad>84</ns3:cad>
          </ns3:TrackPointExtension>
        </extensions>
      </trkpt>
      <trkpt lat="37.50852475874125957489013671875" lon="127.063087709248065948486328125">
        <ele>20</ele>
        <time>2026-09-10T10:47:14.000Z</time>
        <extensions>
          <ns3:TrackPointExtension>
            <ns3:hr>110</ns3:hr>
            <ns3:cad>84</ns3:cad>
          </ns3:TrackPointExtension>
        </extensions>
      </trkpt>
      <trkpt lat="37.5085062347352504730224609375" lon="127.0630551874637603759765625">
        <ele>20</ele>
        <time>2026-09-10T10:47:15.000Z</time>
        <extensions>
          <ns3:TrackPointExtension>
            <ns3:hr>111</ns3:hr>
            <ns3:cad>84</ns3:cad>
          </ns3:TrackPointExtension>
        </extensions>
      </trkpt>
      <trkpt lat="37.5084864534437656402587890625" lon="127.06302744336426258087158203125">
        <ele>20</ele>
        <time>2026-09-10T10:47:16.000Z</time>
        <extensions>
          <ns3:TrackPointExtension>
            <ns3:hr>112</ns3:hr>
            <ns3:cad>84</ns3:cad>
          </ns3:TrackPointExtension>
        </extensions>
      </trkpt>
      <trkpt lat="37.50846910290420055389404296875" lon="127.06301906146109104156494140625">
        <ele>20</ele>
        <time>2026-09-10T10:47:17.000Z</time>
        <extensions>
          <ns3:TrackPointExtension>
            <ns3:hr>113</ns3:hr>
            <ns3:cad>84</ns3:cad>
          </ns3:TrackPointExtension>
        </extensions>
      </trkpt>
      <trkpt lat="37.50844311900436878204345703125" lon="127.0630365796387195587158203125">
        <ele>20</ele>
        <time>2026-09-10T10:47:18.000Z</time>
        <extensions>
          <ns3:TrackPointExtension>
            <ns3:hr>114</ns3:hr>
            <ns3:cad>82</ns3:cad>
          </ns3:TrackPointExtension>
        </extensions>
      </trkpt>
      <trkpt lat="37.50841344706714153289794921875" lon="127.063054852187633514404296875">
        <ele>20</ele>
        <time>2026-09-10T10:47:19.000Z</time>
        <extensions>
          <ns3:TrackPointExtension>
            <ns3:hr>115</ns3:hr>
            <ns3:cad>82</ns3:cad>
          </ns3:TrackPointExtension>
        </extensions>
      </trkpt>
      <trkpt lat="37.508384697139263153076171875" lon="127.06307463347911834716796875">
        <ele>20.200000762939453125</ele>
        <time>2026-09-10T10:47:20.000Z</time>
        <extensions>
          <ns3:TrackPointExtension>
            <ns3:hr>116</ns3:hr>
            <ns3:cad>82</ns3:cad>
          </ns3:TrackPointExtension>
        </extensions>
      </trkpt>
      <trkpt lat="37.5083540193736553192138671875" lon="127.06309516914188861846923828125">
        <ele>20.3999996185302734375</ele>
        <time>2026-09-10T10:47:21.000Z</time>
        <extensions>
          <ns3:TrackPointExtension>
            <ns3:hr>117</ns3:hr>
            <ns3:cad>82</ns3:cad>
          </ns3:TrackPointExtension>
        </extensions>
      </trkpt>
      <trkpt lat="37.50832845456898212432861328125" lon="127.0631088316440582275390625">
        <ele>20.6000003814697265625</ele>
        <time>2026-09-10T10:47:22.000Z</time>
        <extensions>
          <ns3:TrackPointExtension>
            <ns3:hr>119</ns3:hr>
            <ns3:cad>83</ns3:cad>
          </ns3:TrackPointExtension>
        </extensions>
      </trkpt>
      <trkpt lat="37.50829710625112056732177734375" lon="127.0631317980587482452392578125">
        <ele>20.799999237060546875</ele>
        <time>2026-09-10T10:47:23.000Z</time>
        <extensions>
          <ns3:TrackPointExtension>
            <ns3:hr>120</ns3:hr>
            <ns3:cad>83</ns3:cad>
          </ns3:TrackPointExtension>
        </extensions>
      </trkpt>
      <trkpt lat="37.508271373808383941650390625" lon="127.06314981915056705474853515625">
        <ele>21</ele>
        <time>2026-09-10T10:47:24.000Z</time>
        <extensions>
          <ns3:TrackPointExtension>
            <ns3:hr>121</ns3:hr>
            <ns3:cad>83</ns3:cad>
          </ns3:TrackPointExtension>
        </extensions>
      </trkpt>
      <trkpt lat="37.508241869509220123291015625" lon="127.06316390074789524078369140625">
        <ele>21.200000762939453125</ele>
        <time>2026-09-10T10:47:25.000Z</time>
        <extensions>
          <ns3:TrackPointExtension>
            <ns3:hr>121</ns3:hr>
            <ns3:cad>81</ns3:cad>
          </ns3:TrackPointExtension>
        </extensions>
      </trkpt>
      <trkpt lat="37.50821144320070743560791015625" lon="127.06317110918462276458740234375">
        <ele>21.3999996185302734375</ele>
        <time>2026-09-10T10:47:26.000Z</time>
        <extensions>
          <ns3:TrackPointExtension>
            <ns3:hr>122</ns3:hr>
            <ns3:cad>81</ns3:cad>
          </ns3:TrackPointExtension>
        </extensions>
      </trkpt>
      <trkpt lat="37.50818512402474880218505859375" lon="127.06315417774021625518798828125">
        <ele>21.6000003814697265625</ele>
        <time>2026-09-10T10:47:27.000Z</time>
        <extensions>
          <ns3:TrackPointExtension>
            <ns3:hr>122</ns3:hr>
            <ns3:cad>81</ns3:cad>
          </ns3:TrackPointExtension>
        </extensions>
      </trkpt>
      <trkpt lat="37.50817774794995784759521484375" lon="127.0631307922303676605224609375">
        <ele>21.6000003814697265625</ele>
        <time>2026-09-10T10:47:28.000Z</time>
        <extensions>
          <ns3:TrackPointExtension>
            <ns3:hr>123</ns3:hr>
            <ns3:cad>81</ns3:cad>
          </ns3:TrackPointExtension>
        </extensions>
      </trkpt>
      <trkpt lat="37.508165426552295684814453125" lon="127.0630848594009876251220703125">
        <ele>21.6000003814697265625</ele>
        <time>2026-09-10T10:47:29.000Z</time>
        <extensions>
          <ns3:TrackPointExtension>
            <ns3:hr>124</ns3:hr>
            <ns3:cad>81</ns3:cad>
          </ns3:TrackPointExtension>
        </extensions>
      </trkpt>
      <trkpt lat="37.50816416926681995391845703125" lon="127.06304051913321018218994140625">
        <ele>21.6000003814697265625</ele>
        <time>2026-09-10T10:47:30.000Z</time>
        <extensions>
          <ns3:TrackPointExtension>
            <ns3:hr>124</ns3:hr>
            <ns3:cad>81</ns3:cad>
          </ns3:TrackPointExtension>
        </extensions>
      </trkpt>
      <trkpt lat="37.50816836021840572357177734375" lon="127.0630013756453990936279296875">
        <ele>21.3999996185302734375</ele>
        <time>2026-09-10T10:47:31.000Z</time>
        <extensions>
          <ns3:TrackPointExtension>
            <ns3:hr>124</ns3:hr>
            <ns3:cad>81</ns3:cad>
          </ns3:TrackPointExtension>
        </extensions>
      </trkpt>
      <trkpt lat="37.50817514955997467041015625" lon="127.06295125186443328857421875">
        <ele>21.3999996185302734375</ele>
        <time>2026-09-10T10:47:32.000Z</time>
        <extensions>
          <ns3:TrackPointExtension>
            <ns3:hr>125</ns3:hr>
            <ns3:cad>82</ns3:cad>
          </ns3:TrackPointExtension>
        </extensions>
      </trkpt>
      <trkpt lat="37.50818043015897274017333984375" lon="127.06291730515658855438232421875">
        <ele>21.200000762939453125</ele>
        <time>2026-09-10T10:47:33.000Z</time>
        <extensions>
          <ns3:TrackPointExtension>
            <ns3:hr>125</ns3:hr>
            <ns3:cad>82</ns3:cad>
          </ns3:TrackPointExtension>
        </extensions>
      </trkpt>
      <trkpt lat="37.5081944279372692108154296875" lon="127.06286567263305187225341796875">
        <ele>21.200000762939453125</ele>
        <time>2026-09-10T10:47:34.000Z</time>
        <extensions>
          <ns3:TrackPointExtension>
            <ns3:hr>126</ns3:hr>
            <ns3:cad>82</ns3:cad>
          </ns3:TrackPointExtension>
        </extensions>
      </trkpt>
      <trkpt lat="37.50820063054561614990234375" lon="127.06283046863973140716552734375">
        <ele>21.200000762939453125</ele>
        <time>2026-09-10T10:47:35.000Z</time>
        <extensions>
          <ns3:TrackPointExtension>
            <ns3:hr>126</ns3:hr>
            <ns3:cad>83</ns3:cad>
          </ns3:TrackPointExtension>
        </extensions>
      </trkpt>
      <trkpt lat="37.50821110792458057403564453125" lon="127.0627867989242076873779296875">
        <ele>21.200000762939453125</ele>
        <time>2026-09-10T10:47:36.000Z</time>
        <extensions>
          <ns3:TrackPointExtension>
            <ns3:hr>127</ns3:hr>
            <ns3:cad>83</ns3:cad>
          </ns3:TrackPointExtension>
        </extensions>
      </trkpt>
      <trkpt lat="37.50821781344711780548095703125" lon="127.0627489127218723297119140625">
        <ele>21.200000762939453125</ele>
        <time>2026-09-10T10:47:37.000Z</time>
        <extensions>
          <ns3:TrackPointExtension>
            <ns3:hr>128</ns3:hr>
            <ns3:cad>83</ns3:cad>
          </ns3:TrackPointExtension>
        </extensions>
      </trkpt>
      <trkpt lat="37.50822384841740131378173828125" lon="127.06271261908113956451416015625">
        <ele>21.200000762939453125</ele>
        <time>2026-09-10T10:47:38.000Z</time>
        <extensions>
          <ns3:TrackPointExtension>
            <ns3:hr>128</ns3:hr>
            <ns3:cad>84</ns3:cad>
          </ns3:TrackPointExtension>
        </extensions>
      </trkpt>
      <trkpt lat="37.50822803936898708343505859375" lon="127.0626582205295562744140625">
        <ele>21.200000762939453125</ele>
        <time>2026-09-10T10:47:39.000Z</time>
        <extensions>
          <ns3:TrackPointExtension>
            <ns3:hr>129</ns3:hr>
            <ns3:cad>84</ns3:cad>
          </ns3:TrackPointExtension>
        </extensions>
      </trkpt>
      <trkpt lat="37.5082370080053806304931640625" lon="127.062616646289825439453125">
        <ele>21</ele>
        <time>2026-09-10T10:47:40.000Z</time>
        <extensions>
          <ns3:TrackPointExtension>
            <ns3:hr>129</ns3:hr>
            <ns3:cad>84</ns3:cad>
          </ns3:TrackPointExtension>
        </extensions>
      </trkpt>
      <trkpt lat="37.50824212096631526947021484375" lon="127.0625819452106952667236328125">
        <ele>20.799999237060546875</ele>
        <time>2026-09-10T10:47:41.000Z</time>
        <extensions>
          <ns3:TrackPointExtension>
            <ns3:hr>130</ns3:hr>
            <ns3:cad>84</ns3:cad>
          </ns3:TrackPointExtension>
        </extensions>
      </trkpt>
      <trkpt lat="37.50825972296297550201416015625" lon="127.0625346712768077850341796875">
        <ele>20.6000003814697265625</ele>
        <time>2026-09-10T10:47:42.000Z</time>
        <extensions>
          <ns3:TrackPointExtension>
            <ns3:hr>131</ns3:hr>
            <ns3:cad>83</ns3:cad>
          </ns3:TrackPointExtension>
        </extensions>
      </trkpt>
      <trkpt lat="37.5082691945135593414306640625" lon="127.06250407733023166656494140625">
        <ele>20.6000003814697265625</ele>
        <time>2026-09-10T10:47:43.000Z</time>
        <extensions>
          <ns3:TrackPointExtension>
            <ns3:hr>131</ns3:hr>
            <ns3:cad>82</ns3:cad>
          </ns3:TrackPointExtension>
        </extensions>
      </trkpt>
      <trkpt lat="37.50828034244477748870849609375" lon="127.06246987916529178619384765625">
        <ele>20.6000003814697265625</ele>
        <time>2026-09-10T10:47:44.000Z</time>
        <extensions>
          <ns3:TrackPointExtension>
            <ns3:hr>131</ns3:hr>
            <ns3:cad>82</ns3:cad>
          </ns3:TrackPointExtension>
        </extensions>
      </trkpt>
      <trkpt lat="37.50829710625112056732177734375" lon="127.0624253712594509124755859375">
        <ele>20.3999996185302734375</ele>
        <time>2026-09-10T10:47:45.000Z</time>
        <extensions>
          <ns3:TrackPointExtension>
            <ns3:hr>132</ns3:hr>
            <ns3:cad>82</ns3:cad>
          </ns3:TrackPointExtension>
        </extensions>
      </trkpt>
      <trkpt lat="37.50829928554594516754150390625" lon="127.06238756887614727020263671875">
        <ele>20.3999996185302734375</ele>
        <time>2026-09-10T10:47:46.000Z</time>
        <extensions>
          <ns3:TrackPointExtension>
            <ns3:hr>132</ns3:hr>
            <ns3:cad>82</ns3:cad>
          </ns3:TrackPointExtension>
        </extensions>
      </trkpt>
      <trkpt lat="37.5082965195178985595703125" lon="127.06235404126346111297607421875">
        <ele>20.3999996185302734375</ele>
        <time>2026-09-10T10:47:47.000Z</time>
        <extensions>
          <ns3:TrackPointExtension>
            <ns3:hr>133</ns3:hr>
            <ns3:cad>82</ns3:cad>
          </ns3:TrackPointExtension>
        </extensions>
      </trkpt>
      <trkpt lat="37.508294172585010528564453125" lon="127.062312550842761993408203125">
        <ele>20.200000762939453125</ele>
        <time>2026-09-10T10:47:48.000Z</time>
        <extensions>
          <ns3:TrackPointExtension>
            <ns3:hr>133</ns3:hr>
            <ns3:cad>80</ns3:cad>
          </ns3:TrackPointExtension>
        </extensions>
      </trkpt>
      <trkpt lat="37.50828788615763187408447265625" lon="127.06229335628449916839599609375">
        <ele>20.200000762939453125</ele>
        <time>2026-09-10T10:47:49.000Z</time>
        <extensions>
          <ns3:TrackPointExtension>
            <ns3:hr>133</ns3:hr>
            <ns3:cad>80</ns3:cad>
          </ns3:TrackPointExtension>
        </extensions>
      </trkpt>
      <trkpt lat="37.50828386284410953521728515625" lon="127.0622604154050350189208984375">
        <ele>20</ele>
        <time>2026-09-10T10:47:50.000Z</time>
        <extensions>
          <ns3:TrackPointExtension>
            <ns3:hr>134</ns3:hr>
            <ns3:cad>80</ns3:cad>
          </ns3:TrackPointExtension>
        </extensions>
      </trkpt>
      <trkpt lat="37.50828302465379238128662109375" lon="127.0622208528220653533935546875">
        <ele>20</ele>
        <time>2026-09-10T10:47:51.000Z</time>
        <extensions>
          <ns3:TrackPointExtension>
            <ns3:hr>134</ns3:hr>
            <ns3:cad>80</ns3:cad>
          </ns3:TrackPointExtension>
        </extensions>
      </trkpt>
      <trkpt lat="37.50827900134027004241943359375" lon="127.06220115534961223602294921875">
        <ele>19.799999237060546875</ele>
        <time>2026-09-10T10:47:52.000Z</time>
        <extensions>
          <ns3:TrackPointExtension>
            <ns3:hr>134</ns3:hr>
            <ns3:cad>82</ns3:cad>
          </ns3:TrackPointExtension>
        </extensions>
      </trkpt>
      <trkpt lat="37.50827095471322536468505859375" lon="127.06215220503509044647216796875">
        <ele>19.6000003814697265625</ele>
        <time>2026-09-10T10:47:53.000Z</time>
        <extensions>
          <ns3:TrackPointExtension>
            <ns3:hr>135</ns3:hr>
            <ns3:cad>82</ns3:cad>
          </ns3:TrackPointExtension>
        </extensions>
      </trkpt>
      <trkpt lat="37.5082571245729923248291015625" lon="127.06211197189986705780029296875">
        <ele>19.6000003814697265625</ele>
        <time>2026-09-10T10:47:54.000Z</time>
        <extensions>
          <ns3:TrackPointExtension>
            <ns3:hr>135</ns3:hr>
            <ns3:cad>82</ns3:cad>
          </ns3:TrackPointExtension>
        </extensions>
      </trkpt>
      <trkpt lat="37.508251257240772247314453125" lon="127.062075845897197723388671875">
        <ele>19.3999996185302734375</ele>
        <time>2026-09-10T10:47:55.000Z</time>
        <extensions>
          <ns3:TrackPointExtension>
            <ns3:hr>135</ns3:hr>
            <ns3:cad>82</ns3:cad>
          </ns3:TrackPointExtension>
        </extensions>
      </trkpt>
      <trkpt lat="37.50823625363409519195556640625" lon="127.06202723085880279541015625">
        <ele>19.200000762939453125</ele>
        <time>2026-09-10T10:47:56.000Z</time>
        <extensions>
          <ns3:TrackPointExtension>
            <ns3:hr>135</ns3:hr>
            <ns3:cad>82</ns3:cad>
          </ns3:TrackPointExtension>
        </extensions>
      </trkpt>
      <trkpt lat="37.50822074711322784423828125" lon="127.06200066022574901580810546875">
        <ele>19.3999996185302734375</ele>
        <time>2026-09-10T10:47:57.000Z</time>
        <extensions>
          <ns3:TrackPointExtension>
            <ns3:hr>135</ns3:hr>
            <ns3:cad>82</ns3:cad>
          </ns3:TrackPointExtension>
        </extensions>
      </trkpt>
      <trkpt lat="37.5082031451165676116943359375" lon="127.0619536377489566802978515625">
        <ele>19.3999996185302734375</ele>
        <time>2026-09-10T10:47:58.000Z</time>
        <extensions>
          <ns3:TrackPointExtension>
            <ns3:hr>136</ns3:hr>
            <ns3:cad>82</ns3:cad>
          </ns3:TrackPointExtension>
        </extensions>
      </trkpt>
      <trkpt lat="37.50819392502307891845703125" lon="127.06192153505980968475341796875">
        <ele>19.6000003814697265625</ele>
        <time>2026-09-10T10:47:59.000Z</time>
        <extensions>
          <ns3:TrackPointExtension>
            <ns3:hr>136</ns3:hr>
            <ns3:cad>82</ns3:cad>
          </ns3:TrackPointExtension>
        </extensions>
      </trkpt>
      <trkpt lat="37.5081880576908588409423828125" lon="127.06188431940972805023193359375">
        <ele>19.799999237060546875</ele>
        <time>2026-09-10T10:48:00.000Z</time>
        <extensions>
          <ns3:TrackPointExtension>
            <ns3:hr>136</ns3:hr>
            <ns3:cad>82</ns3:cad>
          </ns3:TrackPointExtension>
        </extensions>
      </trkpt>
      <trkpt lat="37.5081806816160678863525390625" lon="127.06183101050555706024169921875">
        <ele>20</ele>
        <time>2026-09-10T10:48:01.000Z</time>
        <extensions>
          <ns3:TrackPointExtension>
            <ns3:hr>136</ns3:hr>
            <ns3:cad>82</ns3:cad>
          </ns3:TrackPointExtension>
        </extensions>
      </trkpt>
      <trkpt lat="37.50818395055830478668212890625" lon="127.06179790198802947998046875">
        <ele>20</ele>
        <time>2026-09-10T10:48:02.000Z</time>
        <extensions>
          <ns3:TrackPointExtension>
            <ns3:hr>137</ns3:hr>
            <ns3:cad>82</ns3:cad>
          </ns3:TrackPointExtension>
        </extensions>
      </trkpt>
      <trkpt lat="37.5081974454224109649658203125" lon="127.06174551509320735931396484375">
        <ele>20.200000762939453125</ele>
        <time>2026-09-10T10:48:03.000Z</time>
        <extensions>
          <ns3:TrackPointExtension>
            <ns3:hr>137</ns3:hr>
            <ns3:cad>82</ns3:cad>
          </ns3:TrackPointExtension>
        </extensions>
      </trkpt>
      <trkpt lat="37.5082175619900226593017578125" lon="127.0617021806538105010986328125">
        <ele>20.200000762939453125</ele>
        <time>2026-09-10T10:48:04.000Z</time>
        <extensions>
          <ns3:TrackPointExtension>
            <ns3:hr>137</ns3:hr>
            <ns3:cad>82</ns3:cad>
          </ns3:TrackPointExtension>
        </extensions>
      </trkpt>
      <trkpt lat="37.508244551718235015869140625" lon="127.06166555173695087432861328125">
        <ele>20.200000762939453125</ele>
        <time>2026-09-10T10:48:05.000Z</time>
        <extensions>
          <ns3:TrackPointExtension>
            <ns3:hr>138</ns3:hr>
            <ns3:cad>83</ns3:cad>
          </ns3:TrackPointExtension>
        </extensions>
      </trkpt>
      <trkpt lat="37.5082812644541263580322265625" lon="127.06164644099771976470947265625">
        <ele>20</ele>
        <time>2026-09-10T10:48:06.000Z</time>
        <extensions>
          <ns3:TrackPointExtension>
            <ns3:hr>138</ns3:hr>
            <ns3:cad>83</ns3:cad>
          </ns3:TrackPointExtension>
        </extensions>
      </trkpt>
      <trkpt lat="37.5083147920668125152587890625" lon="127.0616404898464679718017578125">
        <ele>20</ele>
        <time>2026-09-10T10:48:07.000Z</time>
        <extensions>
          <ns3:TrackPointExtension>
            <ns3:hr>139</ns3:hr>
            <ns3:cad>83</ns3:cad>
          </ns3:TrackPointExtension>
        </extensions>
      </trkpt>
      <trkpt lat="37.50835594721138477325439453125" lon="127.06163018010556697845458984375">
        <ele>20</ele>
        <time>2026-09-10T10:48:08.000Z</time>
        <extensions>
          <ns3:TrackPointExtension>
            <ns3:hr>139</ns3:hr>
            <ns3:cad>83</ns3:cad>
          </ns3:TrackPointExtension>
        </extensions>
      </trkpt>
      <trkpt lat="37.50839601270854473114013671875" lon="127.06162867136299610137939453125">
        <ele>20</ele>
        <time>2026-09-10T10:48:09.000Z</time>
        <extensions>
          <ns3:TrackPointExtension>
            <ns3:hr>139</ns3:hr>
            <ns3:cad>84</ns3:cad>
          </ns3:TrackPointExtension>
        </extensions>
      </trkpt>
      <trkpt lat="37.50843708403408527374267578125" lon="127.0616207085549831390380859375">
        <ele>20</ele>
        <time>2026-09-10T10:48:10.000Z</time>
        <extensions>
          <ns3:TrackPointExtension>
            <ns3:hr>140</ns3:hr>
            <ns3:cad>84</ns3:cad>
          </ns3:TrackPointExtension>
        </extensions>
      </trkpt>
      <trkpt lat="37.5084837712347507476806640625" lon="127.06161660142242908477783203125">
        <ele>20.200000762939453125</ele>
        <time>2026-09-10T10:48:11.000Z</time>
        <extensions>
          <ns3:TrackPointExtension>
            <ns3:hr>140</ns3:hr>
            <ns3:cad>84</ns3:cad>
          </ns3:TrackPointExtension>
        </extensions>
      </trkpt>
      <trkpt lat="37.50851151533424854278564453125" lon="127.06160201691091060638427734375">
        <ele>20.3999996185302734375</ele>
        <time>2026-09-10T10:48:12.000Z</time>
        <extensions>
          <ns3:TrackPointExtension>
            <ns3:hr>141</ns3:hr>
            <ns3:cad>83</ns3:cad>
          </ns3:TrackPointExtension>
        </extensions>
      </trkpt>
      <trkpt lat="37.50855308957397937774658203125" lon="127.06158609129488468170166015625">
        <ele>20.6000003814697265625</ele>
        <time>2026-09-10T10:48:13.000Z</time>
        <extensions>
          <ns3:TrackPointExtension>
            <ns3:hr>142</ns3:hr>
            <ns3:cad>83</ns3:cad>
          </ns3:TrackPointExtension>
        </extensions>
      </trkpt>
      <trkpt lat="37.50859114341437816619873046875" lon="127.06157033331692218780517578125">
        <ele>20.6000003814697265625</ele>
        <time>2026-09-10T10:48:14.000Z</time>
        <extensions>
          <ns3:TrackPointExtension>
            <ns3:hr>142</ns3:hr>
            <ns3:cad>83</ns3:cad>
          </ns3:TrackPointExtension>
        </extensions>
      </trkpt>
      <trkpt lat="37.50861645676195621490478515625" lon="127.0615425892174243927001953125">
        <ele>20.3999996185302734375</ele>
        <time>2026-09-10T10:48:15.000Z</time>
        <extensions>
          <ns3:TrackPointExtension>
            <ns3:hr>143</ns3:hr>
            <ns3:cad>83</ns3:cad>
          </ns3:TrackPointExtension>
        </extensions>
      </trkpt>
      <trkpt lat="37.50864855945110321044921875" lon="127.06149975769221782684326171875">
        <ele>20.3999996185302734375</ele>
        <time>2026-09-10T10:48:16.000Z</time>
        <extensions>
          <ns3:TrackPointExtension>
            <ns3:hr>143</ns3:hr>
            <ns3:cad>83</ns3:cad>
          </ns3:TrackPointExtension>
        </extensions>
      </trkpt>
      <trkpt lat="37.5086654908955097198486328125" lon="127.061460278928279876708984375">
        <ele>20.3999996185302734375</ele>
        <time>2026-09-10T10:48:17.000Z</time>
        <extensions>
          <ns3:TrackPointExtension>
            <ns3:hr>144</ns3:hr>
            <ns3:cad>83</ns3:cad>
          </ns3:TrackPointExtension>
        </extensions>
      </trkpt>
      <trkpt lat="37.5086718611419200897216796875" lon="127.06141308881342411041259765625">
        <ele>20.3999996185302734375</ele>
        <time>2026-09-10T10:48:18.000Z</time>
        <extensions>
          <ns3:TrackPointExtension>
            <ns3:hr>144</ns3:hr>
            <ns3:cad>83</ns3:cad>
          </ns3:TrackPointExtension>
        </extensions>
      </trkpt>
      <trkpt lat="37.50866490416228771209716796875" lon="127.06136564724147319793701171875">
        <ele>20.3999996185302734375</ele>
        <time>2026-09-10T10:48:19.000Z</time>
        <extensions>
          <ns3:TrackPointExtension>
            <ns3:hr>145</ns3:hr>
            <ns3:cad>83</ns3:cad>
          </ns3:TrackPointExtension>
        </extensions>
      </trkpt>
      <trkpt lat="37.508648894727230072021484375" lon="127.06132558174431324005126953125">
        <ele>20.3999996185302734375</ele>
        <time>2026-09-10T10:48:20.000Z</time>
        <extensions>
          <ns3:TrackPointExtension>
            <ns3:hr>145</ns3:hr>
            <ns3:cad>83</ns3:cad>
          </ns3:TrackPointExtension>
        </extensions>
      </trkpt>
      <trkpt lat="37.5086286105215549468994140625" lon="127.0612703450024127960205078125">
        <ele>20.3999996185302734375</ele>
        <time>2026-09-10T10:48:21.000Z</time>
        <extensions>
          <ns3:TrackPointExtension>
            <ns3:hr>145</ns3:hr>
            <ns3:cad>83</ns3:cad>
          </ns3:TrackPointExtension>
        </extensions>
      </trkpt>
      <trkpt lat="37.50861494801938533782958984375" lon="127.06124268472194671630859375">
        <ele>20.3999996185302734375</ele>
        <time>2026-09-10T10:48:22.000Z</time>
        <extensions>
          <ns3:TrackPointExtension>
            <ns3:hr>146</ns3:hr>
            <ns3:cad>83</ns3:cad>
          </ns3:TrackPointExtension>
        </extensions>
      </trkpt>
      <trkpt lat="37.508598603308200836181640625" lon="127.06120236776769161224365234375">
        <ele>20.3999996185302734375</ele>
        <time>2026-09-10T10:48:23.000Z</time>
        <extensions>
          <ns3:TrackPointExtension>
            <ns3:hr>146</ns3:hr>
            <ns3:cad>83</ns3:cad>
          </ns3:TrackPointExtension>
        </extensions>
      </trkpt>
      <trkpt lat="37.50858494080603122711181640625" lon="127.06115576438605785369873046875">
        <ele>20.3999996185302734375</ele>
        <time>2026-09-10T10:48:24.000Z</time>
        <extensions>
          <ns3:TrackPointExtension>
            <ns3:hr>147</ns3:hr>
            <ns3:cad>83</ns3:cad>
          </ns3:TrackPointExtension>
        </extensions>
      </trkpt>
      <trkpt lat="37.5085719488561153411865234375" lon="127.0611295290291309356689453125">
        <ele>20.3999996185302734375</ele>
        <time>2026-09-10T10:48:25.000Z</time>
        <extensions>
          <ns3:TrackPointExtension>
            <ns3:hr>147</ns3:hr>
            <ns3:cad>84</ns3:cad>
          </ns3:TrackPointExtension>
        </extensions>
      </trkpt>
      <trkpt lat="37.50855191610753536224365234375" lon="127.06108334474265575408935546875">
        <ele>20.3999996185302734375</ele>
        <time>2026-09-10T10:48:26.000Z</time>
        <extensions>
          <ns3:TrackPointExtension>
            <ns3:hr>147</ns3:hr>
            <ns3:cad>84</ns3:cad>
          </ns3:TrackPointExtension>
        </extensions>
      </trkpt>
      <trkpt lat="37.50854101963341236114501953125" lon="127.061044871807098388671875">
        <ele>20.3999996185302734375</ele>
        <time>2026-09-10T10:48:27.000Z</time>
        <extensions>
          <ns3:TrackPointExtension>
            <ns3:hr>148</ns3:hr>
            <ns3:cad>84</ns3:cad>
          </ns3:TrackPointExtension>
        </extensions>
      </trkpt>
      <trkpt lat="37.508521489799022674560546875" lon="127.0610032975673675537109375">
        <ele>20.3999996185302734375</ele>
        <time>2026-09-10T10:48:28.000Z</time>
        <extensions>
          <ns3:TrackPointExtension>
            <ns3:hr>148</ns3:hr>
            <ns3:cad>84</ns3:cad>
          </ns3:TrackPointExtension>
        </extensions>
      </trkpt>
      <trkpt lat="37.50850598327815532684326171875" lon="127.06095728091895580291748046875">
        <ele>20.3999996185302734375</ele>
        <time>2026-09-10T10:48:29.000Z</time>
        <extensions>
          <ns3:TrackPointExtension>
            <ns3:hr>149</ns3:hr>
            <ns3:cad>84</ns3:cad>
          </ns3:TrackPointExtension>
        </extensions>
      </trkpt>
      <trkpt lat="37.50849005766212940216064453125" lon="127.06092811189591884613037109375">
        <ele>20.3999996185302734375</ele>
        <time>2026-09-10T10:48:30.000Z</time>
        <extensions>
          <ns3:TrackPointExtension>
            <ns3:hr>149</ns3:hr>
            <ns3:cad>84</ns3:cad>
          </ns3:TrackPointExtension>
        </extensions>
      </trkpt>
      <trkpt lat="37.5084670074284076690673828125" lon="127.06089240498840808868408203125">
        <ele>20.3999996185302734375</ele>
        <time>2026-09-10T10:48:31.000Z</time>
        <extensions>
          <ns3:TrackPointExtension>
            <ns3:hr>149</ns3:hr>
            <ns3:cad>84</ns3:cad>
          </ns3:TrackPointExtension>
        </extensions>
      </trkpt>
      <trkpt lat="37.5084502436220645904541015625" lon="127.0608589611947536468505859375">
        <ele>20.3999996185302734375</ele>
        <time>2026-09-10T10:48:32.000Z</time>
        <extensions>
          <ns3:TrackPointExtension>
            <ns3:hr>150</ns3:hr>
            <ns3:cad>84</ns3:cad>
          </ns3:TrackPointExtension>
        </extensions>
      </trkpt>
      <trkpt lat="37.50843264162540435791015625" lon="127.06081478856503963470458984375">
        <ele>20.3999996185302734375</ele>
        <time>2026-09-10T10:48:33.000Z</time>
        <extensions>
          <ns3:TrackPointExtension>
            <ns3:hr>150</ns3:hr>
            <ns3:cad>84</ns3:cad>
          </ns3:TrackPointExtension>
        </extensions>
      </trkpt>
      <trkpt lat="37.50842300243675708770751953125" lon="127.0607684366405010223388671875">
        <ele>20.3999996185302734375</ele>
        <time>2026-09-10T10:48:34.000Z</time>
        <extensions>
          <ns3:TrackPointExtension>
            <ns3:hr>150</ns3:hr>
            <ns3:cad>84</ns3:cad>
          </ns3:TrackPointExtension>
        </extensions>
      </trkpt>
      <trkpt lat="37.5084093399345874786376953125" lon="127.06073314882814884185791015625">
        <ele>20.3999996185302734375</ele>
        <time>2026-09-10T10:48:35.000Z</time>
        <extensions>
          <ns3:TrackPointExtension>
            <ns3:hr>151</ns3:hr>
            <ns3:cad>84</ns3:cad>
          </ns3:TrackPointExtension>
        </extensions>
      </trkpt>
      <trkpt lat="37.50839735381305217742919921875" lon="127.0606929995119571685791015625">
        <ele>20.6000003814697265625</ele>
        <time>2026-09-10T10:48:36.000Z</time>
        <extensions>
          <ns3:TrackPointExtension>
            <ns3:hr>151</ns3:hr>
            <ns3:cad>83</ns3:cad>
          </ns3:TrackPointExtension>
        </extensions>
      </trkpt>
      <trkpt lat="37.50838327221572399139404296875" lon="127.06066274084150791168212890625">
        <ele>20.6000003814697265625</ele>
        <time>2026-09-10T10:48:37.000Z</time>
        <extensions>
          <ns3:TrackPointExtension>
            <ns3:hr>151</ns3:hr>
            <ns3:cad>83</ns3:cad>
          </ns3:TrackPointExtension>
        </extensions>
      </trkpt>
      <trkpt lat="37.5083681009709835052490234375" lon="127.0606232620775699615478515625">
        <ele>20.6000003814697265625</ele>
        <time>2026-09-10T10:48:38.000Z</time>
        <extensions>
          <ns3:TrackPointExtension>
            <ns3:hr>151</ns3:hr>
            <ns3:cad>83</ns3:cad>
          </ns3:TrackPointExtension>
        </extensions>
      </trkpt>
      <trkpt lat="37.50836030580103397369384765625" lon="127.0605821907520294189453125">
        <ele>20.6000003814697265625</ele>
        <time>2026-09-10T10:48:39.000Z</time>
        <extensions>
          <ns3:TrackPointExtension>
            <ns3:hr>151</ns3:hr>
            <ns3:cad>84</ns3:cad>
          </ns3:TrackPointExtension>
        </extensions>
      </trkpt>
      <trkpt lat="37.508353181183338165283203125" lon="127.060551010072231292724609375">
        <ele>20.6000003814697265625</ele>
        <time>2026-09-10T10:48:40.000Z</time>
        <extensions>
          <ns3:TrackPointExtension>
            <ns3:hr>152</ns3:hr>
            <ns3:cad>84</ns3:cad>
          </ns3:TrackPointExtension>
        </extensions>
      </trkpt>
      <trkpt lat="37.5083463080227375030517578125" lon="127.06050734035670757293701171875">
        <ele>20.799999237060546875</ele>
        <time>2026-09-10T10:48:41.000Z</time>
        <extensions>
          <ns3:TrackPointExtension>
            <ns3:hr>152</ns3:hr>
            <ns3:cad>84</ns3:cad>
          </ns3:TrackPointExtension>
        </extensions>
      </trkpt>
      <trkpt lat="37.508345805108547210693359375" lon="127.06047045998275279998779296875">
        <ele>20.799999237060546875</ele>
        <time>2026-09-10T10:48:42.000Z</time>
        <extensions>
          <ns3:TrackPointExtension>
            <ns3:hr>152</ns3:hr>
            <ns3:cad>83</ns3:cad>
          </ns3:TrackPointExtension>
        </extensions>
      </trkpt>
      <trkpt lat="37.50834815204143524169921875" lon="127.060448415577411651611328125">
        <ele>20.799999237060546875</ele>
        <time>2026-09-10T10:48:43.000Z</time>
        <extensions>
          <ns3:TrackPointExtension>
            <ns3:hr>152</ns3:hr>
            <ns3:cad>83</ns3:cad>
          </ns3:TrackPointExtension>
        </extensions>
      </trkpt>
      <trkpt lat="37.50834773294627666473388671875" lon="127.06041212193667888641357421875">
        <ele>20.799999237060546875</ele>
        <time>2026-09-10T10:48:44.000Z</time>
        <extensions>
          <ns3:TrackPointExtension>
            <ns3:hr>152</ns3:hr>
            <ns3:cad>83</ns3:cad>
          </ns3:TrackPointExtension>
        </extensions>
      </trkpt>
      <trkpt lat="37.50834546983242034912109375" lon="127.06037440337240695953369140625">
        <ele>20.6000003814697265625</ele>
        <time>2026-09-10T10:48:45.000Z</time>
        <extensions>
          <ns3:TrackPointExtension>
            <ns3:hr>152</ns3:hr>
            <ns3:cad>82</ns3:cad>
          </ns3:TrackPointExtension>
        </extensions>
      </trkpt>
      <trkpt lat="37.5083399377763271331787109375" lon="127.06034657545387744903564453125">
        <ele>20.799999237060546875</ele>
        <time>2026-09-10T10:48:46.000Z</time>
        <extensions>
          <ns3:TrackPointExtension>
            <ns3:hr>152</ns3:hr>
            <ns3:cad>81</ns3:cad>
          </ns3:TrackPointExtension>
        </extensions>
      </trkpt>
      <trkpt lat="37.5083298794925212860107421875" lon="127.06031388603150844573974609375">
        <ele>20.799999237060546875</ele>
        <time>2026-09-10T10:48:47.000Z</time>
        <extensions>
          <ns3:TrackPointExtension>
            <ns3:hr>152</ns3:hr>
            <ns3:cad>81</ns3:cad>
          </ns3:TrackPointExtension>
        </extensions>
      </trkpt>
      <trkpt lat="37.50832007266581058502197265625" lon="127.0602849684655666351318359375">
        <ele>20.799999237060546875</ele>
        <time>2026-09-10T10:48:48.000Z</time>
        <extensions>
          <ns3:TrackPointExtension>
            <ns3:hr>152</ns3:hr>
            <ns3:cad>80</ns3:cad>
          </ns3:TrackPointExtension>
        </extensions>
      </trkpt>
      <trkpt lat="37.5083104334771633148193359375" lon="127.060252614319324493408203125">
        <ele>20.799999237060546875</ele>
        <time>2026-09-10T10:48:49.000Z</time>
        <extensions>
          <ns3:TrackPointExtension>
            <ns3:hr>152</ns3:hr>
            <ns3:cad>80</ns3:cad>
          </ns3:TrackPointExtension>
        </extensions>
      </trkpt>
      <trkpt lat="37.50829425640404224395751953125" lon="127.06021464429795742034912109375">
        <ele>20.799999237060546875</ele>
        <time>2026-09-10T10:48:50.000Z</time>
        <extensions>
          <ns3:TrackPointExtension>
            <ns3:hr>152</ns3:hr>
            <ns3:cad>80</ns3:cad>
          </ns3:TrackPointExtension>
        </extensions>
      </trkpt>
      <trkpt lat="37.50827514566481113433837890625" lon="127.060192264616489410400390625">
        <ele>20.799999237060546875</ele>
        <time>2026-09-10T10:48:51.000Z</time>
        <extensions>
          <ns3:TrackPointExtension>
            <ns3:hr>152</ns3:hr>
            <ns3:cad>41</ns3:cad>
          </ns3:TrackPointExtension>
        </extensions>
      </trkpt>
      <trkpt lat="37.50825268216431140899658203125" lon="127.060154713690280914306640625">
        <ele>20.799999237060546875</ele>
        <time>2026-09-10T10:48:52.000Z</time>
        <extensions>
          <ns3:TrackPointExtension>
            <ns3:hr>152</ns3:hr>
            <ns3:cad>41</ns3:cad>
          </ns3:TrackPointExtension>
        </extensions>
      </trkpt>
      <trkpt lat="37.5082401931285858154296875" lon="127.06013266928493976593017578125">
        <ele>20.799999237060546875</ele>
        <time>2026-09-10T10:48:53.000Z</time>
        <extensions>
          <ns3:TrackPointExtension>
            <ns3:hr>151</ns3:hr>
            <ns3:cad>41</ns3:cad>
          </ns3:TrackPointExtension>
        </extensions>
      </trkpt>
      <trkpt lat="37.5082219205796718597412109375" lon="127.060104422271251678466796875">
        <ele>20.799999237060546875</ele>
        <time>2026-09-10T10:48:54.000Z</time>
        <extensions>
          <ns3:TrackPointExtension>
            <ns3:hr>152</ns3:hr>
            <ns3:cad>41</ns3:cad>
          </ns3:TrackPointExtension>
        </extensions>
      </trkpt>
      <trkpt lat="37.50821278430521488189697265625" lon="127.06007466651499271392822265625">
        <ele>20.799999237060546875</ele>
        <time>2026-09-10T10:48:55.000Z</time>
        <extensions>
          <ns3:TrackPointExtension>
            <ns3:hr>151</ns3:hr>
            <ns3:cad>41</ns3:cad>
          </ns3:TrackPointExtension>
        </extensions>
      </trkpt>
      <trkpt lat="37.5082028098404407501220703125" lon="127.06004683859646320343017578125">
        <ele>20.799999237060546875</ele>
        <time>2026-09-10T10:48:56.000Z</time>
        <extensions>
          <ns3:TrackPointExtension>
            <ns3:hr>151</ns3:hr>
            <ns3:cad>83</ns3:cad>
          </ns3:TrackPointExtension>
        </extensions>
      </trkpt>
      <trkpt lat="37.508182525634765625" lon="127.0599909313023090362548828125">
        <ele>20.799999237060546875</ele>
        <time>2026-09-10T10:48:57.000Z</time>
        <extensions>
          <ns3:TrackPointExtension>
            <ns3:hr>151</ns3:hr>
            <ns3:cad>84</ns3:cad>
          </ns3:TrackPointExtension>
        </extensions>
      </trkpt>
      <trkpt lat="37.50817489810287952423095703125" lon="127.05995120108127593994140625">
        <ele>21</ele>
        <time>2026-09-10T10:48:58.000Z</time>
        <extensions>
          <ns3:TrackPointExtension>
            <ns3:hr>151</ns3:hr>
            <ns3:cad>84</ns3:cad>
          </ns3:TrackPointExtension>
        </extensions>
      </trkpt>
      <trkpt lat="37.5081686116755008697509765625" lon="127.05990987829864025115966796875">
        <ele>21</ele>
        <time>2026-09-10T10:48:59.000Z</time>
        <extensions>
          <ns3:TrackPointExtension>
            <ns3:hr>151</ns3:hr>
            <ns3:cad>84</ns3:cad>
          </ns3:TrackPointExtension>
        </extensions>
      </trkpt>
      <trkpt lat="37.50816048122942447662353515625" lon="127.0598698966205120086669921875">
        <ele>21</ele>
        <time>2026-09-10T10:49:00.000Z</time>
        <extensions>
          <ns3:TrackPointExtension>
            <ns3:hr>151</ns3:hr>
            <ns3:cad>84</ns3:cad>
          </ns3:TrackPointExtension>
        </extensions>
      </trkpt>
      <trkpt lat="37.5081516802310943603515625" lon="127.059838213026523590087890625">
        <ele>21</ele>
        <time>2026-09-10T10:49:01.000Z</time>
        <extensions>
          <ns3:TrackPointExtension>
            <ns3:hr>151</ns3:hr>
            <ns3:cad>84</ns3:cad>
          </ns3:TrackPointExtension>
        </extensions>
      </trkpt>
      <trkpt lat="37.50813650898635387420654296875" lon="127.05978817306458950042724609375">
        <ele>21</ele>
        <time>2026-09-10T10:49:02.000Z</time>
        <extensions>
          <ns3:TrackPointExtension>
            <ns3:hr>151</ns3:hr>
            <ns3:cad>83</ns3:cad>
          </ns3:TrackPointExtension>
        </extensions>
      </trkpt>
      <trkpt lat="37.5081260316073894500732421875" lon="127.0597614347934722900390625">
        <ele>21</ele>
        <time>2026-09-10T10:49:03.000Z</time>
        <extensions>
          <ns3:TrackPointExtension>
            <ns3:hr>151</ns3:hr>
            <ns3:cad>83</ns3:cad>
          </ns3:TrackPointExtension>
        </extensions>
      </trkpt>
      <trkpt lat="37.5081114470958709716796875" lon="127.059714160859584808349609375">
        <ele>21</ele>
        <time>2026-09-10T10:49:04.000Z</time>
        <extensions>
          <ns3:TrackPointExtension>
            <ns3:hr>152</ns3:hr>
            <ns3:cad>83</ns3:cad>
          </ns3:TrackPointExtension>
        </extensions>
      </trkpt>
      <trkpt lat="37.50810147263109683990478515625" lon="127.0596650429069995880126953125">
        <ele>21.200000762939453125</ele>
        <time>2026-09-10T10:49:05.000Z</time>
        <extensions>
          <ns3:TrackPointExtension>
            <ns3:hr>151</ns3:hr>
            <ns3:cad>84</ns3:cad>
          </ns3:TrackPointExtension>
        </extensions>
      </trkpt>
      <trkpt lat="37.50808856450021266937255859375" lon="127.05963377840816974639892578125">
        <ele>21</ele>
        <time>2026-09-10T10:49:06.000Z</time>
        <extensions>
          <ns3:TrackPointExtension>
            <ns3:hr>151</ns3:hr>
            <ns3:cad>84</ns3:cad>
          </ns3:TrackPointExtension>
        </extensions>
      </trkpt>
      <trkpt lat="37.50807532109320163726806640625" lon="127.05959756858646869659423828125">
        <ele>21</ele>
        <time>2026-09-10T10:49:07.000Z</time>
        <extensions>
          <ns3:TrackPointExtension>
            <ns3:hr>152</ns3:hr>
            <ns3:cad>84</ns3:cad>
          </ns3:TrackPointExtension>
        </extensions>
      </trkpt>
      <trkpt lat="37.508063502609729766845703125" lon="127.05957108177244663238525390625">
        <ele>21</ele>
        <time>2026-09-10T10:49:08.000Z</time>
        <extensions>
          <ns3:TrackPointExtension>
            <ns3:hr>152</ns3:hr>
            <ns3:cad>84</ns3:cad>
          </ns3:TrackPointExtension>
        </extensions>
      </trkpt>
      <trkpt lat="37.50805176794528961181640625" lon="127.05953688360750675201416015625">
        <ele>21</ele>
        <time>2026-09-10T10:49:09.000Z</time>
        <extensions>
          <ns3:TrackPointExtension>
            <ns3:hr>152</ns3:hr>
            <ns3:cad>84</ns3:cad>
          </ns3:TrackPointExtension>
        </extensions>
      </trkpt>
      <trkpt lat="37.5080425478518009185791015625" lon="127.0594932138919830322265625">
        <ele>21</ele>
        <time>2026-09-10T10:49:10.000Z</time>
        <extensions>
          <ns3:TrackPointExtension>
            <ns3:hr>152</ns3:hr>
            <ns3:cad>84</ns3:cad>
          </ns3:TrackPointExtension>
        </extensions>
      </trkpt>
      <trkpt lat="37.50803559087216854095458984375" lon="127.05946681089699268341064453125">
        <ele>20.799999237060546875</ele>
        <time>2026-09-10T10:49:11.000Z</time>
        <extensions>
          <ns3:TrackPointExtension>
            <ns3:hr>151</ns3:hr>
            <ns3:cad>84</ns3:cad>
          </ns3:TrackPointExtension>
        </extensions>
      </trkpt>
      <trkpt lat="37.50802050344645977020263671875" lon="127.05942288972437381744384765625">
        <ele>20.799999237060546875</ele>
        <time>2026-09-10T10:49:12.000Z</time>
        <extensions>
          <ns3:TrackPointExtension>
            <ns3:hr>152</ns3:hr>
            <ns3:cad>84</ns3:cad>
          </ns3:TrackPointExtension>
        </extensions>
      </trkpt>
      <trkpt lat="37.50800893642008304595947265625" lon="127.05938466824591159820556640625">
        <ele>20.799999237060546875</ele>
        <time>2026-09-10T10:49:13.000Z</time>
        <extensions>
          <ns3:TrackPointExtension>
            <ns3:hr>151</ns3:hr>
            <ns3:cad>84</ns3:cad>
          </ns3:TrackPointExtension>
        </extensions>
      </trkpt>
      <trkpt lat="37.50799720175564289093017578125" lon="127.05935767851769924163818359375">
        <ele>20.799999237060546875</ele>
        <time>2026-09-10T10:49:14.000Z</time>
        <extensions>
          <ns3:TrackPointExtension>
            <ns3:hr>151</ns3:hr>
            <ns3:cad>84</ns3:cad>
          </ns3:TrackPointExtension>
        </extensions>
      </trkpt>
      <trkpt lat="37.50798781402409076690673828125" lon="127.05931945703923702239990234375">
        <ele>20.6000003814697265625</ele>
        <time>2026-09-10T10:49:15.000Z</time>
        <extensions>
          <ns3:TrackPointExtension>
            <ns3:hr>151</ns3:hr>
            <ns3:cad>84</ns3:cad>
          </ns3:TrackPointExtension>
        </extensions>
      </trkpt>
      <trkpt lat="37.50798739492893218994140625" lon="127.05928307957947254180908203125">
        <ele>20.799999237060546875</ele>
        <time>2026-09-10T10:49:16.000Z</time>
        <extensions>
          <ns3:TrackPointExtension>
            <ns3:hr>151</ns3:hr>
            <ns3:cad>84</ns3:cad>
          </ns3:TrackPointExtension>
        </extensions>
      </trkpt>
      <trkpt lat="37.50798295252025127410888671875" lon="127.05926589667797088623046875">
        <ele>20.799999237060546875</ele>
        <time>2026-09-10T10:49:17.000Z</time>
        <extensions>
          <ns3:TrackPointExtension>
            <ns3:hr>151</ns3:hr>
            <ns3:cad>84</ns3:cad>
          </ns3:TrackPointExtension>
        </extensions>
      </trkpt>
      <trkpt lat="37.50798680819571018218994140625" lon="127.0592469535768032073974609375">
        <ele>20.799999237060546875</ele>
        <time>2026-09-10T10:49:18.000Z</time>
        <extensions>
          <ns3:TrackPointExtension>
            <ns3:hr>150</ns3:hr>
            <ns3:cad>84</ns3:cad>
          </ns3:TrackPointExtension>
        </extensions>
      </trkpt>
      <trkpt lat="37.50800323672592639923095703125" lon="127.05922901630401611328125">
        <ele>20.6000003814697265625</ele>
        <time>2026-09-10T10:49:19.000Z</time>
        <extensions>
          <ns3:TrackPointExtension>
            <ns3:hr>150</ns3:hr>
            <ns3:cad>82</ns3:cad>
          </ns3:TrackPointExtension>
        </extensions>
      </trkpt>
      <trkpt lat="37.5080202519893646240234375" lon="127.059205211699008941650390625">
        <ele>20.6000003814697265625</ele>
        <time>2026-09-10T10:49:20.000Z</time>
        <extensions>
          <ns3:TrackPointExtension>
            <ns3:hr>150</ns3:hr>
            <ns3:cad>82</ns3:cad>
          </ns3:TrackPointExtension>
        </extensions>
      </trkpt>
      <trkpt lat="37.5080546177923679351806640625" lon="127.059183754026889801025390625">
        <ele>20.6000003814697265625</ele>
        <time>2026-09-10T10:49:21.000Z</time>
        <extensions>
          <ns3:TrackPointExtension>
            <ns3:hr>150</ns3:hr>
            <ns3:cad>82</ns3:cad>
          </ns3:TrackPointExtension>
        </extensions>
      </trkpt>
      <trkpt lat="37.50807993113994598388671875" lon="127.0591604523360729217529296875">
        <ele>20.6000003814697265625</ele>
        <time>2026-09-10T10:49:22.000Z</time>
        <extensions>
          <ns3:TrackPointExtension>
            <ns3:hr>150</ns3:hr>
            <ns3:cad>82</ns3:cad>
          </ns3:TrackPointExtension>
        </extensions>
      </trkpt>
      <trkpt lat="37.50813131220638751983642578125" lon="127.05913044512271881103515625">
        <ele>20.799999237060546875</ele>
        <time>2026-09-10T10:49:23.000Z</time>
        <extensions>
          <ns3:TrackPointExtension>
            <ns3:hr>150</ns3:hr>
            <ns3:cad>82</ns3:cad>
          </ns3:TrackPointExtension>
        </extensions>
      </trkpt>
      <trkpt lat="37.5081635825335979461669921875" lon="127.0591121725738048553466796875">
        <ele>20.799999237060546875</ele>
        <time>2026-09-10T10:49:24.000Z</time>
        <extensions>
          <ns3:TrackPointExtension>
            <ns3:hr>150</ns3:hr>
            <ns3:cad>82</ns3:cad>
          </ns3:TrackPointExtension>
        </extensions>
      </trkpt>
      <trkpt lat="37.508200965821743011474609375" lon="127.0590923912823200225830078125">
        <ele>20.799999237060546875</ele>
        <time>2026-09-10T10:49:25.000Z</time>
        <extensions>
          <ns3:TrackPointExtension>
            <ns3:hr>150</ns3:hr>
            <ns3:cad>82</ns3:cad>
          </ns3:TrackPointExtension>
        </extensions>
      </trkpt>
      <trkpt lat="37.508227117359638214111328125" lon="127.059083841741085052490234375">
        <ele>20.799999237060546875</ele>
        <time>2026-09-10T10:49:26.000Z</time>
        <extensions>
          <ns3:TrackPointExtension>
            <ns3:hr>150</ns3:hr>
            <ns3:cad>82</ns3:cad>
          </ns3:TrackPointExtension>
        </extensions>
      </trkpt>
      <trkpt lat="37.5082601420581340789794921875" lon="127.05908107571303844451904296875">
        <ele>20.799999237060546875</ele>
        <time>2026-09-10T10:49:27.000Z</time>
        <extensions>
          <ns3:TrackPointExtension>
            <ns3:hr>149</ns3:hr>
            <ns3:cad>82</ns3:cad>
          </ns3:TrackPointExtension>
        </extensions>
      </trkpt>
      <trkpt lat="37.50828788615763187408447265625" lon="127.05908208154141902923583984375">
        <ele>21</ele>
        <time>2026-09-10T10:49:28.000Z</time>
        <extensions>
          <ns3:TrackPointExtension>
            <ns3:hr>150</ns3:hr>
            <ns3:cad>82</ns3:cad>
          </ns3:TrackPointExtension>
        </extensions>
      </trkpt>
    </trkseg>
  </trk>
</gpx>
