<gpx xmlns:ns3="http://www.garmin.com/xmlschemas/TrackPointExtension/v1" xmlns="http://www.topografix.com/GPX/1/1" xmlns:xsi="http://www.w3.org/2001/XMLSchema-instance" xmlns:ns2="http://www.garmin.com/xmlschemas/GpxExtensions/v3" creator="Garmin Connect" version="1.1" xsi:schemaLocation="http://www.topografix.com/GPX/1/1 http://www.topografix.com/GPX/11.xsd">
  <extensions>
<distance>5020.42</distance>
<average_hr>147.0</average_hr>
<average_speed>3.5230000019073486</average_speed>
<start_time>2026-09-11T10:20:26+00:00</start_time>
<end_time>2026-09-11T10:44:11.056000+00:00</end_time>
<moving_time>1413.802</moving_time>
<elapsed_time>1801.312</elapsed_time>
</extensions>
<metadata>
    <link href="connect.garmin.com">
      <text>Garmin Connect</text>
    </link>
    <time>2026-09-11T10:20:26.000Z</time>
  </metadata>
  <trk>
    <name>Running</name>
    <type>running</type>
    <trkseg>
      <trkpt lat="37.5069860927760601043701171875" lon="127.059609554708003997802734375">
        <ele>48</ele>
        <time>2026-09-11T10:20:26.000Z</time>
        <extensions>
          <ns3:TrackPointExtension>
            <ns3:hr>97</ns3:hr>
            <ns3:cad>0</ns3:cad>
          </ns3:TrackPointExtension>
        </extensions>
      </trkpt>
      <trkpt lat="37.507031857967376708984375" lon="127.0596063695847988128662109375">
        <ele>48</ele>
        <time>2026-09-11T10:20:27.000Z</time>
        <extensions>
          <ns3:TrackPointExtension>
            <ns3:hr>97</ns3:hr>
            <ns3:cad>0</ns3:cad>
          </ns3:TrackPointExtension>
        </extensions>
      </trkpt>
      <trkpt lat="37.50705725513398647308349609375" lon="127.0596248097717761993408203125">
        <ele>48</ele>
        <time>2026-09-11T10:20:28.000Z</time>
        <extensions>
          <ns3:TrackPointExtension>
            <ns3:hr>98</ns3:hr>
            <ns3:cad>0</ns3:cad>
          </ns3:TrackPointExtension>
        </extensions>
      </trkpt>
      <trkpt lat="37.50708877108991146087646484375" lon="127.05965347588062286376953125">
        <ele>47.799999237060546875</ele>
        <time>2026-09-11T10:20:29.000Z</time>
        <extensions>
          <ns3:TrackPointExtension>
            <ns3:hr>99</ns3:hr>
            <ns3:cad>0</ns3:cad>
          </ns3:TrackPointExtension>
        </extensions>
      </trkpt>
      <trkpt lat="37.5071252323687076568603515625" lon="127.05966512672603130340576171875">
        <ele>47.799999237060546875</ele>
        <time>2026-09-11T10:20:30.000Z</time>
        <extensions>
          <ns3:TrackPointExtension>
            <ns3:hr>99</ns3:hr>
            <ns3:cad>0</ns3:cad>
          </ns3:TrackPointExtension>
        </extensions>
      </trkpt>
      <trkpt lat="37.5071780383586883544921875" lon="127.0596740953624248504638671875">
        <ele>47.799999237060546875</ele>
        <time>2026-09-11T10:20:31.000Z</time>
        <extensions>
          <ns3:TrackPointExtension>
            <ns3:hr>100</ns3:hr>
            <ns3:cad>0</ns3:cad>
          </ns3:TrackPointExtension>
        </extensions>
      </trkpt>
      <trkpt lat="37.5072338618338108062744140625" lon="127.05967049114406108856201171875">
        <ele>47.59999847412109375</ele>
        <time>2026-09-11T10:20:32.000Z</time>
        <extensions>
          <ns3:TrackPointExtension>
            <ns3:hr>101</ns3:hr>
            <ns3:cad>75</ns3:cad>
          </ns3:TrackPointExtension>
        </extensions>
      </trkpt>
      <trkpt lat="37.50727501697838306427001953125" lon="127.05966311506927013397216796875">
        <ele>47.40000152587890625</ele>
        <time>2026-09-11T10:20:33.000Z</time>
        <extensions>
          <ns3:TrackPointExtension>
            <ns3:hr>103</ns3:hr>
            <ns3:cad>75</ns3:cad>
          </ns3:TrackPointExtension>
        </extensions>
      </trkpt>
      <trkpt lat="37.507319860160350799560546875" lon="127.0596506260335445404052734375">
        <ele>47.40000152587890625</ele>
        <time>2026-09-11T10:20:34.000Z</time>
        <extensions>
          <ns3:TrackPointExtension>
            <ns3:hr>104</ns3:hr>
            <ns3:cad>78</ns3:cad>
          </ns3:TrackPointExtension>
        </extensions>
      </trkpt>
      <trkpt lat="37.50737451016902923583984375" lon="127.059639729559421539306640625">
        <ele>47.200000762939453125</ele>
        <time>2026-09-11T10:20:35.000Z</time>
        <extensions>
          <ns3:TrackPointExtension>
            <ns3:hr>105</ns3:hr>
            <ns3:cad>79</ns3:cad>
          </ns3:TrackPointExtension>
        </extensions>
      </trkpt>
      <trkpt lat="37.5074286572635173797607421875" lon="127.05962019972503185272216796875">
        <ele>47</ele>
        <time>2026-09-11T10:20:36.000Z</time>
        <extensions>
          <ns3:TrackPointExtension>
            <ns3:hr>106</ns3:hr>
            <ns3:cad>79</ns3:cad>
          </ns3:TrackPointExtension>
        </extensions>
      </trkpt>
      <trkpt lat="37.5074869953095912933349609375" lon="127.05959203653037548065185546875">
        <ele>46.799999237060546875</ele>
        <time>2026-09-11T10:20:37.000Z</time>
        <extensions>
          <ns3:TrackPointExtension>
            <ns3:hr>108</ns3:hr>
            <ns3:cad>80</ns3:cad>
          </ns3:TrackPointExtension>
        </extensions>
      </trkpt>
      <trkpt lat="37.5075289048254489898681640625" lon="127.059571333229541778564453125">
        <ele>47</ele>
        <time>2026-09-11T10:20:38.000Z</time>
        <extensions>
          <ns3:TrackPointExtension>
            <ns3:hr>109</ns3:hr>
            <ns3:cad>80</ns3:cad>
          </ns3:TrackPointExtension>
        </extensions>
      </trkpt>
      <trkpt lat="37.50756201334297657012939453125" lon="127.05955557525157928466796875">
        <ele>47</ele>
        <time>2026-09-11T10:20:39.000Z</time>
        <extensions>
          <ns3:TrackPointExtension>
            <ns3:hr>110</ns3:hr>
            <ns3:cad>80</ns3:cad>
          </ns3:TrackPointExtension>
        </extensions>
      </trkpt>
      <trkpt lat="37.50760023482143878936767578125" lon="127.05954208038747310638427734375">
        <ele>47</ele>
        <time>2026-09-11T10:20:40.000Z</time>
        <extensions>
          <ns3:TrackPointExtension>
            <ns3:hr>111</ns3:hr>
            <ns3:cad>82</ns3:cad>
          </ns3:TrackPointExtension>
        </extensions>
      </trkpt>
      <trkpt lat="37.50765102915465831756591796875" lon="127.05953814089298248291015625">
        <ele>47</ele>
        <time>2026-09-11T10:20:41.000Z</time>
        <extensions>
          <ns3:TrackPointExtension>
            <ns3:hr>112</ns3:hr>
            <ns3:cad>82</ns3:cad>
          </ns3:TrackPointExtension>
        </extensions>
      </trkpt>
      <trkpt lat="37.50768153928220272064208984375" lon="127.05954627133905887603759765625">
        <ele>47</ele>
        <time>2026-09-11T10:20:42.000Z</time>
        <extensions>
          <ns3:TrackPointExtension>
            <ns3:hr>114</ns3:hr>
            <ns3:cad>82</ns3:cad>
          </ns3:TrackPointExtension>
        </extensions>
      </trkpt>
      <trkpt lat="37.50771942548453807830810546875" lon="127.0595570839941501617431640625">
        <ele>47</ele>
        <time>2026-09-11T10:20:43.000Z</time>
        <extensions>
          <ns3:TrackPointExtension>
            <ns3:hr>115</ns3:hr>
            <ns3:cad>79</ns3:cad>
          </ns3:TrackPointExtension>
        </extensions>
      </trkpt>
      <trkpt lat="37.5077555514872074127197265625" lon="127.05958432517945766448974609375">
        <ele>47</ele>
        <time>2026-09-11T10:20:44.000Z</time>
        <extensions>
          <ns3:TrackPointExtension>
            <ns3:hr>116</ns3:hr>
            <ns3:cad>78</ns3:cad>
          </ns3:TrackPointExtension>
        </extensions>
      </trkpt>
      <trkpt lat="37.5077817030251026153564453125" lon="127.05961324274539947509765625">
        <ele>47</ele>
        <time>2026-09-11T10:20:45.000Z</time>
        <extensions>
          <ns3:TrackPointExtension>
            <ns3:hr>117</ns3:hr>
            <ns3:cad>78</ns3:cad>
          </ns3:TrackPointExtension>
        </extensions>
      </trkpt>
      <trkpt lat="37.50780240632593631744384765625" lon="127.05966093577444553375244140625">
        <ele>47</ele>
        <time>2026-09-11T10:20:46.000Z</time>
        <extensions>
          <ns3:TrackPointExtension>
            <ns3:hr>118</ns3:hr>
            <ns3:cad>78</ns3:cad>
          </ns3:TrackPointExtension>
        </extensions>
      </trkpt>
      <trkpt lat="37.507824115455150604248046875" lon="127.0596999116241931915283203125">
        <ele>47.200000762939453125</ele>
        <time>2026-09-11T10:20:47.000Z</time>
        <extensions>
          <ns3:TrackPointExtension>
            <ns3:hr>119</ns3:hr>
            <ns3:cad>78</ns3:cad>
          </ns3:TrackPointExtension>
        </extensions>
      </trkpt>
      <trkpt lat="37.507850266993045806884765625" lon="127.05974022857844829559326171875">
        <ele>47</ele>
        <time>2026-09-11T10:20:48.000Z</time>
        <extensions>
          <ns3:TrackPointExtension>
            <ns3:hr>120</ns3:hr>
            <ns3:cad>78</ns3:cad>
          </ns3:TrackPointExtension>
        </extensions>
      </trkpt>
      <trkpt lat="37.5078598223626613616943359375" lon="127.059805355966091156005859375">
        <ele>47</ele>
        <time>2026-09-11T10:20:49.000Z</time>
        <extensions>
          <ns3:TrackPointExtension>
            <ns3:hr>121</ns3:hr>
            <ns3:cad>78</ns3:cad>
          </ns3:TrackPointExtension>
        </extensions>
      </trkpt>
      <trkpt lat="37.5078700482845306396484375" lon="127.05985858105123043060302734375">
        <ele>47</ele>
        <time>2026-09-11T10:20:50.000Z</time>
        <extensions>
          <ns3:TrackPointExtension>
            <ns3:hr>121</ns3:hr>
            <ns3:cad>82</ns3:cad>
          </ns3:TrackPointExtension>
        </extensions>
      </trkpt>
      <trkpt lat="37.50786845572292804718017578125" lon="127.05992412753403186798095703125">
        <ele>47</ele>
        <time>2026-09-11T10:20:51.000Z</time>
        <extensions>
          <ns3:TrackPointExtension>
            <ns3:hr>121</ns3:hr>
            <ns3:cad>82</ns3:cad>
          </ns3:TrackPointExtension>
        </extensions>
      </trkpt>
      <trkpt lat="37.5078648515045642852783203125" lon="127.05996905453503131866455078125">
        <ele>46.799999237060546875</ele>
        <time>2026-09-11T10:20:52.000Z</time>
        <extensions>
          <ns3:TrackPointExtension>
            <ns3:hr>121</ns3:hr>
            <ns3:cad>82</ns3:cad>
          </ns3:TrackPointExtension>
        </extensions>
      </trkpt>
      <trkpt lat="37.50786133110523223876953125" lon="127.060004174709320068359375">
        <ele>46.799999237060546875</ele>
        <time>2026-09-11T10:20:53.000Z</time>
        <extensions>
          <ns3:TrackPointExtension>
            <ns3:hr>121</ns3:hr>
            <ns3:cad>83</ns3:cad>
          </ns3:TrackPointExtension>
        </extensions>
      </trkpt>
      <trkpt lat="37.5078671984374523162841796875" lon="127.060056813061237335205078125">
        <ele>46.799999237060546875</ele>
        <time>2026-09-11T10:20:54.000Z</time>
        <extensions>
          <ns3:TrackPointExtension>
            <ns3:hr>121</ns3:hr>
            <ns3:cad>83</ns3:cad>
          </ns3:TrackPointExtension>
        </extensions>
      </trkpt>
      <trkpt lat="37.50786535441875457763671875" lon="127.06008262932300567626953125">
        <ele>46.799999237060546875</ele>
        <time>2026-09-11T10:20:55.000Z</time>
        <extensions>
          <ns3:TrackPointExtension>
            <ns3:hr>122</ns3:hr>
            <ns3:cad>84</ns3:cad>
          </ns3:TrackPointExtension>
        </extensions>
      </trkpt>
      <trkpt lat="37.50786979682743549346923828125" lon="127.0601253770291805267333984375">
        <ele>46.799999237060546875</ele>
        <time>2026-09-11T10:20:56.000Z</time>
        <extensions>
          <ns3:TrackPointExtension>
            <ns3:hr>123</ns3:hr>
            <ns3:cad>84</ns3:cad>
          </ns3:TrackPointExtension>
        </extensions>
      </trkpt>
      <trkpt lat="37.50787675380706787109375" lon="127.06016100011765956878662109375">
        <ele>46.799999237060546875</ele>
        <time>2026-09-11T10:20:57.000Z</time>
        <extensions>
          <ns3:TrackPointExtension>
            <ns3:hr>124</ns3:hr>
            <ns3:cad>84</ns3:cad>
          </ns3:TrackPointExtension>
        </extensions>
      </trkpt>
      <trkpt lat="37.507885135710239410400390625" lon="127.060194946825504302978515625">
        <ele>47</ele>
        <time>2026-09-11T10:20:58.000Z</time>
        <extensions>
          <ns3:TrackPointExtension>
            <ns3:hr>125</ns3:hr>
            <ns3:cad>83</ns3:cad>
          </ns3:TrackPointExtension>
        </extensions>
      </trkpt>
      <trkpt lat="37.50789796002209186553955078125" lon="127.06023593433201313018798828125">
        <ele>47</ele>
        <time>2026-09-11T10:20:59.000Z</time>
        <extensions>
          <ns3:TrackPointExtension>
            <ns3:hr>126</ns3:hr>
            <ns3:cad>0</ns3:cad>
          </ns3:TrackPointExtension>
        </extensions>
      </trkpt>
      <trkpt lat="37.5079141370952129364013671875" lon="127.06026904284954071044921875">
        <ele>47</ele>
        <time>2026-09-11T10:21:00.000Z</time>
        <extensions>
          <ns3:TrackPointExtension>
            <ns3:hr>126</ns3:hr>
            <ns3:cad>0</ns3:cad>
          </ns3:TrackPointExtension>
        </extensions>
      </trkpt>
      <trkpt lat="37.507930062711238861083984375" lon="127.06031422130763530731201171875">
        <ele>46.799999237060546875</ele>
        <time>2026-09-11T10:21:01.000Z</time>
        <extensions>
          <ns3:TrackPointExtension>
            <ns3:hr>127</ns3:hr>
            <ns3:cad>83</ns3:cad>
          </ns3:TrackPointExtension>
        </extensions>
      </trkpt>
      <trkpt lat="37.50794054009020328521728515625" lon="127.06035043112933635711669921875">
        <ele>46.799999237060546875</ele>
        <time>2026-09-11T10:21:02.000Z</time>
        <extensions>
          <ns3:TrackPointExtension>
            <ns3:hr>128</ns3:hr>
            <ns3:cad>83</ns3:cad>
          </ns3:TrackPointExtension>
        </extensions>
      </trkpt>
      <trkpt lat="37.5079600699245929718017578125" lon="127.06039804033935070037841796875">
        <ele>46.59999847412109375</ele>
        <time>2026-09-11T10:21:03.000Z</time>
        <extensions>
          <ns3:TrackPointExtension>
            <ns3:hr>129</ns3:hr>
            <ns3:cad>83</ns3:cad>
          </ns3:TrackPointExtension>
        </extensions>
      </trkpt>
      <trkpt lat="37.50796970911324024200439453125" lon="127.06043575890362262725830078125">
        <ele>46.59999847412109375</ele>
        <time>2026-09-11T10:21:04.000Z</time>
        <extensions>
          <ns3:TrackPointExtension>
            <ns3:hr>130</ns3:hr>
            <ns3:cad>83</ns3:cad>
          </ns3:TrackPointExtension>
        </extensions>
      </trkpt>
      <trkpt lat="37.5079674459993839263916015625" lon="127.06045721657574176788330078125">
        <ele>46.40000152587890625</ele>
        <time>2026-09-11T10:21:05.000Z</time>
        <extensions>
          <ns3:TrackPointExtension>
            <ns3:hr>129</ns3:hr>
            <ns3:cad>83</ns3:cad>
          </ns3:TrackPointExtension>
        </extensions>
      </trkpt>
      <trkpt lat="37.5079781748354434967041015625" lon="127.06051169894635677337646484375">
        <ele>46.59999847412109375</ele>
        <time>2026-09-11T10:21:06.000Z</time>
        <extensions>
          <ns3:TrackPointExtension>
            <ns3:hr>131</ns3:hr>
            <ns3:cad>83</ns3:cad>
          </ns3:TrackPointExtension>
        </extensions>
      </trkpt>
      <trkpt lat="37.50799267552793025970458984375" lon="127.06055444665253162384033203125">
        <ele>46.59999847412109375</ele>
        <time>2026-09-11T10:21:07.000Z</time>
        <extensions>
          <ns3:TrackPointExtension>
            <ns3:hr>133</ns3:hr>
            <ns3:cad>83</ns3:cad>
          </ns3:TrackPointExtension>
        </extensions>
      </trkpt>
      <trkpt lat="37.50800340436398983001708984375" lon="127.06058495678007602691650390625">
        <ele>46.799999237060546875</ele>
        <time>2026-09-11T10:21:08.000Z</time>
        <extensions>
          <ns3:TrackPointExtension>
            <ns3:hr>135</ns3:hr>
            <ns3:cad>83</ns3:cad>
          </ns3:TrackPointExtension>
        </extensions>
      </trkpt>
      <trkpt lat="37.50801731832325458526611328125" lon="127.060624770820140838623046875">
        <ele>46.799999237060546875</ele>
        <time>2026-09-11T10:21:09.000Z</time>
        <extensions>
          <ns3:TrackPointExtension>
            <ns3:hr>138</ns3:hr>
            <ns3:cad>83</ns3:cad>
          </ns3:TrackPointExtension>
        </extensions>
      </trkpt>
      <trkpt lat="37.508025951683521270751953125" lon="127.06065435893833637237548828125">
        <ele>46.799999237060546875</ele>
        <time>2026-09-11T10:21:10.000Z</time>
        <extensions>
          <ns3:TrackPointExtension>
            <ns3:hr>139</ns3:hr>
            <ns3:cad>82</ns3:cad>
          </ns3:TrackPointExtension>
        </extensions>
      </trkpt>
      <trkpt lat="37.50803299248218536376953125" lon="127.060685455799102783203125">
        <ele>46.799999237060546875</ele>
        <time>2026-09-11T10:21:11.000Z</time>
        <extensions>
          <ns3:TrackPointExtension>
            <ns3:hr>140</ns3:hr>
            <ns3:cad>82</ns3:cad>
          </ns3:TrackPointExtension>
        </extensions>
      </trkpt>
      <trkpt lat="37.5080469064414501190185546875" lon="127.06072610802948474884033203125">
        <ele>46.799999237060546875</ele>
        <time>2026-09-11T10:21:12.000Z</time>
        <extensions>
          <ns3:TrackPointExtension>
            <ns3:hr>141</ns3:hr>
            <ns3:cad>82</ns3:cad>
          </ns3:TrackPointExtension>
        </extensions>
      </trkpt>
      <trkpt lat="37.508062161505222320556640625" lon="127.060760557651519775390625">
        <ele>46.40000152587890625</ele>
        <time>2026-09-11T10:21:13.000Z</time>
        <extensions>
          <ns3:TrackPointExtension>
            <ns3:hr>142</ns3:hr>
            <ns3:cad>81</ns3:cad>
          </ns3:TrackPointExtension>
        </extensions>
      </trkpt>
      <trkpt lat="37.50807548873126506805419921875" lon="127.0608066581189632415771484375">
        <ele>46.40000152587890625</ele>
        <time>2026-09-11T10:21:14.000Z</time>
        <extensions>
          <ns3:TrackPointExtension>
            <ns3:hr>142</ns3:hr>
            <ns3:cad>81</ns3:cad>
          </ns3:TrackPointExtension>
        </extensions>
      </trkpt>
      <trkpt lat="37.50808973796665668487548828125" lon="127.06084462814033031463623046875">
        <ele>46.200000762939453125</ele>
        <time>2026-09-11T10:21:15.000Z</time>
        <extensions>
          <ns3:TrackPointExtension>
            <ns3:hr>143</ns3:hr>
            <ns3:cad>81</ns3:cad>
          </ns3:TrackPointExtension>
        </extensions>
      </trkpt>
      <trkpt lat="37.5080966949462890625" lon="127.0608691871166229248046875">
        <ele>46.200000762939453125</ele>
        <time>2026-09-11T10:21:16.000Z</time>
        <extensions>
          <ns3:TrackPointExtension>
            <ns3:hr>144</ns3:hr>
            <ns3:cad>81</ns3:cad>
          </ns3:TrackPointExtension>
        </extensions>
      </trkpt>
      <trkpt lat="37.5081052444875240325927734375" lon="127.060900032520294189453125">
        <ele>46.200000762939453125</ele>
        <time>2026-09-11T10:21:17.000Z</time>
        <extensions>
          <ns3:TrackPointExtension>
            <ns3:hr>144</ns3:hr>
            <ns3:cad>81</ns3:cad>
          </ns3:TrackPointExtension>
        </extensions>
      </trkpt>
      <trkpt lat="37.508115470409393310546875" lon="127.06093984656035900115966796875">
        <ele>46.40000152587890625</ele>
        <time>2026-09-11T10:21:18.000Z</time>
        <extensions>
          <ns3:TrackPointExtension>
            <ns3:hr>145</ns3:hr>
            <ns3:cad>81</ns3:cad>
          </ns3:TrackPointExtension>
        </extensions>
      </trkpt>
      <trkpt lat="37.5081300549209117889404296875" lon="127.06097303889691829681396484375">
        <ele>46.40000152587890625</ele>
        <time>2026-09-11T10:21:19.000Z</time>
        <extensions>
          <ns3:TrackPointExtension>
            <ns3:hr>145</ns3:hr>
            <ns3:cad>82</ns3:cad>
          </ns3:TrackPointExtension>
        </extensions>
      </trkpt>
      <trkpt lat="37.5081357546150684356689453125" lon="127.061013020575046539306640625">
        <ele>46.59999847412109375</ele>
        <time>2026-09-11T10:21:20.000Z</time>
        <extensions>
          <ns3:TrackPointExtension>
            <ns3:hr>145</ns3:hr>
            <ns3:cad>82</ns3:cad>
          </ns3:TrackPointExtension>
        </extensions>
      </trkpt>
      <trkpt lat="37.508146651089191436767578125" lon="127.06104663200676441192626953125">
        <ele>46.59999847412109375</ele>
        <time>2026-09-11T10:21:21.000Z</time>
        <extensions>
          <ns3:TrackPointExtension>
            <ns3:hr>146</ns3:hr>
            <ns3:cad>82</ns3:cad>
          </ns3:TrackPointExtension>
        </extensions>
      </trkpt>
      <trkpt lat="37.50816416926681995391845703125" lon="127.06109113991260528564453125">
        <ele>46.40000152587890625</ele>
        <time>2026-09-11T10:21:22.000Z</time>
        <extensions>
          <ns3:TrackPointExtension>
            <ns3:hr>146</ns3:hr>
            <ns3:cad>82</ns3:cad>
          </ns3:TrackPointExtension>
        </extensions>
      </trkpt>
      <trkpt lat="37.50818160362541675567626953125" lon="127.06113363616168498992919921875">
        <ele>46.40000152587890625</ele>
        <time>2026-09-11T10:21:23.000Z</time>
        <extensions>
          <ns3:TrackPointExtension>
            <ns3:hr>146</ns3:hr>
            <ns3:cad>82</ns3:cad>
          </ns3:TrackPointExtension>
        </extensions>
      </trkpt>
      <trkpt lat="37.50820004381239414215087890625" lon="127.06116213463246822357177734375">
        <ele>46.40000152587890625</ele>
        <time>2026-09-11T10:21:24.000Z</time>
        <extensions>
          <ns3:TrackPointExtension>
            <ns3:hr>146</ns3:hr>
            <ns3:cad>82</ns3:cad>
          </ns3:TrackPointExtension>
        </extensions>
      </trkpt>
      <trkpt lat="37.50821060501039028167724609375" lon="127.061196081340312957763671875">
        <ele>46.40000152587890625</ele>
        <time>2026-09-11T10:21:25.000Z</time>
        <extensions>
          <ns3:TrackPointExtension>
            <ns3:hr>147</ns3:hr>
            <ns3:cad>82</ns3:cad>
          </ns3:TrackPointExtension>
        </extensions>
      </trkpt>
      <trkpt lat="37.50821948982775211334228515625" lon="127.06124075688421726226806640625">
        <ele>46.40000152587890625</ele>
        <time>2026-09-11T10:21:26.000Z</time>
        <extensions>
          <ns3:TrackPointExtension>
            <ns3:hr>147</ns3:hr>
            <ns3:cad>82</ns3:cad>
          </ns3:TrackPointExtension>
        </extensions>
      </trkpt>
      <trkpt lat="37.50821446068584918975830078125" lon="127.061274535953998565673828125">
        <ele>46.200000762939453125</ele>
        <time>2026-09-11T10:21:27.000Z</time>
        <extensions>
          <ns3:TrackPointExtension>
            <ns3:hr>147</ns3:hr>
            <ns3:cad>82</ns3:cad>
          </ns3:TrackPointExtension>
        </extensions>
      </trkpt>
      <trkpt lat="37.50821982510387897491455078125" lon="127.06132608465850353240966796875">
        <ele>46.200000762939453125</ele>
        <time>2026-09-11T10:21:28.000Z</time>
        <extensions>
          <ns3:TrackPointExtension>
            <ns3:hr>148</ns3:hr>
            <ns3:cad>82</ns3:cad>
          </ns3:TrackPointExtension>
        </extensions>
      </trkpt>
      <trkpt lat="37.50821747817099094390869140625" lon="127.06136246211826801300048828125">
        <ele>46.200000762939453125</ele>
        <time>2026-09-11T10:21:29.000Z</time>
        <extensions>
          <ns3:TrackPointExtension>
            <ns3:hr>148</ns3:hr>
            <ns3:cad>82</ns3:cad>
          </ns3:TrackPointExtension>
        </extensions>
      </trkpt>
      <trkpt lat="37.50822803936898708343505859375" lon="127.0614078082144260406494140625">
        <ele>46.200000762939453125</ele>
        <time>2026-09-11T10:21:30.000Z</time>
        <extensions>
          <ns3:TrackPointExtension>
            <ns3:hr>149</ns3:hr>
            <ns3:cad>82</ns3:cad>
          </ns3:TrackPointExtension>
        </extensions>
      </trkpt>
      <trkpt lat="37.50823290087282657623291015625" lon="127.061452232301235198974609375">
        <ele>46.40000152587890625</ele>
        <time>2026-09-11T10:21:31.000Z</time>
        <extensions>
          <ns3:TrackPointExtension>
            <ns3:hr>149</ns3:hr>
            <ns3:cad>83</ns3:cad>
          </ns3:TrackPointExtension>
        </extensions>
      </trkpt>
      <trkpt lat="37.50824279151856899261474609375" lon="127.06148031167685985565185546875">
        <ele>46.40000152587890625</ele>
        <time>2026-09-11T10:21:32.000Z</time>
        <extensions>
          <ns3:TrackPointExtension>
            <ns3:hr>149</ns3:hr>
            <ns3:cad>84</ns3:cad>
          </ns3:TrackPointExtension>
        </extensions>
      </trkpt>
      <trkpt lat="37.50824983231723308563232421875" lon="127.06152372993528842926025390625">
        <ele>46.40000152587890625</ele>
        <time>2026-09-11T10:21:33.000Z</time>
        <extensions>
          <ns3:TrackPointExtension>
            <ns3:hr>150</ns3:hr>
            <ns3:cad>84</ns3:cad>
          </ns3:TrackPointExtension>
        </extensions>
      </trkpt>
      <trkpt lat="37.50825938768684864044189453125" lon="127.0615563355386257171630859375">
        <ele>46.59999847412109375</ele>
        <time>2026-09-11T10:21:34.000Z</time>
        <extensions>
          <ns3:TrackPointExtension>
            <ns3:hr>150</ns3:hr>
            <ns3:cad>84</ns3:cad>
          </ns3:TrackPointExtension>
        </extensions>
      </trkpt>
      <trkpt lat="37.5082683563232421875" lon="127.06158173270523548126220703125">
        <ele>46.59999847412109375</ele>
        <time>2026-09-11T10:21:35.000Z</time>
        <extensions>
          <ns3:TrackPointExtension>
            <ns3:hr>151</ns3:hr>
            <ns3:cad>84</ns3:cad>
          </ns3:TrackPointExtension>
        </extensions>
      </trkpt>
      <trkpt lat="37.5082849524915218353271484375" lon="127.0616161823272705078125">
        <ele>46.59999847412109375</ele>
        <time>2026-09-11T10:21:36.000Z</time>
        <extensions>
          <ns3:TrackPointExtension>
            <ns3:hr>151</ns3:hr>
            <ns3:cad>84</ns3:cad>
          </ns3:TrackPointExtension>
        </extensions>
      </trkpt>
      <trkpt lat="37.5082980282604694366455078125" lon="127.06164141185581684112548828125">
        <ele>46.59999847412109375</ele>
        <time>2026-09-11T10:21:37.000Z</time>
        <extensions>
          <ns3:TrackPointExtension>
            <ns3:hr>151</ns3:hr>
            <ns3:cad>82</ns3:cad>
          </ns3:TrackPointExtension>
        </extensions>
      </trkpt>
      <trkpt lat="37.50831169076263904571533203125" lon="127.061680220067501068115234375">
        <ele>46.59999847412109375</ele>
        <time>2026-09-11T10:21:38.000Z</time>
        <extensions>
          <ns3:TrackPointExtension>
            <ns3:hr>152</ns3:hr>
            <ns3:cad>82</ns3:cad>
          </ns3:TrackPointExtension>
        </extensions>
      </trkpt>
      <trkpt lat="37.50832309015095233917236328125" lon="127.06171500496566295623779296875">
        <ele>46.40000152587890625</ele>
        <time>2026-09-11T10:21:39.000Z</time>
        <extensions>
          <ns3:TrackPointExtension>
            <ns3:hr>152</ns3:hr>
            <ns3:cad>82</ns3:cad>
          </ns3:TrackPointExtension>
        </extensions>
      </trkpt>
      <trkpt lat="37.50833566300570964813232421875" lon="127.06174828112125396728515625">
        <ele>46.40000152587890625</ele>
        <time>2026-09-11T10:21:40.000Z</time>
        <extensions>
          <ns3:TrackPointExtension>
            <ns3:hr>152</ns3:hr>
            <ns3:cad>82</ns3:cad>
          </ns3:TrackPointExtension>
        </extensions>
      </trkpt>
      <trkpt lat="37.50835376791656017303466796875" lon="127.0617836527526378631591796875">
        <ele>46.40000152587890625</ele>
        <time>2026-09-11T10:21:41.000Z</time>
        <extensions>
          <ns3:TrackPointExtension>
            <ns3:hr>152</ns3:hr>
            <ns3:cad>82</ns3:cad>
          </ns3:TrackPointExtension>
        </extensions>
      </trkpt>
      <trkpt lat="37.5083654187619686126708984375" lon="127.06182095222175121307373046875">
        <ele>46.40000152587890625</ele>
        <time>2026-09-11T10:21:42.000Z</time>
        <extensions>
          <ns3:TrackPointExtension>
            <ns3:hr>153</ns3:hr>
            <ns3:cad>82</ns3:cad>
          </ns3:TrackPointExtension>
        </extensions>
      </trkpt>
      <trkpt lat="37.508382014930248260498046875" lon="127.0618637837469577789306640625">
        <ele>46.40000152587890625</ele>
        <time>2026-09-11T10:21:43.000Z</time>
        <extensions>
          <ns3:TrackPointExtension>
            <ns3:hr>153</ns3:hr>
            <ns3:cad>83</ns3:cad>
          </ns3:TrackPointExtension>
        </extensions>
      </trkpt>
      <trkpt lat="37.5083895586431026458740234375" lon="127.06191097386181354522705078125">
        <ele>46.200000762939453125</ele>
        <time>2026-09-11T10:21:44.000Z</time>
        <extensions>
          <ns3:TrackPointExtension>
            <ns3:hr>153</ns3:hr>
            <ns3:cad>83</ns3:cad>
          </ns3:TrackPointExtension>
        </extensions>
      </trkpt>
      <trkpt lat="37.50839232467114925384521484375" lon="127.0619429089128971099853515625">
        <ele>46.200000762939453125</ele>
        <time>2026-09-11T10:21:45.000Z</time>
        <extensions>
          <ns3:TrackPointExtension>
            <ns3:hr>154</ns3:hr>
            <ns3:cad>83</ns3:cad>
          </ns3:TrackPointExtension>
        </extensions>
      </trkpt>
      <trkpt lat="37.5083999522030353546142578125" lon="127.0619935356080532073974609375">
        <ele>46.200000762939453125</ele>
        <time>2026-09-11T10:21:46.000Z</time>
        <extensions>
          <ns3:TrackPointExtension>
            <ns3:hr>154</ns3:hr>
            <ns3:cad>83</ns3:cad>
          </ns3:TrackPointExtension>
        </extensions>
      </trkpt>
      <trkpt lat="37.50840405933558940887451171875" lon="127.0620414800941944122314453125">
        <ele>46.200000762939453125</ele>
        <time>2026-09-11T10:21:47.000Z</time>
        <extensions>
          <ns3:TrackPointExtension>
            <ns3:hr>154</ns3:hr>
            <ns3:cad>83</ns3:cad>
          </ns3:TrackPointExtension>
        </extensions>
      </trkpt>
      <trkpt lat="37.50840741209685802459716796875" lon="127.062090933322906494140625">
        <ele>46</ele>
        <time>2026-09-11T10:21:48.000Z</time>
        <extensions>
          <ns3:TrackPointExtension>
            <ns3:hr>155</ns3:hr>
            <ns3:cad>83</ns3:cad>
          </ns3:TrackPointExtension>
        </extensions>
      </trkpt>
      <trkpt lat="37.50841093249619007110595703125" lon="127.06214030273258686065673828125">
        <ele>46</ele>
        <time>2026-09-11T10:21:49.000Z</time>
        <extensions>
          <ns3:TrackPointExtension>
            <ns3:hr>155</ns3:hr>
            <ns3:cad>83</ns3:cad>
          </ns3:TrackPointExtension>
        </extensions>
      </trkpt>
      <trkpt lat="37.50841780565679073333740234375" lon="127.0621715672314167022705078125">
        <ele>46</ele>
        <time>2026-09-11T10:21:50.000Z</time>
        <extensions>
          <ns3:TrackPointExtension>
            <ns3:hr>156</ns3:hr>
            <ns3:cad>83</ns3:cad>
          </ns3:TrackPointExtension>
        </extensions>
      </trkpt>
      <trkpt lat="37.508427612483501434326171875" lon="127.0622027479112148284912109375">
        <ele>46</ele>
        <time>2026-09-11T10:21:51.000Z</time>
        <extensions>
          <ns3:TrackPointExtension>
            <ns3:hr>156</ns3:hr>
            <ns3:cad>83</ns3:cad>
          </ns3:TrackPointExtension>
        </extensions>
      </trkpt>
      <trkpt lat="37.508431971073150634765625" lon="127.06223317421972751617431640625">
        <ele>46</ele>
        <time>2026-09-11T10:21:52.000Z</time>
        <extensions>
          <ns3:TrackPointExtension>
            <ns3:hr>156</ns3:hr>
            <ns3:cad>83</ns3:cad>
          </ns3:TrackPointExtension>
        </extensions>
      </trkpt>
      <trkpt lat="37.5084361620247364044189453125" lon="127.06227189861238002777099609375">
        <ele>46.200000762939453125</ele>
        <time>2026-09-11T10:21:53.000Z</time>
        <extensions>
          <ns3:TrackPointExtension>
            <ns3:hr>157</ns3:hr>
            <ns3:cad>83</ns3:cad>
          </ns3:TrackPointExtension>
        </extensions>
      </trkpt>
      <trkpt lat="37.50843934714794158935546875" lon="127.0623187534511089324951171875">
        <ele>46.200000762939453125</ele>
        <time>2026-09-11T10:21:54.000Z</time>
        <extensions>
          <ns3:TrackPointExtension>
            <ns3:hr>157</ns3:hr>
            <ns3:cad>83</ns3:cad>
          </ns3:TrackPointExtension>
        </extensions>
      </trkpt>
      <trkpt lat="37.5084408558905124664306640625" lon="127.06235605292022228240966796875">
        <ele>46.200000762939453125</ele>
        <time>2026-09-11T10:21:55.000Z</time>
        <extensions>
          <ns3:TrackPointExtension>
            <ns3:hr>157</ns3:hr>
            <ns3:cad>82</ns3:cad>
          </ns3:TrackPointExtension>
        </extensions>
      </trkpt>
      <trkpt lat="37.50843356363475322723388671875" lon="127.0624008961021900177001953125">
        <ele>46.40000152587890625</ele>
        <time>2026-09-11T10:21:56.000Z</time>
        <extensions>
          <ns3:TrackPointExtension>
            <ns3:hr>157</ns3:hr>
            <ns3:cad>0</ns3:cad>
          </ns3:TrackPointExtension>
        </extensions>
      </trkpt>
      <trkpt lat="37.50843775458633899688720703125" lon="127.06243584863841533660888671875">
        <ele>46.59999847412109375</ele>
        <time>2026-09-11T10:21:57.000Z</time>
        <extensions>
          <ns3:TrackPointExtension>
            <ns3:hr>157</ns3:hr>
            <ns3:cad>0</ns3:cad>
          </ns3:TrackPointExtension>
        </extensions>
      </trkpt>
      <trkpt lat="37.508431635797023773193359375" lon="127.0624723099172115325927734375">
        <ele>46.59999847412109375</ele>
        <time>2026-09-11T10:21:58.000Z</time>
        <extensions>
          <ns3:TrackPointExtension>
            <ns3:hr>158</ns3:hr>
            <ns3:cad>0</ns3:cad>
          </ns3:TrackPointExtension>
        </extensions>
      </trkpt>
      <trkpt lat="37.50842048786580562591552734375" lon="127.0625179074704647064208984375">
        <ele>46.799999237060546875</ele>
        <time>2026-09-11T10:21:59.000Z</time>
        <extensions>
          <ns3:TrackPointExtension>
            <ns3:hr>158</ns3:hr>
            <ns3:cad>0</ns3:cad>
          </ns3:TrackPointExtension>
        </extensions>
      </trkpt>
      <trkpt lat="37.50840925611555576324462890625" lon="127.06254296936094760894775390625">
        <ele>46.799999237060546875</ele>
        <time>2026-09-11T10:22:00.000Z</time>
        <extensions>
          <ns3:TrackPointExtension>
            <ns3:hr>158</ns3:hr>
            <ns3:cad>0</ns3:cad>
          </ns3:TrackPointExtension>
        </extensions>
      </trkpt>
      <trkpt lat="37.50839265994727611541748046875" lon="127.06258001737296581268310546875">
        <ele>46.799999237060546875</ele>
        <time>2026-09-11T10:22:01.000Z</time>
        <extensions>
          <ns3:TrackPointExtension>
            <ns3:hr>158</ns3:hr>
            <ns3:cad>0</ns3:cad>
          </ns3:TrackPointExtension>
        </extensions>
      </trkpt>
      <trkpt lat="37.50838578678667545318603515625" lon="127.06260968931019306182861328125">
        <ele>46.799999237060546875</ele>
        <time>2026-09-11T10:22:02.000Z</time>
        <extensions>
          <ns3:TrackPointExtension>
            <ns3:hr>158</ns3:hr>
            <ns3:cad>86</ns3:cad>
          </ns3:TrackPointExtension>
        </extensions>
      </trkpt>
      <trkpt lat="37.50837002880871295928955078125" lon="127.06264271400868892669677734375">
        <ele>47</ele>
        <time>2026-09-11T10:22:03.000Z</time>
        <extensions>
          <ns3:TrackPointExtension>
            <ns3:hr>158</ns3:hr>
            <ns3:cad>86</ns3:cad>
          </ns3:TrackPointExtension>
        </extensions>
      </trkpt>
      <trkpt lat="37.50834069214761257171630859375" lon="127.0626845397055149078369140625">
        <ele>47.200000762939453125</ele>
        <time>2026-09-11T10:22:04.000Z</time>
        <extensions>
          <ns3:TrackPointExtension>
            <ns3:hr>158</ns3:hr>
            <ns3:cad>86</ns3:cad>
          </ns3:TrackPointExtension>
        </extensions>
      </trkpt>
      <trkpt lat="37.508324682712554931640625" lon="127.06271613948047161102294921875">
        <ele>47.40000152587890625</ele>
        <time>2026-09-11T10:22:05.000Z</time>
        <extensions>
          <ns3:TrackPointExtension>
            <ns3:hr>158</ns3:hr>
            <ns3:cad>86</ns3:cad>
          </ns3:TrackPointExtension>
        </extensions>
      </trkpt>
      <trkpt lat="37.50830548815429210662841796875" lon="127.06274933181703090667724609375">
        <ele>47.40000152587890625</ele>
        <time>2026-09-11T10:22:06.000Z</time>
        <extensions>
          <ns3:TrackPointExtension>
            <ns3:hr>158</ns3:hr>
            <ns3:cad>86</ns3:cad>
          </ns3:TrackPointExtension>
        </extensions>
      </trkpt>
      <trkpt lat="37.50828688032925128936767578125" lon="127.0627961866557598114013671875">
        <ele>47.40000152587890625</ele>
        <time>2026-09-11T10:22:07.000Z</time>
        <extensions>
          <ns3:TrackPointExtension>
            <ns3:hr>159</ns3:hr>
            <ns3:cad>83</ns3:cad>
          </ns3:TrackPointExtension>
        </extensions>
      </trkpt>
      <trkpt lat="37.50825829803943634033203125" lon="127.0628300495445728302001953125">
        <ele>47.59999847412109375</ele>
        <time>2026-09-11T10:22:08.000Z</time>
        <extensions>
          <ns3:TrackPointExtension>
            <ns3:hr>159</ns3:hr>
            <ns3:cad>83</ns3:cad>
          </ns3:TrackPointExtension>
        </extensions>
      </trkpt>
      <trkpt lat="37.5082240998744964599609375" lon="127.06288076005876064300537109375">
        <ele>47.59999847412109375</ele>
        <time>2026-09-11T10:22:09.000Z</time>
        <extensions>
          <ns3:TrackPointExtension>
            <ns3:hr>159</ns3:hr>
            <ns3:cad>83</ns3:cad>
          </ns3:TrackPointExtension>
        </extensions>
      </trkpt>
      <trkpt lat="37.50821613706648349761962890625" lon="127.062915377318859100341796875">
        <ele>47.799999237060546875</ele>
        <time>2026-09-11T10:22:10.000Z</time>
        <extensions>
          <ns3:TrackPointExtension>
            <ns3:hr>159</ns3:hr>
            <ns3:cad>82</ns3:cad>
          </ns3:TrackPointExtension>
        </extensions>
      </trkpt>
      <trkpt lat="37.5081997923552989959716796875" lon="127.06295200623571872711181640625">
        <ele>48</ele>
        <time>2026-09-11T10:22:11.000Z</time>
        <extensions>
          <ns3:TrackPointExtension>
            <ns3:hr>159</ns3:hr>
            <ns3:cad>82</ns3:cad>
          </ns3:TrackPointExtension>
        </extensions>
      </trkpt>
      <trkpt lat="37.50818411819636821746826171875" lon="127.06299609504640102386474609375">
        <ele>48</ele>
        <time>2026-09-11T10:22:12.000Z</time>
        <extensions>
          <ns3:TrackPointExtension>
            <ns3:hr>160</ns3:hr>
            <ns3:cad>82</ns3:cad>
          </ns3:TrackPointExtension>
        </extensions>
      </trkpt>
      <trkpt lat="37.50817791558802127838134765625" lon="127.06302442587912082672119140625">
        <ele>48.200000762939453125</ele>
        <time>2026-09-11T10:22:13.000Z</time>
        <extensions>
          <ns3:TrackPointExtension>
            <ns3:hr>160</ns3:hr>
            <ns3:cad>83</ns3:cad>
          </ns3:TrackPointExtension>
        </extensions>
      </trkpt>
      <trkpt lat="37.50816567800939083099365234375" lon="127.0630657486617565155029296875">
        <ele>48.40000152587890625</ele>
        <time>2026-09-11T10:22:14.000Z</time>
        <extensions>
          <ns3:TrackPointExtension>
            <ns3:hr>161</ns3:hr>
            <ns3:cad>83</ns3:cad>
          </ns3:TrackPointExtension>
        </extensions>
      </trkpt>
      <trkpt lat="37.50816567800939083099365234375" lon="127.063100449740886688232421875">
        <ele>48.40000152587890625</ele>
        <time>2026-09-11T10:22:15.000Z</time>
        <extensions>
          <ns3:TrackPointExtension>
            <ns3:hr>161</ns3:hr>
            <ns3:cad>83</ns3:cad>
          </ns3:TrackPointExtension>
        </extensions>
      </trkpt>
      <trkpt lat="37.508169449865818023681640625" lon="127.06311813555657863616943359375">
        <ele>48.40000152587890625</ele>
        <time>2026-09-11T10:22:16.000Z</time>
        <extensions>
          <ns3:TrackPointExtension>
            <ns3:hr>161</ns3:hr>
            <ns3:cad>83</ns3:cad>
          </ns3:TrackPointExtension>
        </extensions>
      </trkpt>
      <trkpt lat="37.50818059779703617095947265625" lon="127.0631317980587482452392578125">
        <ele>48.59999847412109375</ele>
        <time>2026-09-11T10:22:17.000Z</time>
        <extensions>
          <ns3:TrackPointExtension>
            <ns3:hr>162</ns3:hr>
            <ns3:cad>83</ns3:cad>
          </ns3:TrackPointExtension>
        </extensions>
      </trkpt>
      <trkpt lat="37.50819602049887180328369140625" lon="127.06312852911651134490966796875">
        <ele>48.40000152587890625</ele>
        <time>2026-09-11T10:22:18.000Z</time>
        <extensions>
          <ns3:TrackPointExtension>
            <ns3:hr>162</ns3:hr>
            <ns3:cad>83</ns3:cad>
          </ns3:TrackPointExtension>
        </extensions>
      </trkpt>
      <trkpt lat="37.50821094028651714324951171875" lon="127.06311763264238834381103515625">
        <ele>48.40000152587890625</ele>
        <time>2026-09-11T10:22:19.000Z</time>
        <extensions>
          <ns3:TrackPointExtension>
            <ns3:hr>162</ns3:hr>
            <ns3:cad>82</ns3:cad>
          </ns3:TrackPointExtension>
        </extensions>
      </trkpt>
      <trkpt lat="37.508223094046115875244140625" lon="127.0631066523492336273193359375">
        <ele>48.40000152587890625</ele>
        <time>2026-09-11T10:22:20.000Z</time>
        <extensions>
          <ns3:TrackPointExtension>
            <ns3:hr>163</ns3:hr>
            <ns3:cad>81</ns3:cad>
          </ns3:TrackPointExtension>
        </extensions>
      </trkpt>
      <trkpt lat="37.508244551718235015869140625" lon="127.06309617497026920318603515625">
        <ele>48.200000762939453125</ele>
        <time>2026-09-11T10:22:21.000Z</time>
        <extensions>
          <ns3:TrackPointExtension>
            <ns3:hr>163</ns3:hr>
            <ns3:cad>81</ns3:cad>
          </ns3:TrackPointExtension>
        </extensions>
      </trkpt>
      <trkpt lat="37.50826391391456127166748046875" lon="127.0630902238190174102783203125">
        <ele>48</ele>
        <time>2026-09-11T10:22:22.000Z</time>
        <extensions>
          <ns3:TrackPointExtension>
            <ns3:hr>163</ns3:hr>
            <ns3:cad>80</ns3:cad>
          </ns3:TrackPointExtension>
        </extensions>
      </trkpt>
      <trkpt lat="37.508292496204376220703125" lon="127.06307756714522838592529296875">
        <ele>47.799999237060546875</ele>
        <time>2026-09-11T10:22:23.000Z</time>
        <extensions>
          <ns3:TrackPointExtension>
            <ns3:hr>163</ns3:hr>
            <ns3:cad>79</ns3:cad>
          </ns3:TrackPointExtension>
        </extensions>
      </trkpt>
      <trkpt lat="37.50831671990454196929931640625" lon="127.06306926906108856201171875">
        <ele>47.59999847412109375</ele>
        <time>2026-09-11T10:22:24.000Z</time>
        <extensions>
          <ns3:TrackPointExtension>
            <ns3:hr>164</ns3:hr>
            <ns3:cad>79</ns3:cad>
          </ns3:TrackPointExtension>
        </extensions>
      </trkpt>
      <trkpt lat="37.508396096527576446533203125" lon="127.06303951330482959747314453125">
        <ele>47</ele>
        <time>2026-09-11T10:23:11.000Z</time>
        <extensions>
          <ns3:TrackPointExtension>
            <ns3:hr>147</ns3:hr>
            <ns3:cad>0</ns3:cad>
          </ns3:TrackPointExtension>
        </extensions>
      </trkpt>
      <trkpt lat="37.50840724445879459381103515625" lon="127.0630288682878017425537109375">
        <ele>47</ele>
        <time>2026-09-11T10:23:12.000Z</time>
        <extensions>
          <ns3:TrackPointExtension>
            <ns3:hr>146</ns3:hr>
            <ns3:cad>0</ns3:cad>
          </ns3:TrackPointExtension>
        </extensions>
      </trkpt>
      <trkpt lat="37.5084328092634677886962890625" lon="127.06301956437528133392333984375">
        <ele>46.799999237060546875</ele>
        <time>2026-09-11T10:23:13.000Z</time>
        <extensions>
          <ns3:TrackPointExtension>
            <ns3:hr>147</ns3:hr>
            <ns3:cad>0</ns3:cad>
          </ns3:TrackPointExtension>
        </extensions>
      </trkpt>
      <trkpt lat="37.50846876762807369232177734375" lon="127.0630288682878017425537109375">
        <ele>46.799999237060546875</ele>
        <time>2026-09-11T10:23:14.000Z</time>
        <extensions>
          <ns3:TrackPointExtension>
            <ns3:hr>147</ns3:hr>
            <ns3:cad>0</ns3:cad>
          </ns3:TrackPointExtension>
        </extensions>
      </trkpt>
      <trkpt lat="37.50849944539368152618408203125" lon="127.063050158321857452392578125">
        <ele>46.59999847412109375</ele>
        <time>2026-09-11T10:23:15.000Z</time>
        <extensions>
          <ns3:TrackPointExtension>
            <ns3:hr>146</ns3:hr>
            <ns3:cad>0</ns3:cad>
          </ns3:TrackPointExtension>
        </extensions>
      </trkpt>
      <trkpt lat="37.50853682868182659149169921875" lon="127.06308980472385883331298828125">
        <ele>46.59999847412109375</ele>
        <time>2026-09-11T10:23:16.000Z</time>
        <extensions>
          <ns3:TrackPointExtension>
            <ns3:hr>146</ns3:hr>
            <ns3:cad>0</ns3:cad>
          </ns3:TrackPointExtension>
        </extensions>
      </trkpt>
      <trkpt lat="37.508567087352275848388671875" lon="127.06312970258295536041259765625">
        <ele>46.59999847412109375</ele>
        <time>2026-09-11T10:23:17.000Z</time>
        <extensions>
          <ns3:TrackPointExtension>
            <ns3:hr>146</ns3:hr>
            <ns3:cad>0</ns3:cad>
          </ns3:TrackPointExtension>
        </extensions>
      </trkpt>
      <trkpt lat="37.50859818421304225921630859375" lon="127.06317546777427196502685546875">
        <ele>46.799999237060546875</ele>
        <time>2026-09-11T10:23:18.000Z</time>
        <extensions>
          <ns3:TrackPointExtension>
            <ns3:hr>147</ns3:hr>
            <ns3:cad>0</ns3:cad>
          </ns3:TrackPointExtension>
        </extensions>
      </trkpt>
      <trkpt lat="37.50862173736095428466796875" lon="127.06322374753654003143310546875">
        <ele>47</ele>
        <time>2026-09-11T10:23:19.000Z</time>
        <extensions>
          <ns3:TrackPointExtension>
            <ns3:hr>148</ns3:hr>
            <ns3:cad>0</ns3:cad>
          </ns3:TrackPointExtension>
        </extensions>
      </trkpt>
      <trkpt lat="37.50864763744175434112548828125" lon="127.06326800398528575897216796875">
        <ele>47</ele>
        <time>2026-09-11T10:23:20.000Z</time>
        <extensions>
          <ns3:TrackPointExtension>
            <ns3:hr>149</ns3:hr>
            <ns3:cad>0</ns3:cad>
          </ns3:TrackPointExtension>
        </extensions>
      </trkpt>
      <trkpt lat="37.50867043621838092803955078125" lon="127.06332449801266193389892578125">
        <ele>46.799999237060546875</ele>
        <time>2026-09-11T10:23:21.000Z</time>
        <extensions>
          <ns3:TrackPointExtension>
            <ns3:hr>150</ns3:hr>
            <ns3:cad>0</ns3:cad>
          </ns3:TrackPointExtension>
        </extensions>
      </trkpt>
      <trkpt lat="37.50869725830852985382080078125" lon="127.0633651502430438995361328125">
        <ele>46.59999847412109375</ele>
        <time>2026-09-11T10:23:22.000Z</time>
        <extensions>
          <ns3:TrackPointExtension>
            <ns3:hr>151</ns3:hr>
            <ns3:cad>0</ns3:cad>
          </ns3:TrackPointExtension>
        </extensions>
      </trkpt>
      <trkpt lat="37.50872575677931308746337890625" lon="127.0634154416620731353759765625">
        <ele>46.200000762939453125</ele>
        <time>2026-09-11T10:23:23.000Z</time>
        <extensions>
          <ns3:TrackPointExtension>
            <ns3:hr>152</ns3:hr>
            <ns3:cad>85</ns3:cad>
          </ns3:TrackPointExtension>
        </extensions>
      </trkpt>
      <trkpt lat="37.50874939374625682830810546875" lon="127.06345693208277225494384765625">
        <ele>45.799999237060546875</ele>
        <time>2026-09-11T10:23:24.000Z</time>
        <extensions>
          <ns3:TrackPointExtension>
            <ns3:hr>153</ns3:hr>
            <ns3:cad>85</ns3:cad>
          </ns3:TrackPointExtension>
        </extensions>
      </trkpt>
      <trkpt lat="37.5087711028754711151123046875" lon="127.0635042898356914520263671875">
        <ele>46</ele>
        <time>2026-09-11T10:23:25.000Z</time>
        <extensions>
          <ns3:TrackPointExtension>
            <ns3:hr>154</ns3:hr>
            <ns3:cad>85</ns3:cad>
          </ns3:TrackPointExtension>
        </extensions>
      </trkpt>
      <trkpt lat="37.5087610445916652679443359375" lon="127.06356145441532135009765625">
        <ele>46</ele>
        <time>2026-09-11T10:23:26.000Z</time>
        <extensions>
          <ns3:TrackPointExtension>
            <ns3:hr>155</ns3:hr>
            <ns3:cad>85</ns3:cad>
          </ns3:TrackPointExtension>
        </extensions>
      </trkpt>
      <trkpt lat="37.50876364298164844512939453125" lon="127.06360730342566967010498046875">
        <ele>46.200000762939453125</ele>
        <time>2026-09-11T10:23:27.000Z</time>
        <extensions>
          <ns3:TrackPointExtension>
            <ns3:hr>156</ns3:hr>
            <ns3:cad>85</ns3:cad>
          </ns3:TrackPointExtension>
        </extensions>
      </trkpt>
      <trkpt lat="37.50876062549650669097900390625" lon="127.063666395843029022216796875">
        <ele>46.40000152587890625</ele>
        <time>2026-09-11T10:23:28.000Z</time>
        <extensions>
          <ns3:TrackPointExtension>
            <ns3:hr>156</ns3:hr>
            <ns3:cad>86</ns3:cad>
          </ns3:TrackPointExtension>
        </extensions>
      </trkpt>
      <trkpt lat="37.50876163132488727569580078125" lon="127.06370805390179157257080078125">
        <ele>46.40000152587890625</ele>
        <time>2026-09-11T10:23:29.000Z</time>
        <extensions>
          <ns3:TrackPointExtension>
            <ns3:hr>157</ns3:hr>
            <ns3:cad>86</ns3:cad>
          </ns3:TrackPointExtension>
        </extensions>
      </trkpt>
      <trkpt lat="37.5087590329349040985107421875" lon="127.063760943710803985595703125">
        <ele>46.40000152587890625</ele>
        <time>2026-09-11T10:23:30.000Z</time>
        <extensions>
          <ns3:TrackPointExtension>
            <ns3:hr>158</ns3:hr>
            <ns3:cad>86</ns3:cad>
          </ns3:TrackPointExtension>
        </extensions>
      </trkpt>
      <trkpt lat="37.5087560154497623443603515625" lon="127.06380997784435749053955078125">
        <ele>46.40000152587890625</ele>
        <time>2026-09-11T10:23:31.000Z</time>
        <extensions>
          <ns3:TrackPointExtension>
            <ns3:hr>159</ns3:hr>
            <ns3:cad>86</ns3:cad>
          </ns3:TrackPointExtension>
        </extensions>
      </trkpt>
      <trkpt lat="37.50875584781169891357421875" lon="127.063864208757877349853515625">
        <ele>46.40000152587890625</ele>
        <time>2026-09-11T10:23:32.000Z</time>
        <extensions>
          <ns3:TrackPointExtension>
            <ns3:hr>160</ns3:hr>
            <ns3:cad>86</ns3:cad>
          </ns3:TrackPointExtension>
        </extensions>
      </trkpt>
      <trkpt lat="37.50875509344041347503662109375" lon="127.06390150822699069976806640625">
        <ele>46.40000152587890625</ele>
        <time>2026-09-11T10:23:33.000Z</time>
        <extensions>
          <ns3:TrackPointExtension>
            <ns3:hr>161</ns3:hr>
            <ns3:cad>87</ns3:cad>
          </ns3:TrackPointExtension>
        </extensions>
      </trkpt>
      <trkpt lat="37.5087503157556056976318359375" lon="127.0639300905168056488037109375">
        <ele>46.59999847412109375</ele>
        <time>2026-09-11T10:23:34.000Z</time>
        <extensions>
          <ns3:TrackPointExtension>
            <ns3:hr>161</ns3:hr>
            <ns3:cad>87</ns3:cad>
          </ns3:TrackPointExtension>
        </extensions>
      </trkpt>
      <trkpt lat="37.50874671153724193572998046875" lon="127.06395733170211315155029296875">
        <ele>46.799999237060546875</ele>
        <time>2026-09-11T10:23:35.000Z</time>
        <extensions>
          <ns3:TrackPointExtension>
            <ns3:hr>162</ns3:hr>
            <ns3:cad>87</ns3:cad>
          </ns3:TrackPointExtension>
        </extensions>
      </trkpt>
      <trkpt lat="37.50874453224241733551025390625" lon="127.06396806053817272186279296875">
        <ele>47.200000762939453125</ele>
        <time>2026-09-11T10:23:36.000Z</time>
        <extensions>
          <ns3:TrackPointExtension>
            <ns3:hr>163</ns3:hr>
            <ns3:cad>87</ns3:cad>
          </ns3:TrackPointExtension>
        </extensions>
      </trkpt>
      <trkpt lat="37.50877596437931060791015625" lon="127.06398717127740383148193359375">
        <ele>47.59999847412109375</ele>
        <time>2026-09-11T10:23:37.000Z</time>
        <extensions>
          <ns3:TrackPointExtension>
            <ns3:hr>164</ns3:hr>
            <ns3:cad>87</ns3:cad>
          </ns3:TrackPointExtension>
        </extensions>
      </trkpt>
      <trkpt lat="37.50879532657563686370849609375" lon="127.06399722956120967864990234375">
        <ele>47.799999237060546875</ele>
        <time>2026-09-11T10:23:38.000Z</time>
        <extensions>
          <ns3:TrackPointExtension>
            <ns3:hr>165</ns3:hr>
            <ns3:cad>86</ns3:cad>
          </ns3:TrackPointExtension>
        </extensions>
      </trkpt>
      <trkpt lat="37.5088180415332317352294921875" lon="127.06399060785770416259765625">
        <ele>47.799999237060546875</ele>
        <time>2026-09-11T10:23:39.000Z</time>
        <extensions>
          <ns3:TrackPointExtension>
            <ns3:hr>165</ns3:hr>
            <ns3:cad>85</ns3:cad>
          </ns3:TrackPointExtension>
        </extensions>
      </trkpt>
      <trkpt lat="37.5088488869369029998779296875" lon="127.06400510855019092559814453125">
        <ele>47.59999847412109375</ele>
        <time>2026-09-11T10:23:40.000Z</time>
        <extensions>
          <ns3:TrackPointExtension>
            <ns3:hr>166</ns3:hr>
            <ns3:cad>85</ns3:cad>
          </ns3:TrackPointExtension>
        </extensions>
      </trkpt>
      <trkpt lat="37.50887495465576648712158203125" lon="127.06402011215686798095703125">
        <ele>47.40000152587890625</ele>
        <time>2026-09-11T10:23:41.000Z</time>
        <extensions>
          <ns3:TrackPointExtension>
            <ns3:hr>166</ns3:hr>
            <ns3:cad>84</ns3:cad>
          </ns3:TrackPointExtension>
        </extensions>
      </trkpt>
      <trkpt lat="37.50890479423105716705322265625" lon="127.064047940075397491455078125">
        <ele>47.200000762939453125</ele>
        <time>2026-09-11T10:23:42.000Z</time>
        <extensions>
          <ns3:TrackPointExtension>
            <ns3:hr>166</ns3:hr>
            <ns3:cad>85</ns3:cad>
          </ns3:TrackPointExtension>
        </extensions>
      </trkpt>
      <trkpt lat="37.508936561644077301025390625" lon="127.06406696699559688568115234375">
        <ele>47</ele>
        <time>2026-09-11T10:23:43.000Z</time>
        <extensions>
          <ns3:TrackPointExtension>
            <ns3:hr>166</ns3:hr>
            <ns3:cad>85</ns3:cad>
          </ns3:TrackPointExtension>
        </extensions>
      </trkpt>
      <trkpt lat="37.508973442018032073974609375" lon="127.0640873350203037261962890625">
        <ele>47</ele>
        <time>2026-09-11T10:23:44.000Z</time>
        <extensions>
          <ns3:TrackPointExtension>
            <ns3:hr>166</ns3:hr>
            <ns3:cad>84</ns3:cad>
          </ns3:TrackPointExtension>
        </extensions>
      </trkpt>
      <trkpt lat="37.50900504179298877716064453125" lon="127.06411457620561122894287109375">
        <ele>46.799999237060546875</ele>
        <time>2026-09-11T10:23:45.000Z</time>
        <extensions>
          <ns3:TrackPointExtension>
            <ns3:hr>166</ns3:hr>
            <ns3:cad>84</ns3:cad>
          </ns3:TrackPointExtension>
        </extensions>
      </trkpt>
      <trkpt lat="37.50902901403605937957763671875" lon="127.06415363587439060211181640625">
        <ele>46.59999847412109375</ele>
        <time>2026-09-11T10:23:46.000Z</time>
        <extensions>
          <ns3:TrackPointExtension>
            <ns3:hr>166</ns3:hr>
            <ns3:cad>84</ns3:cad>
          </ns3:TrackPointExtension>
        </extensions>
      </trkpt>
      <trkpt lat="37.50904527492821216583251953125" lon="127.06420476548373699188232421875">
        <ele>46.40000152587890625</ele>
        <time>2026-09-11T10:23:47.000Z</time>
        <extensions>
          <ns3:TrackPointExtension>
            <ns3:hr>167</ns3:hr>
            <ns3:cad>84</ns3:cad>
          </ns3:TrackPointExtension>
        </extensions>
      </trkpt>
      <trkpt lat="37.50905835069715976715087890625" lon="127.06424131058156490325927734375">
        <ele>46.200000762939453125</ele>
        <time>2026-09-11T10:23:48.000Z</time>
        <extensions>
          <ns3:TrackPointExtension>
            <ns3:hr>167</ns3:hr>
            <ns3:cad>85</ns3:cad>
          </ns3:TrackPointExtension>
        </extensions>
      </trkpt>
      <trkpt lat="37.5090636312961578369140625" lon="127.06429696641862392425537109375">
        <ele>46.40000152587890625</ele>
        <time>2026-09-11T10:23:49.000Z</time>
        <extensions>
          <ns3:TrackPointExtension>
            <ns3:hr>168</ns3:hr>
            <ns3:cad>85</ns3:cad>
          </ns3:TrackPointExtension>
        </extensions>
      </trkpt>
      <trkpt lat="37.50907109118998050689697265625" lon="127.06434122286736965179443359375">
        <ele>46.40000152587890625</ele>
        <time>2026-09-11T10:23:50.000Z</time>
        <extensions>
          <ns3:TrackPointExtension>
            <ns3:hr>169</ns3:hr>
            <ns3:cad>86</ns3:cad>
          </ns3:TrackPointExtension>
        </extensions>
      </trkpt>
      <trkpt lat="37.50908575952053070068359375" lon="127.06439620815217494964599609375">
        <ele>46.40000152587890625</ele>
        <time>2026-09-11T10:23:51.000Z</time>
        <extensions>
          <ns3:TrackPointExtension>
            <ns3:hr>170</ns3:hr>
            <ns3:cad>86</ns3:cad>
          </ns3:TrackPointExtension>
        </extensions>
      </trkpt>
      <trkpt lat="37.50909439288079738616943359375" lon="127.06444465555250644683837890625">
        <ele>46.200000762939453125</ele>
        <time>2026-09-11T10:23:52.000Z</time>
        <extensions>
          <ns3:TrackPointExtension>
            <ns3:hr>170</ns3:hr>
            <ns3:cad>86</ns3:cad>
          </ns3:TrackPointExtension>
        </extensions>
      </trkpt>
      <trkpt lat="37.509104199707508087158203125" lon="127.064490504562854766845703125">
        <ele>46.40000152587890625</ele>
        <time>2026-09-11T10:23:53.000Z</time>
        <extensions>
          <ns3:TrackPointExtension>
            <ns3:hr>171</ns3:hr>
            <ns3:cad>86</ns3:cad>
          </ns3:TrackPointExtension>
        </extensions>
      </trkpt>
      <trkpt lat="37.50911668874323368072509765625" lon="127.064538113772869110107421875">
        <ele>46.200000762939453125</ele>
        <time>2026-09-11T10:23:54.000Z</time>
        <extensions>
          <ns3:TrackPointExtension>
            <ns3:hr>171</ns3:hr>
            <ns3:cad>86</ns3:cad>
          </ns3:TrackPointExtension>
        </extensions>
      </trkpt>
      <trkpt lat="37.5091318599879741668701171875" lon="127.064577005803585052490234375">
        <ele>46.200000762939453125</ele>
        <time>2026-09-11T10:23:55.000Z</time>
        <extensions>
          <ns3:TrackPointExtension>
            <ns3:hr>171</ns3:hr>
            <ns3:cad>86</ns3:cad>
          </ns3:TrackPointExtension>
        </extensions>
      </trkpt>
      <trkpt lat="37.50914820469915866851806640625" lon="127.06462017260491847991943359375">
        <ele>46.40000152587890625</ele>
        <time>2026-09-11T10:23:56.000Z</time>
        <extensions>
          <ns3:TrackPointExtension>
            <ns3:hr>172</ns3:hr>
            <ns3:cad>87</ns3:cad>
          </ns3:TrackPointExtension>
        </extensions>
      </trkpt>
      <trkpt lat="37.50916228629648685455322265625" lon="127.06465202383697032928466796875">
        <ele>46.200000762939453125</ele>
        <time>2026-09-11T10:23:57.000Z</time>
        <extensions>
          <ns3:TrackPointExtension>
            <ns3:hr>172</ns3:hr>
            <ns3:cad>87</ns3:cad>
          </ns3:TrackPointExtension>
        </extensions>
      </trkpt>
      <trkpt lat="37.5091868452727794647216796875" lon="127.06469125114381313323974609375">
        <ele>46.200000762939453125</ele>
        <time>2026-09-11T10:23:58.000Z</time>
        <extensions>
          <ns3:TrackPointExtension>
            <ns3:hr>172</ns3:hr>
            <ns3:cad>87</ns3:cad>
          </ns3:TrackPointExtension>
        </extensions>
      </trkpt>
      <trkpt lat="37.50921090133488178253173828125" lon="127.06472419202327728271484375">
        <ele>46</ele>
        <time>2026-09-11T10:23:59.000Z</time>
        <extensions>
          <ns3:TrackPointExtension>
            <ns3:hr>172</ns3:hr>
            <ns3:cad>86</ns3:cad>
          </ns3:TrackPointExtension>
        </extensions>
      </trkpt>
      <trkpt lat="37.5092232227325439453125" lon="127.06476031802594661712646484375">
        <ele>46</ele>
        <time>2026-09-11T10:24:00.000Z</time>
        <extensions>
          <ns3:TrackPointExtension>
            <ns3:hr>173</ns3:hr>
            <ns3:cad>86</ns3:cad>
          </ns3:TrackPointExtension>
        </extensions>
      </trkpt>
      <trkpt lat="37.50923621468245983123779296875" lon="127.06479954533278942108154296875">
        <ele>45.799999237060546875</ele>
        <time>2026-09-11T10:24:01.000Z</time>
        <extensions>
          <ns3:TrackPointExtension>
            <ns3:hr>173</ns3:hr>
            <ns3:cad>86</ns3:cad>
          </ns3:TrackPointExtension>
        </extensions>
      </trkpt>
      <trkpt lat="37.50925415195524692535400390625" lon="127.0648236013948917388916015625">
        <ele>46</ele>
        <time>2026-09-11T10:24:02.000Z</time>
        <extensions>
          <ns3:TrackPointExtension>
            <ns3:hr>173</ns3:hr>
            <ns3:cad>86</ns3:cad>
          </ns3:TrackPointExtension>
        </extensions>
      </trkpt>
      <trkpt lat="37.50927711836993694305419921875" lon="127.06486500799655914306640625">
        <ele>46</ele>
        <time>2026-09-11T10:24:03.000Z</time>
        <extensions>
          <ns3:TrackPointExtension>
            <ns3:hr>174</ns3:hr>
            <ns3:cad>86</ns3:cad>
          </ns3:TrackPointExtension>
        </extensions>
      </trkpt>
      <trkpt lat="37.50929086469113826751708984375" lon="127.06489828415215015411376953125">
        <ele>46.200000762939453125</ele>
        <time>2026-09-11T10:24:04.000Z</time>
        <extensions>
          <ns3:TrackPointExtension>
            <ns3:hr>174</ns3:hr>
            <ns3:cad>86</ns3:cad>
          </ns3:TrackPointExtension>
        </extensions>
      </trkpt>
      <trkpt lat="37.50930209644138813018798828125" lon="127.06494010984897613525390625">
        <ele>46.200000762939453125</ele>
        <time>2026-09-11T10:24:05.000Z</time>
        <extensions>
          <ns3:TrackPointExtension>
            <ns3:hr>174</ns3:hr>
            <ns3:cad>85</ns3:cad>
          </ns3:TrackPointExtension>
        </extensions>
      </trkpt>
      <trkpt lat="37.5093149207532405853271484375" lon="127.06498092971742153167724609375">
        <ele>46.200000762939453125</ele>
        <time>2026-09-11T10:24:06.000Z</time>
        <extensions>
          <ns3:TrackPointExtension>
            <ns3:hr>174</ns3:hr>
            <ns3:cad>85</ns3:cad>
          </ns3:TrackPointExtension>
        </extensions>
      </trkpt>
      <trkpt lat="37.50933260656893253326416015625" lon="127.06501177512109279632568359375">
        <ele>46.200000762939453125</ele>
        <time>2026-09-11T10:24:07.000Z</time>
        <extensions>
          <ns3:TrackPointExtension>
            <ns3:hr>174</ns3:hr>
            <ns3:cad>85</ns3:cad>
          </ns3:TrackPointExtension>
        </extensions>
      </trkpt>
      <trkpt lat="37.509349621832370758056640625" lon="127.06505117006599903106689453125">
        <ele>46.200000762939453125</ele>
        <time>2026-09-11T10:24:08.000Z</time>
        <extensions>
          <ns3:TrackPointExtension>
            <ns3:hr>174</ns3:hr>
            <ns3:cad>85</ns3:cad>
          </ns3:TrackPointExtension>
        </extensions>
      </trkpt>
      <trkpt lat="37.50935934484004974365234375" lon="127.0650847814977169036865234375">
        <ele>46</ele>
        <time>2026-09-11T10:24:09.000Z</time>
        <extensions>
          <ns3:TrackPointExtension>
            <ns3:hr>174</ns3:hr>
            <ns3:cad>85</ns3:cad>
          </ns3:TrackPointExtension>
        </extensions>
      </trkpt>
      <trkpt lat="37.509377785027027130126953125" lon="127.06512375734746456146240234375">
        <ele>46.200000762939453125</ele>
        <time>2026-09-11T10:24:10.000Z</time>
        <extensions>
          <ns3:TrackPointExtension>
            <ns3:hr>174</ns3:hr>
            <ns3:cad>85</ns3:cad>
          </ns3:TrackPointExtension>
        </extensions>
      </trkpt>
      <trkpt lat="37.50938960351049900054931640625" lon="127.06515694968402385711669921875">
        <ele>46.200000762939453125</ele>
        <time>2026-09-11T10:24:11.000Z</time>
        <extensions>
          <ns3:TrackPointExtension>
            <ns3:hr>175</ns3:hr>
            <ns3:cad>86</ns3:cad>
          </ns3:TrackPointExtension>
        </extensions>
      </trkpt>
      <trkpt lat="37.509402930736541748046875" lon="127.06519760191440582275390625">
        <ele>46.200000762939453125</ele>
        <time>2026-09-11T10:24:12.000Z</time>
        <extensions>
          <ns3:TrackPointExtension>
            <ns3:hr>175</ns3:hr>
            <ns3:cad>86</ns3:cad>
          </ns3:TrackPointExtension>
        </extensions>
      </trkpt>
      <trkpt lat="37.50941122882068157196044921875" lon="127.06523758359253406524658203125">
        <ele>46.200000762939453125</ele>
        <time>2026-09-11T10:24:13.000Z</time>
        <extensions>
          <ns3:TrackPointExtension>
            <ns3:hr>175</ns3:hr>
            <ns3:cad>86</ns3:cad>
          </ns3:TrackPointExtension>
        </extensions>
      </trkpt>
      <trkpt lat="37.50942078419029712677001953125" lon="127.0652728714048862457275390625">
        <ele>46.40000152587890625</ele>
        <time>2026-09-11T10:24:14.000Z</time>
        <extensions>
          <ns3:TrackPointExtension>
            <ns3:hr>175</ns3:hr>
            <ns3:cad>87</ns3:cad>
          </ns3:TrackPointExtension>
        </extensions>
      </trkpt>
      <trkpt lat="37.50943637453019618988037109375" lon="127.0653171278536319732666015625">
        <ele>46.40000152587890625</ele>
        <time>2026-09-11T10:24:15.000Z</time>
        <extensions>
          <ns3:TrackPointExtension>
            <ns3:hr>174</ns3:hr>
            <ns3:cad>87</ns3:cad>
          </ns3:TrackPointExtension>
        </extensions>
      </trkpt>
      <trkpt lat="37.50944106839597225189208984375" lon="127.065349481999874114990234375">
        <ele>46.40000152587890625</ele>
        <time>2026-09-11T10:24:16.000Z</time>
        <extensions>
          <ns3:TrackPointExtension>
            <ns3:hr>175</ns3:hr>
            <ns3:cad>87</ns3:cad>
          </ns3:TrackPointExtension>
        </extensions>
      </trkpt>
      <trkpt lat="37.5094547308981418609619140625" lon="127.06539566628634929656982421875">
        <ele>46.59999847412109375</ele>
        <time>2026-09-11T10:24:17.000Z</time>
        <extensions>
          <ns3:TrackPointExtension>
            <ns3:hr>175</ns3:hr>
            <ns3:cad>87</ns3:cad>
          </ns3:TrackPointExtension>
        </extensions>
      </trkpt>
      <trkpt lat="37.50946437008678913116455078125" lon="127.06542919389903545379638671875">
        <ele>46.799999237060546875</ele>
        <time>2026-09-11T10:24:18.000Z</time>
        <extensions>
          <ns3:TrackPointExtension>
            <ns3:hr>175</ns3:hr>
            <ns3:cad>86</ns3:cad>
          </ns3:TrackPointExtension>
        </extensions>
      </trkpt>
      <trkpt lat="37.5094768591225147247314453125" lon="127.06548099406063556671142578125">
        <ele>47</ele>
        <time>2026-09-11T10:24:19.000Z</time>
        <extensions>
          <ns3:TrackPointExtension>
            <ns3:hr>175</ns3:hr>
            <ns3:cad>86</ns3:cad>
          </ns3:TrackPointExtension>
        </extensions>
      </trkpt>
      <trkpt lat="37.50948943197727203369140625" lon="127.06552349030971527099609375">
        <ele>47.200000762939453125</ele>
        <time>2026-09-11T10:24:20.000Z</time>
        <extensions>
          <ns3:TrackPointExtension>
            <ns3:hr>175</ns3:hr>
            <ns3:cad>86</ns3:cad>
          </ns3:TrackPointExtension>
        </extensions>
      </trkpt>
      <trkpt lat="37.509499154984951019287109375" lon="127.06556975841522216796875">
        <ele>47.200000762939453125</ele>
        <time>2026-09-11T10:24:21.000Z</time>
        <extensions>
          <ns3:TrackPointExtension>
            <ns3:hr>175</ns3:hr>
            <ns3:cad>86</ns3:cad>
          </ns3:TrackPointExtension>
        </extensions>
      </trkpt>
      <trkpt lat="37.50951549969613552093505859375" lon="127.06561996601521968841552734375">
        <ele>47.200000762939453125</ele>
        <time>2026-09-11T10:24:22.000Z</time>
        <extensions>
          <ns3:TrackPointExtension>
            <ns3:hr>175</ns3:hr>
            <ns3:cad>86</ns3:cad>
          </ns3:TrackPointExtension>
        </extensions>
      </trkpt>
      <trkpt lat="37.50953008420765399932861328125" lon="127.06565433181822299957275390625">
        <ele>47.200000762939453125</ele>
        <time>2026-09-11T10:24:23.000Z</time>
        <extensions>
          <ns3:TrackPointExtension>
            <ns3:hr>176</ns3:hr>
            <ns3:cad>85</ns3:cad>
          </ns3:TrackPointExtension>
        </extensions>
      </trkpt>
      <trkpt lat="37.50954550690948963165283203125" lon="127.06570588052272796630859375">
        <ele>47.200000762939453125</ele>
        <time>2026-09-11T10:24:24.000Z</time>
        <extensions>
          <ns3:TrackPointExtension>
            <ns3:hr>176</ns3:hr>
            <ns3:cad>85</ns3:cad>
          </ns3:TrackPointExtension>
        </extensions>
      </trkpt>
      <trkpt lat="37.509562186896800994873046875" lon="127.06573965959250926971435546875">
        <ele>47</ele>
        <time>2026-09-11T10:24:25.000Z</time>
        <extensions>
          <ns3:TrackPointExtension>
            <ns3:hr>177</ns3:hr>
            <ns3:cad>85</ns3:cad>
          </ns3:TrackPointExtension>
        </extensions>
      </trkpt>
      <trkpt lat="37.50957735814154148101806640625" lon="127.06578425131738185882568359375">
        <ele>47.200000762939453125</ele>
        <time>2026-09-11T10:24:26.000Z</time>
        <extensions>
          <ns3:TrackPointExtension>
            <ns3:hr>177</ns3:hr>
            <ns3:cad>85</ns3:cad>
          </ns3:TrackPointExtension>
        </extensions>
      </trkpt>
      <trkpt lat="37.50958607532083988189697265625" lon="127.065817527472972869873046875">
        <ele>47.40000152587890625</ele>
        <time>2026-09-11T10:24:27.000Z</time>
        <extensions>
          <ns3:TrackPointExtension>
            <ns3:hr>177</ns3:hr>
            <ns3:cad>85</ns3:cad>
          </ns3:TrackPointExtension>
        </extensions>
      </trkpt>
      <trkpt lat="37.50960065983235836029052734375" lon="127.0658580958843231201171875">
        <ele>47.59999847412109375</ele>
        <time>2026-09-11T10:24:28.000Z</time>
        <extensions>
          <ns3:TrackPointExtension>
            <ns3:hr>177</ns3:hr>
            <ns3:cad>85</ns3:cad>
          </ns3:TrackPointExtension>
        </extensions>
      </trkpt>
      <trkpt lat="37.50961356796324253082275390625" lon="127.0659038610756397247314453125">
        <ele>47.799999237060546875</ele>
        <time>2026-09-11T10:24:29.000Z</time>
        <extensions>
          <ns3:TrackPointExtension>
            <ns3:hr>178</ns3:hr>
            <ns3:cad>86</ns3:cad>
          </ns3:TrackPointExtension>
        </extensions>
      </trkpt>
      <trkpt lat="37.50962890684604644775390625" lon="127.06593529321253299713134765625">
        <ele>48</ele>
        <time>2026-09-11T10:24:30.000Z</time>
        <extensions>
          <ns3:TrackPointExtension>
            <ns3:hr>178</ns3:hr>
            <ns3:cad>86</ns3:cad>
          </ns3:TrackPointExtension>
        </extensions>
      </trkpt>
      <trkpt lat="37.50964307226240634918212890625" lon="127.0659823156893253326416015625">
        <ele>48</ele>
        <time>2026-09-11T10:24:31.000Z</time>
        <extensions>
          <ns3:TrackPointExtension>
            <ns3:hr>178</ns3:hr>
            <ns3:cad>86</ns3:cad>
          </ns3:TrackPointExtension>
        </extensions>
      </trkpt>
      <trkpt lat="37.5096575729548931121826171875" lon="127.066023387014865875244140625">
        <ele>48</ele>
        <time>2026-09-11T10:24:32.000Z</time>
        <extensions>
          <ns3:TrackPointExtension>
            <ns3:hr>179</ns3:hr>
            <ns3:cad>85</ns3:cad>
          </ns3:TrackPointExtension>
        </extensions>
      </trkpt>
      <trkpt lat="37.5096703134477138519287109375" lon="127.06606336869299411773681640625">
        <ele>48</ele>
        <time>2026-09-11T10:24:33.000Z</time>
        <extensions>
          <ns3:TrackPointExtension>
            <ns3:hr>179</ns3:hr>
            <ns3:cad>85</ns3:cad>
          </ns3:TrackPointExtension>
        </extensions>
      </trkpt>
      <trkpt lat="37.50968120992183685302734375" lon="127.06610410474240779876708984375">
        <ele>48</ele>
        <time>2026-09-11T10:24:34.000Z</time>
        <extensions>
          <ns3:TrackPointExtension>
            <ns3:hr>179</ns3:hr>
            <ns3:cad>85</ns3:cad>
          </ns3:TrackPointExtension>
        </extensions>
      </trkpt>
      <trkpt lat="37.50969369895756244659423828125" lon="127.06613444723188877105712890625">
        <ele>48</ele>
        <time>2026-09-11T10:24:35.000Z</time>
        <extensions>
          <ns3:TrackPointExtension>
            <ns3:hr>179</ns3:hr>
            <ns3:cad>85</ns3:cad>
          </ns3:TrackPointExtension>
        </extensions>
      </trkpt>
      <trkpt lat="37.509698979556560516357421875" lon="127.06618272699415683746337890625">
        <ele>48</ele>
        <time>2026-09-11T10:24:36.000Z</time>
        <extensions>
          <ns3:TrackPointExtension>
            <ns3:hr>179</ns3:hr>
            <ns3:cad>85</ns3:cad>
          </ns3:TrackPointExtension>
        </extensions>
      </trkpt>
      <trkpt lat="37.5097095407545566558837890625" lon="127.06622145138680934906005859375">
        <ele>48</ele>
        <time>2026-09-11T10:24:37.000Z</time>
        <extensions>
          <ns3:TrackPointExtension>
            <ns3:hr>180</ns3:hr>
            <ns3:cad>85</ns3:cad>
          </ns3:TrackPointExtension>
        </extensions>
      </trkpt>
      <trkpt lat="37.50972152687609195709228515625" lon="127.0662592537701129913330078125">
        <ele>48.200000762939453125</ele>
        <time>2026-09-11T10:24:38.000Z</time>
        <extensions>
          <ns3:TrackPointExtension>
            <ns3:hr>180</ns3:hr>
            <ns3:cad>84</ns3:cad>
          </ns3:TrackPointExtension>
        </extensions>
      </trkpt>
      <trkpt lat="37.50972974114120006561279296875" lon="127.06629940308630466461181640625">
        <ele>48.200000762939453125</ele>
        <time>2026-09-11T10:24:39.000Z</time>
        <extensions>
          <ns3:TrackPointExtension>
            <ns3:hr>180</ns3:hr>
            <ns3:cad>83</ns3:cad>
          </ns3:TrackPointExtension>
        </extensions>
      </trkpt>
      <trkpt lat="37.50973292626440525054931640625" lon="127.0663340203464031219482421875">
        <ele>48.200000762939453125</ele>
        <time>2026-09-11T10:24:40.000Z</time>
        <extensions>
          <ns3:TrackPointExtension>
            <ns3:hr>180</ns3:hr>
            <ns3:cad>83</ns3:cad>
          </ns3:TrackPointExtension>
        </extensions>
      </trkpt>
      <trkpt lat="37.509747259318828582763671875" lon="127.0663732476532459259033203125">
        <ele>48.200000762939453125</ele>
        <time>2026-09-11T10:24:41.000Z</time>
        <extensions>
          <ns3:TrackPointExtension>
            <ns3:hr>180</ns3:hr>
            <ns3:cad>83</ns3:cad>
          </ns3:TrackPointExtension>
        </extensions>
      </trkpt>
      <trkpt lat="37.5097420625388622283935546875" lon="127.06641389988362789154052734375">
        <ele>48.200000762939453125</ele>
        <time>2026-09-11T10:24:42.000Z</time>
        <extensions>
          <ns3:TrackPointExtension>
            <ns3:hr>180</ns3:hr>
            <ns3:cad>83</ns3:cad>
          </ns3:TrackPointExtension>
        </extensions>
      </trkpt>
      <trkpt lat="37.50973678193986415863037109375" lon="127.06643653102219104766845703125">
        <ele>48.200000762939453125</ele>
        <time>2026-09-11T10:24:43.000Z</time>
        <extensions>
          <ns3:TrackPointExtension>
            <ns3:hr>181</ns3:hr>
            <ns3:cad>83</ns3:cad>
          </ns3:TrackPointExtension>
        </extensions>
      </trkpt>
      <trkpt lat="37.5097149051725864410400390625" lon="127.0664594136178493499755859375">
        <ele>48</ele>
        <time>2026-09-11T10:24:44.000Z</time>
        <extensions>
          <ns3:TrackPointExtension>
            <ns3:hr>181</ns3:hr>
            <ns3:cad>83</ns3:cad>
          </ns3:TrackPointExtension>
        </extensions>
      </trkpt>
      <trkpt lat="37.50968917272984981536865234375" lon="127.06647642888128757476806640625">
        <ele>48</ele>
        <time>2026-09-11T10:24:45.000Z</time>
        <extensions>
          <ns3:TrackPointExtension>
            <ns3:hr>181</ns3:hr>
            <ns3:cad>83</ns3:cad>
          </ns3:TrackPointExtension>
        </extensions>
      </trkpt>
      <trkpt lat="37.50966872088611125946044921875" lon="127.06649000756442546844482421875">
        <ele>47.799999237060546875</ele>
        <time>2026-09-11T10:24:46.000Z</time>
        <extensions>
          <ns3:TrackPointExtension>
            <ns3:hr>181</ns3:hr>
            <ns3:cad>83</ns3:cad>
          </ns3:TrackPointExtension>
        </extensions>
      </trkpt>
      <trkpt lat="37.50963754020631313323974609375" lon="127.0664952881634235382080078125">
        <ele>47.799999237060546875</ele>
        <time>2026-09-11T10:24:47.000Z</time>
        <extensions>
          <ns3:TrackPointExtension>
            <ns3:hr>181</ns3:hr>
            <ns3:cad>83</ns3:cad>
          </ns3:TrackPointExtension>
        </extensions>
      </trkpt>
      <trkpt lat="37.50961340032517910003662109375" lon="127.06650660373270511627197265625">
        <ele>47.59999847412109375</ele>
        <time>2026-09-11T10:24:48.000Z</time>
        <extensions>
          <ns3:TrackPointExtension>
            <ns3:hr>181</ns3:hr>
            <ns3:cad>80</ns3:cad>
          </ns3:TrackPointExtension>
        </extensions>
      </trkpt>
      <trkpt lat="37.50958993099629878997802734375" lon="127.066514901816844940185546875">
        <ele>47.59999847412109375</ele>
        <time>2026-09-11T10:24:49.000Z</time>
        <extensions>
          <ns3:TrackPointExtension>
            <ns3:hr>180</ns3:hr>
            <ns3:cad>80</ns3:cad>
          </ns3:TrackPointExtension>
        </extensions>
      </trkpt>
      <trkpt lat="37.50955707393586635589599609375" lon="127.06652797758579254150390625">
        <ele>47.40000152587890625</ele>
        <time>2026-09-11T10:24:50.000Z</time>
        <extensions>
          <ns3:TrackPointExtension>
            <ns3:hr>181</ns3:hr>
            <ns3:cad>81</ns3:cad>
          </ns3:TrackPointExtension>
        </extensions>
      </trkpt>
      <trkpt lat="37.50952773727476596832275390625" lon="127.06653443165123462677001953125">
        <ele>47.40000152587890625</ele>
        <time>2026-09-11T10:24:51.000Z</time>
        <extensions>
          <ns3:TrackPointExtension>
            <ns3:hr>181</ns3:hr>
            <ns3:cad>81</ns3:cad>
          </ns3:TrackPointExtension>
        </extensions>
      </trkpt>
      <trkpt lat="37.5094949640333652496337890625" lon="127.06654071807861328125">
        <ele>47.200000762939453125</ele>
        <time>2026-09-11T10:24:52.000Z</time>
        <extensions>
          <ns3:TrackPointExtension>
            <ns3:hr>180</ns3:hr>
            <ns3:cad>81</ns3:cad>
          </ns3:TrackPointExtension>
        </extensions>
      </trkpt>
      <trkpt lat="37.50945867039263248443603515625" lon="127.0665549673140048980712890625">
        <ele>47.200000762939453125</ele>
        <time>2026-09-11T10:24:53.000Z</time>
        <extensions>
          <ns3:TrackPointExtension>
            <ns3:hr>180</ns3:hr>
            <ns3:cad>81</ns3:cad>
          </ns3:TrackPointExtension>
        </extensions>
      </trkpt>
      <trkpt lat="37.50942531041800975799560546875" lon="127.0665661990642547607421875">
        <ele>47</ele>
        <time>2026-09-11T10:24:54.000Z</time>
        <extensions>
          <ns3:TrackPointExtension>
            <ns3:hr>180</ns3:hr>
            <ns3:cad>81</ns3:cad>
          </ns3:TrackPointExtension>
        </extensions>
      </trkpt>
      <trkpt lat="37.50938725657761096954345703125" lon="127.066582627594470977783203125">
        <ele>46.799999237060546875</ele>
        <time>2026-09-11T10:24:55.000Z</time>
        <extensions>
          <ns3:TrackPointExtension>
            <ns3:hr>180</ns3:hr>
            <ns3:cad>81</ns3:cad>
          </ns3:TrackPointExtension>
        </extensions>
      </trkpt>
      <trkpt lat="37.5093534775078296661376953125" lon="127.06659972667694091796875">
        <ele>46.799999237060546875</ele>
        <time>2026-09-11T10:24:56.000Z</time>
        <extensions>
          <ns3:TrackPointExtension>
            <ns3:hr>180</ns3:hr>
            <ns3:cad>82</ns3:cad>
          </ns3:TrackPointExtension>
        </extensions>
      </trkpt>
      <trkpt lat="37.50930796377360820770263671875" lon="127.06661540083587169647216796875">
        <ele>46.59999847412109375</ele>
        <time>2026-09-11T10:24:57.000Z</time>
        <extensions>
          <ns3:TrackPointExtension>
            <ns3:hr>179</ns3:hr>
            <ns3:cad>82</ns3:cad>
          </ns3:TrackPointExtension>
        </extensions>
      </trkpt>
      <trkpt lat="37.5092659704387187957763671875" lon="127.066634260118007659912109375">
        <ele>46.799999237060546875</ele>
        <time>2026-09-11T10:24:58.000Z</time>
        <extensions>
          <ns3:TrackPointExtension>
            <ns3:hr>179</ns3:hr>
            <ns3:cad>82</ns3:cad>
          </ns3:TrackPointExtension>
        </extensions>
      </trkpt>
      <trkpt lat="37.5092300958931446075439453125" lon="127.066646330058574676513671875">
        <ele>46.799999237060546875</ele>
        <time>2026-09-11T10:24:59.000Z</time>
        <extensions>
          <ns3:TrackPointExtension>
            <ns3:hr>179</ns3:hr>
            <ns3:cad>82</ns3:cad>
          </ns3:TrackPointExtension>
        </extensions>
      </trkpt>
      <trkpt lat="37.50919849611818790435791015625" lon="127.06665982492268085479736328125">
        <ele>46.799999237060546875</ele>
        <time>2026-09-11T10:25:00.000Z</time>
        <extensions>
          <ns3:TrackPointExtension>
            <ns3:hr>179</ns3:hr>
            <ns3:cad>82</ns3:cad>
          </ns3:TrackPointExtension>
        </extensions>
      </trkpt>
      <trkpt lat="37.5091600231826305389404296875" lon="127.06667290069162845611572265625">
        <ele>46.799999237060546875</ele>
        <time>2026-09-11T10:25:01.000Z</time>
        <extensions>
          <ns3:TrackPointExtension>
            <ns3:hr>179</ns3:hr>
            <ns3:cad>82</ns3:cad>
          </ns3:TrackPointExtension>
        </extensions>
      </trkpt>
      <trkpt lat="37.50912909395992755889892578125" lon="127.06668346188962459564208984375">
        <ele>46.799999237060546875</ele>
        <time>2026-09-11T10:25:02.000Z</time>
        <extensions>
          <ns3:TrackPointExtension>
            <ns3:hr>179</ns3:hr>
            <ns3:cad>82</ns3:cad>
          </ns3:TrackPointExtension>
        </extensions>
      </trkpt>
      <trkpt lat="37.50910093076527118682861328125" lon="127.06669033505022525787353515625">
        <ele>46.59999847412109375</ele>
        <time>2026-09-11T10:25:03.000Z</time>
        <extensions>
          <ns3:TrackPointExtension>
            <ns3:hr>180</ns3:hr>
            <ns3:cad>81</ns3:cad>
          </ns3:TrackPointExtension>
        </extensions>
      </trkpt>
      <trkpt lat="37.50907595269381999969482421875" lon="127.06668580882251262664794921875">
        <ele>46.59999847412109375</ele>
        <time>2026-09-11T10:25:04.000Z</time>
        <extensions>
          <ns3:TrackPointExtension>
            <ns3:hr>180</ns3:hr>
            <ns3:cad>81</ns3:cad>
          </ns3:TrackPointExtension>
        </extensions>
      </trkpt>
      <trkpt lat="37.50905491411685943603515625" lon="127.066690921783447265625">
        <ele>46.40000152587890625</ele>
        <time>2026-09-11T10:25:05.000Z</time>
        <extensions>
          <ns3:TrackPointExtension>
            <ns3:hr>180</ns3:hr>
            <ns3:cad>81</ns3:cad>
          </ns3:TrackPointExtension>
        </extensions>
      </trkpt>
      <trkpt lat="37.509025745093822479248046875" lon="127.0667029917240142822265625">
        <ele>46.40000152587890625</ele>
        <time>2026-09-11T10:25:06.000Z</time>
        <extensions>
          <ns3:TrackPointExtension>
            <ns3:hr>180</ns3:hr>
            <ns3:cad>81</ns3:cad>
          </ns3:TrackPointExtension>
        </extensions>
      </trkpt>
      <trkpt lat="37.50900638289749622344970703125" lon="127.06670768558979034423828125">
        <ele>46.40000152587890625</ele>
        <time>2026-09-11T10:25:07.000Z</time>
        <extensions>
          <ns3:TrackPointExtension>
            <ns3:hr>180</ns3:hr>
            <ns3:cad>81</ns3:cad>
          </ns3:TrackPointExtension>
        </extensions>
      </trkpt>
      <trkpt lat="37.50898919999599456787109375" lon="127.066716067492961883544921875">
        <ele>46.59999847412109375</ele>
        <time>2026-09-11T10:25:08.000Z</time>
        <extensions>
          <ns3:TrackPointExtension>
            <ns3:hr>180</ns3:hr>
            <ns3:cad>82</ns3:cad>
          </ns3:TrackPointExtension>
        </extensions>
      </trkpt>
      <trkpt lat="37.50896212644875049591064453125" lon="127.066723443567752838134765625">
        <ele>46.59999847412109375</ele>
        <time>2026-09-11T10:25:09.000Z</time>
        <extensions>
          <ns3:TrackPointExtension>
            <ns3:hr>180</ns3:hr>
            <ns3:cad>82</ns3:cad>
          </ns3:TrackPointExtension>
        </extensions>
      </trkpt>
      <trkpt lat="37.50893957912921905517578125" lon="127.06673316657543182373046875">
        <ele>46.59999847412109375</ele>
        <time>2026-09-11T10:25:10.000Z</time>
        <extensions>
          <ns3:TrackPointExtension>
            <ns3:hr>181</ns3:hr>
            <ns3:cad>82</ns3:cad>
          </ns3:TrackPointExtension>
        </extensions>
      </trkpt>
      <trkpt lat="37.50891233794391155242919921875" lon="127.06674464978277683258056640625">
        <ele>46.59999847412109375</ele>
        <time>2026-09-11T10:25:11.000Z</time>
        <extensions>
          <ns3:TrackPointExtension>
            <ns3:hr>180</ns3:hr>
            <ns3:cad>82</ns3:cad>
          </ns3:TrackPointExtension>
        </extensions>
      </trkpt>
      <trkpt lat="37.5088850967586040496826171875" lon="127.06675303168594837188720703125">
        <ele>46.40000152587890625</ele>
        <time>2026-09-11T10:25:12.000Z</time>
        <extensions>
          <ns3:TrackPointExtension>
            <ns3:hr>180</ns3:hr>
            <ns3:cad>82</ns3:cad>
          </ns3:TrackPointExtension>
        </extensions>
      </trkpt>
      <trkpt lat="37.5088653154671192169189453125" lon="127.06676191650331020355224609375">
        <ele>46.40000152587890625</ele>
        <time>2026-09-11T10:25:13.000Z</time>
        <extensions>
          <ns3:TrackPointExtension>
            <ns3:hr>179</ns3:hr>
            <ns3:cad>82</ns3:cad>
          </ns3:TrackPointExtension>
        </extensions>
      </trkpt>
      <trkpt lat="37.50883086584508419036865234375" lon="127.06677046604454517364501953125">
        <ele>46.40000152587890625</ele>
        <time>2026-09-11T10:25:14.000Z</time>
        <extensions>
          <ns3:TrackPointExtension>
            <ns3:hr>179</ns3:hr>
            <ns3:cad>82</ns3:cad>
          </ns3:TrackPointExtension>
        </extensions>
      </trkpt>
      <trkpt lat="37.5088059715926647186279296875" lon="127.06677800975739955902099609375">
        <ele>46.40000152587890625</ele>
        <time>2026-09-11T10:25:15.000Z</time>
        <extensions>
          <ns3:TrackPointExtension>
            <ns3:hr>179</ns3:hr>
            <ns3:cad>82</ns3:cad>
          </ns3:TrackPointExtension>
        </extensions>
      </trkpt>
      <trkpt lat="37.5087761320173740386962890625" lon="127.06678924150764942169189453125">
        <ele>46.40000152587890625</ele>
        <time>2026-09-11T10:25:16.000Z</time>
        <extensions>
          <ns3:TrackPointExtension>
            <ns3:hr>179</ns3:hr>
            <ns3:cad>82</ns3:cad>
          </ns3:TrackPointExtension>
        </extensions>
      </trkpt>
      <trkpt lat="37.5087395869195461273193359375" lon="127.06679812632501125335693359375">
        <ele>46.40000152587890625</ele>
        <time>2026-09-11T10:25:17.000Z</time>
        <extensions>
          <ns3:TrackPointExtension>
            <ns3:hr>179</ns3:hr>
            <ns3:cad>82</ns3:cad>
          </ns3:TrackPointExtension>
        </extensions>
      </trkpt>
      <trkpt lat="37.5087097473442554473876953125" lon="127.06680868752300739288330078125">
        <ele>46.40000152587890625</ele>
        <time>2026-09-11T10:25:18.000Z</time>
        <extensions>
          <ns3:TrackPointExtension>
            <ns3:hr>178</ns3:hr>
            <ns3:cad>82</ns3:cad>
          </ns3:TrackPointExtension>
        </extensions>
      </trkpt>
      <trkpt lat="37.50868133269250392913818359375" lon="127.06682436168193817138671875">
        <ele>46.40000152587890625</ele>
        <time>2026-09-11T10:25:19.000Z</time>
        <extensions>
          <ns3:TrackPointExtension>
            <ns3:hr>178</ns3:hr>
            <ns3:cad>82</ns3:cad>
          </ns3:TrackPointExtension>
        </extensions>
      </trkpt>
      <trkpt lat="37.50864897854626178741455078125" lon="127.06683718599379062652587890625">
        <ele>46.40000152587890625</ele>
        <time>2026-09-11T10:25:20.000Z</time>
        <extensions>
          <ns3:TrackPointExtension>
            <ns3:hr>178</ns3:hr>
            <ns3:cad>82</ns3:cad>
          </ns3:TrackPointExtension>
        </extensions>
      </trkpt>
      <trkpt lat="37.50862031243741512298583984375" lon="127.06684523262083530426025390625">
        <ele>46.40000152587890625</ele>
        <time>2026-09-11T10:25:21.000Z</time>
        <extensions>
          <ns3:TrackPointExtension>
            <ns3:hr>178</ns3:hr>
            <ns3:cad>83</ns3:cad>
          </ns3:TrackPointExtension>
        </extensions>
      </trkpt>
      <trkpt lat="37.50858686864376068115234375" lon="127.0668531954288482666015625">
        <ele>46.40000152587890625</ele>
        <time>2026-09-11T10:25:22.000Z</time>
        <extensions>
          <ns3:TrackPointExtension>
            <ns3:hr>177</ns3:hr>
            <ns3:cad>83</ns3:cad>
          </ns3:TrackPointExtension>
        </extensions>
      </trkpt>
      <trkpt lat="37.508563734591007232666015625" lon="127.06686736084520816802978515625">
        <ele>46.59999847412109375</ele>
        <time>2026-09-11T10:25:23.000Z</time>
        <extensions>
          <ns3:TrackPointExtension>
            <ns3:hr>177</ns3:hr>
            <ns3:cad>83</ns3:cad>
          </ns3:TrackPointExtension>
        </extensions>
      </trkpt>
      <trkpt lat="37.50854755751788616180419921875" lon="127.0668771676719188690185546875">
        <ele>46.59999847412109375</ele>
        <time>2026-09-11T10:25:24.000Z</time>
        <extensions>
          <ns3:TrackPointExtension>
            <ns3:hr>177</ns3:hr>
            <ns3:cad>83</ns3:cad>
          </ns3:TrackPointExtension>
        </extensions>
      </trkpt>
      <trkpt lat="37.50852174125611782073974609375" lon="127.066879682242870330810546875">
        <ele>46.59999847412109375</ele>
        <time>2026-09-11T10:25:25.000Z</time>
        <extensions>
          <ns3:TrackPointExtension>
            <ns3:hr>177</ns3:hr>
            <ns3:cad>83</ns3:cad>
          </ns3:TrackPointExtension>
        </extensions>
      </trkpt>
      <trkpt lat="37.508497349917888641357421875" lon="127.06688404083251953125">
        <ele>46.59999847412109375</ele>
        <time>2026-09-11T10:25:26.000Z</time>
        <extensions>
          <ns3:TrackPointExtension>
            <ns3:hr>177</ns3:hr>
            <ns3:cad>83</ns3:cad>
          </ns3:TrackPointExtension>
        </extensions>
      </trkpt>
      <trkpt lat="37.50846457667648792266845703125" lon="127.06689007580280303955078125">
        <ele>46.40000152587890625</ele>
        <time>2026-09-11T10:25:27.000Z</time>
        <extensions>
          <ns3:TrackPointExtension>
            <ns3:hr>177</ns3:hr>
            <ns3:cad>82</ns3:cad>
          </ns3:TrackPointExtension>
        </extensions>
      </trkpt>
      <trkpt lat="37.50843255780637264251708984375" lon="127.0668976195156574249267578125">
        <ele>46.40000152587890625</ele>
        <time>2026-09-11T10:25:28.000Z</time>
        <extensions>
          <ns3:TrackPointExtension>
            <ns3:hr>177</ns3:hr>
            <ns3:cad>82</ns3:cad>
          </ns3:TrackPointExtension>
        </extensions>
      </trkpt>
      <trkpt lat="37.508400790393352508544921875" lon="127.06690457649528980255126953125">
        <ele>46.40000152587890625</ele>
        <time>2026-09-11T10:25:29.000Z</time>
        <extensions>
          <ns3:TrackPointExtension>
            <ns3:hr>176</ns3:hr>
            <ns3:cad>82</ns3:cad>
          </ns3:TrackPointExtension>
        </extensions>
      </trkpt>
      <trkpt lat="37.50835561193525791168212890625" lon="127.06690214574337005615234375">
        <ele>46.59999847412109375</ele>
        <time>2026-09-11T10:25:30.000Z</time>
        <extensions>
          <ns3:TrackPointExtension>
            <ns3:hr>176</ns3:hr>
            <ns3:cad>82</ns3:cad>
          </ns3:TrackPointExtension>
        </extensions>
      </trkpt>
      <trkpt lat="37.50833918340504169464111328125" lon="127.06691346131265163421630859375">
        <ele>46.59999847412109375</ele>
        <time>2026-09-11T10:25:31.000Z</time>
        <extensions>
          <ns3:TrackPointExtension>
            <ns3:hr>176</ns3:hr>
            <ns3:cad>82</ns3:cad>
          </ns3:TrackPointExtension>
        </extensions>
      </trkpt>
      <trkpt lat="37.5083027221262454986572265625" lon="127.06692888401448726654052734375">
        <ele>46.59999847412109375</ele>
        <time>2026-09-11T10:25:32.000Z</time>
        <extensions>
          <ns3:TrackPointExtension>
            <ns3:hr>176</ns3:hr>
            <ns3:cad>82</ns3:cad>
          </ns3:TrackPointExtension>
        </extensions>
      </trkpt>
      <trkpt lat="37.50825821422040462493896484375" lon="127.06694514490664005279541015625">
        <ele>46.59999847412109375</ele>
        <time>2026-09-11T10:25:33.000Z</time>
        <extensions>
          <ns3:TrackPointExtension>
            <ns3:hr>176</ns3:hr>
            <ns3:cad>82</ns3:cad>
          </ns3:TrackPointExtension>
        </extensions>
      </trkpt>
      <trkpt lat="37.5082294642925262451171875" lon="127.06695905886590480804443359375">
        <ele>46.59999847412109375</ele>
        <time>2026-09-11T10:25:34.000Z</time>
        <extensions>
          <ns3:TrackPointExtension>
            <ns3:hr>175</ns3:hr>
            <ns3:cad>82</ns3:cad>
          </ns3:TrackPointExtension>
        </extensions>
      </trkpt>
      <trkpt lat="37.50818981789052486419677734375" lon="127.06697397865355014801025390625">
        <ele>46.59999847412109375</ele>
        <time>2026-09-11T10:25:35.000Z</time>
        <extensions>
          <ns3:TrackPointExtension>
            <ns3:hr>175</ns3:hr>
            <ns3:cad>82</ns3:cad>
          </ns3:TrackPointExtension>
        </extensions>
      </trkpt>
      <trkpt lat="37.5081642530858516693115234375" lon="127.0669861324131488800048828125">
        <ele>46.59999847412109375</ele>
        <time>2026-09-11T10:25:36.000Z</time>
        <extensions>
          <ns3:TrackPointExtension>
            <ns3:hr>175</ns3:hr>
            <ns3:cad>82</ns3:cad>
          </ns3:TrackPointExtension>
        </extensions>
      </trkpt>
      <trkpt lat="37.50813961029052734375" lon="127.06699510104954242706298828125">
        <ele>46.59999847412109375</ele>
        <time>2026-09-11T10:25:37.000Z</time>
        <extensions>
          <ns3:TrackPointExtension>
            <ns3:hr>176</ns3:hr>
            <ns3:cad>82</ns3:cad>
          </ns3:TrackPointExtension>
        </extensions>
      </trkpt>
      <trkpt lat="37.50810407102108001708984375" lon="127.06700901500880718231201171875">
        <ele>46.59999847412109375</ele>
        <time>2026-09-11T10:25:38.000Z</time>
        <extensions>
          <ns3:TrackPointExtension>
            <ns3:hr>175</ns3:hr>
            <ns3:cad>82</ns3:cad>
          </ns3:TrackPointExtension>
        </extensions>
      </trkpt>
      <trkpt lat="37.5080764107406139373779296875" lon="127.0670176483690738677978515625">
        <ele>46.40000152587890625</ele>
        <time>2026-09-11T10:25:39.000Z</time>
        <extensions>
          <ns3:TrackPointExtension>
            <ns3:hr>175</ns3:hr>
            <ns3:cad>82</ns3:cad>
          </ns3:TrackPointExtension>
        </extensions>
      </trkpt>
      <trkpt lat="37.50804145820438861846923828125" lon="127.06702888011932373046875">
        <ele>46.40000152587890625</ele>
        <time>2026-09-11T10:25:40.000Z</time>
        <extensions>
          <ns3:TrackPointExtension>
            <ns3:hr>175</ns3:hr>
            <ns3:cad>82</ns3:cad>
          </ns3:TrackPointExtension>
        </extensions>
      </trkpt>
      <trkpt lat="37.50801622867584228515625" lon="127.06704254262149333953857421875">
        <ele>46.40000152587890625</ele>
        <time>2026-09-11T10:25:41.000Z</time>
        <extensions>
          <ns3:TrackPointExtension>
            <ns3:hr>175</ns3:hr>
            <ns3:cad>82</ns3:cad>
          </ns3:TrackPointExtension>
        </extensions>
      </trkpt>
      <trkpt lat="37.50799032859504222869873046875" lon="127.06705830059945583343505859375">
        <ele>46.59999847412109375</ele>
        <time>2026-09-11T10:25:42.000Z</time>
        <extensions>
          <ns3:TrackPointExtension>
            <ns3:hr>175</ns3:hr>
            <ns3:cad>82</ns3:cad>
          </ns3:TrackPointExtension>
        </extensions>
      </trkpt>
      <trkpt lat="37.5079590640962123870849609375" lon="127.0670712925493717193603515625">
        <ele>46.59999847412109375</ele>
        <time>2026-09-11T10:25:43.000Z</time>
        <extensions>
          <ns3:TrackPointExtension>
            <ns3:hr>174</ns3:hr>
            <ns3:cad>82</ns3:cad>
          </ns3:TrackPointExtension>
        </extensions>
      </trkpt>
      <trkpt lat="37.5079349242150783538818359375" lon="127.067083530128002166748046875">
        <ele>46.799999237060546875</ele>
        <time>2026-09-11T10:25:44.000Z</time>
        <extensions>
          <ns3:TrackPointExtension>
            <ns3:hr>174</ns3:hr>
            <ns3:cad>84</ns3:cad>
          </ns3:TrackPointExtension>
        </extensions>
      </trkpt>
      <trkpt lat="37.50790701247751712799072265625" lon="127.06709987483918666839599609375">
        <ele>46.799999237060546875</ele>
        <time>2026-09-11T10:25:45.000Z</time>
        <extensions>
          <ns3:TrackPointExtension>
            <ns3:hr>174</ns3:hr>
            <ns3:cad>84</ns3:cad>
          </ns3:TrackPointExtension>
        </extensions>
      </trkpt>
      <trkpt lat="37.50787583179771900177001953125" lon="127.06711412407457828521728515625">
        <ele>46.799999237060546875</ele>
        <time>2026-09-11T10:25:46.000Z</time>
        <extensions>
          <ns3:TrackPointExtension>
            <ns3:hr>175</ns3:hr>
            <ns3:cad>84</ns3:cad>
          </ns3:TrackPointExtension>
        </extensions>
      </trkpt>
      <trkpt lat="37.50785286538302898406982421875" lon="127.06712652929127216339111328125">
        <ele>46.59999847412109375</ele>
        <time>2026-09-11T10:25:47.000Z</time>
        <extensions>
          <ns3:TrackPointExtension>
            <ns3:hr>174</ns3:hr>
            <ns3:cad>83</ns3:cad>
          </ns3:TrackPointExtension>
        </extensions>
      </trkpt>
      <trkpt lat="37.50782470218837261199951171875" lon="127.0671383477747440338134765625">
        <ele>46.59999847412109375</ele>
        <time>2026-09-11T10:25:48.000Z</time>
        <extensions>
          <ns3:TrackPointExtension>
            <ns3:hr>174</ns3:hr>
            <ns3:cad>83</ns3:cad>
          </ns3:TrackPointExtension>
        </extensions>
      </trkpt>
      <trkpt lat="37.50779687426984310150146484375" lon="127.06715217791497707366943359375">
        <ele>46.59999847412109375</ele>
        <time>2026-09-11T10:25:49.000Z</time>
        <extensions>
          <ns3:TrackPointExtension>
            <ns3:hr>174</ns3:hr>
            <ns3:cad>83</ns3:cad>
          </ns3:TrackPointExtension>
        </extensions>
      </trkpt>
      <trkpt lat="37.5077713094651699066162109375" lon="127.0671628229320049285888671875">
        <ele>46.59999847412109375</ele>
        <time>2026-09-11T10:25:50.000Z</time>
        <extensions>
          <ns3:TrackPointExtension>
            <ns3:hr>174</ns3:hr>
            <ns3:cad>83</ns3:cad>
          </ns3:TrackPointExtension>
        </extensions>
      </trkpt>
      <trkpt lat="37.50773803330957889556884765625" lon="127.0671725459396839141845703125">
        <ele>46.799999237060546875</ele>
        <time>2026-09-11T10:25:51.000Z</time>
        <extensions>
          <ns3:TrackPointExtension>
            <ns3:hr>174</ns3:hr>
            <ns3:cad>83</ns3:cad>
          </ns3:TrackPointExtension>
        </extensions>
      </trkpt>
      <trkpt lat="37.50770685262978076934814453125" lon="127.0671812631189823150634765625">
        <ele>46.799999237060546875</ele>
        <time>2026-09-11T10:25:52.000Z</time>
        <extensions>
          <ns3:TrackPointExtension>
            <ns3:hr>174</ns3:hr>
            <ns3:cad>83</ns3:cad>
          </ns3:TrackPointExtension>
        </extensions>
      </trkpt>
      <trkpt lat="37.5076764263212680816650390625" lon="127.06720163114368915557861328125">
        <ele>46.799999237060546875</ele>
        <time>2026-09-11T10:25:53.000Z</time>
        <extensions>
          <ns3:TrackPointExtension>
            <ns3:hr>174</ns3:hr>
            <ns3:cad>82</ns3:cad>
          </ns3:TrackPointExtension>
        </extensions>
      </trkpt>
      <trkpt lat="37.50764482654631137847900390625" lon="127.067217640578746795654296875">
        <ele>46.799999237060546875</ele>
        <time>2026-09-11T10:25:54.000Z</time>
        <extensions>
          <ns3:TrackPointExtension>
            <ns3:hr>174</ns3:hr>
            <ns3:cad>82</ns3:cad>
          </ns3:TrackPointExtension>
        </extensions>
      </trkpt>
      <trkpt lat="37.5076224468648433685302734375" lon="127.06722208298742771148681640625">
        <ele>46.799999237060546875</ele>
        <time>2026-09-11T10:25:55.000Z</time>
        <extensions>
          <ns3:TrackPointExtension>
            <ns3:hr>174</ns3:hr>
            <ns3:cad>82</ns3:cad>
          </ns3:TrackPointExtension>
        </extensions>
      </trkpt>
      <trkpt lat="37.50759051181375980377197265625" lon="127.067223675549030303955078125">
        <ele>46.799999237060546875</ele>
        <time>2026-09-11T10:25:56.000Z</time>
        <extensions>
          <ns3:TrackPointExtension>
            <ns3:hr>174</ns3:hr>
            <ns3:cad>82</ns3:cad>
          </ns3:TrackPointExtension>
        </extensions>
      </trkpt>
      <trkpt lat="37.50756821595132350921630859375" lon="127.06721252761781215667724609375">
        <ele>47</ele>
        <time>2026-09-11T10:25:57.000Z</time>
        <extensions>
          <ns3:TrackPointExtension>
            <ns3:hr>173</ns3:hr>
            <ns3:cad>81</ns3:cad>
          </ns3:TrackPointExtension>
        </extensions>
      </trkpt>
      <trkpt lat="37.50754751265048980712890625" lon="127.06720582209527492523193359375">
        <ele>47.200000762939453125</ele>
        <time>2026-09-11T10:25:58.000Z</time>
        <extensions>
          <ns3:TrackPointExtension>
            <ns3:hr>174</ns3:hr>
            <ns3:cad>81</ns3:cad>
          </ns3:TrackPointExtension>
        </extensions>
      </trkpt>
      <trkpt lat="37.5075168348848819732666015625" lon="127.06718587316572666168212890625">
        <ele>47.40000152587890625</ele>
        <time>2026-09-11T10:25:59.000Z</time>
        <extensions>
          <ns3:TrackPointExtension>
            <ns3:hr>174</ns3:hr>
            <ns3:cad>81</ns3:cad>
          </ns3:TrackPointExtension>
        </extensions>
      </trkpt>
      <trkpt lat="37.50749613158404827117919921875" lon="127.06718771718442440032958984375">
        <ele>47.799999237060546875</ele>
        <time>2026-09-11T10:26:00.000Z</time>
        <extensions>
          <ns3:TrackPointExtension>
            <ns3:hr>173</ns3:hr>
            <ns3:cad>82</ns3:cad>
          </ns3:TrackPointExtension>
        </extensions>
      </trkpt>
      <trkpt lat="37.507473416626453399658203125" lon="127.0671963505446910858154296875">
        <ele>48</ele>
        <time>2026-09-11T10:26:01.000Z</time>
        <extensions>
          <ns3:TrackPointExtension>
            <ns3:hr>173</ns3:hr>
            <ns3:cad>82</ns3:cad>
          </ns3:TrackPointExtension>
        </extensions>
      </trkpt>
      <trkpt lat="37.50744382850825786590576171875" lon="127.06722442992031574249267578125">
        <ele>48</ele>
        <time>2026-09-11T10:26:02.000Z</time>
        <extensions>
          <ns3:TrackPointExtension>
            <ns3:hr>173</ns3:hr>
            <ns3:cad>82</ns3:cad>
          </ns3:TrackPointExtension>
        </extensions>
      </trkpt>
      <trkpt lat="37.50742421485483646392822265625" lon="127.06724354065954685211181640625">
        <ele>48</ele>
        <time>2026-09-11T10:26:03.000Z</time>
        <extensions>
          <ns3:TrackPointExtension>
            <ns3:hr>173</ns3:hr>
            <ns3:cad>82</ns3:cad>
          </ns3:TrackPointExtension>
        </extensions>
      </trkpt>
      <trkpt lat="37.50740292482078075408935546875" lon="127.06724949181079864501953125">
        <ele>48</ele>
        <time>2026-09-11T10:26:04.000Z</time>
        <extensions>
          <ns3:TrackPointExtension>
            <ns3:hr>174</ns3:hr>
            <ns3:cad>82</ns3:cad>
          </ns3:TrackPointExtension>
        </extensions>
      </trkpt>
      <trkpt lat="37.50737392343580722808837890625" lon="127.06725913099944591522216796875">
        <ele>48</ele>
        <time>2026-09-11T10:26:05.000Z</time>
        <extensions>
          <ns3:TrackPointExtension>
            <ns3:hr>173</ns3:hr>
            <ns3:cad>80</ns3:cad>
          </ns3:TrackPointExtension>
        </extensions>
      </trkpt>
      <trkpt lat="37.507353723049163818359375" lon="127.067267596721649169921875">
        <ele>48</ele>
        <time>2026-09-11T10:26:06.000Z</time>
        <extensions>
          <ns3:TrackPointExtension>
            <ns3:hr>173</ns3:hr>
            <ns3:cad>81</ns3:cad>
          </ns3:TrackPointExtension>
        </extensions>
      </trkpt>
      <trkpt lat="37.50732799060642719268798828125" lon="127.067275308072566986083984375">
        <ele>48</ele>
        <time>2026-09-11T10:26:07.000Z</time>
        <extensions>
          <ns3:TrackPointExtension>
            <ns3:hr>173</ns3:hr>
            <ns3:cad>81</ns3:cad>
          </ns3:TrackPointExtension>
        </extensions>
      </trkpt>
      <trkpt lat="37.50730133615434169769287109375" lon="127.06728494726121425628662109375">
        <ele>48.200000762939453125</ele>
        <time>2026-09-11T10:26:08.000Z</time>
        <extensions>
          <ns3:TrackPointExtension>
            <ns3:hr>173</ns3:hr>
            <ns3:cad>81</ns3:cad>
          </ns3:TrackPointExtension>
        </extensions>
      </trkpt>
      <trkpt lat="37.5072754360735416412353515625" lon="127.067294754087924957275390625">
        <ele>48.200000762939453125</ele>
        <time>2026-09-11T10:26:09.000Z</time>
        <extensions>
          <ns3:TrackPointExtension>
            <ns3:hr>173</ns3:hr>
            <ns3:cad>81</ns3:cad>
          </ns3:TrackPointExtension>
        </extensions>
      </trkpt>
      <trkpt lat="37.5072358734905719757080078125" lon="127.06730456091463565826416015625">
        <ele>48.40000152587890625</ele>
        <time>2026-09-11T10:26:10.000Z</time>
        <extensions>
          <ns3:TrackPointExtension>
            <ns3:hr>173</ns3:hr>
            <ns3:cad>81</ns3:cad>
          </ns3:TrackPointExtension>
        </extensions>
      </trkpt>
      <trkpt lat="37.50721014104783535003662109375" lon="127.0673153735697269439697265625">
        <ele>48.59999847412109375</ele>
        <time>2026-09-11T10:26:11.000Z</time>
        <extensions>
          <ns3:TrackPointExtension>
            <ns3:hr>173</ns3:hr>
            <ns3:cad>81</ns3:cad>
          </ns3:TrackPointExtension>
        </extensions>
      </trkpt>
      <trkpt lat="37.507185079157352447509765625" lon="127.06732283346354961395263671875">
        <ele>48.799999237060546875</ele>
        <time>2026-09-11T10:26:12.000Z</time>
        <extensions>
          <ns3:TrackPointExtension>
            <ns3:hr>172</ns3:hr>
            <ns3:cad>81</ns3:cad>
          </ns3:TrackPointExtension>
        </extensions>
      </trkpt>
      <trkpt lat="37.50714761205017566680908203125" lon="127.06731730140745639801025390625">
        <ele>49</ele>
        <time>2026-09-11T10:26:13.000Z</time>
        <extensions>
          <ns3:TrackPointExtension>
            <ns3:hr>173</ns3:hr>
            <ns3:cad>81</ns3:cad>
          </ns3:TrackPointExtension>
        </extensions>
      </trkpt>
      <trkpt lat="37.50712883658707141876220703125" lon="127.06732727587223052978515625">
        <ele>49.200000762939453125</ele>
        <time>2026-09-11T10:26:14.000Z</time>
        <extensions>
          <ns3:TrackPointExtension>
            <ns3:hr>173</ns3:hr>
            <ns3:cad>83</ns3:cad>
          </ns3:TrackPointExtension>
        </extensions>
      </trkpt>
      <trkpt lat="37.5071004219353199005126953125" lon="127.06733398139476776123046875">
        <ele>49.40000152587890625</ele>
        <time>2026-09-11T10:26:15.000Z</time>
        <extensions>
          <ns3:TrackPointExtension>
            <ns3:hr>173</ns3:hr>
            <ns3:cad>83</ns3:cad>
          </ns3:TrackPointExtension>
        </extensions>
      </trkpt>
      <trkpt lat="37.50707452185451984405517578125" lon="127.067337334156036376953125">
        <ele>49.59999847412109375</ele>
        <time>2026-09-11T10:26:16.000Z</time>
        <extensions>
          <ns3:TrackPointExtension>
            <ns3:hr>173</ns3:hr>
            <ns3:cad>83</ns3:cad>
          </ns3:TrackPointExtension>
        </extensions>
      </trkpt>
      <trkpt lat="37.507052980363368988037109375" lon="127.067345716059207916259765625">
        <ele>49.799999237060546875</ele>
        <time>2026-09-11T10:26:17.000Z</time>
        <extensions>
          <ns3:TrackPointExtension>
            <ns3:hr>173</ns3:hr>
            <ns3:cad>82</ns3:cad>
          </ns3:TrackPointExtension>
        </extensions>
      </trkpt>
      <trkpt lat="37.50701501034200191497802734375" lon="127.0673576183617115020751953125">
        <ele>50</ele>
        <time>2026-09-11T10:26:18.000Z</time>
        <extensions>
          <ns3:TrackPointExtension>
            <ns3:hr>173</ns3:hr>
            <ns3:cad>81</ns3:cad>
          </ns3:TrackPointExtension>
        </extensions>
      </trkpt>
      <trkpt lat="37.50699254684150218963623046875" lon="127.06735669635236263275146484375">
        <ele>50.200000762939453125</ele>
        <time>2026-09-11T10:26:19.000Z</time>
        <extensions>
          <ns3:TrackPointExtension>
            <ns3:hr>173</ns3:hr>
            <ns3:cad>81</ns3:cad>
          </ns3:TrackPointExtension>
        </extensions>
      </trkpt>
      <trkpt lat="37.506965808570384979248046875" lon="127.0673603005707263946533203125">
        <ele>50.200000762939453125</ele>
        <time>2026-09-11T10:26:20.000Z</time>
        <extensions>
          <ns3:TrackPointExtension>
            <ns3:hr>173</ns3:hr>
            <ns3:cad>82</ns3:cad>
          </ns3:TrackPointExtension>
        </extensions>
      </trkpt>
      <trkpt lat="37.50693261623382568359375" lon="127.06736457534134387969970703125">
        <ele>50.40000152587890625</ele>
        <time>2026-09-11T10:26:21.000Z</time>
        <extensions>
          <ns3:TrackPointExtension>
            <ns3:hr>174</ns3:hr>
            <ns3:cad>82</ns3:cad>
          </ns3:TrackPointExtension>
        </extensions>
      </trkpt>
      <trkpt lat="37.50690780580043792724609375" lon="127.06736356951296329498291015625">
        <ele>50.40000152587890625</ele>
        <time>2026-09-11T10:26:22.000Z</time>
        <extensions>
          <ns3:TrackPointExtension>
            <ns3:hr>174</ns3:hr>
            <ns3:cad>82</ns3:cad>
          </ns3:TrackPointExtension>
        </extensions>
      </trkpt>
      <trkpt lat="37.5068804807960987091064453125" lon="127.06736222840845584869384765625">
        <ele>50.799999237060546875</ele>
        <time>2026-09-11T10:26:23.000Z</time>
        <extensions>
          <ns3:TrackPointExtension>
            <ns3:hr>174</ns3:hr>
            <ns3:cad>82</ns3:cad>
          </ns3:TrackPointExtension>
        </extensions>
      </trkpt>
      <trkpt lat="37.50685256905853748321533203125" lon="127.06735384650528430938720703125">
        <ele>51.200000762939453125</ele>
        <time>2026-09-11T10:26:24.000Z</time>
        <extensions>
          <ns3:TrackPointExtension>
            <ns3:hr>175</ns3:hr>
            <ns3:cad>82</ns3:cad>
          </ns3:TrackPointExtension>
        </extensions>
      </trkpt>
      <trkpt lat="37.50682926736772060394287109375" lon="127.06735854037106037139892578125">
        <ele>51.799999237060546875</ele>
        <time>2026-09-11T10:26:25.000Z</time>
        <extensions>
          <ns3:TrackPointExtension>
            <ns3:hr>175</ns3:hr>
            <ns3:cad>82</ns3:cad>
          </ns3:TrackPointExtension>
        </extensions>
      </trkpt>
      <trkpt lat="37.50680512748658657073974609375" lon="127.06735921092331409454345703125">
        <ele>52</ele>
        <time>2026-09-11T10:26:26.000Z</time>
        <extensions>
          <ns3:TrackPointExtension>
            <ns3:hr>175</ns3:hr>
            <ns3:cad>82</ns3:cad>
          </ns3:TrackPointExtension>
        </extensions>
      </trkpt>
      <trkpt lat="37.5067731924355030059814453125" lon="127.06736122258007526397705078125">
        <ele>52.40000152587890625</ele>
        <time>2026-09-11T10:26:27.000Z</time>
        <extensions>
          <ns3:TrackPointExtension>
            <ns3:hr>175</ns3:hr>
            <ns3:cad>82</ns3:cad>
          </ns3:TrackPointExtension>
        </extensions>
      </trkpt>
      <trkpt lat="37.50675835646688938140869140625" lon="127.0673693530261516571044921875">
        <ele>52.59999847412109375</ele>
        <time>2026-09-11T10:26:28.000Z</time>
        <extensions>
          <ns3:TrackPointExtension>
            <ns3:hr>176</ns3:hr>
            <ns3:cad>82</ns3:cad>
          </ns3:TrackPointExtension>
        </extensions>
      </trkpt>
      <trkpt lat="37.50673036091029644012451171875" lon="127.06738938577473163604736328125">
        <ele>52.799999237060546875</ele>
        <time>2026-09-11T10:26:29.000Z</time>
        <extensions>
          <ns3:TrackPointExtension>
            <ns3:hr>176</ns3:hr>
            <ns3:cad>82</ns3:cad>
          </ns3:TrackPointExtension>
        </extensions>
      </trkpt>
      <trkpt lat="37.5067021138966083526611328125" lon="127.0674038864672183990478515625">
        <ele>53.200000762939453125</ele>
        <time>2026-09-11T10:26:30.000Z</time>
        <extensions>
          <ns3:TrackPointExtension>
            <ns3:hr>176</ns3:hr>
            <ns3:cad>81</ns3:cad>
          </ns3:TrackPointExtension>
        </extensions>
      </trkpt>
      <trkpt lat="37.5066830031573772430419921875" lon="127.06740765832364559173583984375">
        <ele>53.40000152587890625</ele>
        <time>2026-09-11T10:26:31.000Z</time>
        <extensions>
          <ns3:TrackPointExtension>
            <ns3:hr>177</ns3:hr>
            <ns3:cad>81</ns3:cad>
          </ns3:TrackPointExtension>
        </extensions>
      </trkpt>
      <trkpt lat="37.50665207393467426300048828125" lon="127.06740547902882099151611328125">
        <ele>53.59999847412109375</ele>
        <time>2026-09-11T10:26:32.000Z</time>
        <extensions>
          <ns3:TrackPointExtension>
            <ns3:hr>177</ns3:hr>
            <ns3:cad>81</ns3:cad>
          </ns3:TrackPointExtension>
        </extensions>
      </trkpt>
      <trkpt lat="37.50663019716739654541015625" lon="127.06740916706621646881103515625">
        <ele>53.799999237060546875</ele>
        <time>2026-09-11T10:26:33.000Z</time>
        <extensions>
          <ns3:TrackPointExtension>
            <ns3:hr>177</ns3:hr>
            <ns3:cad>81</ns3:cad>
          </ns3:TrackPointExtension>
        </extensions>
      </trkpt>
      <trkpt lat="37.50660010613501071929931640625" lon="127.067406065762042999267578125">
        <ele>54.200000762939453125</ele>
        <time>2026-09-11T10:26:34.000Z</time>
        <extensions>
          <ns3:TrackPointExtension>
            <ns3:hr>178</ns3:hr>
            <ns3:cad>81</ns3:cad>
          </ns3:TrackPointExtension>
        </extensions>
      </trkpt>
      <trkpt lat="37.5065664947032928466796875" lon="127.06739424727857112884521484375">
        <ele>54.59999847412109375</ele>
        <time>2026-09-11T10:26:35.000Z</time>
        <extensions>
          <ns3:TrackPointExtension>
            <ns3:hr>178</ns3:hr>
            <ns3:cad>81</ns3:cad>
          </ns3:TrackPointExtension>
        </extensions>
      </trkpt>
      <trkpt lat="37.50654344446957111358642578125" lon="127.06739290617406368255615234375">
        <ele>54.799999237060546875</ele>
        <time>2026-09-11T10:26:36.000Z</time>
        <extensions>
          <ns3:TrackPointExtension>
            <ns3:hr>179</ns3:hr>
            <ns3:cad>82</ns3:cad>
          </ns3:TrackPointExtension>
        </extensions>
      </trkpt>
      <trkpt lat="37.506516873836517333984375" lon="127.06738955341279506683349609375">
        <ele>55.200000762939453125</ele>
        <time>2026-09-11T10:26:37.000Z</time>
        <extensions>
          <ns3:TrackPointExtension>
            <ns3:hr>179</ns3:hr>
            <ns3:cad>82</ns3:cad>
          </ns3:TrackPointExtension>
        </extensions>
      </trkpt>
      <trkpt lat="37.5064935721457004547119140625" lon="127.06738536246120929718017578125">
        <ele>55.59999847412109375</ele>
        <time>2026-09-11T10:26:38.000Z</time>
        <extensions>
          <ns3:TrackPointExtension>
            <ns3:hr>179</ns3:hr>
            <ns3:cad>82</ns3:cad>
          </ns3:TrackPointExtension>
        </extensions>
      </trkpt>
      <trkpt lat="37.50647773034870624542236328125" lon="127.06738653592765331268310546875">
        <ele>56</ele>
        <time>2026-09-11T10:26:39.000Z</time>
        <extensions>
          <ns3:TrackPointExtension>
            <ns3:hr>180</ns3:hr>
            <ns3:cad>82</ns3:cad>
          </ns3:TrackPointExtension>
        </extensions>
      </trkpt>
      <trkpt lat="37.5064523331820964813232421875" lon="127.06738385371863842010498046875">
        <ele>56.200000762939453125</ele>
        <time>2026-09-11T10:26:40.000Z</time>
        <extensions>
          <ns3:TrackPointExtension>
            <ns3:hr>180</ns3:hr>
            <ns3:cad>82</ns3:cad>
          </ns3:TrackPointExtension>
        </extensions>
      </trkpt>
      <trkpt lat="37.5064338929951190948486328125" lon="127.06737798638641834259033203125">
        <ele>56.59999847412109375</ele>
        <time>2026-09-11T10:26:41.000Z</time>
        <extensions>
          <ns3:TrackPointExtension>
            <ns3:hr>180</ns3:hr>
            <ns3:cad>82</ns3:cad>
          </ns3:TrackPointExtension>
        </extensions>
      </trkpt>
      <trkpt lat="37.50641285441815853118896484375" lon="127.06737312488257884979248046875">
        <ele>56.799999237060546875</ele>
        <time>2026-09-11T10:26:42.000Z</time>
        <extensions>
          <ns3:TrackPointExtension>
            <ns3:hr>180</ns3:hr>
            <ns3:cad>81</ns3:cad>
          </ns3:TrackPointExtension>
        </extensions>
      </trkpt>
      <trkpt lat="37.5063772313296794891357421875" lon="127.06735946238040924072265625">
        <ele>57.200000762939453125</ele>
        <time>2026-09-11T10:26:43.000Z</time>
        <extensions>
          <ns3:TrackPointExtension>
            <ns3:hr>181</ns3:hr>
            <ns3:cad>81</ns3:cad>
          </ns3:TrackPointExtension>
        </extensions>
      </trkpt>
      <trkpt lat="37.50635820440948009490966796875" lon="127.0673421956598758697509765625">
        <ele>57.59999847412109375</ele>
        <time>2026-09-11T10:26:44.000Z</time>
        <extensions>
          <ns3:TrackPointExtension>
            <ns3:hr>181</ns3:hr>
            <ns3:cad>81</ns3:cad>
          </ns3:TrackPointExtension>
        </extensions>
      </trkpt>
      <trkpt lat="37.50633305869996547698974609375" lon="127.067334651947021484375">
        <ele>58</ele>
        <time>2026-09-11T10:26:45.000Z</time>
        <extensions>
          <ns3:TrackPointExtension>
            <ns3:hr>181</ns3:hr>
            <ns3:cad>81</ns3:cad>
          </ns3:TrackPointExtension>
        </extensions>
      </trkpt>
      <trkpt lat="37.5063034705817699432373046875" lon="127.0673214085400104522705078125">
        <ele>58.40000152587890625</ele>
        <time>2026-09-11T10:26:46.000Z</time>
        <extensions>
          <ns3:TrackPointExtension>
            <ns3:hr>181</ns3:hr>
            <ns3:cad>81</ns3:cad>
          </ns3:TrackPointExtension>
        </extensions>
      </trkpt>
      <trkpt lat="37.50628419220447540283203125" lon="127.06731897778809070587158203125">
        <ele>58.59999847412109375</ele>
        <time>2026-09-11T10:26:47.000Z</time>
        <extensions>
          <ns3:TrackPointExtension>
            <ns3:hr>181</ns3:hr>
            <ns3:cad>81</ns3:cad>
          </ns3:TrackPointExtension>
        </extensions>
      </trkpt>
      <trkpt lat="37.50625359825789928436279296875" lon="127.06732165999710559844970703125">
        <ele>58.799999237060546875</ele>
        <time>2026-09-11T10:26:48.000Z</time>
        <extensions>
          <ns3:TrackPointExtension>
            <ns3:hr>181</ns3:hr>
            <ns3:cad>81</ns3:cad>
          </ns3:TrackPointExtension>
        </extensions>
      </trkpt>
      <trkpt lat="37.50622577033936977386474609375" lon="127.0673147030174732208251953125">
        <ele>58.799999237060546875</ele>
        <time>2026-09-11T10:26:49.000Z</time>
        <extensions>
          <ns3:TrackPointExtension>
            <ns3:hr>182</ns3:hr>
            <ns3:cad>81</ns3:cad>
          </ns3:TrackPointExtension>
        </extensions>
      </trkpt>
      <trkpt lat="37.50620079226791858673095703125" lon="127.06731914542615413665771484375">
        <ele>59</ele>
        <time>2026-09-11T10:26:50.000Z</time>
        <extensions>
          <ns3:TrackPointExtension>
            <ns3:hr>182</ns3:hr>
            <ns3:cad>81</ns3:cad>
          </ns3:TrackPointExtension>
        </extensions>
      </trkpt>
      <trkpt lat="37.50616173259913921356201171875" lon="127.06731788814067840576171875">
        <ele>59</ele>
        <time>2026-09-11T10:26:51.000Z</time>
        <extensions>
          <ns3:TrackPointExtension>
            <ns3:hr>182</ns3:hr>
            <ns3:cad>81</ns3:cad>
          </ns3:TrackPointExtension>
        </extensions>
      </trkpt>
      <trkpt lat="37.50613641925156116485595703125" lon="127.06731260754168033599853515625">
        <ele>59.200000762939453125</ele>
        <time>2026-09-11T10:26:52.000Z</time>
        <extensions>
          <ns3:TrackPointExtension>
            <ns3:hr>182</ns3:hr>
            <ns3:cad>81</ns3:cad>
          </ns3:TrackPointExtension>
        </extensions>
      </trkpt>
      <trkpt lat="37.5061140395700931549072265625" lon="127.0673126913607120513916015625">
        <ele>59.59999847412109375</ele>
        <time>2026-09-11T10:26:53.000Z</time>
        <extensions>
          <ns3:TrackPointExtension>
            <ns3:hr>182</ns3:hr>
            <ns3:cad>81</ns3:cad>
          </ns3:TrackPointExtension>
        </extensions>
      </trkpt>
      <trkpt lat="37.506082020699977874755859375" lon="127.06729584373533725738525390625">
        <ele>59.799999237060546875</ele>
        <time>2026-09-11T10:26:54.000Z</time>
        <extensions>
          <ns3:TrackPointExtension>
            <ns3:hr>182</ns3:hr>
            <ns3:cad>81</ns3:cad>
          </ns3:TrackPointExtension>
        </extensions>
      </trkpt>
      <trkpt lat="37.50605980865657329559326171875" lon="127.0672855339944362640380859375">
        <ele>60.200000762939453125</ele>
        <time>2026-09-11T10:26:55.000Z</time>
        <extensions>
          <ns3:TrackPointExtension>
            <ns3:hr>182</ns3:hr>
            <ns3:cad>81</ns3:cad>
          </ns3:TrackPointExtension>
        </extensions>
      </trkpt>
      <trkpt lat="37.5060380995273590087890625" lon="127.0672677643597126007080078125">
        <ele>60.40000152587890625</ele>
        <time>2026-09-11T10:26:56.000Z</time>
        <extensions>
          <ns3:TrackPointExtension>
            <ns3:hr>182</ns3:hr>
            <ns3:cad>81</ns3:cad>
          </ns3:TrackPointExtension>
        </extensions>
      </trkpt>
      <trkpt lat="37.50602133572101593017578125" lon="127.0672426186501979827880859375">
        <ele>60.40000152587890625</ele>
        <time>2026-09-11T10:26:57.000Z</time>
        <extensions>
          <ns3:TrackPointExtension>
            <ns3:hr>182</ns3:hr>
            <ns3:cad>82</ns3:cad>
          </ns3:TrackPointExtension>
        </extensions>
      </trkpt>
      <trkpt lat="37.506003566086292266845703125" lon="127.06722308881580829620361328125">
        <ele>60.59999847412109375</ele>
        <time>2026-09-11T10:26:58.000Z</time>
        <extensions>
          <ns3:TrackPointExtension>
            <ns3:hr>182</ns3:hr>
            <ns3:cad>82</ns3:cad>
          </ns3:TrackPointExtension>
        </extensions>
      </trkpt>
      <trkpt lat="37.505982778966426849365234375" lon="127.06720246933400630950927734375">
        <ele>60.59999847412109375</ele>
        <time>2026-09-11T10:26:59.000Z</time>
        <extensions>
          <ns3:TrackPointExtension>
            <ns3:hr>182</ns3:hr>
            <ns3:cad>82</ns3:cad>
          </ns3:TrackPointExtension>
        </extensions>
      </trkpt>
      <trkpt lat="37.5059702061116695404052734375" lon="127.06717078574001789093017578125">
        <ele>60.799999237060546875</ele>
        <time>2026-09-11T10:27:00.000Z</time>
        <extensions>
          <ns3:TrackPointExtension>
            <ns3:hr>182</ns3:hr>
            <ns3:cad>82</ns3:cad>
          </ns3:TrackPointExtension>
        </extensions>
      </trkpt>
      <trkpt lat="37.5059578008949756622314453125" lon="127.0671537704765796661376953125">
        <ele>60.799999237060546875</ele>
        <time>2026-09-11T10:27:01.000Z</time>
        <extensions>
          <ns3:TrackPointExtension>
            <ns3:hr>182</ns3:hr>
            <ns3:cad>82</ns3:cad>
          </ns3:TrackPointExtension>
        </extensions>
      </trkpt>
      <trkpt lat="37.5059415400028228759765625" lon="127.06712854094803333282470703125">
        <ele>61</ele>
        <time>2026-09-11T10:27:02.000Z</time>
        <extensions>
          <ns3:TrackPointExtension>
            <ns3:hr>183</ns3:hr>
            <ns3:cad>82</ns3:cad>
          </ns3:TrackPointExtension>
        </extensions>
      </trkpt>
      <trkpt lat="37.50590072013437747955322265625" lon="127.0670863799750804901123046875">
        <ele>60.799999237060546875</ele>
        <time>2026-09-11T10:27:47.000Z</time>
        <extensions>
          <ns3:TrackPointExtension>
            <ns3:hr>118</ns3:hr>
            <ns3:cad>0</ns3:cad>
          </ns3:TrackPointExtension>
        </extensions>
      </trkpt>
      <trkpt lat="37.5058967806398868560791015625" lon="127.06704924814403057098388671875">
        <ele>60.59999847412109375</ele>
        <time>2026-09-11T10:27:48.000Z</time>
        <extensions>
          <ns3:TrackPointExtension>
            <ns3:hr>118</ns3:hr>
            <ns3:cad>0</ns3:cad>
          </ns3:TrackPointExtension>
        </extensions>
      </trkpt>
      <trkpt lat="37.5058927573263645172119140625" lon="127.0670189894735813140869140625">
        <ele>60.59999847412109375</ele>
        <time>2026-09-11T10:27:49.000Z</time>
        <extensions>
          <ns3:TrackPointExtension>
            <ns3:hr>117</ns3:hr>
            <ns3:cad>0</ns3:cad>
          </ns3:TrackPointExtension>
        </extensions>
      </trkpt>
      <trkpt lat="37.50588261522352695465087890625" lon="127.06698395311832427978515625">
        <ele>60.40000152587890625</ele>
        <time>2026-09-11T10:27:50.000Z</time>
        <extensions>
          <ns3:TrackPointExtension>
            <ns3:hr>117</ns3:hr>
            <ns3:cad>0</ns3:cad>
          </ns3:TrackPointExtension>
        </extensions>
      </trkpt>
      <trkpt lat="37.50587607733905315399169921875" lon="127.06693709827959537506103515625">
        <ele>60.59999847412109375</ele>
        <time>2026-09-11T10:27:51.000Z</time>
        <extensions>
          <ns3:TrackPointExtension>
            <ns3:hr>115</ns3:hr>
            <ns3:cad>0</ns3:cad>
          </ns3:TrackPointExtension>
        </extensions>
      </trkpt>
      <trkpt lat="37.50586987473070621490478515625" lon="127.0669110305607318878173828125">
        <ele>60.59999847412109375</ele>
        <time>2026-09-11T10:27:52.000Z</time>
        <extensions>
          <ns3:TrackPointExtension>
            <ns3:hr>114</ns3:hr>
            <ns3:cad>80</ns3:cad>
          </ns3:TrackPointExtension>
        </extensions>
      </trkpt>
      <trkpt lat="37.50586031936109066009521484375" lon="127.0668744854629039764404296875">
        <ele>60.799999237060546875</ele>
        <time>2026-09-11T10:27:53.000Z</time>
        <extensions>
          <ns3:TrackPointExtension>
            <ns3:hr>114</ns3:hr>
            <ns3:cad>80</ns3:cad>
          </ns3:TrackPointExtension>
        </extensions>
      </trkpt>
      <trkpt lat="37.50585193745791912078857421875" lon="127.06684389151632785797119140625">
        <ele>60.799999237060546875</ele>
        <time>2026-09-11T10:27:54.000Z</time>
        <extensions>
          <ns3:TrackPointExtension>
            <ns3:hr>114</ns3:hr>
            <ns3:cad>82</ns3:cad>
          </ns3:TrackPointExtension>
        </extensions>
      </trkpt>
      <trkpt lat="37.50584037043154239654541015625" lon="127.06680751405656337738037109375">
        <ele>61.200000762939453125</ele>
        <time>2026-09-11T10:27:55.000Z</time>
        <extensions>
          <ns3:TrackPointExtension>
            <ns3:hr>115</ns3:hr>
            <ns3:cad>82</ns3:cad>
          </ns3:TrackPointExtension>
        </extensions>
      </trkpt>
      <trkpt lat="37.50583014450967311859130859375" lon="127.066769041121006011962890625">
        <ele>61.40000152587890625</ele>
        <time>2026-09-11T10:27:56.000Z</time>
        <extensions>
          <ns3:TrackPointExtension>
            <ns3:hr>115</ns3:hr>
            <ns3:cad>83</ns3:cad>
          </ns3:TrackPointExtension>
        </extensions>
      </trkpt>
      <trkpt lat="37.5058235228061676025390625" lon="127.066738866269588470458984375">
        <ele>61.40000152587890625</ele>
        <time>2026-09-11T10:27:57.000Z</time>
        <extensions>
          <ns3:TrackPointExtension>
            <ns3:hr>115</ns3:hr>
            <ns3:cad>83</ns3:cad>
          </ns3:TrackPointExtension>
        </extensions>
      </trkpt>
      <trkpt lat="37.50581036321818828582763671875" lon="127.0666964538395404815673828125">
        <ele>61.40000152587890625</ele>
        <time>2026-09-11T10:27:58.000Z</time>
        <extensions>
          <ns3:TrackPointExtension>
            <ns3:hr>115</ns3:hr>
            <ns3:cad>83</ns3:cad>
          </ns3:TrackPointExtension>
        </extensions>
      </trkpt>
      <trkpt lat="37.5058005563914775848388671875" lon="127.06665697507560253143310546875">
        <ele>61.40000152587890625</ele>
        <time>2026-09-11T10:27:59.000Z</time>
        <extensions>
          <ns3:TrackPointExtension>
            <ns3:hr>116</ns3:hr>
            <ns3:cad>83</ns3:cad>
          </ns3:TrackPointExtension>
        </extensions>
      </trkpt>
      <trkpt lat="37.5057871453464031219482421875" lon="127.06662512384355068206787109375">
        <ele>61.40000152587890625</ele>
        <time>2026-09-11T10:28:00.000Z</time>
        <extensions>
          <ns3:TrackPointExtension>
            <ns3:hr>115</ns3:hr>
            <ns3:cad>83</ns3:cad>
          </ns3:TrackPointExtension>
        </extensions>
      </trkpt>
      <trkpt lat="37.5057806074619293212890625" lon="127.06658028066158294677734375">
        <ele>61.59999847412109375</ele>
        <time>2026-09-11T10:28:01.000Z</time>
        <extensions>
          <ns3:TrackPointExtension>
            <ns3:hr>115</ns3:hr>
            <ns3:cad>83</ns3:cad>
          </ns3:TrackPointExtension>
        </extensions>
      </trkpt>
      <trkpt lat="37.50576652586460113525390625" lon="127.06655345857143402099609375">
        <ele>61.799999237060546875</ele>
        <time>2026-09-11T10:28:02.000Z</time>
        <extensions>
          <ns3:TrackPointExtension>
            <ns3:hr>116</ns3:hr>
            <ns3:cad>83</ns3:cad>
          </ns3:TrackPointExtension>
        </extensions>
      </trkpt>
      <trkpt lat="37.50574984587728977203369140625" lon="127.06653292290866374969482421875">
        <ele>61.799999237060546875</ele>
        <time>2026-09-11T10:28:03.000Z</time>
        <extensions>
          <ns3:TrackPointExtension>
            <ns3:hr>117</ns3:hr>
            <ns3:cad>85</ns3:cad>
          </ns3:TrackPointExtension>
        </extensions>
      </trkpt>
      <trkpt lat="37.5057294778525829315185546875" lon="127.06653057597577571868896484375">
        <ele>61.799999237060546875</ele>
        <time>2026-09-11T10:28:04.000Z</time>
        <extensions>
          <ns3:TrackPointExtension>
            <ns3:hr>119</ns3:hr>
            <ns3:cad>85</ns3:cad>
          </ns3:TrackPointExtension>
        </extensions>
      </trkpt>
      <trkpt lat="37.50570894218981266021728515625" lon="127.06653736531734466552734375">
        <ele>62</ele>
        <time>2026-09-11T10:28:05.000Z</time>
        <extensions>
          <ns3:TrackPointExtension>
            <ns3:hr>120</ns3:hr>
            <ns3:cad>85</ns3:cad>
          </ns3:TrackPointExtension>
        </extensions>
      </trkpt>
      <trkpt lat="37.50567893497645854949951171875" lon="127.0665536262094974517822265625">
        <ele>61.799999237060546875</ele>
        <time>2026-09-11T10:28:06.000Z</time>
        <extensions>
          <ns3:TrackPointExtension>
            <ns3:hr>121</ns3:hr>
            <ns3:cad>0</ns3:cad>
          </ns3:TrackPointExtension>
        </extensions>
      </trkpt>
      <trkpt lat="37.50564138405025005340576171875" lon="127.06655236892402172088623046875">
        <ele>61.799999237060546875</ele>
        <time>2026-09-11T10:28:07.000Z</time>
        <extensions>
          <ns3:TrackPointExtension>
            <ns3:hr>121</ns3:hr>
            <ns3:cad>0</ns3:cad>
          </ns3:TrackPointExtension>
        </extensions>
      </trkpt>
      <trkpt lat="37.50562009401619434356689453125" lon="127.066542394459247589111328125">
        <ele>61.799999237060546875</ele>
        <time>2026-09-11T10:28:08.000Z</time>
        <extensions>
          <ns3:TrackPointExtension>
            <ns3:hr>121</ns3:hr>
            <ns3:cad>0</ns3:cad>
          </ns3:TrackPointExtension>
        </extensions>
      </trkpt>
      <trkpt lat="37.50560601241886615753173828125" lon="127.06651699729263782501220703125">
        <ele>61.799999237060546875</ele>
        <time>2026-09-11T10:28:09.000Z</time>
        <extensions>
          <ns3:TrackPointExtension>
            <ns3:hr>122</ns3:hr>
            <ns3:cad>82</ns3:cad>
          </ns3:TrackPointExtension>
        </extensions>
      </trkpt>
      <trkpt lat="37.50559394247829914093017578125" lon="127.06647927872836589813232421875">
        <ele>61.799999237060546875</ele>
        <time>2026-09-11T10:28:10.000Z</time>
        <extensions>
          <ns3:TrackPointExtension>
            <ns3:hr>123</ns3:hr>
            <ns3:cad>82</ns3:cad>
          </ns3:TrackPointExtension>
        </extensions>
      </trkpt>
      <trkpt lat="37.50558103434741497039794921875" lon="127.066445834934711456298828125">
        <ele>62</ele>
        <time>2026-09-11T10:28:11.000Z</time>
        <extensions>
          <ns3:TrackPointExtension>
            <ns3:hr>124</ns3:hr>
            <ns3:cad>82</ns3:cad>
          </ns3:TrackPointExtension>
        </extensions>
      </trkpt>
      <trkpt lat="37.50557005405426025390625" lon="127.06641473807394504547119140625">
        <ele>62.200000762939453125</ele>
        <time>2026-09-11T10:28:12.000Z</time>
        <extensions>
          <ns3:TrackPointExtension>
            <ns3:hr>124</ns3:hr>
            <ns3:cad>40</ns3:cad>
          </ns3:TrackPointExtension>
        </extensions>
      </trkpt>
      <trkpt lat="37.50556058250367641448974609375" lon="127.06638640724122524261474609375">
        <ele>62.200000762939453125</ele>
        <time>2026-09-11T10:28:13.000Z</time>
        <extensions>
          <ns3:TrackPointExtension>
            <ns3:hr>125</ns3:hr>
            <ns3:cad>40</ns3:cad>
          </ns3:TrackPointExtension>
        </extensions>
      </trkpt>
      <trkpt lat="37.50555253587663173675537109375" lon="127.0663541369140148162841796875">
        <ele>62.200000762939453125</ele>
        <time>2026-09-11T10:28:14.000Z</time>
        <extensions>
          <ns3:TrackPointExtension>
            <ns3:hr>125</ns3:hr>
            <ns3:cad>40</ns3:cad>
          </ns3:TrackPointExtension>
        </extensions>
      </trkpt>
      <trkpt lat="37.505540885031223297119140625" lon="127.06631071865558624267578125">
        <ele>62.200000762939453125</ele>
        <time>2026-09-11T10:28:15.000Z</time>
        <extensions>
          <ns3:TrackPointExtension>
            <ns3:hr>126</ns3:hr>
            <ns3:cad>83</ns3:cad>
          </ns3:TrackPointExtension>
        </extensions>
      </trkpt>
      <trkpt lat="37.505525462329387664794921875" lon="127.06627794541418552398681640625">
        <ele>62.200000762939453125</ele>
        <time>2026-09-11T10:28:16.000Z</time>
        <extensions>
          <ns3:TrackPointExtension>
            <ns3:hr>127</ns3:hr>
            <ns3:cad>83</ns3:cad>
          </ns3:TrackPointExtension>
        </extensions>
      </trkpt>
      <trkpt lat="37.50551247037947177886962890625" lon="127.0662357844412326812744140625">
        <ele>62.200000762939453125</ele>
        <time>2026-09-11T10:28:17.000Z</time>
        <extensions>
          <ns3:TrackPointExtension>
            <ns3:hr>127</ns3:hr>
            <ns3:cad>83</ns3:cad>
          </ns3:TrackPointExtension>
        </extensions>
      </trkpt>
      <trkpt lat="37.5054994784295558929443359375" lon="127.06619680859148502349853515625">
        <ele>62.40000152587890625</ele>
        <time>2026-09-11T10:28:18.000Z</time>
        <extensions>
          <ns3:TrackPointExtension>
            <ns3:hr>127</ns3:hr>
            <ns3:cad>82</ns3:cad>
          </ns3:TrackPointExtension>
        </extensions>
      </trkpt>
      <trkpt lat="37.50547978095710277557373046875" lon="127.066166214644908905029296875">
        <ele>62.59999847412109375</ele>
        <time>2026-09-11T10:28:19.000Z</time>
        <extensions>
          <ns3:TrackPointExtension>
            <ns3:hr>127</ns3:hr>
            <ns3:cad>82</ns3:cad>
          </ns3:TrackPointExtension>
        </extensions>
      </trkpt>
      <trkpt lat="37.50546620227396488189697265625" lon="127.0661155879497528076171875">
        <ele>62.59999847412109375</ele>
        <time>2026-09-11T10:28:20.000Z</time>
        <extensions>
          <ns3:TrackPointExtension>
            <ns3:hr>128</ns3:hr>
            <ns3:cad>82</ns3:cad>
          </ns3:TrackPointExtension>
        </extensions>
      </trkpt>
      <trkpt lat="37.50545228831470012664794921875" lon="127.06608331762254238128662109375">
        <ele>62.799999237060546875</ele>
        <time>2026-09-11T10:28:21.000Z</time>
        <extensions>
          <ns3:TrackPointExtension>
            <ns3:hr>128</ns3:hr>
            <ns3:cad>82</ns3:cad>
          </ns3:TrackPointExtension>
        </extensions>
      </trkpt>
      <trkpt lat="37.50543602742254734039306640625" lon="127.06604274921119213104248046875">
        <ele>62.799999237060546875</ele>
        <time>2026-09-11T10:28:22.000Z</time>
        <extensions>
          <ns3:TrackPointExtension>
            <ns3:hr>129</ns3:hr>
            <ns3:cad>82</ns3:cad>
          </ns3:TrackPointExtension>
        </extensions>
      </trkpt>
      <trkpt lat="37.50542194582521915435791015625" lon="127.06600117497146129608154296875">
        <ele>62.799999237060546875</ele>
        <time>2026-09-11T10:28:23.000Z</time>
        <extensions>
          <ns3:TrackPointExtension>
            <ns3:hr>130</ns3:hr>
            <ns3:cad>82</ns3:cad>
          </ns3:TrackPointExtension>
        </extensions>
      </trkpt>
      <trkpt lat="37.50540769658982753753662109375" lon="127.0659638755023479461669921875">
        <ele>62.799999237060546875</ele>
        <time>2026-09-11T10:28:24.000Z</time>
        <extensions>
          <ns3:TrackPointExtension>
            <ns3:hr>130</ns3:hr>
            <ns3:cad>82</ns3:cad>
          </ns3:TrackPointExtension>
        </extensions>
      </trkpt>
      <trkpt lat="37.50538959167897701263427734375" lon="127.0659263245761394500732421875">
        <ele>62.799999237060546875</ele>
        <time>2026-09-11T10:28:25.000Z</time>
        <extensions>
          <ns3:TrackPointExtension>
            <ns3:hr>131</ns3:hr>
            <ns3:cad>82</ns3:cad>
          </ns3:TrackPointExtension>
        </extensions>
      </trkpt>
      <trkpt lat="37.50537282787263393402099609375" lon="127.06589790992438793182373046875">
        <ele>63</ele>
        <time>2026-09-11T10:28:26.000Z</time>
        <extensions>
          <ns3:TrackPointExtension>
            <ns3:hr>131</ns3:hr>
            <ns3:cad>83</ns3:cad>
          </ns3:TrackPointExtension>
        </extensions>
      </trkpt>
      <trkpt lat="37.5053556449711322784423828125" lon="127.06586823798716068267822265625">
        <ele>63</ele>
        <time>2026-09-11T10:28:27.000Z</time>
        <extensions>
          <ns3:TrackPointExtension>
            <ns3:hr>131</ns3:hr>
            <ns3:cad>83</ns3:cad>
          </ns3:TrackPointExtension>
        </extensions>
      </trkpt>
      <trkpt lat="37.50534650869667530059814453125" lon="127.06582984887063503265380859375">
        <ele>63.200000762939453125</ele>
        <time>2026-09-11T10:28:28.000Z</time>
        <extensions>
          <ns3:TrackPointExtension>
            <ns3:hr>131</ns3:hr>
            <ns3:cad>83</ns3:cad>
          </ns3:TrackPointExtension>
        </extensions>
      </trkpt>
      <trkpt lat="37.50533628277480602264404296875" lon="127.06579975783824920654296875">
        <ele>63</ele>
        <time>2026-09-11T10:28:29.000Z</time>
        <extensions>
          <ns3:TrackPointExtension>
            <ns3:hr>132</ns3:hr>
            <ns3:cad>83</ns3:cad>
          </ns3:TrackPointExtension>
        </extensions>
      </trkpt>
      <trkpt lat="37.5053294934332370758056640625" lon="127.06575575284659862518310546875">
        <ele>63</ele>
        <time>2026-09-11T10:28:30.000Z</time>
        <extensions>
          <ns3:TrackPointExtension>
            <ns3:hr>132</ns3:hr>
            <ns3:cad>83</ns3:cad>
          </ns3:TrackPointExtension>
        </extensions>
      </trkpt>
      <trkpt lat="37.5053219497203826904296875" lon="127.06571183167397975921630859375">
        <ele>63</ele>
        <time>2026-09-11T10:28:31.000Z</time>
        <extensions>
          <ns3:TrackPointExtension>
            <ns3:hr>132</ns3:hr>
            <ns3:cad>83</ns3:cad>
          </ns3:TrackPointExtension>
        </extensions>
      </trkpt>
      <trkpt lat="37.5053103826940059661865234375" lon="127.06568031571805477142333984375">
        <ele>63</ele>
        <time>2026-09-11T10:28:32.000Z</time>
        <extensions>
          <ns3:TrackPointExtension>
            <ns3:hr>132</ns3:hr>
            <ns3:cad>83</ns3:cad>
          </ns3:TrackPointExtension>
        </extensions>
      </trkpt>
      <trkpt lat="37.50528934411704540252685546875" lon="127.0656430162489414215087890625">
        <ele>63</ele>
        <time>2026-09-11T10:28:33.000Z</time>
        <extensions>
          <ns3:TrackPointExtension>
            <ns3:hr>133</ns3:hr>
            <ns3:cad>83</ns3:cad>
          </ns3:TrackPointExtension>
        </extensions>
      </trkpt>
      <trkpt lat="37.5052553974092006683349609375" lon="127.06563404761254787445068359375">
        <ele>63.200000762939453125</ele>
        <time>2026-09-11T10:28:34.000Z</time>
        <extensions>
          <ns3:TrackPointExtension>
            <ns3:hr>133</ns3:hr>
            <ns3:cad>83</ns3:cad>
          </ns3:TrackPointExtension>
        </extensions>
      </trkpt>
      <trkpt lat="37.5052426569163799285888671875" lon="127.0656188763678073883056640625">
        <ele>63.200000762939453125</ele>
        <time>2026-09-11T10:28:35.000Z</time>
        <extensions>
          <ns3:TrackPointExtension>
            <ns3:hr>133</ns3:hr>
            <ns3:cad>83</ns3:cad>
          </ns3:TrackPointExtension>
        </extensions>
      </trkpt>
      <trkpt lat="37.5052225403487682342529296875" lon="127.0656064711511135101318359375">
        <ele>63.40000152587890625</ele>
        <time>2026-09-11T10:28:36.000Z</time>
        <extensions>
          <ns3:TrackPointExtension>
            <ns3:hr>133</ns3:hr>
            <ns3:cad>83</ns3:cad>
          </ns3:TrackPointExtension>
        </extensions>
      </trkpt>
      <trkpt lat="37.50521742738783359527587890625" lon="127.06561527214944362640380859375">
        <ele>63.40000152587890625</ele>
        <time>2026-09-11T10:28:37.000Z</time>
        <extensions>
          <ns3:TrackPointExtension>
            <ns3:hr>133</ns3:hr>
            <ns3:cad>83</ns3:cad>
          </ns3:TrackPointExtension>
        </extensions>
      </trkpt>
      <trkpt lat="37.50518742017447948455810546875" lon="127.0656265877187252044677734375">
        <ele>63.40000152587890625</ele>
        <time>2026-09-11T10:28:38.000Z</time>
        <extensions>
          <ns3:TrackPointExtension>
            <ns3:hr>134</ns3:hr>
            <ns3:cad>83</ns3:cad>
          </ns3:TrackPointExtension>
        </extensions>
      </trkpt>
      <trkpt lat="37.50516177155077457427978515625" lon="127.065633796155452728271484375">
        <ele>63.59999847412109375</ele>
        <time>2026-09-11T10:28:39.000Z</time>
        <extensions>
          <ns3:TrackPointExtension>
            <ns3:hr>135</ns3:hr>
            <ns3:cad>83</ns3:cad>
          </ns3:TrackPointExtension>
        </extensions>
      </trkpt>
      <trkpt lat="37.50513863749802112579345703125" lon="127.0656497217714786529541015625">
        <ele>63.59999847412109375</ele>
        <time>2026-09-11T10:28:40.000Z</time>
        <extensions>
          <ns3:TrackPointExtension>
            <ns3:hr>135</ns3:hr>
            <ns3:cad>83</ns3:cad>
          </ns3:TrackPointExtension>
        </extensions>
      </trkpt>
      <trkpt lat="37.5051085464656352996826171875" lon="127.065665312111377716064453125">
        <ele>63.59999847412109375</ele>
        <time>2026-09-11T10:28:41.000Z</time>
        <extensions>
          <ns3:TrackPointExtension>
            <ns3:hr>135</ns3:hr>
            <ns3:cad>83</ns3:cad>
          </ns3:TrackPointExtension>
        </extensions>
      </trkpt>
      <trkpt lat="37.50507929362356662750244140625" lon="127.06567503511905670166015625">
        <ele>63.40000152587890625</ele>
        <time>2026-09-11T10:28:42.000Z</time>
        <extensions>
          <ns3:TrackPointExtension>
            <ns3:hr>135</ns3:hr>
            <ns3:cad>81</ns3:cad>
          </ns3:TrackPointExtension>
        </extensions>
      </trkpt>
      <trkpt lat="37.50504794530570507049560546875" lon="127.0656931400299072265625">
        <ele>63.40000152587890625</ele>
        <time>2026-09-11T10:28:43.000Z</time>
        <extensions>
          <ns3:TrackPointExtension>
            <ns3:hr>135</ns3:hr>
            <ns3:cad>81</ns3:cad>
          </ns3:TrackPointExtension>
        </extensions>
      </trkpt>
      <trkpt lat="37.50501215457916259765625" lon="127.06571317277848720550537109375">
        <ele>63.40000152587890625</ele>
        <time>2026-09-11T10:28:44.000Z</time>
        <extensions>
          <ns3:TrackPointExtension>
            <ns3:hr>135</ns3:hr>
            <ns3:cad>81</ns3:cad>
          </ns3:TrackPointExtension>
        </extensions>
      </trkpt>
      <trkpt lat="37.50499270856380462646484375" lon="127.06572624854743480682373046875">
        <ele>63.200000762939453125</ele>
        <time>2026-09-11T10:28:45.000Z</time>
        <extensions>
          <ns3:TrackPointExtension>
            <ns3:hr>135</ns3:hr>
            <ns3:cad>81</ns3:cad>
          </ns3:TrackPointExtension>
        </extensions>
      </trkpt>
      <trkpt lat="37.504966892302036285400390625" lon="127.0657435990869998931884765625">
        <ele>63.200000762939453125</ele>
        <time>2026-09-11T10:28:46.000Z</time>
        <extensions>
          <ns3:TrackPointExtension>
            <ns3:hr>136</ns3:hr>
            <ns3:cad>81</ns3:cad>
          </ns3:TrackPointExtension>
        </extensions>
      </trkpt>
      <trkpt lat="37.504943422973155975341796875" lon="127.06575742922723293304443359375">
        <ele>63.200000762939453125</ele>
        <time>2026-09-11T10:28:47.000Z</time>
        <extensions>
          <ns3:TrackPointExtension>
            <ns3:hr>135</ns3:hr>
            <ns3:cad>81</ns3:cad>
          </ns3:TrackPointExtension>
        </extensions>
      </trkpt>
      <trkpt lat="37.5049207918345928192138671875" lon="127.06576296128332614898681640625">
        <ele>63</ele>
        <time>2026-09-11T10:28:48.000Z</time>
        <extensions>
          <ns3:TrackPointExtension>
            <ns3:hr>135</ns3:hr>
            <ns3:cad>81</ns3:cad>
          </ns3:TrackPointExtension>
        </extensions>
      </trkpt>
      <trkpt lat="37.50489170663058757781982421875" lon="127.0657764561474323272705078125">
        <ele>63</ele>
        <time>2026-09-11T10:28:49.000Z</time>
        <extensions>
          <ns3:TrackPointExtension>
            <ns3:hr>136</ns3:hr>
            <ns3:cad>81</ns3:cad>
          </ns3:TrackPointExtension>
        </extensions>
      </trkpt>
      <trkpt lat="37.504860274493694305419921875" lon="127.0657905377447605133056640625">
        <ele>62.799999237060546875</ele>
        <time>2026-09-11T10:28:50.000Z</time>
        <extensions>
          <ns3:TrackPointExtension>
            <ns3:hr>135</ns3:hr>
            <ns3:cad>81</ns3:cad>
          </ns3:TrackPointExtension>
        </extensions>
      </trkpt>
      <trkpt lat="37.5048351287841796875" lon="127.06580537371337413787841796875">
        <ele>62.799999237060546875</ele>
        <time>2026-09-11T10:28:51.000Z</time>
        <extensions>
          <ns3:TrackPointExtension>
            <ns3:hr>135</ns3:hr>
            <ns3:cad>80</ns3:cad>
          </ns3:TrackPointExtension>
        </extensions>
      </trkpt>
      <trkpt lat="37.504799924790859222412109375" lon="127.0658257417380809783935546875">
        <ele>62.59999847412109375</ele>
        <time>2026-09-11T10:28:52.000Z</time>
        <extensions>
          <ns3:TrackPointExtension>
            <ns3:hr>135</ns3:hr>
            <ns3:cad>80</ns3:cad>
          </ns3:TrackPointExtension>
        </extensions>
      </trkpt>
      <trkpt lat="37.5047689117491245269775390625" lon="127.065840326249599456787109375">
        <ele>62.40000152587890625</ele>
        <time>2026-09-11T10:28:53.000Z</time>
        <extensions>
          <ns3:TrackPointExtension>
            <ns3:hr>135</ns3:hr>
            <ns3:cad>81</ns3:cad>
          </ns3:TrackPointExtension>
        </extensions>
      </trkpt>
      <trkpt lat="37.50474871136248111724853515625" lon="127.06585784442722797393798828125">
        <ele>62.40000152587890625</ele>
        <time>2026-09-11T10:28:54.000Z</time>
        <extensions>
          <ns3:TrackPointExtension>
            <ns3:hr>135</ns3:hr>
            <ns3:cad>81</ns3:cad>
          </ns3:TrackPointExtension>
        </extensions>
      </trkpt>
      <trkpt lat="37.5047109089791774749755859375" lon="127.0658783800899982452392578125">
        <ele>62.200000762939453125</ele>
        <time>2026-09-11T10:28:55.000Z</time>
        <extensions>
          <ns3:TrackPointExtension>
            <ns3:hr>135</ns3:hr>
            <ns3:cad>81</ns3:cad>
          </ns3:TrackPointExtension>
        </extensions>
      </trkpt>
      <trkpt lat="37.5046770460903644561767578125" lon="127.065895311534404754638671875">
        <ele>62</ele>
        <time>2026-09-11T10:28:56.000Z</time>
        <extensions>
          <ns3:TrackPointExtension>
            <ns3:hr>136</ns3:hr>
            <ns3:cad>82</ns3:cad>
          </ns3:TrackPointExtension>
        </extensions>
      </trkpt>
      <trkpt lat="37.50464980490505695343017578125" lon="127.0659062080085277557373046875">
        <ele>61.799999237060546875</ele>
        <time>2026-09-11T10:28:57.000Z</time>
        <extensions>
          <ns3:TrackPointExtension>
            <ns3:hr>135</ns3:hr>
            <ns3:cad>81</ns3:cad>
          </ns3:TrackPointExtension>
        </extensions>
      </trkpt>
      <trkpt lat="37.50461627729237079620361328125" lon="127.06592707894742488861083984375">
        <ele>61.799999237060546875</ele>
        <time>2026-09-11T10:28:58.000Z</time>
        <extensions>
          <ns3:TrackPointExtension>
            <ns3:hr>135</ns3:hr>
            <ns3:cad>81</ns3:cad>
          </ns3:TrackPointExtension>
        </extensions>
      </trkpt>
      <trkpt lat="37.5046083144843578338623046875" lon="127.0659303478896617889404296875">
        <ele>61.59999847412109375</ele>
        <time>2026-09-11T10:28:59.000Z</time>
        <extensions>
          <ns3:TrackPointExtension>
            <ns3:hr>135</ns3:hr>
            <ns3:cad>80</ns3:cad>
          </ns3:TrackPointExtension>
        </extensions>
      </trkpt>
      <trkpt lat="37.504630945622920989990234375" lon="127.0659464411437511444091796875">
        <ele>61.200000762939453125</ele>
        <time>2026-09-11T10:29:00.000Z</time>
        <extensions>
          <ns3:TrackPointExtension>
            <ns3:hr>135</ns3:hr>
            <ns3:cad>80</ns3:cad>
          </ns3:TrackPointExtension>
        </extensions>
      </trkpt>
      <trkpt lat="37.50465265475213527679443359375" lon="127.0659759454429149627685546875">
        <ele>61.200000762939453125</ele>
        <time>2026-09-11T10:29:01.000Z</time>
        <extensions>
          <ns3:TrackPointExtension>
            <ns3:hr>135</ns3:hr>
            <ns3:cad>80</ns3:cad>
          </ns3:TrackPointExtension>
        </extensions>
      </trkpt>
      <trkpt lat="37.50466816127300262451171875" lon="127.06599128432571887969970703125">
        <ele>61.200000762939453125</ele>
        <time>2026-09-11T10:29:02.000Z</time>
        <extensions>
          <ns3:TrackPointExtension>
            <ns3:hr>135</ns3:hr>
            <ns3:cad>80</ns3:cad>
          </ns3:TrackPointExtension>
        </extensions>
      </trkpt>
      <trkpt lat="37.5046783871948719024658203125" lon="127.0660178549587726593017578125">
        <ele>61</ele>
        <time>2026-09-11T10:29:03.000Z</time>
        <extensions>
          <ns3:TrackPointExtension>
            <ns3:hr>135</ns3:hr>
            <ns3:cad>80</ns3:cad>
          </ns3:TrackPointExtension>
        </extensions>
      </trkpt>
      <trkpt lat="37.50469204969704151153564453125" lon="127.0660550706088542938232421875">
        <ele>61</ele>
        <time>2026-09-11T10:29:04.000Z</time>
        <extensions>
          <ns3:TrackPointExtension>
            <ns3:hr>135</ns3:hr>
            <ns3:cad>80</ns3:cad>
          </ns3:TrackPointExtension>
        </extensions>
      </trkpt>
      <trkpt lat="37.50470696948468685150146484375" lon="127.06608298234641551971435546875">
        <ele>61.200000762939453125</ele>
        <time>2026-09-11T10:29:05.000Z</time>
        <extensions>
          <ns3:TrackPointExtension>
            <ns3:hr>135</ns3:hr>
            <ns3:cad>80</ns3:cad>
          </ns3:TrackPointExtension>
        </extensions>
      </trkpt>
      <trkpt lat="37.504719458520412445068359375" lon="127.06612656824290752410888671875">
        <ele>61.200000762939453125</ele>
        <time>2026-09-11T10:29:06.000Z</time>
        <extensions>
          <ns3:TrackPointExtension>
            <ns3:hr>134</ns3:hr>
            <ns3:cad>80</ns3:cad>
          </ns3:TrackPointExtension>
        </extensions>
      </trkpt>
      <trkpt lat="37.5047310255467891693115234375" lon="127.0661563239991664886474609375">
        <ele>61.200000762939453125</ele>
        <time>2026-09-11T10:29:07.000Z</time>
        <extensions>
          <ns3:TrackPointExtension>
            <ns3:hr>134</ns3:hr>
            <ns3:cad>80</ns3:cad>
          </ns3:TrackPointExtension>
        </extensions>
      </trkpt>
      <trkpt lat="37.50474854372441768646240234375" lon="127.0661915279924869537353515625">
        <ele>61.200000762939453125</ele>
        <time>2026-09-11T10:29:08.000Z</time>
        <extensions>
          <ns3:TrackPointExtension>
            <ns3:hr>134</ns3:hr>
            <ns3:cad>80</ns3:cad>
          </ns3:TrackPointExtension>
        </extensions>
      </trkpt>
      <trkpt lat="37.5047608651220798492431640625" lon="127.06623452715575695037841796875">
        <ele>61.200000762939453125</ele>
        <time>2026-09-11T10:29:09.000Z</time>
        <extensions>
          <ns3:TrackPointExtension>
            <ns3:hr>134</ns3:hr>
            <ns3:cad>82</ns3:cad>
          </ns3:TrackPointExtension>
        </extensions>
      </trkpt>
      <trkpt lat="37.50477419234812259674072265625" lon="127.0662652887403964996337890625">
        <ele>61</ele>
        <time>2026-09-11T10:29:10.000Z</time>
        <extensions>
          <ns3:TrackPointExtension>
            <ns3:hr>134</ns3:hr>
            <ns3:cad>82</ns3:cad>
          </ns3:TrackPointExtension>
        </extensions>
      </trkpt>
      <trkpt lat="37.50479715876281261444091796875" lon="127.06630895845592021942138671875">
        <ele>60.799999237060546875</ele>
        <time>2026-09-11T10:29:11.000Z</time>
        <extensions>
          <ns3:TrackPointExtension>
            <ns3:hr>134</ns3:hr>
            <ns3:cad>82</ns3:cad>
          </ns3:TrackPointExtension>
        </extensions>
      </trkpt>
      <trkpt lat="37.504810653626918792724609375" lon="127.06634282134473323822021484375">
        <ele>60.59999847412109375</ele>
        <time>2026-09-11T10:29:12.000Z</time>
        <extensions>
          <ns3:TrackPointExtension>
            <ns3:hr>134</ns3:hr>
            <ns3:cad>82</ns3:cad>
          </ns3:TrackPointExtension>
        </extensions>
      </trkpt>
      <trkpt lat="37.50482515431940555572509765625" lon="127.06637869589030742645263671875">
        <ele>60.59999847412109375</ele>
        <time>2026-09-11T10:29:13.000Z</time>
        <extensions>
          <ns3:TrackPointExtension>
            <ns3:hr>134</ns3:hr>
            <ns3:cad>82</ns3:cad>
          </ns3:TrackPointExtension>
        </extensions>
      </trkpt>
      <trkpt lat="37.50483454205095767974853515625" lon="127.06643284298479557037353515625">
        <ele>60.59999847412109375</ele>
        <time>2026-09-11T10:29:14.000Z</time>
        <extensions>
          <ns3:TrackPointExtension>
            <ns3:hr>133</ns3:hr>
            <ns3:cad>82</ns3:cad>
          </ns3:TrackPointExtension>
        </extensions>
      </trkpt>
      <trkpt lat="37.504842840135097503662109375" lon="127.06646201200783252716064453125">
        <ele>60.40000152587890625</ele>
        <time>2026-09-11T10:29:15.000Z</time>
        <extensions>
          <ns3:TrackPointExtension>
            <ns3:hr>134</ns3:hr>
            <ns3:cad>82</ns3:cad>
          </ns3:TrackPointExtension>
        </extensions>
      </trkpt>
      <trkpt lat="37.504854910075664520263671875" lon="127.06650341860949993133544921875">
        <ele>60.40000152587890625</ele>
        <time>2026-09-11T10:29:16.000Z</time>
        <extensions>
          <ns3:TrackPointExtension>
            <ns3:hr>134</ns3:hr>
            <ns3:cad>82</ns3:cad>
          </ns3:TrackPointExtension>
        </extensions>
      </trkpt>
      <trkpt lat="37.5048648007214069366455078125" lon="127.06653409637510776519775390625">
        <ele>60.40000152587890625</ele>
        <time>2026-09-11T10:29:17.000Z</time>
        <extensions>
          <ns3:TrackPointExtension>
            <ns3:hr>133</ns3:hr>
            <ns3:cad>82</ns3:cad>
          </ns3:TrackPointExtension>
        </extensions>
      </trkpt>
      <trkpt lat="37.5048721767961978912353515625" lon="127.06656058318912982940673828125">
        <ele>60.40000152587890625</ele>
        <time>2026-09-11T10:29:18.000Z</time>
        <extensions>
          <ns3:TrackPointExtension>
            <ns3:hr>133</ns3:hr>
            <ns3:cad>82</ns3:cad>
          </ns3:TrackPointExtension>
        </extensions>
      </trkpt>
      <trkpt lat="37.50488181598484516143798828125" lon="127.0666099525988101959228515625">
        <ele>60.40000152587890625</ele>
        <time>2026-09-11T10:29:19.000Z</time>
        <extensions>
          <ns3:TrackPointExtension>
            <ns3:hr>133</ns3:hr>
            <ns3:cad>82</ns3:cad>
          </ns3:TrackPointExtension>
        </extensions>
      </trkpt>
      <trkpt lat="37.50489371828734874725341796875" lon="127.066644318401813507080078125">
        <ele>60.200000762939453125</ele>
        <time>2026-09-11T10:29:20.000Z</time>
        <extensions>
          <ns3:TrackPointExtension>
            <ns3:hr>134</ns3:hr>
            <ns3:cad>83</ns3:cad>
          </ns3:TrackPointExtension>
        </extensions>
      </trkpt>
      <trkpt lat="37.5049013458192348480224609375" lon="127.06667977385222911834716796875">
        <ele>60</ele>
        <time>2026-09-11T10:29:21.000Z</time>
        <extensions>
          <ns3:TrackPointExtension>
            <ns3:hr>133</ns3:hr>
            <ns3:cad>83</ns3:cad>
          </ns3:TrackPointExtension>
        </extensions>
      </trkpt>
      <trkpt lat="37.5049130804836750030517578125" lon="127.06673157401382923126220703125">
        <ele>59.799999237060546875</ele>
        <time>2026-09-11T10:29:22.000Z</time>
        <extensions>
          <ns3:TrackPointExtension>
            <ns3:hr>133</ns3:hr>
            <ns3:cad>83</ns3:cad>
          </ns3:TrackPointExtension>
        </extensions>
      </trkpt>
      <trkpt lat="37.504920624196529388427734375" lon="127.0667668618261814117431640625">
        <ele>59.799999237060546875</ele>
        <time>2026-09-11T10:29:23.000Z</time>
        <extensions>
          <ns3:TrackPointExtension>
            <ns3:hr>133</ns3:hr>
            <ns3:cad>82</ns3:cad>
          </ns3:TrackPointExtension>
        </extensions>
      </trkpt>
      <trkpt lat="37.504932694137096405029296875" lon="127.06679980270564556121826171875">
        <ele>59.59999847412109375</ele>
        <time>2026-09-11T10:29:24.000Z</time>
        <extensions>
          <ns3:TrackPointExtension>
            <ns3:hr>134</ns3:hr>
            <ns3:cad>82</ns3:cad>
          </ns3:TrackPointExtension>
        </extensions>
      </trkpt>
      <trkpt lat="37.504946775734424591064453125" lon="127.0668389461934566497802734375">
        <ele>59.40000152587890625</ele>
        <time>2026-09-11T10:29:25.000Z</time>
        <extensions>
          <ns3:TrackPointExtension>
            <ns3:hr>133</ns3:hr>
            <ns3:cad>82</ns3:cad>
          </ns3:TrackPointExtension>
        </extensions>
      </trkpt>
      <trkpt lat="37.5049553252756595611572265625" lon="127.06687440164387226104736328125">
        <ele>59.200000762939453125</ele>
        <time>2026-09-11T10:29:26.000Z</time>
        <extensions>
          <ns3:TrackPointExtension>
            <ns3:hr>133</ns3:hr>
            <ns3:cad>80</ns3:cad>
          </ns3:TrackPointExtension>
        </extensions>
      </trkpt>
      <trkpt lat="37.5049576722085475921630859375" lon="127.0668899081647396087646484375">
        <ele>59.200000762939453125</ele>
        <time>2026-09-11T10:29:27.000Z</time>
        <extensions>
          <ns3:TrackPointExtension>
            <ns3:hr>134</ns3:hr>
            <ns3:cad>80</ns3:cad>
          </ns3:TrackPointExtension>
        </extensions>
      </trkpt>
      <trkpt lat="37.5049704127013683319091796875" lon="127.06689300946891307830810546875">
        <ele>58.799999237060546875</ele>
        <time>2026-09-11T10:29:28.000Z</time>
        <extensions>
          <ns3:TrackPointExtension>
            <ns3:hr>133</ns3:hr>
            <ns3:cad>80</ns3:cad>
          </ns3:TrackPointExtension>
        </extensions>
      </trkpt>
      <trkpt lat="37.50497938133776187896728515625" lon="127.0669019781053066253662109375">
        <ele>58.59999847412109375</ele>
        <time>2026-09-11T10:29:29.000Z</time>
        <extensions>
          <ns3:TrackPointExtension>
            <ns3:hr>133</ns3:hr>
            <ns3:cad>80</ns3:cad>
          </ns3:TrackPointExtension>
        </extensions>
      </trkpt>
      <trkpt lat="37.50498508103191852569580078125" lon="127.06691212020814418792724609375">
        <ele>58.200000762939453125</ele>
        <time>2026-09-11T10:29:30.000Z</time>
        <extensions>
          <ns3:TrackPointExtension>
            <ns3:hr>133</ns3:hr>
            <ns3:cad>80</ns3:cad>
          </ns3:TrackPointExtension>
        </extensions>
      </trkpt>
      <trkpt lat="37.504987008869647979736328125" lon="127.06692569889128208160400390625">
        <ele>57.59999847412109375</ele>
        <time>2026-09-11T10:29:31.000Z</time>
        <extensions>
          <ns3:TrackPointExtension>
            <ns3:hr>134</ns3:hr>
            <ns3:cad>80</ns3:cad>
          </ns3:TrackPointExtension>
        </extensions>
      </trkpt>
      <trkpt lat="37.50498868525028228759765625" lon="127.066933996975421905517578125">
        <ele>57</ele>
        <time>2026-09-11T10:29:32.000Z</time>
        <extensions>
          <ns3:TrackPointExtension>
            <ns3:hr>133</ns3:hr>
            <ns3:cad>80</ns3:cad>
          </ns3:TrackPointExtension>
        </extensions>
      </trkpt>
      <trkpt lat="37.5049895234405994415283203125" lon="127.06695310771465301513671875">
        <ele>56</ele>
        <time>2026-09-11T10:29:33.000Z</time>
        <extensions>
          <ns3:TrackPointExtension>
            <ns3:hr>132</ns3:hr>
            <ns3:cad>80</ns3:cad>
          </ns3:TrackPointExtension>
        </extensions>
      </trkpt>
      <trkpt lat="37.50499329529702663421630859375" lon="127.0669604837894439697265625">
        <ele>55.200000762939453125</ele>
        <time>2026-09-11T10:29:34.000Z</time>
        <extensions>
          <ns3:TrackPointExtension>
            <ns3:hr>131</ns3:hr>
            <ns3:cad>80</ns3:cad>
          </ns3:TrackPointExtension>
        </extensions>
      </trkpt>
      <trkpt lat="37.50499882735311985015869140625" lon="127.06697179935872554779052734375">
        <ele>54.200000762939453125</ele>
        <time>2026-09-11T10:29:35.000Z</time>
        <extensions>
          <ns3:TrackPointExtension>
            <ns3:hr>130</ns3:hr>
            <ns3:cad>80</ns3:cad>
          </ns3:TrackPointExtension>
        </extensions>
      </trkpt>
      <trkpt lat="37.5050012581050395965576171875" lon="127.06698169000446796417236328125">
        <ele>53.40000152587890625</ele>
        <time>2026-09-11T10:29:36.000Z</time>
        <extensions>
          <ns3:TrackPointExtension>
            <ns3:hr>130</ns3:hr>
            <ns3:cad>0</ns3:cad>
          </ns3:TrackPointExtension>
        </extensions>
      </trkpt>
      <trkpt lat="37.50499765388667583465576171875" lon="127.06699325703084468841552734375">
        <ele>52.59999847412109375</ele>
        <time>2026-09-11T10:29:37.000Z</time>
        <extensions>
          <ns3:TrackPointExtension>
            <ns3:hr>130</ns3:hr>
            <ns3:cad>0</ns3:cad>
          </ns3:TrackPointExtension>
        </extensions>
      </trkpt>
      <trkpt lat="37.50498005189001560211181640625" lon="127.06700943410396575927734375">
        <ele>51.799999237060546875</ele>
        <time>2026-09-11T10:29:38.000Z</time>
        <extensions>
          <ns3:TrackPointExtension>
            <ns3:hr>129</ns3:hr>
            <ns3:cad>0</ns3:cad>
          </ns3:TrackPointExtension>
        </extensions>
      </trkpt>
      <trkpt lat="37.50495658256113529205322265625" lon="127.067013792693614959716796875">
        <ele>51.40000152587890625</ele>
        <time>2026-09-11T10:29:39.000Z</time>
        <extensions>
          <ns3:TrackPointExtension>
            <ns3:hr>129</ns3:hr>
            <ns3:cad>0</ns3:cad>
          </ns3:TrackPointExtension>
        </extensions>
      </trkpt>
      <trkpt lat="37.5049177743494510650634765625" lon="127.067012451589107513427734375">
        <ele>51</ele>
        <time>2026-09-11T10:29:40.000Z</time>
        <extensions>
          <ns3:TrackPointExtension>
            <ns3:hr>128</ns3:hr>
            <ns3:cad>0</ns3:cad>
          </ns3:TrackPointExtension>
        </extensions>
      </trkpt>
      <trkpt lat="37.50488542020320892333984375" lon="127.067012451589107513427734375">
        <ele>50.799999237060546875</ele>
        <time>2026-09-11T10:29:41.000Z</time>
        <extensions>
          <ns3:TrackPointExtension>
            <ns3:hr>128</ns3:hr>
            <ns3:cad>0</ns3:cad>
          </ns3:TrackPointExtension>
        </extensions>
      </trkpt>
      <trkpt lat="37.504847534000873565673828125" lon="127.06701085902750492095947265625">
        <ele>50.59999847412109375</ele>
        <time>2026-09-11T10:29:42.000Z</time>
        <extensions>
          <ns3:TrackPointExtension>
            <ns3:hr>128</ns3:hr>
            <ns3:cad>0</ns3:cad>
          </ns3:TrackPointExtension>
        </extensions>
      </trkpt>
      <trkpt lat="37.5048096477985382080078125" lon="127.06700901500880718231201171875">
        <ele>50.59999847412109375</ele>
        <time>2026-09-11T10:29:43.000Z</time>
        <extensions>
          <ns3:TrackPointExtension>
            <ns3:hr>129</ns3:hr>
            <ns3:cad>0</ns3:cad>
          </ns3:TrackPointExtension>
        </extensions>
      </trkpt>
      <trkpt lat="37.5047739408910274505615234375" lon="127.067006416618824005126953125">
        <ele>50.40000152587890625</ele>
        <time>2026-09-11T10:29:44.000Z</time>
        <extensions>
          <ns3:TrackPointExtension>
            <ns3:hr>129</ns3:hr>
            <ns3:cad>82</ns3:cad>
          </ns3:TrackPointExtension>
        </extensions>
      </trkpt>
      <trkpt lat="37.5047400780022144317626953125" lon="127.06699962727725505828857421875">
        <ele>50.40000152587890625</ele>
        <time>2026-09-11T10:29:45.000Z</time>
        <extensions>
          <ns3:TrackPointExtension>
            <ns3:hr>129</ns3:hr>
            <ns3:cad>82</ns3:cad>
          </ns3:TrackPointExtension>
        </extensions>
      </trkpt>
      <trkpt lat="37.50470629893243312835693359375" lon="127.06699610687792301177978515625">
        <ele>50.40000152587890625</ele>
        <time>2026-09-11T10:29:46.000Z</time>
        <extensions>
          <ns3:TrackPointExtension>
            <ns3:hr>130</ns3:hr>
            <ns3:cad>82</ns3:cad>
          </ns3:TrackPointExtension>
        </extensions>
      </trkpt>
      <trkpt lat="37.5046720169484615325927734375" lon="127.0669945143163204193115234375">
        <ele>50.40000152587890625</ele>
        <time>2026-09-11T10:29:47.000Z</time>
        <extensions>
          <ns3:TrackPointExtension>
            <ns3:hr>130</ns3:hr>
            <ns3:cad>83</ns3:cad>
          </ns3:TrackPointExtension>
        </extensions>
      </trkpt>
      <trkpt lat="37.50464133918285369873046875" lon="127.06701052375137805938720703125">
        <ele>50.200000762939453125</ele>
        <time>2026-09-11T10:29:48.000Z</time>
        <extensions>
          <ns3:TrackPointExtension>
            <ns3:hr>131</ns3:hr>
            <ns3:cad>83</ns3:cad>
          </ns3:TrackPointExtension>
        </extensions>
      </trkpt>
      <trkpt lat="37.50460202805697917938232421875" lon="127.0670060813426971435546875">
        <ele>50.200000762939453125</ele>
        <time>2026-09-11T10:29:49.000Z</time>
        <extensions>
          <ns3:TrackPointExtension>
            <ns3:hr>131</ns3:hr>
            <ns3:cad>83</ns3:cad>
          </ns3:TrackPointExtension>
        </extensions>
      </trkpt>
      <trkpt lat="37.50456414185464382171630859375" lon="127.0669806003570556640625">
        <ele>50</ele>
        <time>2026-09-11T10:29:50.000Z</time>
        <extensions>
          <ns3:TrackPointExtension>
            <ns3:hr>131</ns3:hr>
            <ns3:cad>84</ns3:cad>
          </ns3:TrackPointExtension>
        </extensions>
      </trkpt>
      <trkpt lat="37.5045432709157466888427734375" lon="127.0669703744351863861083984375">
        <ele>50</ele>
        <time>2026-09-11T10:29:51.000Z</time>
        <extensions>
          <ns3:TrackPointExtension>
            <ns3:hr>132</ns3:hr>
            <ns3:cad>84</ns3:cad>
          </ns3:TrackPointExtension>
        </extensions>
      </trkpt>
      <trkpt lat="37.50451033003628253936767578125" lon="127.06696308217942714691162109375">
        <ele>50</ele>
        <time>2026-09-11T10:29:52.000Z</time>
        <extensions>
          <ns3:TrackPointExtension>
            <ns3:hr>132</ns3:hr>
            <ns3:cad>84</ns3:cad>
          </ns3:TrackPointExtension>
        </extensions>
      </trkpt>
      <trkpt lat="37.50448032282292842864990234375" lon="127.06695805303752422332763671875">
        <ele>50</ele>
        <time>2026-09-11T10:29:53.000Z</time>
        <extensions>
          <ns3:TrackPointExtension>
            <ns3:hr>132</ns3:hr>
            <ns3:cad>83</ns3:cad>
          </ns3:TrackPointExtension>
        </extensions>
      </trkpt>
      <trkpt lat="37.50445232726633548736572265625" lon="127.06695503555238246917724609375">
        <ele>50</ele>
        <time>2026-09-11T10:29:54.000Z</time>
        <extensions>
          <ns3:TrackPointExtension>
            <ns3:hr>132</ns3:hr>
            <ns3:cad>83</ns3:cad>
          </ns3:TrackPointExtension>
        </extensions>
      </trkpt>
      <trkpt lat="37.5044074840843677520751953125" lon="127.0669472403824329376220703125">
        <ele>50</ele>
        <time>2026-09-11T10:29:55.000Z</time>
        <extensions>
          <ns3:TrackPointExtension>
            <ns3:hr>132</ns3:hr>
            <ns3:cad>83</ns3:cad>
          </ns3:TrackPointExtension>
        </extensions>
      </trkpt>
      <trkpt lat="37.504380159080028533935546875" lon="127.06695872358977794647216796875">
        <ele>50</ele>
        <time>2026-09-11T10:29:56.000Z</time>
        <extensions>
          <ns3:TrackPointExtension>
            <ns3:hr>132</ns3:hr>
            <ns3:cad>82</ns3:cad>
          </ns3:TrackPointExtension>
        </extensions>
      </trkpt>
      <trkpt lat="37.5043434463441371917724609375" lon="127.0669636689126491546630859375">
        <ele>50</ele>
        <time>2026-09-11T10:29:57.000Z</time>
        <extensions>
          <ns3:TrackPointExtension>
            <ns3:hr>132</ns3:hr>
            <ns3:cad>82</ns3:cad>
          </ns3:TrackPointExtension>
        </extensions>
      </trkpt>
      <trkpt lat="37.5043115951120853424072265625" lon="127.0669633336365222930908203125">
        <ele>50</ele>
        <time>2026-09-11T10:29:58.000Z</time>
        <extensions>
          <ns3:TrackPointExtension>
            <ns3:hr>132</ns3:hr>
            <ns3:cad>82</ns3:cad>
          </ns3:TrackPointExtension>
        </extensions>
      </trkpt>
      <trkpt lat="37.5042874552309513092041015625" lon="127.06696475856006145477294921875">
        <ele>49.799999237060546875</ele>
        <time>2026-09-11T10:29:59.000Z</time>
        <extensions>
          <ns3:TrackPointExtension>
            <ns3:hr>132</ns3:hr>
            <ns3:cad>84</ns3:cad>
          </ns3:TrackPointExtension>
        </extensions>
      </trkpt>
      <trkpt lat="37.50424613244831562042236328125" lon="127.06696593202650547027587890625">
        <ele>49.799999237060546875</ele>
        <time>2026-09-11T10:30:00.000Z</time>
        <extensions>
          <ns3:TrackPointExtension>
            <ns3:hr>132</ns3:hr>
            <ns3:cad>84</ns3:cad>
          </ns3:TrackPointExtension>
        </extensions>
      </trkpt>
      <trkpt lat="37.50421847216784954071044921875" lon="127.066978253424167633056640625">
        <ele>49.59999847412109375</ele>
        <time>2026-09-11T10:30:01.000Z</time>
        <extensions>
          <ns3:TrackPointExtension>
            <ns3:hr>133</ns3:hr>
            <ns3:cad>84</ns3:cad>
          </ns3:TrackPointExtension>
        </extensions>
      </trkpt>
      <trkpt lat="37.50418603420257568359375" lon="127.06698521040380001068115234375">
        <ele>49.59999847412109375</ele>
        <time>2026-09-11T10:30:02.000Z</time>
        <extensions>
          <ns3:TrackPointExtension>
            <ns3:hr>132</ns3:hr>
            <ns3:cad>84</ns3:cad>
          </ns3:TrackPointExtension>
        </extensions>
      </trkpt>
      <trkpt lat="37.5041498243808746337890625" lon="127.066974900662899017333984375">
        <ele>49.59999847412109375</ele>
        <time>2026-09-11T10:30:03.000Z</time>
        <extensions>
          <ns3:TrackPointExtension>
            <ns3:hr>132</ns3:hr>
            <ns3:cad>83</ns3:cad>
          </ns3:TrackPointExtension>
        </extensions>
      </trkpt>
      <trkpt lat="37.50412040390074253082275390625" lon="127.06697548739612102508544921875">
        <ele>49.59999847412109375</ele>
        <time>2026-09-11T10:30:04.000Z</time>
        <extensions>
          <ns3:TrackPointExtension>
            <ns3:hr>133</ns3:hr>
            <ns3:cad>83</ns3:cad>
          </ns3:TrackPointExtension>
        </extensions>
      </trkpt>
      <trkpt lat="37.50407765619456768035888671875" lon="127.06698236055672168731689453125">
        <ele>49.59999847412109375</ele>
        <time>2026-09-11T10:30:05.000Z</time>
        <extensions>
          <ns3:TrackPointExtension>
            <ns3:hr>132</ns3:hr>
            <ns3:cad>83</ns3:cad>
          </ns3:TrackPointExtension>
        </extensions>
      </trkpt>
      <trkpt lat="37.50405125319957733154296875" lon="127.066991329193115234375">
        <ele>49.40000152587890625</ele>
        <time>2026-09-11T10:30:06.000Z</time>
        <extensions>
          <ns3:TrackPointExtension>
            <ns3:hr>132</ns3:hr>
            <ns3:cad>83</ns3:cad>
          </ns3:TrackPointExtension>
        </extensions>
      </trkpt>
      <trkpt lat="37.504021413624286651611328125" lon="127.06699828617274761199951171875">
        <ele>49.40000152587890625</ele>
        <time>2026-09-11T10:30:07.000Z</time>
        <extensions>
          <ns3:TrackPointExtension>
            <ns3:hr>133</ns3:hr>
            <ns3:cad>83</ns3:cad>
          </ns3:TrackPointExtension>
        </extensions>
      </trkpt>
      <trkpt lat="37.50398612581193447113037109375" lon="127.06699493341147899627685546875">
        <ele>49.40000152587890625</ele>
        <time>2026-09-11T10:30:08.000Z</time>
        <extensions>
          <ns3:TrackPointExtension>
            <ns3:hr>132</ns3:hr>
            <ns3:cad>83</ns3:cad>
          </ns3:TrackPointExtension>
        </extensions>
      </trkpt>
      <trkpt lat="37.50395745970308780670166015625" lon="127.067001722753047943115234375">
        <ele>49.200000762939453125</ele>
        <time>2026-09-11T10:30:09.000Z</time>
        <extensions>
          <ns3:TrackPointExtension>
            <ns3:hr>132</ns3:hr>
            <ns3:cad>83</ns3:cad>
          </ns3:TrackPointExtension>
        </extensions>
      </trkpt>
      <trkpt lat="37.50392192043364048004150390625" lon="127.06701479852199554443359375">
        <ele>49.200000762939453125</ele>
        <time>2026-09-11T10:30:10.000Z</time>
        <extensions>
          <ns3:TrackPointExtension>
            <ns3:hr>132</ns3:hr>
            <ns3:cad>83</ns3:cad>
          </ns3:TrackPointExtension>
        </extensions>
      </trkpt>
      <trkpt lat="37.5038921646773815155029296875" lon="127.06702125258743762969970703125">
        <ele>49</ele>
        <time>2026-09-11T10:30:11.000Z</time>
        <extensions>
          <ns3:TrackPointExtension>
            <ns3:hr>133</ns3:hr>
            <ns3:cad>83</ns3:cad>
          </ns3:TrackPointExtension>
        </extensions>
      </trkpt>
      <trkpt lat="37.503865174949169158935546875" lon="127.06702795810997486114501953125">
        <ele>49</ele>
        <time>2026-09-11T10:30:12.000Z</time>
        <extensions>
          <ns3:TrackPointExtension>
            <ns3:hr>132</ns3:hr>
            <ns3:cad>83</ns3:cad>
          </ns3:TrackPointExtension>
        </extensions>
      </trkpt>
      <trkpt lat="37.50382267870008945465087890625" lon="127.06703533418476581573486328125">
        <ele>48.799999237060546875</ele>
        <time>2026-09-11T10:30:13.000Z</time>
        <extensions>
          <ns3:TrackPointExtension>
            <ns3:hr>132</ns3:hr>
            <ns3:cad>83</ns3:cad>
          </ns3:TrackPointExtension>
        </extensions>
      </trkpt>
      <trkpt lat="37.50379644334316253662109375" lon="127.067045979201793670654296875">
        <ele>48.59999847412109375</ele>
        <time>2026-09-11T10:30:14.000Z</time>
        <extensions>
          <ns3:TrackPointExtension>
            <ns3:hr>133</ns3:hr>
            <ns3:cad>82</ns3:cad>
          </ns3:TrackPointExtension>
        </extensions>
      </trkpt>
      <trkpt lat="37.50376291573047637939453125" lon="127.0670595578849315643310546875">
        <ele>48.59999847412109375</ele>
        <time>2026-09-11T10:30:15.000Z</time>
        <extensions>
          <ns3:TrackPointExtension>
            <ns3:hr>133</ns3:hr>
            <ns3:cad>82</ns3:cad>
          </ns3:TrackPointExtension>
        </extensions>
      </trkpt>
      <trkpt lat="37.503724358975887298583984375" lon="127.06706299446523189544677734375">
        <ele>48.40000152587890625</ele>
        <time>2026-09-11T10:30:16.000Z</time>
        <extensions>
          <ns3:TrackPointExtension>
            <ns3:hr>133</ns3:hr>
            <ns3:cad>82</ns3:cad>
          </ns3:TrackPointExtension>
        </extensions>
      </trkpt>
      <trkpt lat="37.50369309447705745697021484375" lon="127.0670733042061328887939453125">
        <ele>48.40000152587890625</ele>
        <time>2026-09-11T10:30:17.000Z</time>
        <extensions>
          <ns3:TrackPointExtension>
            <ns3:hr>133</ns3:hr>
            <ns3:cad>83</ns3:cad>
          </ns3:TrackPointExtension>
        </extensions>
      </trkpt>
      <trkpt lat="37.503648586571216583251953125" lon="127.0670840330421924591064453125">
        <ele>48.40000152587890625</ele>
        <time>2026-09-11T10:30:18.000Z</time>
        <extensions>
          <ns3:TrackPointExtension>
            <ns3:hr>132</ns3:hr>
            <ns3:cad>83</ns3:cad>
          </ns3:TrackPointExtension>
        </extensions>
      </trkpt>
      <trkpt lat="37.50362369231879711151123046875" lon="127.06710339523851871490478515625">
        <ele>48.40000152587890625</ele>
        <time>2026-09-11T10:30:19.000Z</time>
        <extensions>
          <ns3:TrackPointExtension>
            <ns3:hr>133</ns3:hr>
            <ns3:cad>83</ns3:cad>
          </ns3:TrackPointExtension>
        </extensions>
      </trkpt>
      <trkpt lat="37.50359167344868183135986328125" lon="127.06711730919778347015380859375">
        <ele>48.40000152587890625</ele>
        <time>2026-09-11T10:30:20.000Z</time>
        <extensions>
          <ns3:TrackPointExtension>
            <ns3:hr>133</ns3:hr>
            <ns3:cad>84</ns3:cad>
          </ns3:TrackPointExtension>
        </extensions>
      </trkpt>
      <trkpt lat="37.50355194322764873504638671875" lon="127.06712317653000354766845703125">
        <ele>48.40000152587890625</ele>
        <time>2026-09-11T10:30:21.000Z</time>
        <extensions>
          <ns3:TrackPointExtension>
            <ns3:hr>133</ns3:hr>
            <ns3:cad>84</ns3:cad>
          </ns3:TrackPointExtension>
        </extensions>
      </trkpt>
      <trkpt lat="37.50352864153683185577392578125" lon="127.06713818013668060302734375">
        <ele>48.200000762939453125</ele>
        <time>2026-09-11T10:30:22.000Z</time>
        <extensions>
          <ns3:TrackPointExtension>
            <ns3:hr>133</ns3:hr>
            <ns3:cad>84</ns3:cad>
          </ns3:TrackPointExtension>
        </extensions>
      </trkpt>
      <trkpt lat="37.50348974950611591339111328125" lon="127.06714932806789875030517578125">
        <ele>48</ele>
        <time>2026-09-11T10:30:23.000Z</time>
        <extensions>
          <ns3:TrackPointExtension>
            <ns3:hr>133</ns3:hr>
            <ns3:cad>83</ns3:cad>
          </ns3:TrackPointExtension>
        </extensions>
      </trkpt>
      <trkpt lat="37.50346309505403041839599609375" lon="127.06716374494135379791259765625">
        <ele>48</ele>
        <time>2026-09-11T10:30:24.000Z</time>
        <extensions>
          <ns3:TrackPointExtension>
            <ns3:hr>133</ns3:hr>
            <ns3:cad>83</ns3:cad>
          </ns3:TrackPointExtension>
        </extensions>
      </trkpt>
      <trkpt lat="37.5034355185925960540771484375" lon="127.0671758987009525299072265625">
        <ele>48</ele>
        <time>2026-09-11T10:30:25.000Z</time>
        <extensions>
          <ns3:TrackPointExtension>
            <ns3:hr>133</ns3:hr>
            <ns3:cad>83</ns3:cad>
          </ns3:TrackPointExtension>
        </extensions>
      </trkpt>
      <trkpt lat="37.503397129476070404052734375" lon="127.06719375215470790863037109375">
        <ele>48</ele>
        <time>2026-09-11T10:30:26.000Z</time>
        <extensions>
          <ns3:TrackPointExtension>
            <ns3:hr>133</ns3:hr>
            <ns3:cad>84</ns3:cad>
          </ns3:TrackPointExtension>
        </extensions>
      </trkpt>
      <trkpt lat="37.5033718161284923553466796875" lon="127.06720833666622638702392578125">
        <ele>48</ele>
        <time>2026-09-11T10:30:27.000Z</time>
        <extensions>
          <ns3:TrackPointExtension>
            <ns3:hr>134</ns3:hr>
            <ns3:cad>83</ns3:cad>
          </ns3:TrackPointExtension>
        </extensions>
      </trkpt>
      <trkpt lat="37.50333468429744243621826171875" lon="127.06723331473767757415771484375">
        <ele>48</ele>
        <time>2026-09-11T10:30:28.000Z</time>
        <extensions>
          <ns3:TrackPointExtension>
            <ns3:hr>134</ns3:hr>
            <ns3:cad>83</ns3:cad>
          </ns3:TrackPointExtension>
        </extensions>
      </trkpt>
      <trkpt lat="37.50330333597958087921142578125" lon="127.06724856980144977569580078125">
        <ele>47.799999237060546875</ele>
        <time>2026-09-11T10:30:29.000Z</time>
        <extensions>
          <ns3:TrackPointExtension>
            <ns3:hr>134</ns3:hr>
            <ns3:cad>83</ns3:cad>
          </ns3:TrackPointExtension>
        </extensions>
      </trkpt>
      <trkpt lat="37.50327316112816333770751953125" lon="127.0672597177326679229736328125">
        <ele>47.799999237060546875</ele>
        <time>2026-09-11T10:30:30.000Z</time>
        <extensions>
          <ns3:TrackPointExtension>
            <ns3:hr>134</ns3:hr>
            <ns3:cad>83</ns3:cad>
          </ns3:TrackPointExtension>
        </extensions>
      </trkpt>
      <trkpt lat="37.50323317945003509521484375" lon="127.0672689378261566162109375">
        <ele>47.799999237060546875</ele>
        <time>2026-09-11T10:30:31.000Z</time>
        <extensions>
          <ns3:TrackPointExtension>
            <ns3:hr>134</ns3:hr>
            <ns3:cad>83</ns3:cad>
          </ns3:TrackPointExtension>
        </extensions>
      </trkpt>
      <trkpt lat="37.50321297906339168548583984375" lon="127.06728293560445308685302734375">
        <ele>48</ele>
        <time>2026-09-11T10:30:32.000Z</time>
        <extensions>
          <ns3:TrackPointExtension>
            <ns3:hr>134</ns3:hr>
            <ns3:cad>83</ns3:cad>
          </ns3:TrackPointExtension>
        </extensions>
      </trkpt>
      <trkpt lat="37.50317911617457866668701171875" lon="127.0673039741814136505126953125">
        <ele>47.799999237060546875</ele>
        <time>2026-09-11T10:30:33.000Z</time>
        <extensions>
          <ns3:TrackPointExtension>
            <ns3:hr>134</ns3:hr>
            <ns3:cad>83</ns3:cad>
          </ns3:TrackPointExtension>
        </extensions>
      </trkpt>
      <trkpt lat="37.50315003097057342529296875" lon="127.06732115708291530609130859375">
        <ele>47.799999237060546875</ele>
        <time>2026-09-11T10:30:34.000Z</time>
        <extensions>
          <ns3:TrackPointExtension>
            <ns3:hr>135</ns3:hr>
            <ns3:cad>83</ns3:cad>
          </ns3:TrackPointExtension>
        </extensions>
      </trkpt>
      <trkpt lat="37.50312061049044132232666015625" lon="127.067334987223148345947265625">
        <ele>47.799999237060546875</ele>
        <time>2026-09-11T10:30:35.000Z</time>
        <extensions>
          <ns3:TrackPointExtension>
            <ns3:hr>135</ns3:hr>
            <ns3:cad>83</ns3:cad>
          </ns3:TrackPointExtension>
        </extensions>
      </trkpt>
      <trkpt lat="37.5030876696109771728515625" lon="127.06735518760979175567626953125">
        <ele>47.799999237060546875</ele>
        <time>2026-09-11T10:30:36.000Z</time>
        <extensions>
          <ns3:TrackPointExtension>
            <ns3:hr>135</ns3:hr>
            <ns3:cad>83</ns3:cad>
          </ns3:TrackPointExtension>
        </extensions>
      </trkpt>
      <trkpt lat="37.50306026078760623931884765625" lon="127.06737714819610118865966796875">
        <ele>47.799999237060546875</ele>
        <time>2026-09-11T10:30:37.000Z</time>
        <extensions>
          <ns3:TrackPointExtension>
            <ns3:hr>135</ns3:hr>
            <ns3:cad>84</ns3:cad>
          </ns3:TrackPointExtension>
        </extensions>
      </trkpt>
      <trkpt lat="37.5030462630093097686767578125" lon="127.06741017289459705352783203125">
        <ele>47.59999847412109375</ele>
        <time>2026-09-11T10:30:38.000Z</time>
        <extensions>
          <ns3:TrackPointExtension>
            <ns3:hr>135</ns3:hr>
            <ns3:cad>84</ns3:cad>
          </ns3:TrackPointExtension>
        </extensions>
      </trkpt>
      <trkpt lat="37.5030412338674068450927734375" lon="127.06744655035436153411865234375">
        <ele>47.59999847412109375</ele>
        <time>2026-09-11T10:30:39.000Z</time>
        <extensions>
          <ns3:TrackPointExtension>
            <ns3:hr>136</ns3:hr>
            <ns3:cad>84</ns3:cad>
          </ns3:TrackPointExtension>
        </extensions>
      </trkpt>
      <trkpt lat="37.50305254943668842315673828125" lon="127.067464403808116912841796875">
        <ele>47.59999847412109375</ele>
        <time>2026-09-11T10:30:40.000Z</time>
        <extensions>
          <ns3:TrackPointExtension>
            <ns3:hr>136</ns3:hr>
            <ns3:cad>84</ns3:cad>
          </ns3:TrackPointExtension>
        </extensions>
      </trkpt>
      <trkpt lat="37.50306688249111175537109375" lon="127.06749223172664642333984375">
        <ele>47.59999847412109375</ele>
        <time>2026-09-11T10:30:41.000Z</time>
        <extensions>
          <ns3:TrackPointExtension>
            <ns3:hr>136</ns3:hr>
            <ns3:cad>82</ns3:cad>
          </ns3:TrackPointExtension>
        </extensions>
      </trkpt>
      <trkpt lat="37.5030796229839324951171875" lon="127.06750455312430858612060546875">
        <ele>47.59999847412109375</ele>
        <time>2026-09-11T10:30:42.000Z</time>
        <extensions>
          <ns3:TrackPointExtension>
            <ns3:hr>136</ns3:hr>
            <ns3:cad>82</ns3:cad>
          </ns3:TrackPointExtension>
        </extensions>
      </trkpt>
      <trkpt lat="37.5030895136296749114990234375" lon="127.067485190927982330322265625">
        <ele>47.40000152587890625</ele>
        <time>2026-09-11T10:30:43.000Z</time>
        <extensions>
          <ns3:TrackPointExtension>
            <ns3:hr>136</ns3:hr>
            <ns3:cad>82</ns3:cad>
          </ns3:TrackPointExtension>
        </extensions>
      </trkpt>
      <trkpt lat="37.50309102237224578857421875" lon="127.0674873702228069305419921875">
        <ele>47.40000152587890625</ele>
        <time>2026-09-11T10:30:44.000Z</time>
        <extensions>
          <ns3:TrackPointExtension>
            <ns3:hr>137</ns3:hr>
            <ns3:cad>82</ns3:cad>
          </ns3:TrackPointExtension>
        </extensions>
      </trkpt>
      <trkpt lat="37.50309370458126068115234375" lon="127.0674910582602024078369140625">
        <ele>47.200000762939453125</ele>
        <time>2026-09-11T10:30:45.000Z</time>
        <extensions>
          <ns3:TrackPointExtension>
            <ns3:hr>138</ns3:hr>
            <ns3:cad>82</ns3:cad>
          </ns3:TrackPointExtension>
        </extensions>
      </trkpt>
      <trkpt lat="37.5030935369431972503662109375" lon="127.06747907213866710662841796875">
        <ele>47</ele>
        <time>2026-09-11T10:30:46.000Z</time>
        <extensions>
          <ns3:TrackPointExtension>
            <ns3:hr>138</ns3:hr>
            <ns3:cad>41</ns3:cad>
          </ns3:TrackPointExtension>
        </extensions>
      </trkpt>
      <trkpt lat="37.5031066127121448516845703125" lon="127.067467756569385528564453125">
        <ele>46.59999847412109375</ele>
        <time>2026-09-11T10:30:47.000Z</time>
        <extensions>
          <ns3:TrackPointExtension>
            <ns3:hr>139</ns3:hr>
            <ns3:cad>0</ns3:cad>
          </ns3:TrackPointExtension>
        </extensions>
      </trkpt>
      <trkpt lat="37.50312245450913906097412109375" lon="127.0674602128565311431884765625">
        <ele>46.40000152587890625</ele>
        <time>2026-09-11T10:30:48.000Z</time>
        <extensions>
          <ns3:TrackPointExtension>
            <ns3:hr>138</ns3:hr>
            <ns3:cad>0</ns3:cad>
          </ns3:TrackPointExtension>
        </extensions>
      </trkpt>
      <trkpt lat="37.5031522102653980255126953125" lon="127.0674454607069492340087890625">
        <ele>46.200000762939453125</ele>
        <time>2026-09-11T10:30:49.000Z</time>
        <extensions>
          <ns3:TrackPointExtension>
            <ns3:hr>138</ns3:hr>
            <ns3:cad>0</ns3:cad>
          </ns3:TrackPointExtension>
        </extensions>
      </trkpt>
      <trkpt lat="37.5031753443181514739990234375" lon="127.06742978654801845550537109375">
        <ele>46</ele>
        <time>2026-09-11T10:30:50.000Z</time>
        <extensions>
          <ns3:TrackPointExtension>
            <ns3:hr>138</ns3:hr>
            <ns3:cad>0</ns3:cad>
          </ns3:TrackPointExtension>
        </extensions>
      </trkpt>
      <trkpt lat="37.5032175891101360321044921875" lon="127.0674089156091213226318359375">
        <ele>45.59999847412109375</ele>
        <time>2026-09-11T10:30:51.000Z</time>
        <extensions>
          <ns3:TrackPointExtension>
            <ns3:hr>138</ns3:hr>
            <ns3:cad>0</ns3:cad>
          </ns3:TrackPointExtension>
        </extensions>
      </trkpt>
      <trkpt lat="37.50324432738125324249267578125" lon="127.06739625893533229827880859375">
        <ele>45.40000152587890625</ele>
        <time>2026-09-11T10:30:52.000Z</time>
        <extensions>
          <ns3:TrackPointExtension>
            <ns3:hr>137</ns3:hr>
            <ns3:cad>82</ns3:cad>
          </ns3:TrackPointExtension>
        </extensions>
      </trkpt>
      <trkpt lat="37.5032715685665607452392578125" lon="127.06737295724451541900634765625">
        <ele>45.200000762939453125</ele>
        <time>2026-09-11T10:30:53.000Z</time>
        <extensions>
          <ns3:TrackPointExtension>
            <ns3:hr>138</ns3:hr>
            <ns3:cad>82</ns3:cad>
          </ns3:TrackPointExtension>
        </extensions>
      </trkpt>
      <trkpt lat="37.5032970495522022247314453125" lon="127.0673559419810771942138671875">
        <ele>45.200000762939453125</ele>
        <time>2026-09-11T10:30:54.000Z</time>
        <extensions>
          <ns3:TrackPointExtension>
            <ns3:hr>138</ns3:hr>
            <ns3:cad>82</ns3:cad>
          </ns3:TrackPointExtension>
        </extensions>
      </trkpt>
      <trkpt lat="37.50332915224134922027587890625" lon="127.0673398487269878387451171875">
        <ele>45.200000762939453125</ele>
        <time>2026-09-11T10:30:55.000Z</time>
        <extensions>
          <ns3:TrackPointExtension>
            <ns3:hr>139</ns3:hr>
            <ns3:cad>84</ns3:cad>
          </ns3:TrackPointExtension>
        </extensions>
      </trkpt>
      <trkpt lat="37.50336485914885997772216796875" lon="127.0673224143683910369873046875">
        <ele>45.40000152587890625</ele>
        <time>2026-09-11T10:30:56.000Z</time>
        <extensions>
          <ns3:TrackPointExtension>
            <ns3:hr>140</ns3:hr>
            <ns3:cad>84</ns3:cad>
          </ns3:TrackPointExtension>
        </extensions>
      </trkpt>
      <trkpt lat="37.5033865682780742645263671875" lon="127.06730959005653858184814453125">
        <ele>45.40000152587890625</ele>
        <time>2026-09-11T10:30:57.000Z</time>
        <extensions>
          <ns3:TrackPointExtension>
            <ns3:hr>140</ns3:hr>
            <ns3:cad>84</ns3:cad>
          </ns3:TrackPointExtension>
        </extensions>
      </trkpt>
      <trkpt lat="37.50341615639626979827880859375" lon="127.06729366444051265716552734375">
        <ele>45.59999847412109375</ele>
        <time>2026-09-11T10:30:58.000Z</time>
        <extensions>
          <ns3:TrackPointExtension>
            <ns3:hr>140</ns3:hr>
            <ns3:cad>83</ns3:cad>
          </ns3:TrackPointExtension>
        </extensions>
      </trkpt>
      <trkpt lat="37.5034511089324951171875" lon="127.067276649177074432373046875">
        <ele>45.59999847412109375</ele>
        <time>2026-09-11T10:30:59.000Z</time>
        <extensions>
          <ns3:TrackPointExtension>
            <ns3:hr>140</ns3:hr>
            <ns3:cad>83</ns3:cad>
          </ns3:TrackPointExtension>
        </extensions>
      </trkpt>
      <trkpt lat="37.5034765899181365966796875" lon="127.06726365722715854644775390625">
        <ele>45.59999847412109375</ele>
        <time>2026-09-11T10:31:00.000Z</time>
        <extensions>
          <ns3:TrackPointExtension>
            <ns3:hr>140</ns3:hr>
            <ns3:cad>83</ns3:cad>
          </ns3:TrackPointExtension>
        </extensions>
      </trkpt>
      <trkpt lat="37.5035156495869159698486328125" lon="127.06724471412599086761474609375">
        <ele>45.59999847412109375</ele>
        <time>2026-09-11T10:31:01.000Z</time>
        <extensions>
          <ns3:TrackPointExtension>
            <ns3:hr>140</ns3:hr>
            <ns3:cad>83</ns3:cad>
          </ns3:TrackPointExtension>
        </extensions>
      </trkpt>
      <trkpt lat="37.50353819690644741058349609375" lon="127.067233063280582427978515625">
        <ele>45.59999847412109375</ele>
        <time>2026-09-11T10:31:02.000Z</time>
        <extensions>
          <ns3:TrackPointExtension>
            <ns3:hr>140</ns3:hr>
            <ns3:cad>84</ns3:cad>
          </ns3:TrackPointExtension>
        </extensions>
      </trkpt>
      <trkpt lat="37.50356669537723064422607421875" lon="127.0672218315303325653076171875">
        <ele>45.59999847412109375</ele>
        <time>2026-09-11T10:31:03.000Z</time>
        <extensions>
          <ns3:TrackPointExtension>
            <ns3:hr>141</ns3:hr>
            <ns3:cad>84</ns3:cad>
          </ns3:TrackPointExtension>
        </extensions>
      </trkpt>
      <trkpt lat="37.5036021508276462554931640625" lon="127.067208923399448394775390625">
        <ele>45.59999847412109375</ele>
        <time>2026-09-11T10:31:04.000Z</time>
        <extensions>
          <ns3:TrackPointExtension>
            <ns3:hr>140</ns3:hr>
            <ns3:cad>84</ns3:cad>
          </ns3:TrackPointExtension>
        </extensions>
      </trkpt>
      <trkpt lat="37.50362888909876346588134765625" lon="127.06719626672565937042236328125">
        <ele>45.59999847412109375</ele>
        <time>2026-09-11T10:31:05.000Z</time>
        <extensions>
          <ns3:TrackPointExtension>
            <ns3:hr>141</ns3:hr>
            <ns3:cad>83</ns3:cad>
          </ns3:TrackPointExtension>
        </extensions>
      </trkpt>
      <trkpt lat="37.50366090796887874603271484375" lon="127.06718084402382373809814453125">
        <ele>45.59999847412109375</ele>
        <time>2026-09-11T10:31:06.000Z</time>
        <extensions>
          <ns3:TrackPointExtension>
            <ns3:hr>141</ns3:hr>
            <ns3:cad>83</ns3:cad>
          </ns3:TrackPointExtension>
        </extensions>
      </trkpt>
      <trkpt lat="37.50368957407772541046142578125" lon="127.06717045046389102935791015625">
        <ele>45.59999847412109375</ele>
        <time>2026-09-11T10:31:07.000Z</time>
        <extensions>
          <ns3:TrackPointExtension>
            <ns3:hr>141</ns3:hr>
            <ns3:cad>83</ns3:cad>
          </ns3:TrackPointExtension>
        </extensions>
      </trkpt>
      <trkpt lat="37.50372008420526981353759765625" lon="127.067161984741687774658203125">
        <ele>45.40000152587890625</ele>
        <time>2026-09-11T10:31:08.000Z</time>
        <extensions>
          <ns3:TrackPointExtension>
            <ns3:hr>141</ns3:hr>
            <ns3:cad>83</ns3:cad>
          </ns3:TrackPointExtension>
        </extensions>
      </trkpt>
      <trkpt lat="37.503756545484066009521484375" lon="127.06715385429561138153076171875">
        <ele>45.40000152587890625</ele>
        <time>2026-09-11T10:31:09.000Z</time>
        <extensions>
          <ns3:TrackPointExtension>
            <ns3:hr>141</ns3:hr>
            <ns3:cad>83</ns3:cad>
          </ns3:TrackPointExtension>
        </extensions>
      </trkpt>
      <trkpt lat="37.50378479249775409698486328125" lon="127.0671474002301692962646484375">
        <ele>45.40000152587890625</ele>
        <time>2026-09-11T10:31:10.000Z</time>
        <extensions>
          <ns3:TrackPointExtension>
            <ns3:hr>141</ns3:hr>
            <ns3:cad>84</ns3:cad>
          </ns3:TrackPointExtension>
        </extensions>
      </trkpt>
      <trkpt lat="37.5038204155862331390380859375" lon="127.06714312545955181121826171875">
        <ele>45.40000152587890625</ele>
        <time>2026-09-11T10:31:11.000Z</time>
        <extensions>
          <ns3:TrackPointExtension>
            <ns3:hr>141</ns3:hr>
            <ns3:cad>84</ns3:cad>
          </ns3:TrackPointExtension>
        </extensions>
      </trkpt>
      <trkpt lat="37.50385142862796783447265625" lon="127.0671386830508708953857421875">
        <ele>45.40000152587890625</ele>
        <time>2026-09-11T10:31:12.000Z</time>
        <extensions>
          <ns3:TrackPointExtension>
            <ns3:hr>141</ns3:hr>
            <ns3:cad>84</ns3:cad>
          </ns3:TrackPointExtension>
        </extensions>
      </trkpt>
      <trkpt lat="37.50388017855584621429443359375" lon="127.0671336539089679718017578125">
        <ele>45.40000152587890625</ele>
        <time>2026-09-11T10:31:13.000Z</time>
        <extensions>
          <ns3:TrackPointExtension>
            <ns3:hr>141</ns3:hr>
            <ns3:cad>83</ns3:cad>
          </ns3:TrackPointExtension>
        </extensions>
      </trkpt>
      <trkpt lat="37.50391672365367412567138671875" lon="127.06712166778743267059326171875">
        <ele>45.59999847412109375</ele>
        <time>2026-09-11T10:31:14.000Z</time>
        <extensions>
          <ns3:TrackPointExtension>
            <ns3:hr>141</ns3:hr>
            <ns3:cad>84</ns3:cad>
          </ns3:TrackPointExtension>
        </extensions>
      </trkpt>
      <trkpt lat="37.50394337810575962066650390625" lon="127.06711496226489543914794921875">
        <ele>45.59999847412109375</ele>
        <time>2026-09-11T10:31:15.000Z</time>
        <extensions>
          <ns3:TrackPointExtension>
            <ns3:hr>141</ns3:hr>
            <ns3:cad>84</ns3:cad>
          </ns3:TrackPointExtension>
        </extensions>
      </trkpt>
      <trkpt lat="37.50398025847971439361572265625" lon="127.06710867583751678466796875">
        <ele>45.59999847412109375</ele>
        <time>2026-09-11T10:31:16.000Z</time>
        <extensions>
          <ns3:TrackPointExtension>
            <ns3:hr>141</ns3:hr>
            <ns3:cad>84</ns3:cad>
          </ns3:TrackPointExtension>
        </extensions>
      </trkpt>
      <trkpt lat="37.5040061585605144500732421875" lon="127.067110352218151092529296875">
        <ele>45.59999847412109375</ele>
        <time>2026-09-11T10:31:17.000Z</time>
        <extensions>
          <ns3:TrackPointExtension>
            <ns3:hr>141</ns3:hr>
            <ns3:cad>83</ns3:cad>
          </ns3:TrackPointExtension>
        </extensions>
      </trkpt>
      <trkpt lat="37.50403339974582195281982421875" lon="127.06711010076105594635009765625">
        <ele>45.59999847412109375</ele>
        <time>2026-09-11T10:31:18.000Z</time>
        <extensions>
          <ns3:TrackPointExtension>
            <ns3:hr>141</ns3:hr>
            <ns3:cad>83</ns3:cad>
          </ns3:TrackPointExtension>
        </extensions>
      </trkpt>
      <trkpt lat="37.5040698610246181488037109375" lon="127.067103646695613861083984375">
        <ele>45.59999847412109375</ele>
        <time>2026-09-11T10:31:19.000Z</time>
        <extensions>
          <ns3:TrackPointExtension>
            <ns3:hr>141</ns3:hr>
            <ns3:cad>84</ns3:cad>
          </ns3:TrackPointExtension>
        </extensions>
      </trkpt>
      <trkpt lat="37.5040963478386402130126953125" lon="127.067099623382091522216796875">
        <ele>45.40000152587890625</ele>
        <time>2026-09-11T10:31:20.000Z</time>
        <extensions>
          <ns3:TrackPointExtension>
            <ns3:hr>141</ns3:hr>
            <ns3:cad>84</ns3:cad>
          </ns3:TrackPointExtension>
        </extensions>
      </trkpt>
      <trkpt lat="37.50413306057453155517578125" lon="127.067090906202793121337890625">
        <ele>45.40000152587890625</ele>
        <time>2026-09-11T10:31:21.000Z</time>
        <extensions>
          <ns3:TrackPointExtension>
            <ns3:hr>141</ns3:hr>
            <ns3:cad>84</ns3:cad>
          </ns3:TrackPointExtension>
        </extensions>
      </trkpt>
      <trkpt lat="37.504165582358837127685546875" lon="127.06708881072700023651123046875">
        <ele>45.40000152587890625</ele>
        <time>2026-09-11T10:31:22.000Z</time>
        <extensions>
          <ns3:TrackPointExtension>
            <ns3:hr>141</ns3:hr>
            <ns3:cad>84</ns3:cad>
          </ns3:TrackPointExtension>
        </extensions>
      </trkpt>
      <trkpt lat="37.504191733896732330322265625" lon="127.06708244048058986663818359375">
        <ele>45.59999847412109375</ele>
        <time>2026-09-11T10:31:23.000Z</time>
        <extensions>
          <ns3:TrackPointExtension>
            <ns3:hr>141</ns3:hr>
            <ns3:cad>84</ns3:cad>
          </ns3:TrackPointExtension>
        </extensions>
      </trkpt>
      <trkpt lat="37.5042317993938922882080078125" lon="127.06707707606256008148193359375">
        <ele>45.59999847412109375</ele>
        <time>2026-09-11T10:31:24.000Z</time>
        <extensions>
          <ns3:TrackPointExtension>
            <ns3:hr>141</ns3:hr>
            <ns3:cad>84</ns3:cad>
          </ns3:TrackPointExtension>
        </extensions>
      </trkpt>
      <trkpt lat="37.5042576156556606292724609375" lon="127.067073471844196319580078125">
        <ele>45.59999847412109375</ele>
        <time>2026-09-11T10:31:25.000Z</time>
        <extensions>
          <ns3:TrackPointExtension>
            <ns3:hr>142</ns3:hr>
            <ns3:cad>84</ns3:cad>
          </ns3:TrackPointExtension>
        </extensions>
      </trkpt>
      <trkpt lat="37.5042894668877124786376953125" lon="127.06707824952900409698486328125">
        <ele>45.40000152587890625</ele>
        <time>2026-09-11T10:31:26.000Z</time>
        <extensions>
          <ns3:TrackPointExtension>
            <ns3:hr>141</ns3:hr>
            <ns3:cad>84</ns3:cad>
          </ns3:TrackPointExtension>
        </extensions>
      </trkpt>
      <trkpt lat="37.5043126009404659271240234375" lon="127.06707707606256008148193359375">
        <ele>45.40000152587890625</ele>
        <time>2026-09-11T10:31:27.000Z</time>
        <extensions>
          <ns3:TrackPointExtension>
            <ns3:hr>142</ns3:hr>
            <ns3:cad>83</ns3:cad>
          </ns3:TrackPointExtension>
        </extensions>
      </trkpt>
      <trkpt lat="37.50433984212577342987060546875" lon="127.06707841716706752777099609375">
        <ele>45.40000152587890625</ele>
        <time>2026-09-11T10:31:28.000Z</time>
        <extensions>
          <ns3:TrackPointExtension>
            <ns3:hr>142</ns3:hr>
            <ns3:cad>84</ns3:cad>
          </ns3:TrackPointExtension>
        </extensions>
      </trkpt>
      <trkpt lat="37.50438342802226543426513671875" lon="127.06706517376005649566650390625">
        <ele>45.40000152587890625</ele>
        <time>2026-09-11T10:31:29.000Z</time>
        <extensions>
          <ns3:TrackPointExtension>
            <ns3:hr>142</ns3:hr>
            <ns3:cad>84</ns3:cad>
          </ns3:TrackPointExtension>
        </extensions>
      </trkpt>
      <trkpt lat="37.50440823845565319061279296875" lon="127.0670597255229949951171875">
        <ele>45.40000152587890625</ele>
        <time>2026-09-11T10:31:30.000Z</time>
        <extensions>
          <ns3:TrackPointExtension>
            <ns3:hr>141</ns3:hr>
            <ns3:cad>84</ns3:cad>
          </ns3:TrackPointExtension>
        </extensions>
      </trkpt>
      <trkpt lat="37.5044381618499755859375" lon="127.0670558698475360870361328125">
        <ele>45.40000152587890625</ele>
        <time>2026-09-11T10:31:31.000Z</time>
        <extensions>
          <ns3:TrackPointExtension>
            <ns3:hr>141</ns3:hr>
            <ns3:cad>84</ns3:cad>
          </ns3:TrackPointExtension>
        </extensions>
      </trkpt>
      <trkpt lat="37.5044705159962177276611328125" lon="127.06705712713301181793212890625">
        <ele>45.40000152587890625</ele>
        <time>2026-09-11T10:31:32.000Z</time>
        <extensions>
          <ns3:TrackPointExtension>
            <ns3:hr>141</ns3:hr>
            <ns3:cad>84</ns3:cad>
          </ns3:TrackPointExtension>
        </extensions>
      </trkpt>
      <trkpt lat="37.5044980086386203765869140625" lon="127.0670605637133121490478515625">
        <ele>45.40000152587890625</ele>
        <time>2026-09-11T10:31:33.000Z</time>
        <extensions>
          <ns3:TrackPointExtension>
            <ns3:hr>141</ns3:hr>
            <ns3:cad>83</ns3:cad>
          </ns3:TrackPointExtension>
        </extensions>
      </trkpt>
      <trkpt lat="37.50453807413578033447265625" lon="127.06707120873034000396728515625">
        <ele>45.40000152587890625</ele>
        <time>2026-09-11T10:31:34.000Z</time>
        <extensions>
          <ns3:TrackPointExtension>
            <ns3:hr>141</ns3:hr>
            <ns3:cad>83</ns3:cad>
          </ns3:TrackPointExtension>
        </extensions>
      </trkpt>
      <trkpt lat="37.504563890397548675537109375" lon="127.06706986762583255767822265625">
        <ele>45.40000152587890625</ele>
        <time>2026-09-11T10:31:35.000Z</time>
        <extensions>
          <ns3:TrackPointExtension>
            <ns3:hr>141</ns3:hr>
            <ns3:cad>83</ns3:cad>
          </ns3:TrackPointExtension>
        </extensions>
      </trkpt>
      <trkpt lat="37.5046009384095668792724609375" lon="127.06707137636840343475341796875">
        <ele>45.40000152587890625</ele>
        <time>2026-09-11T10:31:36.000Z</time>
        <extensions>
          <ns3:TrackPointExtension>
            <ns3:hr>141</ns3:hr>
            <ns3:cad>83</ns3:cad>
          </ns3:TrackPointExtension>
        </extensions>
      </trkpt>
      <trkpt lat="37.50463337637484073638916015625" lon="127.067076824605464935302734375">
        <ele>45.200000762939453125</ele>
        <time>2026-09-11T10:31:37.000Z</time>
        <extensions>
          <ns3:TrackPointExtension>
            <ns3:hr>141</ns3:hr>
            <ns3:cad>84</ns3:cad>
          </ns3:TrackPointExtension>
        </extensions>
      </trkpt>
      <trkpt lat="37.5046592764556407928466796875" lon="127.06707908771932125091552734375">
        <ele>45.200000762939453125</ele>
        <time>2026-09-11T10:31:38.000Z</time>
        <extensions>
          <ns3:TrackPointExtension>
            <ns3:hr>141</ns3:hr>
            <ns3:cad>84</ns3:cad>
          </ns3:TrackPointExtension>
        </extensions>
      </trkpt>
      <trkpt lat="37.50470495782792568206787109375" lon="127.06708277575671672821044921875">
        <ele>45.200000762939453125</ele>
        <time>2026-09-11T10:31:39.000Z</time>
        <extensions>
          <ns3:TrackPointExtension>
            <ns3:hr>141</ns3:hr>
            <ns3:cad>84</ns3:cad>
          </ns3:TrackPointExtension>
        </extensions>
      </trkpt>
      <trkpt lat="37.50473865307867527008056640625" lon="127.06708394922316074371337890625">
        <ele>45.40000152587890625</ele>
        <time>2026-09-11T10:31:40.000Z</time>
        <extensions>
          <ns3:TrackPointExtension>
            <ns3:hr>141</ns3:hr>
            <ns3:cad>84</ns3:cad>
          </ns3:TrackPointExtension>
        </extensions>
      </trkpt>
      <trkpt lat="37.504770420491695404052734375" lon="127.06708855926990509033203125">
        <ele>45.40000152587890625</ele>
        <time>2026-09-11T10:31:41.000Z</time>
        <extensions>
          <ns3:TrackPointExtension>
            <ns3:hr>141</ns3:hr>
            <ns3:cad>84</ns3:cad>
          </ns3:TrackPointExtension>
        </extensions>
      </trkpt>
      <trkpt lat="37.50480361282825469970703125" lon="127.06709132529795169830322265625">
        <ele>45.40000152587890625</ele>
        <time>2026-09-11T10:31:42.000Z</time>
        <extensions>
          <ns3:TrackPointExtension>
            <ns3:hr>141</ns3:hr>
            <ns3:cad>83</ns3:cad>
          </ns3:TrackPointExtension>
        </extensions>
      </trkpt>
      <trkpt lat="37.5048322789371013641357421875" lon="127.06708746962249279022216796875">
        <ele>45.40000152587890625</ele>
        <time>2026-09-11T10:31:43.000Z</time>
        <extensions>
          <ns3:TrackPointExtension>
            <ns3:hr>141</ns3:hr>
            <ns3:cad>83</ns3:cad>
          </ns3:TrackPointExtension>
        </extensions>
      </trkpt>
      <trkpt lat="37.50486890785396099090576171875" lon="127.067086882889270782470703125">
        <ele>45.40000152587890625</ele>
        <time>2026-09-11T10:31:44.000Z</time>
        <extensions>
          <ns3:TrackPointExtension>
            <ns3:hr>141</ns3:hr>
            <ns3:cad>83</ns3:cad>
          </ns3:TrackPointExtension>
        </extensions>
      </trkpt>
      <trkpt lat="37.50489480793476104736328125" lon="127.0670930854976177215576171875">
        <ele>45.40000152587890625</ele>
        <time>2026-09-11T10:31:45.000Z</time>
        <extensions>
          <ns3:TrackPointExtension>
            <ns3:hr>141</ns3:hr>
            <ns3:cad>83</ns3:cad>
          </ns3:TrackPointExtension>
        </extensions>
      </trkpt>
      <trkpt lat="37.50492565333843231201171875" lon="127.06710574217140674591064453125">
        <ele>45.40000152587890625</ele>
        <time>2026-09-11T10:31:46.000Z</time>
        <extensions>
          <ns3:TrackPointExtension>
            <ns3:hr>141</ns3:hr>
            <ns3:cad>83</ns3:cad>
          </ns3:TrackPointExtension>
        </extensions>
      </trkpt>
      <trkpt lat="37.50495926477015018463134765625" lon="127.0671108551323413848876953125">
        <ele>45.40000152587890625</ele>
        <time>2026-09-11T10:31:47.000Z</time>
        <extensions>
          <ns3:TrackPointExtension>
            <ns3:hr>141</ns3:hr>
            <ns3:cad>83</ns3:cad>
          </ns3:TrackPointExtension>
        </extensions>
      </trkpt>
      <trkpt lat="37.5049794651567935943603515625" lon="127.06711797975003719329833984375">
        <ele>45.40000152587890625</ele>
        <time>2026-09-11T10:31:48.000Z</time>
        <extensions>
          <ns3:TrackPointExtension>
            <ns3:hr>140</ns3:hr>
            <ns3:cad>83</ns3:cad>
          </ns3:TrackPointExtension>
        </extensions>
      </trkpt>
      <trkpt lat="37.50501290895044803619384765625" lon="127.0671321451663970947265625">
        <ele>45.59999847412109375</ele>
        <time>2026-09-11T10:31:49.000Z</time>
        <extensions>
          <ns3:TrackPointExtension>
            <ns3:hr>141</ns3:hr>
            <ns3:cad>83</ns3:cad>
          </ns3:TrackPointExtension>
        </extensions>
      </trkpt>
      <trkpt lat="37.50504006631672382354736328125" lon="127.06713818013668060302734375">
        <ele>45.59999847412109375</ele>
        <time>2026-09-11T10:31:50.000Z</time>
        <extensions>
          <ns3:TrackPointExtension>
            <ns3:hr>141</ns3:hr>
            <ns3:cad>83</ns3:cad>
          </ns3:TrackPointExtension>
        </extensions>
      </trkpt>
      <trkpt lat="37.50506789423525333404541015625" lon="127.0671329833567142486572265625">
        <ele>45.59999847412109375</ele>
        <time>2026-09-11T10:31:51.000Z</time>
        <extensions>
          <ns3:TrackPointExtension>
            <ns3:hr>140</ns3:hr>
            <ns3:cad>83</ns3:cad>
          </ns3:TrackPointExtension>
        </extensions>
      </trkpt>
      <trkpt lat="37.50510628335177898406982421875" lon="127.0671406947076320648193359375">
        <ele>45.799999237060546875</ele>
        <time>2026-09-11T10:31:52.000Z</time>
        <extensions>
          <ns3:TrackPointExtension>
            <ns3:hr>140</ns3:hr>
            <ns3:cad>82</ns3:cad>
          </ns3:TrackPointExtension>
        </extensions>
      </trkpt>
      <trkpt lat="37.50512623228132724761962890625" lon="127.0671457238495349884033203125">
        <ele>45.799999237060546875</ele>
        <time>2026-09-11T10:31:53.000Z</time>
        <extensions>
          <ns3:TrackPointExtension>
            <ns3:hr>140</ns3:hr>
            <ns3:cad>82</ns3:cad>
          </ns3:TrackPointExtension>
        </extensions>
      </trkpt>
      <trkpt lat="37.50515841878950595855712890625" lon="127.067154608666896820068359375">
        <ele>46</ele>
        <time>2026-09-11T10:31:54.000Z</time>
        <extensions>
          <ns3:TrackPointExtension>
            <ns3:hr>141</ns3:hr>
            <ns3:cad>81</ns3:cad>
          </ns3:TrackPointExtension>
        </extensions>
      </trkpt>
      <trkpt lat="37.50518850982189178466796875" lon="127.06716558896005153656005859375">
        <ele>46</ele>
        <time>2026-09-11T10:31:55.000Z</time>
        <extensions>
          <ns3:TrackPointExtension>
            <ns3:hr>141</ns3:hr>
            <ns3:cad>81</ns3:cad>
          </ns3:TrackPointExtension>
        </extensions>
      </trkpt>
      <trkpt lat="37.5052121467888355255126953125" lon="127.0671695284545421600341796875">
        <ele>46</ele>
        <time>2026-09-11T10:31:56.000Z</time>
        <extensions>
          <ns3:TrackPointExtension>
            <ns3:hr>141</ns3:hr>
            <ns3:cad>81</ns3:cad>
          </ns3:TrackPointExtension>
        </extensions>
      </trkpt>
      <trkpt lat="37.5052483566105365753173828125" lon="127.067182101309299468994140625">
        <ele>45.799999237060546875</ele>
        <time>2026-09-11T10:31:57.000Z</time>
        <extensions>
          <ns3:TrackPointExtension>
            <ns3:hr>140</ns3:hr>
            <ns3:cad>81</ns3:cad>
          </ns3:TrackPointExtension>
        </extensions>
      </trkpt>
      <trkpt lat="37.50527928583323955535888671875" lon="127.06719190813601016998291015625">
        <ele>45.799999237060546875</ele>
        <time>2026-09-11T10:31:58.000Z</time>
        <extensions>
          <ns3:TrackPointExtension>
            <ns3:hr>141</ns3:hr>
            <ns3:cad>81</ns3:cad>
          </ns3:TrackPointExtension>
        </extensions>
      </trkpt>
      <trkpt lat="37.50530594028532505035400390625" lon="127.0671993680298328399658203125">
        <ele>45.799999237060546875</ele>
        <time>2026-09-11T10:31:59.000Z</time>
        <extensions>
          <ns3:TrackPointExtension>
            <ns3:hr>141</ns3:hr>
            <ns3:cad>81</ns3:cad>
          </ns3:TrackPointExtension>
        </extensions>
      </trkpt>
      <trkpt lat="37.50534382648766040802001953125" lon="127.067201547324657440185546875">
        <ele>46</ele>
        <time>2026-09-11T10:32:00.000Z</time>
        <extensions>
          <ns3:TrackPointExtension>
            <ns3:hr>141</ns3:hr>
            <ns3:cad>81</ns3:cad>
          </ns3:TrackPointExtension>
        </extensions>
      </trkpt>
      <trkpt lat="37.50536897219717502593994140625" lon="127.0672074146568775177001953125">
        <ele>46</ele>
        <time>2026-09-11T10:32:01.000Z</time>
        <extensions>
          <ns3:TrackPointExtension>
            <ns3:hr>141</ns3:hr>
            <ns3:cad>81</ns3:cad>
          </ns3:TrackPointExtension>
        </extensions>
      </trkpt>
      <trkpt lat="37.50539981760084629058837890625" lon="127.06721973605453968048095703125">
        <ele>46</ele>
        <time>2026-09-11T10:32:02.000Z</time>
        <extensions>
          <ns3:TrackPointExtension>
            <ns3:hr>140</ns3:hr>
            <ns3:cad>81</ns3:cad>
          </ns3:TrackPointExtension>
        </extensions>
      </trkpt>
      <trkpt lat="37.5054351054131984710693359375" lon="127.06722862087190151214599609375">
        <ele>46</ele>
        <time>2026-09-11T10:32:03.000Z</time>
        <extensions>
          <ns3:TrackPointExtension>
            <ns3:hr>141</ns3:hr>
            <ns3:cad>81</ns3:cad>
          </ns3:TrackPointExtension>
        </extensions>
      </trkpt>
      <trkpt lat="37.50545404851436614990234375" lon="127.0672352425754070281982421875">
        <ele>46</ele>
        <time>2026-09-11T10:32:04.000Z</time>
        <extensions>
          <ns3:TrackPointExtension>
            <ns3:hr>141</ns3:hr>
            <ns3:cad>81</ns3:cad>
          </ns3:TrackPointExtension>
        </extensions>
      </trkpt>
      <trkpt lat="37.5054748356342315673828125" lon="127.06724622286856174468994140625">
        <ele>46</ele>
        <time>2026-09-11T10:32:05.000Z</time>
        <extensions>
          <ns3:TrackPointExtension>
            <ns3:hr>141</ns3:hr>
            <ns3:cad>83</ns3:cad>
          </ns3:TrackPointExtension>
        </extensions>
      </trkpt>
      <trkpt lat="37.5054813735187053680419921875" lon="127.067252509295940399169921875">
        <ele>46.200000762939453125</ele>
        <time>2026-09-11T10:32:06.000Z</time>
        <extensions>
          <ns3:TrackPointExtension>
            <ns3:hr>141</ns3:hr>
            <ns3:cad>83</ns3:cad>
          </ns3:TrackPointExtension>
        </extensions>
      </trkpt>
      <trkpt lat="37.50549453310668468475341796875" lon="127.06725753843784332275390625">
        <ele>46.200000762939453125</ele>
        <time>2026-09-11T10:32:07.000Z</time>
        <extensions>
          <ns3:TrackPointExtension>
            <ns3:hr>141</ns3:hr>
            <ns3:cad>83</ns3:cad>
          </ns3:TrackPointExtension>
        </extensions>
      </trkpt>
      <trkpt lat="37.5055155716836452484130859375" lon="127.0672734640538692474365234375">
        <ele>46.200000762939453125</ele>
        <time>2026-09-11T10:32:08.000Z</time>
        <extensions>
          <ns3:TrackPointExtension>
            <ns3:hr>140</ns3:hr>
            <ns3:cad>83</ns3:cad>
          </ns3:TrackPointExtension>
        </extensions>
      </trkpt>
      <trkpt lat="37.5055336765944957733154296875" lon="127.06729483790695667266845703125">
        <ele>46.200000762939453125</ele>
        <time>2026-09-11T10:32:09.000Z</time>
        <extensions>
          <ns3:TrackPointExtension>
            <ns3:hr>141</ns3:hr>
            <ns3:cad>80</ns3:cad>
          </ns3:TrackPointExtension>
        </extensions>
      </trkpt>
      <trkpt lat="37.50555354170501232147216796875" lon="127.0673091709613800048828125">
        <ele>46</ele>
        <time>2026-09-11T10:32:10.000Z</time>
        <extensions>
          <ns3:TrackPointExtension>
            <ns3:hr>141</ns3:hr>
            <ns3:cad>80</ns3:cad>
          </ns3:TrackPointExtension>
        </extensions>
      </trkpt>
      <trkpt lat="37.5055821239948272705078125" lon="127.06733272410929203033447265625">
        <ele>45.799999237060546875</ele>
        <time>2026-09-11T10:32:11.000Z</time>
        <extensions>
          <ns3:TrackPointExtension>
            <ns3:hr>141</ns3:hr>
            <ns3:cad>80</ns3:cad>
          </ns3:TrackPointExtension>
        </extensions>
      </trkpt>
      <trkpt lat="37.50561221502721309661865234375" lon="127.06734781153500080108642578125">
        <ele>45.59999847412109375</ele>
        <time>2026-09-11T10:32:12.000Z</time>
        <extensions>
          <ns3:TrackPointExtension>
            <ns3:hr>141</ns3:hr>
            <ns3:cad>80</ns3:cad>
          </ns3:TrackPointExtension>
        </extensions>
      </trkpt>
      <trkpt lat="37.50563249923288822174072265625" lon="127.06735250540077686309814453125">
        <ele>45.40000152587890625</ele>
        <time>2026-09-11T10:32:13.000Z</time>
        <extensions>
          <ns3:TrackPointExtension>
            <ns3:hr>141</ns3:hr>
            <ns3:cad>80</ns3:cad>
          </ns3:TrackPointExtension>
        </extensions>
      </trkpt>
      <trkpt lat="37.5056610815227031707763671875" lon="127.067374885082244873046875">
        <ele>45.200000762939453125</ele>
        <time>2026-09-11T10:32:14.000Z</time>
        <extensions>
          <ns3:TrackPointExtension>
            <ns3:hr>141</ns3:hr>
            <ns3:cad>80</ns3:cad>
          </ns3:TrackPointExtension>
        </extensions>
      </trkpt>
      <trkpt lat="37.50568463467061519622802734375" lon="127.067393995821475982666015625">
        <ele>44.799999237060546875</ele>
        <time>2026-09-11T10:32:15.000Z</time>
        <extensions>
          <ns3:TrackPointExtension>
            <ns3:hr>141</ns3:hr>
            <ns3:cad>81</ns3:cad>
          </ns3:TrackPointExtension>
        </extensions>
      </trkpt>
      <trkpt lat="37.505707181990146636962890625" lon="127.0674146153032779693603515625">
        <ele>44.59999847412109375</ele>
        <time>2026-09-11T10:32:16.000Z</time>
        <extensions>
          <ns3:TrackPointExtension>
            <ns3:hr>141</ns3:hr>
            <ns3:cad>81</ns3:cad>
          </ns3:TrackPointExtension>
        </extensions>
      </trkpt>
      <trkpt lat="37.50572671182453632354736328125" lon="127.0674513280391693115234375">
        <ele>44.200000762939453125</ele>
        <time>2026-09-11T10:32:17.000Z</time>
        <extensions>
          <ns3:TrackPointExtension>
            <ns3:hr>140</ns3:hr>
            <ns3:cad>81</ns3:cad>
          </ns3:TrackPointExtension>
        </extensions>
      </trkpt>
      <trkpt lat="37.50574506819248199462890625" lon="127.067471444606781005859375">
        <ele>43.799999237060546875</ele>
        <time>2026-09-11T10:32:18.000Z</time>
        <extensions>
          <ns3:TrackPointExtension>
            <ns3:hr>140</ns3:hr>
            <ns3:cad>80</ns3:cad>
          </ns3:TrackPointExtension>
        </extensions>
      </trkpt>
      <trkpt lat="37.50576778315007686614990234375" lon="127.067495919764041900634765625">
        <ele>43.40000152587890625</ele>
        <time>2026-09-11T10:32:19.000Z</time>
        <extensions>
          <ns3:TrackPointExtension>
            <ns3:hr>140</ns3:hr>
            <ns3:cad>80</ns3:cad>
          </ns3:TrackPointExtension>
        </extensions>
      </trkpt>
      <trkpt lat="37.50579074956476688385009765625" lon="127.06751813180744647979736328125">
        <ele>43.200000762939453125</ele>
        <time>2026-09-11T10:32:20.000Z</time>
        <extensions>
          <ns3:TrackPointExtension>
            <ns3:hr>139</ns3:hr>
            <ns3:cad>80</ns3:cad>
          </ns3:TrackPointExtension>
        </extensions>
      </trkpt>
      <trkpt lat="37.50581036321818828582763671875" lon="127.06753321923315525054931640625">
        <ele>43</ele>
        <time>2026-09-11T10:32:21.000Z</time>
        <extensions>
          <ns3:TrackPointExtension>
            <ns3:hr>139</ns3:hr>
            <ns3:cad>80</ns3:cad>
          </ns3:TrackPointExtension>
        </extensions>
      </trkpt>
      <trkpt lat="37.50580097548663616180419921875" lon="127.0675478875637054443359375">
        <ele>42.799999237060546875</ele>
        <time>2026-09-11T10:32:22.000Z</time>
        <extensions>
          <ns3:TrackPointExtension>
            <ns3:hr>139</ns3:hr>
            <ns3:cad>80</ns3:cad>
          </ns3:TrackPointExtension>
        </extensions>
      </trkpt>
      <trkpt lat="37.505790330469608306884765625" lon="127.0675819180905818939208984375">
        <ele>42.59999847412109375</ele>
        <time>2026-09-11T10:32:23.000Z</time>
        <extensions>
          <ns3:TrackPointExtension>
            <ns3:hr>138</ns3:hr>
            <ns3:cad>82</ns3:cad>
          </ns3:TrackPointExtension>
        </extensions>
      </trkpt>
      <trkpt lat="37.50578270293772220611572265625" lon="127.067609913647174835205078125">
        <ele>42.59999847412109375</ele>
        <time>2026-09-11T10:32:24.000Z</time>
        <extensions>
          <ns3:TrackPointExtension>
            <ns3:hr>138</ns3:hr>
            <ns3:cad>82</ns3:cad>
          </ns3:TrackPointExtension>
        </extensions>
      </trkpt>
      <trkpt lat="37.505776248872280120849609375" lon="127.0676389150321483612060546875">
        <ele>42.59999847412109375</ele>
        <time>2026-09-11T10:32:25.000Z</time>
        <extensions>
          <ns3:TrackPointExtension>
            <ns3:hr>138</ns3:hr>
            <ns3:cad>82</ns3:cad>
          </ns3:TrackPointExtension>
        </extensions>
      </trkpt>
      <trkpt lat="37.50577197410166263580322265625" lon="127.067666910588741302490234375">
        <ele>42.59999847412109375</ele>
        <time>2026-09-11T10:32:26.000Z</time>
        <extensions>
          <ns3:TrackPointExtension>
            <ns3:hr>138</ns3:hr>
            <ns3:cad>76</ns3:cad>
          </ns3:TrackPointExtension>
        </extensions>
      </trkpt>
      <trkpt lat="37.5057618319988250732421875" lon="127.06771410070359706878662109375">
        <ele>42.59999847412109375</ele>
        <time>2026-09-11T10:32:27.000Z</time>
        <extensions>
          <ns3:TrackPointExtension>
            <ns3:hr>138</ns3:hr>
            <ns3:cad>76</ns3:cad>
          </ns3:TrackPointExtension>
        </extensions>
      </trkpt>
      <trkpt lat="37.50575286336243152618408203125" lon="127.067744694650173187255859375">
        <ele>42.799999237060546875</ele>
        <time>2026-09-11T10:32:28.000Z</time>
        <extensions>
          <ns3:TrackPointExtension>
            <ns3:hr>137</ns3:hr>
            <ns3:cad>76</ns3:cad>
          </ns3:TrackPointExtension>
        </extensions>
      </trkpt>
      <trkpt lat="37.505737356841564178466796875" lon="127.06777495332062244415283203125">
        <ele>42.799999237060546875</ele>
        <time>2026-09-11T10:32:29.000Z</time>
        <extensions>
          <ns3:TrackPointExtension>
            <ns3:hr>137</ns3:hr>
            <ns3:cad>76</ns3:cad>
          </ns3:TrackPointExtension>
        </extensions>
      </trkpt>
      <trkpt lat="37.50570743344724178314208984375" lon="127.0677911303937435150146484375">
        <ele>43</ele>
        <time>2026-09-11T10:32:30.000Z</time>
        <extensions>
          <ns3:TrackPointExtension>
            <ns3:hr>137</ns3:hr>
            <ns3:cad>76</ns3:cad>
          </ns3:TrackPointExtension>
        </extensions>
      </trkpt>
      <trkpt lat="37.50568932853639125823974609375" lon="127.06779071129858493804931640625">
        <ele>42.799999237060546875</ele>
        <time>2026-09-11T10:32:31.000Z</time>
        <extensions>
          <ns3:TrackPointExtension>
            <ns3:hr>136</ns3:hr>
            <ns3:cad>81</ns3:cad>
          </ns3:TrackPointExtension>
        </extensions>
      </trkpt>
      <trkpt lat="37.50567440874874591827392578125" lon="127.06779154948890209197998046875">
        <ele>42.799999237060546875</ele>
        <time>2026-09-11T10:32:32.000Z</time>
        <extensions>
          <ns3:TrackPointExtension>
            <ns3:hr>136</ns3:hr>
            <ns3:cad>82</ns3:cad>
          </ns3:TrackPointExtension>
        </extensions>
      </trkpt>
      <trkpt lat="37.50565228052437305450439453125" lon="127.0677891187369823455810546875">
        <ele>42.59999847412109375</ele>
        <time>2026-09-11T10:32:33.000Z</time>
        <extensions>
          <ns3:TrackPointExtension>
            <ns3:hr>135</ns3:hr>
            <ns3:cad>82</ns3:cad>
          </ns3:TrackPointExtension>
        </extensions>
      </trkpt>
      <trkpt lat="37.50563216395676136016845703125" lon="127.06778618507087230682373046875">
        <ele>42.200000762939453125</ele>
        <time>2026-09-11T10:32:34.000Z</time>
        <extensions>
          <ns3:TrackPointExtension>
            <ns3:hr>135</ns3:hr>
            <ns3:cad>82</ns3:cad>
          </ns3:TrackPointExtension>
        </extensions>
      </trkpt>
      <trkpt lat="37.5056128017604351043701171875" lon="127.0677850954234600067138671875">
        <ele>41.799999237060546875</ele>
        <time>2026-09-11T10:32:35.000Z</time>
        <extensions>
          <ns3:TrackPointExtension>
            <ns3:hr>135</ns3:hr>
            <ns3:cad>79</ns3:cad>
          </ns3:TrackPointExtension>
        </extensions>
      </trkpt>
      <trkpt lat="37.50559511594474315643310546875" lon="127.06778249703347682952880859375">
        <ele>41.40000152587890625</ele>
        <time>2026-09-11T10:32:36.000Z</time>
        <extensions>
          <ns3:TrackPointExtension>
            <ns3:hr>134</ns3:hr>
            <ns3:cad>79</ns3:cad>
          </ns3:TrackPointExtension>
        </extensions>
      </trkpt>
      <trkpt lat="37.505582459270954132080078125" lon="127.0677750371396541595458984375">
        <ele>41</ele>
        <time>2026-09-11T10:32:37.000Z</time>
        <extensions>
          <ns3:TrackPointExtension>
            <ns3:hr>134</ns3:hr>
            <ns3:cad>73</ns3:cad>
          </ns3:TrackPointExtension>
        </extensions>
      </trkpt>
      <trkpt lat="37.5055648572742938995361328125" lon="127.067774198949337005615234375">
        <ele>40.59999847412109375</ele>
        <time>2026-09-11T10:32:38.000Z</time>
        <extensions>
          <ns3:TrackPointExtension>
            <ns3:hr>134</ns3:hr>
            <ns3:cad>73</ns3:cad>
          </ns3:TrackPointExtension>
        </extensions>
      </trkpt>
      <trkpt lat="37.50556980259716510772705078125" lon="127.06776724196970462799072265625">
        <ele>40.40000152587890625</ele>
        <time>2026-09-11T10:32:39.000Z</time>
        <extensions>
          <ns3:TrackPointExtension>
            <ns3:hr>134</ns3:hr>
            <ns3:cad>73</ns3:cad>
          </ns3:TrackPointExtension>
        </extensions>
      </trkpt>
      <trkpt lat="37.50555790029466152191162109375" lon="127.06776338629424571990966796875">
        <ele>40.40000152587890625</ele>
        <time>2026-09-11T10:32:40.000Z</time>
        <extensions>
          <ns3:TrackPointExtension>
            <ns3:hr>133</ns3:hr>
            <ns3:cad>73</ns3:cad>
          </ns3:TrackPointExtension>
        </extensions>
      </trkpt>
      <trkpt lat="37.505545578896999359130859375" lon="127.06776254810392856597900390625">
        <ele>40</ele>
        <time>2026-09-11T10:32:41.000Z</time>
        <extensions>
          <ns3:TrackPointExtension>
            <ns3:hr>133</ns3:hr>
            <ns3:cad>73</ns3:cad>
          </ns3:TrackPointExtension>
        </extensions>
      </trkpt>
      <trkpt lat="37.50552512705326080322265625" lon="127.06776455976068973541259765625">
        <ele>39.59999847412109375</ele>
        <time>2026-09-11T10:32:42.000Z</time>
        <extensions>
          <ns3:TrackPointExtension>
            <ns3:hr>133</ns3:hr>
            <ns3:cad>73</ns3:cad>
          </ns3:TrackPointExtension>
        </extensions>
      </trkpt>
      <trkpt lat="37.505513727664947509765625" lon="127.067766152322292327880859375">
        <ele>39.200000762939453125</ele>
        <time>2026-09-11T10:32:43.000Z</time>
        <extensions>
          <ns3:TrackPointExtension>
            <ns3:hr>132</ns3:hr>
            <ns3:cad>0</ns3:cad>
          </ns3:TrackPointExtension>
        </extensions>
      </trkpt>
      <trkpt lat="37.50550635159015655517578125" lon="127.06776120699942111968994140625">
        <ele>38.799999237060546875</ele>
        <time>2026-09-11T10:32:44.000Z</time>
        <extensions>
          <ns3:TrackPointExtension>
            <ns3:hr>132</ns3:hr>
            <ns3:cad>0</ns3:cad>
          </ns3:TrackPointExtension>
        </extensions>
      </trkpt>
      <trkpt lat="37.50548045150935649871826171875" lon="127.06774511374533176422119140625">
        <ele>38.40000152587890625</ele>
        <time>2026-09-11T10:32:45.000Z</time>
        <extensions>
          <ns3:TrackPointExtension>
            <ns3:hr>132</ns3:hr>
            <ns3:cad>0</ns3:cad>
          </ns3:TrackPointExtension>
        </extensions>
      </trkpt>
      <trkpt lat="37.50548564828932285308837890625" lon="127.06770806573331356048583984375">
        <ele>38</ele>
        <time>2026-09-11T10:32:46.000Z</time>
        <extensions>
          <ns3:TrackPointExtension>
            <ns3:hr>131</ns3:hr>
            <ns3:cad>64</ns3:cad>
          </ns3:TrackPointExtension>
        </extensions>
      </trkpt>
      <trkpt lat="37.50548422336578369140625" lon="127.067683674395084381103515625">
        <ele>37.799999237060546875</ele>
        <time>2026-09-11T10:32:47.000Z</time>
        <extensions>
          <ns3:TrackPointExtension>
            <ns3:hr>131</ns3:hr>
            <ns3:cad>64</ns3:cad>
          </ns3:TrackPointExtension>
        </extensions>
      </trkpt>
      <trkpt lat="37.50548145733773708343505859375" lon="127.06766464747488498687744140625">
        <ele>37.59999847412109375</ele>
        <time>2026-09-11T10:32:48.000Z</time>
        <extensions>
          <ns3:TrackPointExtension>
            <ns3:hr>130</ns3:hr>
            <ns3:cad>64</ns3:cad>
          </ns3:TrackPointExtension>
        </extensions>
      </trkpt>
      <trkpt lat="37.5054713152348995208740234375" lon="127.06765643320977687835693359375">
        <ele>37.799999237060546875</ele>
        <time>2026-09-11T10:32:49.000Z</time>
        <extensions>
          <ns3:TrackPointExtension>
            <ns3:hr>130</ns3:hr>
            <ns3:cad>64</ns3:cad>
          </ns3:TrackPointExtension>
        </extensions>
      </trkpt>
      <trkpt lat="37.50545673072338104248046875" lon="127.0676442794501781463623046875">
        <ele>37.799999237060546875</ele>
        <time>2026-09-11T10:32:50.000Z</time>
        <extensions>
          <ns3:TrackPointExtension>
            <ns3:hr>129</ns3:hr>
            <ns3:cad>64</ns3:cad>
          </ns3:TrackPointExtension>
        </extensions>
      </trkpt>
      <trkpt lat="37.50544457696378231048583984375" lon="127.06763438880443572998046875">
        <ele>37.799999237060546875</ele>
        <time>2026-09-11T10:32:51.000Z</time>
        <extensions>
          <ns3:TrackPointExtension>
            <ns3:hr>129</ns3:hr>
            <ns3:cad>64</ns3:cad>
          </ns3:TrackPointExtension>
        </extensions>
      </trkpt>
      <trkpt lat="37.5054307468235492706298828125" lon="127.06762843765318393707275390625">
        <ele>37.799999237060546875</ele>
        <time>2026-09-11T10:32:52.000Z</time>
        <extensions>
          <ns3:TrackPointExtension>
            <ns3:hr>128</ns3:hr>
            <ns3:cad>64</ns3:cad>
          </ns3:TrackPointExtension>
        </extensions>
      </trkpt>
      <trkpt lat="37.5054109655320644378662109375" lon="127.06762257032096385955810546875">
        <ele>37.40000152587890625</ele>
        <time>2026-09-11T10:32:53.000Z</time>
        <extensions>
          <ns3:TrackPointExtension>
            <ns3:hr>127</ns3:hr>
            <ns3:cad>64</ns3:cad>
          </ns3:TrackPointExtension>
        </extensions>
      </trkpt>
      <trkpt lat="37.50539260916411876678466796875" lon="127.067620642483234405517578125">
        <ele>37.200000762939453125</ele>
        <time>2026-09-11T10:32:54.000Z</time>
        <extensions>
          <ns3:TrackPointExtension>
            <ns3:hr>127</ns3:hr>
            <ns3:cad>64</ns3:cad>
          </ns3:TrackPointExtension>
        </extensions>
      </trkpt>
      <trkpt lat="37.5053791143000125885009765625" lon="127.067619971930980682373046875">
        <ele>37</ele>
        <time>2026-09-11T10:32:55.000Z</time>
        <extensions>
          <ns3:TrackPointExtension>
            <ns3:hr>126</ns3:hr>
            <ns3:cad>64</ns3:cad>
          </ns3:TrackPointExtension>
        </extensions>
      </trkpt>
      <trkpt lat="37.50537299551069736480712890625" lon="127.06763061694800853729248046875">
        <ele>36.799999237060546875</ele>
        <time>2026-09-11T10:32:56.000Z</time>
        <extensions>
          <ns3:TrackPointExtension>
            <ns3:hr>126</ns3:hr>
            <ns3:cad>64</ns3:cad>
          </ns3:TrackPointExtension>
        </extensions>
      </trkpt>
      <trkpt lat="37.505371905863285064697265625" lon="127.06764905713498592376708984375">
        <ele>36.59999847412109375</ele>
        <time>2026-09-11T10:32:57.000Z</time>
        <extensions>
          <ns3:TrackPointExtension>
            <ns3:hr>126</ns3:hr>
            <ns3:cad>64</ns3:cad>
          </ns3:TrackPointExtension>
        </extensions>
      </trkpt>
      <trkpt lat="37.50537349842488765716552734375" lon="127.06766800023615360260009765625">
        <ele>36.59999847412109375</ele>
        <time>2026-09-11T10:32:58.000Z</time>
        <extensions>
          <ns3:TrackPointExtension>
            <ns3:hr>126</ns3:hr>
            <ns3:cad>64</ns3:cad>
          </ns3:TrackPointExtension>
        </extensions>
      </trkpt>
      <trkpt lat="37.50536913983523845672607421875" lon="127.06769281066954135894775390625">
        <ele>36.59999847412109375</ele>
        <time>2026-09-11T10:32:59.000Z</time>
        <extensions>
          <ns3:TrackPointExtension>
            <ns3:hr>125</ns3:hr>
            <ns3:cad>64</ns3:cad>
          </ns3:TrackPointExtension>
        </extensions>
      </trkpt>
      <trkpt lat="37.50536008737981319427490234375" lon="127.06772231496870517730712890625">
        <ele>36.59999847412109375</ele>
        <time>2026-09-11T10:33:00.000Z</time>
        <extensions>
          <ns3:TrackPointExtension>
            <ns3:hr>126</ns3:hr>
            <ns3:cad>64</ns3:cad>
          </ns3:TrackPointExtension>
        </extensions>
      </trkpt>
      <trkpt lat="37.5053543038666248321533203125" lon="127.06773907877504825592041015625">
        <ele>36.59999847412109375</ele>
        <time>2026-09-11T10:33:01.000Z</time>
        <extensions>
          <ns3:TrackPointExtension>
            <ns3:hr>126</ns3:hr>
            <ns3:cad>64</ns3:cad>
          </ns3:TrackPointExtension>
        </extensions>
      </trkpt>
      <trkpt lat="37.50535991974174976348876953125" lon="127.0677418448030948638916015625">
        <ele>36.59999847412109375</ele>
        <time>2026-09-11T10:33:02.000Z</time>
        <extensions>
          <ns3:TrackPointExtension>
            <ns3:hr>126</ns3:hr>
            <ns3:cad>64</ns3:cad>
          </ns3:TrackPointExtension>
        </extensions>
      </trkpt>
      <trkpt lat="37.5053690560162067413330078125" lon="127.06772399134933948516845703125">
        <ele>36.59999847412109375</ele>
        <time>2026-09-11T10:33:03.000Z</time>
        <extensions>
          <ns3:TrackPointExtension>
            <ns3:hr>127</ns3:hr>
            <ns3:cad>0</ns3:cad>
          </ns3:TrackPointExtension>
        </extensions>
      </trkpt>
      <trkpt lat="37.5053771026432514190673828125" lon="127.06769113428890705108642578125">
        <ele>36.59999847412109375</ele>
        <time>2026-09-11T10:33:04.000Z</time>
        <extensions>
          <ns3:TrackPointExtension>
            <ns3:hr>127</ns3:hr>
            <ns3:cad>0</ns3:cad>
          </ns3:TrackPointExtension>
        </extensions>
      </trkpt>
      <trkpt lat="37.50538255088031291961669921875" lon="127.067658193409442901611328125">
        <ele>36.59999847412109375</ele>
        <time>2026-09-11T10:33:05.000Z</time>
        <extensions>
          <ns3:TrackPointExtension>
            <ns3:hr>127</ns3:hr>
            <ns3:cad>0</ns3:cad>
          </ns3:TrackPointExtension>
        </extensions>
      </trkpt>
      <trkpt lat="37.50539009459316730499267578125" lon="127.06762558780610561370849609375">
        <ele>36.59999847412109375</ele>
        <time>2026-09-11T10:33:06.000Z</time>
        <extensions>
          <ns3:TrackPointExtension>
            <ns3:hr>126</ns3:hr>
            <ns3:cad>0</ns3:cad>
          </ns3:TrackPointExtension>
        </extensions>
      </trkpt>
      <trkpt lat="37.50539638102054595947265625" lon="127.0675926469266414642333984375">
        <ele>36.40000152587890625</ele>
        <time>2026-09-11T10:33:07.000Z</time>
        <extensions>
          <ns3:TrackPointExtension>
            <ns3:hr>126</ns3:hr>
            <ns3:cad>77</ns3:cad>
          </ns3:TrackPointExtension>
        </extensions>
      </trkpt>
      <trkpt lat="37.50540602020919322967529296875" lon="127.06755249761044979095458984375">
        <ele>36.59999847412109375</ele>
        <time>2026-09-11T10:33:08.000Z</time>
        <extensions>
          <ns3:TrackPointExtension>
            <ns3:hr>125</ns3:hr>
            <ns3:cad>77</ns3:cad>
          </ns3:TrackPointExtension>
        </extensions>
      </trkpt>
      <trkpt lat="37.50541515648365020751953125" lon="127.06750790588557720184326171875">
        <ele>36.59999847412109375</ele>
        <time>2026-09-11T10:33:09.000Z</time>
        <extensions>
          <ns3:TrackPointExtension>
            <ns3:hr>125</ns3:hr>
            <ns3:cad>77</ns3:cad>
          </ns3:TrackPointExtension>
        </extensions>
      </trkpt>
      <trkpt lat="37.50541859306395053863525390625" lon="127.06747437827289104461669921875">
        <ele>36.59999847412109375</ele>
        <time>2026-09-11T10:33:10.000Z</time>
        <extensions>
          <ns3:TrackPointExtension>
            <ns3:hr>125</ns3:hr>
            <ns3:cad>77</ns3:cad>
          </ns3:TrackPointExtension>
        </extensions>
      </trkpt>
      <trkpt lat="37.50541725195944309234619140625" lon="127.06743582151830196380615234375">
        <ele>36.59999847412109375</ele>
        <time>2026-09-11T10:33:11.000Z</time>
        <extensions>
          <ns3:TrackPointExtension>
            <ns3:hr>125</ns3:hr>
            <ns3:cad>77</ns3:cad>
          </ns3:TrackPointExtension>
        </extensions>
      </trkpt>
      <trkpt lat="37.505366541445255279541015625" lon="127.067423500120639801025390625">
        <ele>36.59999847412109375</ele>
        <time>2026-09-11T10:33:12.000Z</time>
        <extensions>
          <ns3:TrackPointExtension>
            <ns3:hr>125</ns3:hr>
            <ns3:cad>77</ns3:cad>
          </ns3:TrackPointExtension>
        </extensions>
      </trkpt>
      <trkpt lat="37.505339048802852630615234375" lon="127.0674072392284870147705078125">
        <ele>36.59999847412109375</ele>
        <time>2026-09-11T10:33:13.000Z</time>
        <extensions>
          <ns3:TrackPointExtension>
            <ns3:hr>125</ns3:hr>
            <ns3:cad>79</ns3:cad>
          </ns3:TrackPointExtension>
        </extensions>
      </trkpt>
      <trkpt lat="37.50530376099050045013427734375" lon="127.0673881284892559051513671875">
        <ele>36.40000152587890625</ele>
        <time>2026-09-11T10:33:14.000Z</time>
        <extensions>
          <ns3:TrackPointExtension>
            <ns3:hr>126</ns3:hr>
            <ns3:cad>79</ns3:cad>
          </ns3:TrackPointExtension>
        </extensions>
      </trkpt>
      <trkpt lat="37.50527241267263889312744140625" lon="127.06737647764384746551513671875">
        <ele>36.200000762939453125</ele>
        <time>2026-09-11T10:33:15.000Z</time>
        <extensions>
          <ns3:TrackPointExtension>
            <ns3:hr>125</ns3:hr>
            <ns3:cad>79</ns3:cad>
          </ns3:TrackPointExtension>
        </extensions>
      </trkpt>
      <trkpt lat="37.5052379630506038665771484375" lon="127.06737463362514972686767578125">
        <ele>36</ele>
        <time>2026-09-11T10:33:16.000Z</time>
        <extensions>
          <ns3:TrackPointExtension>
            <ns3:hr>126</ns3:hr>
            <ns3:cad>79</ns3:cad>
          </ns3:TrackPointExtension>
        </extensions>
      </trkpt>
      <trkpt lat="37.50520049594342708587646484375" lon="127.06737362779676914215087890625">
        <ele>35.799999237060546875</ele>
        <time>2026-09-11T10:33:17.000Z</time>
        <extensions>
          <ns3:TrackPointExtension>
            <ns3:hr>126</ns3:hr>
            <ns3:cad>79</ns3:cad>
          </ns3:TrackPointExtension>
        </extensions>
      </trkpt>
      <trkpt lat="37.50517912209033966064453125" lon="127.06737647764384746551513671875">
        <ele>35.59999847412109375</ele>
        <time>2026-09-11T10:33:18.000Z</time>
        <extensions>
          <ns3:TrackPointExtension>
            <ns3:hr>126</ns3:hr>
            <ns3:cad>81</ns3:cad>
          </ns3:TrackPointExtension>
        </extensions>
      </trkpt>
      <trkpt lat="37.50514953397214412689208984375" lon="127.06737153232097625732421875">
        <ele>35.200000762939453125</ele>
        <time>2026-09-11T10:33:19.000Z</time>
        <extensions>
          <ns3:TrackPointExtension>
            <ns3:hr>127</ns3:hr>
            <ns3:cad>81</ns3:cad>
          </ns3:TrackPointExtension>
        </extensions>
      </trkpt>
      <trkpt lat="37.50511885620653629302978515625" lon="127.06737019121646881103515625">
        <ele>35.200000762939453125</ele>
        <time>2026-09-11T10:33:20.000Z</time>
        <extensions>
          <ns3:TrackPointExtension>
            <ns3:hr>127</ns3:hr>
            <ns3:cad>83</ns3:cad>
          </ns3:TrackPointExtension>
        </extensions>
      </trkpt>
      <trkpt lat="37.505092956125736236572265625" lon="127.06737094558775424957275390625">
        <ele>35.200000762939453125</ele>
        <time>2026-09-11T10:33:21.000Z</time>
        <extensions>
          <ns3:TrackPointExtension>
            <ns3:hr>127</ns3:hr>
            <ns3:cad>83</ns3:cad>
          </ns3:TrackPointExtension>
        </extensions>
      </trkpt>
      <trkpt lat="37.50506320036947727203369140625" lon="127.067362479865550994873046875">
        <ele>35.40000152587890625</ele>
        <time>2026-09-11T10:33:22.000Z</time>
        <extensions>
          <ns3:TrackPointExtension>
            <ns3:hr>127</ns3:hr>
            <ns3:cad>83</ns3:cad>
          </ns3:TrackPointExtension>
        </extensions>
      </trkpt>
      <trkpt lat="37.50503704883158206939697265625" lon="127.06736189313232898712158203125">
        <ele>35.200000762939453125</ele>
        <time>2026-09-11T10:33:23.000Z</time>
        <extensions>
          <ns3:TrackPointExtension>
            <ns3:hr>127</ns3:hr>
            <ns3:cad>82</ns3:cad>
          </ns3:TrackPointExtension>
        </extensions>
      </trkpt>
      <trkpt lat="37.50500000081956386566162109375" lon="127.06736055202782154083251953125">
        <ele>35.200000762939453125</ele>
        <time>2026-09-11T10:33:24.000Z</time>
        <extensions>
          <ns3:TrackPointExtension>
            <ns3:hr>127</ns3:hr>
            <ns3:cad>82</ns3:cad>
          </ns3:TrackPointExtension>
        </extensions>
      </trkpt>
      <trkpt lat="37.50496747903525829315185546875" lon="127.067356109619140625">
        <ele>35.200000762939453125</ele>
        <time>2026-09-11T10:33:25.000Z</time>
        <extensions>
          <ns3:TrackPointExtension>
            <ns3:hr>127</ns3:hr>
            <ns3:cad>82</ns3:cad>
          </ns3:TrackPointExtension>
        </extensions>
      </trkpt>
      <trkpt lat="37.504942081868648529052734375" lon="127.06736424006521701812744140625">
        <ele>35</ele>
        <time>2026-09-11T10:33:26.000Z</time>
        <extensions>
          <ns3:TrackPointExtension>
            <ns3:hr>126</ns3:hr>
            <ns3:cad>82</ns3:cad>
          </ns3:TrackPointExtension>
        </extensions>
      </trkpt>
      <trkpt lat="37.50490327365696430206298828125" lon="127.06736038438975811004638671875">
        <ele>34.799999237060546875</ele>
        <time>2026-09-11T10:33:27.000Z</time>
        <extensions>
          <ns3:TrackPointExtension>
            <ns3:hr>125</ns3:hr>
            <ns3:cad>82</ns3:cad>
          </ns3:TrackPointExtension>
        </extensions>
      </trkpt>
      <trkpt lat="37.50487108714878559112548828125" lon="127.0673639886081218719482421875">
        <ele>34.799999237060546875</ele>
        <time>2026-09-11T10:33:28.000Z</time>
        <extensions>
          <ns3:TrackPointExtension>
            <ns3:hr>125</ns3:hr>
            <ns3:cad>82</ns3:cad>
          </ns3:TrackPointExtension>
        </extensions>
      </trkpt>
      <trkpt lat="37.5048364698886871337890625" lon="127.067366503179073333740234375">
        <ele>34.799999237060546875</ele>
        <time>2026-09-11T10:33:29.000Z</time>
        <extensions>
          <ns3:TrackPointExtension>
            <ns3:hr>126</ns3:hr>
            <ns3:cad>82</ns3:cad>
          </ns3:TrackPointExtension>
        </extensions>
      </trkpt>
      <trkpt lat="37.50479849986732006072998046875" lon="127.06735636107623577117919921875">
        <ele>34.59999847412109375</ele>
        <time>2026-09-11T10:33:30.000Z</time>
        <extensions>
          <ns3:TrackPointExtension>
            <ns3:hr>126</ns3:hr>
            <ns3:cad>82</ns3:cad>
          </ns3:TrackPointExtension>
        </extensions>
      </trkpt>
      <trkpt lat="37.50476966612040996551513671875" lon="127.0673574507236480712890625">
        <ele>34.59999847412109375</ele>
        <time>2026-09-11T10:33:31.000Z</time>
        <extensions>
          <ns3:TrackPointExtension>
            <ns3:hr>126</ns3:hr>
            <ns3:cad>82</ns3:cad>
          </ns3:TrackPointExtension>
        </extensions>
      </trkpt>
      <trkpt lat="37.50473697669804096221923828125" lon="127.0673619769513607025146484375">
        <ele>34.40000152587890625</ele>
        <time>2026-09-11T10:33:32.000Z</time>
        <extensions>
          <ns3:TrackPointExtension>
            <ns3:hr>126</ns3:hr>
            <ns3:cad>82</ns3:cad>
          </ns3:TrackPointExtension>
        </extensions>
      </trkpt>
      <trkpt lat="37.504702694714069366455078125" lon="127.0673629827797412872314453125">
        <ele>34.200000762939453125</ele>
        <time>2026-09-11T10:33:33.000Z</time>
        <extensions>
          <ns3:TrackPointExtension>
            <ns3:hr>127</ns3:hr>
            <ns3:cad>82</ns3:cad>
          </ns3:TrackPointExtension>
        </extensions>
      </trkpt>
      <trkpt lat="37.50467796809971332550048828125" lon="127.06736843101680278778076171875">
        <ele>34.200000762939453125</ele>
        <time>2026-09-11T10:33:34.000Z</time>
        <extensions>
          <ns3:TrackPointExtension>
            <ns3:hr>128</ns3:hr>
            <ns3:cad>82</ns3:cad>
          </ns3:TrackPointExtension>
        </extensions>
      </trkpt>
      <trkpt lat="37.50464343465864658355712890625" lon="127.06736591644585132598876953125">
        <ele>34.200000762939453125</ele>
        <time>2026-09-11T10:33:35.000Z</time>
        <extensions>
          <ns3:TrackPointExtension>
            <ns3:hr>128</ns3:hr>
            <ns3:cad>82</ns3:cad>
          </ns3:TrackPointExtension>
        </extensions>
      </trkpt>
      <trkpt lat="37.50461225397884845733642578125" lon="127.06736407242715358734130859375">
        <ele>34.200000762939453125</ele>
        <time>2026-09-11T10:33:36.000Z</time>
        <extensions>
          <ns3:TrackPointExtension>
            <ns3:hr>129</ns3:hr>
            <ns3:cad>82</ns3:cad>
          </ns3:TrackPointExtension>
        </extensions>
      </trkpt>
      <trkpt lat="37.50457973219454288482666015625" lon="127.06736457534134387969970703125">
        <ele>34.200000762939453125</ele>
        <time>2026-09-11T10:33:37.000Z</time>
        <extensions>
          <ns3:TrackPointExtension>
            <ns3:hr>129</ns3:hr>
            <ns3:cad>82</ns3:cad>
          </ns3:TrackPointExtension>
        </extensions>
      </trkpt>
      <trkpt lat="37.504548132419586181640625" lon="127.067355103790760040283203125">
        <ele>34.200000762939453125</ele>
        <time>2026-09-11T10:33:38.000Z</time>
        <extensions>
          <ns3:TrackPointExtension>
            <ns3:hr>129</ns3:hr>
            <ns3:cad>82</ns3:cad>
          </ns3:TrackPointExtension>
        </extensions>
      </trkpt>
      <trkpt lat="37.50452642329037189483642578125" lon="127.067357785999774932861328125">
        <ele>34</ele>
        <time>2026-09-11T10:33:39.000Z</time>
        <extensions>
          <ns3:TrackPointExtension>
            <ns3:hr>129</ns3:hr>
            <ns3:cad>82</ns3:cad>
          </ns3:TrackPointExtension>
        </extensions>
      </trkpt>
      <trkpt lat="37.50448719598352909088134765625" lon="127.067357785999774932861328125">
        <ele>34</ele>
        <time>2026-09-11T10:33:40.000Z</time>
        <extensions>
          <ns3:TrackPointExtension>
            <ns3:hr>129</ns3:hr>
            <ns3:cad>82</ns3:cad>
          </ns3:TrackPointExtension>
        </extensions>
      </trkpt>
      <trkpt lat="37.504455931484699249267578125" lon="127.06736608408391475677490234375">
        <ele>33.799999237060546875</ele>
        <time>2026-09-11T10:33:41.000Z</time>
        <extensions>
          <ns3:TrackPointExtension>
            <ns3:hr>130</ns3:hr>
            <ns3:cad>82</ns3:cad>
          </ns3:TrackPointExtension>
        </extensions>
      </trkpt>
      <trkpt lat="37.50442617572844028472900390625" lon="127.06736893393099308013916015625">
        <ele>33.799999237060546875</ele>
        <time>2026-09-11T10:33:42.000Z</time>
        <extensions>
          <ns3:TrackPointExtension>
            <ns3:hr>130</ns3:hr>
            <ns3:cad>82</ns3:cad>
          </ns3:TrackPointExtension>
        </extensions>
      </trkpt>
      <trkpt lat="37.50439600087702274322509765625" lon="127.0673733763396739959716796875">
        <ele>33.799999237060546875</ele>
        <time>2026-09-11T10:33:43.000Z</time>
        <extensions>
          <ns3:TrackPointExtension>
            <ns3:hr>130</ns3:hr>
            <ns3:cad>83</ns3:cad>
          </ns3:TrackPointExtension>
        </extensions>
      </trkpt>
      <trkpt lat="37.50437320210039615631103515625" lon="127.06737983040511608123779296875">
        <ele>33.799999237060546875</ele>
        <time>2026-09-11T10:33:44.000Z</time>
        <extensions>
          <ns3:TrackPointExtension>
            <ns3:hr>130</ns3:hr>
            <ns3:cad>83</ns3:cad>
          </ns3:TrackPointExtension>
        </extensions>
      </trkpt>
      <trkpt lat="37.5043350644409656524658203125" lon="127.0673851110041141510009765625">
        <ele>33.799999237060546875</ele>
        <time>2026-09-11T10:33:45.000Z</time>
        <extensions>
          <ns3:TrackPointExtension>
            <ns3:hr>131</ns3:hr>
            <ns3:cad>83</ns3:cad>
          </ns3:TrackPointExtension>
        </extensions>
      </trkpt>
      <trkpt lat="37.50430027954280376434326171875" lon="127.06739072687923908233642578125">
        <ele>33.59999847412109375</ele>
        <time>2026-09-11T10:33:46.000Z</time>
        <extensions>
          <ns3:TrackPointExtension>
            <ns3:hr>131</ns3:hr>
            <ns3:cad>83</ns3:cad>
          </ns3:TrackPointExtension>
        </extensions>
      </trkpt>
      <trkpt lat="37.50427161343395709991455078125" lon="127.0673934929072856903076171875">
        <ele>33.59999847412109375</ele>
        <time>2026-09-11T10:33:47.000Z</time>
        <extensions>
          <ns3:TrackPointExtension>
            <ns3:hr>131</ns3:hr>
            <ns3:cad>83</ns3:cad>
          </ns3:TrackPointExtension>
        </extensions>
      </trkpt>
      <trkpt lat="37.50422819517552852630615234375" lon="127.06738921813666820526123046875">
        <ele>33.59999847412109375</ele>
        <time>2026-09-11T10:33:48.000Z</time>
        <extensions>
          <ns3:TrackPointExtension>
            <ns3:hr>132</ns3:hr>
            <ns3:cad>83</ns3:cad>
          </ns3:TrackPointExtension>
        </extensions>
      </trkpt>
      <trkpt lat="37.50420254655182361602783203125" lon="127.06739475019276142120361328125">
        <ele>33.59999847412109375</ele>
        <time>2026-09-11T10:33:49.000Z</time>
        <extensions>
          <ns3:TrackPointExtension>
            <ns3:hr>132</ns3:hr>
            <ns3:cad>83</ns3:cad>
          </ns3:TrackPointExtension>
        </extensions>
      </trkpt>
      <trkpt lat="37.50416633673012256622314453125" lon="127.06739542074501514434814453125">
        <ele>33.59999847412109375</ele>
        <time>2026-09-11T10:33:50.000Z</time>
        <extensions>
          <ns3:TrackPointExtension>
            <ns3:hr>132</ns3:hr>
            <ns3:cad>84</ns3:cad>
          </ns3:TrackPointExtension>
        </extensions>
      </trkpt>
      <trkpt lat="37.5041310489177703857421875" lon="127.06739659421145915985107421875">
        <ele>33.59999847412109375</ele>
        <time>2026-09-11T10:33:51.000Z</time>
        <extensions>
          <ns3:TrackPointExtension>
            <ns3:hr>132</ns3:hr>
            <ns3:cad>84</ns3:cad>
          </ns3:TrackPointExtension>
        </extensions>
      </trkpt>
      <trkpt lat="37.50410280190408229827880859375" lon="127.0674058981239795684814453125">
        <ele>33.59999847412109375</ele>
        <time>2026-09-11T10:33:52.000Z</time>
        <extensions>
          <ns3:TrackPointExtension>
            <ns3:hr>133</ns3:hr>
            <ns3:cad>84</ns3:cad>
          </ns3:TrackPointExtension>
        </extensions>
      </trkpt>
      <trkpt lat="37.50406692735850811004638671875" lon="127.06740162335336208343505859375">
        <ele>33.40000152587890625</ele>
        <time>2026-09-11T10:33:53.000Z</time>
        <extensions>
          <ns3:TrackPointExtension>
            <ns3:hr>133</ns3:hr>
            <ns3:cad>83</ns3:cad>
          </ns3:TrackPointExtension>
        </extensions>
      </trkpt>
      <trkpt lat="37.50403893180191516876220703125" lon="127.0674005337059497833251953125">
        <ele>33.40000152587890625</ele>
        <time>2026-09-11T10:33:54.000Z</time>
        <extensions>
          <ns3:TrackPointExtension>
            <ns3:hr>133</ns3:hr>
            <ns3:cad>83</ns3:cad>
          </ns3:TrackPointExtension>
        </extensions>
      </trkpt>
      <trkpt lat="37.50401378609240055084228515625" lon="127.0674142800271511077880859375">
        <ele>33.40000152587890625</ele>
        <time>2026-09-11T10:33:55.000Z</time>
        <extensions>
          <ns3:TrackPointExtension>
            <ns3:hr>134</ns3:hr>
            <ns3:cad>83</ns3:cad>
          </ns3:TrackPointExtension>
        </extensions>
      </trkpt>
      <trkpt lat="37.503977157175540924072265625" lon="127.06742157228291034698486328125">
        <ele>33.40000152587890625</ele>
        <time>2026-09-11T10:33:56.000Z</time>
        <extensions>
          <ns3:TrackPointExtension>
            <ns3:hr>134</ns3:hr>
            <ns3:cad>83</ns3:cad>
          </ns3:TrackPointExtension>
        </extensions>
      </trkpt>
      <trkpt lat="37.5039548613131046295166015625" lon="127.06742894835770130157470703125">
        <ele>33.200000762939453125</ele>
        <time>2026-09-11T10:33:57.000Z</time>
        <extensions>
          <ns3:TrackPointExtension>
            <ns3:hr>134</ns3:hr>
            <ns3:cad>83</ns3:cad>
          </ns3:TrackPointExtension>
        </extensions>
      </trkpt>
      <trkpt lat="37.50391722656786441802978515625" lon="127.06743950955569744110107421875">
        <ele>33.200000762939453125</ele>
        <time>2026-09-11T10:33:58.000Z</time>
        <extensions>
          <ns3:TrackPointExtension>
            <ns3:hr>134</ns3:hr>
            <ns3:cad>83</ns3:cad>
          </ns3:TrackPointExtension>
        </extensions>
      </trkpt>
      <trkpt lat="37.50389342196285724639892578125" lon="127.0674585364758968353271484375">
        <ele>33.200000762939453125</ele>
        <time>2026-09-11T10:33:59.000Z</time>
        <extensions>
          <ns3:TrackPointExtension>
            <ns3:hr>133</ns3:hr>
            <ns3:cad>83</ns3:cad>
          </ns3:TrackPointExtension>
        </extensions>
      </trkpt>
      <trkpt lat="37.50386576168239116668701171875" lon="127.067473120987415313720703125">
        <ele>33.200000762939453125</ele>
        <time>2026-09-11T10:34:00.000Z</time>
        <extensions>
          <ns3:TrackPointExtension>
            <ns3:hr>134</ns3:hr>
            <ns3:cad>83</ns3:cad>
          </ns3:TrackPointExtension>
        </extensions>
      </trkpt>
      <trkpt lat="37.50383676029741764068603515625" lon="127.06748929806053638458251953125">
        <ele>33.200000762939453125</ele>
        <time>2026-09-11T10:34:01.000Z</time>
        <extensions>
          <ns3:TrackPointExtension>
            <ns3:hr>134</ns3:hr>
            <ns3:cad>83</ns3:cad>
          </ns3:TrackPointExtension>
        </extensions>
      </trkpt>
      <trkpt lat="37.50381010584533214569091796875" lon="127.06750153563916683197021484375">
        <ele>33.200000762939453125</ele>
        <time>2026-09-11T10:34:02.000Z</time>
        <extensions>
          <ns3:TrackPointExtension>
            <ns3:hr>134</ns3:hr>
            <ns3:cad>83</ns3:cad>
          </ns3:TrackPointExtension>
        </extensions>
      </trkpt>
      <trkpt lat="37.50377926044166088104248046875" lon="127.06752416677772998809814453125">
        <ele>33.200000762939453125</ele>
        <time>2026-09-11T10:34:03.000Z</time>
        <extensions>
          <ns3:TrackPointExtension>
            <ns3:hr>134</ns3:hr>
            <ns3:cad>83</ns3:cad>
          </ns3:TrackPointExtension>
        </extensions>
      </trkpt>
      <trkpt lat="37.5037513487040996551513671875" lon="127.067536823451519012451171875">
        <ele>33.200000762939453125</ele>
        <time>2026-09-11T10:34:04.000Z</time>
        <extensions>
          <ns3:TrackPointExtension>
            <ns3:hr>134</ns3:hr>
            <ns3:cad>83</ns3:cad>
          </ns3:TrackPointExtension>
        </extensions>
      </trkpt>
      <trkpt lat="37.50372444279491901397705078125" lon="127.06754160113632678985595703125">
        <ele>33.200000762939453125</ele>
        <time>2026-09-11T10:34:05.000Z</time>
        <extensions>
          <ns3:TrackPointExtension>
            <ns3:hr>134</ns3:hr>
            <ns3:cad>83</ns3:cad>
          </ns3:TrackPointExtension>
        </extensions>
      </trkpt>
      <trkpt lat="37.50368504785001277923583984375" lon="127.0675447024405002593994140625">
        <ele>33</ele>
        <time>2026-09-11T10:34:06.000Z</time>
        <extensions>
          <ns3:TrackPointExtension>
            <ns3:hr>134</ns3:hr>
            <ns3:cad>82</ns3:cad>
          </ns3:TrackPointExtension>
        </extensions>
      </trkpt>
      <trkpt lat="37.50365839339792728424072265625" lon="127.06755551509559154510498046875">
        <ele>33.200000762939453125</ele>
        <time>2026-09-11T10:34:07.000Z</time>
        <extensions>
          <ns3:TrackPointExtension>
            <ns3:hr>134</ns3:hr>
            <ns3:cad>82</ns3:cad>
          </ns3:TrackPointExtension>
        </extensions>
      </trkpt>
      <trkpt lat="37.5036299787461757659912109375" lon="127.0675738714635372161865234375">
        <ele>33.200000762939453125</ele>
        <time>2026-09-11T10:34:08.000Z</time>
        <extensions>
          <ns3:TrackPointExtension>
            <ns3:hr>135</ns3:hr>
            <ns3:cad>82</ns3:cad>
          </ns3:TrackPointExtension>
        </extensions>
      </trkpt>
      <trkpt lat="37.50360039062798023223876953125" lon="127.0675879530608654022216796875">
        <ele>33.200000762939453125</ele>
        <time>2026-09-11T10:34:09.000Z</time>
        <extensions>
          <ns3:TrackPointExtension>
            <ns3:hr>135</ns3:hr>
            <ns3:cad>82</ns3:cad>
          </ns3:TrackPointExtension>
        </extensions>
      </trkpt>
      <trkpt lat="37.50357993878424167633056640625" lon="127.06760630942881107330322265625">
        <ele>33.200000762939453125</ele>
        <time>2026-09-11T10:34:10.000Z</time>
        <extensions>
          <ns3:TrackPointExtension>
            <ns3:hr>136</ns3:hr>
            <ns3:cad>82</ns3:cad>
          </ns3:TrackPointExtension>
        </extensions>
      </trkpt>
      <trkpt lat="37.5035461597144603729248046875" lon="127.06764243543148040771484375">
        <ele>33.200000762939453125</ele>
        <time>2026-09-11T10:34:11.000Z</time>
        <extensions>
          <ns3:TrackPointExtension>
            <ns3:hr>137</ns3:hr>
            <ns3:cad>82</ns3:cad>
          </ns3:TrackPointExtension>
        </extensions>
      </trkpt>
      <trkpt lat="37.50352310948073863983154296875" lon="127.0676674135029315948486328125">
        <ele>33.200000762939453125</ele>
        <time>2026-09-11T10:34:12.000Z</time>
        <extensions>
          <ns3:TrackPointExtension>
            <ns3:hr>137</ns3:hr>
            <ns3:cad>82</ns3:cad>
          </ns3:TrackPointExtension>
        </extensions>
      </trkpt>
      <trkpt lat="37.50349243171513080596923828125" lon="127.06768526695668697357177734375">
        <ele>33.200000762939453125</ele>
        <time>2026-09-11T10:34:13.000Z</time>
        <extensions>
          <ns3:TrackPointExtension>
            <ns3:hr>137</ns3:hr>
            <ns3:cad>82</ns3:cad>
          </ns3:TrackPointExtension>
        </extensions>
      </trkpt>
      <trkpt lat="37.50345471315085887908935546875" lon="127.0676928944885730743408203125">
        <ele>33.40000152587890625</ele>
        <time>2026-09-11T10:34:14.000Z</time>
        <extensions>
          <ns3:TrackPointExtension>
            <ns3:hr>137</ns3:hr>
            <ns3:cad>82</ns3:cad>
          </ns3:TrackPointExtension>
        </extensions>
      </trkpt>
      <trkpt lat="37.50343275256454944610595703125" lon="127.0677066408097743988037109375">
        <ele>33.40000152587890625</ele>
        <time>2026-09-11T10:34:15.000Z</time>
        <extensions>
          <ns3:TrackPointExtension>
            <ns3:hr>137</ns3:hr>
            <ns3:cad>83</ns3:cad>
          </ns3:TrackPointExtension>
        </extensions>
      </trkpt>
      <trkpt lat="37.50339603982865810394287109375" lon="127.067727930843830108642578125">
        <ele>33.40000152587890625</ele>
        <time>2026-09-11T10:34:16.000Z</time>
        <extensions>
          <ns3:TrackPointExtension>
            <ns3:hr>138</ns3:hr>
            <ns3:cad>83</ns3:cad>
          </ns3:TrackPointExtension>
        </extensions>
      </trkpt>
      <trkpt lat="37.50336594879627227783203125" lon="127.06774444319307804107666015625">
        <ele>33.40000152587890625</ele>
        <time>2026-09-11T10:34:17.000Z</time>
        <extensions>
          <ns3:TrackPointExtension>
            <ns3:hr>138</ns3:hr>
            <ns3:cad>83</ns3:cad>
          </ns3:TrackPointExtension>
        </extensions>
      </trkpt>
      <trkpt lat="37.50334071926772594451904296875" lon="127.06775986589491367340087890625">
        <ele>33.40000152587890625</ele>
        <time>2026-09-11T10:34:18.000Z</time>
        <extensions>
          <ns3:TrackPointExtension>
            <ns3:hr>138</ns3:hr>
            <ns3:cad>83</ns3:cad>
          </ns3:TrackPointExtension>
        </extensions>
      </trkpt>
      <trkpt lat="37.5033030845224857330322265625" lon="127.06777595914900302886962890625">
        <ele>33.40000152587890625</ele>
        <time>2026-09-11T10:34:19.000Z</time>
        <extensions>
          <ns3:TrackPointExtension>
            <ns3:hr>139</ns3:hr>
            <ns3:cad>83</ns3:cad>
          </ns3:TrackPointExtension>
        </extensions>
      </trkpt>
      <trkpt lat="37.503282465040683746337890625" lon="127.06779574044048786163330078125">
        <ele>33.40000152587890625</ele>
        <time>2026-09-11T10:34:20.000Z</time>
        <extensions>
          <ns3:TrackPointExtension>
            <ns3:hr>139</ns3:hr>
            <ns3:cad>84</ns3:cad>
          </ns3:TrackPointExtension>
        </extensions>
      </trkpt>
      <trkpt lat="37.5032527931034564971923828125" lon="127.06782256253063678741455078125">
        <ele>33.40000152587890625</ele>
        <time>2026-09-11T10:34:21.000Z</time>
        <extensions>
          <ns3:TrackPointExtension>
            <ns3:hr>139</ns3:hr>
            <ns3:cad>83</ns3:cad>
          </ns3:TrackPointExtension>
        </extensions>
      </trkpt>
      <trkpt lat="37.50322513282299041748046875" lon="127.06783966161310672760009765625">
        <ele>33.40000152587890625</ele>
        <time>2026-09-11T10:34:22.000Z</time>
        <extensions>
          <ns3:TrackPointExtension>
            <ns3:hr>139</ns3:hr>
            <ns3:cad>83</ns3:cad>
          </ns3:TrackPointExtension>
        </extensions>
      </trkpt>
      <trkpt lat="37.503198646008968353271484375" lon="127.06785432994365692138671875">
        <ele>33.40000152587890625</ele>
        <time>2026-09-11T10:34:23.000Z</time>
        <extensions>
          <ns3:TrackPointExtension>
            <ns3:hr>140</ns3:hr>
            <ns3:cad>83</ns3:cad>
          </ns3:TrackPointExtension>
        </extensions>
      </trkpt>
      <trkpt lat="37.5031600892543792724609375" lon="127.067856676876544952392578125">
        <ele>33.40000152587890625</ele>
        <time>2026-09-11T10:34:24.000Z</time>
        <extensions>
          <ns3:TrackPointExtension>
            <ns3:hr>140</ns3:hr>
            <ns3:cad>83</ns3:cad>
          </ns3:TrackPointExtension>
        </extensions>
      </trkpt>
      <trkpt lat="37.5031381286680698394775390625" lon="127.067870758473873138427734375">
        <ele>33.40000152587890625</ele>
        <time>2026-09-11T10:34:25.000Z</time>
        <extensions>
          <ns3:TrackPointExtension>
            <ns3:hr>140</ns3:hr>
            <ns3:cad>83</ns3:cad>
          </ns3:TrackPointExtension>
        </extensions>
      </trkpt>
      <trkpt lat="37.503100745379924774169921875" lon="127.06789548508822917938232421875">
        <ele>33.40000152587890625</ele>
        <time>2026-09-11T10:34:26.000Z</time>
        <extensions>
          <ns3:TrackPointExtension>
            <ns3:hr>140</ns3:hr>
            <ns3:cad>83</ns3:cad>
          </ns3:TrackPointExtension>
        </extensions>
      </trkpt>
      <trkpt lat="37.50307350419461727142333984375" lon="127.06791342236101627349853515625">
        <ele>33.200000762939453125</ele>
        <time>2026-09-11T10:34:27.000Z</time>
        <extensions>
          <ns3:TrackPointExtension>
            <ns3:hr>140</ns3:hr>
            <ns3:cad>84</ns3:cad>
          </ns3:TrackPointExtension>
        </extensions>
      </trkpt>
      <trkpt lat="37.5030476041138172149658203125" lon="127.06793270073831081390380859375">
        <ele>33.200000762939453125</ele>
        <time>2026-09-11T10:34:28.000Z</time>
        <extensions>
          <ns3:TrackPointExtension>
            <ns3:hr>140</ns3:hr>
            <ns3:cad>84</ns3:cad>
          </ns3:TrackPointExtension>
        </extensions>
      </trkpt>
      <trkpt lat="37.5030113942921161651611328125" lon="127.06794979982078075408935546875">
        <ele>33.40000152587890625</ele>
        <time>2026-09-11T10:34:29.000Z</time>
        <extensions>
          <ns3:TrackPointExtension>
            <ns3:hr>140</ns3:hr>
            <ns3:cad>84</ns3:cad>
          </ns3:TrackPointExtension>
        </extensions>
      </trkpt>
      <trkpt lat="37.502994798123836517333984375" lon="127.06796958111226558685302734375">
        <ele>33.40000152587890625</ele>
        <time>2026-09-11T10:34:30.000Z</time>
        <extensions>
          <ns3:TrackPointExtension>
            <ns3:hr>140</ns3:hr>
            <ns3:cad>84</ns3:cad>
          </ns3:TrackPointExtension>
        </extensions>
      </trkpt>
      <trkpt lat="37.50296202488243579864501953125" lon="127.068003527820110321044921875">
        <ele>33.40000152587890625</ele>
        <time>2026-09-11T10:34:31.000Z</time>
        <extensions>
          <ns3:TrackPointExtension>
            <ns3:hr>140</ns3:hr>
            <ns3:cad>84</ns3:cad>
          </ns3:TrackPointExtension>
        </extensions>
      </trkpt>
      <trkpt lat="37.50293570570647716522216796875" lon="127.0680248178541660308837890625">
        <ele>33.40000152587890625</ele>
        <time>2026-09-11T10:34:32.000Z</time>
        <extensions>
          <ns3:TrackPointExtension>
            <ns3:hr>140</ns3:hr>
            <ns3:cad>84</ns3:cad>
          </ns3:TrackPointExtension>
        </extensions>
      </trkpt>
      <trkpt lat="37.5029098056256771087646484375" lon="127.06804208457469940185546875">
        <ele>33.40000152587890625</ele>
        <time>2026-09-11T10:34:33.000Z</time>
        <extensions>
          <ns3:TrackPointExtension>
            <ns3:hr>140</ns3:hr>
            <ns3:cad>83</ns3:cad>
          </ns3:TrackPointExtension>
        </extensions>
      </trkpt>
      <trkpt lat="37.50287116505205631256103515625" lon="127.06805507652461528778076171875">
        <ele>33.40000152587890625</ele>
        <time>2026-09-11T10:34:34.000Z</time>
        <extensions>
          <ns3:TrackPointExtension>
            <ns3:hr>140</ns3:hr>
            <ns3:cad>83</ns3:cad>
          </ns3:TrackPointExtension>
        </extensions>
      </trkpt>
      <trkpt lat="37.50285037793219089508056640625" lon="127.06807804293930530548095703125">
        <ele>33.40000152587890625</ele>
        <time>2026-09-11T10:34:35.000Z</time>
        <extensions>
          <ns3:TrackPointExtension>
            <ns3:hr>140</ns3:hr>
            <ns3:cad>83</ns3:cad>
          </ns3:TrackPointExtension>
        </extensions>
      </trkpt>
      <trkpt lat="37.50281668268144130706787109375" lon="127.0681059546768665313720703125">
        <ele>33.40000152587890625</ele>
        <time>2026-09-11T10:34:36.000Z</time>
        <extensions>
          <ns3:TrackPointExtension>
            <ns3:hr>141</ns3:hr>
            <ns3:cad>84</ns3:cad>
          </ns3:TrackPointExtension>
        </extensions>
      </trkpt>
      <trkpt lat="37.5027847476303577423095703125" lon="127.068122886121273040771484375">
        <ele>33.40000152587890625</ele>
        <time>2026-09-11T10:34:37.000Z</time>
        <extensions>
          <ns3:TrackPointExtension>
            <ns3:hr>141</ns3:hr>
            <ns3:cad>84</ns3:cad>
          </ns3:TrackPointExtension>
        </extensions>
      </trkpt>
      <trkpt lat="37.502756752073764801025390625" lon="127.0681371353566646575927734375">
        <ele>33.40000152587890625</ele>
        <time>2026-09-11T10:34:38.000Z</time>
        <extensions>
          <ns3:TrackPointExtension>
            <ns3:hr>142</ns3:hr>
            <ns3:cad>84</ns3:cad>
          </ns3:TrackPointExtension>
        </extensions>
      </trkpt>
      <trkpt lat="37.50272146426141262054443359375" lon="127.0681433379650115966796875">
        <ele>33.40000152587890625</ele>
        <time>2026-09-11T10:34:39.000Z</time>
        <extensions>
          <ns3:TrackPointExtension>
            <ns3:hr>142</ns3:hr>
            <ns3:cad>84</ns3:cad>
          </ns3:TrackPointExtension>
        </extensions>
      </trkpt>
      <trkpt lat="37.50269212760031223297119140625" lon="127.0681562460958957672119140625">
        <ele>33.40000152587890625</ele>
        <time>2026-09-11T10:34:40.000Z</time>
        <extensions>
          <ns3:TrackPointExtension>
            <ns3:hr>142</ns3:hr>
            <ns3:cad>83</ns3:cad>
          </ns3:TrackPointExtension>
        </extensions>
      </trkpt>
      <trkpt lat="37.5026513077318668365478515625" lon="127.068172506988048553466796875">
        <ele>33.40000152587890625</ele>
        <time>2026-09-11T10:34:41.000Z</time>
        <extensions>
          <ns3:TrackPointExtension>
            <ns3:hr>142</ns3:hr>
            <ns3:cad>83</ns3:cad>
          </ns3:TrackPointExtension>
        </extensions>
      </trkpt>
      <trkpt lat="37.502619959414005279541015625" lon="127.06819153390824794769287109375">
        <ele>33.40000152587890625</ele>
        <time>2026-09-11T10:34:42.000Z</time>
        <extensions>
          <ns3:TrackPointExtension>
            <ns3:hr>142</ns3:hr>
            <ns3:cad>83</ns3:cad>
          </ns3:TrackPointExtension>
        </extensions>
      </trkpt>
      <trkpt lat="37.50259271822869777679443359375" lon="127.068212069571018218994140625">
        <ele>33.40000152587890625</ele>
        <time>2026-09-11T10:34:43.000Z</time>
        <extensions>
          <ns3:TrackPointExtension>
            <ns3:hr>143</ns3:hr>
            <ns3:cad>83</ns3:cad>
          </ns3:TrackPointExtension>
        </extensions>
      </trkpt>
      <trkpt lat="37.50255952589213848114013671875" lon="127.06823260523378849029541015625">
        <ele>33.40000152587890625</ele>
        <time>2026-09-11T10:34:44.000Z</time>
        <extensions>
          <ns3:TrackPointExtension>
            <ns3:hr>143</ns3:hr>
            <ns3:cad>84</ns3:cad>
          </ns3:TrackPointExtension>
        </extensions>
      </trkpt>
      <trkpt lat="37.50254192389547824859619140625" lon="127.06825238652527332305908203125">
        <ele>33.40000152587890625</ele>
        <time>2026-09-11T10:34:45.000Z</time>
        <extensions>
          <ns3:TrackPointExtension>
            <ns3:hr>143</ns3:hr>
            <ns3:cad>84</ns3:cad>
          </ns3:TrackPointExtension>
        </extensions>
      </trkpt>
      <trkpt lat="37.50252314843237400054931640625" lon="127.068293206393718719482421875">
        <ele>33.40000152587890625</ele>
        <time>2026-09-11T10:34:46.000Z</time>
        <extensions>
          <ns3:TrackPointExtension>
            <ns3:hr>143</ns3:hr>
            <ns3:cad>84</ns3:cad>
          </ns3:TrackPointExtension>
        </extensions>
      </trkpt>
      <trkpt lat="37.50249666161835193634033203125" lon="127.06831810064613819122314453125">
        <ele>33.40000152587890625</ele>
        <time>2026-09-11T10:34:47.000Z</time>
        <extensions>
          <ns3:TrackPointExtension>
            <ns3:hr>143</ns3:hr>
            <ns3:cad>85</ns3:cad>
          </ns3:TrackPointExtension>
        </extensions>
      </trkpt>
      <trkpt lat="37.5024783052504062652587890625" lon="127.06834341399371623992919921875">
        <ele>33.40000152587890625</ele>
        <time>2026-09-11T10:34:48.000Z</time>
        <extensions>
          <ns3:TrackPointExtension>
            <ns3:hr>143</ns3:hr>
            <ns3:cad>85</ns3:cad>
          </ns3:TrackPointExtension>
        </extensions>
      </trkpt>
      <trkpt lat="37.50245341099798679351806640625" lon="127.068379037082195281982421875">
        <ele>33.40000152587890625</ele>
        <time>2026-09-11T10:34:49.000Z</time>
        <extensions>
          <ns3:TrackPointExtension>
            <ns3:hr>143</ns3:hr>
            <ns3:cad>84</ns3:cad>
          </ns3:TrackPointExtension>
        </extensions>
      </trkpt>
      <trkpt lat="37.5024397484958171844482421875" lon="127.06841046921908855438232421875">
        <ele>33.40000152587890625</ele>
        <time>2026-09-11T10:34:50.000Z</time>
        <extensions>
          <ns3:TrackPointExtension>
            <ns3:hr>144</ns3:hr>
            <ns3:cad>84</ns3:cad>
          </ns3:TrackPointExtension>
        </extensions>
      </trkpt>
      <trkpt lat="37.50242315232753753662109375" lon="127.06846025772392749786376953125">
        <ele>33.40000152587890625</ele>
        <time>2026-09-11T10:34:51.000Z</time>
        <extensions>
          <ns3:TrackPointExtension>
            <ns3:hr>144</ns3:hr>
            <ns3:cad>84</ns3:cad>
          </ns3:TrackPointExtension>
        </extensions>
      </trkpt>
      <trkpt lat="37.50241518951952457427978515625" lon="127.06850342452526092529296875">
        <ele>33.40000152587890625</ele>
        <time>2026-09-11T10:34:52.000Z</time>
        <extensions>
          <ns3:TrackPointExtension>
            <ns3:hr>144</ns3:hr>
            <ns3:cad>41</ns3:cad>
          </ns3:TrackPointExtension>
        </extensions>
      </trkpt>
      <trkpt lat="37.5024171173572540283203125" lon="127.06853670068085193634033203125">
        <ele>33.40000152587890625</ele>
        <time>2026-09-11T10:34:53.000Z</time>
        <extensions>
          <ns3:TrackPointExtension>
            <ns3:hr>144</ns3:hr>
            <ns3:cad>41</ns3:cad>
          </ns3:TrackPointExtension>
        </extensions>
      </trkpt>
      <trkpt lat="37.50240915454924106597900390625" lon="127.0685939490795135498046875">
        <ele>33.40000152587890625</ele>
        <time>2026-09-11T10:34:54.000Z</time>
        <extensions>
          <ns3:TrackPointExtension>
            <ns3:hr>143</ns3:hr>
            <ns3:cad>41</ns3:cad>
          </ns3:TrackPointExtension>
        </extensions>
      </trkpt>
      <trkpt lat="37.50241736881434917449951171875" lon="127.0686236210167407989501953125">
        <ele>33.200000762939453125</ele>
        <time>2026-09-11T10:34:55.000Z</time>
        <extensions>
          <ns3:TrackPointExtension>
            <ns3:hr>144</ns3:hr>
            <ns3:cad>41</ns3:cad>
          </ns3:TrackPointExtension>
        </extensions>
      </trkpt>
      <trkpt lat="37.5024192966520786285400390625" lon="127.068670056760311126708984375">
        <ele>33.200000762939453125</ele>
        <time>2026-09-11T10:34:56.000Z</time>
        <extensions>
          <ns3:TrackPointExtension>
            <ns3:hr>144</ns3:hr>
            <ns3:cad>41</ns3:cad>
          </ns3:TrackPointExtension>
        </extensions>
      </trkpt>
      <trkpt lat="37.50242440961301326751708984375" lon="127.068715654313564300537109375">
        <ele>33.40000152587890625</ele>
        <time>2026-09-11T10:34:57.000Z</time>
        <extensions>
          <ns3:TrackPointExtension>
            <ns3:hr>144</ns3:hr>
            <ns3:cad>83</ns3:cad>
          </ns3:TrackPointExtension>
        </extensions>
      </trkpt>
      <trkpt lat="37.50243798829615116119384765625" lon="127.0687446556985378265380859375">
        <ele>33.200000762939453125</ele>
        <time>2026-09-11T10:34:58.000Z</time>
        <extensions>
          <ns3:TrackPointExtension>
            <ns3:hr>144</ns3:hr>
            <ns3:cad>83</ns3:cad>
          </ns3:TrackPointExtension>
        </extensions>
      </trkpt>
      <trkpt lat="37.50245324335992336273193359375" lon="127.06878514029085636138916015625">
        <ele>33.40000152587890625</ele>
        <time>2026-09-11T10:34:59.000Z</time>
        <extensions>
          <ns3:TrackPointExtension>
            <ns3:hr>144</ns3:hr>
            <ns3:cad>83</ns3:cad>
          </ns3:TrackPointExtension>
        </extensions>
      </trkpt>
      <trkpt lat="37.502473779022693634033203125" lon="127.06881565041840076446533203125">
        <ele>33.40000152587890625</ele>
        <time>2026-09-11T10:35:00.000Z</time>
        <extensions>
          <ns3:TrackPointExtension>
            <ns3:hr>144</ns3:hr>
            <ns3:cad>83</ns3:cad>
          </ns3:TrackPointExtension>
        </extensions>
      </trkpt>
      <trkpt lat="37.5025002658367156982421875" lon="127.0688509382307529449462890625">
        <ele>33.59999847412109375</ele>
        <time>2026-09-11T10:35:01.000Z</time>
        <extensions>
          <ns3:TrackPointExtension>
            <ns3:hr>144</ns3:hr>
            <ns3:cad>83</ns3:cad>
          </ns3:TrackPointExtension>
        </extensions>
      </trkpt>
      <trkpt lat="37.502524740993976593017578125" lon="127.06888622604310512542724609375">
        <ele>33.59999847412109375</ele>
        <time>2026-09-11T10:35:02.000Z</time>
        <extensions>
          <ns3:TrackPointExtension>
            <ns3:hr>145</ns3:hr>
            <ns3:cad>83</ns3:cad>
          </ns3:TrackPointExtension>
        </extensions>
      </trkpt>
      <trkpt lat="37.50254695303738117218017578125" lon="127.06890902481973171234130859375">
        <ele>33.59999847412109375</ele>
        <time>2026-09-11T10:35:03.000Z</time>
        <extensions>
          <ns3:TrackPointExtension>
            <ns3:hr>145</ns3:hr>
            <ns3:cad>83</ns3:cad>
          </ns3:TrackPointExtension>
        </extensions>
      </trkpt>
      <trkpt lat="37.502581067383289337158203125" lon="127.06893148832023143768310546875">
        <ele>33.799999237060546875</ele>
        <time>2026-09-11T10:35:04.000Z</time>
        <extensions>
          <ns3:TrackPointExtension>
            <ns3:hr>145</ns3:hr>
            <ns3:cad>83</ns3:cad>
          </ns3:TrackPointExtension>
        </extensions>
      </trkpt>
      <trkpt lat="37.502609230577945709228515625" lon="127.06894791685044765472412109375">
        <ele>33.799999237060546875</ele>
        <time>2026-09-11T10:35:05.000Z</time>
        <extensions>
          <ns3:TrackPointExtension>
            <ns3:hr>145</ns3:hr>
            <ns3:cad>83</ns3:cad>
          </ns3:TrackPointExtension>
        </extensions>
      </trkpt>
      <trkpt lat="37.502634711563587188720703125" lon="127.06895613111555576324462890625">
        <ele>33.799999237060546875</ele>
        <time>2026-09-11T10:35:06.000Z</time>
        <extensions>
          <ns3:TrackPointExtension>
            <ns3:hr>146</ns3:hr>
            <ns3:cad>83</ns3:cad>
          </ns3:TrackPointExtension>
        </extensions>
      </trkpt>
      <trkpt lat="37.50267251394689083099365234375" lon="127.068971134722232818603515625">
        <ele>33.799999237060546875</ele>
        <time>2026-09-11T10:35:07.000Z</time>
        <extensions>
          <ns3:TrackPointExtension>
            <ns3:hr>146</ns3:hr>
            <ns3:cad>83</ns3:cad>
          </ns3:TrackPointExtension>
        </extensions>
      </trkpt>
      <trkpt lat="37.50269061885774135589599609375" lon="127.068969123065471649169921875">
        <ele>33.799999237060546875</ele>
        <time>2026-09-11T10:35:08.000Z</time>
        <extensions>
          <ns3:TrackPointExtension>
            <ns3:hr>146</ns3:hr>
            <ns3:cad>83</ns3:cad>
          </ns3:TrackPointExtension>
        </extensions>
      </trkpt>
      <trkpt lat="37.5027260743081569671630859375" lon="127.06897691823542118072509765625">
        <ele>33.59999847412109375</ele>
        <time>2026-09-11T10:35:09.000Z</time>
        <extensions>
          <ns3:TrackPointExtension>
            <ns3:hr>146</ns3:hr>
            <ns3:cad>83</ns3:cad>
          </ns3:TrackPointExtension>
        </extensions>
      </trkpt>
      <trkpt lat="37.50275574624538421630859375" lon="127.06898530013859272003173828125">
        <ele>33.40000152587890625</ele>
        <time>2026-09-11T10:35:10.000Z</time>
        <extensions>
          <ns3:TrackPointExtension>
            <ns3:hr>146</ns3:hr>
            <ns3:cad>83</ns3:cad>
          </ns3:TrackPointExtension>
        </extensions>
      </trkpt>
      <trkpt lat="37.50278600491583347320556640625" lon="127.068983875215053558349609375">
        <ele>33.40000152587890625</ele>
        <time>2026-09-11T10:35:11.000Z</time>
        <extensions>
          <ns3:TrackPointExtension>
            <ns3:hr>146</ns3:hr>
            <ns3:cad>83</ns3:cad>
          </ns3:TrackPointExtension>
        </extensions>
      </trkpt>
      <trkpt lat="37.5028288364410400390625" lon="127.06896300427615642547607421875">
        <ele>33.40000152587890625</ele>
        <time>2026-09-11T10:35:12.000Z</time>
        <extensions>
          <ns3:TrackPointExtension>
            <ns3:hr>147</ns3:hr>
            <ns3:cad>83</ns3:cad>
          </ns3:TrackPointExtension>
        </extensions>
      </trkpt>
      <trkpt lat="37.50285641290247440338134765625" lon="127.0689444802701473236083984375">
        <ele>33.40000152587890625</ele>
        <time>2026-09-11T10:35:13.000Z</time>
        <extensions>
          <ns3:TrackPointExtension>
            <ns3:hr>147</ns3:hr>
            <ns3:cad>83</ns3:cad>
          </ns3:TrackPointExtension>
        </extensions>
      </trkpt>
      <trkpt lat="37.502886168658733367919921875" lon="127.06891774199903011322021484375">
        <ele>33.40000152587890625</ele>
        <time>2026-09-11T10:35:14.000Z</time>
        <extensions>
          <ns3:TrackPointExtension>
            <ns3:hr>147</ns3:hr>
            <ns3:cad>83</ns3:cad>
          </ns3:TrackPointExtension>
        </extensions>
      </trkpt>
      <trkpt lat="37.50291936099529266357421875" lon="127.0688978768885135650634765625">
        <ele>33.40000152587890625</ele>
        <time>2026-09-11T10:35:15.000Z</time>
        <extensions>
          <ns3:TrackPointExtension>
            <ns3:hr>147</ns3:hr>
            <ns3:cad>83</ns3:cad>
          </ns3:TrackPointExtension>
        </extensions>
      </trkpt>
      <trkpt lat="37.50294107012450695037841796875" lon="127.06887356936931610107421875">
        <ele>33.40000152587890625</ele>
        <time>2026-09-11T10:35:16.000Z</time>
        <extensions>
          <ns3:TrackPointExtension>
            <ns3:hr>147</ns3:hr>
            <ns3:cad>83</ns3:cad>
          </ns3:TrackPointExtension>
        </extensions>
      </trkpt>
      <trkpt lat="37.5029741786420345306396484375" lon="127.0688492618501186370849609375">
        <ele>33.40000152587890625</ele>
        <time>2026-09-11T10:35:17.000Z</time>
        <extensions>
          <ns3:TrackPointExtension>
            <ns3:hr>147</ns3:hr>
            <ns3:cad>83</ns3:cad>
          </ns3:TrackPointExtension>
        </extensions>
      </trkpt>
      <trkpt lat="37.50299890525639057159423828125" lon="127.06882470287382602691650390625">
        <ele>33.40000152587890625</ele>
        <time>2026-09-11T10:35:18.000Z</time>
        <extensions>
          <ns3:TrackPointExtension>
            <ns3:hr>147</ns3:hr>
            <ns3:cad>83</ns3:cad>
          </ns3:TrackPointExtension>
        </extensions>
      </trkpt>
      <trkpt lat="37.5030237995088100433349609375" lon="127.0688045024871826171875">
        <ele>33.40000152587890625</ele>
        <time>2026-09-11T10:35:19.000Z</time>
        <extensions>
          <ns3:TrackPointExtension>
            <ns3:hr>148</ns3:hr>
            <ns3:cad>83</ns3:cad>
          </ns3:TrackPointExtension>
        </extensions>
      </trkpt>
      <trkpt lat="37.50306151807308197021484375" lon="127.06878832541406154632568359375">
        <ele>33.40000152587890625</ele>
        <time>2026-09-11T10:35:20.000Z</time>
        <extensions>
          <ns3:TrackPointExtension>
            <ns3:hr>148</ns3:hr>
            <ns3:cad>83</ns3:cad>
          </ns3:TrackPointExtension>
        </extensions>
      </trkpt>
      <trkpt lat="37.50308423303067684173583984375" lon="127.06877298653125762939453125">
        <ele>33.40000152587890625</ele>
        <time>2026-09-11T10:35:21.000Z</time>
        <extensions>
          <ns3:TrackPointExtension>
            <ns3:hr>148</ns3:hr>
            <ns3:cad>84</ns3:cad>
          </ns3:TrackPointExtension>
        </extensions>
      </trkpt>
      <trkpt lat="37.5031183473765850067138671875" lon="127.068756558001041412353515625">
        <ele>33.40000152587890625</ele>
        <time>2026-09-11T10:35:22.000Z</time>
        <extensions>
          <ns3:TrackPointExtension>
            <ns3:hr>147</ns3:hr>
            <ns3:cad>84</ns3:cad>
          </ns3:TrackPointExtension>
        </extensions>
      </trkpt>
      <trkpt lat="37.5031471811234951019287109375" lon="127.06874222494661808013916015625">
        <ele>33.40000152587890625</ele>
        <time>2026-09-11T10:35:23.000Z</time>
        <extensions>
          <ns3:TrackPointExtension>
            <ns3:hr>148</ns3:hr>
            <ns3:cad>84</ns3:cad>
          </ns3:TrackPointExtension>
        </extensions>
      </trkpt>
      <trkpt lat="37.5031770206987857818603515625" lon="127.06872143782675266265869140625">
        <ele>33.200000762939453125</ele>
        <time>2026-09-11T10:35:24.000Z</time>
        <extensions>
          <ns3:TrackPointExtension>
            <ns3:hr>148</ns3:hr>
            <ns3:cad>84</ns3:cad>
          </ns3:TrackPointExtension>
        </extensions>
      </trkpt>
      <trkpt lat="37.5032137334346771240234375" lon="127.068711631000041961669921875">
        <ele>33.200000762939453125</ele>
        <time>2026-09-11T10:35:25.000Z</time>
        <extensions>
          <ns3:TrackPointExtension>
            <ns3:hr>148</ns3:hr>
            <ns3:cad>84</ns3:cad>
          </ns3:TrackPointExtension>
        </extensions>
      </trkpt>
      <trkpt lat="37.50323795713484287261962890625" lon="127.06868941895663738250732421875">
        <ele>33.200000762939453125</ele>
        <time>2026-09-11T10:35:26.000Z</time>
        <extensions>
          <ns3:TrackPointExtension>
            <ns3:hr>148</ns3:hr>
            <ns3:cad>83</ns3:cad>
          </ns3:TrackPointExtension>
        </extensions>
      </trkpt>
      <trkpt lat="37.5032776035368442535400390625" lon="127.0686796121299266815185546875">
        <ele>33.200000762939453125</ele>
        <time>2026-09-11T10:35:27.000Z</time>
        <extensions>
          <ns3:TrackPointExtension>
            <ns3:hr>148</ns3:hr>
            <ns3:cad>84</ns3:cad>
          </ns3:TrackPointExtension>
        </extensions>
      </trkpt>
      <trkpt lat="37.50330015085637569427490234375" lon="127.06866360269486904144287109375">
        <ele>33.200000762939453125</ele>
        <time>2026-09-11T10:35:28.000Z</time>
        <extensions>
          <ns3:TrackPointExtension>
            <ns3:hr>148</ns3:hr>
            <ns3:cad>84</ns3:cad>
          </ns3:TrackPointExtension>
        </extensions>
      </trkpt>
      <trkpt lat="37.5033372826874256134033203125" lon="127.06863895989954471588134765625">
        <ele>33.200000762939453125</ele>
        <time>2026-09-11T10:35:29.000Z</time>
        <extensions>
          <ns3:TrackPointExtension>
            <ns3:hr>148</ns3:hr>
            <ns3:cad>85</ns3:cad>
          </ns3:TrackPointExtension>
        </extensions>
      </trkpt>
      <trkpt lat="37.503365613520145416259765625" lon="127.068621106445789337158203125">
        <ele>33.200000762939453125</ele>
        <time>2026-09-11T10:35:30.000Z</time>
        <extensions>
          <ns3:TrackPointExtension>
            <ns3:hr>147</ns3:hr>
            <ns3:cad>85</ns3:cad>
          </ns3:TrackPointExtension>
        </extensions>
      </trkpt>
      <trkpt lat="37.50338782556354999542236328125" lon="127.0685944519937038421630859375">
        <ele>33.40000152587890625</ele>
        <time>2026-09-11T10:35:31.000Z</time>
        <extensions>
          <ns3:TrackPointExtension>
            <ns3:hr>148</ns3:hr>
            <ns3:cad>86</ns3:cad>
          </ns3:TrackPointExtension>
        </extensions>
      </trkpt>
      <trkpt lat="37.503421604633331298828125" lon="127.0685793645679950714111328125">
        <ele>33.40000152587890625</ele>
        <time>2026-09-11T10:35:32.000Z</time>
        <extensions>
          <ns3:TrackPointExtension>
            <ns3:hr>148</ns3:hr>
            <ns3:cad>86</ns3:cad>
          </ns3:TrackPointExtension>
        </extensions>
      </trkpt>
      <trkpt lat="37.503440044820308685302734375" lon="127.0685575716197490692138671875">
        <ele>33.59999847412109375</ele>
        <time>2026-09-11T10:35:33.000Z</time>
        <extensions>
          <ns3:TrackPointExtension>
            <ns3:hr>147</ns3:hr>
            <ns3:cad>86</ns3:cad>
          </ns3:TrackPointExtension>
        </extensions>
      </trkpt>
      <trkpt lat="37.50347818247973918914794921875" lon="127.0685347728431224822998046875">
        <ele>33.59999847412109375</ele>
        <time>2026-09-11T10:35:34.000Z</time>
        <extensions>
          <ns3:TrackPointExtension>
            <ns3:hr>147</ns3:hr>
            <ns3:cad>86</ns3:cad>
          </ns3:TrackPointExtension>
        </extensions>
      </trkpt>
      <trkpt lat="37.5035022385418415069580078125" lon="127.06851574592292308807373046875">
        <ele>33.59999847412109375</ele>
        <time>2026-09-11T10:35:35.000Z</time>
        <extensions>
          <ns3:TrackPointExtension>
            <ns3:hr>148</ns3:hr>
            <ns3:cad>86</ns3:cad>
          </ns3:TrackPointExtension>
        </extensions>
      </trkpt>
      <trkpt lat="37.5035381130874156951904296875" lon="127.068493366241455078125">
        <ele>33.59999847412109375</ele>
        <time>2026-09-11T10:35:36.000Z</time>
        <extensions>
          <ns3:TrackPointExtension>
            <ns3:hr>147</ns3:hr>
            <ns3:cad>86</ns3:cad>
          </ns3:TrackPointExtension>
        </extensions>
      </trkpt>
      <trkpt lat="37.50357038341462612152099609375" lon="127.0684724114835262298583984375">
        <ele>33.59999847412109375</ele>
        <time>2026-09-11T10:35:37.000Z</time>
        <extensions>
          <ns3:TrackPointExtension>
            <ns3:hr>148</ns3:hr>
            <ns3:cad>85</ns3:cad>
          </ns3:TrackPointExtension>
        </extensions>
      </trkpt>
      <trkpt lat="37.50359594821929931640625" lon="127.068455480039119720458984375">
        <ele>33.59999847412109375</ele>
        <time>2026-09-11T10:35:38.000Z</time>
        <extensions>
          <ns3:TrackPointExtension>
            <ns3:hr>148</ns3:hr>
            <ns3:cad>85</ns3:cad>
          </ns3:TrackPointExtension>
        </extensions>
      </trkpt>
      <trkpt lat="37.5036309845745563507080078125" lon="127.06843695603311061859130859375">
        <ele>33.59999847412109375</ele>
        <time>2026-09-11T10:35:39.000Z</time>
        <extensions>
          <ns3:TrackPointExtension>
            <ns3:hr>148</ns3:hr>
            <ns3:cad>85</ns3:cad>
          </ns3:TrackPointExtension>
        </extensions>
      </trkpt>
      <trkpt lat="37.50364967621862888336181640625" lon="127.0684211142361164093017578125">
        <ele>33.799999237060546875</ele>
        <time>2026-09-11T10:35:40.000Z</time>
        <extensions>
          <ns3:TrackPointExtension>
            <ns3:hr>148</ns3:hr>
            <ns3:cad>85</ns3:cad>
          </ns3:TrackPointExtension>
        </extensions>
      </trkpt>
      <trkpt lat="37.50368672423064708709716796875" lon="127.0683976449072360992431640625">
        <ele>33.799999237060546875</ele>
        <time>2026-09-11T10:35:41.000Z</time>
        <extensions>
          <ns3:TrackPointExtension>
            <ns3:hr>148</ns3:hr>
            <ns3:cad>85</ns3:cad>
          </ns3:TrackPointExtension>
        </extensions>
      </trkpt>
      <trkpt lat="37.5037077628076076507568359375" lon="127.06838264130055904388427734375">
        <ele>33.799999237060546875</ele>
        <time>2026-09-11T10:35:42.000Z</time>
        <extensions>
          <ns3:TrackPointExtension>
            <ns3:hr>148</ns3:hr>
            <ns3:cad>85</ns3:cad>
          </ns3:TrackPointExtension>
        </extensions>
      </trkpt>
      <trkpt lat="37.50373651273548603057861328125" lon="127.06835833378136157989501953125">
        <ele>33.799999237060546875</ele>
        <time>2026-09-11T10:35:43.000Z</time>
        <extensions>
          <ns3:TrackPointExtension>
            <ns3:hr>148</ns3:hr>
            <ns3:cad>86</ns3:cad>
          </ns3:TrackPointExtension>
        </extensions>
      </trkpt>
      <trkpt lat="37.5037609040737152099609375" lon="127.0683342777192592620849609375">
        <ele>33.799999237060546875</ele>
        <time>2026-09-11T10:35:44.000Z</time>
        <extensions>
          <ns3:TrackPointExtension>
            <ns3:hr>149</ns3:hr>
            <ns3:cad>86</ns3:cad>
          </ns3:TrackPointExtension>
        </extensions>
      </trkpt>
      <trkpt lat="37.50377523712813854217529296875" lon="127.06830703653395175933837890625">
        <ele>33.799999237060546875</ele>
        <time>2026-09-11T10:35:45.000Z</time>
        <extensions>
          <ns3:TrackPointExtension>
            <ns3:hr>149</ns3:hr>
            <ns3:cad>86</ns3:cad>
          </ns3:TrackPointExtension>
        </extensions>
      </trkpt>
      <trkpt lat="37.503802143037319183349609375" lon="127.06827267073094844818115234375">
        <ele>33.59999847412109375</ele>
        <time>2026-09-11T10:35:46.000Z</time>
        <extensions>
          <ns3:TrackPointExtension>
            <ns3:hr>148</ns3:hr>
            <ns3:cad>86</ns3:cad>
          </ns3:TrackPointExtension>
        </extensions>
      </trkpt>
      <trkpt lat="37.50381899066269397735595703125" lon="127.068246938288211822509765625">
        <ele>33.59999847412109375</ele>
        <time>2026-09-11T10:35:47.000Z</time>
        <extensions>
          <ns3:TrackPointExtension>
            <ns3:hr>148</ns3:hr>
            <ns3:cad>86</ns3:cad>
          </ns3:TrackPointExtension>
        </extensions>
      </trkpt>
      <trkpt lat="37.503844387829303741455078125" lon="127.068211399018764495849609375">
        <ele>33.59999847412109375</ele>
        <time>2026-09-11T10:35:48.000Z</time>
        <extensions>
          <ns3:TrackPointExtension>
            <ns3:hr>148</ns3:hr>
            <ns3:cad>86</ns3:cad>
          </ns3:TrackPointExtension>
        </extensions>
      </trkpt>
      <trkpt lat="37.50385184772312641143798828125" lon="127.06817753612995147705078125">
        <ele>33.59999847412109375</ele>
        <time>2026-09-11T10:35:49.000Z</time>
        <extensions>
          <ns3:TrackPointExtension>
            <ns3:hr>149</ns3:hr>
            <ns3:cad>86</ns3:cad>
          </ns3:TrackPointExtension>
        </extensions>
      </trkpt>
      <trkpt lat="37.5038572959601879119873046875" lon="127.0681379735469818115234375">
        <ele>33.59999847412109375</ele>
        <time>2026-09-11T10:35:50.000Z</time>
        <extensions>
          <ns3:TrackPointExtension>
            <ns3:hr>149</ns3:hr>
            <ns3:cad>86</ns3:cad>
          </ns3:TrackPointExtension>
        </extensions>
      </trkpt>
      <trkpt lat="37.503861486911773681640625" lon="127.06809950061142444610595703125">
        <ele>33.59999847412109375</ele>
        <time>2026-09-11T10:35:51.000Z</time>
        <extensions>
          <ns3:TrackPointExtension>
            <ns3:hr>149</ns3:hr>
            <ns3:cad>86</ns3:cad>
          </ns3:TrackPointExtension>
        </extensions>
      </trkpt>
      <trkpt lat="37.50385637395083904266357421875" lon="127.06806086003780364990234375">
        <ele>33.59999847412109375</ele>
        <time>2026-09-11T10:35:52.000Z</time>
        <extensions>
          <ns3:TrackPointExtension>
            <ns3:hr>149</ns3:hr>
            <ns3:cad>85</ns3:cad>
          </ns3:TrackPointExtension>
        </extensions>
      </trkpt>
      <trkpt lat="37.50385017134249210357666015625" lon="127.068003527820110321044921875">
        <ele>33.59999847412109375</ele>
        <time>2026-09-11T10:35:53.000Z</time>
        <extensions>
          <ns3:TrackPointExtension>
            <ns3:hr>149</ns3:hr>
            <ns3:cad>85</ns3:cad>
          </ns3:TrackPointExtension>
        </extensions>
      </trkpt>
      <trkpt lat="37.50384061597287654876708984375" lon="127.06797234714031219482421875">
        <ele>33.59999847412109375</ele>
        <time>2026-09-11T10:35:54.000Z</time>
        <extensions>
          <ns3:TrackPointExtension>
            <ns3:hr>148</ns3:hr>
            <ns3:cad>85</ns3:cad>
          </ns3:TrackPointExtension>
        </extensions>
      </trkpt>
      <trkpt lat="37.50383273698389530181884765625" lon="127.067929767072200775146484375">
        <ele>33.59999847412109375</ele>
        <time>2026-09-11T10:35:55.000Z</time>
        <extensions>
          <ns3:TrackPointExtension>
            <ns3:hr>149</ns3:hr>
            <ns3:cad>85</ns3:cad>
          </ns3:TrackPointExtension>
        </extensions>
      </trkpt>
      <trkpt lat="37.50381932593882083892822265625" lon="127.06788919866085052490234375">
        <ele>33.59999847412109375</ele>
        <time>2026-09-11T10:35:56.000Z</time>
        <extensions>
          <ns3:TrackPointExtension>
            <ns3:hr>149</ns3:hr>
            <ns3:cad>85</ns3:cad>
          </ns3:TrackPointExtension>
        </extensions>
      </trkpt>
      <trkpt lat="37.5038009695708751678466796875" lon="127.06785508431494235992431640625">
        <ele>33.799999237060546875</ele>
        <time>2026-09-11T10:35:57.000Z</time>
        <extensions>
          <ns3:TrackPointExtension>
            <ns3:hr>149</ns3:hr>
            <ns3:cad>85</ns3:cad>
          </ns3:TrackPointExtension>
        </extensions>
      </trkpt>
      <trkpt lat="37.503784038126468658447265625" lon="127.0678099058568477630615234375">
        <ele>33.59999847412109375</ele>
        <time>2026-09-11T10:35:58.000Z</time>
        <extensions>
          <ns3:TrackPointExtension>
            <ns3:hr>148</ns3:hr>
            <ns3:cad>84</ns3:cad>
          </ns3:TrackPointExtension>
        </extensions>
      </trkpt>
      <trkpt lat="37.50375998206436634063720703125" lon="127.06778920255601406097412109375">
        <ele>33.59999847412109375</ele>
        <time>2026-09-11T10:35:59.000Z</time>
        <extensions>
          <ns3:TrackPointExtension>
            <ns3:hr>149</ns3:hr>
            <ns3:cad>84</ns3:cad>
          </ns3:TrackPointExtension>
        </extensions>
      </trkpt>
      <trkpt lat="37.5037287175655364990234375" lon="127.06775232218205928802490234375">
        <ele>33.59999847412109375</ele>
        <time>2026-09-11T10:36:00.000Z</time>
        <extensions>
          <ns3:TrackPointExtension>
            <ns3:hr>149</ns3:hr>
            <ns3:cad>84</ns3:cad>
          </ns3:TrackPointExtension>
        </extensions>
      </trkpt>
      <trkpt lat="37.5036973692476749420166015625" lon="127.0677329599857330322265625">
        <ele>33.59999847412109375</ele>
        <time>2026-09-11T10:36:01.000Z</time>
        <extensions>
          <ns3:TrackPointExtension>
            <ns3:hr>149</ns3:hr>
            <ns3:cad>84</ns3:cad>
          </ns3:TrackPointExtension>
        </extensions>
      </trkpt>
      <trkpt lat="37.50366635620594024658203125" lon="127.06771678291261196136474609375">
        <ele>33.59999847412109375</ele>
        <time>2026-09-11T10:36:02.000Z</time>
        <extensions>
          <ns3:TrackPointExtension>
            <ns3:hr>149</ns3:hr>
            <ns3:cad>84</ns3:cad>
          </ns3:TrackPointExtension>
        </extensions>
      </trkpt>
      <trkpt lat="37.5036316551268100738525390625" lon="127.067692391574382781982421875">
        <ele>33.59999847412109375</ele>
        <time>2026-09-11T10:36:03.000Z</time>
        <extensions>
          <ns3:TrackPointExtension>
            <ns3:hr>148</ns3:hr>
            <ns3:cad>84</ns3:cad>
          </ns3:TrackPointExtension>
        </extensions>
      </trkpt>
      <trkpt lat="37.50360810197889804840087890625" lon="127.067687027156352996826171875">
        <ele>33.59999847412109375</ele>
        <time>2026-09-11T10:36:04.000Z</time>
        <extensions>
          <ns3:TrackPointExtension>
            <ns3:hr>149</ns3:hr>
            <ns3:cad>84</ns3:cad>
          </ns3:TrackPointExtension>
        </extensions>
      </trkpt>
      <trkpt lat="37.50356535427272319793701171875" lon="127.06767596304416656494140625">
        <ele>33.59999847412109375</ele>
        <time>2026-09-11T10:36:05.000Z</time>
        <extensions>
          <ns3:TrackPointExtension>
            <ns3:hr>149</ns3:hr>
            <ns3:cad>85</ns3:cad>
          </ns3:TrackPointExtension>
        </extensions>
      </trkpt>
      <trkpt lat="37.50353350304067134857177734375" lon="127.0676741190254688262939453125">
        <ele>33.799999237060546875</ele>
        <time>2026-09-11T10:36:06.000Z</time>
        <extensions>
          <ns3:TrackPointExtension>
            <ns3:hr>149</ns3:hr>
            <ns3:cad>84</ns3:cad>
          </ns3:TrackPointExtension>
        </extensions>
      </trkpt>
      <trkpt lat="37.5034940242767333984375" lon="127.06768535077571868896484375">
        <ele>33.799999237060546875</ele>
        <time>2026-09-11T10:36:07.000Z</time>
        <extensions>
          <ns3:TrackPointExtension>
            <ns3:hr>148</ns3:hr>
            <ns3:cad>84</ns3:cad>
          </ns3:TrackPointExtension>
        </extensions>
      </trkpt>
      <trkpt lat="37.50346192158758640289306640625" lon="127.06769498996436595916748046875">
        <ele>33.59999847412109375</ele>
        <time>2026-09-11T10:36:08.000Z</time>
        <extensions>
          <ns3:TrackPointExtension>
            <ns3:hr>149</ns3:hr>
            <ns3:cad>84</ns3:cad>
          </ns3:TrackPointExtension>
        </extensions>
      </trkpt>
      <trkpt lat="37.5034328363835811614990234375" lon="127.06771644763648509979248046875">
        <ele>33.799999237060546875</ele>
        <time>2026-09-11T10:36:09.000Z</time>
        <extensions>
          <ns3:TrackPointExtension>
            <ns3:hr>148</ns3:hr>
            <ns3:cad>85</ns3:cad>
          </ns3:TrackPointExtension>
        </extensions>
      </trkpt>
      <trkpt lat="37.5033961236476898193359375" lon="127.0677302777767181396484375">
        <ele>33.799999237060546875</ele>
        <time>2026-09-11T10:36:10.000Z</time>
        <extensions>
          <ns3:TrackPointExtension>
            <ns3:hr>148</ns3:hr>
            <ns3:cad>85</ns3:cad>
          </ns3:TrackPointExtension>
        </extensions>
      </trkpt>
      <trkpt lat="37.50336854718625545501708984375" lon="127.06774611957371234893798828125">
        <ele>33.59999847412109375</ele>
        <time>2026-09-11T10:36:11.000Z</time>
        <extensions>
          <ns3:TrackPointExtension>
            <ns3:hr>148</ns3:hr>
            <ns3:cad>85</ns3:cad>
          </ns3:TrackPointExtension>
        </extensions>
      </trkpt>
      <trkpt lat="37.5033265538513660430908203125" lon="127.0677723549306392669677734375">
        <ele>33.59999847412109375</ele>
        <time>2026-09-11T10:36:12.000Z</time>
        <extensions>
          <ns3:TrackPointExtension>
            <ns3:hr>149</ns3:hr>
            <ns3:cad>85</ns3:cad>
          </ns3:TrackPointExtension>
        </extensions>
      </trkpt>
      <trkpt lat="37.5032973848283290863037109375" lon="127.06779188476502895355224609375">
        <ele>33.59999847412109375</ele>
        <time>2026-09-11T10:36:13.000Z</time>
        <extensions>
          <ns3:TrackPointExtension>
            <ns3:hr>148</ns3:hr>
            <ns3:cad>85</ns3:cad>
          </ns3:TrackPointExtension>
        </extensions>
      </trkpt>
      <trkpt lat="37.50326913781464099884033203125" lon="127.06781451590359210968017578125">
        <ele>33.59999847412109375</ele>
        <time>2026-09-11T10:36:14.000Z</time>
        <extensions>
          <ns3:TrackPointExtension>
            <ns3:hr>149</ns3:hr>
            <ns3:cad>85</ns3:cad>
          </ns3:TrackPointExtension>
        </extensions>
      </trkpt>
      <trkpt lat="37.50323477201163768768310546875" lon="127.06782625056803226470947265625">
        <ele>33.59999847412109375</ele>
        <time>2026-09-11T10:36:15.000Z</time>
        <extensions>
          <ns3:TrackPointExtension>
            <ns3:hr>149</ns3:hr>
            <ns3:cad>85</ns3:cad>
          </ns3:TrackPointExtension>
        </extensions>
      </trkpt>
      <trkpt lat="37.503207027912139892578125" lon="127.0678454451262950897216796875">
        <ele>33.59999847412109375</ele>
        <time>2026-09-11T10:36:16.000Z</time>
        <extensions>
          <ns3:TrackPointExtension>
            <ns3:hr>149</ns3:hr>
            <ns3:cad>85</ns3:cad>
          </ns3:TrackPointExtension>
        </extensions>
      </trkpt>
      <trkpt lat="37.50316855497658252716064453125" lon="127.06786128692328929901123046875">
        <ele>33.59999847412109375</ele>
        <time>2026-09-11T10:36:17.000Z</time>
        <extensions>
          <ns3:TrackPointExtension>
            <ns3:hr>148</ns3:hr>
            <ns3:cad>85</ns3:cad>
          </ns3:TrackPointExtension>
        </extensions>
      </trkpt>
      <trkpt lat="37.50314642675220966339111328125" lon="127.06788073293864727020263671875">
        <ele>33.40000152587890625</ele>
        <time>2026-09-11T10:36:18.000Z</time>
        <extensions>
          <ns3:TrackPointExtension>
            <ns3:hr>149</ns3:hr>
            <ns3:cad>85</ns3:cad>
          </ns3:TrackPointExtension>
        </extensions>
      </trkpt>
      <trkpt lat="37.50310711562633514404296875" lon="127.06790805794298648834228515625">
        <ele>33.40000152587890625</ele>
        <time>2026-09-11T10:36:19.000Z</time>
        <extensions>
          <ns3:TrackPointExtension>
            <ns3:hr>149</ns3:hr>
            <ns3:cad>85</ns3:cad>
          </ns3:TrackPointExtension>
        </extensions>
      </trkpt>
      <trkpt lat="37.5030784495174884796142578125" lon="127.06793068908154964447021484375">
        <ele>33.40000152587890625</ele>
        <time>2026-09-11T10:36:20.000Z</time>
        <extensions>
          <ns3:TrackPointExtension>
            <ns3:hr>149</ns3:hr>
            <ns3:cad>86</ns3:cad>
          </ns3:TrackPointExtension>
        </extensions>
      </trkpt>
      <trkpt lat="37.50304944813251495361328125" lon="127.06796002574265003204345703125">
        <ele>33.40000152587890625</ele>
        <time>2026-09-11T10:36:21.000Z</time>
        <extensions>
          <ns3:TrackPointExtension>
            <ns3:hr>148</ns3:hr>
            <ns3:cad>86</ns3:cad>
          </ns3:TrackPointExtension>
        </extensions>
      </trkpt>
      <trkpt lat="37.5030206143856048583984375" lon="127.06797796301543712615966796875">
        <ele>33.200000762939453125</ele>
        <time>2026-09-11T10:36:22.000Z</time>
        <extensions>
          <ns3:TrackPointExtension>
            <ns3:hr>149</ns3:hr>
            <ns3:cad>86</ns3:cad>
          </ns3:TrackPointExtension>
        </extensions>
      </trkpt>
      <trkpt lat="37.5029922835528850555419921875" lon="127.0680067129433155059814453125">
        <ele>33.200000762939453125</ele>
        <time>2026-09-11T10:36:23.000Z</time>
        <extensions>
          <ns3:TrackPointExtension>
            <ns3:hr>149</ns3:hr>
            <ns3:cad>86</ns3:cad>
          </ns3:TrackPointExtension>
        </extensions>
      </trkpt>
      <trkpt lat="37.502949535846710205078125" lon="127.06802607513964176177978515625">
        <ele>33</ele>
        <time>2026-09-11T10:36:24.000Z</time>
        <extensions>
          <ns3:TrackPointExtension>
            <ns3:hr>149</ns3:hr>
            <ns3:cad>86</ns3:cad>
          </ns3:TrackPointExtension>
        </extensions>
      </trkpt>
      <trkpt lat="37.50292380340397357940673828125" lon="127.06804367713630199432373046875">
        <ele>33</ele>
        <time>2026-09-11T10:36:25.000Z</time>
        <extensions>
          <ns3:TrackPointExtension>
            <ns3:hr>149</ns3:hr>
            <ns3:cad>85</ns3:cad>
          </ns3:TrackPointExtension>
        </extensions>
      </trkpt>
      <trkpt lat="37.50288021750748157501220703125" lon="127.06806295551359653472900390625">
        <ele>33</ele>
        <time>2026-09-11T10:36:26.000Z</time>
        <extensions>
          <ns3:TrackPointExtension>
            <ns3:hr>149</ns3:hr>
            <ns3:cad>86</ns3:cad>
          </ns3:TrackPointExtension>
        </extensions>
      </trkpt>
      <trkpt lat="37.50284492969512939453125" lon="127.068075947463512420654296875">
        <ele>33.200000762939453125</ele>
        <time>2026-09-11T10:36:27.000Z</time>
        <extensions>
          <ns3:TrackPointExtension>
            <ns3:hr>149</ns3:hr>
            <ns3:cad>86</ns3:cad>
          </ns3:TrackPointExtension>
        </extensions>
      </trkpt>
      <trkpt lat="37.50280578620731830596923828125" lon="127.0681012608110904693603515625">
        <ele>33.200000762939453125</ele>
        <time>2026-09-11T10:36:28.000Z</time>
        <extensions>
          <ns3:TrackPointExtension>
            <ns3:hr>149</ns3:hr>
            <ns3:cad>86</ns3:cad>
          </ns3:TrackPointExtension>
        </extensions>
      </trkpt>
      <trkpt lat="37.5027631223201751708984375" lon="127.06811810843646526336669921875">
        <ele>33.200000762939453125</ele>
        <time>2026-09-11T10:36:29.000Z</time>
        <extensions>
          <ns3:TrackPointExtension>
            <ns3:hr>149</ns3:hr>
            <ns3:cad>86</ns3:cad>
          </ns3:TrackPointExtension>
        </extensions>
      </trkpt>
      <trkpt lat="37.50272917561233043670654296875" lon="127.0681368000805377960205078125">
        <ele>33.200000762939453125</ele>
        <time>2026-09-11T10:36:30.000Z</time>
        <extensions>
          <ns3:TrackPointExtension>
            <ns3:hr>149</ns3:hr>
            <ns3:cad>86</ns3:cad>
          </ns3:TrackPointExtension>
        </extensions>
      </trkpt>
      <trkpt lat="37.50268475152552127838134765625" lon="127.06815498881042003631591796875">
        <ele>33.40000152587890625</ele>
        <time>2026-09-11T10:36:31.000Z</time>
        <extensions>
          <ns3:TrackPointExtension>
            <ns3:hr>149</ns3:hr>
            <ns3:cad>84</ns3:cad>
          </ns3:TrackPointExtension>
        </extensions>
      </trkpt>
      <trkpt lat="37.50265382230281829833984375" lon="127.06817292608320713043212890625">
        <ele>33.40000152587890625</ele>
        <time>2026-09-11T10:36:32.000Z</time>
        <extensions>
          <ns3:TrackPointExtension>
            <ns3:hr>149</ns3:hr>
            <ns3:cad>84</ns3:cad>
          </ns3:TrackPointExtension>
        </extensions>
      </trkpt>
      <trkpt lat="37.50260612927377223968505859375" lon="127.06818851642310619354248046875">
        <ele>33.40000152587890625</ele>
        <time>2026-09-11T10:36:33.000Z</time>
        <extensions>
          <ns3:TrackPointExtension>
            <ns3:hr>149</ns3:hr>
            <ns3:cad>86</ns3:cad>
          </ns3:TrackPointExtension>
        </extensions>
      </trkpt>
      <trkpt lat="37.5025711767375469207763671875" lon="127.0682048611342906951904296875">
        <ele>33.40000152587890625</ele>
        <time>2026-09-11T10:36:34.000Z</time>
        <extensions>
          <ns3:TrackPointExtension>
            <ns3:hr>150</ns3:hr>
            <ns3:cad>86</ns3:cad>
          </ns3:TrackPointExtension>
        </extensions>
      </trkpt>
      <trkpt lat="37.50253102742135524749755859375" lon="127.068226151168346405029296875">
        <ele>33.40000152587890625</ele>
        <time>2026-09-11T10:36:35.000Z</time>
        <extensions>
          <ns3:TrackPointExtension>
            <ns3:hr>150</ns3:hr>
            <ns3:cad>86</ns3:cad>
          </ns3:TrackPointExtension>
        </extensions>
      </trkpt>
      <trkpt lat="37.5025004334747791290283203125" lon="127.068254649639129638671875">
        <ele>33.40000152587890625</ele>
        <time>2026-09-11T10:36:36.000Z</time>
        <extensions>
          <ns3:TrackPointExtension>
            <ns3:hr>151</ns3:hr>
            <ns3:cad>86</ns3:cad>
          </ns3:TrackPointExtension>
        </extensions>
      </trkpt>
      <trkpt lat="37.50247620977461338043212890625" lon="127.068294547498226165771484375">
        <ele>33.40000152587890625</ele>
        <time>2026-09-11T10:36:37.000Z</time>
        <extensions>
          <ns3:TrackPointExtension>
            <ns3:hr>152</ns3:hr>
            <ns3:cad>86</ns3:cad>
          </ns3:TrackPointExtension>
        </extensions>
      </trkpt>
      <trkpt lat="37.50245240516960620880126953125" lon="127.0683326013386249542236328125">
        <ele>33.40000152587890625</ele>
        <time>2026-09-11T10:36:38.000Z</time>
        <extensions>
          <ns3:TrackPointExtension>
            <ns3:hr>153</ns3:hr>
            <ns3:cad>86</ns3:cad>
          </ns3:TrackPointExtension>
        </extensions>
      </trkpt>
      <trkpt lat="37.50243715010583400726318359375" lon="127.06837870180606842041015625">
        <ele>33.40000152587890625</ele>
        <time>2026-09-11T10:36:39.000Z</time>
        <extensions>
          <ns3:TrackPointExtension>
            <ns3:hr>153</ns3:hr>
            <ns3:cad>86</ns3:cad>
          </ns3:TrackPointExtension>
        </extensions>
      </trkpt>
      <trkpt lat="37.50242139212787151336669921875" lon="127.0684308372437953948974609375">
        <ele>33.40000152587890625</ele>
        <time>2026-09-11T10:36:40.000Z</time>
        <extensions>
          <ns3:TrackPointExtension>
            <ns3:hr>153</ns3:hr>
            <ns3:cad>86</ns3:cad>
          </ns3:TrackPointExtension>
        </extensions>
      </trkpt>
      <trkpt lat="37.50241468660533428192138671875" lon="127.068472243845462799072265625">
        <ele>33.59999847412109375</ele>
        <time>2026-09-11T10:36:41.000Z</time>
        <extensions>
          <ns3:TrackPointExtension>
            <ns3:hr>154</ns3:hr>
            <ns3:cad>86</ns3:cad>
          </ns3:TrackPointExtension>
        </extensions>
      </trkpt>
      <trkpt lat="37.5024125911295413970947265625" lon="127.06853100098669528961181640625">
        <ele>33.59999847412109375</ele>
        <time>2026-09-11T10:36:42.000Z</time>
        <extensions>
          <ns3:TrackPointExtension>
            <ns3:hr>154</ns3:hr>
            <ns3:cad>86</ns3:cad>
          </ns3:TrackPointExtension>
        </extensions>
      </trkpt>
      <trkpt lat="37.50241753645241260528564453125" lon="127.0685890875756740570068359375">
        <ele>33.59999847412109375</ele>
        <time>2026-09-11T10:36:43.000Z</time>
        <extensions>
          <ns3:TrackPointExtension>
            <ns3:hr>154</ns3:hr>
            <ns3:cad>86</ns3:cad>
          </ns3:TrackPointExtension>
        </extensions>
      </trkpt>
      <trkpt lat="37.5024223141372203826904296875" lon="127.06864315085113048553466796875">
        <ele>33.40000152587890625</ele>
        <time>2026-09-11T10:36:44.000Z</time>
        <extensions>
          <ns3:TrackPointExtension>
            <ns3:hr>154</ns3:hr>
            <ns3:cad>86</ns3:cad>
          </ns3:TrackPointExtension>
        </extensions>
      </trkpt>
      <trkpt lat="37.50242457725107669830322265625" lon="127.06869830377399921417236328125">
        <ele>33.40000152587890625</ele>
        <time>2026-09-11T10:36:45.000Z</time>
        <extensions>
          <ns3:TrackPointExtension>
            <ns3:hr>155</ns3:hr>
            <ns3:cad>86</ns3:cad>
          </ns3:TrackPointExtension>
        </extensions>
      </trkpt>
      <trkpt lat="37.50243128277361392974853515625" lon="127.0687382854521274566650390625">
        <ele>33.40000152587890625</ele>
        <time>2026-09-11T10:36:46.000Z</time>
        <extensions>
          <ns3:TrackPointExtension>
            <ns3:hr>155</ns3:hr>
            <ns3:cad>86</ns3:cad>
          </ns3:TrackPointExtension>
        </extensions>
      </trkpt>
      <trkpt lat="37.50244972296059131622314453125" lon="127.0687805302441120147705078125">
        <ele>33.40000152587890625</ele>
        <time>2026-09-11T10:36:47.000Z</time>
        <extensions>
          <ns3:TrackPointExtension>
            <ns3:hr>155</ns3:hr>
            <ns3:cad>86</ns3:cad>
          </ns3:TrackPointExtension>
        </extensions>
      </trkpt>
      <trkpt lat="37.502469085156917572021484375" lon="127.06881330348551273345947265625">
        <ele>33.40000152587890625</ele>
        <time>2026-09-11T10:36:48.000Z</time>
        <extensions>
          <ns3:TrackPointExtension>
            <ns3:hr>156</ns3:hr>
            <ns3:cad>87</ns3:cad>
          </ns3:TrackPointExtension>
        </extensions>
      </trkpt>
      <trkpt lat="37.5024975836277008056640625" lon="127.06885755993425846099853515625">
        <ele>33.40000152587890625</ele>
        <time>2026-09-11T10:36:49.000Z</time>
        <extensions>
          <ns3:TrackPointExtension>
            <ns3:hr>156</ns3:hr>
            <ns3:cad>87</ns3:cad>
          </ns3:TrackPointExtension>
        </extensions>
      </trkpt>
      <trkpt lat="37.5025324523448944091796875" lon="127.068881280720233917236328125">
        <ele>33.40000152587890625</ele>
        <time>2026-09-11T10:36:50.000Z</time>
        <extensions>
          <ns3:TrackPointExtension>
            <ns3:hr>156</ns3:hr>
            <ns3:cad>87</ns3:cad>
          </ns3:TrackPointExtension>
        </extensions>
      </trkpt>
      <trkpt lat="37.5025691650807857513427734375" lon="127.06891254521906375885009765625">
        <ele>33.40000152587890625</ele>
        <time>2026-09-11T10:36:51.000Z</time>
        <extensions>
          <ns3:TrackPointExtension>
            <ns3:hr>156</ns3:hr>
            <ns3:cad>87</ns3:cad>
          </ns3:TrackPointExtension>
        </extensions>
      </trkpt>
      <trkpt lat="37.50260763801634311676025390625" lon="127.0689345896244049072265625">
        <ele>33.40000152587890625</ele>
        <time>2026-09-11T10:36:52.000Z</time>
        <extensions>
          <ns3:TrackPointExtension>
            <ns3:hr>156</ns3:hr>
            <ns3:cad>87</ns3:cad>
          </ns3:TrackPointExtension>
        </extensions>
      </trkpt>
      <trkpt lat="37.50265373848378658294677734375" lon="127.06895805895328521728515625">
        <ele>33.40000152587890625</ele>
        <time>2026-09-11T10:36:53.000Z</time>
        <extensions>
          <ns3:TrackPointExtension>
            <ns3:hr>156</ns3:hr>
            <ns3:cad>88</ns3:cad>
          </ns3:TrackPointExtension>
        </extensions>
      </trkpt>
      <trkpt lat="37.5026958994567394256591796875" lon="127.068971134722232818603515625">
        <ele>33.40000152587890625</ele>
        <time>2026-09-11T10:36:54.000Z</time>
        <extensions>
          <ns3:TrackPointExtension>
            <ns3:hr>157</ns3:hr>
            <ns3:cad>88</ns3:cad>
          </ns3:TrackPointExtension>
        </extensions>
      </trkpt>
      <trkpt lat="37.502740323543548583984375" lon="127.06897658295929431915283203125">
        <ele>33.40000152587890625</ele>
        <time>2026-09-11T10:36:55.000Z</time>
        <extensions>
          <ns3:TrackPointExtension>
            <ns3:hr>157</ns3:hr>
            <ns3:cad>88</ns3:cad>
          </ns3:TrackPointExtension>
        </extensions>
      </trkpt>
      <trkpt lat="37.5027818977832794189453125" lon="127.06898085772991180419921875">
        <ele>33.40000152587890625</ele>
        <time>2026-09-11T10:36:56.000Z</time>
        <extensions>
          <ns3:TrackPointExtension>
            <ns3:hr>157</ns3:hr>
            <ns3:cad>88</ns3:cad>
          </ns3:TrackPointExtension>
        </extensions>
      </trkpt>
      <trkpt lat="37.5028266571462154388427734375" lon="127.06895797513425350189208984375">
        <ele>33.40000152587890625</ele>
        <time>2026-09-11T10:36:57.000Z</time>
        <extensions>
          <ns3:TrackPointExtension>
            <ns3:hr>157</ns3:hr>
            <ns3:cad>88</ns3:cad>
          </ns3:TrackPointExtension>
        </extensions>
      </trkpt>
      <trkpt lat="37.50286747701466083526611328125" lon="127.0689384452998638153076171875">
        <ele>33.40000152587890625</ele>
        <time>2026-09-11T10:36:58.000Z</time>
        <extensions>
          <ns3:TrackPointExtension>
            <ns3:hr>157</ns3:hr>
            <ns3:cad>88</ns3:cad>
          </ns3:TrackPointExtension>
        </extensions>
      </trkpt>
      <trkpt lat="37.5028997473418712615966796875" lon="127.0689153112471103668212890625">
        <ele>33.40000152587890625</ele>
        <time>2026-09-11T10:36:59.000Z</time>
        <extensions>
          <ns3:TrackPointExtension>
            <ns3:hr>158</ns3:hr>
            <ns3:cad>88</ns3:cad>
          </ns3:TrackPointExtension>
        </extensions>
      </trkpt>
      <trkpt lat="37.5029393099248409271240234375" lon="127.0688908360898494720458984375">
        <ele>33.200000762939453125</ele>
        <time>2026-09-11T10:37:00.000Z</time>
        <extensions>
          <ns3:TrackPointExtension>
            <ns3:hr>158</ns3:hr>
            <ns3:cad>88</ns3:cad>
          </ns3:TrackPointExtension>
        </extensions>
      </trkpt>
      <trkpt lat="37.50297208316624164581298828125" lon="127.06886325962841510772705078125">
        <ele>33.200000762939453125</ele>
        <time>2026-09-11T10:37:01.000Z</time>
        <extensions>
          <ns3:TrackPointExtension>
            <ns3:hr>158</ns3:hr>
            <ns3:cad>88</ns3:cad>
          </ns3:TrackPointExtension>
        </extensions>
      </trkpt>
      <trkpt lat="37.503012232482433319091796875" lon="127.06884046085178852081298828125">
        <ele>33.40000152587890625</ele>
        <time>2026-09-11T10:37:02.000Z</time>
        <extensions>
          <ns3:TrackPointExtension>
            <ns3:hr>158</ns3:hr>
            <ns3:cad>88</ns3:cad>
          </ns3:TrackPointExtension>
        </extensions>
      </trkpt>
      <trkpt lat="37.50304115004837512969970703125" lon="127.06881447695195674896240234375">
        <ele>33.40000152587890625</ele>
        <time>2026-09-11T10:37:03.000Z</time>
        <extensions>
          <ns3:TrackPointExtension>
            <ns3:hr>159</ns3:hr>
            <ns3:cad>88</ns3:cad>
          </ns3:TrackPointExtension>
        </extensions>
      </trkpt>
      <trkpt lat="37.50308507122099399566650390625" lon="127.06879603676497936248779296875">
        <ele>33.40000152587890625</ele>
        <time>2026-09-11T10:37:04.000Z</time>
        <extensions>
          <ns3:TrackPointExtension>
            <ns3:hr>159</ns3:hr>
            <ns3:cad>88</ns3:cad>
          </ns3:TrackPointExtension>
        </extensions>
      </trkpt>
      <trkpt lat="37.5031136535108089447021484375" lon="127.06877156160771846771240234375">
        <ele>33.40000152587890625</ele>
        <time>2026-09-11T10:37:05.000Z</time>
        <extensions>
          <ns3:TrackPointExtension>
            <ns3:hr>159</ns3:hr>
            <ns3:cad>89</ns3:cad>
          </ns3:TrackPointExtension>
        </extensions>
      </trkpt>
      <trkpt lat="37.50315749086439609527587890625" lon="127.06875077448785305023193359375">
        <ele>33.40000152587890625</ele>
        <time>2026-09-11T10:37:06.000Z</time>
        <extensions>
          <ns3:TrackPointExtension>
            <ns3:hr>159</ns3:hr>
            <ns3:cad>89</ns3:cad>
          </ns3:TrackPointExtension>
        </extensions>
      </trkpt>
      <trkpt lat="37.5031869113445281982421875" lon="127.06873099319636821746826171875">
        <ele>33.40000152587890625</ele>
        <time>2026-09-11T10:37:07.000Z</time>
        <extensions>
          <ns3:TrackPointExtension>
            <ns3:hr>160</ns3:hr>
            <ns3:cad>88</ns3:cad>
          </ns3:TrackPointExtension>
        </extensions>
      </trkpt>
      <trkpt lat="37.5032336823642253875732421875" lon="127.068710960447788238525390625">
        <ele>33.59999847412109375</ele>
        <time>2026-09-11T10:37:08.000Z</time>
        <extensions>
          <ns3:TrackPointExtension>
            <ns3:hr>160</ns3:hr>
            <ns3:cad>88</ns3:cad>
          </ns3:TrackPointExtension>
        </extensions>
      </trkpt>
      <trkpt lat="37.5032615102827548980712890625" lon="127.06868707202374935150146484375">
        <ele>33.59999847412109375</ele>
        <time>2026-09-11T10:37:09.000Z</time>
        <extensions>
          <ns3:TrackPointExtension>
            <ns3:hr>160</ns3:hr>
            <ns3:cad>88</ns3:cad>
          </ns3:TrackPointExtension>
        </extensions>
      </trkpt>
      <trkpt lat="37.5033061020076274871826171875" lon="127.068662345409393310546875">
        <ele>33.59999847412109375</ele>
        <time>2026-09-11T10:37:10.000Z</time>
        <extensions>
          <ns3:TrackPointExtension>
            <ns3:hr>160</ns3:hr>
            <ns3:cad>88</ns3:cad>
          </ns3:TrackPointExtension>
        </extensions>
      </trkpt>
      <trkpt lat="37.50333686359226703643798828125" lon="127.06863996572792530059814453125">
        <ele>33.59999847412109375</ele>
        <time>2026-09-11T10:37:11.000Z</time>
        <extensions>
          <ns3:TrackPointExtension>
            <ns3:hr>161</ns3:hr>
            <ns3:cad>88</ns3:cad>
          </ns3:TrackPointExtension>
        </extensions>
      </trkpt>
      <trkpt lat="37.50337424688041210174560546875" lon="127.06861280836164951324462890625">
        <ele>33.59999847412109375</ele>
        <time>2026-09-11T10:37:12.000Z</time>
        <extensions>
          <ns3:TrackPointExtension>
            <ns3:hr>161</ns3:hr>
            <ns3:cad>88</ns3:cad>
          </ns3:TrackPointExtension>
        </extensions>
      </trkpt>
      <trkpt lat="37.50340190716087818145751953125" lon="127.06858766265213489532470703125">
        <ele>33.59999847412109375</ele>
        <time>2026-09-11T10:37:13.000Z</time>
        <extensions>
          <ns3:TrackPointExtension>
            <ns3:hr>161</ns3:hr>
            <ns3:cad>88</ns3:cad>
          </ns3:TrackPointExtension>
        </extensions>
      </trkpt>
      <trkpt lat="37.50343895517289638519287109375" lon="127.068565785884857177734375">
        <ele>33.59999847412109375</ele>
        <time>2026-09-11T10:37:14.000Z</time>
        <extensions>
          <ns3:TrackPointExtension>
            <ns3:hr>162</ns3:hr>
            <ns3:cad>88</ns3:cad>
          </ns3:TrackPointExtension>
        </extensions>
      </trkpt>
      <trkpt lat="37.50347482971847057342529296875" lon="127.0685485191643238067626953125">
        <ele>33.59999847412109375</ele>
        <time>2026-09-11T10:37:15.000Z</time>
        <extensions>
          <ns3:TrackPointExtension>
            <ns3:hr>162</ns3:hr>
            <ns3:cad>88</ns3:cad>
          </ns3:TrackPointExtension>
        </extensions>
      </trkpt>
      <trkpt lat="37.503513805568218231201171875" lon="127.068523876368999481201171875">
        <ele>33.59999847412109375</ele>
        <time>2026-09-11T10:37:16.000Z</time>
        <extensions>
          <ns3:TrackPointExtension>
            <ns3:hr>162</ns3:hr>
            <ns3:cad>87</ns3:cad>
          </ns3:TrackPointExtension>
        </extensions>
      </trkpt>
      <trkpt lat="37.50355093739926815032958984375" lon="127.06850283779203891754150390625">
        <ele>33.59999847412109375</ele>
        <time>2026-09-11T10:37:17.000Z</time>
        <extensions>
          <ns3:TrackPointExtension>
            <ns3:hr>162</ns3:hr>
            <ns3:cad>87</ns3:cad>
          </ns3:TrackPointExtension>
        </extensions>
      </trkpt>
      <trkpt lat="37.50358044169843196868896484375" lon="127.0684794522821903228759765625">
        <ele>33.59999847412109375</ele>
        <time>2026-09-11T10:37:18.000Z</time>
        <extensions>
          <ns3:TrackPointExtension>
            <ns3:hr>163</ns3:hr>
            <ns3:cad>89</ns3:cad>
          </ns3:TrackPointExtension>
        </extensions>
      </trkpt>
      <trkpt lat="37.5036162324249744415283203125" lon="127.06845673732459545135498046875">
        <ele>33.59999847412109375</ele>
        <time>2026-09-11T10:37:19.000Z</time>
        <extensions>
          <ns3:TrackPointExtension>
            <ns3:hr>163</ns3:hr>
            <ns3:cad>89</ns3:cad>
          </ns3:TrackPointExtension>
        </extensions>
      </trkpt>
      <trkpt lat="37.50363928265869617462158203125" lon="127.06843477673828601837158203125">
        <ele>33.59999847412109375</ele>
        <time>2026-09-11T10:37:20.000Z</time>
        <extensions>
          <ns3:TrackPointExtension>
            <ns3:hr>163</ns3:hr>
            <ns3:cad>89</ns3:cad>
          </ns3:TrackPointExtension>
        </extensions>
      </trkpt>
      <trkpt lat="37.50367532484233379364013671875" lon="127.0684113912284374237060546875">
        <ele>33.59999847412109375</ele>
        <time>2026-09-11T10:37:21.000Z</time>
        <extensions>
          <ns3:TrackPointExtension>
            <ns3:hr>163</ns3:hr>
            <ns3:cad>88</ns3:cad>
          </ns3:TrackPointExtension>
        </extensions>
      </trkpt>
      <trkpt lat="37.5036973692476749420166015625" lon="127.06838934682309627532958984375">
        <ele>33.59999847412109375</ele>
        <time>2026-09-11T10:37:22.000Z</time>
        <extensions>
          <ns3:TrackPointExtension>
            <ns3:hr>163</ns3:hr>
            <ns3:cad>88</ns3:cad>
          </ns3:TrackPointExtension>
        </extensions>
      </trkpt>
      <trkpt lat="37.5037302263081073760986328125" lon="127.06836084835231304168701171875">
        <ele>33.59999847412109375</ele>
        <time>2026-09-11T10:37:23.000Z</time>
        <extensions>
          <ns3:TrackPointExtension>
            <ns3:hr>163</ns3:hr>
            <ns3:cad>88</ns3:cad>
          </ns3:TrackPointExtension>
        </extensions>
      </trkpt>
      <trkpt lat="37.50375009141862392425537109375" lon="127.06833419390022754669189453125">
        <ele>33.59999847412109375</ele>
        <time>2026-09-11T10:37:24.000Z</time>
        <extensions>
          <ns3:TrackPointExtension>
            <ns3:hr>163</ns3:hr>
            <ns3:cad>87</ns3:cad>
          </ns3:TrackPointExtension>
        </extensions>
      </trkpt>
      <trkpt lat="37.50377842225134372711181640625" lon="127.0682886801660060882568359375">
        <ele>33.59999847412109375</ele>
        <time>2026-09-11T10:37:25.000Z</time>
        <extensions>
          <ns3:TrackPointExtension>
            <ns3:hr>163</ns3:hr>
            <ns3:cad>87</ns3:cad>
          </ns3:TrackPointExtension>
        </extensions>
      </trkpt>
      <trkpt lat="37.5038013048470020294189453125" lon="127.0682588405907154083251953125">
        <ele>33.59999847412109375</ele>
        <time>2026-09-11T10:37:26.000Z</time>
        <extensions>
          <ns3:TrackPointExtension>
            <ns3:hr>163</ns3:hr>
            <ns3:cad>87</ns3:cad>
          </ns3:TrackPointExtension>
        </extensions>
      </trkpt>
      <trkpt lat="37.50382184050977230072021484375" lon="127.06821265630424022674560546875">
        <ele>33.59999847412109375</ele>
        <time>2026-09-11T10:37:27.000Z</time>
        <extensions>
          <ns3:TrackPointExtension>
            <ns3:hr>162</ns3:hr>
            <ns3:cad>87</ns3:cad>
          </ns3:TrackPointExtension>
        </extensions>
      </trkpt>
      <trkpt lat="37.50383961014449596405029296875" lon="127.06817091442644596099853515625">
        <ele>33.59999847412109375</ele>
        <time>2026-09-11T10:37:28.000Z</time>
        <extensions>
          <ns3:TrackPointExtension>
            <ns3:hr>163</ns3:hr>
            <ns3:cad>87</ns3:cad>
          </ns3:TrackPointExtension>
        </extensions>
      </trkpt>
      <trkpt lat="37.50384849496185779571533203125" lon="127.06812816672027111053466796875">
        <ele>33.59999847412109375</ele>
        <time>2026-09-11T10:37:29.000Z</time>
        <extensions>
          <ns3:TrackPointExtension>
            <ns3:hr>163</ns3:hr>
            <ns3:cad>87</ns3:cad>
          </ns3:TrackPointExtension>
        </extensions>
      </trkpt>
      <trkpt lat="37.5038539431989192962646484375" lon="127.0680774562060832977294921875">
        <ele>33.59999847412109375</ele>
        <time>2026-09-11T10:37:30.000Z</time>
        <extensions>
          <ns3:TrackPointExtension>
            <ns3:hr>163</ns3:hr>
            <ns3:cad>87</ns3:cad>
          </ns3:TrackPointExtension>
        </extensions>
      </trkpt>
      <trkpt lat="37.50385276973247528076171875" lon="127.06803764216601848602294921875">
        <ele>33.59999847412109375</ele>
        <time>2026-09-11T10:37:31.000Z</time>
        <extensions>
          <ns3:TrackPointExtension>
            <ns3:hr>163</ns3:hr>
            <ns3:cad>87</ns3:cad>
          </ns3:TrackPointExtension>
        </extensions>
      </trkpt>
      <trkpt lat="37.5038499198853969573974609375" lon="127.0679969899356365203857421875">
        <ele>33.799999237060546875</ele>
        <time>2026-09-11T10:37:32.000Z</time>
        <extensions>
          <ns3:TrackPointExtension>
            <ns3:hr>162</ns3:hr>
            <ns3:cad>88</ns3:cad>
          </ns3:TrackPointExtension>
        </extensions>
      </trkpt>
      <trkpt lat="37.50383910723030567169189453125" lon="127.0679574273526668548583984375">
        <ele>33.799999237060546875</ele>
        <time>2026-09-11T10:37:33.000Z</time>
        <extensions>
          <ns3:TrackPointExtension>
            <ns3:hr>163</ns3:hr>
            <ns3:cad>88</ns3:cad>
          </ns3:TrackPointExtension>
        </extensions>
      </trkpt>
      <trkpt lat="37.50382603146135807037353515625" lon="127.0679094828665256500244140625">
        <ele>33.799999237060546875</ele>
        <time>2026-09-11T10:37:34.000Z</time>
        <extensions>
          <ns3:TrackPointExtension>
            <ns3:hr>163</ns3:hr>
            <ns3:cad>88</ns3:cad>
          </ns3:TrackPointExtension>
        </extensions>
      </trkpt>
      <trkpt lat="37.5038137100636959075927734375" lon="127.06787855364382266998291015625">
        <ele>33.799999237060546875</ele>
        <time>2026-09-11T10:37:35.000Z</time>
        <extensions>
          <ns3:TrackPointExtension>
            <ns3:hr>163</ns3:hr>
            <ns3:cad>87</ns3:cad>
          </ns3:TrackPointExtension>
        </extensions>
      </trkpt>
      <trkpt lat="37.503793425858020782470703125" lon="127.06783882342278957366943359375">
        <ele>33.799999237060546875</ele>
        <time>2026-09-11T10:37:36.000Z</time>
        <extensions>
          <ns3:TrackPointExtension>
            <ns3:hr>163</ns3:hr>
            <ns3:cad>87</ns3:cad>
          </ns3:TrackPointExtension>
        </extensions>
      </trkpt>
      <trkpt lat="37.503771968185901641845703125" lon="127.067813090980052947998046875">
        <ele>33.799999237060546875</ele>
        <time>2026-09-11T10:37:37.000Z</time>
        <extensions>
          <ns3:TrackPointExtension>
            <ns3:hr>163</ns3:hr>
            <ns3:cad>87</ns3:cad>
          </ns3:TrackPointExtension>
        </extensions>
      </trkpt>
      <trkpt lat="37.5037399493157863616943359375" lon="127.06778165884315967559814453125">
        <ele>33.59999847412109375</ele>
        <time>2026-09-11T10:37:38.000Z</time>
        <extensions>
          <ns3:TrackPointExtension>
            <ns3:hr>163</ns3:hr>
            <ns3:cad>87</ns3:cad>
          </ns3:TrackPointExtension>
        </extensions>
      </trkpt>
      <trkpt lat="37.50371086411178112030029296875" lon="127.0677539147436618804931640625">
        <ele>33.799999237060546875</ele>
        <time>2026-09-11T10:37:39.000Z</time>
        <extensions>
          <ns3:TrackPointExtension>
            <ns3:hr>163</ns3:hr>
            <ns3:cad>87</ns3:cad>
          </ns3:TrackPointExtension>
        </extensions>
      </trkpt>
      <trkpt lat="37.5036809407174587249755859375" lon="127.06773237325251102447509765625">
        <ele>33.799999237060546875</ele>
        <time>2026-09-11T10:37:40.000Z</time>
        <extensions>
          <ns3:TrackPointExtension>
            <ns3:hr>163</ns3:hr>
            <ns3:cad>87</ns3:cad>
          </ns3:TrackPointExtension>
        </extensions>
      </trkpt>
      <trkpt lat="37.503644563257694244384765625" lon="127.06770404241979122161865234375">
        <ele>33.799999237060546875</ele>
        <time>2026-09-11T10:37:41.000Z</time>
        <extensions>
          <ns3:TrackPointExtension>
            <ns3:hr>164</ns3:hr>
            <ns3:cad>87</ns3:cad>
          </ns3:TrackPointExtension>
        </extensions>
      </trkpt>
      <trkpt lat="37.503614388406276702880859375" lon="127.0676908828318119049072265625">
        <ele>34</ele>
        <time>2026-09-11T10:37:42.000Z</time>
        <extensions>
          <ns3:TrackPointExtension>
            <ns3:hr>164</ns3:hr>
            <ns3:cad>87</ns3:cad>
          </ns3:TrackPointExtension>
        </extensions>
      </trkpt>
      <trkpt lat="37.50357155688107013702392578125" lon="127.0676712691783905029296875">
        <ele>34</ele>
        <time>2026-09-11T10:37:43.000Z</time>
        <extensions>
          <ns3:TrackPointExtension>
            <ns3:hr>164</ns3:hr>
            <ns3:cad>87</ns3:cad>
          </ns3:TrackPointExtension>
        </extensions>
      </trkpt>
      <trkpt lat="37.503543309867382049560546875" lon="127.06766917370259761810302734375">
        <ele>34</ele>
        <time>2026-09-11T10:37:44.000Z</time>
        <extensions>
          <ns3:TrackPointExtension>
            <ns3:hr>164</ns3:hr>
            <ns3:cad>87</ns3:cad>
          </ns3:TrackPointExtension>
        </extensions>
      </trkpt>
      <trkpt lat="37.5034995563328266143798828125" lon="127.067669592797756195068359375">
        <ele>33.799999237060546875</ele>
        <time>2026-09-11T10:37:45.000Z</time>
        <extensions>
          <ns3:TrackPointExtension>
            <ns3:hr>164</ns3:hr>
            <ns3:cad>87</ns3:cad>
          </ns3:TrackPointExtension>
        </extensions>
      </trkpt>
      <trkpt lat="37.50346879474818706512451171875" lon="127.06767453812062740325927734375">
        <ele>33.799999237060546875</ele>
        <time>2026-09-11T10:37:46.000Z</time>
        <extensions>
          <ns3:TrackPointExtension>
            <ns3:hr>164</ns3:hr>
            <ns3:cad>87</ns3:cad>
          </ns3:TrackPointExtension>
        </extensions>
      </trkpt>
      <trkpt lat="37.50342654995620250701904296875" lon="127.06769532524049282073974609375">
        <ele>33.799999237060546875</ele>
        <time>2026-09-11T10:37:47.000Z</time>
        <extensions>
          <ns3:TrackPointExtension>
            <ns3:hr>164</ns3:hr>
            <ns3:cad>87</ns3:cad>
          </ns3:TrackPointExtension>
        </extensions>
      </trkpt>
      <trkpt lat="37.50339486636221408843994140625" lon="127.067717202007770538330078125">
        <ele>33.799999237060546875</ele>
        <time>2026-09-11T10:37:48.000Z</time>
        <extensions>
          <ns3:TrackPointExtension>
            <ns3:hr>165</ns3:hr>
            <ns3:cad>87</ns3:cad>
          </ns3:TrackPointExtension>
        </extensions>
      </trkpt>
      <trkpt lat="37.5033600814640522003173828125" lon="127.06774226389825344085693359375">
        <ele>33.799999237060546875</ele>
        <time>2026-09-11T10:37:49.000Z</time>
        <extensions>
          <ns3:TrackPointExtension>
            <ns3:hr>164</ns3:hr>
            <ns3:cad>87</ns3:cad>
          </ns3:TrackPointExtension>
        </extensions>
      </trkpt>
      <trkpt lat="37.503324039280414581298828125" lon="127.0677596144378185272216796875">
        <ele>33.799999237060546875</ele>
        <time>2026-09-11T10:37:50.000Z</time>
        <extensions>
          <ns3:TrackPointExtension>
            <ns3:hr>164</ns3:hr>
            <ns3:cad>87</ns3:cad>
          </ns3:TrackPointExtension>
        </extensions>
      </trkpt>
      <trkpt lat="37.5032967142760753631591796875" lon="127.06778417341411113739013671875">
        <ele>33.799999237060546875</ele>
        <time>2026-09-11T10:37:51.000Z</time>
        <extensions>
          <ns3:TrackPointExtension>
            <ns3:hr>165</ns3:hr>
            <ns3:cad>87</ns3:cad>
          </ns3:TrackPointExtension>
        </extensions>
      </trkpt>
      <trkpt lat="37.503258325159549713134765625" lon="127.067798674106597900390625">
        <ele>33.799999237060546875</ele>
        <time>2026-09-11T10:37:52.000Z</time>
        <extensions>
          <ns3:TrackPointExtension>
            <ns3:hr>164</ns3:hr>
            <ns3:cad>87</ns3:cad>
          </ns3:TrackPointExtension>
        </extensions>
      </trkpt>
      <trkpt lat="37.50323091633617877960205078125" lon="127.06781552173197269439697265625">
        <ele>33.799999237060546875</ele>
        <time>2026-09-11T10:37:53.000Z</time>
        <extensions>
          <ns3:TrackPointExtension>
            <ns3:hr>164</ns3:hr>
            <ns3:cad>87</ns3:cad>
          </ns3:TrackPointExtension>
        </extensions>
      </trkpt>
      <trkpt lat="37.50318883918225765228271484375" lon="127.06783429719507694244384765625">
        <ele>33.799999237060546875</ele>
        <time>2026-09-11T10:37:54.000Z</time>
        <extensions>
          <ns3:TrackPointExtension>
            <ns3:hr>165</ns3:hr>
            <ns3:cad>87</ns3:cad>
          </ns3:TrackPointExtension>
        </extensions>
      </trkpt>
      <trkpt lat="37.503164112567901611328125" lon="127.06785458140075206756591796875">
        <ele>33.799999237060546875</ele>
        <time>2026-09-11T10:37:55.000Z</time>
        <extensions>
          <ns3:TrackPointExtension>
            <ns3:hr>164</ns3:hr>
            <ns3:cad>86</ns3:cad>
          </ns3:TrackPointExtension>
        </extensions>
      </trkpt>
      <trkpt lat="37.50312052667140960693359375" lon="127.0678796432912349700927734375">
        <ele>33.799999237060546875</ele>
        <time>2026-09-11T10:37:56.000Z</time>
        <extensions>
          <ns3:TrackPointExtension>
            <ns3:hr>164</ns3:hr>
            <ns3:cad>86</ns3:cad>
          </ns3:TrackPointExtension>
        </extensions>
      </trkpt>
      <trkpt lat="37.50309948809444904327392578125" lon="127.067904956638813018798828125">
        <ele>33.799999237060546875</ele>
        <time>2026-09-11T10:37:57.000Z</time>
        <extensions>
          <ns3:TrackPointExtension>
            <ns3:hr>165</ns3:hr>
            <ns3:cad>87</ns3:cad>
          </ns3:TrackPointExtension>
        </extensions>
      </trkpt>
      <trkpt lat="37.50306076370179653167724609375" lon="127.06793521530926227569580078125">
        <ele>33.799999237060546875</ele>
        <time>2026-09-11T10:37:58.000Z</time>
        <extensions>
          <ns3:TrackPointExtension>
            <ns3:hr>164</ns3:hr>
            <ns3:cad>87</ns3:cad>
          </ns3:TrackPointExtension>
        </extensions>
      </trkpt>
      <trkpt lat="37.50303276814520359039306640625" lon="127.06796086393296718597412109375">
        <ele>33.799999237060546875</ele>
        <time>2026-09-11T10:37:59.000Z</time>
        <extensions>
          <ns3:TrackPointExtension>
            <ns3:hr>164</ns3:hr>
            <ns3:cad>87</ns3:cad>
          </ns3:TrackPointExtension>
        </extensions>
      </trkpt>
      <trkpt lat="37.50299756415188312530517578125" lon="127.06799120642244815826416015625">
        <ele>33.799999237060546875</ele>
        <time>2026-09-11T10:38:00.000Z</time>
        <extensions>
          <ns3:TrackPointExtension>
            <ns3:hr>164</ns3:hr>
            <ns3:cad>87</ns3:cad>
          </ns3:TrackPointExtension>
        </extensions>
      </trkpt>
      <trkpt lat="37.502961941063404083251953125" lon="127.06800746731460094451904296875">
        <ele>33.59999847412109375</ele>
        <time>2026-09-11T10:38:01.000Z</time>
        <extensions>
          <ns3:TrackPointExtension>
            <ns3:hr>165</ns3:hr>
            <ns3:cad>88</ns3:cad>
          </ns3:TrackPointExtension>
        </extensions>
      </trkpt>
      <trkpt lat="37.50292749144136905670166015625" lon="127.0680305175483226776123046875">
        <ele>33.59999847412109375</ele>
        <time>2026-09-11T10:38:02.000Z</time>
        <extensions>
          <ns3:TrackPointExtension>
            <ns3:hr>164</ns3:hr>
            <ns3:cad>88</ns3:cad>
          </ns3:TrackPointExtension>
        </extensions>
      </trkpt>
      <trkpt lat="37.50289329327642917633056640625" lon="127.068049125373363494873046875">
        <ele>33.59999847412109375</ele>
        <time>2026-09-11T10:38:03.000Z</time>
        <extensions>
          <ns3:TrackPointExtension>
            <ns3:hr>164</ns3:hr>
            <ns3:cad>87</ns3:cad>
          </ns3:TrackPointExtension>
        </extensions>
      </trkpt>
      <trkpt lat="37.50286529771983623504638671875" lon="127.0680710859596729278564453125">
        <ele>33.799999237060546875</ele>
        <time>2026-09-11T10:38:04.000Z</time>
        <extensions>
          <ns3:TrackPointExtension>
            <ns3:hr>164</ns3:hr>
            <ns3:cad>87</ns3:cad>
          </ns3:TrackPointExtension>
        </extensions>
      </trkpt>
      <trkpt lat="37.50284099020063877105712890625" lon="127.06809061579406261444091796875">
        <ele>33.799999237060546875</ele>
        <time>2026-09-11T10:38:05.000Z</time>
        <extensions>
          <ns3:TrackPointExtension>
            <ns3:hr>164</ns3:hr>
            <ns3:cad>87</ns3:cad>
          </ns3:TrackPointExtension>
        </extensions>
      </trkpt>
      <trkpt lat="37.5028058700263500213623046875" lon="127.0681129954755306243896484375">
        <ele>33.59999847412109375</ele>
        <time>2026-09-11T10:38:06.000Z</time>
        <extensions>
          <ns3:TrackPointExtension>
            <ns3:hr>164</ns3:hr>
            <ns3:cad>89</ns3:cad>
          </ns3:TrackPointExtension>
        </extensions>
      </trkpt>
      <trkpt lat="37.50277024693787097930908203125" lon="127.0681285858154296875">
        <ele>33.59999847412109375</ele>
        <time>2026-09-11T10:38:07.000Z</time>
        <extensions>
          <ns3:TrackPointExtension>
            <ns3:hr>164</ns3:hr>
            <ns3:cad>89</ns3:cad>
          </ns3:TrackPointExtension>
        </extensions>
      </trkpt>
      <trkpt lat="37.50273504294455051422119140625" lon="127.06815130077302455902099609375">
        <ele>33.59999847412109375</ele>
        <time>2026-09-11T10:38:08.000Z</time>
        <extensions>
          <ns3:TrackPointExtension>
            <ns3:hr>164</ns3:hr>
            <ns3:cad>87</ns3:cad>
          </ns3:TrackPointExtension>
        </extensions>
      </trkpt>
      <trkpt lat="37.50269531272351741790771484375" lon="127.06816538237035274505615234375">
        <ele>33.40000152587890625</ele>
        <time>2026-09-11T10:38:09.000Z</time>
        <extensions>
          <ns3:TrackPointExtension>
            <ns3:hr>164</ns3:hr>
            <ns3:cad>87</ns3:cad>
          </ns3:TrackPointExtension>
        </extensions>
      </trkpt>
      <trkpt lat="37.5026627071201801300048828125" lon="127.06818633712828159332275390625">
        <ele>33.40000152587890625</ele>
        <time>2026-09-11T10:38:10.000Z</time>
        <extensions>
          <ns3:TrackPointExtension>
            <ns3:hr>164</ns3:hr>
            <ns3:cad>87</ns3:cad>
          </ns3:TrackPointExtension>
        </extensions>
      </trkpt>
      <trkpt lat="37.50262607820332050323486328125" lon="127.06821030937135219573974609375">
        <ele>33.40000152587890625</ele>
        <time>2026-09-11T10:38:11.000Z</time>
        <extensions>
          <ns3:TrackPointExtension>
            <ns3:hr>164</ns3:hr>
            <ns3:cad>87</ns3:cad>
          </ns3:TrackPointExtension>
        </extensions>
      </trkpt>
      <trkpt lat="37.5026000104844570159912109375" lon="127.06822975538671016693115234375">
        <ele>33.59999847412109375</ele>
        <time>2026-09-11T10:38:12.000Z</time>
        <extensions>
          <ns3:TrackPointExtension>
            <ns3:hr>164</ns3:hr>
            <ns3:cad>88</ns3:cad>
          </ns3:TrackPointExtension>
        </extensions>
      </trkpt>
      <trkpt lat="37.502558268606662750244140625" lon="127.06825490109622478485107421875">
        <ele>33.59999847412109375</ele>
        <time>2026-09-11T10:38:13.000Z</time>
        <extensions>
          <ns3:TrackPointExtension>
            <ns3:hr>164</ns3:hr>
            <ns3:cad>88</ns3:cad>
          </ns3:TrackPointExtension>
        </extensions>
      </trkpt>
      <trkpt lat="37.50253186561167240142822265625" lon="127.06828222610056400299072265625">
        <ele>33.59999847412109375</ele>
        <time>2026-09-11T10:38:14.000Z</time>
        <extensions>
          <ns3:TrackPointExtension>
            <ns3:hr>164</ns3:hr>
            <ns3:cad>88</ns3:cad>
          </ns3:TrackPointExtension>
        </extensions>
      </trkpt>
      <trkpt lat="37.5025007687509059906005859375" lon="127.06831944175064563751220703125">
        <ele>33.59999847412109375</ele>
        <time>2026-09-11T10:38:15.000Z</time>
        <extensions>
          <ns3:TrackPointExtension>
            <ns3:hr>164</ns3:hr>
            <ns3:cad>88</ns3:cad>
          </ns3:TrackPointExtension>
        </extensions>
      </trkpt>
      <trkpt lat="37.50247771851718425750732421875" lon="127.06836051307618618011474609375">
        <ele>33.59999847412109375</ele>
        <time>2026-09-11T10:38:16.000Z</time>
        <extensions>
          <ns3:TrackPointExtension>
            <ns3:hr>164</ns3:hr>
            <ns3:cad>88</ns3:cad>
          </ns3:TrackPointExtension>
        </extensions>
      </trkpt>
      <trkpt lat="37.5024484656751155853271484375" lon="127.06840217113494873046875">
        <ele>33.799999237060546875</ele>
        <time>2026-09-11T10:38:17.000Z</time>
        <extensions>
          <ns3:TrackPointExtension>
            <ns3:hr>164</ns3:hr>
            <ns3:cad>88</ns3:cad>
          </ns3:TrackPointExtension>
        </extensions>
      </trkpt>
      <trkpt lat="37.50243077985942363739013671875" lon="127.0684405602514743804931640625">
        <ele>33.799999237060546875</ele>
        <time>2026-09-11T10:38:18.000Z</time>
        <extensions>
          <ns3:TrackPointExtension>
            <ns3:hr>164</ns3:hr>
            <ns3:cad>88</ns3:cad>
          </ns3:TrackPointExtension>
        </extensions>
      </trkpt>
      <trkpt lat="37.50241510570049285888671875" lon="127.068489678204059600830078125">
        <ele>33.799999237060546875</ele>
        <time>2026-09-11T10:38:19.000Z</time>
        <extensions>
          <ns3:TrackPointExtension>
            <ns3:hr>164</ns3:hr>
            <ns3:cad>88</ns3:cad>
          </ns3:TrackPointExtension>
        </extensions>
      </trkpt>
      <trkpt lat="37.5024055503308773040771484375" lon="127.068534605205059051513671875">
        <ele>34</ele>
        <time>2026-09-11T10:38:20.000Z</time>
        <extensions>
          <ns3:TrackPointExtension>
            <ns3:hr>165</ns3:hr>
            <ns3:cad>88</ns3:cad>
          </ns3:TrackPointExtension>
        </extensions>
      </trkpt>
      <trkpt lat="37.50239725224673748016357421875" lon="127.0685726590454578399658203125">
        <ele>34</ele>
        <time>2026-09-11T10:38:21.000Z</time>
        <extensions>
          <ns3:TrackPointExtension>
            <ns3:hr>164</ns3:hr>
            <ns3:cad>88</ns3:cad>
          </ns3:TrackPointExtension>
        </extensions>
      </trkpt>
      <trkpt lat="37.5023958273231983184814453125" lon="127.06861934624612331390380859375">
        <ele>34</ele>
        <time>2026-09-11T10:38:22.000Z</time>
        <extensions>
          <ns3:TrackPointExtension>
            <ns3:hr>164</ns3:hr>
            <ns3:cad>88</ns3:cad>
          </ns3:TrackPointExtension>
        </extensions>
      </trkpt>
      <trkpt lat="37.50241099856793880462646484375" lon="127.068655975162982940673828125">
        <ele>34</ele>
        <time>2026-09-11T10:38:23.000Z</time>
        <extensions>
          <ns3:TrackPointExtension>
            <ns3:hr>164</ns3:hr>
            <ns3:cad>88</ns3:cad>
          </ns3:TrackPointExtension>
        </extensions>
      </trkpt>
      <trkpt lat="37.50242591835558414459228515625" lon="127.06871263682842254638671875">
        <ele>34</ele>
        <time>2026-09-11T10:38:24.000Z</time>
        <extensions>
          <ns3:TrackPointExtension>
            <ns3:hr>164</ns3:hr>
            <ns3:cad>88</ns3:cad>
          </ns3:TrackPointExtension>
        </extensions>
      </trkpt>
      <trkpt lat="37.5024380721151828765869140625" lon="127.0687503553926944732666015625">
        <ele>34</ele>
        <time>2026-09-11T10:38:25.000Z</time>
        <extensions>
          <ns3:TrackPointExtension>
            <ns3:hr>164</ns3:hr>
            <ns3:cad>88</ns3:cad>
          </ns3:TrackPointExtension>
        </extensions>
      </trkpt>
      <trkpt lat="37.502458356320858001708984375" lon="127.0687949471175670623779296875">
        <ele>34</ele>
        <time>2026-09-11T10:38:26.000Z</time>
        <extensions>
          <ns3:TrackPointExtension>
            <ns3:hr>163</ns3:hr>
            <ns3:cad>88</ns3:cad>
          </ns3:TrackPointExtension>
        </extensions>
      </trkpt>
      <trkpt lat="37.50247419811785221099853515625" lon="127.06883023492991924285888671875">
        <ele>34</ele>
        <time>2026-09-11T10:38:27.000Z</time>
        <extensions>
          <ns3:TrackPointExtension>
            <ns3:hr>164</ns3:hr>
            <ns3:cad>88</ns3:cad>
          </ns3:TrackPointExtension>
        </extensions>
      </trkpt>
      <trkpt lat="37.502497918903827667236328125" lon="127.06886594183743000030517578125">
        <ele>34</ele>
        <time>2026-09-11T10:38:28.000Z</time>
        <extensions>
          <ns3:TrackPointExtension>
            <ns3:hr>164</ns3:hr>
            <ns3:cad>87</ns3:cad>
          </ns3:TrackPointExtension>
        </extensions>
      </trkpt>
      <trkpt lat="37.50251962803304195404052734375" lon="127.068889997899532318115234375">
        <ele>33.799999237060546875</ele>
        <time>2026-09-11T10:38:29.000Z</time>
        <extensions>
          <ns3:TrackPointExtension>
            <ns3:hr>163</ns3:hr>
            <ns3:cad>87</ns3:cad>
          </ns3:TrackPointExtension>
        </extensions>
      </trkpt>
      <trkpt lat="37.50254645012319087982177734375" lon="127.06890952773392200469970703125">
        <ele>33.799999237060546875</ele>
        <time>2026-09-11T10:38:30.000Z</time>
        <extensions>
          <ns3:TrackPointExtension>
            <ns3:hr>163</ns3:hr>
            <ns3:cad>87</ns3:cad>
          </ns3:TrackPointExtension>
        </extensions>
      </trkpt>
      <trkpt lat="37.50258542597293853759765625" lon="127.06893366761505603790283203125">
        <ele>34</ele>
        <time>2026-09-11T10:38:31.000Z</time>
        <extensions>
          <ns3:TrackPointExtension>
            <ns3:hr>163</ns3:hr>
            <ns3:cad>87</ns3:cad>
          </ns3:TrackPointExtension>
        </extensions>
      </trkpt>
      <trkpt lat="37.50261585228145122528076171875" lon="127.06894389353692531585693359375">
        <ele>34</ele>
        <time>2026-09-11T10:38:32.000Z</time>
        <extensions>
          <ns3:TrackPointExtension>
            <ns3:hr>164</ns3:hr>
            <ns3:cad>87</ns3:cad>
          </ns3:TrackPointExtension>
        </extensions>
      </trkpt>
      <trkpt lat="37.502658851444721221923828125" lon="127.06895914860069751739501953125">
        <ele>34</ele>
        <time>2026-09-11T10:38:33.000Z</time>
        <extensions>
          <ns3:TrackPointExtension>
            <ns3:hr>163</ns3:hr>
            <ns3:cad>87</ns3:cad>
          </ns3:TrackPointExtension>
        </extensions>
      </trkpt>
      <trkpt lat="37.502692043781280517578125" lon="127.0689645968377590179443359375">
        <ele>34</ele>
        <time>2026-09-11T10:38:34.000Z</time>
        <extensions>
          <ns3:TrackPointExtension>
            <ns3:hr>163</ns3:hr>
            <ns3:cad>87</ns3:cad>
          </ns3:TrackPointExtension>
        </extensions>
      </trkpt>
      <trkpt lat="37.502730600535869598388671875" lon="127.068973481655120849609375">
        <ele>34</ele>
        <time>2026-09-11T10:38:35.000Z</time>
        <extensions>
          <ns3:TrackPointExtension>
            <ns3:hr>164</ns3:hr>
            <ns3:cad>87</ns3:cad>
          </ns3:TrackPointExtension>
        </extensions>
      </trkpt>
      <trkpt lat="37.5027602724730968475341796875" lon="127.06898177973926067352294921875">
        <ele>34</ele>
        <time>2026-09-11T10:38:36.000Z</time>
        <extensions>
          <ns3:TrackPointExtension>
            <ns3:hr>163</ns3:hr>
            <ns3:cad>87</ns3:cad>
          </ns3:TrackPointExtension>
        </extensions>
      </trkpt>
      <trkpt lat="37.50279656611382961273193359375" lon="127.06897172145545482635498046875">
        <ele>34</ele>
        <time>2026-09-11T10:38:37.000Z</time>
        <extensions>
          <ns3:TrackPointExtension>
            <ns3:hr>163</ns3:hr>
            <ns3:cad>87</ns3:cad>
          </ns3:TrackPointExtension>
        </extensions>
      </trkpt>
      <trkpt lat="37.5028320215642452239990234375" lon="127.06896384246647357940673828125">
        <ele>34</ele>
        <time>2026-09-11T10:38:38.000Z</time>
        <extensions>
          <ns3:TrackPointExtension>
            <ns3:hr>164</ns3:hr>
            <ns3:cad>87</ns3:cad>
          </ns3:TrackPointExtension>
        </extensions>
      </trkpt>
      <trkpt lat="37.50286328606307506561279296875" lon="127.068946324288845062255859375">
        <ele>34</ele>
        <time>2026-09-11T10:38:39.000Z</time>
        <extensions>
          <ns3:TrackPointExtension>
            <ns3:hr>164</ns3:hr>
            <ns3:cad>87</ns3:cad>
          </ns3:TrackPointExtension>
        </extensions>
      </trkpt>
      <trkpt lat="37.5029017589986324310302734375" lon="127.068930566310882568359375">
        <ele>34</ele>
        <time>2026-09-11T10:38:40.000Z</time>
        <extensions>
          <ns3:TrackPointExtension>
            <ns3:hr>164</ns3:hr>
            <ns3:cad>87</ns3:cad>
          </ns3:TrackPointExtension>
        </extensions>
      </trkpt>
      <trkpt lat="37.50292648561298847198486328125" lon="127.06891019828617572784423828125">
        <ele>34</ele>
        <time>2026-09-11T10:38:41.000Z</time>
        <extensions>
          <ns3:TrackPointExtension>
            <ns3:hr>164</ns3:hr>
            <ns3:cad>87</ns3:cad>
          </ns3:TrackPointExtension>
        </extensions>
      </trkpt>
      <trkpt lat="37.50296495854854583740234375" lon="127.0688898302614688873291015625">
        <ele>34</ele>
        <time>2026-09-11T10:38:42.000Z</time>
        <extensions>
          <ns3:TrackPointExtension>
            <ns3:hr>163</ns3:hr>
            <ns3:cad>87</ns3:cad>
          </ns3:TrackPointExtension>
        </extensions>
      </trkpt>
      <trkpt lat="37.50298750586807727813720703125" lon="127.06886879168450832366943359375">
        <ele>34</ele>
        <time>2026-09-11T10:38:43.000Z</time>
        <extensions>
          <ns3:TrackPointExtension>
            <ns3:hr>164</ns3:hr>
            <ns3:cad>87</ns3:cad>
          </ns3:TrackPointExtension>
        </extensions>
      </trkpt>
      <trkpt lat="37.5030254758894443511962890625" lon="127.06884314306080341339111328125">
        <ele>34</ele>
        <time>2026-09-11T10:38:44.000Z</time>
        <extensions>
          <ns3:TrackPointExtension>
            <ns3:hr>164</ns3:hr>
            <ns3:cad>87</ns3:cad>
          </ns3:TrackPointExtension>
        </extensions>
      </trkpt>
      <trkpt lat="37.50305254943668842315673828125" lon="127.0688241161406040191650390625">
        <ele>34</ele>
        <time>2026-09-11T10:38:45.000Z</time>
        <extensions>
          <ns3:TrackPointExtension>
            <ns3:hr>164</ns3:hr>
            <ns3:cad>87</ns3:cad>
          </ns3:TrackPointExtension>
        </extensions>
      </trkpt>
      <trkpt lat="37.50308565795421600341796875" lon="127.0688004791736602783203125">
        <ele>34</ele>
        <time>2026-09-11T10:38:46.000Z</time>
        <extensions>
          <ns3:TrackPointExtension>
            <ns3:hr>164</ns3:hr>
            <ns3:cad>87</ns3:cad>
          </ns3:TrackPointExtension>
        </extensions>
      </trkpt>
      <trkpt lat="37.5031173415482044219970703125" lon="127.0687817037105560302734375">
        <ele>34</ele>
        <time>2026-09-11T10:38:47.000Z</time>
        <extensions>
          <ns3:TrackPointExtension>
            <ns3:hr>164</ns3:hr>
            <ns3:cad>87</ns3:cad>
          </ns3:TrackPointExtension>
        </extensions>
      </trkpt>
      <trkpt lat="37.50314391218125820159912109375" lon="127.06875831820070743560791015625">
        <ele>34.200000762939453125</ele>
        <time>2026-09-11T10:38:48.000Z</time>
        <extensions>
          <ns3:TrackPointExtension>
            <ns3:hr>164</ns3:hr>
            <ns3:cad>87</ns3:cad>
          </ns3:TrackPointExtension>
        </extensions>
      </trkpt>
      <trkpt lat="37.5031786970794200897216796875" lon="127.068739794194698333740234375">
        <ele>34</ele>
        <time>2026-09-11T10:38:49.000Z</time>
        <extensions>
          <ns3:TrackPointExtension>
            <ns3:hr>164</ns3:hr>
            <ns3:cad>87</ns3:cad>
          </ns3:TrackPointExtension>
        </extensions>
      </trkpt>
      <trkpt lat="37.50320476479828357696533203125" lon="127.06871892325580120086669921875">
        <ele>34</ele>
        <time>2026-09-11T10:38:50.000Z</time>
        <extensions>
          <ns3:TrackPointExtension>
            <ns3:hr>164</ns3:hr>
            <ns3:cad>88</ns3:cad>
          </ns3:TrackPointExtension>
        </extensions>
      </trkpt>
      <trkpt lat="37.50324415974318981170654296875" lon="127.06870534457266330718994140625">
        <ele>34</ele>
        <time>2026-09-11T10:38:51.000Z</time>
        <extensions>
          <ns3:TrackPointExtension>
            <ns3:hr>164</ns3:hr>
            <ns3:cad>87</ns3:cad>
          </ns3:TrackPointExtension>
        </extensions>
      </trkpt>
      <trkpt lat="37.5032695569097995758056640625" lon="127.0686826296150684356689453125">
        <ele>34</ele>
        <time>2026-09-11T10:38:52.000Z</time>
        <extensions>
          <ns3:TrackPointExtension>
            <ns3:hr>164</ns3:hr>
            <ns3:cad>87</ns3:cad>
          </ns3:TrackPointExtension>
        </extensions>
      </trkpt>
      <trkpt lat="37.50331071205437183380126953125" lon="127.06866167485713958740234375">
        <ele>33.799999237060546875</ele>
        <time>2026-09-11T10:38:53.000Z</time>
        <extensions>
          <ns3:TrackPointExtension>
            <ns3:hr>164</ns3:hr>
            <ns3:cad>87</ns3:cad>
          </ns3:TrackPointExtension>
        </extensions>
      </trkpt>
      <trkpt lat="37.5033349357545375823974609375" lon="127.06864164210855960845947265625">
        <ele>33.799999237060546875</ele>
        <time>2026-09-11T10:38:54.000Z</time>
        <extensions>
          <ns3:TrackPointExtension>
            <ns3:hr>163</ns3:hr>
            <ns3:cad>87</ns3:cad>
          </ns3:TrackPointExtension>
        </extensions>
      </trkpt>
      <trkpt lat="37.50337223522365093231201171875" lon="127.0686180889606475830078125">
        <ele>33.799999237060546875</ele>
        <time>2026-09-11T10:38:55.000Z</time>
        <extensions>
          <ns3:TrackPointExtension>
            <ns3:hr>164</ns3:hr>
            <ns3:cad>87</ns3:cad>
          </ns3:TrackPointExtension>
        </extensions>
      </trkpt>
      <trkpt lat="37.5033949501812458038330078125" lon="127.0685964636504650115966796875">
        <ele>33.59999847412109375</ele>
        <time>2026-09-11T10:38:56.000Z</time>
        <extensions>
          <ns3:TrackPointExtension>
            <ns3:hr>164</ns3:hr>
            <ns3:cad>87</ns3:cad>
          </ns3:TrackPointExtension>
        </extensions>
      </trkpt>
      <trkpt lat="37.50342839397490024566650390625" lon="127.06857852637767791748046875">
        <ele>33.59999847412109375</ele>
        <time>2026-09-11T10:38:57.000Z</time>
        <extensions>
          <ns3:TrackPointExtension>
            <ns3:hr>163</ns3:hr>
            <ns3:cad>87</ns3:cad>
          </ns3:TrackPointExtension>
        </extensions>
      </trkpt>
      <trkpt lat="37.50345421023666858673095703125" lon="127.06856117583811283111572265625">
        <ele>33.59999847412109375</ele>
        <time>2026-09-11T10:38:58.000Z</time>
        <extensions>
          <ns3:TrackPointExtension>
            <ns3:hr>163</ns3:hr>
            <ns3:cad>87</ns3:cad>
          </ns3:TrackPointExtension>
        </extensions>
      </trkpt>
      <trkpt lat="37.50347985886037349700927734375" lon="127.068539969623088836669921875">
        <ele>33.59999847412109375</ele>
        <time>2026-09-11T10:38:59.000Z</time>
        <extensions>
          <ns3:TrackPointExtension>
            <ns3:hr>163</ns3:hr>
            <ns3:cad>87</ns3:cad>
          </ns3:TrackPointExtension>
        </extensions>
      </trkpt>
      <trkpt lat="37.50351606868207454681396484375" lon="127.06852530129253864288330078125">
        <ele>33.59999847412109375</ele>
        <time>2026-09-11T10:39:00.000Z</time>
        <extensions>
          <ns3:TrackPointExtension>
            <ns3:hr>163</ns3:hr>
            <ns3:cad>87</ns3:cad>
          </ns3:TrackPointExtension>
        </extensions>
      </trkpt>
      <trkpt lat="37.5035409629344940185546875" lon="127.06850585527718067169189453125">
        <ele>33.59999847412109375</ele>
        <time>2026-09-11T10:39:01.000Z</time>
        <extensions>
          <ns3:TrackPointExtension>
            <ns3:hr>163</ns3:hr>
            <ns3:cad>87</ns3:cad>
          </ns3:TrackPointExtension>
        </extensions>
      </trkpt>
      <trkpt lat="37.50357943587005138397216796875" lon="127.06848800182342529296875">
        <ele>33.59999847412109375</ele>
        <time>2026-09-11T10:39:02.000Z</time>
        <extensions>
          <ns3:TrackPointExtension>
            <ns3:hr>163</ns3:hr>
            <ns3:cad>86</ns3:cad>
          </ns3:TrackPointExtension>
        </extensions>
      </trkpt>
      <trkpt lat="37.503604330122470855712890625" lon="127.06847031600773334503173828125">
        <ele>33.59999847412109375</ele>
        <time>2026-09-11T10:39:03.000Z</time>
        <extensions>
          <ns3:TrackPointExtension>
            <ns3:hr>163</ns3:hr>
            <ns3:cad>86</ns3:cad>
          </ns3:TrackPointExtension>
        </extensions>
      </trkpt>
      <trkpt lat="37.50363660044968128204345703125" lon="127.0684452541172504425048828125">
        <ele>33.59999847412109375</ele>
        <time>2026-09-11T10:39:04.000Z</time>
        <extensions>
          <ns3:TrackPointExtension>
            <ns3:hr>163</ns3:hr>
            <ns3:cad>86</ns3:cad>
          </ns3:TrackPointExtension>
        </extensions>
      </trkpt>
      <trkpt lat="37.5036648474633693695068359375" lon="127.06842589192092418670654296875">
        <ele>33.59999847412109375</ele>
        <time>2026-09-11T10:39:05.000Z</time>
        <extensions>
          <ns3:TrackPointExtension>
            <ns3:hr>162</ns3:hr>
            <ns3:cad>86</ns3:cad>
          </ns3:TrackPointExtension>
        </extensions>
      </trkpt>
      <trkpt lat="37.5036940164864063262939453125" lon="127.06840594299137592315673828125">
        <ele>33.59999847412109375</ele>
        <time>2026-09-11T10:39:06.000Z</time>
        <extensions>
          <ns3:TrackPointExtension>
            <ns3:hr>162</ns3:hr>
            <ns3:cad>86</ns3:cad>
          </ns3:TrackPointExtension>
        </extensions>
      </trkpt>
      <trkpt lat="37.50371958129107952117919921875" lon="127.068383730947971343994140625">
        <ele>33.59999847412109375</ele>
        <time>2026-09-11T10:39:07.000Z</time>
        <extensions>
          <ns3:TrackPointExtension>
            <ns3:hr>162</ns3:hr>
            <ns3:cad>86</ns3:cad>
          </ns3:TrackPointExtension>
        </extensions>
      </trkpt>
      <trkpt lat="37.50374623574316501617431640625" lon="127.0683550648391246795654296875">
        <ele>33.59999847412109375</ele>
        <time>2026-09-11T10:39:08.000Z</time>
        <extensions>
          <ns3:TrackPointExtension>
            <ns3:hr>162</ns3:hr>
            <ns3:cad>86</ns3:cad>
          </ns3:TrackPointExtension>
        </extensions>
      </trkpt>
      <trkpt lat="37.50376886688172817230224609375" lon="127.06832371652126312255859375">
        <ele>33.799999237060546875</ele>
        <time>2026-09-11T10:39:09.000Z</time>
        <extensions>
          <ns3:TrackPointExtension>
            <ns3:hr>162</ns3:hr>
            <ns3:cad>86</ns3:cad>
          </ns3:TrackPointExtension>
        </extensions>
      </trkpt>
      <trkpt lat="37.50379317440092563629150390625" lon="127.06829764880239963531494140625">
        <ele>33.799999237060546875</ele>
        <time>2026-09-11T10:39:10.000Z</time>
        <extensions>
          <ns3:TrackPointExtension>
            <ns3:hr>162</ns3:hr>
            <ns3:cad>87</ns3:cad>
          </ns3:TrackPointExtension>
        </extensions>
      </trkpt>
      <trkpt lat="37.5038170628249645233154296875" lon="127.06825020723044872283935546875">
        <ele>33.799999237060546875</ele>
        <time>2026-09-11T10:39:11.000Z</time>
        <extensions>
          <ns3:TrackPointExtension>
            <ns3:hr>162</ns3:hr>
            <ns3:cad>87</ns3:cad>
          </ns3:TrackPointExtension>
        </extensions>
      </trkpt>
      <trkpt lat="37.503828294575214385986328125" lon="127.06820745952427387237548828125">
        <ele>33.799999237060546875</ele>
        <time>2026-09-11T10:39:12.000Z</time>
        <extensions>
          <ns3:TrackPointExtension>
            <ns3:hr>162</ns3:hr>
            <ns3:cad>87</ns3:cad>
          </ns3:TrackPointExtension>
        </extensions>
      </trkpt>
      <trkpt lat="37.5038458965718746185302734375" lon="127.06815917976200580596923828125">
        <ele>33.799999237060546875</ele>
        <time>2026-09-11T10:39:13.000Z</time>
        <extensions>
          <ns3:TrackPointExtension>
            <ns3:hr>162</ns3:hr>
            <ns3:cad>87</ns3:cad>
          </ns3:TrackPointExtension>
        </extensions>
      </trkpt>
      <trkpt lat="37.50385352410376071929931640625" lon="127.0681180246174335479736328125">
        <ele>33.799999237060546875</ele>
        <time>2026-09-11T10:39:14.000Z</time>
        <extensions>
          <ns3:TrackPointExtension>
            <ns3:hr>162</ns3:hr>
            <ns3:cad>87</ns3:cad>
          </ns3:TrackPointExtension>
        </extensions>
      </trkpt>
      <trkpt lat="37.5038572959601879119873046875" lon="127.06806915812194347381591796875">
        <ele>33.799999237060546875</ele>
        <time>2026-09-11T10:39:15.000Z</time>
        <extensions>
          <ns3:TrackPointExtension>
            <ns3:hr>163</ns3:hr>
            <ns3:cad>87</ns3:cad>
          </ns3:TrackPointExtension>
        </extensions>
      </trkpt>
      <trkpt lat="37.50385218299925327301025390625" lon="127.0680221356451511383056640625">
        <ele>33.799999237060546875</ele>
        <time>2026-09-11T10:39:16.000Z</time>
        <extensions>
          <ns3:TrackPointExtension>
            <ns3:hr>162</ns3:hr>
            <ns3:cad>87</ns3:cad>
          </ns3:TrackPointExtension>
        </extensions>
      </trkpt>
      <trkpt lat="37.50384195707738399505615234375" lon="127.0679770410060882568359375">
        <ele>33.799999237060546875</ele>
        <time>2026-09-11T10:39:17.000Z</time>
        <extensions>
          <ns3:TrackPointExtension>
            <ns3:hr>162</ns3:hr>
            <ns3:cad>87</ns3:cad>
          </ns3:TrackPointExtension>
        </extensions>
      </trkpt>
      <trkpt lat="37.5038341619074344635009765625" lon="127.06793135963380336761474609375">
        <ele>33.799999237060546875</ele>
        <time>2026-09-11T10:39:18.000Z</time>
        <extensions>
          <ns3:TrackPointExtension>
            <ns3:hr>162</ns3:hr>
            <ns3:cad>87</ns3:cad>
          </ns3:TrackPointExtension>
        </extensions>
      </trkpt>
      <trkpt lat="37.50382251106202602386474609375" lon="127.06789246760308742523193359375">
        <ele>33.799999237060546875</ele>
        <time>2026-09-11T10:39:19.000Z</time>
        <extensions>
          <ns3:TrackPointExtension>
            <ns3:hr>162</ns3:hr>
            <ns3:cad>87</ns3:cad>
          </ns3:TrackPointExtension>
        </extensions>
      </trkpt>
      <trkpt lat="37.50380960293114185333251953125" lon="127.06784536130726337432861328125">
        <ele>33.799999237060546875</ele>
        <time>2026-09-11T10:39:20.000Z</time>
        <extensions>
          <ns3:TrackPointExtension>
            <ns3:hr>162</ns3:hr>
            <ns3:cad>87</ns3:cad>
          </ns3:TrackPointExtension>
        </extensions>
      </trkpt>
      <trkpt lat="37.50379418022930622100830078125" lon="127.06782641820609569549560546875">
        <ele>33.799999237060546875</ele>
        <time>2026-09-11T10:39:21.000Z</time>
        <extensions>
          <ns3:TrackPointExtension>
            <ns3:hr>162</ns3:hr>
            <ns3:cad>86</ns3:cad>
          </ns3:TrackPointExtension>
        </extensions>
      </trkpt>
      <trkpt lat="37.5037644244730472564697265625" lon="127.06778861582279205322265625">
        <ele>33.799999237060546875</ele>
        <time>2026-09-11T10:39:22.000Z</time>
        <extensions>
          <ns3:TrackPointExtension>
            <ns3:hr>162</ns3:hr>
            <ns3:cad>86</ns3:cad>
          </ns3:TrackPointExtension>
        </extensions>
      </trkpt>
      <trkpt lat="37.50374338589608669281005859375" lon="127.06776523031294345855712890625">
        <ele>33.799999237060546875</ele>
        <time>2026-09-11T10:39:23.000Z</time>
        <extensions>
          <ns3:TrackPointExtension>
            <ns3:hr>162</ns3:hr>
            <ns3:cad>86</ns3:cad>
          </ns3:TrackPointExtension>
        </extensions>
      </trkpt>
      <trkpt lat="37.50371438451111316680908203125" lon="127.06773606128990650177001953125">
        <ele>33.799999237060546875</ele>
        <time>2026-09-11T10:39:24.000Z</time>
        <extensions>
          <ns3:TrackPointExtension>
            <ns3:hr>162</ns3:hr>
            <ns3:cad>87</ns3:cad>
          </ns3:TrackPointExtension>
        </extensions>
      </trkpt>
      <trkpt lat="37.50368513166904449462890625" lon="127.067715190351009368896484375">
        <ele>33.799999237060546875</ele>
        <time>2026-09-11T10:39:25.000Z</time>
        <extensions>
          <ns3:TrackPointExtension>
            <ns3:hr>162</ns3:hr>
            <ns3:cad>87</ns3:cad>
          </ns3:TrackPointExtension>
        </extensions>
      </trkpt>
      <trkpt lat="37.503652274608612060546875" lon="127.0677002705633640289306640625">
        <ele>33.59999847412109375</ele>
        <time>2026-09-11T10:39:26.000Z</time>
        <extensions>
          <ns3:TrackPointExtension>
            <ns3:hr>161</ns3:hr>
            <ns3:cad>87</ns3:cad>
          </ns3:TrackPointExtension>
        </extensions>
      </trkpt>
      <trkpt lat="37.50361346639692783355712890625" lon="127.0676818303763866424560546875">
        <ele>33.59999847412109375</ele>
        <time>2026-09-11T10:39:27.000Z</time>
        <extensions>
          <ns3:TrackPointExtension>
            <ns3:hr>161</ns3:hr>
            <ns3:cad>87</ns3:cad>
          </ns3:TrackPointExtension>
        </extensions>
      </trkpt>
      <trkpt lat="37.50357960350811481475830078125" lon="127.06767596304416656494140625">
        <ele>33.59999847412109375</ele>
        <time>2026-09-11T10:39:28.000Z</time>
        <extensions>
          <ns3:TrackPointExtension>
            <ns3:hr>161</ns3:hr>
            <ns3:cad>87</ns3:cad>
          </ns3:TrackPointExtension>
        </extensions>
      </trkpt>
      <trkpt lat="37.50353484414517879486083984375" lon="127.06766699440777301788330078125">
        <ele>33.59999847412109375</ele>
        <time>2026-09-11T10:39:29.000Z</time>
        <extensions>
          <ns3:TrackPointExtension>
            <ns3:hr>161</ns3:hr>
            <ns3:cad>86</ns3:cad>
          </ns3:TrackPointExtension>
        </extensions>
      </trkpt>
      <trkpt lat="37.50350634567439556121826171875" lon="127.06767235882580280303955078125">
        <ele>33.59999847412109375</ele>
        <time>2026-09-11T10:39:30.000Z</time>
        <extensions>
          <ns3:TrackPointExtension>
            <ns3:hr>161</ns3:hr>
            <ns3:cad>86</ns3:cad>
          </ns3:TrackPointExtension>
        </extensions>
      </trkpt>
      <trkpt lat="37.50346259213984012603759765625" lon="127.06767889671027660369873046875">
        <ele>33.799999237060546875</ele>
        <time>2026-09-11T10:39:31.000Z</time>
        <extensions>
          <ns3:TrackPointExtension>
            <ns3:hr>162</ns3:hr>
            <ns3:cad>86</ns3:cad>
          </ns3:TrackPointExtension>
        </extensions>
      </trkpt>
      <trkpt lat="37.50343962572515010833740234375" lon="127.06769314594566822052001953125">
        <ele>33.799999237060546875</ele>
        <time>2026-09-11T10:39:32.000Z</time>
        <extensions>
          <ns3:TrackPointExtension>
            <ns3:hr>161</ns3:hr>
            <ns3:cad>87</ns3:cad>
          </ns3:TrackPointExtension>
        </extensions>
      </trkpt>
      <trkpt lat="37.50339671038091182708740234375" lon="127.06771762110292911529541015625">
        <ele>33.799999237060546875</ele>
        <time>2026-09-11T10:39:33.000Z</time>
        <extensions>
          <ns3:TrackPointExtension>
            <ns3:hr>161</ns3:hr>
            <ns3:cad>87</ns3:cad>
          </ns3:TrackPointExtension>
        </extensions>
      </trkpt>
      <trkpt lat="37.5033724866807460784912109375" lon="127.0677428506314754486083984375">
        <ele>33.799999237060546875</ele>
        <time>2026-09-11T10:39:34.000Z</time>
        <extensions>
          <ns3:TrackPointExtension>
            <ns3:hr>161</ns3:hr>
            <ns3:cad>87</ns3:cad>
          </ns3:TrackPointExtension>
        </extensions>
      </trkpt>
      <trkpt lat="37.50333367846906185150146484375" lon="127.06777210347354412078857421875">
        <ele>33.799999237060546875</ele>
        <time>2026-09-11T10:39:35.000Z</time>
        <extensions>
          <ns3:TrackPointExtension>
            <ns3:hr>161</ns3:hr>
            <ns3:cad>87</ns3:cad>
          </ns3:TrackPointExtension>
        </extensions>
      </trkpt>
      <trkpt lat="37.50330367125570774078369140625" lon="127.06779666244983673095703125">
        <ele>34</ele>
        <time>2026-09-11T10:39:36.000Z</time>
        <extensions>
          <ns3:TrackPointExtension>
            <ns3:hr>161</ns3:hr>
            <ns3:cad>87</ns3:cad>
          </ns3:TrackPointExtension>
        </extensions>
      </trkpt>
      <trkpt lat="37.50326997600495815277099609375" lon="127.06782340072095394134521484375">
        <ele>34</ele>
        <time>2026-09-11T10:39:37.000Z</time>
        <extensions>
          <ns3:TrackPointExtension>
            <ns3:hr>161</ns3:hr>
            <ns3:cad>87</ns3:cad>
          </ns3:TrackPointExtension>
        </extensions>
      </trkpt>
      <trkpt lat="37.5032373704016208648681640625" lon="127.0678424276411533355712890625">
        <ele>34</ele>
        <time>2026-09-11T10:39:38.000Z</time>
        <extensions>
          <ns3:TrackPointExtension>
            <ns3:hr>160</ns3:hr>
            <ns3:cad>87</ns3:cad>
          </ns3:TrackPointExtension>
        </extensions>
      </trkpt>
      <trkpt lat="37.5032075308263301849365234375" lon="127.0678652264177799224853515625">
        <ele>34</ele>
        <time>2026-09-11T10:39:39.000Z</time>
        <extensions>
          <ns3:TrackPointExtension>
            <ns3:hr>161</ns3:hr>
            <ns3:cad>87</ns3:cad>
          </ns3:TrackPointExtension>
        </extensions>
      </trkpt>
      <trkpt lat="37.50317282974720001220703125" lon="127.06787754781544208526611328125">
        <ele>34</ele>
        <time>2026-09-11T10:39:40.000Z</time>
        <extensions>
          <ns3:TrackPointExtension>
            <ns3:hr>161</ns3:hr>
            <ns3:cad>87</ns3:cad>
          </ns3:TrackPointExtension>
        </extensions>
      </trkpt>
      <trkpt lat="37.5031471811234951019287109375" lon="127.067894227802753448486328125">
        <ele>34</ele>
        <time>2026-09-11T10:39:41.000Z</time>
        <extensions>
          <ns3:TrackPointExtension>
            <ns3:hr>161</ns3:hr>
            <ns3:cad>87</ns3:cad>
          </ns3:TrackPointExtension>
        </extensions>
      </trkpt>
      <trkpt lat="37.50310954637825489044189453125" lon="127.06790604628622531890869140625">
        <ele>34</ele>
        <time>2026-09-11T10:39:42.000Z</time>
        <extensions>
          <ns3:TrackPointExtension>
            <ns3:hr>160</ns3:hr>
            <ns3:cad>87</ns3:cad>
          </ns3:TrackPointExtension>
        </extensions>
      </trkpt>
      <trkpt lat="37.50308674760162830352783203125" lon="127.06792348064482212066650390625">
        <ele>34</ele>
        <time>2026-09-11T10:39:43.000Z</time>
        <extensions>
          <ns3:TrackPointExtension>
            <ns3:hr>161</ns3:hr>
            <ns3:cad>87</ns3:cad>
          </ns3:TrackPointExtension>
        </extensions>
      </trkpt>
      <trkpt lat="37.5030465982854366302490234375" lon="127.0679450221359729766845703125">
        <ele>33.799999237060546875</ele>
        <time>2026-09-11T10:39:44.000Z</time>
        <extensions>
          <ns3:TrackPointExtension>
            <ns3:hr>161</ns3:hr>
            <ns3:cad>87</ns3:cad>
          </ns3:TrackPointExtension>
        </extensions>
      </trkpt>
      <trkpt lat="37.50301969237625598907470703125" lon="127.06796689890325069427490234375">
        <ele>33.799999237060546875</ele>
        <time>2026-09-11T10:39:45.000Z</time>
        <extensions>
          <ns3:TrackPointExtension>
            <ns3:hr>161</ns3:hr>
            <ns3:cad>87</ns3:cad>
          </ns3:TrackPointExtension>
        </extensions>
      </trkpt>
      <trkpt lat="37.50298281200230121612548828125" lon="127.06799204461276531219482421875">
        <ele>33.59999847412109375</ele>
        <time>2026-09-11T10:39:46.000Z</time>
        <extensions>
          <ns3:TrackPointExtension>
            <ns3:hr>160</ns3:hr>
            <ns3:cad>87</ns3:cad>
          </ns3:TrackPointExtension>
        </extensions>
      </trkpt>
      <trkpt lat="37.5029490329325199127197265625" lon="127.06801249645650386810302734375">
        <ele>33.59999847412109375</ele>
        <time>2026-09-11T10:39:47.000Z</time>
        <extensions>
          <ns3:TrackPointExtension>
            <ns3:hr>161</ns3:hr>
            <ns3:cad>86</ns3:cad>
          </ns3:TrackPointExtension>
        </extensions>
      </trkpt>
      <trkpt lat="37.5029191933572292327880859375" lon="127.068034373223781585693359375">
        <ele>33.799999237060546875</ele>
        <time>2026-09-11T10:39:48.000Z</time>
        <extensions>
          <ns3:TrackPointExtension>
            <ns3:hr>161</ns3:hr>
            <ns3:cad>86</ns3:cad>
          </ns3:TrackPointExtension>
        </extensions>
      </trkpt>
      <trkpt lat="37.5028829835355281829833984375" lon="127.0680445991456508636474609375">
        <ele>33.799999237060546875</ele>
        <time>2026-09-11T10:39:49.000Z</time>
        <extensions>
          <ns3:TrackPointExtension>
            <ns3:hr>160</ns3:hr>
            <ns3:cad>86</ns3:cad>
          </ns3:TrackPointExtension>
        </extensions>
      </trkpt>
      <trkpt lat="37.5028585083782672882080078125" lon="127.06805792637169361114501953125">
        <ele>33.799999237060546875</ele>
        <time>2026-09-11T10:39:50.000Z</time>
        <extensions>
          <ns3:TrackPointExtension>
            <ns3:hr>160</ns3:hr>
            <ns3:cad>86</ns3:cad>
          </ns3:TrackPointExtension>
        </extensions>
      </trkpt>
      <trkpt lat="37.50281986780464649200439453125" lon="127.06807469017803668975830078125">
        <ele>33.799999237060546875</ele>
        <time>2026-09-11T10:39:51.000Z</time>
        <extensions>
          <ns3:TrackPointExtension>
            <ns3:hr>160</ns3:hr>
            <ns3:cad>86</ns3:cad>
          </ns3:TrackPointExtension>
        </extensions>
      </trkpt>
      <trkpt lat="37.50279857777059078216552734375" lon="127.068095393478870391845703125">
        <ele>33.799999237060546875</ele>
        <time>2026-09-11T10:39:52.000Z</time>
        <extensions>
          <ns3:TrackPointExtension>
            <ns3:hr>160</ns3:hr>
            <ns3:cad>87</ns3:cad>
          </ns3:TrackPointExtension>
        </extensions>
      </trkpt>
      <trkpt lat="37.50276018865406513214111328125" lon="127.06812498159706592559814453125">
        <ele>33.799999237060546875</ele>
        <time>2026-09-11T10:39:53.000Z</time>
        <extensions>
          <ns3:TrackPointExtension>
            <ns3:hr>161</ns3:hr>
            <ns3:cad>87</ns3:cad>
          </ns3:TrackPointExtension>
        </extensions>
      </trkpt>
      <trkpt lat="37.502733282744884490966796875" lon="127.0681428350508213043212890625">
        <ele>33.799999237060546875</ele>
        <time>2026-09-11T10:39:54.000Z</time>
        <extensions>
          <ns3:TrackPointExtension>
            <ns3:hr>160</ns3:hr>
            <ns3:cad>86</ns3:cad>
          </ns3:TrackPointExtension>
        </extensions>
      </trkpt>
      <trkpt lat="37.50270067714154720306396484375" lon="127.06816320307552814483642578125">
        <ele>33.799999237060546875</ele>
        <time>2026-09-11T10:39:55.000Z</time>
        <extensions>
          <ns3:TrackPointExtension>
            <ns3:hr>160</ns3:hr>
            <ns3:cad>87</ns3:cad>
          </ns3:TrackPointExtension>
        </extensions>
      </trkpt>
      <trkpt lat="37.502669580280780792236328125" lon="127.06818080507218837738037109375">
        <ele>33.799999237060546875</ele>
        <time>2026-09-11T10:39:56.000Z</time>
        <extensions>
          <ns3:TrackPointExtension>
            <ns3:hr>161</ns3:hr>
            <ns3:cad>87</ns3:cad>
          </ns3:TrackPointExtension>
        </extensions>
      </trkpt>
      <trkpt lat="37.50264133326709270477294921875" lon="127.0681994967162609100341796875">
        <ele>33.799999237060546875</ele>
        <time>2026-09-11T10:39:57.000Z</time>
        <extensions>
          <ns3:TrackPointExtension>
            <ns3:hr>161</ns3:hr>
            <ns3:cad>86</ns3:cad>
          </ns3:TrackPointExtension>
        </extensions>
      </trkpt>
      <trkpt lat="37.5026067160069942474365234375" lon="127.06821131519973278045654296875">
        <ele>33.799999237060546875</ele>
        <time>2026-09-11T10:39:58.000Z</time>
        <extensions>
          <ns3:TrackPointExtension>
            <ns3:hr>161</ns3:hr>
            <ns3:cad>86</ns3:cad>
          </ns3:TrackPointExtension>
        </extensions>
      </trkpt>
      <trkpt lat="37.502585761249065399169921875" lon="127.0682340301573276519775390625">
        <ele>33.799999237060546875</ele>
        <time>2026-09-11T10:39:59.000Z</time>
        <extensions>
          <ns3:TrackPointExtension>
            <ns3:hr>161</ns3:hr>
            <ns3:cad>86</ns3:cad>
          </ns3:TrackPointExtension>
        </extensions>
      </trkpt>
      <trkpt lat="37.50254846177995204925537109375" lon="127.068262360990047454833984375">
        <ele>33.799999237060546875</ele>
        <time>2026-09-11T10:40:00.000Z</time>
        <extensions>
          <ns3:TrackPointExtension>
            <ns3:hr>161</ns3:hr>
            <ns3:cad>86</ns3:cad>
          </ns3:TrackPointExtension>
        </extensions>
      </trkpt>
      <trkpt lat="37.50252163968980312347412109375" lon="127.06828440539538860321044921875">
        <ele>33.799999237060546875</ele>
        <time>2026-09-11T10:40:01.000Z</time>
        <extensions>
          <ns3:TrackPointExtension>
            <ns3:hr>160</ns3:hr>
            <ns3:cad>86</ns3:cad>
          </ns3:TrackPointExtension>
        </extensions>
      </trkpt>
      <trkpt lat="37.50250001437962055206298828125" lon="127.06831424497067928314208984375">
        <ele>33.799999237060546875</ele>
        <time>2026-09-11T10:40:02.000Z</time>
        <extensions>
          <ns3:TrackPointExtension>
            <ns3:hr>161</ns3:hr>
            <ns3:cad>86</ns3:cad>
          </ns3:TrackPointExtension>
        </extensions>
      </trkpt>
      <trkpt lat="37.50247872434556484222412109375" lon="127.06834358163177967071533203125">
        <ele>33.799999237060546875</ele>
        <time>2026-09-11T10:40:03.000Z</time>
        <extensions>
          <ns3:TrackPointExtension>
            <ns3:hr>161</ns3:hr>
            <ns3:cad>86</ns3:cad>
          </ns3:TrackPointExtension>
        </extensions>
      </trkpt>
      <trkpt lat="37.5024595297873020172119140625" lon="127.06838498823344707489013671875">
        <ele>33.799999237060546875</ele>
        <time>2026-09-11T10:40:04.000Z</time>
        <extensions>
          <ns3:TrackPointExtension>
            <ns3:hr>160</ns3:hr>
            <ns3:cad>86</ns3:cad>
          </ns3:TrackPointExtension>
        </extensions>
      </trkpt>
      <trkpt lat="37.5024481303989887237548828125" lon="127.0684268139302730560302734375">
        <ele>34</ele>
        <time>2026-09-11T10:40:05.000Z</time>
        <extensions>
          <ns3:TrackPointExtension>
            <ns3:hr>160</ns3:hr>
            <ns3:cad>86</ns3:cad>
          </ns3:TrackPointExtension>
        </extensions>
      </trkpt>
      <trkpt lat="37.5024407543241977691650390625" lon="127.06846780143678188323974609375">
        <ele>34</ele>
        <time>2026-09-11T10:40:06.000Z</time>
        <extensions>
          <ns3:TrackPointExtension>
            <ns3:hr>160</ns3:hr>
            <ns3:cad>86</ns3:cad>
          </ns3:TrackPointExtension>
        </extensions>
      </trkpt>
      <trkpt lat="37.50243161804974079132080078125" lon="127.06851608119904994964599609375">
        <ele>34</ele>
        <time>2026-09-11T10:40:07.000Z</time>
        <extensions>
          <ns3:TrackPointExtension>
            <ns3:hr>160</ns3:hr>
            <ns3:cad>86</ns3:cad>
          </ns3:TrackPointExtension>
        </extensions>
      </trkpt>
      <trkpt lat="37.50243111513555049896240234375" lon="127.06854994408786296844482421875">
        <ele>34</ele>
        <time>2026-09-11T10:40:08.000Z</time>
        <extensions>
          <ns3:TrackPointExtension>
            <ns3:hr>161</ns3:hr>
            <ns3:cad>87</ns3:cad>
          </ns3:TrackPointExtension>
        </extensions>
      </trkpt>
      <trkpt lat="37.50242315232753753662109375" lon="127.068595625460147857666015625">
        <ele>33.799999237060546875</ele>
        <time>2026-09-11T10:40:09.000Z</time>
        <extensions>
          <ns3:TrackPointExtension>
            <ns3:hr>160</ns3:hr>
            <ns3:cad>87</ns3:cad>
          </ns3:TrackPointExtension>
        </extensions>
      </trkpt>
      <trkpt lat="37.50242508016526699066162109375" lon="127.06862806342542171478271484375">
        <ele>33.799999237060546875</ele>
        <time>2026-09-11T10:40:10.000Z</time>
        <extensions>
          <ns3:TrackPointExtension>
            <ns3:hr>160</ns3:hr>
            <ns3:cad>87</ns3:cad>
          </ns3:TrackPointExtension>
        </extensions>
      </trkpt>
      <trkpt lat="37.50242047011852264404296875" lon="127.06868086941540241241455078125">
        <ele>33.799999237060546875</ele>
        <time>2026-09-11T10:40:11.000Z</time>
        <extensions>
          <ns3:TrackPointExtension>
            <ns3:hr>160</ns3:hr>
            <ns3:cad>87</ns3:cad>
          </ns3:TrackPointExtension>
        </extensions>
      </trkpt>
      <trkpt lat="37.502425499260425567626953125" lon="127.06872328184545040130615234375">
        <ele>33.799999237060546875</ele>
        <time>2026-09-11T10:40:12.000Z</time>
        <extensions>
          <ns3:TrackPointExtension>
            <ns3:hr>160</ns3:hr>
            <ns3:cad>87</ns3:cad>
          </ns3:TrackPointExtension>
        </extensions>
      </trkpt>
      <trkpt lat="37.50243698246777057647705078125" lon="127.06877206452190876007080078125">
        <ele>33.799999237060546875</ele>
        <time>2026-09-11T10:40:13.000Z</time>
        <extensions>
          <ns3:TrackPointExtension>
            <ns3:hr>160</ns3:hr>
            <ns3:cad>87</ns3:cad>
          </ns3:TrackPointExtension>
        </extensions>
      </trkpt>
      <trkpt lat="37.50245341099798679351806640625" lon="127.0688143931329250335693359375">
        <ele>33.59999847412109375</ele>
        <time>2026-09-11T10:40:14.000Z</time>
        <extensions>
          <ns3:TrackPointExtension>
            <ns3:hr>160</ns3:hr>
            <ns3:cad>86</ns3:cad>
          </ns3:TrackPointExtension>
        </extensions>
      </trkpt>
      <trkpt lat="37.5024793110787868499755859375" lon="127.068843059241771697998046875">
        <ele>33.59999847412109375</ele>
        <time>2026-09-11T10:40:15.000Z</time>
        <extensions>
          <ns3:TrackPointExtension>
            <ns3:hr>160</ns3:hr>
            <ns3:cad>86</ns3:cad>
          </ns3:TrackPointExtension>
        </extensions>
      </trkpt>
      <trkpt lat="37.502515017986297607421875" lon="127.068872563540935516357421875">
        <ele>33.59999847412109375</ele>
        <time>2026-09-11T10:40:16.000Z</time>
        <extensions>
          <ns3:TrackPointExtension>
            <ns3:hr>160</ns3:hr>
            <ns3:cad>86</ns3:cad>
          </ns3:TrackPointExtension>
        </extensions>
      </trkpt>
      <trkpt lat="37.50254343263804912567138671875" lon="127.06890441477298736572265625">
        <ele>33.40000152587890625</ele>
        <time>2026-09-11T10:40:17.000Z</time>
        <extensions>
          <ns3:TrackPointExtension>
            <ns3:hr>160</ns3:hr>
            <ns3:cad>86</ns3:cad>
          </ns3:TrackPointExtension>
        </extensions>
      </trkpt>
      <trkpt lat="37.50257830135524272918701171875" lon="127.06893484108150005340576171875">
        <ele>33.40000152587890625</ele>
        <time>2026-09-11T10:40:18.000Z</time>
        <extensions>
          <ns3:TrackPointExtension>
            <ns3:hr>160</ns3:hr>
            <ns3:cad>86</ns3:cad>
          </ns3:TrackPointExtension>
        </extensions>
      </trkpt>
      <trkpt lat="37.50260931439697742462158203125" lon="127.0689518563449382781982421875">
        <ele>33.59999847412109375</ele>
        <time>2026-09-11T10:40:19.000Z</time>
        <extensions>
          <ns3:TrackPointExtension>
            <ns3:hr>160</ns3:hr>
            <ns3:cad>87</ns3:cad>
          </ns3:TrackPointExtension>
        </extensions>
      </trkpt>
      <trkpt lat="37.5026462785899639129638671875" lon="127.06897222436964511871337890625">
        <ele>33.59999847412109375</ele>
        <time>2026-09-11T10:40:20.000Z</time>
        <extensions>
          <ns3:TrackPointExtension>
            <ns3:hr>160</ns3:hr>
            <ns3:cad>87</ns3:cad>
          </ns3:TrackPointExtension>
        </extensions>
      </trkpt>
      <trkpt lat="37.502680979669094085693359375" lon="127.068984545767307281494140625">
        <ele>33.59999847412109375</ele>
        <time>2026-09-11T10:40:21.000Z</time>
        <extensions>
          <ns3:TrackPointExtension>
            <ns3:hr>160</ns3:hr>
            <ns3:cad>87</ns3:cad>
          </ns3:TrackPointExtension>
        </extensions>
      </trkpt>
      <trkpt lat="37.50272247008979320526123046875" lon="127.06898379139602184295654296875">
        <ele>33.59999847412109375</ele>
        <time>2026-09-11T10:40:22.000Z</time>
        <extensions>
          <ns3:TrackPointExtension>
            <ns3:hr>160</ns3:hr>
            <ns3:cad>87</ns3:cad>
          </ns3:TrackPointExtension>
        </extensions>
      </trkpt>
      <trkpt lat="37.50275432132184505462646484375" lon="127.06897725351154804229736328125">
        <ele>33.59999847412109375</ele>
        <time>2026-09-11T10:40:23.000Z</time>
        <extensions>
          <ns3:TrackPointExtension>
            <ns3:hr>160</ns3:hr>
            <ns3:cad>87</ns3:cad>
          </ns3:TrackPointExtension>
        </extensions>
      </trkpt>
      <trkpt lat="37.50279623083770275115966796875" lon="127.068959735333919525146484375">
        <ele>33.799999237060546875</ele>
        <time>2026-09-11T10:40:24.000Z</time>
        <extensions>
          <ns3:TrackPointExtension>
            <ns3:hr>160</ns3:hr>
            <ns3:cad>87</ns3:cad>
          </ns3:TrackPointExtension>
        </extensions>
      </trkpt>
      <trkpt lat="37.50283353030681610107421875" lon="127.06895059905946254730224609375">
        <ele>33.799999237060546875</ele>
        <time>2026-09-11T10:40:25.000Z</time>
        <extensions>
          <ns3:TrackPointExtension>
            <ns3:hr>161</ns3:hr>
            <ns3:cad>87</ns3:cad>
          </ns3:TrackPointExtension>
        </extensions>
      </trkpt>
      <trkpt lat="37.50286680646240711212158203125" lon="127.0689340867102146148681640625">
        <ele>33.799999237060546875</ele>
        <time>2026-09-11T10:40:26.000Z</time>
        <extensions>
          <ns3:TrackPointExtension>
            <ns3:hr>161</ns3:hr>
            <ns3:cad>87</ns3:cad>
          </ns3:TrackPointExtension>
        </extensions>
      </trkpt>
      <trkpt lat="37.502911984920501708984375" lon="127.06891707144677639007568359375">
        <ele>34</ele>
        <time>2026-09-11T10:40:27.000Z</time>
        <extensions>
          <ns3:TrackPointExtension>
            <ns3:hr>161</ns3:hr>
            <ns3:cad>87</ns3:cad>
          </ns3:TrackPointExtension>
        </extensions>
      </trkpt>
      <trkpt lat="37.50293972901999950408935546875" lon="127.0689022354781627655029296875">
        <ele>34</ele>
        <time>2026-09-11T10:40:28.000Z</time>
        <extensions>
          <ns3:TrackPointExtension>
            <ns3:hr>161</ns3:hr>
            <ns3:cad>88</ns3:cad>
          </ns3:TrackPointExtension>
        </extensions>
      </trkpt>
      <trkpt lat="37.50297627411782741546630859375" lon="127.06888387911021709442138671875">
        <ele>33.799999237060546875</ele>
        <time>2026-09-11T10:40:29.000Z</time>
        <extensions>
          <ns3:TrackPointExtension>
            <ns3:hr>160</ns3:hr>
            <ns3:cad>88</ns3:cad>
          </ns3:TrackPointExtension>
        </extensions>
      </trkpt>
      <trkpt lat="37.5030070357024669647216796875" lon="127.0688643492758274078369140625">
        <ele>33.59999847412109375</ele>
        <time>2026-09-11T10:40:30.000Z</time>
        <extensions>
          <ns3:TrackPointExtension>
            <ns3:hr>161</ns3:hr>
            <ns3:cad>88</ns3:cad>
          </ns3:TrackPointExtension>
        </extensions>
      </trkpt>
      <trkpt lat="37.50304232351481914520263671875" lon="127.068841718137264251708984375">
        <ele>33.40000152587890625</ele>
        <time>2026-09-11T10:40:31.000Z</time>
        <extensions>
          <ns3:TrackPointExtension>
            <ns3:hr>161</ns3:hr>
            <ns3:cad>88</ns3:cad>
          </ns3:TrackPointExtension>
        </extensions>
      </trkpt>
      <trkpt lat="37.50307048670947551727294921875" lon="127.06881816498935222625732421875">
        <ele>33.200000762939453125</ele>
        <time>2026-09-11T10:40:32.000Z</time>
        <extensions>
          <ns3:TrackPointExtension>
            <ns3:hr>160</ns3:hr>
            <ns3:cad>88</ns3:cad>
          </ns3:TrackPointExtension>
        </extensions>
      </trkpt>
      <trkpt lat="37.50310317613184452056884765625" lon="127.0687897503376007080078125">
        <ele>33.200000762939453125</ele>
        <time>2026-09-11T10:40:33.000Z</time>
        <extensions>
          <ns3:TrackPointExtension>
            <ns3:hr>160</ns3:hr>
            <ns3:cad>87</ns3:cad>
          </ns3:TrackPointExtension>
        </extensions>
      </trkpt>
      <trkpt lat="37.5031361170113086700439453125" lon="127.0687667839229106903076171875">
        <ele>33.59999847412109375</ele>
        <time>2026-09-11T10:40:34.000Z</time>
        <extensions>
          <ns3:TrackPointExtension>
            <ns3:hr>160</ns3:hr>
            <ns3:cad>87</ns3:cad>
          </ns3:TrackPointExtension>
        </extensions>
      </trkpt>
      <trkpt lat="37.50316905789077281951904296875" lon="127.0687453262507915496826171875">
        <ele>33.799999237060546875</ele>
        <time>2026-09-11T10:40:35.000Z</time>
        <extensions>
          <ns3:TrackPointExtension>
            <ns3:hr>160</ns3:hr>
            <ns3:cad>87</ns3:cad>
          </ns3:TrackPointExtension>
        </extensions>
      </trkpt>
      <trkpt lat="37.50320778228342533111572265625" lon="127.06872428767383098602294921875">
        <ele>33.799999237060546875</ele>
        <time>2026-09-11T10:40:36.000Z</time>
        <extensions>
          <ns3:TrackPointExtension>
            <ns3:hr>160</ns3:hr>
            <ns3:cad>87</ns3:cad>
          </ns3:TrackPointExtension>
        </extensions>
      </trkpt>
      <trkpt lat="37.503233514726161956787109375" lon="127.0687054283916950225830078125">
        <ele>33.799999237060546875</ele>
        <time>2026-09-11T10:40:37.000Z</time>
        <extensions>
          <ns3:TrackPointExtension>
            <ns3:hr>160</ns3:hr>
            <ns3:cad>87</ns3:cad>
          </ns3:TrackPointExtension>
        </extensions>
      </trkpt>
      <trkpt lat="37.5032759271562099456787109375" lon="127.0686866529285907745361328125">
        <ele>33.799999237060546875</ele>
        <time>2026-09-11T10:40:38.000Z</time>
        <extensions>
          <ns3:TrackPointExtension>
            <ns3:hr>160</ns3:hr>
            <ns3:cad>87</ns3:cad>
          </ns3:TrackPointExtension>
        </extensions>
      </trkpt>
      <trkpt lat="37.5033007375895977020263671875" lon="127.06866259686648845672607421875">
        <ele>33.59999847412109375</ele>
        <time>2026-09-11T10:40:39.000Z</time>
        <extensions>
          <ns3:TrackPointExtension>
            <ns3:hr>160</ns3:hr>
            <ns3:cad>87</ns3:cad>
          </ns3:TrackPointExtension>
        </extensions>
      </trkpt>
      <trkpt lat="37.5033429823815822601318359375" lon="127.0686387084424495697021484375">
        <ele>33.59999847412109375</ele>
        <time>2026-09-11T10:40:40.000Z</time>
        <extensions>
          <ns3:TrackPointExtension>
            <ns3:hr>160</ns3:hr>
            <ns3:cad>87</ns3:cad>
          </ns3:TrackPointExtension>
        </extensions>
      </trkpt>
      <trkpt lat="37.503366284072399139404296875" lon="127.06861062906682491302490234375">
        <ele>33.59999847412109375</ele>
        <time>2026-09-11T10:40:41.000Z</time>
        <extensions>
          <ns3:TrackPointExtension>
            <ns3:hr>159</ns3:hr>
            <ns3:cad>87</ns3:cad>
          </ns3:TrackPointExtension>
        </extensions>
      </trkpt>
      <trkpt lat="37.5034095346927642822265625" lon="127.06858045421540737152099609375">
        <ele>33.59999847412109375</ele>
        <time>2026-09-11T10:40:42.000Z</time>
        <extensions>
          <ns3:TrackPointExtension>
            <ns3:hr>160</ns3:hr>
            <ns3:cad>87</ns3:cad>
          </ns3:TrackPointExtension>
        </extensions>
      </trkpt>
      <trkpt lat="37.50343509949743747711181640625" lon="127.06856033764779567718505859375">
        <ele>33.40000152587890625</ele>
        <time>2026-09-11T10:40:43.000Z</time>
        <extensions>
          <ns3:TrackPointExtension>
            <ns3:hr>160</ns3:hr>
            <ns3:cad>87</ns3:cad>
          </ns3:TrackPointExtension>
        </extensions>
      </trkpt>
      <trkpt lat="37.503476254642009735107421875" lon="127.06853435374796390533447265625">
        <ele>33.40000152587890625</ele>
        <time>2026-09-11T10:40:44.000Z</time>
        <extensions>
          <ns3:TrackPointExtension>
            <ns3:hr>160</ns3:hr>
            <ns3:cad>87</ns3:cad>
          </ns3:TrackPointExtension>
        </extensions>
      </trkpt>
      <trkpt lat="37.5035022385418415069580078125" lon="127.0685099624097347259521484375">
        <ele>33.40000152587890625</ele>
        <time>2026-09-11T10:40:45.000Z</time>
        <extensions>
          <ns3:TrackPointExtension>
            <ns3:hr>159</ns3:hr>
            <ns3:cad>87</ns3:cad>
          </ns3:TrackPointExtension>
        </extensions>
      </trkpt>
      <trkpt lat="37.50353333540260791778564453125" lon="127.0684895105659961700439453125">
        <ele>33.59999847412109375</ele>
        <time>2026-09-11T10:40:46.000Z</time>
        <extensions>
          <ns3:TrackPointExtension>
            <ns3:hr>160</ns3:hr>
            <ns3:cad>87</ns3:cad>
          </ns3:TrackPointExtension>
        </extensions>
      </trkpt>
      <trkpt lat="37.50356736592948436737060546875" lon="127.068472914397716522216796875">
        <ele>33.40000152587890625</ele>
        <time>2026-09-11T10:40:47.000Z</time>
        <extensions>
          <ns3:TrackPointExtension>
            <ns3:hr>160</ns3:hr>
            <ns3:cad>88</ns3:cad>
          </ns3:TrackPointExtension>
        </extensions>
      </trkpt>
      <trkpt lat="37.50359393656253814697265625" lon="127.0684519596397876739501953125">
        <ele>33.40000152587890625</ele>
        <time>2026-09-11T10:40:48.000Z</time>
        <extensions>
          <ns3:TrackPointExtension>
            <ns3:hr>160</ns3:hr>
            <ns3:cad>88</ns3:cad>
          </ns3:TrackPointExtension>
        </extensions>
      </trkpt>
      <trkpt lat="37.50363090075552463531494140625" lon="127.068436704576015472412109375">
        <ele>33.40000152587890625</ele>
        <time>2026-09-11T10:40:49.000Z</time>
        <extensions>
          <ns3:TrackPointExtension>
            <ns3:hr>160</ns3:hr>
            <ns3:cad>88</ns3:cad>
          </ns3:TrackPointExtension>
        </extensions>
      </trkpt>
      <trkpt lat="37.503651268780231475830078125" lon="127.068419940769672393798828125">
        <ele>33.40000152587890625</ele>
        <time>2026-09-11T10:40:50.000Z</time>
        <extensions>
          <ns3:TrackPointExtension>
            <ns3:hr>160</ns3:hr>
            <ns3:cad>87</ns3:cad>
          </ns3:TrackPointExtension>
        </extensions>
      </trkpt>
      <trkpt lat="37.5036960281431674957275390625" lon="127.0683989860117435455322265625">
        <ele>33.40000152587890625</ele>
        <time>2026-09-11T10:40:51.000Z</time>
        <extensions>
          <ns3:TrackPointExtension>
            <ns3:hr>160</ns3:hr>
            <ns3:cad>87</ns3:cad>
          </ns3:TrackPointExtension>
        </extensions>
      </trkpt>
      <trkpt lat="37.503717653453350067138671875" lon="127.06838415004312992095947265625">
        <ele>33.40000152587890625</ele>
        <time>2026-09-11T10:40:52.000Z</time>
        <extensions>
          <ns3:TrackPointExtension>
            <ns3:hr>160</ns3:hr>
            <ns3:cad>87</ns3:cad>
          </ns3:TrackPointExtension>
        </extensions>
      </trkpt>
      <trkpt lat="37.50374791212379932403564453125" lon="127.06835883669555187225341796875">
        <ele>33.40000152587890625</ele>
        <time>2026-09-11T10:40:53.000Z</time>
        <extensions>
          <ns3:TrackPointExtension>
            <ns3:hr>161</ns3:hr>
            <ns3:cad>86</ns3:cad>
          </ns3:TrackPointExtension>
        </extensions>
      </trkpt>
      <trkpt lat="37.50377632677555084228515625" lon="127.0683339424431324005126953125">
        <ele>33.40000152587890625</ele>
        <time>2026-09-11T10:40:54.000Z</time>
        <extensions>
          <ns3:TrackPointExtension>
            <ns3:hr>160</ns3:hr>
            <ns3:cad>86</ns3:cad>
          </ns3:TrackPointExtension>
        </extensions>
      </trkpt>
      <trkpt lat="37.5037996284663677215576171875" lon="127.068305946886539459228515625">
        <ele>33.59999847412109375</ele>
        <time>2026-09-11T10:40:55.000Z</time>
        <extensions>
          <ns3:TrackPointExtension>
            <ns3:hr>160</ns3:hr>
            <ns3:cad>86</ns3:cad>
          </ns3:TrackPointExtension>
        </extensions>
      </trkpt>
      <trkpt lat="37.503822930157184600830078125" lon="127.06826739013195037841796875">
        <ele>33.40000152587890625</ele>
        <time>2026-09-11T10:40:56.000Z</time>
        <extensions>
          <ns3:TrackPointExtension>
            <ns3:hr>160</ns3:hr>
            <ns3:cad>86</ns3:cad>
          </ns3:TrackPointExtension>
        </extensions>
      </trkpt>
      <trkpt lat="37.5038348324596881866455078125" lon="127.068231515586376190185546875">
        <ele>33.59999847412109375</ele>
        <time>2026-09-11T10:40:57.000Z</time>
        <extensions>
          <ns3:TrackPointExtension>
            <ns3:hr>160</ns3:hr>
            <ns3:cad>86</ns3:cad>
          </ns3:TrackPointExtension>
        </extensions>
      </trkpt>
      <trkpt lat="37.50385017134249210357666015625" lon="127.0681850798428058624267578125">
        <ele>33.59999847412109375</ele>
        <time>2026-09-11T10:40:58.000Z</time>
        <extensions>
          <ns3:TrackPointExtension>
            <ns3:hr>161</ns3:hr>
            <ns3:cad>86</ns3:cad>
          </ns3:TrackPointExtension>
        </extensions>
      </trkpt>
      <trkpt lat="37.503849752247333526611328125" lon="127.06814744509756565093994140625">
        <ele>33.799999237060546875</ele>
        <time>2026-09-11T10:40:59.000Z</time>
        <extensions>
          <ns3:TrackPointExtension>
            <ns3:hr>160</ns3:hr>
            <ns3:cad>86</ns3:cad>
          </ns3:TrackPointExtension>
        </extensions>
      </trkpt>
      <trkpt lat="37.5038539431989192962646484375" lon="127.068096064031124114990234375">
        <ele>33.799999237060546875</ele>
        <time>2026-09-11T10:41:00.000Z</time>
        <extensions>
          <ns3:TrackPointExtension>
            <ns3:hr>160</ns3:hr>
            <ns3:cad>86</ns3:cad>
          </ns3:TrackPointExtension>
        </extensions>
      </trkpt>
      <trkpt lat="37.50384883023798465728759765625" lon="127.06806354224681854248046875">
        <ele>33.799999237060546875</ele>
        <time>2026-09-11T10:41:01.000Z</time>
        <extensions>
          <ns3:TrackPointExtension>
            <ns3:hr>161</ns3:hr>
            <ns3:cad>87</ns3:cad>
          </ns3:TrackPointExtension>
        </extensions>
      </trkpt>
      <trkpt lat="37.503837682306766510009765625" lon="127.06801534630358219146728515625">
        <ele>33.799999237060546875</ele>
        <time>2026-09-11T10:41:02.000Z</time>
        <extensions>
          <ns3:TrackPointExtension>
            <ns3:hr>160</ns3:hr>
            <ns3:cad>87</ns3:cad>
          </ns3:TrackPointExtension>
        </extensions>
      </trkpt>
      <trkpt lat="37.503829300403594970703125" lon="127.0679715089499950408935546875">
        <ele>33.59999847412109375</ele>
        <time>2026-09-11T10:41:03.000Z</time>
        <extensions>
          <ns3:TrackPointExtension>
            <ns3:hr>160</ns3:hr>
            <ns3:cad>87</ns3:cad>
          </ns3:TrackPointExtension>
        </extensions>
      </trkpt>
      <trkpt lat="37.503824941813945770263671875" lon="127.06792850978672504425048828125">
        <ele>33.59999847412109375</ele>
        <time>2026-09-11T10:41:04.000Z</time>
        <extensions>
          <ns3:TrackPointExtension>
            <ns3:hr>161</ns3:hr>
            <ns3:cad>86</ns3:cad>
          </ns3:TrackPointExtension>
        </extensions>
      </trkpt>
      <trkpt lat="37.50384262762963771820068359375" lon="127.067887522280216217041015625">
        <ele>33.59999847412109375</ele>
        <time>2026-09-11T10:41:05.000Z</time>
        <extensions>
          <ns3:TrackPointExtension>
            <ns3:hr>160</ns3:hr>
            <ns3:cad>86</ns3:cad>
          </ns3:TrackPointExtension>
        </extensions>
      </trkpt>
      <trkpt lat="37.50385285355150699615478515625" lon="127.067855335772037506103515625">
        <ele>33.59999847412109375</ele>
        <time>2026-09-11T10:41:06.000Z</time>
        <extensions>
          <ns3:TrackPointExtension>
            <ns3:hr>161</ns3:hr>
            <ns3:cad>86</ns3:cad>
          </ns3:TrackPointExtension>
        </extensions>
      </trkpt>
      <trkpt lat="37.50386844389140605926513671875" lon="127.067813090980052947998046875">
        <ele>33.40000152587890625</ele>
        <time>2026-09-11T10:41:07.000Z</time>
        <extensions>
          <ns3:TrackPointExtension>
            <ns3:hr>161</ns3:hr>
            <ns3:cad>86</ns3:cad>
          </ns3:TrackPointExtension>
        </extensions>
      </trkpt>
      <trkpt lat="37.50386911444365978240966796875" lon="127.06776908598840236663818359375">
        <ele>33.40000152587890625</ele>
        <time>2026-09-11T10:41:08.000Z</time>
        <extensions>
          <ns3:TrackPointExtension>
            <ns3:hr>161</ns3:hr>
            <ns3:cad>86</ns3:cad>
          </ns3:TrackPointExtension>
        </extensions>
      </trkpt>
      <trkpt lat="37.5038579665124416351318359375" lon="127.0677354745566844940185546875">
        <ele>33.200000762939453125</ele>
        <time>2026-09-11T10:41:09.000Z</time>
        <extensions>
          <ns3:TrackPointExtension>
            <ns3:hr>160</ns3:hr>
            <ns3:cad>86</ns3:cad>
          </ns3:TrackPointExtension>
        </extensions>
      </trkpt>
      <trkpt lat="37.50385084189474582672119140625" lon="127.06769247539341449737548828125">
        <ele>33.200000762939453125</ele>
        <time>2026-09-11T10:41:10.000Z</time>
        <extensions>
          <ns3:TrackPointExtension>
            <ns3:hr>161</ns3:hr>
            <ns3:cad>84</ns3:cad>
          </ns3:TrackPointExtension>
        </extensions>
      </trkpt>
      <trkpt lat="37.50383709557354450225830078125" lon="127.06766397692263126373291015625">
        <ele>33</ele>
        <time>2026-09-11T10:41:11.000Z</time>
        <extensions>
          <ns3:TrackPointExtension>
            <ns3:hr>160</ns3:hr>
            <ns3:cad>84</ns3:cad>
          </ns3:TrackPointExtension>
        </extensions>
      </trkpt>
      <trkpt lat="37.503820918500423431396484375" lon="127.06762173213064670562744140625">
        <ele>33</ele>
        <time>2026-09-11T10:41:12.000Z</time>
        <extensions>
          <ns3:TrackPointExtension>
            <ns3:hr>160</ns3:hr>
            <ns3:cad>84</ns3:cad>
          </ns3:TrackPointExtension>
        </extensions>
      </trkpt>
      <trkpt lat="37.50380608253180980682373046875" lon="127.067591138184070587158203125">
        <ele>33</ele>
        <time>2026-09-11T10:41:13.000Z</time>
        <extensions>
          <ns3:TrackPointExtension>
            <ns3:hr>160</ns3:hr>
            <ns3:cad>84</ns3:cad>
          </ns3:TrackPointExtension>
        </extensions>
      </trkpt>
      <trkpt lat="37.5037986226379871368408203125" lon="127.06755258142948150634765625">
        <ele>33</ele>
        <time>2026-09-11T10:41:14.000Z</time>
        <extensions>
          <ns3:TrackPointExtension>
            <ns3:hr>160</ns3:hr>
            <ns3:cad>84</ns3:cad>
          </ns3:TrackPointExtension>
        </extensions>
      </trkpt>
      <trkpt lat="37.5038038194179534912109375" lon="127.06750555895268917083740234375">
        <ele>33.200000762939453125</ele>
        <time>2026-09-11T10:41:15.000Z</time>
        <extensions>
          <ns3:TrackPointExtension>
            <ns3:hr>160</ns3:hr>
            <ns3:cad>84</ns3:cad>
          </ns3:TrackPointExtension>
        </extensions>
      </trkpt>
      <trkpt lat="37.5038130395114421844482421875" lon="127.06747882068157196044921875">
        <ele>33.200000762939453125</ele>
        <time>2026-09-11T10:41:16.000Z</time>
        <extensions>
          <ns3:TrackPointExtension>
            <ns3:hr>160</ns3:hr>
            <ns3:cad>84</ns3:cad>
          </ns3:TrackPointExtension>
        </extensions>
      </trkpt>
      <trkpt lat="37.50383474864065647125244140625" lon="127.06744168885052204132080078125">
        <ele>33.40000152587890625</ele>
        <time>2026-09-11T10:41:17.000Z</time>
        <extensions>
          <ns3:TrackPointExtension>
            <ns3:hr>160</ns3:hr>
            <ns3:cad>84</ns3:cad>
          </ns3:TrackPointExtension>
        </extensions>
      </trkpt>
      <trkpt lat="37.50386592932045459747314453125" lon="127.067424841225147247314453125">
        <ele>33.40000152587890625</ele>
        <time>2026-09-11T10:41:18.000Z</time>
        <extensions>
          <ns3:TrackPointExtension>
            <ns3:hr>160</ns3:hr>
            <ns3:cad>85</ns3:cad>
          </ns3:TrackPointExtension>
        </extensions>
      </trkpt>
      <trkpt lat="37.503894008696079254150390625" lon="127.06741386093199253082275390625">
        <ele>33.40000152587890625</ele>
        <time>2026-09-11T10:41:19.000Z</time>
        <extensions>
          <ns3:TrackPointExtension>
            <ns3:hr>160</ns3:hr>
            <ns3:cad>85</ns3:cad>
          </ns3:TrackPointExtension>
        </extensions>
      </trkpt>
      <trkpt lat="37.50393063761293888092041015625" lon="127.06741235218942165374755859375">
        <ele>33.200000762939453125</ele>
        <time>2026-09-11T10:41:20.000Z</time>
        <extensions>
          <ns3:TrackPointExtension>
            <ns3:hr>159</ns3:hr>
            <ns3:cad>85</ns3:cad>
          </ns3:TrackPointExtension>
        </extensions>
      </trkpt>
      <trkpt lat="37.5039555318653583526611328125" lon="127.06740397028625011444091796875">
        <ele>33.200000762939453125</ele>
        <time>2026-09-11T10:41:21.000Z</time>
        <extensions>
          <ns3:TrackPointExtension>
            <ns3:hr>159</ns3:hr>
            <ns3:cad>84</ns3:cad>
          </ns3:TrackPointExtension>
        </extensions>
      </trkpt>
      <trkpt lat="37.50398880802094936370849609375" lon="127.06739776767790317535400390625">
        <ele>33.200000762939453125</ele>
        <time>2026-09-11T10:41:22.000Z</time>
        <extensions>
          <ns3:TrackPointExtension>
            <ns3:hr>159</ns3:hr>
            <ns3:cad>84</ns3:cad>
          </ns3:TrackPointExtension>
        </extensions>
      </trkpt>
      <trkpt lat="37.50401764176785945892333984375" lon="127.067402042448520660400390625">
        <ele>33.200000762939453125</ele>
        <time>2026-09-11T10:41:23.000Z</time>
        <extensions>
          <ns3:TrackPointExtension>
            <ns3:hr>159</ns3:hr>
            <ns3:cad>84</ns3:cad>
          </ns3:TrackPointExtension>
        </extensions>
      </trkpt>
      <trkpt lat="37.5040470622479915618896484375" lon="127.06739206798374652862548828125">
        <ele>33.200000762939453125</ele>
        <time>2026-09-11T10:41:24.000Z</time>
        <extensions>
          <ns3:TrackPointExtension>
            <ns3:hr>159</ns3:hr>
            <ns3:cad>84</ns3:cad>
          </ns3:TrackPointExtension>
        </extensions>
      </trkpt>
      <trkpt lat="37.50408167950809001922607421875" lon="127.067392654716968536376953125">
        <ele>33.200000762939453125</ele>
        <time>2026-09-11T10:41:25.000Z</time>
        <extensions>
          <ns3:TrackPointExtension>
            <ns3:hr>159</ns3:hr>
            <ns3:cad>84</ns3:cad>
          </ns3:TrackPointExtension>
        </extensions>
      </trkpt>
      <trkpt lat="37.5041057355701923370361328125" lon="127.0673950016498565673828125">
        <ele>33.200000762939453125</ele>
        <time>2026-09-11T10:41:26.000Z</time>
        <extensions>
          <ns3:TrackPointExtension>
            <ns3:hr>159</ns3:hr>
            <ns3:cad>84</ns3:cad>
          </ns3:TrackPointExtension>
        </extensions>
      </trkpt>
      <trkpt lat="37.50414320267736911773681640625" lon="127.067385613918304443359375">
        <ele>33.200000762939453125</ele>
        <time>2026-09-11T10:41:27.000Z</time>
        <extensions>
          <ns3:TrackPointExtension>
            <ns3:hr>158</ns3:hr>
            <ns3:cad>84</ns3:cad>
          </ns3:TrackPointExtension>
        </extensions>
      </trkpt>
      <trkpt lat="37.50416784547269344329833984375" lon="127.0673787407577037811279296875">
        <ele>33.40000152587890625</ele>
        <time>2026-09-11T10:41:28.000Z</time>
        <extensions>
          <ns3:TrackPointExtension>
            <ns3:hr>158</ns3:hr>
            <ns3:cad>84</ns3:cad>
          </ns3:TrackPointExtension>
        </extensions>
      </trkpt>
      <trkpt lat="37.5042002834379673004150390625" lon="127.067372538149356842041015625">
        <ele>33.40000152587890625</ele>
        <time>2026-09-11T10:41:29.000Z</time>
        <extensions>
          <ns3:TrackPointExtension>
            <ns3:hr>158</ns3:hr>
            <ns3:cad>84</ns3:cad>
          </ns3:TrackPointExtension>
        </extensions>
      </trkpt>
      <trkpt lat="37.504229955375194549560546875" lon="127.06736214458942413330078125">
        <ele>33.40000152587890625</ele>
        <time>2026-09-11T10:41:30.000Z</time>
        <extensions>
          <ns3:TrackPointExtension>
            <ns3:hr>158</ns3:hr>
            <ns3:cad>84</ns3:cad>
          </ns3:TrackPointExtension>
        </extensions>
      </trkpt>
      <trkpt lat="37.50425702892243862152099609375" lon="127.0673499070107936859130859375">
        <ele>33.40000152587890625</ele>
        <time>2026-09-11T10:41:31.000Z</time>
        <extensions>
          <ns3:TrackPointExtension>
            <ns3:hr>158</ns3:hr>
            <ns3:cad>84</ns3:cad>
          </ns3:TrackPointExtension>
        </extensions>
      </trkpt>
      <trkpt lat="37.5042973458766937255859375" lon="127.067344374954700469970703125">
        <ele>33.40000152587890625</ele>
        <time>2026-09-11T10:41:32.000Z</time>
        <extensions>
          <ns3:TrackPointExtension>
            <ns3:hr>158</ns3:hr>
            <ns3:cad>84</ns3:cad>
          </ns3:TrackPointExtension>
        </extensions>
      </trkpt>
      <trkpt lat="37.50432525761425495147705078125" lon="127.06733976490795612335205078125">
        <ele>33.40000152587890625</ele>
        <time>2026-09-11T10:41:33.000Z</time>
        <extensions>
          <ns3:TrackPointExtension>
            <ns3:hr>158</ns3:hr>
            <ns3:cad>83</ns3:cad>
          </ns3:TrackPointExtension>
        </extensions>
      </trkpt>
      <trkpt lat="37.5043595395982265472412109375" lon="127.0673351548612117767333984375">
        <ele>33.40000152587890625</ele>
        <time>2026-09-11T10:41:34.000Z</time>
        <extensions>
          <ns3:TrackPointExtension>
            <ns3:hr>158</ns3:hr>
            <ns3:cad>83</ns3:cad>
          </ns3:TrackPointExtension>
        </extensions>
      </trkpt>
      <trkpt lat="37.50439750961959362030029296875" lon="127.0673413574695587158203125">
        <ele>33.59999847412109375</ele>
        <time>2026-09-11T10:41:35.000Z</time>
        <extensions>
          <ns3:TrackPointExtension>
            <ns3:hr>157</ns3:hr>
            <ns3:cad>84</ns3:cad>
          </ns3:TrackPointExtension>
        </extensions>
      </trkpt>
      <trkpt lat="37.5044215656816959381103515625" lon="127.06734395585954189300537109375">
        <ele>33.59999847412109375</ele>
        <time>2026-09-11T10:41:36.000Z</time>
        <extensions>
          <ns3:TrackPointExtension>
            <ns3:hr>157</ns3:hr>
            <ns3:cad>84</ns3:cad>
          </ns3:TrackPointExtension>
        </extensions>
      </trkpt>
      <trkpt lat="37.50446087680757045745849609375" lon="127.06734680570662021636962890625">
        <ele>33.59999847412109375</ele>
        <time>2026-09-11T10:41:37.000Z</time>
        <extensions>
          <ns3:TrackPointExtension>
            <ns3:hr>157</ns3:hr>
            <ns3:cad>84</ns3:cad>
          </ns3:TrackPointExtension>
        </extensions>
      </trkpt>
      <trkpt lat="37.50448954291641712188720703125" lon="127.06734730862081050872802734375">
        <ele>33.799999237060546875</ele>
        <time>2026-09-11T10:41:38.000Z</time>
        <extensions>
          <ns3:TrackPointExtension>
            <ns3:hr>158</ns3:hr>
            <ns3:cad>84</ns3:cad>
          </ns3:TrackPointExtension>
        </extensions>
      </trkpt>
      <trkpt lat="37.504522986710071563720703125" lon="127.067343033850193023681640625">
        <ele>33.799999237060546875</ele>
        <time>2026-09-11T10:41:39.000Z</time>
        <extensions>
          <ns3:TrackPointExtension>
            <ns3:hr>157</ns3:hr>
            <ns3:cad>84</ns3:cad>
          </ns3:TrackPointExtension>
        </extensions>
      </trkpt>
      <trkpt lat="37.5045573525130748748779296875" lon="127.0673485659062862396240234375">
        <ele>33.799999237060546875</ele>
        <time>2026-09-11T10:41:40.000Z</time>
        <extensions>
          <ns3:TrackPointExtension>
            <ns3:hr>157</ns3:hr>
            <ns3:cad>84</ns3:cad>
          </ns3:TrackPointExtension>
        </extensions>
      </trkpt>
      <trkpt lat="37.50458124093711376190185546875" lon="127.0673482306301593780517578125">
        <ele>33.799999237060546875</ele>
        <time>2026-09-11T10:41:41.000Z</time>
        <extensions>
          <ns3:TrackPointExtension>
            <ns3:hr>157</ns3:hr>
            <ns3:cad>84</ns3:cad>
          </ns3:TrackPointExtension>
        </extensions>
      </trkpt>
      <trkpt lat="37.50461845658719539642333984375" lon="127.0673475600779056549072265625">
        <ele>33.799999237060546875</ele>
        <time>2026-09-11T10:41:42.000Z</time>
        <extensions>
          <ns3:TrackPointExtension>
            <ns3:hr>158</ns3:hr>
            <ns3:cad>84</ns3:cad>
          </ns3:TrackPointExtension>
        </extensions>
      </trkpt>
      <trkpt lat="37.50464661978185176849365234375" lon="127.06734965555369853973388671875">
        <ele>33.799999237060546875</ele>
        <time>2026-09-11T10:41:43.000Z</time>
        <extensions>
          <ns3:TrackPointExtension>
            <ns3:hr>157</ns3:hr>
            <ns3:cad>84</ns3:cad>
          </ns3:TrackPointExtension>
        </extensions>
      </trkpt>
      <trkpt lat="37.50467461533844470977783203125" lon="127.067349739372730255126953125">
        <ele>34</ele>
        <time>2026-09-11T10:41:44.000Z</time>
        <extensions>
          <ns3:TrackPointExtension>
            <ns3:hr>157</ns3:hr>
            <ns3:cad>84</ns3:cad>
          </ns3:TrackPointExtension>
        </extensions>
      </trkpt>
      <trkpt lat="37.50470973551273345947265625" lon="127.06735451705753803253173828125">
        <ele>34</ele>
        <time>2026-09-11T10:41:45.000Z</time>
        <extensions>
          <ns3:TrackPointExtension>
            <ns3:hr>157</ns3:hr>
            <ns3:cad>84</ns3:cad>
          </ns3:TrackPointExtension>
        </extensions>
      </trkpt>
      <trkpt lat="37.50473295338451862335205078125" lon="127.06734462641179561614990234375">
        <ele>34</ele>
        <time>2026-09-11T10:41:46.000Z</time>
        <extensions>
          <ns3:TrackPointExtension>
            <ns3:hr>157</ns3:hr>
            <ns3:cad>84</ns3:cad>
          </ns3:TrackPointExtension>
        </extensions>
      </trkpt>
      <trkpt lat="37.5047720968723297119140625" lon="127.06734605133533477783203125">
        <ele>34</ele>
        <time>2026-09-11T10:41:47.000Z</time>
        <extensions>
          <ns3:TrackPointExtension>
            <ns3:hr>157</ns3:hr>
            <ns3:cad>84</ns3:cad>
          </ns3:TrackPointExtension>
        </extensions>
      </trkpt>
      <trkpt lat="37.5048057921230792999267578125" lon="127.06734529696404933929443359375">
        <ele>34</ele>
        <time>2026-09-11T10:41:48.000Z</time>
        <extensions>
          <ns3:TrackPointExtension>
            <ns3:hr>157</ns3:hr>
            <ns3:cad>84</ns3:cad>
          </ns3:TrackPointExtension>
        </extensions>
      </trkpt>
      <trkpt lat="37.50483185984194278717041015625" lon="127.06732484512031078338623046875">
        <ele>34</ele>
        <time>2026-09-11T10:41:49.000Z</time>
        <extensions>
          <ns3:TrackPointExtension>
            <ns3:hr>157</ns3:hr>
            <ns3:cad>84</ns3:cad>
          </ns3:TrackPointExtension>
        </extensions>
      </trkpt>
      <trkpt lat="37.5048664771020412445068359375" lon="127.06731914542615413665771484375">
        <ele>34.200000762939453125</ele>
        <time>2026-09-11T10:41:50.000Z</time>
        <extensions>
          <ns3:TrackPointExtension>
            <ns3:hr>157</ns3:hr>
            <ns3:cad>84</ns3:cad>
          </ns3:TrackPointExtension>
        </extensions>
      </trkpt>
      <trkpt lat="37.50488919205963611602783203125" lon="127.067315876483917236328125">
        <ele>34.200000762939453125</ele>
        <time>2026-09-11T10:41:51.000Z</time>
        <extensions>
          <ns3:TrackPointExtension>
            <ns3:hr>157</ns3:hr>
            <ns3:cad>83</ns3:cad>
          </ns3:TrackPointExtension>
        </extensions>
      </trkpt>
      <trkpt lat="37.5049214623868465423583984375" lon="127.06731696613132953643798828125">
        <ele>34.40000152587890625</ele>
        <time>2026-09-11T10:41:52.000Z</time>
        <extensions>
          <ns3:TrackPointExtension>
            <ns3:hr>157</ns3:hr>
            <ns3:cad>83</ns3:cad>
          </ns3:TrackPointExtension>
        </extensions>
      </trkpt>
      <trkpt lat="37.5049499608576297760009765625" lon="127.06732400692999362945556640625">
        <ele>34.40000152587890625</ele>
        <time>2026-09-11T10:41:53.000Z</time>
        <extensions>
          <ns3:TrackPointExtension>
            <ns3:hr>157</ns3:hr>
            <ns3:cad>83</ns3:cad>
          </ns3:TrackPointExtension>
        </extensions>
      </trkpt>
      <trkpt lat="37.50497401691973209381103515625" lon="127.0673257671296596527099609375">
        <ele>34.40000152587890625</ele>
        <time>2026-09-11T10:41:54.000Z</time>
        <extensions>
          <ns3:TrackPointExtension>
            <ns3:hr>157</ns3:hr>
            <ns3:cad>83</ns3:cad>
          </ns3:TrackPointExtension>
        </extensions>
      </trkpt>
      <trkpt lat="37.50501039437949657440185546875" lon="127.067340351641178131103515625">
        <ele>34.59999847412109375</ele>
        <time>2026-09-11T10:41:55.000Z</time>
        <extensions>
          <ns3:TrackPointExtension>
            <ns3:hr>157</ns3:hr>
            <ns3:cad>83</ns3:cad>
          </ns3:TrackPointExtension>
        </extensions>
      </trkpt>
      <trkpt lat="37.50503696501255035400390625" lon="127.0673395134508609771728515625">
        <ele>34.799999237060546875</ele>
        <time>2026-09-11T10:41:56.000Z</time>
        <extensions>
          <ns3:TrackPointExtension>
            <ns3:hr>156</ns3:hr>
            <ns3:cad>83</ns3:cad>
          </ns3:TrackPointExtension>
        </extensions>
      </trkpt>
      <trkpt lat="37.50506537966430187225341796875" lon="127.06734077073633670806884765625">
        <ele>34.799999237060546875</ele>
        <time>2026-09-11T10:41:57.000Z</time>
        <extensions>
          <ns3:TrackPointExtension>
            <ns3:hr>156</ns3:hr>
            <ns3:cad>83</ns3:cad>
          </ns3:TrackPointExtension>
        </extensions>
      </trkpt>
      <trkpt lat="37.50509597361087799072265625" lon="127.06735066138207912445068359375">
        <ele>34.799999237060546875</ele>
        <time>2026-09-11T10:41:58.000Z</time>
        <extensions>
          <ns3:TrackPointExtension>
            <ns3:hr>156</ns3:hr>
            <ns3:cad>83</ns3:cad>
          </ns3:TrackPointExtension>
        </extensions>
      </trkpt>
      <trkpt lat="37.5051229633390903472900390625" lon="127.06735543906688690185546875">
        <ele>34.799999237060546875</ele>
        <time>2026-09-11T10:41:59.000Z</time>
        <extensions>
          <ns3:TrackPointExtension>
            <ns3:hr>156</ns3:hr>
            <ns3:cad>83</ns3:cad>
          </ns3:TrackPointExtension>
        </extensions>
      </trkpt>
      <trkpt lat="37.505159340798854827880859375" lon="127.067361809313297271728515625">
        <ele>34.799999237060546875</ele>
        <time>2026-09-11T10:42:00.000Z</time>
        <extensions>
          <ns3:TrackPointExtension>
            <ns3:hr>156</ns3:hr>
            <ns3:cad>84</ns3:cad>
          </ns3:TrackPointExtension>
        </extensions>
      </trkpt>
      <trkpt lat="37.50518926419317722320556640625" lon="127.06736658699810504913330078125">
        <ele>35</ele>
        <time>2026-09-11T10:42:01.000Z</time>
        <extensions>
          <ns3:TrackPointExtension>
            <ns3:hr>156</ns3:hr>
            <ns3:cad>84</ns3:cad>
          </ns3:TrackPointExtension>
        </extensions>
      </trkpt>
      <trkpt lat="37.50522078014910221099853515625" lon="127.06736993975937366485595703125">
        <ele>35</ele>
        <time>2026-09-11T10:42:02.000Z</time>
        <extensions>
          <ns3:TrackPointExtension>
            <ns3:hr>155</ns3:hr>
            <ns3:cad>84</ns3:cad>
          </ns3:TrackPointExtension>
        </extensions>
      </trkpt>
      <trkpt lat="37.505255229771137237548828125" lon="127.06737681291997432708740234375">
        <ele>35</ele>
        <time>2026-09-11T10:42:03.000Z</time>
        <extensions>
          <ns3:TrackPointExtension>
            <ns3:hr>155</ns3:hr>
            <ns3:cad>84</ns3:cad>
          </ns3:TrackPointExtension>
        </extensions>
      </trkpt>
      <trkpt lat="37.5052812136709690093994140625" lon="127.06737932749092578887939453125">
        <ele>35</ele>
        <time>2026-09-11T10:42:04.000Z</time>
        <extensions>
          <ns3:TrackPointExtension>
            <ns3:hr>154</ns3:hr>
            <ns3:cad>84</ns3:cad>
          </ns3:TrackPointExtension>
        </extensions>
      </trkpt>
      <trkpt lat="37.505315579473972320556640625" lon="127.067389301955699920654296875">
        <ele>35.200000762939453125</ele>
        <time>2026-09-11T10:42:05.000Z</time>
        <extensions>
          <ns3:TrackPointExtension>
            <ns3:hr>154</ns3:hr>
            <ns3:cad>83</ns3:cad>
          </ns3:TrackPointExtension>
        </extensions>
      </trkpt>
      <trkpt lat="37.505337707698345184326171875" lon="127.0673948340117931365966796875">
        <ele>35.40000152587890625</ele>
        <time>2026-09-11T10:42:06.000Z</time>
        <extensions>
          <ns3:TrackPointExtension>
            <ns3:hr>154</ns3:hr>
            <ns3:cad>83</ns3:cad>
          </ns3:TrackPointExtension>
        </extensions>
      </trkpt>
      <trkpt lat="37.5053621828556060791015625" lon="127.067400701344013214111328125">
        <ele>35.59999847412109375</ele>
        <time>2026-09-11T10:42:07.000Z</time>
        <extensions>
          <ns3:TrackPointExtension>
            <ns3:hr>154</ns3:hr>
            <ns3:cad>83</ns3:cad>
          </ns3:TrackPointExtension>
        </extensions>
      </trkpt>
      <trkpt lat="37.50539311207830905914306640625" lon="127.06742249429225921630859375">
        <ele>35.799999237060546875</ele>
        <time>2026-09-11T10:42:08.000Z</time>
        <extensions>
          <ns3:TrackPointExtension>
            <ns3:hr>154</ns3:hr>
            <ns3:cad>84</ns3:cad>
          </ns3:TrackPointExtension>
        </extensions>
      </trkpt>
      <trkpt lat="37.50541783869266510009765625" lon="127.0674307085573673248291015625">
        <ele>36</ele>
        <time>2026-09-11T10:42:09.000Z</time>
        <extensions>
          <ns3:TrackPointExtension>
            <ns3:hr>154</ns3:hr>
            <ns3:cad>83</ns3:cad>
          </ns3:TrackPointExtension>
        </extensions>
      </trkpt>
      <trkpt lat="37.50544323585927486419677734375" lon="127.06743816845118999481201171875">
        <ele>36.200000762939453125</ele>
        <time>2026-09-11T10:42:10.000Z</time>
        <extensions>
          <ns3:TrackPointExtension>
            <ns3:hr>154</ns3:hr>
            <ns3:cad>83</ns3:cad>
          </ns3:TrackPointExtension>
        </extensions>
      </trkpt>
      <trkpt lat="37.50546737574040889739990234375" lon="127.06744738854467868804931640625">
        <ele>36.40000152587890625</ele>
        <time>2026-09-11T10:42:11.000Z</time>
        <extensions>
          <ns3:TrackPointExtension>
            <ns3:hr>155</ns3:hr>
            <ns3:cad>82</ns3:cad>
          </ns3:TrackPointExtension>
        </extensions>
      </trkpt>
      <trkpt lat="37.50548833049833774566650390625" lon="127.0674444548785686492919921875">
        <ele>36.59999847412109375</ele>
        <time>2026-09-11T10:42:12.000Z</time>
        <extensions>
          <ns3:TrackPointExtension>
            <ns3:hr>155</ns3:hr>
            <ns3:cad>82</ns3:cad>
          </ns3:TrackPointExtension>
        </extensions>
      </trkpt>
      <trkpt lat="37.50551347620785236358642578125" lon="127.0674459636211395263671875">
        <ele>36.799999237060546875</ele>
        <time>2026-09-11T10:42:13.000Z</time>
        <extensions>
          <ns3:TrackPointExtension>
            <ns3:hr>155</ns3:hr>
            <ns3:cad>82</ns3:cad>
          </ns3:TrackPointExtension>
        </extensions>
      </trkpt>
      <trkpt lat="37.505538873374462127685546875" lon="127.06744797527790069580078125">
        <ele>37</ele>
        <time>2026-09-11T10:42:14.000Z</time>
        <extensions>
          <ns3:TrackPointExtension>
            <ns3:hr>155</ns3:hr>
            <ns3:cad>81</ns3:cad>
          </ns3:TrackPointExtension>
        </extensions>
      </trkpt>
      <trkpt lat="37.50555354170501232147216796875" lon="127.06745862029492855072021484375">
        <ele>37.40000152587890625</ele>
        <time>2026-09-11T10:42:15.000Z</time>
        <extensions>
          <ns3:TrackPointExtension>
            <ns3:hr>155</ns3:hr>
            <ns3:cad>81</ns3:cad>
          </ns3:TrackPointExtension>
        </extensions>
      </trkpt>
      <trkpt lat="37.50625175423920154571533203125" lon="127.0679399929940700531005859375">
        <ele>46.799999237060546875</ele>
        <time>2026-09-11T10:44:03.000Z</time>
        <extensions>
          <ns3:TrackPointExtension>
            <ns3:hr>117</ns3:hr>
            <ns3:cad>47</ns3:cad>
          </ns3:TrackPointExtension>
        </extensions>
      </trkpt>
      <trkpt lat="37.50628410838544368743896484375" lon="127.0679275877773761749267578125">
        <ele>46.799999237060546875</ele>
        <time>2026-09-11T10:44:04.000Z</time>
        <extensions>
          <ns3:TrackPointExtension>
            <ns3:hr>117</ns3:hr>
            <ns3:cad>47</ns3:cad>
          </ns3:TrackPointExtension>
        </extensions>
      </trkpt>
      <trkpt lat="37.5062964297831058502197265625" lon="127.06792180426418781280517578125">
        <ele>47</ele>
        <time>2026-09-11T10:44:05.000Z</time>
        <extensions>
          <ns3:TrackPointExtension>
            <ns3:hr>117</ns3:hr>
            <ns3:cad>47</ns3:cad>
          </ns3:TrackPointExtension>
        </extensions>
      </trkpt>
      <trkpt lat="37.50632367096841335296630859375" lon="127.06790839321911334991455078125">
        <ele>47</ele>
        <time>2026-09-11T10:44:06.000Z</time>
        <extensions>
          <ns3:TrackPointExtension>
            <ns3:hr>117</ns3:hr>
            <ns3:cad>47</ns3:cad>
          </ns3:TrackPointExtension>
        </extensions>
      </trkpt>
      <trkpt lat="37.506362311542034149169921875" lon="127.06789724528789520263671875">
        <ele>47</ele>
        <time>2026-09-11T10:44:07.000Z</time>
        <extensions>
          <ns3:TrackPointExtension>
            <ns3:hr>117</ns3:hr>
            <ns3:cad>47</ns3:cad>
          </ns3:TrackPointExtension>
        </extensions>
      </trkpt>
      <trkpt lat="37.50638871453702449798583984375" lon="127.06788475625216960906982421875">
        <ele>47.200000762939453125</ele>
        <time>2026-09-11T10:44:08.000Z</time>
        <extensions>
          <ns3:TrackPointExtension>
            <ns3:hr>117</ns3:hr>
            <ns3:cad>83</ns3:cad>
          </ns3:TrackPointExtension>
        </extensions>
      </trkpt>
      <trkpt lat="37.50642525963485240936279296875" lon="127.06787385977804660797119140625">
        <ele>47.200000762939453125</ele>
        <time>2026-09-11T10:44:09.000Z</time>
        <extensions>
          <ns3:TrackPointExtension>
            <ns3:hr>117</ns3:hr>
            <ns3:cad>83</ns3:cad>
          </ns3:TrackPointExtension>
        </extensions>
      </trkpt>
      <trkpt lat="37.5064530037343502044677734375" lon="127.0678648911416530609130859375">
        <ele>47.200000762939453125</ele>
        <time>2026-09-11T10:44:10.000Z</time>
        <extensions>
          <ns3:TrackPointExtension>
            <ns3:hr>118</ns3:hr>
            <ns3:cad>83</ns3:cad>
          </ns3:TrackPointExtension>
        </extensions>
      </trkpt>
      <trkpt lat="37.5064848549664020538330078125" lon="127.0678603649139404296875">
        <ele>47.200000762939453125</ele>
        <time>2026-09-11T10:44:11.000Z</time>
        <extensions>
          <ns3:TrackPointExtension>
            <ns3:hr>119</ns3:hr>
            <ns3:cad>83</ns3:cad>
          </ns3:TrackPointExtension>
        </extensions>
      </trkpt>
      <trkpt lat="37.50652483664453029632568359375" lon="127.0678669027984142303466796875">
        <ele>47.200000762939453125</ele>
        <time>2026-09-11T10:44:12.000Z</time>
        <extensions>
          <ns3:TrackPointExtension>
            <ns3:hr>119</ns3:hr>
            <ns3:cad>84</ns3:cad>
          </ns3:TrackPointExtension>
        </extensions>
      </trkpt>
      <trkpt lat="37.50655534677207469940185546875" lon="127.0678622089326381683349609375">
        <ele>47.200000762939453125</ele>
        <time>2026-09-11T10:44:13.000Z</time>
        <extensions>
          <ns3:TrackPointExtension>
            <ns3:hr>120</ns3:hr>
            <ns3:cad>84</ns3:cad>
          </ns3:TrackPointExtension>
        </extensions>
      </trkpt>
      <trkpt lat="37.50659574754536151885986328125" lon="127.06785642541944980621337890625">
        <ele>47</ele>
        <time>2026-09-11T10:44:14.000Z</time>
        <extensions>
          <ns3:TrackPointExtension>
            <ns3:hr>121</ns3:hr>
            <ns3:cad>84</ns3:cad>
          </ns3:TrackPointExtension>
        </extensions>
      </trkpt>
      <trkpt lat="37.50663019716739654541015625" lon="127.06785759888589382171630859375">
        <ele>47</ele>
        <time>2026-09-11T10:44:15.000Z</time>
        <extensions>
          <ns3:TrackPointExtension>
            <ns3:hr>121</ns3:hr>
            <ns3:cad>84</ns3:cad>
          </ns3:TrackPointExtension>
        </extensions>
      </trkpt>
      <trkpt lat="37.5066625513136386871337890625" lon="127.0678591914474964141845703125">
        <ele>46.799999237060546875</ele>
        <time>2026-09-11T10:44:16.000Z</time>
        <extensions>
          <ns3:TrackPointExtension>
            <ns3:hr>122</ns3:hr>
            <ns3:cad>84</ns3:cad>
          </ns3:TrackPointExtension>
        </extensions>
      </trkpt>
      <trkpt lat="37.50670521520078182220458984375" lon="127.06786296330392360687255859375">
        <ele>46.799999237060546875</ele>
        <time>2026-09-11T10:44:17.000Z</time>
        <extensions>
          <ns3:TrackPointExtension>
            <ns3:hr>123</ns3:hr>
            <ns3:cad>84</ns3:cad>
          </ns3:TrackPointExtension>
        </extensions>
      </trkpt>
      <trkpt lat="37.50673304311931133270263671875" lon="127.06786665134131908416748046875">
        <ele>46.799999237060546875</ele>
        <time>2026-09-11T10:44:18.000Z</time>
        <extensions>
          <ns3:TrackPointExtension>
            <ns3:hr>123</ns3:hr>
            <ns3:cad>84</ns3:cad>
          </ns3:TrackPointExtension>
        </extensions>
      </trkpt>
      <trkpt lat="37.506763972342014312744140625" lon="127.06787444651126861572265625">
        <ele>46.799999237060546875</ele>
        <time>2026-09-11T10:44:19.000Z</time>
        <extensions>
          <ns3:TrackPointExtension>
            <ns3:hr>124</ns3:hr>
            <ns3:cad>84</ns3:cad>
          </ns3:TrackPointExtension>
        </extensions>
      </trkpt>
      <trkpt lat="37.50678953714668750762939453125" lon="127.06788827665150165557861328125">
        <ele>46.799999237060546875</ele>
        <time>2026-09-11T10:44:20.000Z</time>
        <extensions>
          <ns3:TrackPointExtension>
            <ns3:hr>125</ns3:hr>
            <ns3:cad>84</ns3:cad>
          </ns3:TrackPointExtension>
        </extensions>
      </trkpt>
      <trkpt lat="37.50681233592331409454345703125" lon="127.0679074712097644805908203125">
        <ele>46.799999237060546875</ele>
        <time>2026-09-11T10:44:21.000Z</time>
        <extensions>
          <ns3:TrackPointExtension>
            <ns3:hr>126</ns3:hr>
            <ns3:cad>84</ns3:cad>
          </ns3:TrackPointExtension>
        </extensions>
      </trkpt>
      <trkpt lat="37.50685005448758602142333984375" lon="127.06793454475700855255126953125">
        <ele>46.799999237060546875</ele>
        <time>2026-09-11T10:44:22.000Z</time>
        <extensions>
          <ns3:TrackPointExtension>
            <ns3:hr>126</ns3:hr>
            <ns3:cad>84</ns3:cad>
          </ns3:TrackPointExtension>
        </extensions>
      </trkpt>
      <trkpt lat="37.50687427818775177001953125" lon="127.0679502189159393310546875">
        <ele>46.799999237060546875</ele>
        <time>2026-09-11T10:44:23.000Z</time>
        <extensions>
          <ns3:TrackPointExtension>
            <ns3:hr>127</ns3:hr>
            <ns3:cad>84</ns3:cad>
          </ns3:TrackPointExtension>
        </extensions>
      </trkpt>
      <trkpt lat="37.506908141076564788818359375" lon="127.067960612475872039794921875">
        <ele>46.799999237060546875</ele>
        <time>2026-09-11T10:44:24.000Z</time>
        <extensions>
          <ns3:TrackPointExtension>
            <ns3:hr>127</ns3:hr>
            <ns3:cad>84</ns3:cad>
          </ns3:TrackPointExtension>
        </extensions>
      </trkpt>
      <trkpt lat="37.5069425068795680999755859375" lon="127.0679678209125995635986328125">
        <ele>46.59999847412109375</ele>
        <time>2026-09-11T10:44:25.000Z</time>
        <extensions>
          <ns3:TrackPointExtension>
            <ns3:hr>128</ns3:hr>
            <ns3:cad>83</ns3:cad>
          </ns3:TrackPointExtension>
        </extensions>
      </trkpt>
      <trkpt lat="37.506968490779399871826171875" lon="127.067963294684886932373046875">
        <ele>46.59999847412109375</ele>
        <time>2026-09-11T10:44:26.000Z</time>
        <extensions>
          <ns3:TrackPointExtension>
            <ns3:hr>128</ns3:hr>
            <ns3:cad>83</ns3:cad>
          </ns3:TrackPointExtension>
        </extensions>
      </trkpt>
      <trkpt lat="37.50700025819242000579833984375" lon="127.06796036101877689361572265625">
        <ele>46.59999847412109375</ele>
        <time>2026-09-11T10:44:27.000Z</time>
        <extensions>
          <ns3:TrackPointExtension>
            <ns3:hr>129</ns3:hr>
            <ns3:cad>83</ns3:cad>
          </ns3:TrackPointExtension>
        </extensions>
      </trkpt>
      <trkpt lat="37.50702708028256893157958984375" lon="127.0679631270468235015869140625">
        <ele>46.59999847412109375</ele>
        <time>2026-09-11T10:44:28.000Z</time>
        <extensions>
          <ns3:TrackPointExtension>
            <ns3:hr>129</ns3:hr>
            <ns3:cad>84</ns3:cad>
          </ns3:TrackPointExtension>
        </extensions>
      </trkpt>
      <trkpt lat="37.50705608166754245758056640625" lon="127.06795633770525455474853515625">
        <ele>46.59999847412109375</ele>
        <time>2026-09-11T10:44:29.000Z</time>
        <extensions>
          <ns3:TrackPointExtension>
            <ns3:hr>129</ns3:hr>
            <ns3:cad>84</ns3:cad>
          </ns3:TrackPointExtension>
        </extensions>
      </trkpt>
      <trkpt lat="37.507096230983734130859375" lon="127.06795248202979564666748046875">
        <ele>46.799999237060546875</ele>
        <time>2026-09-11T10:44:30.000Z</time>
        <extensions>
          <ns3:TrackPointExtension>
            <ns3:hr>130</ns3:hr>
            <ns3:cad>84</ns3:cad>
          </ns3:TrackPointExtension>
        </extensions>
      </trkpt>
      <trkpt lat="37.5071191973984241485595703125" lon="127.06794778816401958465576171875">
        <ele>46.799999237060546875</ele>
        <time>2026-09-11T10:44:31.000Z</time>
        <extensions>
          <ns3:TrackPointExtension>
            <ns3:hr>130</ns3:hr>
            <ns3:cad>83</ns3:cad>
          </ns3:TrackPointExtension>
        </extensions>
      </trkpt>
      <trkpt lat="37.507154904305934906005859375" lon="127.067935131490230560302734375">
        <ele>46.59999847412109375</ele>
        <time>2026-09-11T10:44:32.000Z</time>
        <extensions>
          <ns3:TrackPointExtension>
            <ns3:hr>130</ns3:hr>
            <ns3:cad>83</ns3:cad>
          </ns3:TrackPointExtension>
        </extensions>
      </trkpt>
      <trkpt lat="37.50718248076736927032470703125" lon="127.06793672405183315277099609375">
        <ele>46.59999847412109375</ele>
        <time>2026-09-11T10:44:33.000Z</time>
        <extensions>
          <ns3:TrackPointExtension>
            <ns3:hr>130</ns3:hr>
            <ns3:cad>83</ns3:cad>
          </ns3:TrackPointExtension>
        </extensions>
      </trkpt>
      <trkpt lat="37.507207207381725311279296875" lon="127.0679225586354732513427734375">
        <ele>46.40000152587890625</ele>
        <time>2026-09-11T10:44:34.000Z</time>
        <extensions>
          <ns3:TrackPointExtension>
            <ns3:hr>130</ns3:hr>
            <ns3:cad>82</ns3:cad>
          </ns3:TrackPointExtension>
        </extensions>
      </trkpt>
      <trkpt lat="37.5072492845356464385986328125" lon="127.06791426055133342742919921875">
        <ele>46.40000152587890625</ele>
        <time>2026-09-11T10:44:35.000Z</time>
        <extensions>
          <ns3:TrackPointExtension>
            <ns3:hr>131</ns3:hr>
            <ns3:cad>82</ns3:cad>
          </ns3:TrackPointExtension>
        </extensions>
      </trkpt>
      <trkpt lat="37.5072673894464969635009765625" lon="127.0679024420678615570068359375">
        <ele>46.40000152587890625</ele>
        <time>2026-09-11T10:44:36.000Z</time>
        <extensions>
          <ns3:TrackPointExtension>
            <ns3:hr>131</ns3:hr>
            <ns3:cad>82</ns3:cad>
          </ns3:TrackPointExtension>
        </extensions>
      </trkpt>
      <trkpt lat="37.50729898922145366668701171875" lon="127.06789380870759487152099609375">
        <ele>46.40000152587890625</ele>
        <time>2026-09-11T10:44:37.000Z</time>
        <extensions>
          <ns3:TrackPointExtension>
            <ns3:hr>131</ns3:hr>
            <ns3:cad>82</ns3:cad>
          </ns3:TrackPointExtension>
        </extensions>
      </trkpt>
      <trkpt lat="37.50732698477804660797119140625" lon="127.067891545593738555908203125">
        <ele>46.40000152587890625</ele>
        <time>2026-09-11T10:44:38.000Z</time>
        <extensions>
          <ns3:TrackPointExtension>
            <ns3:hr>131</ns3:hr>
            <ns3:cad>82</ns3:cad>
          </ns3:TrackPointExtension>
        </extensions>
      </trkpt>
      <trkpt lat="37.5073471851646900177001953125" lon="127.06788718700408935546875">
        <ele>46.40000152587890625</ele>
        <time>2026-09-11T10:44:39.000Z</time>
        <extensions>
          <ns3:TrackPointExtension>
            <ns3:hr>132</ns3:hr>
            <ns3:cad>83</ns3:cad>
          </ns3:TrackPointExtension>
        </extensions>
      </trkpt>
      <trkpt lat="37.50738649629056453704833984375" lon="127.06788643263280391693115234375">
        <ele>46.40000152587890625</ele>
        <time>2026-09-11T10:44:40.000Z</time>
        <extensions>
          <ns3:TrackPointExtension>
            <ns3:hr>132</ns3:hr>
            <ns3:cad>83</ns3:cad>
          </ns3:TrackPointExtension>
        </extensions>
      </trkpt>
      <trkpt lat="37.50740929506719112396240234375" lon="127.06788651645183563232421875">
        <ele>46.40000152587890625</ele>
        <time>2026-09-11T10:44:41.000Z</time>
        <extensions>
          <ns3:TrackPointExtension>
            <ns3:hr>132</ns3:hr>
            <ns3:cad>83</ns3:cad>
          </ns3:TrackPointExtension>
        </extensions>
      </trkpt>
      <trkpt lat="37.50743393786251544952392578125" lon="127.06788090057671070098876953125">
        <ele>46.40000152587890625</ele>
        <time>2026-09-11T10:44:42.000Z</time>
        <extensions>
          <ns3:TrackPointExtension>
            <ns3:hr>132</ns3:hr>
            <ns3:cad>82</ns3:cad>
          </ns3:TrackPointExtension>
        </extensions>
      </trkpt>
      <trkpt lat="37.507469393312931060791015625" lon="127.0678697526454925537109375">
        <ele>46.40000152587890625</ele>
        <time>2026-09-11T10:44:43.000Z</time>
        <extensions>
          <ns3:TrackPointExtension>
            <ns3:hr>131</ns3:hr>
            <ns3:cad>82</ns3:cad>
          </ns3:TrackPointExtension>
        </extensions>
      </trkpt>
      <trkpt lat="37.50748875550925731658935546875" lon="127.0678585208952426910400390625">
        <ele>46.40000152587890625</ele>
        <time>2026-09-11T10:44:44.000Z</time>
        <extensions>
          <ns3:TrackPointExtension>
            <ns3:hr>132</ns3:hr>
            <ns3:cad>82</ns3:cad>
          </ns3:TrackPointExtension>
        </extensions>
      </trkpt>
      <trkpt lat="37.50751574523746967315673828125" lon="127.0678494684398174285888671875">
        <ele>46.40000152587890625</ele>
        <time>2026-09-11T10:44:45.000Z</time>
        <extensions>
          <ns3:TrackPointExtension>
            <ns3:hr>132</ns3:hr>
            <ns3:cad>81</ns3:cad>
          </ns3:TrackPointExtension>
        </extensions>
      </trkpt>
      <trkpt lat="37.50754742883145809173583984375" lon="127.067857682704925537109375">
        <ele>46.200000762939453125</ele>
        <time>2026-09-11T10:44:46.000Z</time>
        <extensions>
          <ns3:TrackPointExtension>
            <ns3:hr>132</ns3:hr>
            <ns3:cad>82</ns3:cad>
          </ns3:TrackPointExtension>
        </extensions>
      </trkpt>
      <trkpt lat="37.5075709819793701171875" lon="127.0678484626114368438720703125">
        <ele>46.200000762939453125</ele>
        <time>2026-09-11T10:44:47.000Z</time>
        <extensions>
          <ns3:TrackPointExtension>
            <ns3:hr>133</ns3:hr>
            <ns3:cad>82</ns3:cad>
          </ns3:TrackPointExtension>
        </extensions>
      </trkpt>
      <trkpt lat="37.50760341994464397430419921875" lon="127.06784066744148731231689453125">
        <ele>46</ele>
        <time>2026-09-11T10:44:48.000Z</time>
        <extensions>
          <ns3:TrackPointExtension>
            <ns3:hr>133</ns3:hr>
            <ns3:cad>82</ns3:cad>
          </ns3:TrackPointExtension>
        </extensions>
      </trkpt>
      <trkpt lat="37.507633678615093231201171875" lon="127.06784150563180446624755859375">
        <ele>45.799999237060546875</ele>
        <time>2026-09-11T10:44:49.000Z</time>
        <extensions>
          <ns3:TrackPointExtension>
            <ns3:hr>133</ns3:hr>
            <ns3:cad>82</ns3:cad>
          </ns3:TrackPointExtension>
        </extensions>
      </trkpt>
      <trkpt lat="37.5076539628207683563232421875" lon="127.06783354282379150390625">
        <ele>45.799999237060546875</ele>
        <time>2026-09-11T10:44:50.000Z</time>
        <extensions>
          <ns3:TrackPointExtension>
            <ns3:hr>133</ns3:hr>
            <ns3:cad>82</ns3:cad>
          </ns3:TrackPointExtension>
        </extensions>
      </trkpt>
      <trkpt lat="37.50768874771893024444580078125" lon="127.0678246580064296722412109375">
        <ele>45.59999847412109375</ele>
        <time>2026-09-11T10:44:51.000Z</time>
        <extensions>
          <ns3:TrackPointExtension>
            <ns3:hr>133</ns3:hr>
            <ns3:cad>82</ns3:cad>
          </ns3:TrackPointExtension>
        </extensions>
      </trkpt>
      <trkpt lat="37.5077102892100811004638671875" lon="127.0678206346929073333740234375">
        <ele>45.59999847412109375</ele>
        <time>2026-09-11T10:44:52.000Z</time>
        <extensions>
          <ns3:TrackPointExtension>
            <ns3:hr>133</ns3:hr>
            <ns3:cad>82</ns3:cad>
          </ns3:TrackPointExtension>
        </extensions>
      </trkpt>
      <trkpt lat="37.50773769803345203399658203125" lon="127.06781837157905101776123046875">
        <ele>45.59999847412109375</ele>
        <time>2026-09-11T10:44:53.000Z</time>
        <extensions>
          <ns3:TrackPointExtension>
            <ns3:hr>133</ns3:hr>
            <ns3:cad>82</ns3:cad>
          </ns3:TrackPointExtension>
        </extensions>
      </trkpt>
      <trkpt lat="37.50776954926550388336181640625" lon="127.06782616674900054931640625">
        <ele>45.59999847412109375</ele>
        <time>2026-09-11T10:44:54.000Z</time>
        <extensions>
          <ns3:TrackPointExtension>
            <ns3:hr>133</ns3:hr>
            <ns3:cad>82</ns3:cad>
          </ns3:TrackPointExtension>
        </extensions>
      </trkpt>
      <trkpt lat="37.50780106522142887115478515625" lon="127.0678295195102691650390625">
        <ele>45.59999847412109375</ele>
        <time>2026-09-11T10:44:55.000Z</time>
        <extensions>
          <ns3:TrackPointExtension>
            <ns3:hr>133</ns3:hr>
            <ns3:cad>82</ns3:cad>
          </ns3:TrackPointExtension>
        </extensions>
      </trkpt>
      <trkpt lat="37.5078303180634975433349609375" lon="127.06782440654933452606201171875">
        <ele>45.59999847412109375</ele>
        <time>2026-09-11T10:44:56.000Z</time>
        <extensions>
          <ns3:TrackPointExtension>
            <ns3:hr>133</ns3:hr>
            <ns3:cad>82</ns3:cad>
          </ns3:TrackPointExtension>
        </extensions>
      </trkpt>
      <trkpt lat="37.507862336933612823486328125" lon="127.0678293518722057342529296875">
        <ele>45.59999847412109375</ele>
        <time>2026-09-11T10:44:57.000Z</time>
        <extensions>
          <ns3:TrackPointExtension>
            <ns3:hr>133</ns3:hr>
            <ns3:cad>82</ns3:cad>
          </ns3:TrackPointExtension>
        </extensions>
      </trkpt>
      <trkpt lat="37.50788320787250995635986328125" lon="127.06782884895801544189453125">
        <ele>45.59999847412109375</ele>
        <time>2026-09-11T10:44:58.000Z</time>
        <extensions>
          <ns3:TrackPointExtension>
            <ns3:hr>133</ns3:hr>
            <ns3:cad>82</ns3:cad>
          </ns3:TrackPointExtension>
        </extensions>
      </trkpt>
      <trkpt lat="37.5079087726771831512451171875" lon="127.067820467054843902587890625">
        <ele>45.59999847412109375</ele>
        <time>2026-09-11T10:44:59.000Z</time>
        <extensions>
          <ns3:TrackPointExtension>
            <ns3:hr>133</ns3:hr>
            <ns3:cad>82</ns3:cad>
          </ns3:TrackPointExtension>
        </extensions>
      </trkpt>
      <trkpt lat="37.50793375074863433837890625" lon="127.0678162761032581329345703125">
        <ele>45.799999237060546875</ele>
        <time>2026-09-11T10:45:00.000Z</time>
        <extensions>
          <ns3:TrackPointExtension>
            <ns3:hr>133</ns3:hr>
            <ns3:cad>82</ns3:cad>
          </ns3:TrackPointExtension>
        </extensions>
      </trkpt>
      <trkpt lat="37.50795118510723114013671875" lon="127.067809738218784332275390625">
        <ele>45.799999237060546875</ele>
        <time>2026-09-11T10:45:01.000Z</time>
        <extensions>
          <ns3:TrackPointExtension>
            <ns3:hr>133</ns3:hr>
            <ns3:cad>82</ns3:cad>
          </ns3:TrackPointExtension>
        </extensions>
      </trkpt>
      <trkpt lat="37.50798873603343963623046875" lon="127.0678011886775493621826171875">
        <ele>45.799999237060546875</ele>
        <time>2026-09-11T10:45:02.000Z</time>
        <extensions>
          <ns3:TrackPointExtension>
            <ns3:hr>133</ns3:hr>
            <ns3:cad>82</ns3:cad>
          </ns3:TrackPointExtension>
        </extensions>
      </trkpt>
      <trkpt lat="37.50801430083811283111572265625" lon="127.0677944831550121307373046875">
        <ele>45.799999237060546875</ele>
        <time>2026-09-11T10:45:03.000Z</time>
        <extensions>
          <ns3:TrackPointExtension>
            <ns3:hr>133</ns3:hr>
            <ns3:cad>82</ns3:cad>
          </ns3:TrackPointExtension>
        </extensions>
      </trkpt>
      <trkpt lat="37.50803793780505657196044921875" lon="127.06778417341411113739013671875">
        <ele>45.59999847412109375</ele>
        <time>2026-09-11T10:45:04.000Z</time>
        <extensions>
          <ns3:TrackPointExtension>
            <ns3:hr>133</ns3:hr>
            <ns3:cad>82</ns3:cad>
          </ns3:TrackPointExtension>
        </extensions>
      </trkpt>
      <trkpt lat="37.5080730579793453216552734375" lon="127.067782580852508544921875">
        <ele>45.59999847412109375</ele>
        <time>2026-09-11T10:45:05.000Z</time>
        <extensions>
          <ns3:TrackPointExtension>
            <ns3:hr>133</ns3:hr>
            <ns3:cad>81</ns3:cad>
          </ns3:TrackPointExtension>
        </extensions>
      </trkpt>
      <trkpt lat="37.50809979625046253204345703125" lon="127.06778015010058879852294921875">
        <ele>45.59999847412109375</ele>
        <time>2026-09-11T10:45:06.000Z</time>
        <extensions>
          <ns3:TrackPointExtension>
            <ns3:hr>134</ns3:hr>
            <ns3:cad>81</ns3:cad>
          </ns3:TrackPointExtension>
        </extensions>
      </trkpt>
      <trkpt lat="37.5081173144280910491943359375" lon="127.06777327693998813629150390625">
        <ele>45.799999237060546875</ele>
        <time>2026-09-11T10:45:07.000Z</time>
        <extensions>
          <ns3:TrackPointExtension>
            <ns3:hr>133</ns3:hr>
            <ns3:cad>81</ns3:cad>
          </ns3:TrackPointExtension>
        </extensions>
      </trkpt>
      <trkpt lat="37.50817372463643550872802734375" lon="127.0677411742508411407470703125">
        <ele>45.200000762939453125</ele>
        <time>2026-09-11T10:46:14.000Z</time>
        <extensions>
          <ns3:TrackPointExtension>
            <ns3:hr>110</ns3:hr>
            <ns3:cad>0</ns3:cad>
          </ns3:TrackPointExtension>
        </extensions>
      </trkpt>
      <trkpt lat="37.50817640684545040130615234375" lon="127.06773840822279453277587890625">
        <ele>45.200000762939453125</ele>
        <time>2026-09-11T10:46:15.000Z</time>
        <extensions>
          <ns3:TrackPointExtension>
            <ns3:hr>107</ns3:hr>
            <ns3:cad>0</ns3:cad>
          </ns3:TrackPointExtension>
        </extensions>
      </trkpt>
      <trkpt lat="37.50818143598735332489013671875" lon="127.06772197969257831573486328125">
        <ele>45</ele>
        <time>2026-09-11T10:46:16.000Z</time>
        <extensions>
          <ns3:TrackPointExtension>
            <ns3:hr>106</ns3:hr>
            <ns3:cad>0</ns3:cad>
          </ns3:TrackPointExtension>
        </extensions>
      </trkpt>
      <trkpt lat="37.5081971101462841033935546875" lon="127.0676928944885730743408203125">
        <ele>45</ele>
        <time>2026-09-11T10:46:17.000Z</time>
        <extensions>
          <ns3:TrackPointExtension>
            <ns3:hr>105</ns3:hr>
            <ns3:cad>0</ns3:cad>
          </ns3:TrackPointExtension>
        </extensions>
      </trkpt>
      <trkpt lat="37.50821194611489772796630859375" lon="127.0676578581333160400390625">
        <ele>45</ele>
        <time>2026-09-11T10:46:18.000Z</time>
        <extensions>
          <ns3:TrackPointExtension>
            <ns3:hr>105</ns3:hr>
            <ns3:cad>0</ns3:cad>
          </ns3:TrackPointExtension>
        </extensions>
      </trkpt>
      <trkpt lat="37.508233822882175445556640625" lon="127.067626006901264190673828125">
        <ele>45</ele>
        <time>2026-09-11T10:46:19.000Z</time>
        <extensions>
          <ns3:TrackPointExtension>
            <ns3:hr>105</ns3:hr>
            <ns3:cad>0</ns3:cad>
          </ns3:TrackPointExtension>
        </extensions>
      </trkpt>
      <trkpt lat="37.50826609320938587188720703125" lon="127.06759356893599033355712890625">
        <ele>45</ele>
        <time>2026-09-11T10:46:20.000Z</time>
        <extensions>
          <ns3:TrackPointExtension>
            <ns3:hr>106</ns3:hr>
            <ns3:cad>0</ns3:cad>
          </ns3:TrackPointExtension>
        </extensions>
      </trkpt>
      <trkpt lat="37.50829442404210567474365234375" lon="127.06757261417806148529052734375">
        <ele>45</ele>
        <time>2026-09-11T10:46:21.000Z</time>
        <extensions>
          <ns3:TrackPointExtension>
            <ns3:hr>106</ns3:hr>
            <ns3:cad>82</ns3:cad>
          </ns3:TrackPointExtension>
        </extensions>
      </trkpt>
      <trkpt lat="37.5083367526531219482421875" lon="127.067560292780399322509765625">
        <ele>45.200000762939453125</ele>
        <time>2026-09-11T10:46:22.000Z</time>
        <extensions>
          <ns3:TrackPointExtension>
            <ns3:hr>106</ns3:hr>
            <ns3:cad>82</ns3:cad>
          </ns3:TrackPointExtension>
        </extensions>
      </trkpt>
      <trkpt lat="37.50836315564811229705810546875" lon="127.0675517432391643524169921875">
        <ele>45</ele>
        <time>2026-09-11T10:46:23.000Z</time>
        <extensions>
          <ns3:TrackPointExtension>
            <ns3:hr>107</ns3:hr>
            <ns3:cad>82</ns3:cad>
          </ns3:TrackPointExtension>
        </extensions>
      </trkpt>
      <trkpt lat="37.50839911401271820068359375" lon="127.06754260696470737457275390625">
        <ele>45.200000762939453125</ele>
        <time>2026-09-11T10:46:24.000Z</time>
        <extensions>
          <ns3:TrackPointExtension>
            <ns3:hr>108</ns3:hr>
            <ns3:cad>83</ns3:cad>
          </ns3:TrackPointExtension>
        </extensions>
      </trkpt>
      <trkpt lat="37.50843892805278301239013671875" lon="127.067536152899265289306640625">
        <ele>45.40000152587890625</ele>
        <time>2026-09-11T10:46:25.000Z</time>
        <extensions>
          <ns3:TrackPointExtension>
            <ns3:hr>109</ns3:hr>
            <ns3:cad>83</ns3:cad>
          </ns3:TrackPointExtension>
        </extensions>
      </trkpt>
      <trkpt lat="37.50847019255161285400390625" lon="127.067528776824474334716796875">
        <ele>45.40000152587890625</ele>
        <time>2026-09-11T10:46:26.000Z</time>
        <extensions>
          <ns3:TrackPointExtension>
            <ns3:hr>110</ns3:hr>
            <ns3:cad>83</ns3:cad>
          </ns3:TrackPointExtension>
        </extensions>
      </trkpt>
      <trkpt lat="37.5085065700113773345947265625" lon="127.06752450205385684967041015625">
        <ele>45.59999847412109375</ele>
        <time>2026-09-11T10:46:27.000Z</time>
        <extensions>
          <ns3:TrackPointExtension>
            <ns3:hr>111</ns3:hr>
            <ns3:cad>84</ns3:cad>
          </ns3:TrackPointExtension>
        </extensions>
      </trkpt>
      <trkpt lat="37.50853045843541622161865234375" lon="127.0675170421600341796875">
        <ele>45.799999237060546875</ele>
        <time>2026-09-11T10:46:28.000Z</time>
        <extensions>
          <ns3:TrackPointExtension>
            <ns3:hr>112</ns3:hr>
            <ns3:cad>84</ns3:cad>
          </ns3:TrackPointExtension>
        </extensions>
      </trkpt>
      <trkpt lat="37.50856348313391208648681640625" lon="127.067506648600101470947265625">
        <ele>45.799999237060546875</ele>
        <time>2026-09-11T10:46:29.000Z</time>
        <extensions>
          <ns3:TrackPointExtension>
            <ns3:hr>113</ns3:hr>
            <ns3:cad>85</ns3:cad>
          </ns3:TrackPointExtension>
        </extensions>
      </trkpt>
      <trkpt lat="37.5085927359759807586669921875" lon="127.06750505603849887847900390625">
        <ele>45.799999237060546875</ele>
        <time>2026-09-11T10:46:30.000Z</time>
        <extensions>
          <ns3:TrackPointExtension>
            <ns3:hr>114</ns3:hr>
            <ns3:cad>86</ns3:cad>
          </ns3:TrackPointExtension>
        </extensions>
      </trkpt>
      <trkpt lat="37.50862953253090381622314453125" lon="127.06749700941145420074462890625">
        <ele>45.799999237060546875</ele>
        <time>2026-09-11T10:46:31.000Z</time>
        <extensions>
          <ns3:TrackPointExtension>
            <ns3:hr>115</ns3:hr>
            <ns3:cad>86</ns3:cad>
          </ns3:TrackPointExtension>
        </extensions>
      </trkpt>
      <trkpt lat="37.50866289250552654266357421875" lon="127.06748686730861663818359375">
        <ele>45.59999847412109375</ele>
        <time>2026-09-11T10:46:32.000Z</time>
        <extensions>
          <ns3:TrackPointExtension>
            <ns3:hr>115</ns3:hr>
            <ns3:cad>86</ns3:cad>
          </ns3:TrackPointExtension>
        </extensions>
      </trkpt>
      <trkpt lat="37.50868703238666057586669921875" lon="127.0674877054989337921142578125">
        <ele>45.799999237060546875</ele>
        <time>2026-09-11T10:46:33.000Z</time>
        <extensions>
          <ns3:TrackPointExtension>
            <ns3:hr>116</ns3:hr>
            <ns3:cad>86</ns3:cad>
          </ns3:TrackPointExtension>
        </extensions>
      </trkpt>
      <trkpt lat="37.5087352283298969268798828125" lon="127.06748493947088718414306640625">
        <ele>45.799999237060546875</ele>
        <time>2026-09-11T10:46:34.000Z</time>
        <extensions>
          <ns3:TrackPointExtension>
            <ns3:hr>117</ns3:hr>
            <ns3:cad>86</ns3:cad>
          </ns3:TrackPointExtension>
        </extensions>
      </trkpt>
      <trkpt lat="37.50876615755259990692138671875" lon="127.06747421063482761383056640625">
        <ele>46</ele>
        <time>2026-09-11T10:46:35.000Z</time>
        <extensions>
          <ns3:TrackPointExtension>
            <ns3:hr>117</ns3:hr>
            <ns3:cad>85</ns3:cad>
          </ns3:TrackPointExtension>
        </extensions>
      </trkpt>
      <trkpt lat="37.508796416223049163818359375" lon="127.06745744682848453521728515625">
        <ele>46</ele>
        <time>2026-09-11T10:46:36.000Z</time>
        <extensions>
          <ns3:TrackPointExtension>
            <ns3:hr>118</ns3:hr>
            <ns3:cad>85</ns3:cad>
          </ns3:TrackPointExtension>
        </extensions>
      </trkpt>
      <trkpt lat="37.5088324584066867828369140625" lon="127.0674464665353298187255859375">
        <ele>46</ele>
        <time>2026-09-11T10:46:37.000Z</time>
        <extensions>
          <ns3:TrackPointExtension>
            <ns3:hr>119</ns3:hr>
            <ns3:cad>85</ns3:cad>
          </ns3:TrackPointExtension>
        </extensions>
      </trkpt>
      <trkpt lat="37.508863471448421478271484375" lon="127.06743347458541393280029296875">
        <ele>45.799999237060546875</ele>
        <time>2026-09-11T10:46:38.000Z</time>
        <extensions>
          <ns3:TrackPointExtension>
            <ns3:hr>119</ns3:hr>
            <ns3:cad>86</ns3:cad>
          </ns3:TrackPointExtension>
        </extensions>
      </trkpt>
      <trkpt lat="37.50890328548848628997802734375" lon="127.06742626614868640899658203125">
        <ele>45.799999237060546875</ele>
        <time>2026-09-11T10:46:39.000Z</time>
        <extensions>
          <ns3:TrackPointExtension>
            <ns3:hr>120</ns3:hr>
            <ns3:cad>86</ns3:cad>
          </ns3:TrackPointExtension>
        </extensions>
      </trkpt>
      <trkpt lat="37.50893647782504558563232421875" lon="127.06741821952164173126220703125">
        <ele>45.799999237060546875</ele>
        <time>2026-09-11T10:46:40.000Z</time>
        <extensions>
          <ns3:TrackPointExtension>
            <ns3:hr>121</ns3:hr>
            <ns3:cad>86</ns3:cad>
          </ns3:TrackPointExtension>
        </extensions>
      </trkpt>
      <trkpt lat="37.50897201709449291229248046875" lon="127.06741319037973880767822265625">
        <ele>45.799999237060546875</ele>
        <time>2026-09-11T10:46:41.000Z</time>
        <extensions>
          <ns3:TrackPointExtension>
            <ns3:hr>121</ns3:hr>
            <ns3:cad>84</ns3:cad>
          </ns3:TrackPointExtension>
        </extensions>
      </trkpt>
      <trkpt lat="37.50900805927813053131103515625" lon="127.06741251982748508453369140625">
        <ele>45.799999237060546875</ele>
        <time>2026-09-11T10:46:42.000Z</time>
        <extensions>
          <ns3:TrackPointExtension>
            <ns3:hr>122</ns3:hr>
            <ns3:cad>84</ns3:cad>
          </ns3:TrackPointExtension>
        </extensions>
      </trkpt>
      <trkpt lat="37.50903672538697719573974609375" lon="127.06741117872297763824462890625">
        <ele>45.799999237060546875</ele>
        <time>2026-09-11T10:46:43.000Z</time>
        <extensions>
          <ns3:TrackPointExtension>
            <ns3:hr>122</ns3:hr>
            <ns3:cad>84</ns3:cad>
          </ns3:TrackPointExtension>
        </extensions>
      </trkpt>
      <trkpt lat="37.50907259993255138397216796875" lon="127.06742559559643268585205078125">
        <ele>45.799999237060546875</ele>
        <time>2026-09-11T10:46:44.000Z</time>
        <extensions>
          <ns3:TrackPointExtension>
            <ns3:hr>123</ns3:hr>
            <ns3:cad>84</ns3:cad>
          </ns3:TrackPointExtension>
        </extensions>
      </trkpt>
      <trkpt lat="37.50909204594790935516357421875" lon="127.0674317143857479095458984375">
        <ele>45.799999237060546875</ele>
        <time>2026-09-11T10:46:45.000Z</time>
        <extensions>
          <ns3:TrackPointExtension>
            <ns3:hr>124</ns3:hr>
            <ns3:cad>84</ns3:cad>
          </ns3:TrackPointExtension>
        </extensions>
      </trkpt>
      <trkpt lat="37.50912222079932689666748046875" lon="127.0674421079456806182861328125">
        <ele>45.59999847412109375</ele>
        <time>2026-09-11T10:46:46.000Z</time>
        <extensions>
          <ns3:TrackPointExtension>
            <ns3:hr>125</ns3:hr>
            <ns3:cad>85</ns3:cad>
          </ns3:TrackPointExtension>
        </extensions>
      </trkpt>
      <trkpt lat="37.509146444499492645263671875" lon="127.06744671799242496490478515625">
        <ele>45.59999847412109375</ele>
        <time>2026-09-11T10:46:47.000Z</time>
        <extensions>
          <ns3:TrackPointExtension>
            <ns3:hr>125</ns3:hr>
            <ns3:cad>85</ns3:cad>
          </ns3:TrackPointExtension>
        </extensions>
      </trkpt>
      <trkpt lat="37.50918055884540081024169921875" lon="127.067450322210788726806640625">
        <ele>45.59999847412109375</ele>
        <time>2026-09-11T10:46:48.000Z</time>
        <extensions>
          <ns3:TrackPointExtension>
            <ns3:hr>126</ns3:hr>
            <ns3:cad>85</ns3:cad>
          </ns3:TrackPointExtension>
        </extensions>
      </trkpt>
      <trkpt lat="37.5092059560120105743408203125" lon="127.0674566924571990966796875">
        <ele>45.59999847412109375</ele>
        <time>2026-09-11T10:46:49.000Z</time>
        <extensions>
          <ns3:TrackPointExtension>
            <ns3:hr>126</ns3:hr>
            <ns3:cad>85</ns3:cad>
          </ns3:TrackPointExtension>
        </extensions>
      </trkpt>
      <trkpt lat="37.509241662919521331787109375" lon="127.06744822673499584197998046875">
        <ele>45.59999847412109375</ele>
        <time>2026-09-11T10:46:50.000Z</time>
        <extensions>
          <ns3:TrackPointExtension>
            <ns3:hr>127</ns3:hr>
            <ns3:cad>86</ns3:cad>
          </ns3:TrackPointExtension>
        </extensions>
      </trkpt>
      <trkpt lat="37.5092800520360469818115234375" lon="127.0674494840204715728759765625">
        <ele>45.59999847412109375</ele>
        <time>2026-09-11T10:46:51.000Z</time>
        <extensions>
          <ns3:TrackPointExtension>
            <ns3:hr>127</ns3:hr>
            <ns3:cad>86</ns3:cad>
          </ns3:TrackPointExtension>
        </extensions>
      </trkpt>
      <trkpt lat="37.50931282527744770050048828125" lon="127.06744872964918613433837890625">
        <ele>45.799999237060546875</ele>
        <time>2026-09-11T10:46:52.000Z</time>
        <extensions>
          <ns3:TrackPointExtension>
            <ns3:hr>127</ns3:hr>
            <ns3:cad>86</ns3:cad>
          </ns3:TrackPointExtension>
        </extensions>
      </trkpt>
      <trkpt lat="37.50935205258429050445556640625" lon="127.067444287240505218505859375">
        <ele>45.799999237060546875</ele>
        <time>2026-09-11T10:46:53.000Z</time>
        <extensions>
          <ns3:TrackPointExtension>
            <ns3:hr>128</ns3:hr>
            <ns3:cad>85</ns3:cad>
          </ns3:TrackPointExtension>
        </extensions>
      </trkpt>
      <trkpt lat="37.50937602482736110687255859375" lon="127.067438252270221710205078125">
        <ele>45.799999237060546875</ele>
        <time>2026-09-11T10:46:54.000Z</time>
        <extensions>
          <ns3:TrackPointExtension>
            <ns3:hr>128</ns3:hr>
            <ns3:cad>85</ns3:cad>
          </ns3:TrackPointExtension>
        </extensions>
      </trkpt>
      <trkpt lat="37.5094141624867916107177734375" lon="127.06742526032030582427978515625">
        <ele>45.799999237060546875</ele>
        <time>2026-09-11T10:46:55.000Z</time>
        <extensions>
          <ns3:TrackPointExtension>
            <ns3:hr>129</ns3:hr>
            <ns3:cad>84</ns3:cad>
          </ns3:TrackPointExtension>
        </extensions>
      </trkpt>
      <trkpt lat="37.50945498235523700714111328125" lon="127.06741335801780223846435546875">
        <ele>45.799999237060546875</ele>
        <time>2026-09-11T10:46:56.000Z</time>
        <extensions>
          <ns3:TrackPointExtension>
            <ns3:hr>130</ns3:hr>
            <ns3:cad>84</ns3:cad>
          </ns3:TrackPointExtension>
        </extensions>
      </trkpt>
      <trkpt lat="37.50948314554989337921142578125" lon="127.06740296445786952972412109375">
        <ele>45.799999237060546875</ele>
        <time>2026-09-11T10:46:57.000Z</time>
        <extensions>
          <ns3:TrackPointExtension>
            <ns3:hr>130</ns3:hr>
            <ns3:cad>84</ns3:cad>
          </ns3:TrackPointExtension>
        </extensions>
      </trkpt>
      <trkpt lat="37.5095170922577381134033203125" lon="127.06738988868892192840576171875">
        <ele>45.799999237060546875</ele>
        <time>2026-09-11T10:46:58.000Z</time>
        <extensions>
          <ns3:TrackPointExtension>
            <ns3:hr>131</ns3:hr>
            <ns3:cad>84</ns3:cad>
          </ns3:TrackPointExtension>
        </extensions>
      </trkpt>
      <trkpt lat="37.50954844057559967041015625" lon="127.0673901401460170745849609375">
        <ele>45.799999237060546875</ele>
        <time>2026-09-11T10:46:59.000Z</time>
        <extensions>
          <ns3:TrackPointExtension>
            <ns3:hr>132</ns3:hr>
            <ns3:cad>85</ns3:cad>
          </ns3:TrackPointExtension>
        </extensions>
      </trkpt>
      <trkpt lat="37.50958439894020557403564453125" lon="127.06738268025219440460205078125">
        <ele>45.59999847412109375</ele>
        <time>2026-09-11T10:47:00.000Z</time>
        <extensions>
          <ns3:TrackPointExtension>
            <ns3:hr>132</ns3:hr>
            <ns3:cad>85</ns3:cad>
          </ns3:TrackPointExtension>
        </extensions>
      </trkpt>
      <trkpt lat="37.50961482524871826171875" lon="127.0673735439777374267578125">
        <ele>45.59999847412109375</ele>
        <time>2026-09-11T10:47:01.000Z</time>
        <extensions>
          <ns3:TrackPointExtension>
            <ns3:hr>133</ns3:hr>
            <ns3:cad>85</ns3:cad>
          </ns3:TrackPointExtension>
        </extensions>
      </trkpt>
      <trkpt lat="37.509641982614994049072265625" lon="127.0673690177500247955322265625">
        <ele>45.59999847412109375</ele>
        <time>2026-09-11T10:47:02.000Z</time>
        <extensions>
          <ns3:TrackPointExtension>
            <ns3:hr>134</ns3:hr>
            <ns3:cad>85</ns3:cad>
          </ns3:TrackPointExtension>
        </extensions>
      </trkpt>
      <trkpt lat="37.509673498570919036865234375" lon="127.0673613063991069793701171875">
        <ele>45.59999847412109375</ele>
        <time>2026-09-11T10:47:03.000Z</time>
        <extensions>
          <ns3:TrackPointExtension>
            <ns3:hr>134</ns3:hr>
            <ns3:cad>85</ns3:cad>
          </ns3:TrackPointExtension>
        </extensions>
      </trkpt>
      <trkpt lat="37.50969738699495792388916015625" lon="127.0673448778688907623291015625">
        <ele>45.59999847412109375</ele>
        <time>2026-09-11T10:47:04.000Z</time>
        <extensions>
          <ns3:TrackPointExtension>
            <ns3:hr>135</ns3:hr>
            <ns3:cad>84</ns3:cad>
          </ns3:TrackPointExtension>
        </extensions>
      </trkpt>
      <trkpt lat="37.50971876084804534912109375" lon="127.067305147647857666015625">
        <ele>45.59999847412109375</ele>
        <time>2026-09-11T10:47:05.000Z</time>
        <extensions>
          <ns3:TrackPointExtension>
            <ns3:hr>135</ns3:hr>
            <ns3:cad>84</ns3:cad>
          </ns3:TrackPointExtension>
        </extensions>
      </trkpt>
      <trkpt lat="37.5097373686730861663818359375" lon="127.0672791637480258941650390625">
        <ele>45.59999847412109375</ele>
        <time>2026-09-11T10:47:06.000Z</time>
        <extensions>
          <ns3:TrackPointExtension>
            <ns3:hr>136</ns3:hr>
            <ns3:cad>84</ns3:cad>
          </ns3:TrackPointExtension>
        </extensions>
      </trkpt>
      <trkpt lat="37.50975388102233409881591796875" lon="127.06725778989493846893310546875">
        <ele>45.59999847412109375</ele>
        <time>2026-09-11T10:47:07.000Z</time>
        <extensions>
          <ns3:TrackPointExtension>
            <ns3:hr>136</ns3:hr>
            <ns3:cad>84</ns3:cad>
          </ns3:TrackPointExtension>
        </extensions>
      </trkpt>
      <trkpt lat="37.50976460985839366912841796875" lon="127.06721856258809566497802734375">
        <ele>45.59999847412109375</ele>
        <time>2026-09-11T10:47:08.000Z</time>
        <extensions>
          <ns3:TrackPointExtension>
            <ns3:hr>136</ns3:hr>
            <ns3:cad>84</ns3:cad>
          </ns3:TrackPointExtension>
        </extensions>
      </trkpt>
      <trkpt lat="37.50975656323134899139404296875" lon="127.06718537025153636932373046875">
        <ele>45.799999237060546875</ele>
        <time>2026-09-11T10:47:09.000Z</time>
        <extensions>
          <ns3:TrackPointExtension>
            <ns3:hr>136</ns3:hr>
            <ns3:cad>84</ns3:cad>
          </ns3:TrackPointExtension>
        </extensions>
      </trkpt>
      <trkpt lat="37.50975572504103183746337890625" lon="127.06714044325053691864013671875">
        <ele>45.799999237060546875</ele>
        <time>2026-09-11T10:47:10.000Z</time>
        <extensions>
          <ns3:TrackPointExtension>
            <ns3:hr>137</ns3:hr>
            <ns3:cad>84</ns3:cad>
          </ns3:TrackPointExtension>
        </extensions>
      </trkpt>
      <trkpt lat="37.5097534619271755218505859375" lon="127.0670972764492034912109375">
        <ele>45.799999237060546875</ele>
        <time>2026-09-11T10:47:11.000Z</time>
        <extensions>
          <ns3:TrackPointExtension>
            <ns3:hr>137</ns3:hr>
            <ns3:cad>84</ns3:cad>
          </ns3:TrackPointExtension>
        </extensions>
      </trkpt>
      <trkpt lat="37.5097521208226680755615234375" lon="127.06705729477107524871826171875">
        <ele>45.799999237060546875</ele>
        <time>2026-09-11T10:47:12.000Z</time>
        <extensions>
          <ns3:TrackPointExtension>
            <ns3:hr>137</ns3:hr>
            <ns3:cad>84</ns3:cad>
          </ns3:TrackPointExtension>
        </extensions>
      </trkpt>
      <trkpt lat="37.50974692404270172119140625" lon="127.0670065842568874359130859375">
        <ele>45.59999847412109375</ele>
        <time>2026-09-11T10:47:13.000Z</time>
        <extensions>
          <ns3:TrackPointExtension>
            <ns3:hr>137</ns3:hr>
            <ns3:cad>84</ns3:cad>
          </ns3:TrackPointExtension>
        </extensions>
      </trkpt>
      <trkpt lat="37.50974046997725963592529296875" lon="127.06696324981749057769775390625">
        <ele>45.59999847412109375</ele>
        <time>2026-09-11T10:47:14.000Z</time>
        <extensions>
          <ns3:TrackPointExtension>
            <ns3:hr>137</ns3:hr>
            <ns3:cad>84</ns3:cad>
          </ns3:TrackPointExtension>
        </extensions>
      </trkpt>
      <trkpt lat="37.509731836616992950439453125" lon="127.06690491177141666412353515625">
        <ele>45.40000152587890625</ele>
        <time>2026-09-11T10:47:15.000Z</time>
        <extensions>
          <ns3:TrackPointExtension>
            <ns3:hr>137</ns3:hr>
            <ns3:cad>83</ns3:cad>
          </ns3:TrackPointExtension>
        </extensions>
      </trkpt>
      <trkpt lat="37.50972270034253597259521484375" lon="127.0668583922088146209716796875">
        <ele>45.40000152587890625</ele>
        <time>2026-09-11T10:47:16.000Z</time>
        <extensions>
          <ns3:TrackPointExtension>
            <ns3:hr>137</ns3:hr>
            <ns3:cad>83</ns3:cad>
          </ns3:TrackPointExtension>
        </extensions>
      </trkpt>
      <trkpt lat="37.50970937311649322509765625" lon="127.06682167947292327880859375">
        <ele>45.200000762939453125</ele>
        <time>2026-09-11T10:47:17.000Z</time>
        <extensions>
          <ns3:TrackPointExtension>
            <ns3:hr>138</ns3:hr>
            <ns3:cad>83</ns3:cad>
          </ns3:TrackPointExtension>
        </extensions>
      </trkpt>
      <trkpt lat="37.50969369895756244659423828125" lon="127.0667739026248455047607421875">
        <ele>45.200000762939453125</ele>
        <time>2026-09-11T10:47:18.000Z</time>
        <extensions>
          <ns3:TrackPointExtension>
            <ns3:hr>138</ns3:hr>
            <ns3:cad>84</ns3:cad>
          </ns3:TrackPointExtension>
        </extensions>
      </trkpt>
      <trkpt lat="37.50968112610280513763427734375" lon="127.066725455224514007568359375">
        <ele>45.200000762939453125</ele>
        <time>2026-09-11T10:47:19.000Z</time>
        <extensions>
          <ns3:TrackPointExtension>
            <ns3:hr>138</ns3:hr>
            <ns3:cad>84</ns3:cad>
          </ns3:TrackPointExtension>
        </extensions>
      </trkpt>
      <trkpt lat="37.5096672959625720977783203125" lon="127.06668631173670291900634765625">
        <ele>45.200000762939453125</ele>
        <time>2026-09-11T10:47:20.000Z</time>
        <extensions>
          <ns3:TrackPointExtension>
            <ns3:hr>138</ns3:hr>
            <ns3:cad>84</ns3:cad>
          </ns3:TrackPointExtension>
        </extensions>
      </trkpt>
      <trkpt lat="37.5096483528614044189453125" lon="127.0666441507637500762939453125">
        <ele>45.200000762939453125</ele>
        <time>2026-09-11T10:47:21.000Z</time>
        <extensions>
          <ns3:TrackPointExtension>
            <ns3:hr>138</ns3:hr>
            <ns3:cad>84</ns3:cad>
          </ns3:TrackPointExtension>
        </extensions>
      </trkpt>
      <trkpt lat="37.50964005477726459503173828125" lon="127.06661674194037914276123046875">
        <ele>45</ele>
        <time>2026-09-11T10:47:22.000Z</time>
        <extensions>
          <ns3:TrackPointExtension>
            <ns3:hr>137</ns3:hr>
            <ns3:cad>84</ns3:cad>
          </ns3:TrackPointExtension>
        </extensions>
      </trkpt>
      <trkpt lat="37.50964055769145488739013671875" lon="127.06660039722919464111328125">
        <ele>44.799999237060546875</ele>
        <time>2026-09-11T10:47:23.000Z</time>
        <extensions>
          <ns3:TrackPointExtension>
            <ns3:hr>138</ns3:hr>
            <ns3:cad>84</ns3:cad>
          </ns3:TrackPointExtension>
        </extensions>
      </trkpt>
      <trkpt lat="37.50960870645940303802490234375" lon="127.0663219504058361053466796875">
        <ele>44</ele>
        <time>2026-09-11T10:49:11.000Z</time>
        <extensions>
          <ns3:TrackPointExtension>
            <ns3:hr>100</ns3:hr>
            <ns3:cad>55</ns3:cad>
          </ns3:TrackPointExtension>
        </extensions>
      </trkpt>
      <trkpt lat="37.509594373404979705810546875" lon="127.0662887580692768096923828125">
        <ele>44</ele>
        <time>2026-09-11T10:49:12.000Z</time>
        <extensions>
          <ns3:TrackPointExtension>
            <ns3:hr>100</ns3:hr>
            <ns3:cad>55</ns3:cad>
          </ns3:TrackPointExtension>
        </extensions>
      </trkpt>
      <trkpt lat="37.5095828063786029815673828125" lon="127.06625975668430328369140625">
        <ele>44.200000762939453125</ele>
        <time>2026-09-11T10:49:13.000Z</time>
        <extensions>
          <ns3:TrackPointExtension>
            <ns3:hr>100</ns3:hr>
            <ns3:cad>56</ns3:cad>
          </ns3:TrackPointExtension>
        </extensions>
      </trkpt>
      <trkpt lat="37.50956528820097446441650390625" lon="127.06622094847261905670166015625">
        <ele>44.200000762939453125</ele>
        <time>2026-09-11T10:49:14.000Z</time>
        <extensions>
          <ns3:TrackPointExtension>
            <ns3:hr>100</ns3:hr>
            <ns3:cad>56</ns3:cad>
          </ns3:TrackPointExtension>
        </extensions>
      </trkpt>
      <trkpt lat="37.509556151926517486572265625" lon="127.0661880075931549072265625">
        <ele>44.200000762939453125</ele>
        <time>2026-09-11T10:49:15.000Z</time>
        <extensions>
          <ns3:TrackPointExtension>
            <ns3:hr>100</ns3:hr>
            <ns3:cad>56</ns3:cad>
          </ns3:TrackPointExtension>
        </extensions>
      </trkpt>
      <trkpt lat="37.5095375441014766693115234375" lon="127.06614349968731403350830078125">
        <ele>44</ele>
        <time>2026-09-11T10:49:16.000Z</time>
        <extensions>
          <ns3:TrackPointExtension>
            <ns3:hr>100</ns3:hr>
            <ns3:cad>56</ns3:cad>
          </ns3:TrackPointExtension>
        </extensions>
      </trkpt>
      <trkpt lat="37.50952203758060932159423828125" lon="127.06610896624624729156494140625">
        <ele>44</ele>
        <time>2026-09-11T10:49:17.000Z</time>
        <extensions>
          <ns3:TrackPointExtension>
            <ns3:hr>101</ns3:hr>
            <ns3:cad>56</ns3:cad>
          </ns3:TrackPointExtension>
        </extensions>
      </trkpt>
      <trkpt lat="37.509508542716503143310546875" lon="127.0660686492919921875">
        <ele>43.799999237060546875</ele>
        <time>2026-09-11T10:49:18.000Z</time>
        <extensions>
          <ns3:TrackPointExtension>
            <ns3:hr>102</ns3:hr>
            <ns3:cad>81</ns3:cad>
          </ns3:TrackPointExtension>
        </extensions>
      </trkpt>
      <trkpt lat="37.50949789769947528839111328125" lon="127.0660299248993396759033203125">
        <ele>43.799999237060546875</ele>
        <time>2026-09-11T10:49:19.000Z</time>
        <extensions>
          <ns3:TrackPointExtension>
            <ns3:hr>103</ns3:hr>
            <ns3:cad>81</ns3:cad>
          </ns3:TrackPointExtension>
        </extensions>
      </trkpt>
      <trkpt lat="37.50948448665440082550048828125" lon="127.065989188849925994873046875">
        <ele>43.799999237060546875</ele>
        <time>2026-09-11T10:49:20.000Z</time>
        <extensions>
          <ns3:TrackPointExtension>
            <ns3:hr>104</ns3:hr>
            <ns3:cad>81</ns3:cad>
          </ns3:TrackPointExtension>
        </extensions>
      </trkpt>
      <trkpt lat="37.5094678066670894622802734375" lon="127.06594191491603851318359375">
        <ele>43.799999237060546875</ele>
        <time>2026-09-11T10:49:21.000Z</time>
        <extensions>
          <ns3:TrackPointExtension>
            <ns3:hr>105</ns3:hr>
            <ns3:cad>81</ns3:cad>
          </ns3:TrackPointExtension>
        </extensions>
      </trkpt>
      <trkpt lat="37.509454227983951568603515625" lon="127.06590411253273487091064453125">
        <ele>43.799999237060546875</ele>
        <time>2026-09-11T10:49:22.000Z</time>
        <extensions>
          <ns3:TrackPointExtension>
            <ns3:hr>105</ns3:hr>
            <ns3:cad>85</ns3:cad>
          </ns3:TrackPointExtension>
        </extensions>
      </trkpt>
      <trkpt lat="37.5094376318156719207763671875" lon="127.06585616804659366607666015625">
        <ele>43.799999237060546875</ele>
        <time>2026-09-11T10:49:23.000Z</time>
        <extensions>
          <ns3:TrackPointExtension>
            <ns3:hr>106</ns3:hr>
            <ns3:cad>85</ns3:cad>
          </ns3:TrackPointExtension>
        </extensions>
      </trkpt>
      <trkpt lat="37.50942698679864406585693359375" lon="127.0658012665808200836181640625">
        <ele>43.799999237060546875</ele>
        <time>2026-09-11T10:49:24.000Z</time>
        <extensions>
          <ns3:TrackPointExtension>
            <ns3:hr>107</ns3:hr>
            <ns3:cad>85</ns3:cad>
          </ns3:TrackPointExtension>
        </extensions>
      </trkpt>
      <trkpt lat="37.50941567122936248779296875" lon="127.06576195545494556427001953125">
        <ele>43.59999847412109375</ele>
        <time>2026-09-11T10:49:25.000Z</time>
        <extensions>
          <ns3:TrackPointExtension>
            <ns3:hr>109</ns3:hr>
            <ns3:cad>85</ns3:cad>
          </ns3:TrackPointExtension>
        </extensions>
      </trkpt>
      <trkpt lat="37.509411983191967010498046875" lon="127.06571937538683414459228515625">
        <ele>43.40000152587890625</ele>
        <time>2026-09-11T10:49:26.000Z</time>
        <extensions>
          <ns3:TrackPointExtension>
            <ns3:hr>110</ns3:hr>
            <ns3:cad>85</ns3:cad>
          </ns3:TrackPointExtension>
        </extensions>
      </trkpt>
      <trkpt lat="37.50939848832786083221435546875" lon="127.06568165682256221771240234375">
        <ele>43.200000762939453125</ele>
        <time>2026-09-11T10:49:27.000Z</time>
        <extensions>
          <ns3:TrackPointExtension>
            <ns3:hr>111</ns3:hr>
            <ns3:cad>85</ns3:cad>
          </ns3:TrackPointExtension>
        </extensions>
      </trkpt>
      <trkpt lat="37.50938675366342067718505859375" lon="127.065635807812213897705078125">
        <ele>43.200000762939453125</ele>
        <time>2026-09-11T10:49:28.000Z</time>
        <extensions>
          <ns3:TrackPointExtension>
            <ns3:hr>113</ns3:hr>
            <ns3:cad>85</ns3:cad>
          </ns3:TrackPointExtension>
        </extensions>
      </trkpt>
      <trkpt lat="37.50937250442802906036376953125" lon="127.0655920542776584625244140625">
        <ele>43</ele>
        <time>2026-09-11T10:49:29.000Z</time>
        <extensions>
          <ns3:TrackPointExtension>
            <ns3:hr>114</ns3:hr>
            <ns3:cad>85</ns3:cad>
          </ns3:TrackPointExtension>
        </extensions>
      </trkpt>
      <trkpt lat="37.50936311669647693634033203125" lon="127.0655514858663082122802734375">
        <ele>43</ele>
        <time>2026-09-11T10:49:30.000Z</time>
        <extensions>
          <ns3:TrackPointExtension>
            <ns3:hr>115</ns3:hr>
            <ns3:cad>85</ns3:cad>
          </ns3:TrackPointExtension>
        </extensions>
      </trkpt>
      <trkpt lat="37.5093561597168445587158203125" lon="127.0655129291117191314697265625">
        <ele>43</ele>
        <time>2026-09-11T10:49:31.000Z</time>
        <extensions>
          <ns3:TrackPointExtension>
            <ns3:hr>116</ns3:hr>
            <ns3:cad>85</ns3:cad>
          </ns3:TrackPointExtension>
        </extensions>
      </trkpt>
      <trkpt lat="37.50934501178562641143798828125" lon="127.0654857717454433441162109375">
        <ele>43</ele>
        <time>2026-09-11T10:49:32.000Z</time>
        <extensions>
          <ns3:TrackPointExtension>
            <ns3:hr>117</ns3:hr>
            <ns3:cad>85</ns3:cad>
          </ns3:TrackPointExtension>
        </extensions>
      </trkpt>
      <trkpt lat="37.50932103954255580902099609375" lon="127.0654438622295856475830078125">
        <ele>43</ele>
        <time>2026-09-11T10:49:33.000Z</time>
        <extensions>
          <ns3:TrackPointExtension>
            <ns3:hr>118</ns3:hr>
            <ns3:cad>85</ns3:cad>
          </ns3:TrackPointExtension>
        </extensions>
      </trkpt>
      <trkpt lat="37.5093068741261959075927734375" lon="127.0654110051691532135009765625">
        <ele>43</ele>
        <time>2026-09-11T10:49:34.000Z</time>
        <extensions>
          <ns3:TrackPointExtension>
            <ns3:hr>119</ns3:hr>
            <ns3:cad>84</ns3:cad>
          </ns3:TrackPointExtension>
        </extensions>
      </trkpt>
      <trkpt lat="37.5092948041856288909912109375" lon="127.065379321575164794921875">
        <ele>43</ele>
        <time>2026-09-11T10:49:35.000Z</time>
        <extensions>
          <ns3:TrackPointExtension>
            <ns3:hr>120</ns3:hr>
            <ns3:cad>84</ns3:cad>
          </ns3:TrackPointExtension>
        </extensions>
      </trkpt>
      <trkpt lat="37.50927745364606380462646484375" lon="127.06533632241189479827880859375">
        <ele>43</ele>
        <time>2026-09-11T10:49:36.000Z</time>
        <extensions>
          <ns3:TrackPointExtension>
            <ns3:hr>121</ns3:hr>
            <ns3:cad>84</ns3:cad>
          </ns3:TrackPointExtension>
        </extensions>
      </trkpt>
      <trkpt lat="37.5092585943639278411865234375" lon="127.0653127692639827728271484375">
        <ele>43</ele>
        <time>2026-09-11T10:49:37.000Z</time>
        <extensions>
          <ns3:TrackPointExtension>
            <ns3:hr>122</ns3:hr>
            <ns3:cad>85</ns3:cad>
          </ns3:TrackPointExtension>
        </extensions>
      </trkpt>
      <trkpt lat="37.50923998653888702392578125" lon="127.06527245230972766876220703125">
        <ele>43</ele>
        <time>2026-09-11T10:49:38.000Z</time>
        <extensions>
          <ns3:TrackPointExtension>
            <ns3:hr>123</ns3:hr>
            <ns3:cad>85</ns3:cad>
          </ns3:TrackPointExtension>
        </extensions>
      </trkpt>
      <trkpt lat="37.50922515057027339935302734375" lon="127.0652272738516330718994140625">
        <ele>42.799999237060546875</ele>
        <time>2026-09-11T10:49:39.000Z</time>
        <extensions>
          <ns3:TrackPointExtension>
            <ns3:hr>123</ns3:hr>
            <ns3:cad>85</ns3:cad>
          </ns3:TrackPointExtension>
        </extensions>
      </trkpt>
      <trkpt lat="37.50920914113521575927734375" lon="127.065193913877010345458984375">
        <ele>42.799999237060546875</ele>
        <time>2026-09-11T10:49:40.000Z</time>
        <extensions>
          <ns3:TrackPointExtension>
            <ns3:hr>124</ns3:hr>
            <ns3:cad>85</ns3:cad>
          </ns3:TrackPointExtension>
        </extensions>
      </trkpt>
      <trkpt lat="37.5091999210417270660400390625" lon="127.06515334546566009521484375">
        <ele>42.799999237060546875</ele>
        <time>2026-09-11T10:49:41.000Z</time>
        <extensions>
          <ns3:TrackPointExtension>
            <ns3:hr>124</ns3:hr>
            <ns3:cad>85</ns3:cad>
          </ns3:TrackPointExtension>
        </extensions>
      </trkpt>
      <trkpt lat="37.509201429784297943115234375" lon="127.06512107513844966888427734375">
        <ele>42.59999847412109375</ele>
        <time>2026-09-11T10:49:42.000Z</time>
        <extensions>
          <ns3:TrackPointExtension>
            <ns3:hr>124</ns3:hr>
            <ns3:cad>84</ns3:cad>
          </ns3:TrackPointExtension>
        </extensions>
      </trkpt>
      <trkpt lat="37.5091843307018280029296875" lon="127.06508033908903598785400390625">
        <ele>42.59999847412109375</ele>
        <time>2026-09-11T10:49:43.000Z</time>
        <extensions>
          <ns3:TrackPointExtension>
            <ns3:hr>124</ns3:hr>
            <ns3:cad>84</ns3:cad>
          </ns3:TrackPointExtension>
        </extensions>
      </trkpt>
      <trkpt lat="37.50916312448680400848388671875" lon="127.06505083478987216949462890625">
        <ele>42.40000152587890625</ele>
        <time>2026-09-11T10:49:44.000Z</time>
        <extensions>
          <ns3:TrackPointExtension>
            <ns3:hr>123</ns3:hr>
            <ns3:cad>84</ns3:cad>
          </ns3:TrackPointExtension>
        </extensions>
      </trkpt>
      <trkpt lat="37.50917159020900726318359375" lon="127.06501060165464878082275390625">
        <ele>42.40000152587890625</ele>
        <time>2026-09-11T10:49:45.000Z</time>
        <extensions>
          <ns3:TrackPointExtension>
            <ns3:hr>123</ns3:hr>
            <ns3:cad>84</ns3:cad>
          </ns3:TrackPointExtension>
        </extensions>
      </trkpt>
      <trkpt lat="37.50915708951652050018310546875" lon="127.06497137434780597686767578125">
        <ele>42.200000762939453125</ele>
        <time>2026-09-11T10:49:46.000Z</time>
        <extensions>
          <ns3:TrackPointExtension>
            <ns3:hr>123</ns3:hr>
            <ns3:cad>84</ns3:cad>
          </ns3:TrackPointExtension>
        </extensions>
      </trkpt>
      <trkpt lat="37.50914636068046092987060546875" lon="127.06493583507835865020751953125">
        <ele>42</ele>
        <time>2026-09-11T10:49:47.000Z</time>
        <extensions>
          <ns3:TrackPointExtension>
            <ns3:hr>124</ns3:hr>
            <ns3:cad>83</ns3:cad>
          </ns3:TrackPointExtension>
        </extensions>
      </trkpt>
      <trkpt lat="37.50913362018764019012451171875" lon="127.0649000443518161773681640625">
        <ele>42.200000762939453125</ele>
        <time>2026-09-11T10:49:48.000Z</time>
        <extensions>
          <ns3:TrackPointExtension>
            <ns3:hr>125</ns3:hr>
            <ns3:cad>83</ns3:cad>
          </ns3:TrackPointExtension>
        </extensions>
      </trkpt>
      <trkpt lat="37.50911886803805828094482421875" lon="127.0648638345301151275634765625">
        <ele>42.200000762939453125</ele>
        <time>2026-09-11T10:49:49.000Z</time>
        <extensions>
          <ns3:TrackPointExtension>
            <ns3:hr>126</ns3:hr>
            <ns3:cad>83</ns3:cad>
          </ns3:TrackPointExtension>
        </extensions>
      </trkpt>
      <trkpt lat="37.5091063790023326873779296875" lon="127.06483223475515842437744140625">
        <ele>42.40000152587890625</ele>
        <time>2026-09-11T10:49:50.000Z</time>
        <extensions>
          <ns3:TrackPointExtension>
            <ns3:hr>127</ns3:hr>
            <ns3:cad>84</ns3:cad>
          </ns3:TrackPointExtension>
        </extensions>
      </trkpt>
      <trkpt lat="37.509090788662433624267578125" lon="127.06479686312377452850341796875">
        <ele>42.59999847412109375</ele>
        <time>2026-09-11T10:49:51.000Z</time>
        <extensions>
          <ns3:TrackPointExtension>
            <ns3:hr>127</ns3:hr>
            <ns3:cad>84</ns3:cad>
          </ns3:TrackPointExtension>
        </extensions>
      </trkpt>
      <trkpt lat="37.50908232294023036956787109375" lon="127.06477020867168903350830078125">
        <ele>42.59999847412109375</ele>
        <time>2026-09-11T10:49:52.000Z</time>
        <extensions>
          <ns3:TrackPointExtension>
            <ns3:hr>128</ns3:hr>
            <ns3:cad>84</ns3:cad>
          </ns3:TrackPointExtension>
        </extensions>
      </trkpt>
      <trkpt lat="37.50906807370483875274658203125" lon="127.0647357590496540069580078125">
        <ele>42.59999847412109375</ele>
        <time>2026-09-11T10:49:53.000Z</time>
        <extensions>
          <ns3:TrackPointExtension>
            <ns3:hr>128</ns3:hr>
            <ns3:cad>84</ns3:cad>
          </ns3:TrackPointExtension>
        </extensions>
      </trkpt>
      <trkpt lat="37.5090477056801319122314453125" lon="127.06469946540892124176025390625">
        <ele>42.40000152587890625</ele>
        <time>2026-09-11T10:49:54.000Z</time>
        <extensions>
          <ns3:TrackPointExtension>
            <ns3:hr>128</ns3:hr>
            <ns3:cad>84</ns3:cad>
          </ns3:TrackPointExtension>
        </extensions>
      </trkpt>
      <trkpt lat="37.50903152860701084136962890625" lon="127.06466778181493282318115234375">
        <ele>42.40000152587890625</ele>
        <time>2026-09-11T10:49:55.000Z</time>
        <extensions>
          <ns3:TrackPointExtension>
            <ns3:hr>129</ns3:hr>
            <ns3:cad>84</ns3:cad>
          </ns3:TrackPointExtension>
        </extensions>
      </trkpt>
      <trkpt lat="37.509010322391986846923828125" lon="127.06463827751576900482177734375">
        <ele>42.40000152587890625</ele>
        <time>2026-09-11T10:49:56.000Z</time>
        <extensions>
          <ns3:TrackPointExtension>
            <ns3:hr>129</ns3:hr>
            <ns3:cad>84</ns3:cad>
          </ns3:TrackPointExtension>
        </extensions>
      </trkpt>
      <trkpt lat="37.50900152139365673065185546875" lon="127.064600475132465362548828125">
        <ele>42.40000152587890625</ele>
        <time>2026-09-11T10:49:57.000Z</time>
        <extensions>
          <ns3:TrackPointExtension>
            <ns3:hr>130</ns3:hr>
            <ns3:cad>81</ns3:cad>
          </ns3:TrackPointExtension>
        </extensions>
      </trkpt>
      <trkpt lat="37.5089880265295505523681640625" lon="127.06456594169139862060546875">
        <ele>42.59999847412109375</ele>
        <time>2026-09-11T10:49:58.000Z</time>
        <extensions>
          <ns3:TrackPointExtension>
            <ns3:hr>131</ns3:hr>
            <ns3:cad>81</ns3:cad>
          </ns3:TrackPointExtension>
        </extensions>
      </trkpt>
      <trkpt lat="37.50896128825843334197998046875" lon="127.0645339228212833404541015625">
        <ele>42.799999237060546875</ele>
        <time>2026-09-11T10:49:59.000Z</time>
        <extensions>
          <ns3:TrackPointExtension>
            <ns3:hr>133</ns3:hr>
            <ns3:cad>81</ns3:cad>
          </ns3:TrackPointExtension>
        </extensions>
      </trkpt>
      <trkpt lat="37.508946955204010009765625" lon="127.064503245055675506591796875">
        <ele>42.799999237060546875</ele>
        <time>2026-09-11T10:50:00.000Z</time>
        <extensions>
          <ns3:TrackPointExtension>
            <ns3:hr>134</ns3:hr>
            <ns3:cad>83</ns3:cad>
          </ns3:TrackPointExtension>
        </extensions>
      </trkpt>
      <trkpt lat="37.50893513672053813934326171875" lon="127.064477093517780303955078125">
        <ele>42.59999847412109375</ele>
        <time>2026-09-11T10:50:01.000Z</time>
        <extensions>
          <ns3:TrackPointExtension>
            <ns3:hr>134</ns3:hr>
            <ns3:cad>83</ns3:cad>
          </ns3:TrackPointExtension>
        </extensions>
      </trkpt>
      <trkpt lat="37.5089239887893199920654296875" lon="127.06445236690342426300048828125">
        <ele>42.59999847412109375</ele>
        <time>2026-09-11T10:50:02.000Z</time>
        <extensions>
          <ns3:TrackPointExtension>
            <ns3:hr>135</ns3:hr>
            <ns3:cad>83</ns3:cad>
          </ns3:TrackPointExtension>
        </extensions>
      </trkpt>
      <trkpt lat="37.5089134275913238525390625" lon="127.06442889757454395294189453125">
        <ele>42.59999847412109375</ele>
        <time>2026-09-11T10:50:03.000Z</time>
        <extensions>
          <ns3:TrackPointExtension>
            <ns3:hr>135</ns3:hr>
            <ns3:cad>83</ns3:cad>
          </ns3:TrackPointExtension>
        </extensions>
      </trkpt>
      <trkpt lat="37.5088928081095218658447265625" lon="127.06438313238322734832763671875">
        <ele>42.59999847412109375</ele>
        <time>2026-09-11T10:50:05.000Z</time>
        <extensions>
          <ns3:TrackPointExtension>
            <ns3:hr>134</ns3:hr>
            <ns3:cad>83</ns3:cad>
          </ns3:TrackPointExtension>
        </extensions>
      </trkpt>
      <trkpt lat="37.50888199545443058013916015625" lon="127.06435916014015674591064453125">
        <ele>42.40000152587890625</ele>
        <time>2026-09-11T10:50:06.000Z</time>
        <extensions>
          <ns3:TrackPointExtension>
            <ns3:hr>135</ns3:hr>
            <ns3:cad>83</ns3:cad>
          </ns3:TrackPointExtension>
        </extensions>
      </trkpt>
      <trkpt lat="37.50887059606611728668212890625" lon="127.0643337629735469818115234375">
        <ele>42.40000152587890625</ele>
        <time>2026-09-11T10:50:07.000Z</time>
        <extensions>
          <ns3:TrackPointExtension>
            <ns3:hr>135</ns3:hr>
            <ns3:cad>83</ns3:cad>
          </ns3:TrackPointExtension>
        </extensions>
      </trkpt>
      <trkpt lat="37.5088592804968357086181640625" lon="127.06430870108306407928466796875">
        <ele>42.200000762939453125</ele>
        <time>2026-09-11T10:50:08.000Z</time>
        <extensions>
          <ns3:TrackPointExtension>
            <ns3:hr>135</ns3:hr>
            <ns3:cad>83</ns3:cad>
          </ns3:TrackPointExtension>
        </extensions>
      </trkpt>
      <trkpt lat="37.50884779728949069976806640625" lon="127.0642831362783908843994140625">
        <ele>42</ele>
        <time>2026-09-11T10:50:09.000Z</time>
        <extensions>
          <ns3:TrackPointExtension>
            <ns3:hr>135</ns3:hr>
            <ns3:cad>83</ns3:cad>
          </ns3:TrackPointExtension>
        </extensions>
      </trkpt>
      <trkpt lat="37.50883639790117740631103515625" lon="127.064257822930812835693359375">
        <ele>42</ele>
        <time>2026-09-11T10:50:10.000Z</time>
        <extensions>
          <ns3:TrackPointExtension>
            <ns3:hr>134</ns3:hr>
            <ns3:cad>83</ns3:cad>
          </ns3:TrackPointExtension>
        </extensions>
      </trkpt>
      <trkpt lat="37.5088250823318958282470703125" lon="127.06423259340226650238037109375">
        <ele>42.200000762939453125</ele>
        <time>2026-09-11T10:50:11.000Z</time>
        <extensions>
          <ns3:TrackPointExtension>
            <ns3:hr>134</ns3:hr>
            <ns3:cad>83</ns3:cad>
          </ns3:TrackPointExtension>
        </extensions>
      </trkpt>
      <trkpt lat="37.5088140182197093963623046875" lon="127.06420795060694217681884765625">
        <ele>42.40000152587890625</ele>
        <time>2026-09-11T10:50:12.000Z</time>
        <extensions>
          <ns3:TrackPointExtension>
            <ns3:hr>134</ns3:hr>
            <ns3:cad>83</ns3:cad>
          </ns3:TrackPointExtension>
        </extensions>
      </trkpt>
      <trkpt lat="37.5088022835552692413330078125" lon="127.064182050526142120361328125">
        <ele>42.59999847412109375</ele>
        <time>2026-09-11T10:50:13.000Z</time>
        <extensions>
          <ns3:TrackPointExtension>
            <ns3:hr>134</ns3:hr>
            <ns3:cad>83</ns3:cad>
          </ns3:TrackPointExtension>
        </extensions>
      </trkpt>
      <trkpt lat="37.50879130326211452484130859375" lon="127.06415732391178607940673828125">
        <ele>42.799999237060546875</ele>
        <time>2026-09-11T10:50:14.000Z</time>
        <extensions>
          <ns3:TrackPointExtension>
            <ns3:hr>134</ns3:hr>
            <ns3:cad>84</ns3:cad>
          </ns3:TrackPointExtension>
        </extensions>
      </trkpt>
      <trkpt lat="37.50878023914992809295654296875" lon="127.06413276493549346923828125">
        <ele>43</ele>
        <time>2026-09-11T10:50:15.000Z</time>
        <extensions>
          <ns3:TrackPointExtension>
            <ns3:hr>135</ns3:hr>
            <ns3:cad>84</ns3:cad>
          </ns3:TrackPointExtension>
        </extensions>
      </trkpt>
      <trkpt lat="37.50876925885677337646484375" lon="127.064108289778232574462890625">
        <ele>43.200000762939453125</ele>
        <time>2026-09-11T10:50:16.000Z</time>
        <extensions>
          <ns3:TrackPointExtension>
            <ns3:hr>135</ns3:hr>
            <ns3:cad>84</ns3:cad>
          </ns3:TrackPointExtension>
        </extensions>
      </trkpt>
      <trkpt lat="37.508758194744586944580078125" lon="127.0640838146209716796875">
        <ele>43.40000152587890625</ele>
        <time>2026-09-11T10:50:17.000Z</time>
        <extensions>
          <ns3:TrackPointExtension>
            <ns3:hr>135</ns3:hr>
            <ns3:cad>83</ns3:cad>
          </ns3:TrackPointExtension>
        </extensions>
      </trkpt>
      <trkpt lat="37.50874721445143222808837890625" lon="127.06405942328274250030517578125">
        <ele>43.59999847412109375</ele>
        <time>2026-09-11T10:50:18.000Z</time>
        <extensions>
          <ns3:TrackPointExtension>
            <ns3:hr>135</ns3:hr>
            <ns3:cad>83</ns3:cad>
          </ns3:TrackPointExtension>
        </extensions>
      </trkpt>
      <trkpt lat="37.5087365694344043731689453125" lon="127.06403561867773532867431640625">
        <ele>43.799999237060546875</ele>
        <time>2026-09-11T10:50:19.000Z</time>
        <extensions>
          <ns3:TrackPointExtension>
            <ns3:hr>135</ns3:hr>
            <ns3:cad>83</ns3:cad>
          </ns3:TrackPointExtension>
        </extensions>
      </trkpt>
      <trkpt lat="37.5087261758744716644287109375" lon="127.064012400805950164794921875">
        <ele>44</ele>
        <time>2026-09-11T10:50:20.000Z</time>
        <extensions>
          <ns3:TrackPointExtension>
            <ns3:hr>134</ns3:hr>
            <ns3:cad>83</ns3:cad>
          </ns3:TrackPointExtension>
        </extensions>
      </trkpt>
      <trkpt lat="37.50871561467647552490234375" lon="127.06398901529610157012939453125">
        <ele>44.200000762939453125</ele>
        <time>2026-09-11T10:50:21.000Z</time>
        <extensions>
          <ns3:TrackPointExtension>
            <ns3:hr>135</ns3:hr>
            <ns3:cad>83</ns3:cad>
          </ns3:TrackPointExtension>
        </extensions>
      </trkpt>
      <trkpt lat="37.508705221116542816162109375" lon="127.06396579742431640625">
        <ele>44</ele>
        <time>2026-09-11T10:50:22.000Z</time>
        <extensions>
          <ns3:TrackPointExtension>
            <ns3:hr>135</ns3:hr>
            <ns3:cad>83</ns3:cad>
          </ns3:TrackPointExtension>
        </extensions>
      </trkpt>
      <trkpt lat="37.50869474373757839202880859375" lon="127.063942663371562957763671875">
        <ele>43.799999237060546875</ele>
        <time>2026-09-11T10:50:23.000Z</time>
        <extensions>
          <ns3:TrackPointExtension>
            <ns3:hr>135</ns3:hr>
            <ns3:cad>83</ns3:cad>
          </ns3:TrackPointExtension>
        </extensions>
      </trkpt>
      <trkpt lat="37.50868435017764568328857421875" lon="127.06391944549977779388427734375">
        <ele>43.40000152587890625</ele>
        <time>2026-09-11T10:50:24.000Z</time>
        <extensions>
          <ns3:TrackPointExtension>
            <ns3:hr>135</ns3:hr>
            <ns3:cad>83</ns3:cad>
          </ns3:TrackPointExtension>
        </extensions>
      </trkpt>
      <trkpt lat="37.50867395661771297454833984375" lon="127.06389631144702434539794921875">
        <ele>43</ele>
        <time>2026-09-11T10:50:25.000Z</time>
        <extensions>
          <ns3:TrackPointExtension>
            <ns3:hr>135</ns3:hr>
            <ns3:cad>83</ns3:cad>
          </ns3:TrackPointExtension>
        </extensions>
      </trkpt>
      <trkpt lat="37.50866356305778026580810546875" lon="127.06387317739427089691162109375">
        <ele>42.799999237060546875</ele>
        <time>2026-09-11T10:50:26.000Z</time>
        <extensions>
          <ns3:TrackPointExtension>
            <ns3:hr>135</ns3:hr>
            <ns3:cad>83</ns3:cad>
          </ns3:TrackPointExtension>
        </extensions>
      </trkpt>
      <trkpt lat="37.50865316949784755706787109375" lon="127.0638499595224857330322265625">
        <ele>42.799999237060546875</ele>
        <time>2026-09-11T10:50:27.000Z</time>
        <extensions>
          <ns3:TrackPointExtension>
            <ns3:hr>135</ns3:hr>
            <ns3:cad>83</ns3:cad>
          </ns3:TrackPointExtension>
        </extensions>
      </trkpt>
    </trkseg>
  </trk>
</gpx>
