<gpx xmlns:ns3="http://www.garmin.com/xmlschemas/TrackPointExtension/v1" xmlns="http://www.topografix.com/GPX/1/1" xmlns:xsi="http://www.w3.org/2001/XMLSchema-instance" xmlns:ns2="http://www.garmin.com/xmlschemas/GpxExtensions/v3" creator="Garmin Connect" version="1.1" xsi:schemaLocation="http://www.topografix.com/GPX/1/1 http://www.topografix.com/GPX/11.xsd">
  <extensions>
<distance>9111.59</distance>
<average_hr>149.0</average_hr>
<average_speed>3.3469998836517334</average_speed>
<start_time>2026-09-14T08:42:26+00:00</start_time>
<end_time>2026-09-14T09:27:48.336000+00:00</end_time>
<moving_time>2629.88</moving_time>
<elapsed_time>3083.948</elapsed_time>
</extensions>
<metadata>
    <link href="connect.garmin.com">
      <text>Garmin Connect</text>
    </link>
    <time>2026-09-14T08:42:26.000Z</time>
  </metadata>
  <trk>
    <name>Running</name>
    <type>running</type>
    <trkseg>
      <trkpt lat="37.50795445404946804046630859375" lon="127.0589495636522769927978515625">
        <ele>29</ele>
        <time>2026-09-14T08:42:26.000Z</time>
        <extensions>
          <ns3:TrackPointExtension>
            <ns3:hr>70</ns3:hr>
            <ns3:cad>50</ns3:cad>
          </ns3:TrackPointExtension>
        </extensions>
      </trkpt>
      <trkpt lat="37.50788412988185882568359375" lon="127.05899423919618129730224609375">
        <ele>29</ele>
        <time>2026-09-14T08:42:27.000Z</time>
        <extensions>
          <ns3:TrackPointExtension>
            <ns3:hr>68</ns3:hr>
            <ns3:cad>0</ns3:cad>
          </ns3:TrackPointExtension>
        </extensions>
      </trkpt>
      <trkpt lat="37.5078658573329448699951171875" lon="127.05904352478682994842529296875">
        <ele>29.200000762939453125</ele>
        <time>2026-09-14T08:42:28.000Z</time>
        <extensions>
          <ns3:TrackPointExtension>
            <ns3:hr>69</ns3:hr>
            <ns3:cad>0</ns3:cad>
          </ns3:TrackPointExtension>
        </extensions>
      </trkpt>
      <trkpt lat="37.50782554037868976593017578125" lon="127.0590990968048572540283203125">
        <ele>29.200000762939453125</ele>
        <time>2026-09-14T08:42:29.000Z</time>
        <extensions>
          <ns3:TrackPointExtension>
            <ns3:hr>69</ns3:hr>
            <ns3:cad>0</ns3:cad>
          </ns3:TrackPointExtension>
        </extensions>
      </trkpt>
      <trkpt lat="37.50780760310590267181396484375" lon="127.05915332771837711334228515625">
        <ele>29.200000762939453125</ele>
        <time>2026-09-14T08:42:30.000Z</time>
        <extensions>
          <ns3:TrackPointExtension>
            <ns3:hr>70</ns3:hr>
            <ns3:cad>0</ns3:cad>
          </ns3:TrackPointExtension>
        </extensions>
      </trkpt>
      <trkpt lat="37.50779989175498485565185546875" lon="127.05918953754007816314697265625">
        <ele>29.200000762939453125</ele>
        <time>2026-09-14T08:42:31.000Z</time>
        <extensions>
          <ns3:TrackPointExtension>
            <ns3:hr>72</ns3:hr>
            <ns3:cad>0</ns3:cad>
          </ns3:TrackPointExtension>
        </extensions>
      </trkpt>
      <trkpt lat="37.50779989175498485565185546875" lon="127.059242427349090576171875">
        <ele>29</ele>
        <time>2026-09-14T08:42:32.000Z</time>
        <extensions>
          <ns3:TrackPointExtension>
            <ns3:hr>72</ns3:hr>
            <ns3:cad>0</ns3:cad>
          </ns3:TrackPointExtension>
        </extensions>
      </trkpt>
      <trkpt lat="37.5078048370778560638427734375" lon="127.05926053225994110107421875">
        <ele>28.799999237060546875</ele>
        <time>2026-09-14T08:42:33.000Z</time>
        <extensions>
          <ns3:TrackPointExtension>
            <ns3:hr>73</ns3:hr>
            <ns3:cad>0</ns3:cad>
          </ns3:TrackPointExtension>
        </extensions>
      </trkpt>
      <trkpt lat="37.5078055076301097869873046875" lon="127.05927260220050811767578125">
        <ele>28.6000003814697265625</ele>
        <time>2026-09-14T08:42:34.000Z</time>
        <extensions>
          <ns3:TrackPointExtension>
            <ns3:hr>74</ns3:hr>
            <ns3:cad>0</ns3:cad>
          </ns3:TrackPointExtension>
        </extensions>
      </trkpt>
      <trkpt lat="37.50782805494964122772216796875" lon="127.05929179675877094268798828125">
        <ele>28.6000003814697265625</ele>
        <time>2026-09-14T08:42:35.000Z</time>
        <extensions>
          <ns3:TrackPointExtension>
            <ns3:hr>75</ns3:hr>
            <ns3:cad>0</ns3:cad>
          </ns3:TrackPointExtension>
        </extensions>
      </trkpt>
      <trkpt lat="37.50784515403211116790771484375" lon="127.059299759566783905029296875">
        <ele>28.3999996185302734375</ele>
        <time>2026-09-14T08:42:36.000Z</time>
        <extensions>
          <ns3:TrackPointExtension>
            <ns3:hr>76</ns3:hr>
            <ns3:cad>0</ns3:cad>
          </ns3:TrackPointExtension>
        </extensions>
      </trkpt>
      <trkpt lat="37.5078695453703403472900390625" lon="127.05930101685225963592529296875">
        <ele>28.3999996185302734375</ele>
        <time>2026-09-14T08:42:37.000Z</time>
        <extensions>
          <ns3:TrackPointExtension>
            <ns3:hr>77</ns3:hr>
            <ns3:cad>0</ns3:cad>
          </ns3:TrackPointExtension>
        </extensions>
      </trkpt>
      <trkpt lat="37.50788815319538116455078125" lon="127.05927888862788677215576171875">
        <ele>28.200000762939453125</ele>
        <time>2026-09-14T08:42:38.000Z</time>
        <extensions>
          <ns3:TrackPointExtension>
            <ns3:hr>78</ns3:hr>
            <ns3:cad>0</ns3:cad>
          </ns3:TrackPointExtension>
        </extensions>
      </trkpt>
      <trkpt lat="37.50786761753261089324951171875" lon="127.05927528440952301025390625">
        <ele>28.3999996185302734375</ele>
        <time>2026-09-14T08:42:39.000Z</time>
        <extensions>
          <ns3:TrackPointExtension>
            <ns3:hr>80</ns3:hr>
            <ns3:cad>0</ns3:cad>
          </ns3:TrackPointExtension>
        </extensions>
      </trkpt>
      <trkpt lat="37.50789762474596500396728515625" lon="127.059261538088321685791015625">
        <ele>28.3999996185302734375</ele>
        <time>2026-09-14T08:42:40.000Z</time>
        <extensions>
          <ns3:TrackPointExtension>
            <ns3:hr>81</ns3:hr>
            <ns3:cad>0</ns3:cad>
          </ns3:TrackPointExtension>
        </extensions>
      </trkpt>
      <trkpt lat="37.5079265423119068145751953125" lon="127.05924770794808864593505859375">
        <ele>28.3999996185302734375</ele>
        <time>2026-09-14T08:42:41.000Z</time>
        <extensions>
          <ns3:TrackPointExtension>
            <ns3:hr>83</ns3:hr>
            <ns3:cad>0</ns3:cad>
          </ns3:TrackPointExtension>
        </extensions>
      </trkpt>
      <trkpt lat="37.50790533609688282012939453125" lon="127.0592690818011760711669921875">
        <ele>28.6000003814697265625</ele>
        <time>2026-09-14T08:42:42.000Z</time>
        <extensions>
          <ns3:TrackPointExtension>
            <ns3:hr>84</ns3:hr>
            <ns3:cad>0</ns3:cad>
          </ns3:TrackPointExtension>
        </extensions>
      </trkpt>
      <trkpt lat="37.50790164805948734283447265625" lon="127.059279642999172210693359375">
        <ele>28.6000003814697265625</ele>
        <time>2026-09-14T08:42:43.000Z</time>
        <extensions>
          <ns3:TrackPointExtension>
            <ns3:hr>85</ns3:hr>
            <ns3:cad>0</ns3:cad>
          </ns3:TrackPointExtension>
        </extensions>
      </trkpt>
      <trkpt lat="37.50787666998803615570068359375" lon="127.0592751167714595794677734375">
        <ele>28.3999996185302734375</ele>
        <time>2026-09-14T08:42:44.000Z</time>
        <extensions>
          <ns3:TrackPointExtension>
            <ns3:hr>86</ns3:hr>
            <ns3:cad>0</ns3:cad>
          </ns3:TrackPointExtension>
        </extensions>
      </trkpt>
      <trkpt lat="37.5078732334077358245849609375" lon="127.05929079093039035797119140625">
        <ele>28.200000762939453125</ele>
        <time>2026-09-14T08:42:45.000Z</time>
        <extensions>
          <ns3:TrackPointExtension>
            <ns3:hr>88</ns3:hr>
            <ns3:cad>0</ns3:cad>
          </ns3:TrackPointExtension>
        </extensions>
      </trkpt>
      <trkpt lat="37.507868371903896331787109375" lon="127.05933890305459499359130859375">
        <ele>28</ele>
        <time>2026-09-14T08:42:46.000Z</time>
        <extensions>
          <ns3:TrackPointExtension>
            <ns3:hr>89</ns3:hr>
            <ns3:cad>0</ns3:cad>
          </ns3:TrackPointExtension>
        </extensions>
      </trkpt>
      <trkpt lat="37.50786937773227691650390625" lon="127.05937460996210575103759765625">
        <ele>27.799999237060546875</ele>
        <time>2026-09-14T08:42:47.000Z</time>
        <extensions>
          <ns3:TrackPointExtension>
            <ns3:hr>90</ns3:hr>
            <ns3:cad>0</ns3:cad>
          </ns3:TrackPointExtension>
        </extensions>
      </trkpt>
      <trkpt lat="37.50786795280873775482177734375" lon="127.05939606763422489166259765625">
        <ele>27.799999237060546875</ele>
        <time>2026-09-14T08:42:48.000Z</time>
        <extensions>
          <ns3:TrackPointExtension>
            <ns3:hr>91</ns3:hr>
            <ns3:cad>0</ns3:cad>
          </ns3:TrackPointExtension>
        </extensions>
      </trkpt>
      <trkpt lat="37.50786644406616687774658203125" lon="127.0594637095928192138671875">
        <ele>27.799999237060546875</ele>
        <time>2026-09-14T08:42:49.000Z</time>
        <extensions>
          <ns3:TrackPointExtension>
            <ns3:hr>93</ns3:hr>
            <ns3:cad>0</ns3:cad>
          </ns3:TrackPointExtension>
        </extensions>
      </trkpt>
      <trkpt lat="37.50786242075264453887939453125" lon="127.0595039427280426025390625">
        <ele>28</ele>
        <time>2026-09-14T08:42:50.000Z</time>
        <extensions>
          <ns3:TrackPointExtension>
            <ns3:hr>94</ns3:hr>
            <ns3:cad>81</ns3:cad>
          </ns3:TrackPointExtension>
        </extensions>
      </trkpt>
      <trkpt lat="37.50786560587584972381591796875" lon="127.05954677425324916839599609375">
        <ele>28.200000762939453125</ele>
        <time>2026-09-14T08:42:51.000Z</time>
        <extensions>
          <ns3:TrackPointExtension>
            <ns3:hr>95</ns3:hr>
            <ns3:cad>81</ns3:cad>
          </ns3:TrackPointExtension>
        </extensions>
      </trkpt>
      <trkpt lat="37.50787465833127498626708984375" lon="127.05960276536643505096435546875">
        <ele>28.200000762939453125</ele>
        <time>2026-09-14T08:42:52.000Z</time>
        <extensions>
          <ns3:TrackPointExtension>
            <ns3:hr>96</ns3:hr>
            <ns3:cad>0</ns3:cad>
          </ns3:TrackPointExtension>
        </extensions>
      </trkpt>
      <trkpt lat="37.50786602497100830078125" lon="127.05962455831468105316162109375">
        <ele>28.200000762939453125</ele>
        <time>2026-09-14T08:42:53.000Z</time>
        <extensions>
          <ns3:TrackPointExtension>
            <ns3:hr>98</ns3:hr>
            <ns3:cad>0</ns3:cad>
          </ns3:TrackPointExtension>
        </extensions>
      </trkpt>
      <trkpt lat="37.50787097029387950897216796875" lon="127.05969102680683135986328125">
        <ele>28</ele>
        <time>2026-09-14T08:42:54.000Z</time>
        <extensions>
          <ns3:TrackPointExtension>
            <ns3:hr>99</ns3:hr>
            <ns3:cad>0</ns3:cad>
          </ns3:TrackPointExtension>
        </extensions>
      </trkpt>
      <trkpt lat="37.50787608325481414794921875" lon="127.05975179560482501983642578125">
        <ele>28.200000762939453125</ele>
        <time>2026-09-14T08:42:55.000Z</time>
        <extensions>
          <ns3:TrackPointExtension>
            <ns3:hr>100</ns3:hr>
            <ns3:cad>0</ns3:cad>
          </ns3:TrackPointExtension>
        </extensions>
      </trkpt>
      <trkpt lat="37.5078725628554821014404296875" lon="127.05979219637811183929443359375">
        <ele>28.200000762939453125</ele>
        <time>2026-09-14T08:42:56.000Z</time>
        <extensions>
          <ns3:TrackPointExtension>
            <ns3:hr>101</ns3:hr>
            <ns3:cad>0</ns3:cad>
          </ns3:TrackPointExtension>
        </extensions>
      </trkpt>
      <trkpt lat="37.50787147320806980133056640625" lon="127.0598752610385417938232421875">
        <ele>28.200000762939453125</ele>
        <time>2026-09-14T08:42:57.000Z</time>
        <extensions>
          <ns3:TrackPointExtension>
            <ns3:hr>102</ns3:hr>
            <ns3:cad>81</ns3:cad>
          </ns3:TrackPointExtension>
        </extensions>
      </trkpt>
      <trkpt lat="37.5078715570271015167236328125" lon="127.05992027185857295989990234375">
        <ele>28</ele>
        <time>2026-09-14T08:42:58.000Z</time>
        <extensions>
          <ns3:TrackPointExtension>
            <ns3:hr>102</ns3:hr>
            <ns3:cad>82</ns3:cad>
          </ns3:TrackPointExtension>
        </extensions>
      </trkpt>
      <trkpt lat="37.50786602497100830078125" lon="127.0599384605884552001953125">
        <ele>28</ele>
        <time>2026-09-14T08:42:59.000Z</time>
        <extensions>
          <ns3:TrackPointExtension>
            <ns3:hr>102</ns3:hr>
            <ns3:cad>83</ns3:cad>
          </ns3:TrackPointExtension>
        </extensions>
      </trkpt>
      <trkpt lat="37.5078593194484710693359375" lon="127.06000979058444499969482421875">
        <ele>27.799999237060546875</ele>
        <time>2026-09-14T08:43:00.000Z</time>
        <extensions>
          <ns3:TrackPointExtension>
            <ns3:hr>103</ns3:hr>
            <ns3:cad>83</ns3:cad>
          </ns3:TrackPointExtension>
        </extensions>
      </trkpt>
      <trkpt lat="37.507847584784030914306640625" lon="127.06004239618778228759765625">
        <ele>27.799999237060546875</ele>
        <time>2026-09-14T08:43:01.000Z</time>
        <extensions>
          <ns3:TrackPointExtension>
            <ns3:hr>104</ns3:hr>
            <ns3:cad>82</ns3:cad>
          </ns3:TrackPointExtension>
        </extensions>
      </trkpt>
      <trkpt lat="37.50783392228186130523681640625" lon="127.060081623494625091552734375">
        <ele>27.799999237060546875</ele>
        <time>2026-09-14T08:43:02.000Z</time>
        <extensions>
          <ns3:TrackPointExtension>
            <ns3:hr>105</ns3:hr>
            <ns3:cad>82</ns3:cad>
          </ns3:TrackPointExtension>
        </extensions>
      </trkpt>
      <trkpt lat="37.5078159011900424957275390625" lon="127.06011137925088405609130859375">
        <ele>28</ele>
        <time>2026-09-14T08:43:03.000Z</time>
        <extensions>
          <ns3:TrackPointExtension>
            <ns3:hr>106</ns3:hr>
            <ns3:cad>82</ns3:cad>
          </ns3:TrackPointExtension>
        </extensions>
      </trkpt>
      <trkpt lat="37.50780777074396610260009765625" lon="127.06013853661715984344482421875">
        <ele>28</ele>
        <time>2026-09-14T08:43:04.000Z</time>
        <extensions>
          <ns3:TrackPointExtension>
            <ns3:hr>107</ns3:hr>
            <ns3:cad>82</ns3:cad>
          </ns3:TrackPointExtension>
        </extensions>
      </trkpt>
      <trkpt lat="37.507810704410076141357421875" lon="127.0601786859333515167236328125">
        <ele>28.200000762939453125</ele>
        <time>2026-09-14T08:43:05.000Z</time>
        <extensions>
          <ns3:TrackPointExtension>
            <ns3:hr>109</ns3:hr>
            <ns3:cad>82</ns3:cad>
          </ns3:TrackPointExtension>
        </extensions>
      </trkpt>
      <trkpt lat="37.50781573355197906494140625" lon="127.06022218801081180572509765625">
        <ele>28.200000762939453125</ele>
        <time>2026-09-14T08:43:06.000Z</time>
        <extensions>
          <ns3:TrackPointExtension>
            <ns3:hr>110</ns3:hr>
            <ns3:cad>82</ns3:cad>
          </ns3:TrackPointExtension>
        </extensions>
      </trkpt>
      <trkpt lat="37.507824786007404327392578125" lon="127.06025772728025913238525390625">
        <ele>28</ele>
        <time>2026-09-14T08:43:07.000Z</time>
        <extensions>
          <ns3:TrackPointExtension>
            <ns3:hr>111</ns3:hr>
            <ns3:cad>82</ns3:cad>
          </ns3:TrackPointExtension>
        </extensions>
      </trkpt>
      <trkpt lat="37.50783073715865612030029296875" lon="127.0602987147867679595947265625">
        <ele>28.200000762939453125</ele>
        <time>2026-09-14T08:43:08.000Z</time>
        <extensions>
          <ns3:TrackPointExtension>
            <ns3:hr>112</ns3:hr>
            <ns3:cad>82</ns3:cad>
          </ns3:TrackPointExtension>
        </extensions>
      </trkpt>
      <trkpt lat="37.5078336708247661590576171875" lon="127.06034414470195770263671875">
        <ele>28.200000762939453125</ele>
        <time>2026-09-14T08:43:09.000Z</time>
        <extensions>
          <ns3:TrackPointExtension>
            <ns3:hr>113</ns3:hr>
            <ns3:cad>82</ns3:cad>
          </ns3:TrackPointExtension>
        </extensions>
      </trkpt>
      <trkpt lat="37.5078400410711765289306640625" lon="127.0603818632662296295166015625">
        <ele>28.200000762939453125</ele>
        <time>2026-09-14T08:43:10.000Z</time>
        <extensions>
          <ns3:TrackPointExtension>
            <ns3:hr>115</ns3:hr>
            <ns3:cad>82</ns3:cad>
          </ns3:TrackPointExtension>
        </extensions>
      </trkpt>
      <trkpt lat="37.5078497640788555145263671875" lon="127.0604281313717365264892578125">
        <ele>28.200000762939453125</ele>
        <time>2026-09-14T08:43:11.000Z</time>
        <extensions>
          <ns3:TrackPointExtension>
            <ns3:hr>116</ns3:hr>
            <ns3:cad>83</ns3:cad>
          </ns3:TrackPointExtension>
        </extensions>
      </trkpt>
      <trkpt lat="37.5078620016574859619140625" lon="127.06045788712799549102783203125">
        <ele>28</ele>
        <time>2026-09-14T08:43:12.000Z</time>
        <extensions>
          <ns3:TrackPointExtension>
            <ns3:hr>117</ns3:hr>
            <ns3:cad>83</ns3:cad>
          </ns3:TrackPointExtension>
        </extensions>
      </trkpt>
      <trkpt lat="37.50787197612226009368896484375" lon="127.060501389205455780029296875">
        <ele>28</ele>
        <time>2026-09-14T08:43:13.000Z</time>
        <extensions>
          <ns3:TrackPointExtension>
            <ns3:hr>118</ns3:hr>
            <ns3:cad>82</ns3:cad>
          </ns3:TrackPointExtension>
        </extensions>
      </trkpt>
      <trkpt lat="37.50787901692092418670654296875" lon="127.06054053269326686859130859375">
        <ele>28</ele>
        <time>2026-09-14T08:43:14.000Z</time>
        <extensions>
          <ns3:TrackPointExtension>
            <ns3:hr>120</ns3:hr>
            <ns3:cad>81</ns3:cad>
          </ns3:TrackPointExtension>
        </extensions>
      </trkpt>
      <trkpt lat="37.507884465157985687255859375" lon="127.06057741306722164154052734375">
        <ele>28</ele>
        <time>2026-09-14T08:43:15.000Z</time>
        <extensions>
          <ns3:TrackPointExtension>
            <ns3:hr>121</ns3:hr>
            <ns3:cad>81</ns3:cad>
          </ns3:TrackPointExtension>
        </extensions>
      </trkpt>
      <trkpt lat="37.5078888237476348876953125" lon="127.0606182329356670379638671875">
        <ele>27.799999237060546875</ele>
        <time>2026-09-14T08:43:16.000Z</time>
        <extensions>
          <ns3:TrackPointExtension>
            <ns3:hr>122</ns3:hr>
            <ns3:cad>81</ns3:cad>
          </ns3:TrackPointExtension>
        </extensions>
      </trkpt>
      <trkpt lat="37.50789712183177471160888671875" lon="127.06064346246421337127685546875">
        <ele>27.799999237060546875</ele>
        <time>2026-09-14T08:43:17.000Z</time>
        <extensions>
          <ns3:TrackPointExtension>
            <ns3:hr>123</ns3:hr>
            <ns3:cad>81</ns3:cad>
          </ns3:TrackPointExtension>
        </extensions>
      </trkpt>
      <trkpt lat="37.50791237689554691314697265625" lon="127.06068336032330989837646484375">
        <ele>28</ele>
        <time>2026-09-14T08:43:18.000Z</time>
        <extensions>
          <ns3:TrackPointExtension>
            <ns3:hr>125</ns3:hr>
            <ns3:cad>81</ns3:cad>
          </ns3:TrackPointExtension>
        </extensions>
      </trkpt>
      <trkpt lat="37.5079184956848621368408203125" lon="127.06072099506855010986328125">
        <ele>28</ele>
        <time>2026-09-14T08:43:19.000Z</time>
        <extensions>
          <ns3:TrackPointExtension>
            <ns3:hr>126</ns3:hr>
            <ns3:cad>82</ns3:cad>
          </ns3:TrackPointExtension>
        </extensions>
      </trkpt>
      <trkpt lat="37.50792310573160648345947265625" lon="127.0607543550431728363037109375">
        <ele>27.799999237060546875</ele>
        <time>2026-09-14T08:43:20.000Z</time>
        <extensions>
          <ns3:TrackPointExtension>
            <ns3:hr>127</ns3:hr>
            <ns3:cad>82</ns3:cad>
          </ns3:TrackPointExtension>
        </extensions>
      </trkpt>
      <trkpt lat="37.50793115235865116119384765625" lon="127.06078779883682727813720703125">
        <ele>27.6000003814697265625</ele>
        <time>2026-09-14T08:43:21.000Z</time>
        <extensions>
          <ns3:TrackPointExtension>
            <ns3:hr>127</ns3:hr>
            <ns3:cad>83</ns3:cad>
          </ns3:TrackPointExtension>
        </extensions>
      </trkpt>
      <trkpt lat="37.5079402886331081390380859375" lon="127.06081378273665904998779296875">
        <ele>27.6000003814697265625</ele>
        <time>2026-09-14T08:43:22.000Z</time>
        <extensions>
          <ns3:TrackPointExtension>
            <ns3:hr>128</ns3:hr>
            <ns3:cad>83</ns3:cad>
          </ns3:TrackPointExtension>
        </extensions>
      </trkpt>
      <trkpt lat="37.50795780681073665618896484375" lon="127.06084378995001316070556640625">
        <ele>27.3999996185302734375</ele>
        <time>2026-09-14T08:43:23.000Z</time>
        <extensions>
          <ns3:TrackPointExtension>
            <ns3:hr>129</ns3:hr>
            <ns3:cad>83</ns3:cad>
          </ns3:TrackPointExtension>
        </extensions>
      </trkpt>
      <trkpt lat="37.5079734809696674346923828125" lon="127.060877569019794464111328125">
        <ele>27.200000762939453125</ele>
        <time>2026-09-14T08:43:24.000Z</time>
        <extensions>
          <ns3:TrackPointExtension>
            <ns3:hr>130</ns3:hr>
            <ns3:cad>83</ns3:cad>
          </ns3:TrackPointExtension>
        </extensions>
      </trkpt>
      <trkpt lat="37.50798429362475872039794921875" lon="127.0609095878899097442626953125">
        <ele>27.3999996185302734375</ele>
        <time>2026-09-14T08:43:25.000Z</time>
        <extensions>
          <ns3:TrackPointExtension>
            <ns3:hr>131</ns3:hr>
            <ns3:cad>83</ns3:cad>
          </ns3:TrackPointExtension>
        </extensions>
      </trkpt>
      <trkpt lat="37.5079982914030551910400390625" lon="127.060954682528972625732421875">
        <ele>27.3999996185302734375</ele>
        <time>2026-09-14T08:43:26.000Z</time>
        <extensions>
          <ns3:TrackPointExtension>
            <ns3:hr>132</ns3:hr>
            <ns3:cad>81</ns3:cad>
          </ns3:TrackPointExtension>
        </extensions>
      </trkpt>
      <trkpt lat="37.5080029852688312530517578125" lon="127.0609944127500057220458984375">
        <ele>27.3999996185302734375</ele>
        <time>2026-09-14T08:43:27.000Z</time>
        <extensions>
          <ns3:TrackPointExtension>
            <ns3:hr>134</ns3:hr>
            <ns3:cad>81</ns3:cad>
          </ns3:TrackPointExtension>
        </extensions>
      </trkpt>
      <trkpt lat="37.50800876878201961517333984375" lon="127.06102316267788410186767578125">
        <ele>27.6000003814697265625</ele>
        <time>2026-09-14T08:43:28.000Z</time>
        <extensions>
          <ns3:TrackPointExtension>
            <ns3:hr>135</ns3:hr>
            <ns3:cad>81</ns3:cad>
          </ns3:TrackPointExtension>
        </extensions>
      </trkpt>
      <trkpt lat="37.50801882706582546234130859375" lon="127.0610671676695346832275390625">
        <ele>27.6000003814697265625</ele>
        <time>2026-09-14T08:43:29.000Z</time>
        <extensions>
          <ns3:TrackPointExtension>
            <ns3:hr>135</ns3:hr>
            <ns3:cad>83</ns3:cad>
          </ns3:TrackPointExtension>
        </extensions>
      </trkpt>
      <trkpt lat="37.50802620314061641693115234375" lon="127.06109574995934963226318359375">
        <ele>27.6000003814697265625</ele>
        <time>2026-09-14T08:43:30.000Z</time>
        <extensions>
          <ns3:TrackPointExtension>
            <ns3:hr>136</ns3:hr>
            <ns3:cad>83</ns3:cad>
          </ns3:TrackPointExtension>
        </extensions>
      </trkpt>
      <trkpt lat="37.50803458504378795623779296875" lon="127.06113900057971477508544921875">
        <ele>27.6000003814697265625</ele>
        <time>2026-09-14T08:43:31.000Z</time>
        <extensions>
          <ns3:TrackPointExtension>
            <ns3:hr>137</ns3:hr>
            <ns3:cad>83</ns3:cad>
          </ns3:TrackPointExtension>
        </extensions>
      </trkpt>
      <trkpt lat="37.508042715489864349365234375" lon="127.0611774735152721405029296875">
        <ele>27.6000003814697265625</ele>
        <time>2026-09-14T08:43:32.000Z</time>
        <extensions>
          <ns3:TrackPointExtension>
            <ns3:hr>137</ns3:hr>
            <ns3:cad>82</ns3:cad>
          </ns3:TrackPointExtension>
        </extensions>
      </trkpt>
      <trkpt lat="37.50805838964879512786865234375" lon="127.06120002083480358123779296875">
        <ele>27.6000003814697265625</ele>
        <time>2026-09-14T08:43:33.000Z</time>
        <extensions>
          <ns3:TrackPointExtension>
            <ns3:hr>138</ns3:hr>
            <ns3:cad>82</ns3:cad>
          </ns3:TrackPointExtension>
        </extensions>
      </trkpt>
      <trkpt lat="37.50808923505246639251708984375" lon="127.0612378232181072235107421875">
        <ele>27.6000003814697265625</ele>
        <time>2026-09-14T08:43:34.000Z</time>
        <extensions>
          <ns3:TrackPointExtension>
            <ns3:hr>139</ns3:hr>
            <ns3:cad>82</ns3:cad>
          </ns3:TrackPointExtension>
        </extensions>
      </trkpt>
      <trkpt lat="37.50810247845947742462158203125" lon="127.06126254983246326446533203125">
        <ele>27.6000003814697265625</ele>
        <time>2026-09-14T08:43:35.000Z</time>
        <extensions>
          <ns3:TrackPointExtension>
            <ns3:hr>139</ns3:hr>
            <ns3:cad>82</ns3:cad>
          </ns3:TrackPointExtension>
        </extensions>
      </trkpt>
      <trkpt lat="37.50811773352324962615966796875" lon="127.06128635443747043609619140625">
        <ele>27.3999996185302734375</ele>
        <time>2026-09-14T08:43:36.000Z</time>
        <extensions>
          <ns3:TrackPointExtension>
            <ns3:hr>140</ns3:hr>
            <ns3:cad>82</ns3:cad>
          </ns3:TrackPointExtension>
        </extensions>
      </trkpt>
      <trkpt lat="37.50813550315797328948974609375" lon="127.061332203447818756103515625">
        <ele>27.3999996185302734375</ele>
        <time>2026-09-14T08:43:37.000Z</time>
        <extensions>
          <ns3:TrackPointExtension>
            <ns3:hr>140</ns3:hr>
            <ns3:cad>82</ns3:cad>
          </ns3:TrackPointExtension>
        </extensions>
      </trkpt>
      <trkpt lat="37.5081441365182399749755859375" lon="127.06135693006217479705810546875">
        <ele>27.200000762939453125</ele>
        <time>2026-09-14T08:43:38.000Z</time>
        <extensions>
          <ns3:TrackPointExtension>
            <ns3:hr>141</ns3:hr>
            <ns3:cad>82</ns3:cad>
          </ns3:TrackPointExtension>
        </extensions>
      </trkpt>
      <trkpt lat="37.50815930776298046112060546875" lon="127.06138752400875091552734375">
        <ele>27.200000762939453125</ele>
        <time>2026-09-14T08:43:39.000Z</time>
        <extensions>
          <ns3:TrackPointExtension>
            <ns3:hr>141</ns3:hr>
            <ns3:cad>82</ns3:cad>
          </ns3:TrackPointExtension>
        </extensions>
      </trkpt>
      <trkpt lat="37.50817246735095977783203125" lon="127.0614244043827056884765625">
        <ele>27.200000762939453125</ele>
        <time>2026-09-14T08:43:40.000Z</time>
        <extensions>
          <ns3:TrackPointExtension>
            <ns3:hr>142</ns3:hr>
            <ns3:cad>82</ns3:cad>
          </ns3:TrackPointExtension>
        </extensions>
      </trkpt>
      <trkpt lat="37.50817959196865558624267578125" lon="127.0614493824541568756103515625">
        <ele>27.200000762939453125</ele>
        <time>2026-09-14T08:43:41.000Z</time>
        <extensions>
          <ns3:TrackPointExtension>
            <ns3:hr>142</ns3:hr>
            <ns3:cad>82</ns3:cad>
          </ns3:TrackPointExtension>
        </extensions>
      </trkpt>
      <trkpt lat="37.50818864442408084869384765625" lon="127.06149640493094921112060546875">
        <ele>27.3999996185302734375</ele>
        <time>2026-09-14T08:43:42.000Z</time>
        <extensions>
          <ns3:TrackPointExtension>
            <ns3:hr>143</ns3:hr>
            <ns3:cad>82</ns3:cad>
          </ns3:TrackPointExtension>
        </extensions>
      </trkpt>
      <trkpt lat="37.508196271955966949462890625" lon="127.06153010018169879913330078125">
        <ele>27.3999996185302734375</ele>
        <time>2026-09-14T08:43:43.000Z</time>
        <extensions>
          <ns3:TrackPointExtension>
            <ns3:hr>143</ns3:hr>
            <ns3:cad>82</ns3:cad>
          </ns3:TrackPointExtension>
        </extensions>
      </trkpt>
      <trkpt lat="37.5082064978778362274169921875" lon="127.061568237841129302978515625">
        <ele>27.6000003814697265625</ele>
        <time>2026-09-14T08:43:44.000Z</time>
        <extensions>
          <ns3:TrackPointExtension>
            <ns3:hr>144</ns3:hr>
            <ns3:cad>82</ns3:cad>
          </ns3:TrackPointExtension>
        </extensions>
      </trkpt>
      <trkpt lat="37.508211024105548858642578125" lon="127.06160654313862323760986328125">
        <ele>27.6000003814697265625</ele>
        <time>2026-09-14T08:43:45.000Z</time>
        <extensions>
          <ns3:TrackPointExtension>
            <ns3:hr>144</ns3:hr>
            <ns3:cad>83</ns3:cad>
          </ns3:TrackPointExtension>
        </extensions>
      </trkpt>
      <trkpt lat="37.508212365210056304931640625" lon="127.0616300962865352630615234375">
        <ele>27.799999237060546875</ele>
        <time>2026-09-14T08:43:46.000Z</time>
        <extensions>
          <ns3:TrackPointExtension>
            <ns3:hr>144</ns3:hr>
            <ns3:cad>83</ns3:cad>
          </ns3:TrackPointExtension>
        </extensions>
      </trkpt>
      <trkpt lat="37.5082246027886867523193359375" lon="127.0616713352501392364501953125">
        <ele>27.799999237060546875</ele>
        <time>2026-09-14T08:43:47.000Z</time>
        <extensions>
          <ns3:TrackPointExtension>
            <ns3:hr>145</ns3:hr>
            <ns3:cad>83</ns3:cad>
          </ns3:TrackPointExtension>
        </extensions>
      </trkpt>
      <trkpt lat="37.5082239322364330291748046875" lon="127.06169555895030498504638671875">
        <ele>27.799999237060546875</ele>
        <time>2026-09-14T08:43:48.000Z</time>
        <extensions>
          <ns3:TrackPointExtension>
            <ns3:hr>145</ns3:hr>
            <ns3:cad>83</ns3:cad>
          </ns3:TrackPointExtension>
        </extensions>
      </trkpt>
      <trkpt lat="37.508229799568653106689453125" lon="127.06172489561140537261962890625">
        <ele>27.6000003814697265625</ele>
        <time>2026-09-14T08:43:49.000Z</time>
        <extensions>
          <ns3:TrackPointExtension>
            <ns3:hr>146</ns3:hr>
            <ns3:cad>83</ns3:cad>
          </ns3:TrackPointExtension>
        </extensions>
      </trkpt>
      <trkpt lat="37.50823239795863628387451171875" lon="127.061762697994709014892578125">
        <ele>27.6000003814697265625</ele>
        <time>2026-09-14T08:43:50.000Z</time>
        <extensions>
          <ns3:TrackPointExtension>
            <ns3:hr>146</ns3:hr>
            <ns3:cad>82</ns3:cad>
          </ns3:TrackPointExtension>
        </extensions>
      </trkpt>
      <trkpt lat="37.5082417018711566925048828125" lon="127.06178641878068447113037109375">
        <ele>27.3999996185302734375</ele>
        <time>2026-09-14T08:43:51.000Z</time>
        <extensions>
          <ns3:TrackPointExtension>
            <ns3:hr>146</ns3:hr>
            <ns3:cad>82</ns3:cad>
          </ns3:TrackPointExtension>
        </extensions>
      </trkpt>
      <trkpt lat="37.508248575031757354736328125" lon="127.06182832829654216766357421875">
        <ele>27.3999996185302734375</ele>
        <time>2026-09-14T08:43:52.000Z</time>
        <extensions>
          <ns3:TrackPointExtension>
            <ns3:hr>147</ns3:hr>
            <ns3:cad>82</ns3:cad>
          </ns3:TrackPointExtension>
        </extensions>
      </trkpt>
      <trkpt lat="37.5082567892968654632568359375" lon="127.0618664659559726715087890625">
        <ele>27.200000762939453125</ele>
        <time>2026-09-14T08:43:53.000Z</time>
        <extensions>
          <ns3:TrackPointExtension>
            <ns3:hr>147</ns3:hr>
            <ns3:cad>83</ns3:cad>
          </ns3:TrackPointExtension>
        </extensions>
      </trkpt>
      <trkpt lat="37.50826844014227390289306640625" lon="127.06189923919737339019775390625">
        <ele>27.3999996185302734375</ele>
        <time>2026-09-14T08:43:54.000Z</time>
        <extensions>
          <ns3:TrackPointExtension>
            <ns3:hr>147</ns3:hr>
            <ns3:cad>83</ns3:cad>
          </ns3:TrackPointExtension>
        </extensions>
      </trkpt>
      <trkpt lat="37.50829157419502735137939453125" lon="127.061941735446453094482421875">
        <ele>27.3999996185302734375</ele>
        <time>2026-09-14T08:43:55.000Z</time>
        <extensions>
          <ns3:TrackPointExtension>
            <ns3:hr>147</ns3:hr>
            <ns3:cad>83</ns3:cad>
          </ns3:TrackPointExtension>
        </extensions>
      </trkpt>
      <trkpt lat="37.50830263830721378326416015625" lon="127.06196914426982402801513671875">
        <ele>27.3999996185302734375</ele>
        <time>2026-09-14T08:43:56.000Z</time>
        <extensions>
          <ns3:TrackPointExtension>
            <ns3:hr>148</ns3:hr>
            <ns3:cad>83</ns3:cad>
          </ns3:TrackPointExtension>
        </extensions>
      </trkpt>
      <trkpt lat="37.5083154626190662384033203125" lon="127.061999402940273284912109375">
        <ele>27.3999996185302734375</ele>
        <time>2026-09-14T08:43:57.000Z</time>
        <extensions>
          <ns3:TrackPointExtension>
            <ns3:hr>148</ns3:hr>
            <ns3:cad>83</ns3:cad>
          </ns3:TrackPointExtension>
        </extensions>
      </trkpt>
      <trkpt lat="37.5083275325596332550048828125" lon="127.06204357556998729705810546875">
        <ele>27.200000762939453125</ele>
        <time>2026-09-14T08:43:58.000Z</time>
        <extensions>
          <ns3:TrackPointExtension>
            <ns3:hr>148</ns3:hr>
            <ns3:cad>83</ns3:cad>
          </ns3:TrackPointExtension>
        </extensions>
      </trkpt>
      <trkpt lat="37.50833884812891483306884765625" lon="127.0620706491172313690185546875">
        <ele>27.200000762939453125</ele>
        <time>2026-09-14T08:43:59.000Z</time>
        <extensions>
          <ns3:TrackPointExtension>
            <ns3:hr>149</ns3:hr>
            <ns3:cad>83</ns3:cad>
          </ns3:TrackPointExtension>
        </extensions>
      </trkpt>
      <trkpt lat="37.50835494138300418853759765625" lon="127.0621092058718204498291015625">
        <ele>27</ele>
        <time>2026-09-14T08:44:00.000Z</time>
        <extensions>
          <ns3:TrackPointExtension>
            <ns3:hr>149</ns3:hr>
            <ns3:cad>83</ns3:cad>
          </ns3:TrackPointExtension>
        </extensions>
      </trkpt>
      <trkpt lat="37.50836868770420551300048828125" lon="127.062138877809047698974609375">
        <ele>27</ele>
        <time>2026-09-14T08:44:01.000Z</time>
        <extensions>
          <ns3:TrackPointExtension>
            <ns3:hr>149</ns3:hr>
            <ns3:cad>83</ns3:cad>
          </ns3:TrackPointExtension>
        </extensions>
      </trkpt>
      <trkpt lat="37.50837975181639194488525390625" lon="127.0621662028133869171142578125">
        <ele>27</ele>
        <time>2026-09-14T08:44:02.000Z</time>
        <extensions>
          <ns3:TrackPointExtension>
            <ns3:hr>149</ns3:hr>
            <ns3:cad>83</ns3:cad>
          </ns3:TrackPointExtension>
        </extensions>
      </trkpt>
      <trkpt lat="37.50838746316730976104736328125" lon="127.06221305765211582183837890625">
        <ele>27</ele>
        <time>2026-09-14T08:44:03.000Z</time>
        <extensions>
          <ns3:TrackPointExtension>
            <ns3:hr>149</ns3:hr>
            <ns3:cad>82</ns3:cad>
          </ns3:TrackPointExtension>
        </extensions>
      </trkpt>
      <trkpt lat="37.5083939172327518463134765625" lon="127.06223987974226474761962890625">
        <ele>27</ele>
        <time>2026-09-14T08:44:04.000Z</time>
        <extensions>
          <ns3:TrackPointExtension>
            <ns3:hr>150</ns3:hr>
            <ns3:cad>82</ns3:cad>
          </ns3:TrackPointExtension>
        </extensions>
      </trkpt>
      <trkpt lat="37.50840037129819393157958984375" lon="127.0622781850397586822509765625">
        <ele>27.200000762939453125</ele>
        <time>2026-09-14T08:44:05.000Z</time>
        <extensions>
          <ns3:TrackPointExtension>
            <ns3:hr>150</ns3:hr>
            <ns3:cad>82</ns3:cad>
          </ns3:TrackPointExtension>
        </extensions>
      </trkpt>
      <trkpt lat="37.508406825363636016845703125" lon="127.0623133890330791473388671875">
        <ele>27.200000762939453125</ele>
        <time>2026-09-14T08:44:06.000Z</time>
        <extensions>
          <ns3:TrackPointExtension>
            <ns3:hr>150</ns3:hr>
            <ns3:cad>83</ns3:cad>
          </ns3:TrackPointExtension>
        </extensions>
      </trkpt>
      <trkpt lat="37.50840640626847743988037109375" lon="127.06234113313257694244384765625">
        <ele>27.200000762939453125</ele>
        <time>2026-09-14T08:44:07.000Z</time>
        <extensions>
          <ns3:TrackPointExtension>
            <ns3:hr>150</ns3:hr>
            <ns3:cad>83</ns3:cad>
          </ns3:TrackPointExtension>
        </extensions>
      </trkpt>
      <trkpt lat="37.5083976052701473236083984375" lon="127.06237868405878543853759765625">
        <ele>27</ele>
        <time>2026-09-14T08:44:08.000Z</time>
        <extensions>
          <ns3:TrackPointExtension>
            <ns3:hr>150</ns3:hr>
            <ns3:cad>82</ns3:cad>
          </ns3:TrackPointExtension>
        </extensions>
      </trkpt>
      <trkpt lat="37.508392743766307830810546875" lon="127.0623980462551116943359375">
        <ele>27.200000762939453125</ele>
        <time>2026-09-14T08:44:09.000Z</time>
        <extensions>
          <ns3:TrackPointExtension>
            <ns3:hr>150</ns3:hr>
            <ns3:cad>82</ns3:cad>
          </ns3:TrackPointExtension>
        </extensions>
      </trkpt>
      <trkpt lat="37.50838436186313629150390625" lon="127.06242696382105350494384765625">
        <ele>27.200000762939453125</ele>
        <time>2026-09-14T08:44:10.000Z</time>
        <extensions>
          <ns3:TrackPointExtension>
            <ns3:hr>151</ns3:hr>
            <ns3:cad>83</ns3:cad>
          </ns3:TrackPointExtension>
        </extensions>
      </trkpt>
      <trkpt lat="37.508375644683837890625" lon="127.0624592341482639312744140625">
        <ele>27.200000762939453125</ele>
        <time>2026-09-14T08:44:11.000Z</time>
        <extensions>
          <ns3:TrackPointExtension>
            <ns3:hr>151</ns3:hr>
            <ns3:cad>83</ns3:cad>
          </ns3:TrackPointExtension>
        </extensions>
      </trkpt>
      <trkpt lat="37.50837405212223529815673828125" lon="127.06249066628515720367431640625">
        <ele>27.6000003814697265625</ele>
        <time>2026-09-14T08:44:12.000Z</time>
        <extensions>
          <ns3:TrackPointExtension>
            <ns3:hr>151</ns3:hr>
            <ns3:cad>83</ns3:cad>
          </ns3:TrackPointExtension>
        </extensions>
      </trkpt>
      <trkpt lat="37.50836382620036602020263671875" lon="127.06253961659967899322509765625">
        <ele>27.799999237060546875</ele>
        <time>2026-09-14T08:44:13.000Z</time>
        <extensions>
          <ns3:TrackPointExtension>
            <ns3:hr>151</ns3:hr>
            <ns3:cad>82</ns3:cad>
          </ns3:TrackPointExtension>
        </extensions>
      </trkpt>
      <trkpt lat="37.50835343264043331146240234375" lon="127.06258605234324932098388671875">
        <ele>27.799999237060546875</ele>
        <time>2026-09-14T08:44:14.000Z</time>
        <extensions>
          <ns3:TrackPointExtension>
            <ns3:hr>151</ns3:hr>
            <ns3:cad>82</ns3:cad>
          </ns3:TrackPointExtension>
        </extensions>
      </trkpt>
      <trkpt lat="37.50834471546113491058349609375" lon="127.06262268126010894775390625">
        <ele>27.799999237060546875</ele>
        <time>2026-09-14T08:44:15.000Z</time>
        <extensions>
          <ns3:TrackPointExtension>
            <ns3:hr>151</ns3:hr>
            <ns3:cad>82</ns3:cad>
          </ns3:TrackPointExtension>
        </extensions>
      </trkpt>
      <trkpt lat="37.50831998884677886962890625" lon="127.06267540343105792999267578125">
        <ele>27.799999237060546875</ele>
        <time>2026-09-14T08:44:16.000Z</time>
        <extensions>
          <ns3:TrackPointExtension>
            <ns3:hr>151</ns3:hr>
            <ns3:cad>82</ns3:cad>
          </ns3:TrackPointExtension>
        </extensions>
      </trkpt>
      <trkpt lat="37.50830951146781444549560546875" lon="127.062697447836399078369140625">
        <ele>27.799999237060546875</ele>
        <time>2026-09-14T08:44:17.000Z</time>
        <extensions>
          <ns3:TrackPointExtension>
            <ns3:hr>151</ns3:hr>
            <ns3:cad>82</ns3:cad>
          </ns3:TrackPointExtension>
        </extensions>
      </trkpt>
      <trkpt lat="37.5083023868501186370849609375" lon="127.06273139454424381256103515625">
        <ele>27.799999237060546875</ele>
        <time>2026-09-14T08:44:18.000Z</time>
        <extensions>
          <ns3:TrackPointExtension>
            <ns3:hr>152</ns3:hr>
            <ns3:cad>82</ns3:cad>
          </ns3:TrackPointExtension>
        </extensions>
      </trkpt>
      <trkpt lat="37.50829450786113739013671875" lon="127.06276391632854938507080078125">
        <ele>28</ele>
        <time>2026-09-14T08:44:19.000Z</time>
        <extensions>
          <ns3:TrackPointExtension>
            <ns3:hr>152</ns3:hr>
            <ns3:cad>82</ns3:cad>
          </ns3:TrackPointExtension>
        </extensions>
      </trkpt>
      <trkpt lat="37.50829040072858333587646484375" lon="127.0627901516854763031005859375">
        <ele>28.200000762939453125</ele>
        <time>2026-09-14T08:44:20.000Z</time>
        <extensions>
          <ns3:TrackPointExtension>
            <ns3:hr>152</ns3:hr>
            <ns3:cad>82</ns3:cad>
          </ns3:TrackPointExtension>
        </extensions>
      </trkpt>
      <trkpt lat="37.50827648676931858062744140625" lon="127.0628283731639385223388671875">
        <ele>28.3999996185302734375</ele>
        <time>2026-09-14T08:44:21.000Z</time>
        <extensions>
          <ns3:TrackPointExtension>
            <ns3:hr>152</ns3:hr>
            <ns3:cad>83</ns3:cad>
          </ns3:TrackPointExtension>
        </extensions>
      </trkpt>
      <trkpt lat="37.50827162526547908782958984375" lon="127.06285611726343631744384765625">
        <ele>28.6000003814697265625</ele>
        <time>2026-09-14T08:44:22.000Z</time>
        <extensions>
          <ns3:TrackPointExtension>
            <ns3:hr>153</ns3:hr>
            <ns3:cad>83</ns3:cad>
          </ns3:TrackPointExtension>
        </extensions>
      </trkpt>
      <trkpt lat="37.5082648359239101409912109375" lon="127.062889896333217620849609375">
        <ele>28.6000003814697265625</ele>
        <time>2026-09-14T08:44:23.000Z</time>
        <extensions>
          <ns3:TrackPointExtension>
            <ns3:hr>153</ns3:hr>
            <ns3:cad>83</ns3:cad>
          </ns3:TrackPointExtension>
        </extensions>
      </trkpt>
      <trkpt lat="37.50824983231723308563232421875" lon="127.06293004564940929412841796875">
        <ele>28.799999237060546875</ele>
        <time>2026-09-14T08:44:24.000Z</time>
        <extensions>
          <ns3:TrackPointExtension>
            <ns3:hr>153</ns3:hr>
            <ns3:cad>82</ns3:cad>
          </ns3:TrackPointExtension>
        </extensions>
      </trkpt>
      <trkpt lat="37.50824362970888614654541015625" lon="127.06295519135892391204833984375">
        <ele>28.799999237060546875</ele>
        <time>2026-09-14T08:44:25.000Z</time>
        <extensions>
          <ns3:TrackPointExtension>
            <ns3:hr>153</ns3:hr>
            <ns3:cad>82</ns3:cad>
          </ns3:TrackPointExtension>
        </extensions>
      </trkpt>
      <trkpt lat="37.50823809765279293060302734375" lon="127.0629826001822948455810546875">
        <ele>29</ele>
        <time>2026-09-14T08:44:26.000Z</time>
        <extensions>
          <ns3:TrackPointExtension>
            <ns3:hr>154</ns3:hr>
            <ns3:cad>82</ns3:cad>
          </ns3:TrackPointExtension>
        </extensions>
      </trkpt>
      <trkpt lat="37.5082286261022090911865234375" lon="127.0630194805562496185302734375">
        <ele>29</ele>
        <time>2026-09-14T08:44:27.000Z</time>
        <extensions>
          <ns3:TrackPointExtension>
            <ns3:hr>154</ns3:hr>
            <ns3:cad>81</ns3:cad>
          </ns3:TrackPointExtension>
        </extensions>
      </trkpt>
      <trkpt lat="37.508220411837100982666015625" lon="127.06303766928613185882568359375">
        <ele>29.200000762939453125</ele>
        <time>2026-09-14T08:44:28.000Z</time>
        <extensions>
          <ns3:TrackPointExtension>
            <ns3:hr>154</ns3:hr>
            <ns3:cad>81</ns3:cad>
          </ns3:TrackPointExtension>
        </extensions>
      </trkpt>
      <trkpt lat="37.50819786451756954193115234375" lon="127.0630630664527416229248046875">
        <ele>29.200000762939453125</ele>
        <time>2026-09-14T08:44:29.000Z</time>
        <extensions>
          <ns3:TrackPointExtension>
            <ns3:hr>154</ns3:hr>
            <ns3:cad>82</ns3:cad>
          </ns3:TrackPointExtension>
        </extensions>
      </trkpt>
      <trkpt lat="37.50818294472992420196533203125" lon="127.0630902238190174102783203125">
        <ele>29.200000762939453125</ele>
        <time>2026-09-14T08:44:30.000Z</time>
        <extensions>
          <ns3:TrackPointExtension>
            <ns3:hr>155</ns3:hr>
            <ns3:cad>82</ns3:cad>
          </ns3:TrackPointExtension>
        </extensions>
      </trkpt>
      <trkpt lat="37.508176155388355255126953125" lon="127.06310874782502651214599609375">
        <ele>29.3999996185302734375</ele>
        <time>2026-09-14T08:44:31.000Z</time>
        <extensions>
          <ns3:TrackPointExtension>
            <ns3:hr>155</ns3:hr>
            <ns3:cad>82</ns3:cad>
          </ns3:TrackPointExtension>
        </extensions>
      </trkpt>
      <trkpt lat="37.50816785730421543121337890625" lon="127.06313439644873142242431640625">
        <ele>29.3999996185302734375</ele>
        <time>2026-09-14T08:44:32.000Z</time>
        <extensions>
          <ns3:TrackPointExtension>
            <ns3:hr>155</ns3:hr>
            <ns3:cad>83</ns3:cad>
          </ns3:TrackPointExtension>
        </extensions>
      </trkpt>
      <trkpt lat="37.50817003659904003143310546875" lon="127.063141353428363800048828125">
        <ele>29.6000003814697265625</ele>
        <time>2026-09-14T08:44:33.000Z</time>
        <extensions>
          <ns3:TrackPointExtension>
            <ns3:hr>155</ns3:hr>
            <ns3:cad>83</ns3:cad>
          </ns3:TrackPointExtension>
        </extensions>
      </trkpt>
      <trkpt lat="37.5081790052354335784912109375" lon="127.06313992850482463836669921875">
        <ele>29.6000003814697265625</ele>
        <time>2026-09-14T08:44:34.000Z</time>
        <extensions>
          <ns3:TrackPointExtension>
            <ns3:hr>155</ns3:hr>
            <ns3:cad>82</ns3:cad>
          </ns3:TrackPointExtension>
        </extensions>
      </trkpt>
      <trkpt lat="37.50819937326014041900634765625" lon="127.06313657574355602264404296875">
        <ele>29.6000003814697265625</ele>
        <time>2026-09-14T08:44:35.000Z</time>
        <extensions>
          <ns3:TrackPointExtension>
            <ns3:hr>156</ns3:hr>
            <ns3:cad>82</ns3:cad>
          </ns3:TrackPointExtension>
        </extensions>
      </trkpt>
      <trkpt lat="37.50824564136564731597900390625" lon="127.06312215887010097503662109375">
        <ele>29.6000003814697265625</ele>
        <time>2026-09-14T08:44:36.000Z</time>
        <extensions>
          <ns3:TrackPointExtension>
            <ns3:hr>156</ns3:hr>
            <ns3:cad>81</ns3:cad>
          </ns3:TrackPointExtension>
        </extensions>
      </trkpt>
      <trkpt lat="37.50826676376163959503173828125" lon="127.06310690380632877349853515625">
        <ele>29.3999996185302734375</ele>
        <time>2026-09-14T08:44:37.000Z</time>
        <extensions>
          <ns3:TrackPointExtension>
            <ns3:hr>156</ns3:hr>
            <ns3:cad>81</ns3:cad>
          </ns3:TrackPointExtension>
        </extensions>
      </trkpt>
      <trkpt lat="37.5083057396113872528076171875" lon="127.063095085322856903076171875">
        <ele>29.200000762939453125</ele>
        <time>2026-09-14T08:44:38.000Z</time>
        <extensions>
          <ns3:TrackPointExtension>
            <ns3:hr>156</ns3:hr>
            <ns3:cad>81</ns3:cad>
          </ns3:TrackPointExtension>
        </extensions>
      </trkpt>
      <trkpt lat="37.5083298794925212860107421875" lon="127.06308360211551189422607421875">
        <ele>29.200000762939453125</ele>
        <time>2026-09-14T08:44:39.000Z</time>
        <extensions>
          <ns3:TrackPointExtension>
            <ns3:hr>156</ns3:hr>
            <ns3:cad>81</ns3:cad>
          </ns3:TrackPointExtension>
        </extensions>
      </trkpt>
      <trkpt lat="37.5083573721349239349365234375" lon="127.06306767649948596954345703125">
        <ele>29</ele>
        <time>2026-09-14T08:44:40.000Z</time>
        <extensions>
          <ns3:TrackPointExtension>
            <ns3:hr>156</ns3:hr>
            <ns3:cad>80</ns3:cad>
          </ns3:TrackPointExtension>
        </extensions>
      </trkpt>
      <trkpt lat="37.50838696025311946868896484375" lon="127.0630546845495700836181640625">
        <ele>28.6000003814697265625</ele>
        <time>2026-09-14T08:44:41.000Z</time>
        <extensions>
          <ns3:TrackPointExtension>
            <ns3:hr>156</ns3:hr>
            <ns3:cad>80</ns3:cad>
          </ns3:TrackPointExtension>
        </extensions>
      </trkpt>
      <trkpt lat="37.508497349917888641357421875" lon="127.06303012557327747344970703125">
        <ele>27</ele>
        <time>2026-09-14T08:47:27.000Z</time>
        <extensions>
          <ns3:TrackPointExtension>
            <ns3:hr>123</ns3:hr>
            <ns3:cad>0</ns3:cad>
          </ns3:TrackPointExtension>
        </extensions>
      </trkpt>
      <trkpt lat="37.50850548036396503448486328125" lon="127.063040770590305328369140625">
        <ele>27</ele>
        <time>2026-09-14T08:47:28.000Z</time>
        <extensions>
          <ns3:TrackPointExtension>
            <ns3:hr>123</ns3:hr>
            <ns3:cad>0</ns3:cad>
          </ns3:TrackPointExtension>
        </extensions>
      </trkpt>
      <trkpt lat="37.50852660275995731353759765625" lon="127.06306382082402706146240234375">
        <ele>27</ele>
        <time>2026-09-14T08:47:29.000Z</time>
        <extensions>
          <ns3:TrackPointExtension>
            <ns3:hr>123</ns3:hr>
            <ns3:cad>0</ns3:cad>
          </ns3:TrackPointExtension>
        </extensions>
      </trkpt>
      <trkpt lat="37.5085390917956829071044921875" lon="127.06308159045875072479248046875">
        <ele>27</ele>
        <time>2026-09-14T08:47:30.000Z</time>
        <extensions>
          <ns3:TrackPointExtension>
            <ns3:hr>123</ns3:hr>
            <ns3:cad>0</ns3:cad>
          </ns3:TrackPointExtension>
        </extensions>
      </trkpt>
      <trkpt lat="37.50856884755194187164306640625" lon="127.0631203986704349517822265625">
        <ele>27.200000762939453125</ele>
        <time>2026-09-14T08:47:31.000Z</time>
        <extensions>
          <ns3:TrackPointExtension>
            <ns3:hr>123</ns3:hr>
            <ns3:cad>0</ns3:cad>
          </ns3:TrackPointExtension>
        </extensions>
      </trkpt>
      <trkpt lat="37.50858846120536327362060546875" lon="127.06315753050148487091064453125">
        <ele>27</ele>
        <time>2026-09-14T08:47:32.000Z</time>
        <extensions>
          <ns3:TrackPointExtension>
            <ns3:hr>123</ns3:hr>
            <ns3:cad>0</ns3:cad>
          </ns3:TrackPointExtension>
        </extensions>
      </trkpt>
      <trkpt lat="37.5086078234016895294189453125" lon="127.06319994293153285980224609375">
        <ele>26.799999237060546875</ele>
        <time>2026-09-14T08:47:33.000Z</time>
        <extensions>
          <ns3:TrackPointExtension>
            <ns3:hr>124</ns3:hr>
            <ns3:cad>0</ns3:cad>
          </ns3:TrackPointExtension>
        </extensions>
      </trkpt>
      <trkpt lat="37.5086192227900028228759765625" lon="127.0632504858076572418212890625">
        <ele>26.799999237060546875</ele>
        <time>2026-09-14T08:47:34.000Z</time>
        <extensions>
          <ns3:TrackPointExtension>
            <ns3:hr>125</ns3:hr>
            <ns3:cad>0</ns3:cad>
          </ns3:TrackPointExtension>
        </extensions>
      </trkpt>
      <trkpt lat="37.5086292810738086700439453125" lon="127.0632890425622463226318359375">
        <ele>26.799999237060546875</ele>
        <time>2026-09-14T08:47:35.000Z</time>
        <extensions>
          <ns3:TrackPointExtension>
            <ns3:hr>126</ns3:hr>
            <ns3:cad>84</ns3:cad>
          </ns3:TrackPointExtension>
        </extensions>
      </trkpt>
      <trkpt lat="37.5086453743278980255126953125" lon="127.06334310583770275115966796875">
        <ele>26.799999237060546875</ele>
        <time>2026-09-14T08:47:36.000Z</time>
        <extensions>
          <ns3:TrackPointExtension>
            <ns3:hr>127</ns3:hr>
            <ns3:cad>84</ns3:cad>
          </ns3:TrackPointExtension>
        </extensions>
      </trkpt>
      <trkpt lat="37.50866155140101909637451171875" lon="127.06338166259229183197021484375">
        <ele>26.799999237060546875</ele>
        <time>2026-09-14T08:47:37.000Z</time>
        <extensions>
          <ns3:TrackPointExtension>
            <ns3:hr>128</ns3:hr>
            <ns3:cad>84</ns3:cad>
          </ns3:TrackPointExtension>
        </extensions>
      </trkpt>
      <trkpt lat="37.50867647118866443634033203125" lon="127.0634241588413715362548828125">
        <ele>27</ele>
        <time>2026-09-14T08:47:38.000Z</time>
        <extensions>
          <ns3:TrackPointExtension>
            <ns3:hr>130</ns3:hr>
            <ns3:cad>84</ns3:cad>
          </ns3:TrackPointExtension>
        </extensions>
      </trkpt>
      <trkpt lat="37.50868611037731170654296875" lon="127.06346665509045124053955078125">
        <ele>27</ele>
        <time>2026-09-14T08:47:39.000Z</time>
        <extensions>
          <ns3:TrackPointExtension>
            <ns3:hr>131</ns3:hr>
            <ns3:cad>84</ns3:cad>
          </ns3:TrackPointExtension>
        </extensions>
      </trkpt>
      <trkpt lat="37.50869893468916416168212890625" lon="127.06349909305572509765625">
        <ele>27</ele>
        <time>2026-09-14T08:47:40.000Z</time>
        <extensions>
          <ns3:TrackPointExtension>
            <ns3:hr>132</ns3:hr>
            <ns3:cad>84</ns3:cad>
          </ns3:TrackPointExtension>
        </extensions>
      </trkpt>
      <trkpt lat="37.5087082386016845703125" lon="127.0635428465902805328369140625">
        <ele>27.200000762939453125</ele>
        <time>2026-09-14T08:47:41.000Z</time>
        <extensions>
          <ns3:TrackPointExtension>
            <ns3:hr>133</ns3:hr>
            <ns3:cad>84</ns3:cad>
          </ns3:TrackPointExtension>
        </extensions>
      </trkpt>
      <trkpt lat="37.50871921889483928680419921875" lon="127.06357142888009548187255859375">
        <ele>27.200000762939453125</ele>
        <time>2026-09-14T08:47:42.000Z</time>
        <extensions>
          <ns3:TrackPointExtension>
            <ns3:hr>134</ns3:hr>
            <ns3:cad>84</ns3:cad>
          </ns3:TrackPointExtension>
        </extensions>
      </trkpt>
      <trkpt lat="37.50873095355927944183349609375" lon="127.06361107528209686279296875">
        <ele>27.200000762939453125</ele>
        <time>2026-09-14T08:47:43.000Z</time>
        <extensions>
          <ns3:TrackPointExtension>
            <ns3:hr>135</ns3:hr>
            <ns3:cad>84</ns3:cad>
          </ns3:TrackPointExtension>
        </extensions>
      </trkpt>
      <trkpt lat="37.50873581506311893463134765625" lon="127.06365625374019145965576171875">
        <ele>27.200000762939453125</ele>
        <time>2026-09-14T08:47:44.000Z</time>
        <extensions>
          <ns3:TrackPointExtension>
            <ns3:hr>136</ns3:hr>
            <ns3:cad>84</ns3:cad>
          </ns3:TrackPointExtension>
        </extensions>
      </trkpt>
      <trkpt lat="37.50873363576829433441162109375" lon="127.06369749270379543304443359375">
        <ele>27.200000762939453125</ele>
        <time>2026-09-14T08:47:45.000Z</time>
        <extensions>
          <ns3:TrackPointExtension>
            <ns3:hr>137</ns3:hr>
            <ns3:cad>85</ns3:cad>
          </ns3:TrackPointExtension>
        </extensions>
      </trkpt>
      <trkpt lat="37.5087281875312328338623046875" lon="127.06374342553317546844482421875">
        <ele>27</ele>
        <time>2026-09-14T08:47:46.000Z</time>
        <extensions>
          <ns3:TrackPointExtension>
            <ns3:hr>137</ns3:hr>
            <ns3:cad>85</ns3:cad>
          </ns3:TrackPointExtension>
        </extensions>
      </trkpt>
      <trkpt lat="37.50872232019901275634765625" lon="127.06378114409744739532470703125">
        <ele>27</ele>
        <time>2026-09-14T08:47:47.000Z</time>
        <extensions>
          <ns3:TrackPointExtension>
            <ns3:hr>138</ns3:hr>
            <ns3:cad>83</ns3:cad>
          </ns3:TrackPointExtension>
        </extensions>
      </trkpt>
      <trkpt lat="37.50870899297297000885009765625" lon="127.0638285018503665924072265625">
        <ele>27</ele>
        <time>2026-09-14T08:47:48.000Z</time>
        <extensions>
          <ns3:TrackPointExtension>
            <ns3:hr>139</ns3:hr>
            <ns3:cad>83</ns3:cad>
          </ns3:TrackPointExtension>
        </extensions>
      </trkpt>
      <trkpt lat="37.50869415700435638427734375" lon="127.063872255384922027587890625">
        <ele>27</ele>
        <time>2026-09-14T08:47:49.000Z</time>
        <extensions>
          <ns3:TrackPointExtension>
            <ns3:hr>140</ns3:hr>
            <ns3:cad>83</ns3:cad>
          </ns3:TrackPointExtension>
        </extensions>
      </trkpt>
      <trkpt lat="37.5086799077689647674560546875" lon="127.06389899365603923797607421875">
        <ele>27</ele>
        <time>2026-09-14T08:47:50.000Z</time>
        <extensions>
          <ns3:TrackPointExtension>
            <ns3:hr>140</ns3:hr>
            <ns3:cad>83</ns3:cad>
          </ns3:TrackPointExtension>
        </extensions>
      </trkpt>
      <trkpt lat="37.50866331160068511962890625" lon="127.06394107080996036529541015625">
        <ele>27.200000762939453125</ele>
        <time>2026-09-14T08:47:51.000Z</time>
        <extensions>
          <ns3:TrackPointExtension>
            <ns3:hr>141</ns3:hr>
            <ns3:cad>83</ns3:cad>
          </ns3:TrackPointExtension>
        </extensions>
      </trkpt>
      <trkpt lat="37.50865031965076923370361328125" lon="127.0639703236520290374755859375">
        <ele>27.3999996185302734375</ele>
        <time>2026-09-14T08:47:52.000Z</time>
        <extensions>
          <ns3:TrackPointExtension>
            <ns3:hr>142</ns3:hr>
            <ns3:cad>83</ns3:cad>
          </ns3:TrackPointExtension>
        </extensions>
      </trkpt>
      <trkpt lat="37.5086438655853271484375" lon="127.06399999558925628662109375">
        <ele>27.799999237060546875</ele>
        <time>2026-09-14T08:47:53.000Z</time>
        <extensions>
          <ns3:TrackPointExtension>
            <ns3:hr>143</ns3:hr>
            <ns3:cad>83</ns3:cad>
          </ns3:TrackPointExtension>
        </extensions>
      </trkpt>
      <trkpt lat="37.50864814035594463348388671875" lon="127.06403461284935474395751953125">
        <ele>28.200000762939453125</ele>
        <time>2026-09-14T08:47:54.000Z</time>
        <extensions>
          <ns3:TrackPointExtension>
            <ns3:hr>143</ns3:hr>
            <ns3:cad>83</ns3:cad>
          </ns3:TrackPointExtension>
        </extensions>
      </trkpt>
      <trkpt lat="37.5086688436567783355712890625" lon="127.0640507899224758148193359375">
        <ele>28.3999996185302734375</ele>
        <time>2026-09-14T08:47:55.000Z</time>
        <extensions>
          <ns3:TrackPointExtension>
            <ns3:hr>143</ns3:hr>
            <ns3:cad>83</ns3:cad>
          </ns3:TrackPointExtension>
        </extensions>
      </trkpt>
      <trkpt lat="37.5087015330791473388671875" lon="127.064066044986248016357421875">
        <ele>28.3999996185302734375</ele>
        <time>2026-09-14T08:47:56.000Z</time>
        <extensions>
          <ns3:TrackPointExtension>
            <ns3:hr>144</ns3:hr>
            <ns3:cad>83</ns3:cad>
          </ns3:TrackPointExtension>
        </extensions>
      </trkpt>
      <trkpt lat="37.5087301991879940032958984375" lon="127.06408004276454448699951171875">
        <ele>28.3999996185302734375</ele>
        <time>2026-09-14T08:47:57.000Z</time>
        <extensions>
          <ns3:TrackPointExtension>
            <ns3:hr>144</ns3:hr>
            <ns3:cad>82</ns3:cad>
          </ns3:TrackPointExtension>
        </extensions>
      </trkpt>
      <trkpt lat="37.50875509344041347503662109375" lon="127.06408859230577945709228515625">
        <ele>28.200000762939453125</ele>
        <time>2026-09-14T08:47:58.000Z</time>
        <extensions>
          <ns3:TrackPointExtension>
            <ns3:hr>144</ns3:hr>
            <ns3:cad>82</ns3:cad>
          </ns3:TrackPointExtension>
        </extensions>
      </trkpt>
      <trkpt lat="37.5087814964354038238525390625" lon="127.0641000755131244659423828125">
        <ele>28</ele>
        <time>2026-09-14T08:47:59.000Z</time>
        <extensions>
          <ns3:TrackPointExtension>
            <ns3:hr>145</ns3:hr>
            <ns3:cad>82</ns3:cad>
          </ns3:TrackPointExtension>
        </extensions>
      </trkpt>
      <trkpt lat="37.50880974344909191131591796875" lon="127.06411725841462612152099609375">
        <ele>28</ele>
        <time>2026-09-14T08:48:00.000Z</time>
        <extensions>
          <ns3:TrackPointExtension>
            <ns3:hr>145</ns3:hr>
            <ns3:cad>82</ns3:cad>
          </ns3:TrackPointExtension>
        </extensions>
      </trkpt>
      <trkpt lat="37.5088411755859851837158203125" lon="127.0641329325735569000244140625">
        <ele>27.799999237060546875</ele>
        <time>2026-09-14T08:48:01.000Z</time>
        <extensions>
          <ns3:TrackPointExtension>
            <ns3:hr>146</ns3:hr>
            <ns3:cad>82</ns3:cad>
          </ns3:TrackPointExtension>
        </extensions>
      </trkpt>
      <trkpt lat="37.5088733620941638946533203125" lon="127.06415824592113494873046875">
        <ele>27.799999237060546875</ele>
        <time>2026-09-14T08:48:02.000Z</time>
        <extensions>
          <ns3:TrackPointExtension>
            <ns3:hr>146</ns3:hr>
            <ns3:cad>82</ns3:cad>
          </ns3:TrackPointExtension>
        </extensions>
      </trkpt>
      <trkpt lat="37.50889599323272705078125" lon="127.06417006440460681915283203125">
        <ele>27.799999237060546875</ele>
        <time>2026-09-14T08:48:03.000Z</time>
        <extensions>
          <ns3:TrackPointExtension>
            <ns3:hr>147</ns3:hr>
            <ns3:cad>82</ns3:cad>
          </ns3:TrackPointExtension>
        </extensions>
      </trkpt>
      <trkpt lat="37.5089253298938274383544921875" lon="127.06419177353382110595703125">
        <ele>27.6000003814697265625</ele>
        <time>2026-09-14T08:48:04.000Z</time>
        <extensions>
          <ns3:TrackPointExtension>
            <ns3:hr>147</ns3:hr>
            <ns3:cad>82</ns3:cad>
          </ns3:TrackPointExtension>
        </extensions>
      </trkpt>
      <trkpt lat="37.50894653610885143280029296875" lon="127.06421054899692535400390625">
        <ele>27.3999996185302734375</ele>
        <time>2026-09-14T08:48:05.000Z</time>
        <extensions>
          <ns3:TrackPointExtension>
            <ns3:hr>148</ns3:hr>
            <ns3:cad>82</ns3:cad>
          </ns3:TrackPointExtension>
        </extensions>
      </trkpt>
      <trkpt lat="37.5089618749916553497314453125" lon="127.06422337330877780914306640625">
        <ele>27.3999996185302734375</ele>
        <time>2026-09-14T08:48:06.000Z</time>
        <extensions>
          <ns3:TrackPointExtension>
            <ns3:hr>148</ns3:hr>
            <ns3:cad>82</ns3:cad>
          </ns3:TrackPointExtension>
        </extensions>
      </trkpt>
      <trkpt lat="37.5089846737682819366455078125" lon="127.064244747161865234375">
        <ele>27.200000762939453125</ele>
        <time>2026-09-14T08:48:07.000Z</time>
        <extensions>
          <ns3:TrackPointExtension>
            <ns3:hr>148</ns3:hr>
            <ns3:cad>82</ns3:cad>
          </ns3:TrackPointExtension>
        </extensions>
      </trkpt>
      <trkpt lat="37.5089885294437408447265625" lon="127.06426042132079601287841796875">
        <ele>27</ele>
        <time>2026-09-14T08:48:08.000Z</time>
        <extensions>
          <ns3:TrackPointExtension>
            <ns3:hr>149</ns3:hr>
            <ns3:cad>83</ns3:cad>
          </ns3:TrackPointExtension>
        </extensions>
      </trkpt>
      <trkpt lat="37.50899867154657840728759765625" lon="127.0642836391925811767578125">
        <ele>27</ele>
        <time>2026-09-14T08:48:09.000Z</time>
        <extensions>
          <ns3:TrackPointExtension>
            <ns3:hr>149</ns3:hr>
            <ns3:cad>83</ns3:cad>
          </ns3:TrackPointExtension>
        </extensions>
      </trkpt>
      <trkpt lat="37.5090101547539234161376953125" lon="127.06430970691144466400146484375">
        <ele>27</ele>
        <time>2026-09-14T08:48:10.000Z</time>
        <extensions>
          <ns3:TrackPointExtension>
            <ns3:hr>149</ns3:hr>
            <ns3:cad>82</ns3:cad>
          </ns3:TrackPointExtension>
        </extensions>
      </trkpt>
      <trkpt lat="37.50901593826711177825927734375" lon="127.064328901469707489013671875">
        <ele>27.200000762939453125</ele>
        <time>2026-09-14T08:48:11.000Z</time>
        <extensions>
          <ns3:TrackPointExtension>
            <ns3:hr>149</ns3:hr>
            <ns3:cad>82</ns3:cad>
          </ns3:TrackPointExtension>
        </extensions>
      </trkpt>
      <trkpt lat="37.50903219915926456451416015625" lon="127.06436871550977230072021484375">
        <ele>27.200000762939453125</ele>
        <time>2026-09-14T08:48:12.000Z</time>
        <extensions>
          <ns3:TrackPointExtension>
            <ns3:hr>149</ns3:hr>
            <ns3:cad>82</ns3:cad>
          </ns3:TrackPointExtension>
        </extensions>
      </trkpt>
      <trkpt lat="37.5090423412621021270751953125" lon="127.06440408714115619659423828125">
        <ele>27.200000762939453125</ele>
        <time>2026-09-14T08:48:13.000Z</time>
        <extensions>
          <ns3:TrackPointExtension>
            <ns3:hr>150</ns3:hr>
            <ns3:cad>82</ns3:cad>
          </ns3:TrackPointExtension>
        </extensions>
      </trkpt>
      <trkpt lat="37.50905692577362060546875" lon="127.06443560309708118438720703125">
        <ele>27.3999996185302734375</ele>
        <time>2026-09-14T08:48:14.000Z</time>
        <extensions>
          <ns3:TrackPointExtension>
            <ns3:hr>149</ns3:hr>
            <ns3:cad>82</ns3:cad>
          </ns3:TrackPointExtension>
        </extensions>
      </trkpt>
      <trkpt lat="37.50906874425709247589111328125" lon="127.06447751261293888092041015625">
        <ele>27.3999996185302734375</ele>
        <time>2026-09-14T08:48:15.000Z</time>
        <extensions>
          <ns3:TrackPointExtension>
            <ns3:hr>149</ns3:hr>
            <ns3:cad>82</ns3:cad>
          </ns3:TrackPointExtension>
        </extensions>
      </trkpt>
      <trkpt lat="37.5090792216360569000244140625" lon="127.06450869329273700714111328125">
        <ele>27.3999996185302734375</ele>
        <time>2026-09-14T08:48:16.000Z</time>
        <extensions>
          <ns3:TrackPointExtension>
            <ns3:hr>149</ns3:hr>
            <ns3:cad>82</ns3:cad>
          </ns3:TrackPointExtension>
        </extensions>
      </trkpt>
      <trkpt lat="37.509094141423702239990234375" lon="127.0645496807992458343505859375">
        <ele>27.3999996185302734375</ele>
        <time>2026-09-14T08:48:17.000Z</time>
        <extensions>
          <ns3:TrackPointExtension>
            <ns3:hr>149</ns3:hr>
            <ns3:cad>82</ns3:cad>
          </ns3:TrackPointExtension>
        </extensions>
      </trkpt>
      <trkpt lat="37.50910528935492038726806640625" lon="127.064583711326122283935546875">
        <ele>27.200000762939453125</ele>
        <time>2026-09-14T08:48:18.000Z</time>
        <extensions>
          <ns3:TrackPointExtension>
            <ns3:hr>150</ns3:hr>
            <ns3:cad>82</ns3:cad>
          </ns3:TrackPointExtension>
        </extensions>
      </trkpt>
      <trkpt lat="37.50911233015358448028564453125" lon="127.06461329944431781768798828125">
        <ele>27</ele>
        <time>2026-09-14T08:48:19.000Z</time>
        <extensions>
          <ns3:TrackPointExtension>
            <ns3:hr>150</ns3:hr>
            <ns3:cad>82</ns3:cad>
          </ns3:TrackPointExtension>
        </extensions>
      </trkpt>
      <trkpt lat="37.509131021797657012939453125" lon="127.0646562986075878143310546875">
        <ele>27</ele>
        <time>2026-09-14T08:48:20.000Z</time>
        <extensions>
          <ns3:TrackPointExtension>
            <ns3:hr>150</ns3:hr>
            <ns3:cad>83</ns3:cad>
          </ns3:TrackPointExtension>
        </extensions>
      </trkpt>
      <trkpt lat="37.50914476811885833740234375" lon="127.0646941848099231719970703125">
        <ele>27</ele>
        <time>2026-09-14T08:48:21.000Z</time>
        <extensions>
          <ns3:TrackPointExtension>
            <ns3:hr>150</ns3:hr>
            <ns3:cad>83</ns3:cad>
          </ns3:TrackPointExtension>
        </extensions>
      </trkpt>
      <trkpt lat="37.50916220247745513916015625" lon="127.0647280476987361907958984375">
        <ele>27</ele>
        <time>2026-09-14T08:48:22.000Z</time>
        <extensions>
          <ns3:TrackPointExtension>
            <ns3:hr>150</ns3:hr>
            <ns3:cad>83</ns3:cad>
          </ns3:TrackPointExtension>
        </extensions>
      </trkpt>
      <trkpt lat="37.5091794691979885101318359375" lon="127.06476576626300811767578125">
        <ele>26.799999237060546875</ele>
        <time>2026-09-14T08:48:23.000Z</time>
        <extensions>
          <ns3:TrackPointExtension>
            <ns3:hr>150</ns3:hr>
            <ns3:cad>83</ns3:cad>
          </ns3:TrackPointExtension>
        </extensions>
      </trkpt>
      <trkpt lat="37.509190700948238372802734375" lon="127.06480331718921661376953125">
        <ele>27</ele>
        <time>2026-09-14T08:48:24.000Z</time>
        <extensions>
          <ns3:TrackPointExtension>
            <ns3:hr>150</ns3:hr>
            <ns3:cad>83</ns3:cad>
          </ns3:TrackPointExtension>
        </extensions>
      </trkpt>
      <trkpt lat="37.50920386053621768951416015625" lon="127.06483894027769565582275390625">
        <ele>27</ele>
        <time>2026-09-14T08:48:25.000Z</time>
        <extensions>
          <ns3:TrackPointExtension>
            <ns3:hr>150</ns3:hr>
            <ns3:cad>83</ns3:cad>
          </ns3:TrackPointExtension>
        </extensions>
      </trkpt>
      <trkpt lat="37.50921593047678470611572265625" lon="127.0648678578436374664306640625">
        <ele>27</ele>
        <time>2026-09-14T08:48:26.000Z</time>
        <extensions>
          <ns3:TrackPointExtension>
            <ns3:hr>150</ns3:hr>
            <ns3:cad>83</ns3:cad>
          </ns3:TrackPointExtension>
        </extensions>
      </trkpt>
      <trkpt lat="37.509223558008670806884765625" lon="127.06489560194313526153564453125">
        <ele>27.200000762939453125</ele>
        <time>2026-09-14T08:48:27.000Z</time>
        <extensions>
          <ns3:TrackPointExtension>
            <ns3:hr>150</ns3:hr>
            <ns3:cad>83</ns3:cad>
          </ns3:TrackPointExtension>
        </extensions>
      </trkpt>
      <trkpt lat="37.50922716222703456878662109375" lon="127.06493147648870944976806640625">
        <ele>27.200000762939453125</ele>
        <time>2026-09-14T08:48:28.000Z</time>
        <extensions>
          <ns3:TrackPointExtension>
            <ns3:hr>151</ns3:hr>
            <ns3:cad>83</ns3:cad>
          </ns3:TrackPointExtension>
        </extensions>
      </trkpt>
      <trkpt lat="37.5092327781021595001220703125" lon="127.0649634115397930145263671875">
        <ele>27.200000762939453125</ele>
        <time>2026-09-14T08:48:29.000Z</time>
        <extensions>
          <ns3:TrackPointExtension>
            <ns3:hr>151</ns3:hr>
            <ns3:cad>83</ns3:cad>
          </ns3:TrackPointExtension>
        </extensions>
      </trkpt>
      <trkpt lat="37.50924660824239253997802734375" lon="127.064998112618923187255859375">
        <ele>27.3999996185302734375</ele>
        <time>2026-09-14T08:48:30.000Z</time>
        <extensions>
          <ns3:TrackPointExtension>
            <ns3:hr>151</ns3:hr>
            <ns3:cad>83</ns3:cad>
          </ns3:TrackPointExtension>
        </extensions>
      </trkpt>
      <trkpt lat="37.50925297848880290985107421875" lon="127.0650314725935459136962890625">
        <ele>27.200000762939453125</ele>
        <time>2026-09-14T08:48:31.000Z</time>
        <extensions>
          <ns3:TrackPointExtension>
            <ns3:hr>151</ns3:hr>
            <ns3:cad>83</ns3:cad>
          </ns3:TrackPointExtension>
        </extensions>
      </trkpt>
      <trkpt lat="37.50926052220165729522705078125" lon="127.06505083478987216949462890625">
        <ele>27</ele>
        <time>2026-09-14T08:48:32.000Z</time>
        <extensions>
          <ns3:TrackPointExtension>
            <ns3:hr>151</ns3:hr>
            <ns3:cad>83</ns3:cad>
          </ns3:TrackPointExtension>
        </extensions>
      </trkpt>
      <trkpt lat="37.50927208922803401947021484375" lon="127.06509090028703212738037109375">
        <ele>27</ele>
        <time>2026-09-14T08:48:33.000Z</time>
        <extensions>
          <ns3:TrackPointExtension>
            <ns3:hr>151</ns3:hr>
            <ns3:cad>83</ns3:cad>
          </ns3:TrackPointExtension>
        </extensions>
      </trkpt>
      <trkpt lat="37.50928281806409358978271484375" lon="127.0651250146329402923583984375">
        <ele>27</ele>
        <time>2026-09-14T08:48:34.000Z</time>
        <extensions>
          <ns3:TrackPointExtension>
            <ns3:hr>152</ns3:hr>
            <ns3:cad>83</ns3:cad>
          </ns3:TrackPointExtension>
        </extensions>
      </trkpt>
      <trkpt lat="37.50929689966142177581787109375" lon="127.06515946425497531890869140625">
        <ele>26.799999237060546875</ele>
        <time>2026-09-14T08:48:35.000Z</time>
        <extensions>
          <ns3:TrackPointExtension>
            <ns3:hr>152</ns3:hr>
            <ns3:cad>83</ns3:cad>
          </ns3:TrackPointExtension>
        </extensions>
      </trkpt>
      <trkpt lat="37.5093085505068302154541015625" lon="127.0652021281421184539794921875">
        <ele>27</ele>
        <time>2026-09-14T08:48:36.000Z</time>
        <extensions>
          <ns3:TrackPointExtension>
            <ns3:hr>152</ns3:hr>
            <ns3:cad>83</ns3:cad>
          </ns3:TrackPointExtension>
        </extensions>
      </trkpt>
      <trkpt lat="37.5093186087906360626220703125" lon="127.06522618420422077178955078125">
        <ele>27</ele>
        <time>2026-09-14T08:48:37.000Z</time>
        <extensions>
          <ns3:TrackPointExtension>
            <ns3:hr>152</ns3:hr>
            <ns3:cad>83</ns3:cad>
          </ns3:TrackPointExtension>
        </extensions>
      </trkpt>
      <trkpt lat="37.5093343667685985565185546875" lon="127.06526189111173152923583984375">
        <ele>27.200000762939453125</ele>
        <time>2026-09-14T08:48:38.000Z</time>
        <extensions>
          <ns3:TrackPointExtension>
            <ns3:hr>152</ns3:hr>
            <ns3:cad>83</ns3:cad>
          </ns3:TrackPointExtension>
        </extensions>
      </trkpt>
      <trkpt lat="37.5093477778136730194091796875" lon="127.06530354917049407958984375">
        <ele>27.200000762939453125</ele>
        <time>2026-09-14T08:48:39.000Z</time>
        <extensions>
          <ns3:TrackPointExtension>
            <ns3:hr>152</ns3:hr>
            <ns3:cad>83</ns3:cad>
          </ns3:TrackPointExtension>
        </extensions>
      </trkpt>
      <trkpt lat="37.5093615241348743438720703125" lon="127.06532634794712066650390625">
        <ele>27.3999996185302734375</ele>
        <time>2026-09-14T08:48:40.000Z</time>
        <extensions>
          <ns3:TrackPointExtension>
            <ns3:hr>152</ns3:hr>
            <ns3:cad>83</ns3:cad>
          </ns3:TrackPointExtension>
        </extensions>
      </trkpt>
      <trkpt lat="37.50937652774155139923095703125" lon="127.0653711073100566864013671875">
        <ele>27.3999996185302734375</ele>
        <time>2026-09-14T08:48:41.000Z</time>
        <extensions>
          <ns3:TrackPointExtension>
            <ns3:hr>153</ns3:hr>
            <ns3:cad>83</ns3:cad>
          </ns3:TrackPointExtension>
        </extensions>
      </trkpt>
      <trkpt lat="37.50938876532018184661865234375" lon="127.06540010869503021240234375">
        <ele>27.6000003814697265625</ele>
        <time>2026-09-14T08:48:42.000Z</time>
        <extensions>
          <ns3:TrackPointExtension>
            <ns3:hr>153</ns3:hr>
            <ns3:cad>82</ns3:cad>
          </ns3:TrackPointExtension>
        </extensions>
      </trkpt>
      <trkpt lat="37.50940033234655857086181640625" lon="127.06543170846998691558837890625">
        <ele>27.799999237060546875</ele>
        <time>2026-09-14T08:48:43.000Z</time>
        <extensions>
          <ns3:TrackPointExtension>
            <ns3:hr>153</ns3:hr>
            <ns3:cad>82</ns3:cad>
          </ns3:TrackPointExtension>
        </extensions>
      </trkpt>
      <trkpt lat="37.50940628349781036376953125" lon="127.065474875271320343017578125">
        <ele>27.799999237060546875</ele>
        <time>2026-09-14T08:48:44.000Z</time>
        <extensions>
          <ns3:TrackPointExtension>
            <ns3:hr>153</ns3:hr>
            <ns3:cad>82</ns3:cad>
          </ns3:TrackPointExtension>
        </extensions>
      </trkpt>
      <trkpt lat="37.5094151683151721954345703125" lon="127.06550664268434047698974609375">
        <ele>28</ele>
        <time>2026-09-14T08:48:45.000Z</time>
        <extensions>
          <ns3:TrackPointExtension>
            <ns3:hr>153</ns3:hr>
            <ns3:cad>82</ns3:cad>
          </ns3:TrackPointExtension>
        </extensions>
      </trkpt>
      <trkpt lat="37.5094332732260227203369140625" lon="127.065541259944438934326171875">
        <ele>28</ele>
        <time>2026-09-14T08:48:46.000Z</time>
        <extensions>
          <ns3:TrackPointExtension>
            <ns3:hr>153</ns3:hr>
            <ns3:cad>82</ns3:cad>
          </ns3:TrackPointExtension>
        </extensions>
      </trkpt>
      <trkpt lat="37.50943981111049652099609375" lon="127.06557587720453739166259765625">
        <ele>28</ele>
        <time>2026-09-14T08:48:47.000Z</time>
        <extensions>
          <ns3:TrackPointExtension>
            <ns3:hr>153</ns3:hr>
            <ns3:cad>82</ns3:cad>
          </ns3:TrackPointExtension>
        </extensions>
      </trkpt>
      <trkpt lat="37.50944978557527065277099609375" lon="127.0656007714569568634033203125">
        <ele>27.799999237060546875</ele>
        <time>2026-09-14T08:48:48.000Z</time>
        <extensions>
          <ns3:TrackPointExtension>
            <ns3:hr>153</ns3:hr>
            <ns3:cad>83</ns3:cad>
          </ns3:TrackPointExtension>
        </extensions>
      </trkpt>
      <trkpt lat="37.50946286134421825408935546875" lon="127.0656379871070384979248046875">
        <ele>27.799999237060546875</ele>
        <time>2026-09-14T08:48:49.000Z</time>
        <extensions>
          <ns3:TrackPointExtension>
            <ns3:hr>154</ns3:hr>
            <ns3:cad>83</ns3:cad>
          </ns3:TrackPointExtension>
        </extensions>
      </trkpt>
      <trkpt lat="37.50947912223637104034423828125" lon="127.06566967070102691650390625">
        <ele>27.799999237060546875</ele>
        <time>2026-09-14T08:48:50.000Z</time>
        <extensions>
          <ns3:TrackPointExtension>
            <ns3:hr>154</ns3:hr>
            <ns3:cad>83</ns3:cad>
          </ns3:TrackPointExtension>
        </extensions>
      </trkpt>
      <trkpt lat="37.50949001871049404144287109375" lon="127.0656998455524444580078125">
        <ele>27.6000003814697265625</ele>
        <time>2026-09-14T08:48:51.000Z</time>
        <extensions>
          <ns3:TrackPointExtension>
            <ns3:hr>154</ns3:hr>
            <ns3:cad>83</ns3:cad>
          </ns3:TrackPointExtension>
        </extensions>
      </trkpt>
      <trkpt lat="37.5095021724700927734375" lon="127.06574250943958759307861328125">
        <ele>27.3999996185302734375</ele>
        <time>2026-09-14T08:48:52.000Z</time>
        <extensions>
          <ns3:TrackPointExtension>
            <ns3:hr>154</ns3:hr>
            <ns3:cad>82</ns3:cad>
          </ns3:TrackPointExtension>
        </extensions>
      </trkpt>
      <trkpt lat="37.509513236582279205322265625" lon="127.0657660625874996185302734375">
        <ele>27.3999996185302734375</ele>
        <time>2026-09-14T08:48:53.000Z</time>
        <extensions>
          <ns3:TrackPointExtension>
            <ns3:hr>154</ns3:hr>
            <ns3:cad>82</ns3:cad>
          </ns3:TrackPointExtension>
        </extensions>
      </trkpt>
      <trkpt lat="37.50952069647610187530517578125" lon="127.065800093114376068115234375">
        <ele>27.3999996185302734375</ele>
        <time>2026-09-14T08:48:54.000Z</time>
        <extensions>
          <ns3:TrackPointExtension>
            <ns3:hr>154</ns3:hr>
            <ns3:cad>82</ns3:cad>
          </ns3:TrackPointExtension>
        </extensions>
      </trkpt>
      <trkpt lat="37.50953125767409801483154296875" lon="127.0658368058502674102783203125">
        <ele>27.6000003814697265625</ele>
        <time>2026-09-14T08:48:55.000Z</time>
        <extensions>
          <ns3:TrackPointExtension>
            <ns3:hr>154</ns3:hr>
            <ns3:cad>82</ns3:cad>
          </ns3:TrackPointExtension>
        </extensions>
      </trkpt>
      <trkpt lat="37.5095464289188385009765625" lon="127.06586387939751148223876953125">
        <ele>27.6000003814697265625</ele>
        <time>2026-09-14T08:48:56.000Z</time>
        <extensions>
          <ns3:TrackPointExtension>
            <ns3:hr>154</ns3:hr>
            <ns3:cad>82</ns3:cad>
          </ns3:TrackPointExtension>
        </extensions>
      </trkpt>
      <trkpt lat="37.509560845792293548583984375" lon="127.06590645946562290191650390625">
        <ele>28</ele>
        <time>2026-09-14T08:48:57.000Z</time>
        <extensions>
          <ns3:TrackPointExtension>
            <ns3:hr>155</ns3:hr>
            <ns3:cad>82</ns3:cad>
          </ns3:TrackPointExtension>
        </extensions>
      </trkpt>
      <trkpt lat="37.5095740891993045806884765625" lon="127.06594199873507022857666015625">
        <ele>28.200000762939453125</ele>
        <time>2026-09-14T08:48:58.000Z</time>
        <extensions>
          <ns3:TrackPointExtension>
            <ns3:hr>155</ns3:hr>
            <ns3:cad>82</ns3:cad>
          </ns3:TrackPointExtension>
        </extensions>
      </trkpt>
      <trkpt lat="37.5095854885876178741455078125" lon="127.065969407558441162109375">
        <ele>28.200000762939453125</ele>
        <time>2026-09-14T08:48:59.000Z</time>
        <extensions>
          <ns3:TrackPointExtension>
            <ns3:hr>155</ns3:hr>
            <ns3:cad>82</ns3:cad>
          </ns3:TrackPointExtension>
        </extensions>
      </trkpt>
      <trkpt lat="37.509596385061740875244140625" lon="127.06600704230368137359619140625">
        <ele>28.200000762939453125</ele>
        <time>2026-09-14T08:49:00.000Z</time>
        <extensions>
          <ns3:TrackPointExtension>
            <ns3:hr>156</ns3:hr>
            <ns3:cad>82</ns3:cad>
          </ns3:TrackPointExtension>
        </extensions>
      </trkpt>
      <trkpt lat="37.50960434786975383758544921875" lon="127.06603587605059146881103515625">
        <ele>28.200000762939453125</ele>
        <time>2026-09-14T08:49:01.000Z</time>
        <extensions>
          <ns3:TrackPointExtension>
            <ns3:hr>156</ns3:hr>
            <ns3:cad>81</ns3:cad>
          </ns3:TrackPointExtension>
        </extensions>
      </trkpt>
      <trkpt lat="37.50961683690547943115234375" lon="127.06606521271169185638427734375">
        <ele>28.200000762939453125</ele>
        <time>2026-09-14T08:49:02.000Z</time>
        <extensions>
          <ns3:TrackPointExtension>
            <ns3:hr>156</ns3:hr>
            <ns3:cad>81</ns3:cad>
          </ns3:TrackPointExtension>
        </extensions>
      </trkpt>
      <trkpt lat="37.5096213631331920623779296875" lon="127.06610041670501232147216796875">
        <ele>28.200000762939453125</ele>
        <time>2026-09-14T08:49:03.000Z</time>
        <extensions>
          <ns3:TrackPointExtension>
            <ns3:hr>157</ns3:hr>
            <ns3:cad>82</ns3:cad>
          </ns3:TrackPointExtension>
        </extensions>
      </trkpt>
      <trkpt lat="37.50963016413152217864990234375" lon="127.066120617091655731201171875">
        <ele>28.200000762939453125</ele>
        <time>2026-09-14T08:49:04.000Z</time>
        <extensions>
          <ns3:TrackPointExtension>
            <ns3:hr>157</ns3:hr>
            <ns3:cad>82</ns3:cad>
          </ns3:TrackPointExtension>
        </extensions>
      </trkpt>
      <trkpt lat="37.50964139588177204132080078125" lon="127.0661526359617710113525390625">
        <ele>28.3999996185302734375</ele>
        <time>2026-09-14T08:49:05.000Z</time>
        <extensions>
          <ns3:TrackPointExtension>
            <ns3:hr>157</ns3:hr>
            <ns3:cad>82</ns3:cad>
          </ns3:TrackPointExtension>
        </extensions>
      </trkpt>
      <trkpt lat="37.50965195707976818084716796875" lon="127.06617929041385650634765625">
        <ele>28.3999996185302734375</ele>
        <time>2026-09-14T08:49:06.000Z</time>
        <extensions>
          <ns3:TrackPointExtension>
            <ns3:hr>157</ns3:hr>
            <ns3:cad>82</ns3:cad>
          </ns3:TrackPointExtension>
        </extensions>
      </trkpt>
      <trkpt lat="37.50966235063970088958740234375" lon="127.0661989040672779083251953125">
        <ele>28.3999996185302734375</ele>
        <time>2026-09-14T08:49:07.000Z</time>
        <extensions>
          <ns3:TrackPointExtension>
            <ns3:hr>157</ns3:hr>
            <ns3:cad>82</ns3:cad>
          </ns3:TrackPointExtension>
        </extensions>
      </trkpt>
      <trkpt lat="37.5096738338470458984375" lon="127.066233940422534942626953125">
        <ele>28.200000762939453125</ele>
        <time>2026-09-14T08:49:08.000Z</time>
        <extensions>
          <ns3:TrackPointExtension>
            <ns3:hr>157</ns3:hr>
            <ns3:cad>81</ns3:cad>
          </ns3:TrackPointExtension>
        </extensions>
      </trkpt>
      <trkpt lat="37.509689591825008392333984375" lon="127.06625707447528839111328125">
        <ele>28.3999996185302734375</ele>
        <time>2026-09-14T08:49:09.000Z</time>
        <extensions>
          <ns3:TrackPointExtension>
            <ns3:hr>157</ns3:hr>
            <ns3:cad>81</ns3:cad>
          </ns3:TrackPointExtension>
        </extensions>
      </trkpt>
      <trkpt lat="37.50969470478594303131103515625" lon="127.06628096289932727813720703125">
        <ele>28.3999996185302734375</ele>
        <time>2026-09-14T08:49:10.000Z</time>
        <extensions>
          <ns3:TrackPointExtension>
            <ns3:hr>157</ns3:hr>
            <ns3:cad>81</ns3:cad>
          </ns3:TrackPointExtension>
        </extensions>
      </trkpt>
      <trkpt lat="37.5097071938216686248779296875" lon="127.06631700508296489715576171875">
        <ele>28.3999996185302734375</ele>
        <time>2026-09-14T08:49:11.000Z</time>
        <extensions>
          <ns3:TrackPointExtension>
            <ns3:hr>157</ns3:hr>
            <ns3:cad>81</ns3:cad>
          </ns3:TrackPointExtension>
        </extensions>
      </trkpt>
      <trkpt lat="37.50971348024904727935791015625" lon="127.066337205469608306884765625">
        <ele>28.3999996185302734375</ele>
        <time>2026-09-14T08:49:12.000Z</time>
        <extensions>
          <ns3:TrackPointExtension>
            <ns3:hr>157</ns3:hr>
            <ns3:cad>81</ns3:cad>
          </ns3:TrackPointExtension>
        </extensions>
      </trkpt>
      <trkpt lat="37.50965304672718048095703125" lon="127.066464610397815704345703125">
        <ele>28.200000762939453125</ele>
        <time>2026-09-14T08:49:23.000Z</time>
        <extensions>
          <ns3:TrackPointExtension>
            <ns3:hr>156</ns3:hr>
            <ns3:cad>52</ns3:cad>
          </ns3:TrackPointExtension>
        </extensions>
      </trkpt>
      <trkpt lat="37.50963619910180568695068359375" lon="127.0664711482822895050048828125">
        <ele>28.200000762939453125</ele>
        <time>2026-09-14T08:49:24.000Z</time>
        <extensions>
          <ns3:TrackPointExtension>
            <ns3:hr>156</ns3:hr>
            <ns3:cad>51</ns3:cad>
          </ns3:TrackPointExtension>
        </extensions>
      </trkpt>
      <trkpt lat="37.5096099637448787689208984375" lon="127.06647659651935100555419921875">
        <ele>28.200000762939453125</ele>
        <time>2026-09-14T08:49:25.000Z</time>
        <extensions>
          <ns3:TrackPointExtension>
            <ns3:hr>156</ns3:hr>
            <ns3:cad>50</ns3:cad>
          </ns3:TrackPointExtension>
        </extensions>
      </trkpt>
      <trkpt lat="37.50959336757659912109375" lon="127.0664862357079982757568359375">
        <ele>28.200000762939453125</ele>
        <time>2026-09-14T08:49:26.000Z</time>
        <extensions>
          <ns3:TrackPointExtension>
            <ns3:hr>156</ns3:hr>
            <ns3:cad>50</ns3:cad>
          </ns3:TrackPointExtension>
        </extensions>
      </trkpt>
      <trkpt lat="37.5095804594457149505615234375" lon="127.0664916001260280609130859375">
        <ele>28.200000762939453125</ele>
        <time>2026-09-14T08:49:27.000Z</time>
        <extensions>
          <ns3:TrackPointExtension>
            <ns3:hr>156</ns3:hr>
            <ns3:cad>50</ns3:cad>
          </ns3:TrackPointExtension>
        </extensions>
      </trkpt>
      <trkpt lat="37.50954584218561649322509765625" lon="127.06652018241584300994873046875">
        <ele>27.799999237060546875</ele>
        <time>2026-09-14T08:49:28.000Z</time>
        <extensions>
          <ns3:TrackPointExtension>
            <ns3:hr>156</ns3:hr>
            <ns3:cad>68</ns3:cad>
          </ns3:TrackPointExtension>
        </extensions>
      </trkpt>
      <trkpt lat="37.50952505506575107574462890625" lon="127.06653736531734466552734375">
        <ele>27.6000003814697265625</ele>
        <time>2026-09-14T08:49:29.000Z</time>
        <extensions>
          <ns3:TrackPointExtension>
            <ns3:hr>156</ns3:hr>
            <ns3:cad>79</ns3:cad>
          </ns3:TrackPointExtension>
        </extensions>
      </trkpt>
      <trkpt lat="37.50949890352785587310791015625" lon="127.06655672751367092132568359375">
        <ele>27.200000762939453125</ele>
        <time>2026-09-14T08:49:30.000Z</time>
        <extensions>
          <ns3:TrackPointExtension>
            <ns3:hr>156</ns3:hr>
            <ns3:cad>79</ns3:cad>
          </ns3:TrackPointExtension>
        </extensions>
      </trkpt>
      <trkpt lat="37.50946839340031147003173828125" lon="127.06656963564455509185791015625">
        <ele>27</ele>
        <time>2026-09-14T08:49:31.000Z</time>
        <extensions>
          <ns3:TrackPointExtension>
            <ns3:hr>157</ns3:hr>
            <ns3:cad>79</ns3:cad>
          </ns3:TrackPointExtension>
        </extensions>
      </trkpt>
      <trkpt lat="37.509443499147891998291015625" lon="127.06657634116709232330322265625">
        <ele>26.6000003814697265625</ele>
        <time>2026-09-14T08:49:32.000Z</time>
        <extensions>
          <ns3:TrackPointExtension>
            <ns3:hr>157</ns3:hr>
            <ns3:cad>79</ns3:cad>
          </ns3:TrackPointExtension>
        </extensions>
      </trkpt>
      <trkpt lat="37.509409300982952117919921875" lon="127.06659360788762569427490234375">
        <ele>26.6000003814697265625</ele>
        <time>2026-09-14T08:49:33.000Z</time>
        <extensions>
          <ns3:TrackPointExtension>
            <ns3:hr>157</ns3:hr>
            <ns3:cad>80</ns3:cad>
          </ns3:TrackPointExtension>
        </extensions>
      </trkpt>
      <trkpt lat="37.5093786232173442840576171875" lon="127.06660249270498752593994140625">
        <ele>26.6000003814697265625</ele>
        <time>2026-09-14T08:49:34.000Z</time>
        <extensions>
          <ns3:TrackPointExtension>
            <ns3:hr>157</ns3:hr>
            <ns3:cad>82</ns3:cad>
          </ns3:TrackPointExtension>
        </extensions>
      </trkpt>
      <trkpt lat="37.5093519687652587890625" lon="127.06660618074238300323486328125">
        <ele>26.3999996185302734375</ele>
        <time>2026-09-14T08:49:35.000Z</time>
        <extensions>
          <ns3:TrackPointExtension>
            <ns3:hr>157</ns3:hr>
            <ns3:cad>82</ns3:cad>
          </ns3:TrackPointExtension>
        </extensions>
      </trkpt>
      <trkpt lat="37.50931450165808200836181640625" lon="127.06661137752234935760498046875">
        <ele>26.3999996185302734375</ele>
        <time>2026-09-14T08:49:36.000Z</time>
        <extensions>
          <ns3:TrackPointExtension>
            <ns3:hr>157</ns3:hr>
            <ns3:cad>83</ns3:cad>
          </ns3:TrackPointExtension>
        </extensions>
      </trkpt>
      <trkpt lat="37.50928583554923534393310546875" lon="127.06661556847393512725830078125">
        <ele>26.200000762939453125</ele>
        <time>2026-09-14T08:49:37.000Z</time>
        <extensions>
          <ns3:TrackPointExtension>
            <ns3:hr>157</ns3:hr>
            <ns3:cad>83</ns3:cad>
          </ns3:TrackPointExtension>
        </extensions>
      </trkpt>
      <trkpt lat="37.5092565827071666717529296875" lon="127.06662629730999469757080078125">
        <ele>26.200000762939453125</ele>
        <time>2026-09-14T08:49:38.000Z</time>
        <extensions>
          <ns3:TrackPointExtension>
            <ns3:hr>157</ns3:hr>
            <ns3:cad>83</ns3:cad>
          </ns3:TrackPointExtension>
        </extensions>
      </trkpt>
      <trkpt lat="37.5092290900647640228271484375" lon="127.06663702614605426788330078125">
        <ele>26.200000762939453125</ele>
        <time>2026-09-14T08:49:39.000Z</time>
        <extensions>
          <ns3:TrackPointExtension>
            <ns3:hr>158</ns3:hr>
            <ns3:cad>83</ns3:cad>
          </ns3:TrackPointExtension>
        </extensions>
      </trkpt>
      <trkpt lat="37.50921207480132579803466796875" lon="127.06664959900081157684326171875">
        <ele>26.200000762939453125</ele>
        <time>2026-09-14T08:49:40.000Z</time>
        <extensions>
          <ns3:TrackPointExtension>
            <ns3:hr>158</ns3:hr>
            <ns3:cad>82</ns3:cad>
          </ns3:TrackPointExtension>
        </extensions>
      </trkpt>
      <trkpt lat="37.50921442173421382904052734375" lon="127.06666468642652034759521484375">
        <ele>26.3999996185302734375</ele>
        <time>2026-09-14T08:49:41.000Z</time>
        <extensions>
          <ns3:TrackPointExtension>
            <ns3:hr>158</ns3:hr>
            <ns3:cad>82</ns3:cad>
          </ns3:TrackPointExtension>
        </extensions>
      </trkpt>
      <trkpt lat="37.5092388130724430084228515625" lon="127.06665278412401676177978515625">
        <ele>26.3999996185302734375</ele>
        <time>2026-09-14T08:49:42.000Z</time>
        <extensions>
          <ns3:TrackPointExtension>
            <ns3:hr>158</ns3:hr>
            <ns3:cad>82</ns3:cad>
          </ns3:TrackPointExtension>
        </extensions>
      </trkpt>
      <trkpt lat="37.5092596001923084259033203125" lon="127.06662260927259922027587890625">
        <ele>26.3999996185302734375</ele>
        <time>2026-09-14T08:49:43.000Z</time>
        <extensions>
          <ns3:TrackPointExtension>
            <ns3:hr>157</ns3:hr>
            <ns3:cad>82</ns3:cad>
          </ns3:TrackPointExtension>
        </extensions>
      </trkpt>
      <trkpt lat="37.50927083194255828857421875" lon="127.06659981049597263336181640625">
        <ele>26.6000003814697265625</ele>
        <time>2026-09-14T08:49:44.000Z</time>
        <extensions>
          <ns3:TrackPointExtension>
            <ns3:hr>158</ns3:hr>
            <ns3:cad>82</ns3:cad>
          </ns3:TrackPointExtension>
        </extensions>
      </trkpt>
      <trkpt lat="37.5092964805662631988525390625" lon="127.06657784990966320037841796875">
        <ele>26.6000003814697265625</ele>
        <time>2026-09-14T08:49:45.000Z</time>
        <extensions>
          <ns3:TrackPointExtension>
            <ns3:hr>158</ns3:hr>
            <ns3:cad>82</ns3:cad>
          </ns3:TrackPointExtension>
        </extensions>
      </trkpt>
      <trkpt lat="37.50932523049414157867431640625" lon="127.06656024791300296783447265625">
        <ele>26.6000003814697265625</ele>
        <time>2026-09-14T08:49:46.000Z</time>
        <extensions>
          <ns3:TrackPointExtension>
            <ns3:hr>157</ns3:hr>
            <ns3:cad>82</ns3:cad>
          </ns3:TrackPointExtension>
        </extensions>
      </trkpt>
      <trkpt lat="37.509346939623355865478515625" lon="127.06653443165123462677001953125">
        <ele>26.6000003814697265625</ele>
        <time>2026-09-14T08:49:47.000Z</time>
        <extensions>
          <ns3:TrackPointExtension>
            <ns3:hr>157</ns3:hr>
            <ns3:cad>81</ns3:cad>
          </ns3:TrackPointExtension>
        </extensions>
      </trkpt>
      <trkpt lat="37.5093776173889636993408203125" lon="127.06652219407260417938232421875">
        <ele>26.799999237060546875</ele>
        <time>2026-09-14T08:49:48.000Z</time>
        <extensions>
          <ns3:TrackPointExtension>
            <ns3:hr>157</ns3:hr>
            <ns3:cad>81</ns3:cad>
          </ns3:TrackPointExtension>
        </extensions>
      </trkpt>
      <trkpt lat="37.509402930736541748046875" lon="127.06650408916175365447998046875">
        <ele>26.799999237060546875</ele>
        <time>2026-09-14T08:49:49.000Z</time>
        <extensions>
          <ns3:TrackPointExtension>
            <ns3:hr>157</ns3:hr>
            <ns3:cad>81</ns3:cad>
          </ns3:TrackPointExtension>
        </extensions>
      </trkpt>
      <trkpt lat="37.50943436287343502044677734375" lon="127.0664916001260280609130859375">
        <ele>26.799999237060546875</ele>
        <time>2026-09-14T08:49:50.000Z</time>
        <extensions>
          <ns3:TrackPointExtension>
            <ns3:hr>157</ns3:hr>
            <ns3:cad>81</ns3:cad>
          </ns3:TrackPointExtension>
        </extensions>
      </trkpt>
      <trkpt lat="37.5094594247639179229736328125" lon="127.06648346967995166778564453125">
        <ele>27</ele>
        <time>2026-09-14T08:49:51.000Z</time>
        <extensions>
          <ns3:TrackPointExtension>
            <ns3:hr>158</ns3:hr>
            <ns3:cad>81</ns3:cad>
          </ns3:TrackPointExtension>
        </extensions>
      </trkpt>
      <trkpt lat="37.5094892643392086029052734375" lon="127.0664724893867969512939453125">
        <ele>27</ele>
        <time>2026-09-14T08:49:52.000Z</time>
        <extensions>
          <ns3:TrackPointExtension>
            <ns3:hr>157</ns3:hr>
            <ns3:cad>83</ns3:cad>
          </ns3:TrackPointExtension>
        </extensions>
      </trkpt>
      <trkpt lat="37.509526312351226806640625" lon="127.066466622054576873779296875">
        <ele>27.200000762939453125</ele>
        <time>2026-09-14T08:49:53.000Z</time>
        <extensions>
          <ns3:TrackPointExtension>
            <ns3:hr>157</ns3:hr>
            <ns3:cad>83</ns3:cad>
          </ns3:TrackPointExtension>
        </extensions>
      </trkpt>
      <trkpt lat="37.5095573253929615020751953125" lon="127.06646938808262348175048828125">
        <ele>27.200000762939453125</ele>
        <time>2026-09-14T08:49:54.000Z</time>
        <extensions>
          <ns3:TrackPointExtension>
            <ns3:hr>158</ns3:hr>
            <ns3:cad>82</ns3:cad>
          </ns3:TrackPointExtension>
        </extensions>
      </trkpt>
      <trkpt lat="37.50959076918661594390869140625" lon="127.06649268977344036102294921875">
        <ele>27.3999996185302734375</ele>
        <time>2026-09-14T08:49:55.000Z</time>
        <extensions>
          <ns3:TrackPointExtension>
            <ns3:hr>157</ns3:hr>
            <ns3:cad>82</ns3:cad>
          </ns3:TrackPointExtension>
        </extensions>
      </trkpt>
      <trkpt lat="37.5096206925809383392333984375" lon="127.0665207691490650177001953125">
        <ele>27.6000003814697265625</ele>
        <time>2026-09-14T08:49:56.000Z</time>
        <extensions>
          <ns3:TrackPointExtension>
            <ns3:hr>157</ns3:hr>
            <ns3:cad>82</ns3:cad>
          </ns3:TrackPointExtension>
        </extensions>
      </trkpt>
      <trkpt lat="37.50964256934821605682373046875" lon="127.0665581524372100830078125">
        <ele>27.6000003814697265625</ele>
        <time>2026-09-14T08:49:57.000Z</time>
        <extensions>
          <ns3:TrackPointExtension>
            <ns3:hr>158</ns3:hr>
            <ns3:cad>82</ns3:cad>
          </ns3:TrackPointExtension>
        </extensions>
      </trkpt>
      <trkpt lat="37.50966436229646205902099609375" lon="127.06661045551300048828125">
        <ele>27.799999237060546875</ele>
        <time>2026-09-14T08:49:58.000Z</time>
        <extensions>
          <ns3:TrackPointExtension>
            <ns3:hr>158</ns3:hr>
            <ns3:cad>82</ns3:cad>
          </ns3:TrackPointExtension>
        </extensions>
      </trkpt>
      <trkpt lat="37.5096823833882808685302734375" lon="127.06665898673236370086669921875">
        <ele>28</ele>
        <time>2026-09-14T08:49:59.000Z</time>
        <extensions>
          <ns3:TrackPointExtension>
            <ns3:hr>158</ns3:hr>
            <ns3:cad>82</ns3:cad>
          </ns3:TrackPointExtension>
        </extensions>
      </trkpt>
      <trkpt lat="37.50971079804003238677978515625" lon="127.066722102463245391845703125">
        <ele>28.200000762939453125</ele>
        <time>2026-09-14T08:50:00.000Z</time>
        <extensions>
          <ns3:TrackPointExtension>
            <ns3:hr>158</ns3:hr>
            <ns3:cad>82</ns3:cad>
          </ns3:TrackPointExtension>
        </extensions>
      </trkpt>
      <trkpt lat="37.50971767120063304901123046875" lon="127.06677381880581378936767578125">
        <ele>28.200000762939453125</ele>
        <time>2026-09-14T08:50:01.000Z</time>
        <extensions>
          <ns3:TrackPointExtension>
            <ns3:hr>159</ns3:hr>
            <ns3:cad>81</ns3:cad>
          </ns3:TrackPointExtension>
        </extensions>
      </trkpt>
      <trkpt lat="37.509724795818328857421875" lon="127.066806256771087646484375">
        <ele>28.200000762939453125</ele>
        <time>2026-09-14T08:50:02.000Z</time>
        <extensions>
          <ns3:TrackPointExtension>
            <ns3:hr>160</ns3:hr>
            <ns3:cad>81</ns3:cad>
          </ns3:TrackPointExtension>
        </extensions>
      </trkpt>
      <trkpt lat="37.50973393209278583526611328125" lon="127.06685788929462432861328125">
        <ele>28.3999996185302734375</ele>
        <time>2026-09-14T08:50:03.000Z</time>
        <extensions>
          <ns3:TrackPointExtension>
            <ns3:hr>161</ns3:hr>
            <ns3:cad>80</ns3:cad>
          </ns3:TrackPointExtension>
        </extensions>
      </trkpt>
      <trkpt lat="37.5097410567104816436767578125" lon="127.0668969489634037017822265625">
        <ele>28.6000003814697265625</ele>
        <time>2026-09-14T08:50:04.000Z</time>
        <extensions>
          <ns3:TrackPointExtension>
            <ns3:hr>162</ns3:hr>
            <ns3:cad>80</ns3:cad>
          </ns3:TrackPointExtension>
        </extensions>
      </trkpt>
      <trkpt lat="37.50974868424236774444580078125" lon="127.0669282972812652587890625">
        <ele>28.799999237060546875</ele>
        <time>2026-09-14T08:50:05.000Z</time>
        <extensions>
          <ns3:TrackPointExtension>
            <ns3:hr>163</ns3:hr>
            <ns3:cad>80</ns3:cad>
          </ns3:TrackPointExtension>
        </extensions>
      </trkpt>
      <trkpt lat="37.50975857488811016082763671875" lon="127.06697297282516956329345703125">
        <ele>28.799999237060546875</ele>
        <time>2026-09-14T08:50:06.000Z</time>
        <extensions>
          <ns3:TrackPointExtension>
            <ns3:hr>163</ns3:hr>
            <ns3:cad>82</ns3:cad>
          </ns3:TrackPointExtension>
        </extensions>
      </trkpt>
      <trkpt lat="37.509770058095455169677734375" lon="127.06699862144887447357177734375">
        <ele>28.799999237060546875</ele>
        <time>2026-09-14T08:50:07.000Z</time>
        <extensions>
          <ns3:TrackPointExtension>
            <ns3:hr>164</ns3:hr>
            <ns3:cad>82</ns3:cad>
          </ns3:TrackPointExtension>
        </extensions>
      </trkpt>
      <trkpt lat="37.50979126431047916412353515625" lon="127.06702888011932373046875">
        <ele>29</ele>
        <time>2026-09-14T08:50:08.000Z</time>
        <extensions>
          <ns3:TrackPointExtension>
            <ns3:hr>164</ns3:hr>
            <ns3:cad>82</ns3:cad>
          </ns3:TrackPointExtension>
        </extensions>
      </trkpt>
      <trkpt lat="37.5098037533462047576904296875" lon="127.067058049142360687255859375">
        <ele>29</ele>
        <time>2026-09-14T08:50:09.000Z</time>
        <extensions>
          <ns3:TrackPointExtension>
            <ns3:hr>164</ns3:hr>
            <ns3:cad>82</ns3:cad>
          </ns3:TrackPointExtension>
        </extensions>
      </trkpt>
      <trkpt lat="37.5098171643912792205810546875" lon="127.0670860446989536285400390625">
        <ele>29.200000762939453125</ele>
        <time>2026-09-14T08:50:10.000Z</time>
        <extensions>
          <ns3:TrackPointExtension>
            <ns3:hr>163</ns3:hr>
            <ns3:cad>82</ns3:cad>
          </ns3:TrackPointExtension>
        </extensions>
      </trkpt>
      <trkpt lat="37.5098366104066371917724609375" lon="127.06713407300412654876708984375">
        <ele>29.200000762939453125</ele>
        <time>2026-09-14T08:50:11.000Z</time>
        <extensions>
          <ns3:TrackPointExtension>
            <ns3:hr>164</ns3:hr>
            <ns3:cad>83</ns3:cad>
          </ns3:TrackPointExtension>
        </extensions>
      </trkpt>
      <trkpt lat="37.5098493508994579315185546875" lon="127.0671772398054599761962890625">
        <ele>29.3999996185302734375</ele>
        <time>2026-09-14T08:50:12.000Z</time>
        <extensions>
          <ns3:TrackPointExtension>
            <ns3:hr>164</ns3:hr>
            <ns3:cad>83</ns3:cad>
          </ns3:TrackPointExtension>
        </extensions>
      </trkpt>
      <trkpt lat="37.50986485742032527923583984375" lon="127.0672157965600490570068359375">
        <ele>29.3999996185302734375</ele>
        <time>2026-09-14T08:50:13.000Z</time>
        <extensions>
          <ns3:TrackPointExtension>
            <ns3:hr>164</ns3:hr>
            <ns3:cad>83</ns3:cad>
          </ns3:TrackPointExtension>
        </extensions>
      </trkpt>
      <trkpt lat="37.509881369769573211669921875" lon="127.06726164557039737701416015625">
        <ele>29.3999996185302734375</ele>
        <time>2026-09-14T08:50:14.000Z</time>
        <extensions>
          <ns3:TrackPointExtension>
            <ns3:hr>165</ns3:hr>
            <ns3:cad>82</ns3:cad>
          </ns3:TrackPointExtension>
        </extensions>
      </trkpt>
      <trkpt lat="37.50989536754786968231201171875" lon="127.06729902885854244232177734375">
        <ele>29.200000762939453125</ele>
        <time>2026-09-14T08:50:15.000Z</time>
        <extensions>
          <ns3:TrackPointExtension>
            <ns3:hr>165</ns3:hr>
            <ns3:cad>82</ns3:cad>
          </ns3:TrackPointExtension>
        </extensions>
      </trkpt>
      <trkpt lat="37.5099073536694049835205078125" lon="127.0673351548612117767333984375">
        <ele>29.200000762939453125</ele>
        <time>2026-09-14T08:50:16.000Z</time>
        <extensions>
          <ns3:TrackPointExtension>
            <ns3:hr>166</ns3:hr>
            <ns3:cad>82</ns3:cad>
          </ns3:TrackPointExtension>
        </extensions>
      </trkpt>
      <trkpt lat="37.50992151908576488494873046875" lon="127.06737597472965717315673828125">
        <ele>29.200000762939453125</ele>
        <time>2026-09-14T08:50:17.000Z</time>
        <extensions>
          <ns3:TrackPointExtension>
            <ns3:hr>167</ns3:hr>
            <ns3:cad>82</ns3:cad>
          </ns3:TrackPointExtension>
        </extensions>
      </trkpt>
      <trkpt lat="37.50992520712316036224365234375" lon="127.06740765832364559173583984375">
        <ele>29</ele>
        <time>2026-09-14T08:50:18.000Z</time>
        <extensions>
          <ns3:TrackPointExtension>
            <ns3:hr>167</ns3:hr>
            <ns3:cad>82</ns3:cad>
          </ns3:TrackPointExtension>
        </extensions>
      </trkpt>
      <trkpt lat="37.5099288113415241241455078125" lon="127.06745442934334278106689453125">
        <ele>29</ele>
        <time>2026-09-14T08:50:19.000Z</time>
        <extensions>
          <ns3:TrackPointExtension>
            <ns3:hr>168</ns3:hr>
            <ns3:cad>82</ns3:cad>
          </ns3:TrackPointExtension>
        </extensions>
      </trkpt>
      <trkpt lat="37.50992118380963802337646484375" lon="127.06747949123382568359375">
        <ele>29.200000762939453125</ele>
        <time>2026-09-14T08:50:20.000Z</time>
        <extensions>
          <ns3:TrackPointExtension>
            <ns3:hr>168</ns3:hr>
            <ns3:cad>82</ns3:cad>
          </ns3:TrackPointExtension>
        </extensions>
      </trkpt>
      <trkpt lat="37.5099150650203227996826171875" lon="127.06748954951763153076171875">
        <ele>29.200000762939453125</ele>
        <time>2026-09-14T08:50:21.000Z</time>
        <extensions>
          <ns3:TrackPointExtension>
            <ns3:hr>169</ns3:hr>
            <ns3:cad>82</ns3:cad>
          </ns3:TrackPointExtension>
        </extensions>
      </trkpt>
      <trkpt lat="37.50990450382232666015625" lon="127.06749491393566131591796875">
        <ele>29</ele>
        <time>2026-09-14T08:50:22.000Z</time>
        <extensions>
          <ns3:TrackPointExtension>
            <ns3:hr>169</ns3:hr>
            <ns3:cad>82</ns3:cad>
          </ns3:TrackPointExtension>
        </extensions>
      </trkpt>
      <trkpt lat="37.50989519990980625152587890625" lon="127.06750790588557720184326171875">
        <ele>28.799999237060546875</ele>
        <time>2026-09-14T08:50:23.000Z</time>
        <extensions>
          <ns3:TrackPointExtension>
            <ns3:hr>169</ns3:hr>
            <ns3:cad>82</ns3:cad>
          </ns3:TrackPointExtension>
        </extensions>
      </trkpt>
      <trkpt lat="37.5098924338817596435546875" lon="127.06751142628490924835205078125">
        <ele>28.3999996185302734375</ele>
        <time>2026-09-14T08:50:24.000Z</time>
        <extensions>
          <ns3:TrackPointExtension>
            <ns3:hr>169</ns3:hr>
            <ns3:cad>82</ns3:cad>
          </ns3:TrackPointExtension>
        </extensions>
      </trkpt>
      <trkpt lat="37.50989980995655059814453125" lon="127.06749885343015193939208984375">
        <ele>27.799999237060546875</ele>
        <time>2026-09-14T08:50:25.000Z</time>
        <extensions>
          <ns3:TrackPointExtension>
            <ns3:hr>169</ns3:hr>
            <ns3:cad>82</ns3:cad>
          </ns3:TrackPointExtension>
        </extensions>
      </trkpt>
      <trkpt lat="37.50989821739494800567626953125" lon="127.0675054751336574554443359375">
        <ele>27.200000762939453125</ele>
        <time>2026-09-14T08:50:26.000Z</time>
        <extensions>
          <ns3:TrackPointExtension>
            <ns3:hr>169</ns3:hr>
            <ns3:cad>82</ns3:cad>
          </ns3:TrackPointExtension>
        </extensions>
      </trkpt>
      <trkpt lat="37.50990140251815319061279296875" lon="127.06750966608524322509765625">
        <ele>26.6000003814697265625</ele>
        <time>2026-09-14T08:50:27.000Z</time>
        <extensions>
          <ns3:TrackPointExtension>
            <ns3:hr>169</ns3:hr>
            <ns3:cad>82</ns3:cad>
          </ns3:TrackPointExtension>
        </extensions>
      </trkpt>
      <trkpt lat="37.5098976306617259979248046875" lon="127.06752534024417400360107421875">
        <ele>26</ele>
        <time>2026-09-14T08:50:28.000Z</time>
        <extensions>
          <ns3:TrackPointExtension>
            <ns3:hr>168</ns3:hr>
            <ns3:cad>82</ns3:cad>
          </ns3:TrackPointExtension>
        </extensions>
      </trkpt>
      <trkpt lat="37.50989503227174282073974609375" lon="127.06754428334534168243408203125">
        <ele>25.200000762939453125</ele>
        <time>2026-09-14T08:50:29.000Z</time>
        <extensions>
          <ns3:TrackPointExtension>
            <ns3:hr>167</ns3:hr>
            <ns3:cad>82</ns3:cad>
          </ns3:TrackPointExtension>
        </extensions>
      </trkpt>
      <trkpt lat="37.5099003128707408905029296875" lon="127.0675648190081119537353515625">
        <ele>24.6000003814697265625</ele>
        <time>2026-09-14T08:50:30.000Z</time>
        <extensions>
          <ns3:TrackPointExtension>
            <ns3:hr>167</ns3:hr>
            <ns3:cad>82</ns3:cad>
          </ns3:TrackPointExtension>
        </extensions>
      </trkpt>
      <trkpt lat="37.50990140251815319061279296875" lon="127.0675822533667087554931640625">
        <ele>24.200000762939453125</ele>
        <time>2026-09-14T08:50:31.000Z</time>
        <extensions>
          <ns3:TrackPointExtension>
            <ns3:hr>167</ns3:hr>
            <ns3:cad>0</ns3:cad>
          </ns3:TrackPointExtension>
        </extensions>
      </trkpt>
      <trkpt lat="37.50990509055554866790771484375" lon="127.06759122200310230255126953125">
        <ele>23.6000003814697265625</ele>
        <time>2026-09-14T08:50:32.000Z</time>
        <extensions>
          <ns3:TrackPointExtension>
            <ns3:hr>167</ns3:hr>
            <ns3:cad>0</ns3:cad>
          </ns3:TrackPointExtension>
        </extensions>
      </trkpt>
      <trkpt lat="37.509902827441692352294921875" lon="127.067608572542667388916015625">
        <ele>23.200000762939453125</ele>
        <time>2026-09-14T08:50:33.000Z</time>
        <extensions>
          <ns3:TrackPointExtension>
            <ns3:hr>166</ns3:hr>
            <ns3:cad>0</ns3:cad>
          </ns3:TrackPointExtension>
        </extensions>
      </trkpt>
      <trkpt lat="37.50989587046205997467041015625" lon="127.0676241628825664520263671875">
        <ele>22.6000003814697265625</ele>
        <time>2026-09-14T08:50:34.000Z</time>
        <extensions>
          <ns3:TrackPointExtension>
            <ns3:hr>166</ns3:hr>
            <ns3:cad>0</ns3:cad>
          </ns3:TrackPointExtension>
        </extensions>
      </trkpt>
      <trkpt lat="37.5098842196166515350341796875" lon="127.0676536671817302703857421875">
        <ele>22</ele>
        <time>2026-09-14T08:50:35.000Z</time>
        <extensions>
          <ns3:TrackPointExtension>
            <ns3:hr>165</ns3:hr>
            <ns3:cad>0</ns3:cad>
          </ns3:TrackPointExtension>
        </extensions>
      </trkpt>
      <trkpt lat="37.5098775140941143035888671875" lon="127.06767839379608631134033203125">
        <ele>21.3999996185302734375</ele>
        <time>2026-09-14T08:50:36.000Z</time>
        <extensions>
          <ns3:TrackPointExtension>
            <ns3:hr>165</ns3:hr>
            <ns3:cad>0</ns3:cad>
          </ns3:TrackPointExtension>
        </extensions>
      </trkpt>
      <trkpt lat="37.509865276515483856201171875" lon="127.06768794916570186614990234375">
        <ele>20.799999237060546875</ele>
        <time>2026-09-14T08:50:37.000Z</time>
        <extensions>
          <ns3:TrackPointExtension>
            <ns3:hr>164</ns3:hr>
            <ns3:cad>0</ns3:cad>
          </ns3:TrackPointExtension>
        </extensions>
      </trkpt>
      <trkpt lat="37.50986150465905666351318359375" lon="127.0677069760859012603759765625">
        <ele>20.3999996185302734375</ele>
        <time>2026-09-14T08:50:38.000Z</time>
        <extensions>
          <ns3:TrackPointExtension>
            <ns3:hr>164</ns3:hr>
            <ns3:cad>0</ns3:cad>
          </ns3:TrackPointExtension>
        </extensions>
      </trkpt>
      <trkpt lat="37.50984524376690387725830078125" lon="127.0677275955677032470703125">
        <ele>19.799999237060546875</ele>
        <time>2026-09-14T08:50:39.000Z</time>
        <extensions>
          <ns3:TrackPointExtension>
            <ns3:hr>164</ns3:hr>
            <ns3:cad>0</ns3:cad>
          </ns3:TrackPointExtension>
        </extensions>
      </trkpt>
      <trkpt lat="37.50984189100563526153564453125" lon="127.0677344687283039093017578125">
        <ele>19.3999996185302734375</ele>
        <time>2026-09-14T08:50:40.000Z</time>
        <extensions>
          <ns3:TrackPointExtension>
            <ns3:hr>163</ns3:hr>
            <ns3:cad>0</ns3:cad>
          </ns3:TrackPointExtension>
        </extensions>
      </trkpt>
      <trkpt lat="37.5098359398543834686279296875" lon="127.0677572675049304962158203125">
        <ele>19.200000762939453125</ele>
        <time>2026-09-14T08:50:41.000Z</time>
        <extensions>
          <ns3:TrackPointExtension>
            <ns3:hr>163</ns3:hr>
            <ns3:cad>0</ns3:cad>
          </ns3:TrackPointExtension>
        </extensions>
      </trkpt>
      <trkpt lat="37.509832419455051422119140625" lon="127.06778417341411113739013671875">
        <ele>18.6000003814697265625</ele>
        <time>2026-09-14T08:50:42.000Z</time>
        <extensions>
          <ns3:TrackPointExtension>
            <ns3:hr>162</ns3:hr>
            <ns3:cad>0</ns3:cad>
          </ns3:TrackPointExtension>
        </extensions>
      </trkpt>
      <trkpt lat="37.509826719760894775390625" lon="127.0678085647523403167724609375">
        <ele>17.799999237060546875</ele>
        <time>2026-09-14T08:50:43.000Z</time>
        <extensions>
          <ns3:TrackPointExtension>
            <ns3:hr>162</ns3:hr>
            <ns3:cad>0</ns3:cad>
          </ns3:TrackPointExtension>
        </extensions>
      </trkpt>
      <trkpt lat="37.50982546247541904449462890625" lon="127.06782281398773193359375">
        <ele>17.200000762939453125</ele>
        <time>2026-09-14T08:50:44.000Z</time>
        <extensions>
          <ns3:TrackPointExtension>
            <ns3:hr>162</ns3:hr>
            <ns3:cad>0</ns3:cad>
          </ns3:TrackPointExtension>
        </extensions>
      </trkpt>
      <trkpt lat="37.50982764177024364471435546875" lon="127.0678290165960788726806640625">
        <ele>16.6000003814697265625</ele>
        <time>2026-09-14T08:50:45.000Z</time>
        <extensions>
          <ns3:TrackPointExtension>
            <ns3:hr>161</ns3:hr>
            <ns3:cad>0</ns3:cad>
          </ns3:TrackPointExtension>
        </extensions>
      </trkpt>
      <trkpt lat="37.50983032397925853729248046875" lon="127.06784360110759735107421875">
        <ele>16.200000762939453125</ele>
        <time>2026-09-14T08:50:46.000Z</time>
        <extensions>
          <ns3:TrackPointExtension>
            <ns3:hr>161</ns3:hr>
            <ns3:cad>0</ns3:cad>
          </ns3:TrackPointExtension>
        </extensions>
      </trkpt>
      <trkpt lat="37.509832419455051422119140625" lon="127.067845277488231658935546875">
        <ele>15.80000019073486328125</ele>
        <time>2026-09-14T08:50:47.000Z</time>
        <extensions>
          <ns3:TrackPointExtension>
            <ns3:hr>160</ns3:hr>
            <ns3:cad>0</ns3:cad>
          </ns3:TrackPointExtension>
        </extensions>
      </trkpt>
      <trkpt lat="37.509839795529842376708984375" lon="127.06783865578472614288330078125">
        <ele>15.6000003814697265625</ele>
        <time>2026-09-14T08:50:48.000Z</time>
        <extensions>
          <ns3:TrackPointExtension>
            <ns3:hr>160</ns3:hr>
            <ns3:cad>0</ns3:cad>
          </ns3:TrackPointExtension>
        </extensions>
      </trkpt>
      <trkpt lat="37.50985010527074337005615234375" lon="127.067847959697246551513671875">
        <ele>15.3999996185302734375</ele>
        <time>2026-09-14T08:50:49.000Z</time>
        <extensions>
          <ns3:TrackPointExtension>
            <ns3:hr>159</ns3:hr>
            <ns3:cad>0</ns3:cad>
          </ns3:TrackPointExtension>
        </extensions>
      </trkpt>
      <trkpt lat="37.50985010527074337005615234375" lon="127.067863047122955322265625">
        <ele>15.6000003814697265625</ele>
        <time>2026-09-14T08:50:50.000Z</time>
        <extensions>
          <ns3:TrackPointExtension>
            <ns3:hr>159</ns3:hr>
            <ns3:cad>0</ns3:cad>
          </ns3:TrackPointExtension>
        </extensions>
      </trkpt>
      <trkpt lat="37.5098540447652339935302734375" lon="127.06787436269223690032958984375">
        <ele>15.6000003814697265625</ele>
        <time>2026-09-14T08:50:51.000Z</time>
        <extensions>
          <ns3:TrackPointExtension>
            <ns3:hr>158</ns3:hr>
            <ns3:cad>81</ns3:cad>
          </ns3:TrackPointExtension>
        </extensions>
      </trkpt>
      <trkpt lat="37.50986167229712009429931640625" lon="127.06791124306619167327880859375">
        <ele>15.80000019073486328125</ele>
        <time>2026-09-14T08:50:52.000Z</time>
        <extensions>
          <ns3:TrackPointExtension>
            <ns3:hr>157</ns3:hr>
            <ns3:cad>81</ns3:cad>
          </ns3:TrackPointExtension>
        </extensions>
      </trkpt>
      <trkpt lat="37.509879358112812042236328125" lon="127.06792364828288555145263671875">
        <ele>15.80000019073486328125</ele>
        <time>2026-09-14T08:50:53.000Z</time>
        <extensions>
          <ns3:TrackPointExtension>
            <ns3:hr>157</ns3:hr>
            <ns3:cad>81</ns3:cad>
          </ns3:TrackPointExtension>
        </extensions>
      </trkpt>
      <trkpt lat="37.5098884105682373046875" lon="127.0679513923823833465576171875">
        <ele>15.80000019073486328125</ele>
        <time>2026-09-14T08:50:54.000Z</time>
        <extensions>
          <ns3:TrackPointExtension>
            <ns3:hr>156</ns3:hr>
            <ns3:cad>82</ns3:cad>
          </ns3:TrackPointExtension>
        </extensions>
      </trkpt>
      <trkpt lat="37.50990626402199268341064453125" lon="127.06797377206385135650634765625">
        <ele>16</ele>
        <time>2026-09-14T08:50:55.000Z</time>
        <extensions>
          <ns3:TrackPointExtension>
            <ns3:hr>156</ns3:hr>
            <ns3:cad>82</ns3:cad>
          </ns3:TrackPointExtension>
        </extensions>
      </trkpt>
      <trkpt lat="37.5099271349608898162841796875" lon="127.06799807958304882049560546875">
        <ele>16</ele>
        <time>2026-09-14T08:50:56.000Z</time>
        <extensions>
          <ns3:TrackPointExtension>
            <ns3:hr>156</ns3:hr>
            <ns3:cad>82</ns3:cad>
          </ns3:TrackPointExtension>
        </extensions>
      </trkpt>
      <trkpt lat="37.50995957292616367340087890625" lon="127.06801735796034336090087890625">
        <ele>16</ele>
        <time>2026-09-14T08:50:57.000Z</time>
        <extensions>
          <ns3:TrackPointExtension>
            <ns3:hr>156</ns3:hr>
            <ns3:cad>82</ns3:cad>
          </ns3:TrackPointExtension>
        </extensions>
      </trkpt>
      <trkpt lat="37.50998270697891712188720703125" lon="127.06804133020341396331787109375">
        <ele>16</ele>
        <time>2026-09-14T08:50:58.000Z</time>
        <extensions>
          <ns3:TrackPointExtension>
            <ns3:hr>155</ns3:hr>
            <ns3:cad>82</ns3:cad>
          </ns3:TrackPointExtension>
        </extensions>
      </trkpt>
      <trkpt lat="37.51001053489744663238525390625" lon="127.068064548075199127197265625">
        <ele>16</ele>
        <time>2026-09-14T08:50:59.000Z</time>
        <extensions>
          <ns3:TrackPointExtension>
            <ns3:hr>155</ns3:hr>
            <ns3:cad>82</ns3:cad>
          </ns3:TrackPointExtension>
        </extensions>
      </trkpt>
      <trkpt lat="37.5100364349782466888427734375" lon="127.06808608956634998321533203125">
        <ele>16.200000762939453125</ele>
        <time>2026-09-14T08:51:00.000Z</time>
        <extensions>
          <ns3:TrackPointExtension>
            <ns3:hr>155</ns3:hr>
            <ns3:cad>82</ns3:cad>
          </ns3:TrackPointExtension>
        </extensions>
      </trkpt>
      <trkpt lat="37.5100609101355075836181640625" lon="127.06810737960040569305419921875">
        <ele>16</ele>
        <time>2026-09-14T08:51:01.000Z</time>
        <extensions>
          <ns3:TrackPointExtension>
            <ns3:hr>155</ns3:hr>
            <ns3:cad>82</ns3:cad>
          </ns3:TrackPointExtension>
        </extensions>
      </trkpt>
      <trkpt lat="37.51010307110846042633056640625" lon="127.0681428350508213043212890625">
        <ele>16</ele>
        <time>2026-09-14T08:51:02.000Z</time>
        <extensions>
          <ns3:TrackPointExtension>
            <ns3:hr>155</ns3:hr>
            <ns3:cad>82</ns3:cad>
          </ns3:TrackPointExtension>
        </extensions>
      </trkpt>
      <trkpt lat="37.51013207249343395233154296875" lon="127.0681616105139255523681640625">
        <ele>15.80000019073486328125</ele>
        <time>2026-09-14T08:51:03.000Z</time>
        <extensions>
          <ns3:TrackPointExtension>
            <ns3:hr>154</ns3:hr>
            <ns3:cad>82</ns3:cad>
          </ns3:TrackPointExtension>
        </extensions>
      </trkpt>
      <trkpt lat="37.51017071306705474853515625" lon="127.06814543344080448150634765625">
        <ele>16</ele>
        <time>2026-09-14T08:51:04.000Z</time>
        <extensions>
          <ns3:TrackPointExtension>
            <ns3:hr>154</ns3:hr>
            <ns3:cad>82</ns3:cad>
          </ns3:TrackPointExtension>
        </extensions>
      </trkpt>
      <trkpt lat="37.51022092066705226898193359375" lon="127.06807469017803668975830078125">
        <ele>16</ele>
        <time>2026-09-14T08:51:05.000Z</time>
        <extensions>
          <ns3:TrackPointExtension>
            <ns3:hr>154</ns3:hr>
            <ns3:cad>82</ns3:cad>
          </ns3:TrackPointExtension>
        </extensions>
      </trkpt>
      <trkpt lat="37.51026651822030544281005859375" lon="127.068045437335968017578125">
        <ele>16.200000762939453125</ele>
        <time>2026-09-14T08:51:06.000Z</time>
        <extensions>
          <ns3:TrackPointExtension>
            <ns3:hr>154</ns3:hr>
            <ns3:cad>82</ns3:cad>
          </ns3:TrackPointExtension>
        </extensions>
      </trkpt>
      <trkpt lat="37.510331310331821441650390625" lon="127.06801886670291423797607421875">
        <ele>16.200000762939453125</ele>
        <time>2026-09-14T08:51:07.000Z</time>
        <extensions>
          <ns3:TrackPointExtension>
            <ns3:hr>154</ns3:hr>
            <ns3:cad>82</ns3:cad>
          </ns3:TrackPointExtension>
        </extensions>
      </trkpt>
      <trkpt lat="37.51037380658090114593505859375" lon="127.067995481193065643310546875">
        <ele>16.3999996185302734375</ele>
        <time>2026-09-14T08:51:08.000Z</time>
        <extensions>
          <ns3:TrackPointExtension>
            <ns3:hr>155</ns3:hr>
            <ns3:cad>81</ns3:cad>
          </ns3:TrackPointExtension>
        </extensions>
      </trkpt>
      <trkpt lat="37.51041219569742679595947265625" lon="127.06798215396702289581298828125">
        <ele>16.3999996185302734375</ele>
        <time>2026-09-14T08:51:09.000Z</time>
        <extensions>
          <ns3:TrackPointExtension>
            <ns3:hr>156</ns3:hr>
            <ns3:cad>81</ns3:cad>
          </ns3:TrackPointExtension>
        </extensions>
      </trkpt>
      <trkpt lat="37.5104558654129505157470703125" lon="127.06797771155834197998046875">
        <ele>16.200000762939453125</ele>
        <time>2026-09-14T08:51:10.000Z</time>
        <extensions>
          <ns3:TrackPointExtension>
            <ns3:hr>155</ns3:hr>
            <ns3:cad>82</ns3:cad>
          </ns3:TrackPointExtension>
        </extensions>
      </trkpt>
      <trkpt lat="37.51052199862897396087646484375" lon="127.06796388141810894012451171875">
        <ele>16.200000762939453125</ele>
        <time>2026-09-14T08:51:11.000Z</time>
        <extensions>
          <ns3:TrackPointExtension>
            <ns3:hr>155</ns3:hr>
            <ns3:cad>82</ns3:cad>
          </ns3:TrackPointExtension>
        </extensions>
      </trkpt>
      <trkpt lat="37.510563991963863372802734375" lon="127.06795700825750827789306640625">
        <ele>16</ele>
        <time>2026-09-14T08:51:12.000Z</time>
        <extensions>
          <ns3:TrackPointExtension>
            <ns3:hr>156</ns3:hr>
            <ns3:cad>83</ns3:cad>
          </ns3:TrackPointExtension>
        </extensions>
      </trkpt>
      <trkpt lat="37.51059844158589839935302734375" lon="127.06795600242912769317626953125">
        <ele>15.80000019073486328125</ele>
        <time>2026-09-14T08:51:13.000Z</time>
        <extensions>
          <ns3:TrackPointExtension>
            <ns3:hr>157</ns3:hr>
            <ns3:cad>83</ns3:cad>
          </ns3:TrackPointExtension>
        </extensions>
      </trkpt>
      <trkpt lat="37.5106275267899036407470703125" lon="127.0679470337927341461181640625">
        <ele>15.80000019073486328125</ele>
        <time>2026-09-14T08:51:14.000Z</time>
        <extensions>
          <ns3:TrackPointExtension>
            <ns3:hr>158</ns3:hr>
            <ns3:cad>83</ns3:cad>
          </ns3:TrackPointExtension>
        </extensions>
      </trkpt>
      <trkpt lat="37.51066700555384159088134765625" lon="127.06793873570859432220458984375">
        <ele>15.6000003814697265625</ele>
        <time>2026-09-14T08:51:15.000Z</time>
        <extensions>
          <ns3:TrackPointExtension>
            <ns3:hr>160</ns3:hr>
            <ns3:cad>82</ns3:cad>
          </ns3:TrackPointExtension>
        </extensions>
      </trkpt>
      <trkpt lat="37.51069231890141963958740234375" lon="127.0679316110908985137939453125">
        <ele>15.3999996185302734375</ele>
        <time>2026-09-14T08:51:16.000Z</time>
        <extensions>
          <ns3:TrackPointExtension>
            <ns3:hr>160</ns3:hr>
            <ns3:cad>81</ns3:cad>
          </ns3:TrackPointExtension>
        </extensions>
      </trkpt>
      <trkpt lat="37.51072601415216922760009765625" lon="127.067921049892902374267578125">
        <ele>15.19999980926513671875</ele>
        <time>2026-09-14T08:51:17.000Z</time>
        <extensions>
          <ns3:TrackPointExtension>
            <ns3:hr>160</ns3:hr>
            <ns3:cad>81</ns3:cad>
          </ns3:TrackPointExtension>
        </extensions>
      </trkpt>
      <trkpt lat="37.51076641492545604705810546875" lon="127.06792565993964672088623046875">
        <ele>15</ele>
        <time>2026-09-14T08:51:18.000Z</time>
        <extensions>
          <ns3:TrackPointExtension>
            <ns3:hr>161</ns3:hr>
            <ns3:cad>81</ns3:cad>
          </ns3:TrackPointExtension>
        </extensions>
      </trkpt>
      <trkpt lat="37.51079122535884380340576171875" lon="127.06792331300675868988037109375">
        <ele>14.80000019073486328125</ele>
        <time>2026-09-14T08:51:19.000Z</time>
        <extensions>
          <ns3:TrackPointExtension>
            <ns3:hr>161</ns3:hr>
            <ns3:cad>81</ns3:cad>
          </ns3:TrackPointExtension>
        </extensions>
      </trkpt>
      <trkpt lat="37.51082022674381732940673828125" lon="127.06792943179607391357421875">
        <ele>14.80000019073486328125</ele>
        <time>2026-09-14T08:51:20.000Z</time>
        <extensions>
          <ns3:TrackPointExtension>
            <ns3:hr>161</ns3:hr>
            <ns3:cad>81</ns3:cad>
          </ns3:TrackPointExtension>
        </extensions>
      </trkpt>
      <trkpt lat="37.51084528863430023193359375" lon="127.0679369755089282989501953125">
        <ele>14.80000019073486328125</ele>
        <time>2026-09-14T08:51:21.000Z</time>
        <extensions>
          <ns3:TrackPointExtension>
            <ns3:hr>160</ns3:hr>
            <ns3:cad>81</ns3:cad>
          </ns3:TrackPointExtension>
        </extensions>
      </trkpt>
      <trkpt lat="37.51086942851543426513671875" lon="127.06794309429824352264404296875">
        <ele>14.80000019073486328125</ele>
        <time>2026-09-14T08:51:22.000Z</time>
        <extensions>
          <ns3:TrackPointExtension>
            <ns3:hr>161</ns3:hr>
            <ns3:cad>81</ns3:cad>
          </ns3:TrackPointExtension>
        </extensions>
      </trkpt>
      <trkpt lat="37.51090052537620067596435546875" lon="127.067964635789394378662109375">
        <ele>14.80000019073486328125</ele>
        <time>2026-09-14T08:51:23.000Z</time>
        <extensions>
          <ns3:TrackPointExtension>
            <ns3:hr>161</ns3:hr>
            <ns3:cad>83</ns3:cad>
          </ns3:TrackPointExtension>
        </extensions>
      </trkpt>
      <trkpt lat="37.5109215639531612396240234375" lon="127.067974023520946502685546875">
        <ele>14.6000003814697265625</ele>
        <time>2026-09-14T08:51:24.000Z</time>
        <extensions>
          <ns3:TrackPointExtension>
            <ns3:hr>160</ns3:hr>
            <ns3:cad>83</ns3:cad>
          </ns3:TrackPointExtension>
        </extensions>
      </trkpt>
      <trkpt lat="37.51094855368137359619140625" lon="127.06799221225082874298095703125">
        <ele>14.3999996185302734375</ele>
        <time>2026-09-14T08:51:25.000Z</time>
        <extensions>
          <ns3:TrackPointExtension>
            <ns3:hr>161</ns3:hr>
            <ns3:cad>83</ns3:cad>
          </ns3:TrackPointExtension>
        </extensions>
      </trkpt>
      <trkpt lat="37.51097814179956912994384765625" lon="127.068010233342647552490234375">
        <ele>14.3999996185302734375</ele>
        <time>2026-09-14T08:51:26.000Z</time>
        <extensions>
          <ns3:TrackPointExtension>
            <ns3:hr>161</ns3:hr>
            <ns3:cad>82</ns3:cad>
          </ns3:TrackPointExtension>
        </extensions>
      </trkpt>
      <trkpt lat="37.51100848428905010223388671875" lon="127.06802272237837314605712890625">
        <ele>14.19999980926513671875</ele>
        <time>2026-09-14T08:51:27.000Z</time>
        <extensions>
          <ns3:TrackPointExtension>
            <ns3:hr>160</ns3:hr>
            <ns3:cad>82</ns3:cad>
          </ns3:TrackPointExtension>
        </extensions>
      </trkpt>
      <trkpt lat="37.51104888506233692169189453125" lon="127.0680462755262851715087890625">
        <ele>14</ele>
        <time>2026-09-14T08:51:28.000Z</time>
        <extensions>
          <ns3:TrackPointExtension>
            <ns3:hr>161</ns3:hr>
            <ns3:cad>82</ns3:cad>
          </ns3:TrackPointExtension>
        </extensions>
      </trkpt>
      <trkpt lat="37.51108073629438877105712890625" lon="127.068061865866184234619140625">
        <ele>14</ele>
        <time>2026-09-14T08:51:29.000Z</time>
        <extensions>
          <ns3:TrackPointExtension>
            <ns3:hr>161</ns3:hr>
            <ns3:cad>82</ns3:cad>
          </ns3:TrackPointExtension>
        </extensions>
      </trkpt>
      <trkpt lat="37.5111096538603305816650390625" lon="127.06806530244648456573486328125">
        <ele>13.80000019073486328125</ele>
        <time>2026-09-14T08:51:30.000Z</time>
        <extensions>
          <ns3:TrackPointExtension>
            <ns3:hr>160</ns3:hr>
            <ns3:cad>82</ns3:cad>
          </ns3:TrackPointExtension>
        </extensions>
      </trkpt>
      <trkpt lat="37.51114477403461933135986328125" lon="127.06807150505483150482177734375">
        <ele>13.6000003814697265625</ele>
        <time>2026-09-14T08:51:31.000Z</time>
        <extensions>
          <ns3:TrackPointExtension>
            <ns3:hr>161</ns3:hr>
            <ns3:cad>82</ns3:cad>
          </ns3:TrackPointExtension>
        </extensions>
      </trkpt>
      <trkpt lat="37.511166818439960479736328125" lon="127.06806094385683536529541015625">
        <ele>13.3999996185302734375</ele>
        <time>2026-09-14T08:51:32.000Z</time>
        <extensions>
          <ns3:TrackPointExtension>
            <ns3:hr>161</ns3:hr>
            <ns3:cad>82</ns3:cad>
          </ns3:TrackPointExtension>
        </extensions>
      </trkpt>
      <trkpt lat="37.51119473017752170562744140625" lon="127.06805147230625152587890625">
        <ele>13.3999996185302734375</ele>
        <time>2026-09-14T08:51:33.000Z</time>
        <extensions>
          <ns3:TrackPointExtension>
            <ns3:hr>161</ns3:hr>
            <ns3:cad>82</ns3:cad>
          </ns3:TrackPointExtension>
        </extensions>
      </trkpt>
      <trkpt lat="37.51122842542827129364013671875" lon="127.0680459402501583099365234375">
        <ele>13.19999980926513671875</ele>
        <time>2026-09-14T08:51:34.000Z</time>
        <extensions>
          <ns3:TrackPointExtension>
            <ns3:hr>161</ns3:hr>
            <ns3:cad>82</ns3:cad>
          </ns3:TrackPointExtension>
        </extensions>
      </trkpt>
      <trkpt lat="37.51125407405197620391845703125" lon="127.0680412463843822479248046875">
        <ele>13.19999980926513671875</ele>
        <time>2026-09-14T08:51:35.000Z</time>
        <extensions>
          <ns3:TrackPointExtension>
            <ns3:hr>161</ns3:hr>
            <ns3:cad>82</ns3:cad>
          </ns3:TrackPointExtension>
        </extensions>
      </trkpt>
      <trkpt lat="37.5112900324165821075439453125" lon="127.06803412176668643951416015625">
        <ele>13.3999996185302734375</ele>
        <time>2026-09-14T08:51:36.000Z</time>
        <extensions>
          <ns3:TrackPointExtension>
            <ns3:hr>161</ns3:hr>
            <ns3:cad>82</ns3:cad>
          </ns3:TrackPointExtension>
        </extensions>
      </trkpt>
      <trkpt lat="37.5113113224506378173828125" lon="127.0680285058915615081787109375">
        <ele>13.3999996185302734375</ele>
        <time>2026-09-14T08:51:37.000Z</time>
        <extensions>
          <ns3:TrackPointExtension>
            <ns3:hr>161</ns3:hr>
            <ns3:cad>82</ns3:cad>
          </ns3:TrackPointExtension>
        </extensions>
      </trkpt>
      <trkpt lat="37.5113396532833576202392578125" lon="127.06801836378872394561767578125">
        <ele>13.3999996185302734375</ele>
        <time>2026-09-14T08:51:38.000Z</time>
        <extensions>
          <ns3:TrackPointExtension>
            <ns3:hr>161</ns3:hr>
            <ns3:cad>82</ns3:cad>
          </ns3:TrackPointExtension>
        </extensions>
      </trkpt>
      <trkpt lat="37.51137678511440753936767578125" lon="127.06801299937069416046142578125">
        <ele>13.3999996185302734375</ele>
        <time>2026-09-14T08:51:39.000Z</time>
        <extensions>
          <ns3:TrackPointExtension>
            <ns3:hr>161</ns3:hr>
            <ns3:cad>82</ns3:cad>
          </ns3:TrackPointExtension>
        </extensions>
      </trkpt>
      <trkpt lat="37.5113973207771778106689453125" lon="127.06800327636301517486572265625">
        <ele>13.3999996185302734375</ele>
        <time>2026-09-14T08:51:40.000Z</time>
        <extensions>
          <ns3:TrackPointExtension>
            <ns3:hr>161</ns3:hr>
            <ns3:cad>82</ns3:cad>
          </ns3:TrackPointExtension>
        </extensions>
      </trkpt>
      <trkpt lat="37.5114254839718341827392578125" lon="127.06799958832561969757080078125">
        <ele>13.3999996185302734375</ele>
        <time>2026-09-14T08:51:41.000Z</time>
        <extensions>
          <ns3:TrackPointExtension>
            <ns3:hr>161</ns3:hr>
            <ns3:cad>82</ns3:cad>
          </ns3:TrackPointExtension>
        </extensions>
      </trkpt>
      <trkpt lat="37.51145238988101482391357421875" lon="127.0679966546595096588134765625">
        <ele>13.19999980926513671875</ele>
        <time>2026-09-14T08:51:42.000Z</time>
        <extensions>
          <ns3:TrackPointExtension>
            <ns3:hr>162</ns3:hr>
            <ns3:cad>82</ns3:cad>
          </ns3:TrackPointExtension>
        </extensions>
      </trkpt>
      <trkpt lat="37.511475943028926849365234375" lon="127.06798835657536983489990234375">
        <ele>13.19999980926513671875</ele>
        <time>2026-09-14T08:51:43.000Z</time>
        <extensions>
          <ns3:TrackPointExtension>
            <ns3:hr>161</ns3:hr>
            <ns3:cad>82</ns3:cad>
          </ns3:TrackPointExtension>
        </extensions>
      </trkpt>
      <trkpt lat="37.51151676289737224578857421875" lon="127.0679872669279575347900390625">
        <ele>13.19999980926513671875</ele>
        <time>2026-09-14T08:51:44.000Z</time>
        <extensions>
          <ns3:TrackPointExtension>
            <ns3:hr>161</ns3:hr>
            <ns3:cad>83</ns3:cad>
          </ns3:TrackPointExtension>
        </extensions>
      </trkpt>
      <trkpt lat="37.51153755001723766326904296875" lon="127.06797846592962741851806640625">
        <ele>13</ele>
        <time>2026-09-14T08:51:45.000Z</time>
        <extensions>
          <ns3:TrackPointExtension>
            <ns3:hr>161</ns3:hr>
            <ns3:cad>83</ns3:cad>
          </ns3:TrackPointExtension>
        </extensions>
      </trkpt>
      <trkpt lat="37.5115740112960338592529296875" lon="127.06797368824481964111328125">
        <ele>13</ele>
        <time>2026-09-14T08:51:46.000Z</time>
        <extensions>
          <ns3:TrackPointExtension>
            <ns3:hr>161</ns3:hr>
            <ns3:cad>83</ns3:cad>
          </ns3:TrackPointExtension>
        </extensions>
      </trkpt>
      <trkpt lat="37.51160527579486370086669921875" lon="127.06797276623547077178955078125">
        <ele>13</ele>
        <time>2026-09-14T08:51:47.000Z</time>
        <extensions>
          <ns3:TrackPointExtension>
            <ns3:hr>161</ns3:hr>
            <ns3:cad>82</ns3:cad>
          </ns3:TrackPointExtension>
        </extensions>
      </trkpt>
      <trkpt lat="37.51163511537015438079833984375" lon="127.06796522252261638641357421875">
        <ele>12.80000019073486328125</ele>
        <time>2026-09-14T08:51:48.000Z</time>
        <extensions>
          <ns3:TrackPointExtension>
            <ns3:hr>161</ns3:hr>
            <ns3:cad>82</ns3:cad>
          </ns3:TrackPointExtension>
        </extensions>
      </trkpt>
      <trkpt lat="37.51166336238384246826171875" lon="127.06795533187687397003173828125">
        <ele>12.80000019073486328125</ele>
        <time>2026-09-14T08:51:49.000Z</time>
        <extensions>
          <ns3:TrackPointExtension>
            <ns3:hr>161</ns3:hr>
            <ns3:cad>82</ns3:cad>
          </ns3:TrackPointExtension>
        </extensions>
      </trkpt>
      <trkpt lat="37.51168943010270595550537109375" lon="127.0679463632404804229736328125">
        <ele>12.80000019073486328125</ele>
        <time>2026-09-14T08:51:50.000Z</time>
        <extensions>
          <ns3:TrackPointExtension>
            <ns3:hr>161</ns3:hr>
            <ns3:cad>84</ns3:cad>
          </ns3:TrackPointExtension>
        </extensions>
      </trkpt>
      <trkpt lat="37.5117190182209014892578125" lon="127.06793613731861114501953125">
        <ele>12.80000019073486328125</ele>
        <time>2026-09-14T08:51:51.000Z</time>
        <extensions>
          <ns3:TrackPointExtension>
            <ns3:hr>161</ns3:hr>
            <ns3:cad>84</ns3:cad>
          </ns3:TrackPointExtension>
        </extensions>
      </trkpt>
      <trkpt lat="37.5117527134716510772705078125" lon="127.067938484251499176025390625">
        <ele>13</ele>
        <time>2026-09-14T08:51:52.000Z</time>
        <extensions>
          <ns3:TrackPointExtension>
            <ns3:hr>161</ns3:hr>
            <ns3:cad>84</ns3:cad>
          </ns3:TrackPointExtension>
        </extensions>
      </trkpt>
      <trkpt lat="37.5117778591811656951904296875" lon="127.0679341256618499755859375">
        <ele>13</ele>
        <time>2026-09-14T08:51:53.000Z</time>
        <extensions>
          <ns3:TrackPointExtension>
            <ns3:hr>160</ns3:hr>
            <ns3:cad>84</ns3:cad>
          </ns3:TrackPointExtension>
        </extensions>
      </trkpt>
      <trkpt lat="37.51182035543024539947509765625" lon="127.06793102435767650604248046875">
        <ele>13</ele>
        <time>2026-09-14T08:51:54.000Z</time>
        <extensions>
          <ns3:TrackPointExtension>
            <ns3:hr>160</ns3:hr>
            <ns3:cad>84</ns3:cad>
          </ns3:TrackPointExtension>
        </extensions>
      </trkpt>
      <trkpt lat="37.51184449531137943267822265625" lon="127.06792180426418781280517578125">
        <ele>13</ele>
        <time>2026-09-14T08:51:55.000Z</time>
        <extensions>
          <ns3:TrackPointExtension>
            <ns3:hr>160</ns3:hr>
            <ns3:cad>84</ns3:cad>
          </ns3:TrackPointExtension>
        </extensions>
      </trkpt>
      <trkpt lat="37.5118730776011943817138671875" lon="127.06790872849524021148681640625">
        <ele>13.19999980926513671875</ele>
        <time>2026-09-14T08:51:56.000Z</time>
        <extensions>
          <ns3:TrackPointExtension>
            <ns3:hr>160</ns3:hr>
            <ns3:cad>84</ns3:cad>
          </ns3:TrackPointExtension>
        </extensions>
      </trkpt>
      <trkpt lat="37.5119092874228954315185546875" lon="127.06790923140943050384521484375">
        <ele>13</ele>
        <time>2026-09-14T08:51:57.000Z</time>
        <extensions>
          <ns3:TrackPointExtension>
            <ns3:hr>160</ns3:hr>
            <ns3:cad>84</ns3:cad>
          </ns3:TrackPointExtension>
        </extensions>
      </trkpt>
      <trkpt lat="37.51193451695144176483154296875" lon="127.06790420226752758026123046875">
        <ele>13</ele>
        <time>2026-09-14T08:51:58.000Z</time>
        <extensions>
          <ns3:TrackPointExtension>
            <ns3:hr>160</ns3:hr>
            <ns3:cad>84</ns3:cad>
          </ns3:TrackPointExtension>
        </extensions>
      </trkpt>
      <trkpt lat="37.5119713135063648223876953125" lon="127.06790084950625896453857421875">
        <ele>13</ele>
        <time>2026-09-14T08:51:59.000Z</time>
        <extensions>
          <ns3:TrackPointExtension>
            <ns3:hr>160</ns3:hr>
            <ns3:cad>84</ns3:cad>
          </ns3:TrackPointExtension>
        </extensions>
      </trkpt>
      <trkpt lat="37.51200157217681407928466796875" lon="127.0679014362394809722900390625">
        <ele>12.80000019073486328125</ele>
        <time>2026-09-14T08:52:00.000Z</time>
        <extensions>
          <ns3:TrackPointExtension>
            <ns3:hr>160</ns3:hr>
            <ns3:cad>84</ns3:cad>
          </ns3:TrackPointExtension>
        </extensions>
      </trkpt>
      <trkpt lat="37.5120330043137073516845703125" lon="127.067895233631134033203125">
        <ele>12.80000019073486328125</ele>
        <time>2026-09-14T08:52:01.000Z</time>
        <extensions>
          <ns3:TrackPointExtension>
            <ns3:hr>160</ns3:hr>
            <ns3:cad>84</ns3:cad>
          </ns3:TrackPointExtension>
        </extensions>
      </trkpt>
      <trkpt lat="37.5120702199637889862060546875" lon="127.06788710318505764007568359375">
        <ele>12.80000019073486328125</ele>
        <time>2026-09-14T08:52:02.000Z</time>
        <extensions>
          <ns3:TrackPointExtension>
            <ns3:hr>160</ns3:hr>
            <ns3:cad>84</ns3:cad>
          </ns3:TrackPointExtension>
        </extensions>
      </trkpt>
      <trkpt lat="37.51209259964525699615478515625" lon="127.067873440682888031005859375">
        <ele>12.80000019073486328125</ele>
        <time>2026-09-14T08:52:03.000Z</time>
        <extensions>
          <ns3:TrackPointExtension>
            <ns3:hr>160</ns3:hr>
            <ns3:cad>84</ns3:cad>
          </ns3:TrackPointExtension>
        </extensions>
      </trkpt>
      <trkpt lat="37.51213149167597293853759765625" lon="127.06786011345684528350830078125">
        <ele>12.80000019073486328125</ele>
        <time>2026-09-14T08:52:04.000Z</time>
        <extensions>
          <ns3:TrackPointExtension>
            <ns3:hr>160</ns3:hr>
            <ns3:cad>84</ns3:cad>
          </ns3:TrackPointExtension>
        </extensions>
      </trkpt>
      <trkpt lat="37.5121557153761386871337890625" lon="127.0678518153727054595947265625">
        <ele>12.80000019073486328125</ele>
        <time>2026-09-14T08:52:05.000Z</time>
        <extensions>
          <ns3:TrackPointExtension>
            <ns3:hr>160</ns3:hr>
            <ns3:cad>84</ns3:cad>
          </ns3:TrackPointExtension>
        </extensions>
      </trkpt>
      <trkpt lat="37.51218178309500217437744140625" lon="127.06784435547888278961181640625">
        <ele>12.80000019073486328125</ele>
        <time>2026-09-14T08:52:06.000Z</time>
        <extensions>
          <ns3:TrackPointExtension>
            <ns3:hr>161</ns3:hr>
            <ns3:cad>84</ns3:cad>
          </ns3:TrackPointExtension>
        </extensions>
      </trkpt>
      <trkpt lat="37.51221648417413234710693359375" lon="127.06784787587821483612060546875">
        <ele>12.80000019073486328125</ele>
        <time>2026-09-14T08:52:07.000Z</time>
        <extensions>
          <ns3:TrackPointExtension>
            <ns3:hr>160</ns3:hr>
            <ns3:cad>84</ns3:cad>
          </ns3:TrackPointExtension>
        </extensions>
      </trkpt>
      <trkpt lat="37.51223643310368061065673828125" lon="127.06784267909824848175048828125">
        <ele>12.80000019073486328125</ele>
        <time>2026-09-14T08:52:08.000Z</time>
        <extensions>
          <ns3:TrackPointExtension>
            <ns3:hr>160</ns3:hr>
            <ns3:cad>84</ns3:cad>
          </ns3:TrackPointExtension>
        </extensions>
      </trkpt>
      <trkpt lat="37.51226283609867095947265625" lon="127.06783982925117015838623046875">
        <ele>12.80000019073486328125</ele>
        <time>2026-09-14T08:52:09.000Z</time>
        <extensions>
          <ns3:TrackPointExtension>
            <ns3:hr>161</ns3:hr>
            <ns3:cad>83</ns3:cad>
          </ns3:TrackPointExtension>
        </extensions>
      </trkpt>
      <trkpt lat="37.5122894905507564544677734375" lon="127.067835889756679534912109375">
        <ele>12.80000019073486328125</ele>
        <time>2026-09-14T08:52:10.000Z</time>
        <extensions>
          <ns3:TrackPointExtension>
            <ns3:hr>161</ns3:hr>
            <ns3:cad>83</ns3:cad>
          </ns3:TrackPointExtension>
        </extensions>
      </trkpt>
      <trkpt lat="37.5123156420886516571044921875" lon="127.0678268373012542724609375">
        <ele>12.6000003814697265625</ele>
        <time>2026-09-14T08:52:11.000Z</time>
        <extensions>
          <ns3:TrackPointExtension>
            <ns3:hr>161</ns3:hr>
            <ns3:cad>83</ns3:cad>
          </ns3:TrackPointExtension>
        </extensions>
      </trkpt>
      <trkpt lat="37.5123573839664459228515625" lon="127.06782641820609569549560546875">
        <ele>12.6000003814697265625</ele>
        <time>2026-09-14T08:52:12.000Z</time>
        <extensions>
          <ns3:TrackPointExtension>
            <ns3:hr>160</ns3:hr>
            <ns3:cad>83</ns3:cad>
          </ns3:TrackPointExtension>
        </extensions>
      </trkpt>
      <trkpt lat="37.512380518019199371337890625" lon="127.067820467054843902587890625">
        <ele>12.80000019073486328125</ele>
        <time>2026-09-14T08:52:13.000Z</time>
        <extensions>
          <ns3:TrackPointExtension>
            <ns3:hr>160</ns3:hr>
            <ns3:cad>83</ns3:cad>
          </ns3:TrackPointExtension>
        </extensions>
      </trkpt>
      <trkpt lat="37.51241303980350494384765625" lon="127.0678145997226238250732421875">
        <ele>12.80000019073486328125</ele>
        <time>2026-09-14T08:52:14.000Z</time>
        <extensions>
          <ns3:TrackPointExtension>
            <ns3:hr>160</ns3:hr>
            <ns3:cad>83</ns3:cad>
          </ns3:TrackPointExtension>
        </extensions>
      </trkpt>
      <trkpt lat="37.51244279555976390838623046875" lon="127.06782155670225620269775390625">
        <ele>12.80000019073486328125</ele>
        <time>2026-09-14T08:52:15.000Z</time>
        <extensions>
          <ns3:TrackPointExtension>
            <ns3:hr>160</ns3:hr>
            <ns3:cad>83</ns3:cad>
          </ns3:TrackPointExtension>
        </extensions>
      </trkpt>
      <trkpt lat="37.51246442086994647979736328125" lon="127.06781552173197269439697265625">
        <ele>12.80000019073486328125</ele>
        <time>2026-09-14T08:52:16.000Z</time>
        <extensions>
          <ns3:TrackPointExtension>
            <ns3:hr>160</ns3:hr>
            <ns3:cad>83</ns3:cad>
          </ns3:TrackPointExtension>
        </extensions>
      </trkpt>
      <trkpt lat="37.51250515691936016082763671875" lon="127.06782071851193904876708984375">
        <ele>12.6000003814697265625</ele>
        <time>2026-09-14T08:52:17.000Z</time>
        <extensions>
          <ns3:TrackPointExtension>
            <ns3:hr>160</ns3:hr>
            <ns3:cad>83</ns3:cad>
          </ns3:TrackPointExtension>
        </extensions>
      </trkpt>
      <trkpt lat="37.512530051171779632568359375" lon="127.06782440654933452606201171875">
        <ele>12.6000003814697265625</ele>
        <time>2026-09-14T08:52:18.000Z</time>
        <extensions>
          <ns3:TrackPointExtension>
            <ns3:hr>160</ns3:hr>
            <ns3:cad>83</ns3:cad>
          </ns3:TrackPointExtension>
        </extensions>
      </trkpt>
      <trkpt lat="37.51256433315575122833251953125" lon="127.067822478711605072021484375">
        <ele>12.6000003814697265625</ele>
        <time>2026-09-14T08:52:19.000Z</time>
        <extensions>
          <ns3:TrackPointExtension>
            <ns3:hr>160</ns3:hr>
            <ns3:cad>83</ns3:cad>
          </ns3:TrackPointExtension>
        </extensions>
      </trkpt>
      <trkpt lat="37.5125992856919765472412109375" lon="127.0678270049393177032470703125">
        <ele>12.6000003814697265625</ele>
        <time>2026-09-14T08:52:20.000Z</time>
        <extensions>
          <ns3:TrackPointExtension>
            <ns3:hr>160</ns3:hr>
            <ns3:cad>84</ns3:cad>
          </ns3:TrackPointExtension>
        </extensions>
      </trkpt>
      <trkpt lat="37.512625269591808319091796875" lon="127.0678129233419895172119140625">
        <ele>12.6000003814697265625</ele>
        <time>2026-09-14T08:52:21.000Z</time>
        <extensions>
          <ns3:TrackPointExtension>
            <ns3:hr>160</ns3:hr>
            <ns3:cad>84</ns3:cad>
          </ns3:TrackPointExtension>
        </extensions>
      </trkpt>
      <trkpt lat="37.51266441307961940765380859375" lon="127.067809738218784332275390625">
        <ele>12.3999996185302734375</ele>
        <time>2026-09-14T08:52:22.000Z</time>
        <extensions>
          <ns3:TrackPointExtension>
            <ns3:hr>160</ns3:hr>
            <ns3:cad>84</ns3:cad>
          </ns3:TrackPointExtension>
        </extensions>
      </trkpt>
      <trkpt lat="37.51268754713237285614013671875" lon="127.067802362143993377685546875">
        <ele>12.3999996185302734375</ele>
        <time>2026-09-14T08:52:23.000Z</time>
        <extensions>
          <ns3:TrackPointExtension>
            <ns3:hr>160</ns3:hr>
            <ns3:cad>84</ns3:cad>
          </ns3:TrackPointExtension>
        </extensions>
      </trkpt>
      <trkpt lat="37.51271705143153667449951171875" lon="127.06779322586953639984130859375">
        <ele>12.6000003814697265625</ele>
        <time>2026-09-14T08:52:24.000Z</time>
        <extensions>
          <ns3:TrackPointExtension>
            <ns3:hr>160</ns3:hr>
            <ns3:cad>84</ns3:cad>
          </ns3:TrackPointExtension>
        </extensions>
      </trkpt>
      <trkpt lat="37.51275175251066684722900390625" lon="127.06779624335467815399169921875">
        <ele>12.6000003814697265625</ele>
        <time>2026-09-14T08:52:25.000Z</time>
        <extensions>
          <ns3:TrackPointExtension>
            <ns3:hr>161</ns3:hr>
            <ns3:cad>84</ns3:cad>
          </ns3:TrackPointExtension>
        </extensions>
      </trkpt>
      <trkpt lat="37.51277446746826171875" lon="127.0677894540131092071533203125">
        <ele>12.6000003814697265625</ele>
        <time>2026-09-14T08:52:26.000Z</time>
        <extensions>
          <ns3:TrackPointExtension>
            <ns3:hr>160</ns3:hr>
            <ns3:cad>84</ns3:cad>
          </ns3:TrackPointExtension>
        </extensions>
      </trkpt>
      <trkpt lat="37.512811683118343353271484375" lon="127.06778417341411113739013671875">
        <ele>12.6000003814697265625</ele>
        <time>2026-09-14T08:52:27.000Z</time>
        <extensions>
          <ns3:TrackPointExtension>
            <ns3:hr>160</ns3:hr>
            <ns3:cad>84</ns3:cad>
          </ns3:TrackPointExtension>
        </extensions>
      </trkpt>
      <trkpt lat="37.51283657737076282501220703125" lon="127.067786268889904022216796875">
        <ele>12.6000003814697265625</ele>
        <time>2026-09-14T08:52:28.000Z</time>
        <extensions>
          <ns3:TrackPointExtension>
            <ns3:hr>161</ns3:hr>
            <ns3:cad>83</ns3:cad>
          </ns3:TrackPointExtension>
        </extensions>
      </trkpt>
      <trkpt lat="37.51286708749830722808837890625" lon="127.06777713261544704437255859375">
        <ele>12.6000003814697265625</ele>
        <time>2026-09-14T08:52:29.000Z</time>
        <extensions>
          <ns3:TrackPointExtension>
            <ns3:hr>160</ns3:hr>
            <ns3:cad>83</ns3:cad>
          </ns3:TrackPointExtension>
        </extensions>
      </trkpt>
      <trkpt lat="37.51289986073970794677734375" lon="127.06777595914900302886962890625">
        <ele>12.6000003814697265625</ele>
        <time>2026-09-14T08:52:30.000Z</time>
        <extensions>
          <ns3:TrackPointExtension>
            <ns3:hr>160</ns3:hr>
            <ns3:cad>83</ns3:cad>
          </ns3:TrackPointExtension>
        </extensions>
      </trkpt>
      <trkpt lat="37.5129206478595733642578125" lon="127.06776858307421207427978515625">
        <ele>12.6000003814697265625</ele>
        <time>2026-09-14T08:52:31.000Z</time>
        <extensions>
          <ns3:TrackPointExtension>
            <ns3:hr>160</ns3:hr>
            <ns3:cad>83</ns3:cad>
          </ns3:TrackPointExtension>
        </extensions>
      </trkpt>
      <trkpt lat="37.512948475778102874755859375" lon="127.067755758762359619140625">
        <ele>12.6000003814697265625</ele>
        <time>2026-09-14T08:52:32.000Z</time>
        <extensions>
          <ns3:TrackPointExtension>
            <ns3:hr>161</ns3:hr>
            <ns3:cad>84</ns3:cad>
          </ns3:TrackPointExtension>
        </extensions>
      </trkpt>
      <trkpt lat="37.51297873444855213165283203125" lon="127.0677475444972515106201171875">
        <ele>12.6000003814697265625</ele>
        <time>2026-09-14T08:52:33.000Z</time>
        <extensions>
          <ns3:TrackPointExtension>
            <ns3:hr>160</ns3:hr>
            <ns3:cad>84</ns3:cad>
          </ns3:TrackPointExtension>
        </extensions>
      </trkpt>
      <trkpt lat="37.513007819652557373046875" lon="127.06774025224149227142333984375">
        <ele>12.6000003814697265625</ele>
        <time>2026-09-14T08:52:34.000Z</time>
        <extensions>
          <ns3:TrackPointExtension>
            <ns3:hr>160</ns3:hr>
            <ns3:cad>84</ns3:cad>
          </ns3:TrackPointExtension>
        </extensions>
      </trkpt>
      <trkpt lat="37.51305199228227138519287109375" lon="127.06774662248790264129638671875">
        <ele>12.6000003814697265625</ele>
        <time>2026-09-14T08:52:35.000Z</time>
        <extensions>
          <ns3:TrackPointExtension>
            <ns3:hr>160</ns3:hr>
            <ns3:cad>82</ns3:cad>
          </ns3:TrackPointExtension>
        </extensions>
      </trkpt>
      <trkpt lat="37.5130790658295154571533203125" lon="127.06774033606052398681640625">
        <ele>12.6000003814697265625</ele>
        <time>2026-09-14T08:52:36.000Z</time>
        <extensions>
          <ns3:TrackPointExtension>
            <ns3:hr>160</ns3:hr>
            <ns3:cad>82</ns3:cad>
          </ns3:TrackPointExtension>
        </extensions>
      </trkpt>
      <trkpt lat="37.5131112523376941680908203125" lon="127.0677381567656993865966796875">
        <ele>12.3999996185302734375</ele>
        <time>2026-09-14T08:52:37.000Z</time>
        <extensions>
          <ns3:TrackPointExtension>
            <ns3:hr>160</ns3:hr>
            <ns3:cad>82</ns3:cad>
          </ns3:TrackPointExtension>
        </extensions>
      </trkpt>
      <trkpt lat="37.513142935931682586669921875" lon="127.0677381567656993865966796875">
        <ele>12.3999996185302734375</ele>
        <time>2026-09-14T08:52:38.000Z</time>
        <extensions>
          <ns3:TrackPointExtension>
            <ns3:hr>160</ns3:hr>
            <ns3:cad>82</ns3:cad>
          </ns3:TrackPointExtension>
        </extensions>
      </trkpt>
      <trkpt lat="37.513169758021831512451171875" lon="127.06772960722446441650390625">
        <ele>12.19999980926513671875</ele>
        <time>2026-09-14T08:52:39.000Z</time>
        <extensions>
          <ns3:TrackPointExtension>
            <ns3:hr>161</ns3:hr>
            <ns3:cad>83</ns3:cad>
          </ns3:TrackPointExtension>
        </extensions>
      </trkpt>
      <trkpt lat="37.513206303119659423828125" lon="127.0677234046161174774169921875">
        <ele>12.19999980926513671875</ele>
        <time>2026-09-14T08:52:40.000Z</time>
        <extensions>
          <ns3:TrackPointExtension>
            <ns3:hr>161</ns3:hr>
            <ns3:cad>83</ns3:cad>
          </ns3:TrackPointExtension>
        </extensions>
      </trkpt>
      <trkpt lat="37.51322549767792224884033203125" lon="127.0677183754742145538330078125">
        <ele>12.19999980926513671875</ele>
        <time>2026-09-14T08:52:41.000Z</time>
        <extensions>
          <ns3:TrackPointExtension>
            <ns3:hr>161</ns3:hr>
            <ns3:cad>83</ns3:cad>
          </ns3:TrackPointExtension>
        </extensions>
      </trkpt>
      <trkpt lat="37.513260282576084136962890625" lon="127.06771024502813816070556640625">
        <ele>12.19999980926513671875</ele>
        <time>2026-09-14T08:52:42.000Z</time>
        <extensions>
          <ns3:TrackPointExtension>
            <ns3:hr>161</ns3:hr>
            <ns3:cad>83</ns3:cad>
          </ns3:TrackPointExtension>
        </extensions>
      </trkpt>
      <trkpt lat="37.51329305581748485565185546875" lon="127.06771393306553363800048828125">
        <ele>12.19999980926513671875</ele>
        <time>2026-09-14T08:52:43.000Z</time>
        <extensions>
          <ns3:TrackPointExtension>
            <ns3:hr>161</ns3:hr>
            <ns3:cad>83</ns3:cad>
          </ns3:TrackPointExtension>
        </extensions>
      </trkpt>
      <trkpt lat="37.5133181177079677581787109375" lon="127.06770035438239574432373046875">
        <ele>12.19999980926513671875</ele>
        <time>2026-09-14T08:52:44.000Z</time>
        <extensions>
          <ns3:TrackPointExtension>
            <ns3:hr>161</ns3:hr>
            <ns3:cad>83</ns3:cad>
          </ns3:TrackPointExtension>
        </extensions>
      </trkpt>
      <trkpt lat="37.513354830443859100341796875" lon="127.0676895417273044586181640625">
        <ele>12.19999980926513671875</ele>
        <time>2026-09-14T08:52:45.000Z</time>
        <extensions>
          <ns3:TrackPointExtension>
            <ns3:hr>161</ns3:hr>
            <ns3:cad>84</ns3:cad>
          </ns3:TrackPointExtension>
        </extensions>
      </trkpt>
      <trkpt lat="37.51337863504886627197265625" lon="127.06768811680376529693603515625">
        <ele>12.19999980926513671875</ele>
        <time>2026-09-14T08:52:46.000Z</time>
        <extensions>
          <ns3:TrackPointExtension>
            <ns3:hr>161</ns3:hr>
            <ns3:cad>84</ns3:cad>
          </ns3:TrackPointExtension>
        </extensions>
      </trkpt>
      <trkpt lat="37.51340520568192005157470703125" lon="127.0676794834434986114501953125">
        <ele>12.19999980926513671875</ele>
        <time>2026-09-14T08:52:47.000Z</time>
        <extensions>
          <ns3:TrackPointExtension>
            <ns3:hr>161</ns3:hr>
            <ns3:cad>84</ns3:cad>
          </ns3:TrackPointExtension>
        </extensions>
      </trkpt>
      <trkpt lat="37.51343806274235248565673828125" lon="127.06768937408924102783203125">
        <ele>12.19999980926513671875</ele>
        <time>2026-09-14T08:52:48.000Z</time>
        <extensions>
          <ns3:TrackPointExtension>
            <ns3:hr>161</ns3:hr>
            <ns3:cad>83</ns3:cad>
          </ns3:TrackPointExtension>
        </extensions>
      </trkpt>
      <trkpt lat="37.51346270553767681121826171875" lon="127.06768208183348178863525390625">
        <ele>12.19999980926513671875</ele>
        <time>2026-09-14T08:52:49.000Z</time>
        <extensions>
          <ns3:TrackPointExtension>
            <ns3:hr>161</ns3:hr>
            <ns3:cad>83</ns3:cad>
          </ns3:TrackPointExtension>
        </extensions>
      </trkpt>
      <trkpt lat="37.51349539496004581451416015625" lon="127.06767596304416656494140625">
        <ele>12.19999980926513671875</ele>
        <time>2026-09-14T08:52:50.000Z</time>
        <extensions>
          <ns3:TrackPointExtension>
            <ns3:hr>161</ns3:hr>
            <ns3:cad>83</ns3:cad>
          </ns3:TrackPointExtension>
        </extensions>
      </trkpt>
      <trkpt lat="37.51352012157440185546875" lon="127.06767772324383258819580078125">
        <ele>12.19999980926513671875</ele>
        <time>2026-09-14T08:52:51.000Z</time>
        <extensions>
          <ns3:TrackPointExtension>
            <ns3:hr>161</ns3:hr>
            <ns3:cad>83</ns3:cad>
          </ns3:TrackPointExtension>
        </extensions>
      </trkpt>
      <trkpt lat="37.51355105079710483551025390625" lon="127.0676731131970882415771484375">
        <ele>12.19999980926513671875</ele>
        <time>2026-09-14T08:52:52.000Z</time>
        <extensions>
          <ns3:TrackPointExtension>
            <ns3:hr>161</ns3:hr>
            <ns3:cad>83</ns3:cad>
          </ns3:TrackPointExtension>
        </extensions>
      </trkpt>
      <trkpt lat="37.51358759589493274688720703125" lon="127.06767319701611995697021484375">
        <ele>12.19999980926513671875</ele>
        <time>2026-09-14T08:52:53.000Z</time>
        <extensions>
          <ns3:TrackPointExtension>
            <ns3:hr>161</ns3:hr>
            <ns3:cad>83</ns3:cad>
          </ns3:TrackPointExtension>
        </extensions>
      </trkpt>
      <trkpt lat="37.51360888592898845672607421875" lon="127.0676650665700435638427734375">
        <ele>12.19999980926513671875</ele>
        <time>2026-09-14T08:52:54.000Z</time>
        <extensions>
          <ns3:TrackPointExtension>
            <ns3:hr>161</ns3:hr>
            <ns3:cad>83</ns3:cad>
          </ns3:TrackPointExtension>
        </extensions>
      </trkpt>
      <trkpt lat="37.51364492811262607574462890625" lon="127.06765542738139629364013671875">
        <ele>12.19999980926513671875</ele>
        <time>2026-09-14T08:52:55.000Z</time>
        <extensions>
          <ns3:TrackPointExtension>
            <ns3:hr>161</ns3:hr>
            <ns3:cad>83</ns3:cad>
          </ns3:TrackPointExtension>
        </extensions>
      </trkpt>
      <trkpt lat="37.513675689697265625" lon="127.0676483027637004852294921875">
        <ele>12.19999980926513671875</ele>
        <time>2026-09-14T08:52:56.000Z</time>
        <extensions>
          <ns3:TrackPointExtension>
            <ns3:hr>161</ns3:hr>
            <ns3:cad>83</ns3:cad>
          </ns3:TrackPointExtension>
        </extensions>
      </trkpt>
      <trkpt lat="37.513712234795093536376953125" lon="127.067636065185070037841796875">
        <ele>12.19999980926513671875</ele>
        <time>2026-09-14T08:52:57.000Z</time>
        <extensions>
          <ns3:TrackPointExtension>
            <ns3:hr>161</ns3:hr>
            <ns3:cad>83</ns3:cad>
          </ns3:TrackPointExtension>
        </extensions>
      </trkpt>
      <trkpt lat="37.51375087536871433258056640625" lon="127.0676332153379917144775390625">
        <ele>12</ele>
        <time>2026-09-14T08:52:58.000Z</time>
        <extensions>
          <ns3:TrackPointExtension>
            <ns3:hr>161</ns3:hr>
            <ns3:cad>83</ns3:cad>
          </ns3:TrackPointExtension>
        </extensions>
      </trkpt>
      <trkpt lat="37.5137744285166263580322265625" lon="127.06762592308223247528076171875">
        <ele>12</ele>
        <time>2026-09-14T08:52:59.000Z</time>
        <extensions>
          <ns3:TrackPointExtension>
            <ns3:hr>161</ns3:hr>
            <ns3:cad>83</ns3:cad>
          </ns3:TrackPointExtension>
        </extensions>
      </trkpt>
      <trkpt lat="37.513802759349346160888671875" lon="127.06762324087321758270263671875">
        <ele>12</ele>
        <time>2026-09-14T08:53:00.000Z</time>
        <extensions>
          <ns3:TrackPointExtension>
            <ns3:hr>161</ns3:hr>
            <ns3:cad>83</ns3:cad>
          </ns3:TrackPointExtension>
        </extensions>
      </trkpt>
      <trkpt lat="37.51383100636303424835205078125" lon="127.0676255039870738983154296875">
        <ele>12</ele>
        <time>2026-09-14T08:53:01.000Z</time>
        <extensions>
          <ns3:TrackPointExtension>
            <ns3:hr>161</ns3:hr>
            <ns3:cad>83</ns3:cad>
          </ns3:TrackPointExtension>
        </extensions>
      </trkpt>
      <trkpt lat="37.5138518773019313812255859375" lon="127.0676221512258052825927734375">
        <ele>12</ele>
        <time>2026-09-14T08:53:02.000Z</time>
        <extensions>
          <ns3:TrackPointExtension>
            <ns3:hr>161</ns3:hr>
            <ns3:cad>84</ns3:cad>
          </ns3:TrackPointExtension>
        </extensions>
      </trkpt>
      <trkpt lat="37.51389320008456707000732421875" lon="127.067611254751682281494140625">
        <ele>12</ele>
        <time>2026-09-14T08:53:03.000Z</time>
        <extensions>
          <ns3:TrackPointExtension>
            <ns3:hr>161</ns3:hr>
            <ns3:cad>84</ns3:cad>
          </ns3:TrackPointExtension>
        </extensions>
      </trkpt>
      <trkpt lat="37.51391683705151081085205078125" lon="127.06760094501078128814697265625">
        <ele>12</ele>
        <time>2026-09-14T08:53:04.000Z</time>
        <extensions>
          <ns3:TrackPointExtension>
            <ns3:hr>161</ns3:hr>
            <ns3:cad>84</ns3:cad>
          </ns3:TrackPointExtension>
        </extensions>
      </trkpt>
      <trkpt lat="37.51395086757838726043701171875" lon="127.06759759224951267242431640625">
        <ele>12</ele>
        <time>2026-09-14T08:53:05.000Z</time>
        <extensions>
          <ns3:TrackPointExtension>
            <ns3:hr>161</ns3:hr>
            <ns3:cad>84</ns3:cad>
          </ns3:TrackPointExtension>
        </extensions>
      </trkpt>
      <trkpt lat="37.51398506574332714080810546875" lon="127.0675943233072757720947265625">
        <ele>12</ele>
        <time>2026-09-14T08:53:06.000Z</time>
        <extensions>
          <ns3:TrackPointExtension>
            <ns3:hr>161</ns3:hr>
            <ns3:cad>84</ns3:cad>
          </ns3:TrackPointExtension>
        </extensions>
      </trkpt>
      <trkpt lat="37.5140077807009220123291015625" lon="127.0675876177847385406494140625">
        <ele>12</ele>
        <time>2026-09-14T08:53:07.000Z</time>
        <extensions>
          <ns3:TrackPointExtension>
            <ns3:hr>161</ns3:hr>
            <ns3:cad>84</ns3:cad>
          </ns3:TrackPointExtension>
        </extensions>
      </trkpt>
      <trkpt lat="37.51404709182679653167724609375" lon="127.0675819180905818939208984375">
        <ele>11.80000019073486328125</ele>
        <time>2026-09-14T08:53:08.000Z</time>
        <extensions>
          <ns3:TrackPointExtension>
            <ns3:hr>161</ns3:hr>
            <ns3:cad>82</ns3:cad>
          </ns3:TrackPointExtension>
        </extensions>
      </trkpt>
      <trkpt lat="37.5140721537172794342041015625" lon="127.067579068243503570556640625">
        <ele>12</ele>
        <time>2026-09-14T08:53:09.000Z</time>
        <extensions>
          <ns3:TrackPointExtension>
            <ns3:hr>160</ns3:hr>
            <ns3:cad>82</ns3:cad>
          </ns3:TrackPointExtension>
        </extensions>
      </trkpt>
      <trkpt lat="37.5140939466655254364013671875" lon="127.067573368549346923828125">
        <ele>11.80000019073486328125</ele>
        <time>2026-09-14T08:53:10.000Z</time>
        <extensions>
          <ns3:TrackPointExtension>
            <ns3:hr>161</ns3:hr>
            <ns3:cad>83</ns3:cad>
          </ns3:TrackPointExtension>
        </extensions>
      </trkpt>
      <trkpt lat="37.51413225196301937103271484375" lon="127.06757211126387119293212890625">
        <ele>11.80000019073486328125</ele>
        <time>2026-09-14T08:53:11.000Z</time>
        <extensions>
          <ns3:TrackPointExtension>
            <ns3:hr>161</ns3:hr>
            <ns3:cad>83</ns3:cad>
          </ns3:TrackPointExtension>
        </extensions>
      </trkpt>
      <trkpt lat="37.51415136270225048065185546875" lon="127.0675685070455074310302734375">
        <ele>11.80000019073486328125</ele>
        <time>2026-09-14T08:53:12.000Z</time>
        <extensions>
          <ns3:TrackPointExtension>
            <ns3:hr>160</ns3:hr>
            <ns3:cad>83</ns3:cad>
          </ns3:TrackPointExtension>
        </extensions>
      </trkpt>
      <trkpt lat="37.51418136991560459136962890625" lon="127.067564316093921661376953125">
        <ele>11.80000019073486328125</ele>
        <time>2026-09-14T08:53:13.000Z</time>
        <extensions>
          <ns3:TrackPointExtension>
            <ns3:hr>161</ns3:hr>
            <ns3:cad>83</ns3:cad>
          </ns3:TrackPointExtension>
        </extensions>
      </trkpt>
      <trkpt lat="37.51421439461410045623779296875" lon="127.0675668306648731231689453125">
        <ele>11.80000019073486328125</ele>
        <time>2026-09-14T08:53:14.000Z</time>
        <extensions>
          <ns3:TrackPointExtension>
            <ns3:hr>161</ns3:hr>
            <ns3:cad>83</ns3:cad>
          </ns3:TrackPointExtension>
        </extensions>
      </trkpt>
      <trkpt lat="37.51423702575266361236572265625" lon="127.067561633884906768798828125">
        <ele>11.80000019073486328125</ele>
        <time>2026-09-14T08:53:15.000Z</time>
        <extensions>
          <ns3:TrackPointExtension>
            <ns3:hr>160</ns3:hr>
            <ns3:cad>83</ns3:cad>
          </ns3:TrackPointExtension>
        </extensions>
      </trkpt>
      <trkpt lat="37.51427541486918926239013671875" lon="127.06755434162914752960205078125">
        <ele>11.80000019073486328125</ele>
        <time>2026-09-14T08:53:16.000Z</time>
        <extensions>
          <ns3:TrackPointExtension>
            <ns3:hr>160</ns3:hr>
            <ns3:cad>83</ns3:cad>
          </ns3:TrackPointExtension>
        </extensions>
      </trkpt>
      <trkpt lat="37.514297626912593841552734375" lon="127.0675487257540225982666015625">
        <ele>11.80000019073486328125</ele>
        <time>2026-09-14T08:53:17.000Z</time>
        <extensions>
          <ns3:TrackPointExtension>
            <ns3:hr>160</ns3:hr>
            <ns3:cad>83</ns3:cad>
          </ns3:TrackPointExtension>
        </extensions>
      </trkpt>
      <trkpt lat="37.51432570628821849822998046875" lon="127.06754160113632678985595703125">
        <ele>11.80000019073486328125</ele>
        <time>2026-09-14T08:53:18.000Z</time>
        <extensions>
          <ns3:TrackPointExtension>
            <ns3:hr>160</ns3:hr>
            <ns3:cad>83</ns3:cad>
          </ns3:TrackPointExtension>
        </extensions>
      </trkpt>
      <trkpt lat="37.514358647167682647705078125" lon="127.067544199526309967041015625">
        <ele>11.80000019073486328125</ele>
        <time>2026-09-14T08:53:19.000Z</time>
        <extensions>
          <ns3:TrackPointExtension>
            <ns3:hr>160</ns3:hr>
            <ns3:cad>83</ns3:cad>
          </ns3:TrackPointExtension>
        </extensions>
      </trkpt>
      <trkpt lat="37.51438002102077007293701171875" lon="127.06753489561378955841064453125">
        <ele>11.80000019073486328125</ele>
        <time>2026-09-14T08:53:20.000Z</time>
        <extensions>
          <ns3:TrackPointExtension>
            <ns3:hr>160</ns3:hr>
            <ns3:cad>83</ns3:cad>
          </ns3:TrackPointExtension>
        </extensions>
      </trkpt>
      <trkpt lat="37.51441740430891513824462890625" lon="127.06753003410995006561279296875">
        <ele>11.80000019073486328125</ele>
        <time>2026-09-14T08:53:21.000Z</time>
        <extensions>
          <ns3:TrackPointExtension>
            <ns3:hr>160</ns3:hr>
            <ns3:cad>83</ns3:cad>
          </ns3:TrackPointExtension>
        </extensions>
      </trkpt>
      <trkpt lat="37.5144439749419689178466796875" lon="127.06753003410995006561279296875">
        <ele>11.80000019073486328125</ele>
        <time>2026-09-14T08:53:22.000Z</time>
        <extensions>
          <ns3:TrackPointExtension>
            <ns3:hr>160</ns3:hr>
            <ns3:cad>83</ns3:cad>
          </ns3:TrackPointExtension>
        </extensions>
      </trkpt>
      <trkpt lat="37.5144701264798641204833984375" lon="127.06752466969192028045654296875">
        <ele>11.80000019073486328125</ele>
        <time>2026-09-14T08:53:23.000Z</time>
        <extensions>
          <ns3:TrackPointExtension>
            <ns3:hr>160</ns3:hr>
            <ns3:cad>83</ns3:cad>
          </ns3:TrackPointExtension>
        </extensions>
      </trkpt>
      <trkpt lat="37.5145060010254383087158203125" lon="127.06752550788223743438720703125">
        <ele>11.80000019073486328125</ele>
        <time>2026-09-14T08:53:24.000Z</time>
        <extensions>
          <ns3:TrackPointExtension>
            <ns3:hr>160</ns3:hr>
            <ns3:cad>82</ns3:cad>
          </ns3:TrackPointExtension>
        </extensions>
      </trkpt>
      <trkpt lat="37.514527626335620880126953125" lon="127.06751511432230472564697265625">
        <ele>11.80000019073486328125</ele>
        <time>2026-09-14T08:53:25.000Z</time>
        <extensions>
          <ns3:TrackPointExtension>
            <ns3:hr>159</ns3:hr>
            <ns3:cad>82</ns3:cad>
          </ns3:TrackPointExtension>
        </extensions>
      </trkpt>
      <trkpt lat="37.5145594775676727294921875" lon="127.0675058104097843170166015625">
        <ele>11.80000019073486328125</ele>
        <time>2026-09-14T08:53:26.000Z</time>
        <extensions>
          <ns3:TrackPointExtension>
            <ns3:hr>159</ns3:hr>
            <ns3:cad>83</ns3:cad>
          </ns3:TrackPointExtension>
        </extensions>
      </trkpt>
      <trkpt lat="37.51459007151424884796142578125" lon="127.06750371493399143218994140625">
        <ele>11.80000019073486328125</ele>
        <time>2026-09-14T08:53:27.000Z</time>
        <extensions>
          <ns3:TrackPointExtension>
            <ns3:hr>159</ns3:hr>
            <ns3:cad>83</ns3:cad>
          </ns3:TrackPointExtension>
        </extensions>
      </trkpt>
      <trkpt lat="37.51461245119571685791015625" lon="127.0675022900104522705078125">
        <ele>11.80000019073486328125</ele>
        <time>2026-09-14T08:53:28.000Z</time>
        <extensions>
          <ns3:TrackPointExtension>
            <ns3:hr>160</ns3:hr>
            <ns3:cad>83</ns3:cad>
          </ns3:TrackPointExtension>
        </extensions>
      </trkpt>
      <trkpt lat="37.51465410925447940826416015625" lon="127.0675004459917545318603515625">
        <ele>11.80000019073486328125</ele>
        <time>2026-09-14T08:53:29.000Z</time>
        <extensions>
          <ns3:TrackPointExtension>
            <ns3:hr>159</ns3:hr>
            <ns3:cad>83</ns3:cad>
          </ns3:TrackPointExtension>
        </extensions>
      </trkpt>
      <trkpt lat="37.5146774947643280029296875" lon="127.06749667413532733917236328125">
        <ele>11.80000019073486328125</ele>
        <time>2026-09-14T08:53:30.000Z</time>
        <extensions>
          <ns3:TrackPointExtension>
            <ns3:hr>159</ns3:hr>
            <ns3:cad>83</ns3:cad>
          </ns3:TrackPointExtension>
        </extensions>
      </trkpt>
      <trkpt lat="37.51470725052058696746826171875" lon="127.06749223172664642333984375">
        <ele>11.6000003814697265625</ele>
        <time>2026-09-14T08:53:31.000Z</time>
        <extensions>
          <ns3:TrackPointExtension>
            <ns3:hr>160</ns3:hr>
            <ns3:cad>83</ns3:cad>
          </ns3:TrackPointExtension>
        </extensions>
      </trkpt>
      <trkpt lat="37.514743544161319732666015625" lon="127.0674920640885829925537109375">
        <ele>11.6000003814697265625</ele>
        <time>2026-09-14T08:53:32.000Z</time>
        <extensions>
          <ns3:TrackPointExtension>
            <ns3:hr>159</ns3:hr>
            <ns3:cad>82</ns3:cad>
          </ns3:TrackPointExtension>
        </extensions>
      </trkpt>
      <trkpt lat="37.51476801931858062744140625" lon="127.06748561002314090728759765625">
        <ele>11.6000003814697265625</ele>
        <time>2026-09-14T08:53:33.000Z</time>
        <extensions>
          <ns3:TrackPointExtension>
            <ns3:hr>159</ns3:hr>
            <ns3:cad>82</ns3:cad>
          </ns3:TrackPointExtension>
        </extensions>
      </trkpt>
      <trkpt lat="37.51480397768318653106689453125" lon="127.067478485405445098876953125">
        <ele>11.6000003814697265625</ele>
        <time>2026-09-14T08:53:34.000Z</time>
        <extensions>
          <ns3:TrackPointExtension>
            <ns3:hr>158</ns3:hr>
            <ns3:cad>82</ns3:cad>
          </ns3:TrackPointExtension>
        </extensions>
      </trkpt>
      <trkpt lat="37.51482929103076457977294921875" lon="127.067478485405445098876953125">
        <ele>11.3999996185302734375</ele>
        <time>2026-09-14T08:53:35.000Z</time>
        <extensions>
          <ns3:TrackPointExtension>
            <ns3:hr>158</ns3:hr>
            <ns3:cad>82</ns3:cad>
          </ns3:TrackPointExtension>
        </extensions>
      </trkpt>
      <trkpt lat="37.51485309563577175140380859375" lon="127.0674749650061130523681640625">
        <ele>11.6000003814697265625</ele>
        <time>2026-09-14T08:53:36.000Z</time>
        <extensions>
          <ns3:TrackPointExtension>
            <ns3:hr>158</ns3:hr>
            <ns3:cad>82</ns3:cad>
          </ns3:TrackPointExtension>
        </extensions>
      </trkpt>
      <trkpt lat="37.51489047892391681671142578125" lon="127.0674729533493518829345703125">
        <ele>11.6000003814697265625</ele>
        <time>2026-09-14T08:53:37.000Z</time>
        <extensions>
          <ns3:TrackPointExtension>
            <ns3:hr>158</ns3:hr>
            <ns3:cad>83</ns3:cad>
          </ns3:TrackPointExtension>
        </extensions>
      </trkpt>
      <trkpt lat="37.5149095058441162109375" lon="127.06746465526521205902099609375">
        <ele>11.6000003814697265625</ele>
        <time>2026-09-14T08:53:38.000Z</time>
        <extensions>
          <ns3:TrackPointExtension>
            <ns3:hr>158</ns3:hr>
            <ns3:cad>83</ns3:cad>
          </ns3:TrackPointExtension>
        </extensions>
      </trkpt>
      <trkpt lat="37.514940015971660614013671875" lon="127.067455016076564788818359375">
        <ele>11.6000003814697265625</ele>
        <time>2026-09-14T08:53:39.000Z</time>
        <extensions>
          <ns3:TrackPointExtension>
            <ns3:hr>158</ns3:hr>
            <ns3:cad>83</ns3:cad>
          </ns3:TrackPointExtension>
        </extensions>
      </trkpt>
      <trkpt lat="37.514970861375331878662109375" lon="127.06745878793299198150634765625">
        <ele>11.3999996185302734375</ele>
        <time>2026-09-14T08:53:40.000Z</time>
        <extensions>
          <ns3:TrackPointExtension>
            <ns3:hr>157</ns3:hr>
            <ns3:cad>83</ns3:cad>
          </ns3:TrackPointExtension>
        </extensions>
      </trkpt>
      <trkpt lat="37.51499592326581478118896484375" lon="127.0674514956772327423095703125">
        <ele>11.3999996185302734375</ele>
        <time>2026-09-14T08:53:41.000Z</time>
        <extensions>
          <ns3:TrackPointExtension>
            <ns3:hr>157</ns3:hr>
            <ns3:cad>83</ns3:cad>
          </ns3:TrackPointExtension>
        </extensions>
      </trkpt>
      <trkpt lat="37.51503716222941875457763671875" lon="127.06744537688791751861572265625">
        <ele>11.3999996185302734375</ele>
        <time>2026-09-14T08:53:42.000Z</time>
        <extensions>
          <ns3:TrackPointExtension>
            <ns3:hr>157</ns3:hr>
            <ns3:cad>83</ns3:cad>
          </ns3:TrackPointExtension>
        </extensions>
      </trkpt>
      <trkpt lat="37.515066750347614288330078125" lon="127.0674417726695537567138671875">
        <ele>11.3999996185302734375</ele>
        <time>2026-09-14T08:53:43.000Z</time>
        <extensions>
          <ns3:TrackPointExtension>
            <ns3:hr>157</ns3:hr>
            <ns3:cad>83</ns3:cad>
          </ns3:TrackPointExtension>
        </extensions>
      </trkpt>
      <trkpt lat="37.51510505564510822296142578125" lon="127.067432217299938201904296875">
        <ele>11.19999980926513671875</ele>
        <time>2026-09-14T08:53:44.000Z</time>
        <extensions>
          <ns3:TrackPointExtension>
            <ns3:hr>157</ns3:hr>
            <ns3:cad>83</ns3:cad>
          </ns3:TrackPointExtension>
        </extensions>
      </trkpt>
      <trkpt lat="37.515137828886508941650390625" lon="127.06742995418608188629150390625">
        <ele>11.19999980926513671875</ele>
        <time>2026-09-14T08:53:45.000Z</time>
        <extensions>
          <ns3:TrackPointExtension>
            <ns3:hr>157</ns3:hr>
            <ns3:cad>82</ns3:cad>
          </ns3:TrackPointExtension>
        </extensions>
      </trkpt>
      <trkpt lat="37.515163309872150421142578125" lon="127.0674236677587032318115234375">
        <ele>11.19999980926513671875</ele>
        <time>2026-09-14T08:53:46.000Z</time>
        <extensions>
          <ns3:TrackPointExtension>
            <ns3:hr>157</ns3:hr>
            <ns3:cad>82</ns3:cad>
          </ns3:TrackPointExtension>
        </extensions>
      </trkpt>
      <trkpt lat="37.51519851386547088623046875" lon="127.0674176327884197235107421875">
        <ele>11.19999980926513671875</ele>
        <time>2026-09-14T08:53:47.000Z</time>
        <extensions>
          <ns3:TrackPointExtension>
            <ns3:hr>157</ns3:hr>
            <ns3:cad>82</ns3:cad>
          </ns3:TrackPointExtension>
        </extensions>
      </trkpt>
      <trkpt lat="37.515223659574985504150390625" lon="127.06741989590227603912353515625">
        <ele>11.19999980926513671875</ele>
        <time>2026-09-14T08:53:48.000Z</time>
        <extensions>
          <ns3:TrackPointExtension>
            <ns3:hr>157</ns3:hr>
            <ns3:cad>83</ns3:cad>
          </ns3:TrackPointExtension>
        </extensions>
      </trkpt>
      <trkpt lat="37.51525207422673702239990234375" lon="127.06741201691329479217529296875">
        <ele>11.3999996185302734375</ele>
        <time>2026-09-14T08:53:49.000Z</time>
        <extensions>
          <ns3:TrackPointExtension>
            <ns3:hr>157</ns3:hr>
            <ns3:cad>83</ns3:cad>
          </ns3:TrackPointExtension>
        </extensions>
      </trkpt>
      <trkpt lat="37.515287697315216064453125" lon="127.067408747971057891845703125">
        <ele>11.3999996185302734375</ele>
        <time>2026-09-14T08:53:50.000Z</time>
        <extensions>
          <ns3:TrackPointExtension>
            <ns3:hr>156</ns3:hr>
            <ns3:cad>83</ns3:cad>
          </ns3:TrackPointExtension>
        </extensions>
      </trkpt>
      <trkpt lat="37.51531158573925495147705078125" lon="127.06740480847656726837158203125">
        <ele>11.19999980926513671875</ele>
        <time>2026-09-14T08:53:51.000Z</time>
        <extensions>
          <ns3:TrackPointExtension>
            <ns3:hr>157</ns3:hr>
            <ns3:cad>83</ns3:cad>
          </ns3:TrackPointExtension>
        </extensions>
      </trkpt>
      <trkpt lat="37.51534611918032169342041015625" lon="127.0674152858555316925048828125">
        <ele>11.19999980926513671875</ele>
        <time>2026-09-14T08:53:52.000Z</time>
        <extensions>
          <ns3:TrackPointExtension>
            <ns3:hr>157</ns3:hr>
            <ns3:cad>83</ns3:cad>
          </ns3:TrackPointExtension>
        </extensions>
      </trkpt>
      <trkpt lat="37.5153802335262298583984375" lon="127.06742660142481327056884765625">
        <ele>11.19999980926513671875</ele>
        <time>2026-09-14T08:53:53.000Z</time>
        <extensions>
          <ns3:TrackPointExtension>
            <ns3:hr>156</ns3:hr>
            <ns3:cad>83</ns3:cad>
          </ns3:TrackPointExtension>
        </extensions>
      </trkpt>
      <trkpt lat="37.51540211029350757598876953125" lon="127.0674397610127925872802734375">
        <ele>11.19999980926513671875</ele>
        <time>2026-09-14T08:53:54.000Z</time>
        <extensions>
          <ns3:TrackPointExtension>
            <ns3:hr>156</ns3:hr>
            <ns3:cad>83</ns3:cad>
          </ns3:TrackPointExtension>
        </extensions>
      </trkpt>
      <trkpt lat="37.515422813594341278076171875" lon="127.06745660863816738128662109375">
        <ele>11.19999980926513671875</ele>
        <time>2026-09-14T08:53:55.000Z</time>
        <extensions>
          <ns3:TrackPointExtension>
            <ns3:hr>156</ns3:hr>
            <ns3:cad>83</ns3:cad>
          </ns3:TrackPointExtension>
        </extensions>
      </trkpt>
      <trkpt lat="37.51543664373457431793212890625" lon="127.0674816705286502838134765625">
        <ele>11.3999996185302734375</ele>
        <time>2026-09-14T08:53:56.000Z</time>
        <extensions>
          <ns3:TrackPointExtension>
            <ns3:hr>157</ns3:hr>
            <ns3:cad>83</ns3:cad>
          </ns3:TrackPointExtension>
        </extensions>
      </trkpt>
      <trkpt lat="37.51543588936328887939453125" lon="127.06752634607255458831787109375">
        <ele>11.3999996185302734375</ele>
        <time>2026-09-14T08:53:57.000Z</time>
        <extensions>
          <ns3:TrackPointExtension>
            <ns3:hr>156</ns3:hr>
            <ns3:cad>83</ns3:cad>
          </ns3:TrackPointExtension>
        </extensions>
      </trkpt>
      <trkpt lat="37.515429519116878509521484375" lon="127.0675639808177947998046875">
        <ele>11.3999996185302734375</ele>
        <time>2026-09-14T08:53:58.000Z</time>
        <extensions>
          <ns3:TrackPointExtension>
            <ns3:hr>156</ns3:hr>
            <ns3:cad>83</ns3:cad>
          </ns3:TrackPointExtension>
        </extensions>
      </trkpt>
      <trkpt lat="37.51543127931654453277587890625" lon="127.06759306602180004119873046875">
        <ele>11.3999996185302734375</ele>
        <time>2026-09-14T08:53:59.000Z</time>
        <extensions>
          <ns3:TrackPointExtension>
            <ns3:hr>157</ns3:hr>
            <ns3:cad>83</ns3:cad>
          </ns3:TrackPointExtension>
        </extensions>
      </trkpt>
      <trkpt lat="37.51543262042105197906494140625" lon="127.06764302216470241546630859375">
        <ele>11.3999996185302734375</ele>
        <time>2026-09-14T08:54:00.000Z</time>
        <extensions>
          <ns3:TrackPointExtension>
            <ns3:hr>156</ns3:hr>
            <ns3:cad>83</ns3:cad>
          </ns3:TrackPointExtension>
        </extensions>
      </trkpt>
      <trkpt lat="37.515436895191669464111328125" lon="127.0676811598241329193115234375">
        <ele>11.6000003814697265625</ele>
        <time>2026-09-14T08:54:01.000Z</time>
        <extensions>
          <ns3:TrackPointExtension>
            <ns3:hr>157</ns3:hr>
            <ns3:cad>83</ns3:cad>
          </ns3:TrackPointExtension>
        </extensions>
      </trkpt>
      <trkpt lat="37.5154394097626209259033203125" lon="127.0677220635116100311279296875">
        <ele>11.6000003814697265625</ele>
        <time>2026-09-14T08:54:02.000Z</time>
        <extensions>
          <ns3:TrackPointExtension>
            <ns3:hr>157</ns3:hr>
            <ns3:cad>83</ns3:cad>
          </ns3:TrackPointExtension>
        </extensions>
      </trkpt>
      <trkpt lat="37.51543563790619373321533203125" lon="127.067770175635814666748046875">
        <ele>11.6000003814697265625</ele>
        <time>2026-09-14T08:54:03.000Z</time>
        <extensions>
          <ns3:TrackPointExtension>
            <ns3:hr>157</ns3:hr>
            <ns3:cad>83</ns3:cad>
          </ns3:TrackPointExtension>
        </extensions>
      </trkpt>
      <trkpt lat="37.515439577400684356689453125" lon="127.06780428998172283172607421875">
        <ele>11.6000003814697265625</ele>
        <time>2026-09-14T08:54:04.000Z</time>
        <extensions>
          <ns3:TrackPointExtension>
            <ns3:hr>156</ns3:hr>
            <ns3:cad>83</ns3:cad>
          </ns3:TrackPointExtension>
        </extensions>
      </trkpt>
      <trkpt lat="37.51544259488582611083984375" lon="127.06785122863948345184326171875">
        <ele>11.6000003814697265625</ele>
        <time>2026-09-14T08:54:05.000Z</time>
        <extensions>
          <ns3:TrackPointExtension>
            <ns3:hr>157</ns3:hr>
            <ns3:cad>83</ns3:cad>
          </ns3:TrackPointExtension>
        </extensions>
      </trkpt>
      <trkpt lat="37.5154446065425872802734375" lon="127.0678930543363094329833984375">
        <ele>11.6000003814697265625</ele>
        <time>2026-09-14T08:54:06.000Z</time>
        <extensions>
          <ns3:TrackPointExtension>
            <ns3:hr>157</ns3:hr>
            <ns3:cad>83</ns3:cad>
          </ns3:TrackPointExtension>
        </extensions>
      </trkpt>
      <trkpt lat="37.5154484622180461883544921875" lon="127.06792381592094898223876953125">
        <ele>11.6000003814697265625</ele>
        <time>2026-09-14T08:54:07.000Z</time>
        <extensions>
          <ns3:TrackPointExtension>
            <ns3:hr>156</ns3:hr>
            <ns3:cad>83</ns3:cad>
          </ns3:TrackPointExtension>
        </extensions>
      </trkpt>
      <trkpt lat="37.5154477916657924652099609375" lon="127.067975364625453948974609375">
        <ele>11.6000003814697265625</ele>
        <time>2026-09-14T08:54:08.000Z</time>
        <extensions>
          <ns3:TrackPointExtension>
            <ns3:hr>157</ns3:hr>
            <ns3:cad>82</ns3:cad>
          </ns3:TrackPointExtension>
        </extensions>
      </trkpt>
      <trkpt lat="37.5154565088450908660888671875" lon="127.0680060423910617828369140625">
        <ele>11.6000003814697265625</ele>
        <time>2026-09-14T08:54:09.000Z</time>
        <extensions>
          <ns3:TrackPointExtension>
            <ns3:hr>157</ns3:hr>
            <ns3:cad>82</ns3:cad>
          </ns3:TrackPointExtension>
        </extensions>
      </trkpt>
      <trkpt lat="37.5154628790915012359619140625" lon="127.0680489577353000640869140625">
        <ele>11.6000003814697265625</ele>
        <time>2026-09-14T08:54:10.000Z</time>
        <extensions>
          <ns3:TrackPointExtension>
            <ns3:hr>156</ns3:hr>
            <ns3:cad>82</ns3:cad>
          </ns3:TrackPointExtension>
        </extensions>
      </trkpt>
      <trkpt lat="37.5154581852257251739501953125" lon="127.0680898614227771759033203125">
        <ele>11.6000003814697265625</ele>
        <time>2026-09-14T08:54:11.000Z</time>
        <extensions>
          <ns3:TrackPointExtension>
            <ns3:hr>156</ns3:hr>
            <ns3:cad>82</ns3:cad>
          </ns3:TrackPointExtension>
        </extensions>
      </trkpt>
      <trkpt lat="37.51546128652989864349365234375" lon="127.06812179647386074066162109375">
        <ele>11.6000003814697265625</ele>
        <time>2026-09-14T08:54:12.000Z</time>
        <extensions>
          <ns3:TrackPointExtension>
            <ns3:hr>154</ns3:hr>
            <ns3:cad>82</ns3:cad>
          </ns3:TrackPointExtension>
        </extensions>
      </trkpt>
      <trkpt lat="37.515463717281818389892578125" lon="127.0681683160364627838134765625">
        <ele>11.3999996185302734375</ele>
        <time>2026-09-14T08:54:13.000Z</time>
        <extensions>
          <ns3:TrackPointExtension>
            <ns3:hr>147</ns3:hr>
            <ns3:cad>82</ns3:cad>
          </ns3:TrackPointExtension>
        </extensions>
      </trkpt>
      <trkpt lat="37.515462376177310943603515625" lon="127.0682068727910518646240234375">
        <ele>11.3999996185302734375</ele>
        <time>2026-09-14T08:54:14.000Z</time>
        <extensions>
          <ns3:TrackPointExtension>
            <ns3:hr>140</ns3:hr>
            <ns3:cad>82</ns3:cad>
          </ns3:TrackPointExtension>
        </extensions>
      </trkpt>
      <trkpt lat="37.51546329818665981292724609375" lon="127.0682373829185962677001953125">
        <ele>11.19999980926513671875</ele>
        <time>2026-09-14T08:54:15.000Z</time>
        <extensions>
          <ns3:TrackPointExtension>
            <ns3:hr>140</ns3:hr>
            <ns3:cad>83</ns3:cad>
          </ns3:TrackPointExtension>
        </extensions>
      </trkpt>
      <trkpt lat="37.51546396873891353607177734375" lon="127.068284489214420318603515625">
        <ele>11.19999980926513671875</ele>
        <time>2026-09-14T08:54:16.000Z</time>
        <extensions>
          <ns3:TrackPointExtension>
            <ns3:hr>140</ns3:hr>
            <ns3:cad>83</ns3:cad>
          </ns3:TrackPointExtension>
        </extensions>
      </trkpt>
      <trkpt lat="37.51546598039567470550537109375" lon="127.0683158375322818756103515625">
        <ele>11.19999980926513671875</ele>
        <time>2026-09-14T08:54:17.000Z</time>
        <extensions>
          <ns3:TrackPointExtension>
            <ns3:hr>140</ns3:hr>
            <ns3:cad>83</ns3:cad>
          </ns3:TrackPointExtension>
        </extensions>
      </trkpt>
      <trkpt lat="37.5154689140617847442626953125" lon="127.06834919750690460205078125">
        <ele>11.19999980926513671875</ele>
        <time>2026-09-14T08:54:18.000Z</time>
        <extensions>
          <ns3:TrackPointExtension>
            <ns3:hr>140</ns3:hr>
            <ns3:cad>82</ns3:cad>
          </ns3:TrackPointExtension>
        </extensions>
      </trkpt>
      <trkpt lat="37.5154675729572772979736328125" lon="127.06838515587151050567626953125">
        <ele>11.19999980926513671875</ele>
        <time>2026-09-14T08:54:19.000Z</time>
        <extensions>
          <ns3:TrackPointExtension>
            <ns3:hr>140</ns3:hr>
            <ns3:cad>82</ns3:cad>
          </ns3:TrackPointExtension>
        </extensions>
      </trkpt>
      <trkpt lat="37.51547117717564105987548828125" lon="127.06841248087584972381591796875">
        <ele>11.19999980926513671875</ele>
        <time>2026-09-14T08:54:20.000Z</time>
        <extensions>
          <ns3:TrackPointExtension>
            <ns3:hr>140</ns3:hr>
            <ns3:cad>81</ns3:cad>
          </ns3:TrackPointExtension>
        </extensions>
      </trkpt>
      <trkpt lat="37.51547209918498992919921875" lon="127.06846059300005435943603515625">
        <ele>11.19999980926513671875</ele>
        <time>2026-09-14T08:54:21.000Z</time>
        <extensions>
          <ns3:TrackPointExtension>
            <ns3:hr>139</ns3:hr>
            <ns3:cad>81</ns3:cad>
          </ns3:TrackPointExtension>
        </extensions>
      </trkpt>
      <trkpt lat="37.51547268591821193695068359375" lon="127.0684952102601528167724609375">
        <ele>11</ele>
        <time>2026-09-14T08:54:22.000Z</time>
        <extensions>
          <ns3:TrackPointExtension>
            <ns3:hr>139</ns3:hr>
            <ns3:cad>81</ns3:cad>
          </ns3:TrackPointExtension>
        </extensions>
      </trkpt>
      <trkpt lat="37.51547369174659252166748046875" lon="127.06853049807250499725341796875">
        <ele>11</ele>
        <time>2026-09-14T08:54:23.000Z</time>
        <extensions>
          <ns3:TrackPointExtension>
            <ns3:hr>139</ns3:hr>
            <ns3:cad>83</ns3:cad>
          </ns3:TrackPointExtension>
        </extensions>
      </trkpt>
      <trkpt lat="37.515477128326892852783203125" lon="127.0685669593513011932373046875">
        <ele>11</ele>
        <time>2026-09-14T08:54:24.000Z</time>
        <extensions>
          <ns3:TrackPointExtension>
            <ns3:hr>139</ns3:hr>
            <ns3:cad>83</ns3:cad>
          </ns3:TrackPointExtension>
        </extensions>
      </trkpt>
      <trkpt lat="37.51548458822071552276611328125" lon="127.06860275007784366607666015625">
        <ele>10.80000019073486328125</ele>
        <time>2026-09-14T08:54:25.000Z</time>
        <extensions>
          <ns3:TrackPointExtension>
            <ns3:hr>139</ns3:hr>
            <ns3:cad>83</ns3:cad>
          </ns3:TrackPointExtension>
        </extensions>
      </trkpt>
      <trkpt lat="37.5154974125325679779052734375" lon="127.068641893565654754638671875">
        <ele>10.80000019073486328125</ele>
        <time>2026-09-14T08:54:26.000Z</time>
        <extensions>
          <ns3:TrackPointExtension>
            <ns3:hr>139</ns3:hr>
            <ns3:cad>83</ns3:cad>
          </ns3:TrackPointExtension>
        </extensions>
      </trkpt>
      <trkpt lat="37.5155104883015155792236328125" lon="127.06867617554962635040283203125">
        <ele>11</ele>
        <time>2026-09-14T08:54:27.000Z</time>
        <extensions>
          <ns3:TrackPointExtension>
            <ns3:hr>139</ns3:hr>
            <ns3:cad>83</ns3:cad>
          </ns3:TrackPointExtension>
        </extensions>
      </trkpt>
      <trkpt lat="37.515527419745922088623046875" lon="127.0687054283916950225830078125">
        <ele>11</ele>
        <time>2026-09-14T08:54:28.000Z</time>
        <extensions>
          <ns3:TrackPointExtension>
            <ns3:hr>139</ns3:hr>
            <ns3:cad>83</ns3:cad>
          </ns3:TrackPointExtension>
        </extensions>
      </trkpt>
      <trkpt lat="37.5155446864664554595947265625" lon="127.068743146955966949462890625">
        <ele>11</ele>
        <time>2026-09-14T08:54:29.000Z</time>
        <extensions>
          <ns3:TrackPointExtension>
            <ns3:hr>139</ns3:hr>
            <ns3:cad>83</ns3:cad>
          </ns3:TrackPointExtension>
        </extensions>
      </trkpt>
      <trkpt lat="37.51556388102471828460693359375" lon="127.068768627941608428955078125">
        <ele>11.19999980926513671875</ele>
        <time>2026-09-14T08:54:30.000Z</time>
        <extensions>
          <ns3:TrackPointExtension>
            <ns3:hr>139</ns3:hr>
            <ns3:cad>83</ns3:cad>
          </ns3:TrackPointExtension>
        </extensions>
      </trkpt>
      <trkpt lat="37.515591122210025787353515625" lon="127.06878882832825183868408203125">
        <ele>11.19999980926513671875</ele>
        <time>2026-09-14T08:54:31.000Z</time>
        <extensions>
          <ns3:TrackPointExtension>
            <ns3:hr>138</ns3:hr>
            <ns3:cad>83</ns3:cad>
          </ns3:TrackPointExtension>
        </extensions>
      </trkpt>
      <trkpt lat="37.51561182551085948944091796875" lon="127.06880710087716579437255859375">
        <ele>11.19999980926513671875</ele>
        <time>2026-09-14T08:54:32.000Z</time>
        <extensions>
          <ns3:TrackPointExtension>
            <ns3:hr>139</ns3:hr>
            <ns3:cad>83</ns3:cad>
          </ns3:TrackPointExtension>
        </extensions>
      </trkpt>
      <trkpt lat="37.51563512720167636871337890625" lon="127.06882663071155548095703125">
        <ele>11.19999980926513671875</ele>
        <time>2026-09-14T08:54:33.000Z</time>
        <extensions>
          <ns3:TrackPointExtension>
            <ns3:hr>139</ns3:hr>
            <ns3:cad>83</ns3:cad>
          </ns3:TrackPointExtension>
        </extensions>
      </trkpt>
      <trkpt lat="37.51566295512020587921142578125" lon="127.06884942948818206787109375">
        <ele>11.3999996185302734375</ele>
        <time>2026-09-14T08:54:34.000Z</time>
        <extensions>
          <ns3:TrackPointExtension>
            <ns3:hr>139</ns3:hr>
            <ns3:cad>83</ns3:cad>
          </ns3:TrackPointExtension>
        </extensions>
      </trkpt>
      <trkpt lat="37.51568625681102275848388671875" lon="127.06886627711355686187744140625">
        <ele>11.3999996185302734375</ele>
        <time>2026-09-14T08:54:35.000Z</time>
        <extensions>
          <ns3:TrackPointExtension>
            <ns3:hr>139</ns3:hr>
            <ns3:cad>83</ns3:cad>
          </ns3:TrackPointExtension>
        </extensions>
      </trkpt>
      <trkpt lat="37.515711151063442230224609375" lon="127.0688827894628047943115234375">
        <ele>11.3999996185302734375</ele>
        <time>2026-09-14T08:54:36.000Z</time>
        <extensions>
          <ns3:TrackPointExtension>
            <ns3:hr>139</ns3:hr>
            <ns3:cad>83</ns3:cad>
          </ns3:TrackPointExtension>
        </extensions>
      </trkpt>
      <trkpt lat="37.51575029455125331878662109375" lon="127.06891656853258609771728515625">
        <ele>11.3999996185302734375</ele>
        <time>2026-09-14T08:54:37.000Z</time>
        <extensions>
          <ns3:TrackPointExtension>
            <ns3:hr>139</ns3:hr>
            <ns3:cad>83</ns3:cad>
          </ns3:TrackPointExtension>
        </extensions>
      </trkpt>
      <trkpt lat="37.5157783739268779754638671875" lon="127.0689314045011997222900390625">
        <ele>11.3999996185302734375</ele>
        <time>2026-09-14T08:54:38.000Z</time>
        <extensions>
          <ns3:TrackPointExtension>
            <ns3:hr>140</ns3:hr>
            <ns3:cad>83</ns3:cad>
          </ns3:TrackPointExtension>
        </extensions>
      </trkpt>
      <trkpt lat="37.515813745558261871337890625" lon="127.06894925795495510101318359375">
        <ele>11.3999996185302734375</ele>
        <time>2026-09-14T08:54:39.000Z</time>
        <extensions>
          <ns3:TrackPointExtension>
            <ns3:hr>140</ns3:hr>
            <ns3:cad>83</ns3:cad>
          </ns3:TrackPointExtension>
        </extensions>
      </trkpt>
      <trkpt lat="37.51584450714290142059326171875" lon="127.068970464169979095458984375">
        <ele>11.6000003814697265625</ele>
        <time>2026-09-14T08:54:40.000Z</time>
        <extensions>
          <ns3:TrackPointExtension>
            <ns3:hr>140</ns3:hr>
            <ns3:cad>82</ns3:cad>
          </ns3:TrackPointExtension>
        </extensions>
      </trkpt>
      <trkpt lat="37.515872418880462646484375" lon="127.06898496486246585845947265625">
        <ele>11.6000003814697265625</ele>
        <time>2026-09-14T08:54:41.000Z</time>
        <extensions>
          <ns3:TrackPointExtension>
            <ns3:hr>140</ns3:hr>
            <ns3:cad>82</ns3:cad>
          </ns3:TrackPointExtension>
        </extensions>
      </trkpt>
      <trkpt lat="37.51590234227478504180908203125" lon="127.06900860182940959930419921875">
        <ele>11.6000003814697265625</ele>
        <time>2026-09-14T08:54:42.000Z</time>
        <extensions>
          <ns3:TrackPointExtension>
            <ns3:hr>141</ns3:hr>
            <ns3:cad>82</ns3:cad>
          </ns3:TrackPointExtension>
        </extensions>
      </trkpt>
      <trkpt lat="37.515926398336887359619140625" lon="127.06902620382606983184814453125">
        <ele>11.6000003814697265625</ele>
        <time>2026-09-14T08:54:43.000Z</time>
        <extensions>
          <ns3:TrackPointExtension>
            <ns3:hr>141</ns3:hr>
            <ns3:cad>82</ns3:cad>
          </ns3:TrackPointExtension>
        </extensions>
      </trkpt>
      <trkpt lat="37.51595221459865570068359375" lon="127.06904481165111064910888671875">
        <ele>11.6000003814697265625</ele>
        <time>2026-09-14T08:54:44.000Z</time>
        <extensions>
          <ns3:TrackPointExtension>
            <ns3:hr>141</ns3:hr>
            <ns3:cad>83</ns3:cad>
          </ns3:TrackPointExtension>
        </extensions>
      </trkpt>
      <trkpt lat="37.5159785337746143341064453125" lon="127.06907079555094242095947265625">
        <ele>11.6000003814697265625</ele>
        <time>2026-09-14T08:54:45.000Z</time>
        <extensions>
          <ns3:TrackPointExtension>
            <ns3:hr>141</ns3:hr>
            <ns3:cad>83</ns3:cad>
          </ns3:TrackPointExtension>
        </extensions>
      </trkpt>
      <trkpt lat="37.5160050205886363983154296875" lon="127.0690856315195560455322265625">
        <ele>11.80000019073486328125</ele>
        <time>2026-09-14T08:54:46.000Z</time>
        <extensions>
          <ns3:TrackPointExtension>
            <ns3:hr>141</ns3:hr>
            <ns3:cad>83</ns3:cad>
          </ns3:TrackPointExtension>
        </extensions>
      </trkpt>
      <trkpt lat="37.51603695563971996307373046875" lon="127.06910599954426288604736328125">
        <ele>11.80000019073486328125</ele>
        <time>2026-09-14T08:54:47.000Z</time>
        <extensions>
          <ns3:TrackPointExtension>
            <ns3:hr>141</ns3:hr>
            <ns3:cad>83</ns3:cad>
          </ns3:TrackPointExtension>
        </extensions>
      </trkpt>
      <trkpt lat="37.516059838235378265380859375" lon="127.0691201649606227874755859375">
        <ele>12</ele>
        <time>2026-09-14T08:54:48.000Z</time>
        <extensions>
          <ns3:TrackPointExtension>
            <ns3:hr>142</ns3:hr>
            <ns3:cad>83</ns3:cad>
          </ns3:TrackPointExtension>
        </extensions>
      </trkpt>
      <trkpt lat="37.51608992926776409149169921875" lon="127.06913382746279239654541015625">
        <ele>12</ele>
        <time>2026-09-14T08:54:49.000Z</time>
        <extensions>
          <ns3:TrackPointExtension>
            <ns3:hr>142</ns3:hr>
            <ns3:cad>83</ns3:cad>
          </ns3:TrackPointExtension>
        </extensions>
      </trkpt>
      <trkpt lat="37.5161232054233551025390625" lon="127.06915327347815036773681640625">
        <ele>12</ele>
        <time>2026-09-14T08:54:50.000Z</time>
        <extensions>
          <ns3:TrackPointExtension>
            <ns3:hr>142</ns3:hr>
            <ns3:cad>82</ns3:cad>
          </ns3:TrackPointExtension>
        </extensions>
      </trkpt>
      <trkpt lat="37.51614994369447231292724609375" lon="127.06915520131587982177734375">
        <ele>12</ele>
        <time>2026-09-14T08:54:51.000Z</time>
        <extensions>
          <ns3:TrackPointExtension>
            <ns3:hr>143</ns3:hr>
            <ns3:cad>82</ns3:cad>
          </ns3:TrackPointExtension>
        </extensions>
      </trkpt>
      <trkpt lat="37.51618363894522190093994140625" lon="127.06915947608649730682373046875">
        <ele>12</ele>
        <time>2026-09-14T08:54:52.000Z</time>
        <extensions>
          <ns3:TrackPointExtension>
            <ns3:hr>143</ns3:hr>
            <ns3:cad>82</ns3:cad>
          </ns3:TrackPointExtension>
        </extensions>
      </trkpt>
      <trkpt lat="37.516209371387958526611328125" lon="127.069160901010036468505859375">
        <ele>12.19999980926513671875</ele>
        <time>2026-09-14T08:54:53.000Z</time>
        <extensions>
          <ns3:TrackPointExtension>
            <ns3:hr>143</ns3:hr>
            <ns3:cad>83</ns3:cad>
          </ns3:TrackPointExtension>
        </extensions>
      </trkpt>
      <trkpt lat="37.51623862423002719879150390625" lon="127.06915930844843387603759765625">
        <ele>12.19999980926513671875</ele>
        <time>2026-09-14T08:54:54.000Z</time>
        <extensions>
          <ns3:TrackPointExtension>
            <ns3:hr>143</ns3:hr>
            <ns3:cad>83</ns3:cad>
          </ns3:TrackPointExtension>
        </extensions>
      </trkpt>
      <trkpt lat="37.5162719003856182098388671875" lon="127.06915880553424358367919921875">
        <ele>12.19999980926513671875</ele>
        <time>2026-09-14T08:54:55.000Z</time>
        <extensions>
          <ns3:TrackPointExtension>
            <ns3:hr>142</ns3:hr>
            <ns3:cad>83</ns3:cad>
          </ns3:TrackPointExtension>
        </extensions>
      </trkpt>
      <trkpt lat="37.51629645936191082000732421875" lon="127.06915545277297496795654296875">
        <ele>12.3999996185302734375</ele>
        <time>2026-09-14T08:54:56.000Z</time>
        <extensions>
          <ns3:TrackPointExtension>
            <ns3:hr>143</ns3:hr>
            <ns3:cad>83</ns3:cad>
          </ns3:TrackPointExtension>
        </extensions>
      </trkpt>
      <trkpt lat="37.516334094107151031494140625" lon="127.06915545277297496795654296875">
        <ele>12.3999996185302734375</ele>
        <time>2026-09-14T08:54:57.000Z</time>
        <extensions>
          <ns3:TrackPointExtension>
            <ns3:hr>143</ns3:hr>
            <ns3:cad>83</ns3:cad>
          </ns3:TrackPointExtension>
        </extensions>
      </trkpt>
      <trkpt lat="37.51636519096791744232177734375" lon="127.069150507450103759765625">
        <ele>12.19999980926513671875</ele>
        <time>2026-09-14T08:54:58.000Z</time>
        <extensions>
          <ns3:TrackPointExtension>
            <ns3:hr>143</ns3:hr>
            <ns3:cad>84</ns3:cad>
          </ns3:TrackPointExtension>
        </extensions>
      </trkpt>
      <trkpt lat="37.5163929350674152374267578125" lon="127.0691446401178836822509765625">
        <ele>12.19999980926513671875</ele>
        <time>2026-09-14T08:54:59.000Z</time>
        <extensions>
          <ns3:TrackPointExtension>
            <ns3:hr>143</ns3:hr>
            <ns3:cad>84</ns3:cad>
          </ns3:TrackPointExtension>
        </extensions>
      </trkpt>
      <trkpt lat="37.516427971422672271728515625" lon="127.06914254464209079742431640625">
        <ele>12.19999980926513671875</ele>
        <time>2026-09-14T08:55:00.000Z</time>
        <extensions>
          <ns3:TrackPointExtension>
            <ns3:hr>143</ns3:hr>
            <ns3:cad>83</ns3:cad>
          </ns3:TrackPointExtension>
        </extensions>
      </trkpt>
      <trkpt lat="37.51645018346607685089111328125" lon="127.0691335760056972503662109375">
        <ele>12.19999980926513671875</ele>
        <time>2026-09-14T08:55:01.000Z</time>
        <extensions>
          <ns3:TrackPointExtension>
            <ns3:hr>143</ns3:hr>
            <ns3:cad>83</ns3:cad>
          </ns3:TrackPointExtension>
        </extensions>
      </trkpt>
      <trkpt lat="37.5164868123829364776611328125" lon="127.06912712194025516510009765625">
        <ele>12</ele>
        <time>2026-09-14T08:55:02.000Z</time>
        <extensions>
          <ns3:TrackPointExtension>
            <ns3:hr>143</ns3:hr>
            <ns3:cad>83</ns3:cad>
          </ns3:TrackPointExtension>
        </extensions>
      </trkpt>
      <trkpt lat="37.51651623286306858062744140625" lon="127.0691302232444286346435546875">
        <ele>12</ele>
        <time>2026-09-14T08:55:03.000Z</time>
        <extensions>
          <ns3:TrackPointExtension>
            <ns3:hr>143</ns3:hr>
            <ns3:cad>83</ns3:cad>
          </ns3:TrackPointExtension>
        </extensions>
      </trkpt>
      <trkpt lat="37.51654154621064662933349609375" lon="127.0691178180277347564697265625">
        <ele>12</ele>
        <time>2026-09-14T08:55:04.000Z</time>
        <extensions>
          <ns3:TrackPointExtension>
            <ns3:hr>143</ns3:hr>
            <ns3:cad>83</ns3:cad>
          </ns3:TrackPointExtension>
        </extensions>
      </trkpt>
      <trkpt lat="37.5165827013552188873291015625" lon="127.06911354325711727142333984375">
        <ele>12</ele>
        <time>2026-09-14T08:55:05.000Z</time>
        <extensions>
          <ns3:TrackPointExtension>
            <ns3:hr>144</ns3:hr>
            <ns3:cad>84</ns3:cad>
          </ns3:TrackPointExtension>
        </extensions>
      </trkpt>
      <trkpt lat="37.5166078470647335052490234375" lon="127.0691060833632946014404296875">
        <ele>12</ele>
        <time>2026-09-14T08:55:06.000Z</time>
        <extensions>
          <ns3:TrackPointExtension>
            <ns3:hr>144</ns3:hr>
            <ns3:cad>84</ns3:cad>
          </ns3:TrackPointExtension>
        </extensions>
      </trkpt>
      <trkpt lat="37.5166453979909420013427734375" lon="127.06909728236496448516845703125">
        <ele>12.19999980926513671875</ele>
        <time>2026-09-14T08:55:07.000Z</time>
        <extensions>
          <ns3:TrackPointExtension>
            <ns3:hr>144</ns3:hr>
            <ns3:cad>84</ns3:cad>
          </ns3:TrackPointExtension>
        </extensions>
      </trkpt>
      <trkpt lat="37.51667783595621585845947265625" lon="127.069091834127902984619140625">
        <ele>12.19999980926513671875</ele>
        <time>2026-09-14T08:55:08.000Z</time>
        <extensions>
          <ns3:TrackPointExtension>
            <ns3:hr>145</ns3:hr>
            <ns3:cad>84</ns3:cad>
          </ns3:TrackPointExtension>
        </extensions>
      </trkpt>
      <trkpt lat="37.5167017243802547454833984375" lon="127.0690816082060337066650390625">
        <ele>12.19999980926513671875</ele>
        <time>2026-09-14T08:55:09.000Z</time>
        <extensions>
          <ns3:TrackPointExtension>
            <ns3:hr>145</ns3:hr>
            <ns3:cad>84</ns3:cad>
          </ns3:TrackPointExtension>
        </extensions>
      </trkpt>
      <trkpt lat="37.51674103550612926483154296875" lon="127.06907741725444793701171875">
        <ele>12.19999980926513671875</ele>
        <time>2026-09-14T08:55:10.000Z</time>
        <extensions>
          <ns3:TrackPointExtension>
            <ns3:hr>145</ns3:hr>
            <ns3:cad>84</ns3:cad>
          </ns3:TrackPointExtension>
        </extensions>
      </trkpt>
      <trkpt lat="37.51676517538726329803466796875" lon="127.06907297484576702117919921875">
        <ele>12.19999980926513671875</ele>
        <time>2026-09-14T08:55:11.000Z</time>
        <extensions>
          <ns3:TrackPointExtension>
            <ns3:hr>145</ns3:hr>
            <ns3:cad>83</ns3:cad>
          </ns3:TrackPointExtension>
        </extensions>
      </trkpt>
      <trkpt lat="37.516796104609966278076171875" lon="127.06906576640903949737548828125">
        <ele>12.19999980926513671875</ele>
        <time>2026-09-14T08:55:12.000Z</time>
        <extensions>
          <ns3:TrackPointExtension>
            <ns3:hr>145</ns3:hr>
            <ns3:cad>83</ns3:cad>
          </ns3:TrackPointExtension>
        </extensions>
      </trkpt>
      <trkpt lat="37.5168304704129695892333984375" lon="127.06906241364777088165283203125">
        <ele>12</ele>
        <time>2026-09-14T08:55:13.000Z</time>
        <extensions>
          <ns3:TrackPointExtension>
            <ns3:hr>146</ns3:hr>
            <ns3:cad>83</ns3:cad>
          </ns3:TrackPointExtension>
        </extensions>
      </trkpt>
      <trkpt lat="37.5168542750179767608642578125" lon="127.0690537802875041961669921875">
        <ele>12.19999980926513671875</ele>
        <time>2026-09-14T08:55:14.000Z</time>
        <extensions>
          <ns3:TrackPointExtension>
            <ns3:hr>145</ns3:hr>
            <ns3:cad>83</ns3:cad>
          </ns3:TrackPointExtension>
        </extensions>
      </trkpt>
      <trkpt lat="37.51688822172582149505615234375" lon="127.06905134953558444976806640625">
        <ele>12.19999980926513671875</ele>
        <time>2026-09-14T08:55:15.000Z</time>
        <extensions>
          <ns3:TrackPointExtension>
            <ns3:hr>145</ns3:hr>
            <ns3:cad>83</ns3:cad>
          </ns3:TrackPointExtension>
        </extensions>
      </trkpt>
      <trkpt lat="37.5169132836163043975830078125" lon="127.06904548220336437225341796875">
        <ele>12.19999980926513671875</ele>
        <time>2026-09-14T08:55:16.000Z</time>
        <extensions>
          <ns3:TrackPointExtension>
            <ns3:hr>146</ns3:hr>
            <ns3:cad>84</ns3:cad>
          </ns3:TrackPointExtension>
        </extensions>
      </trkpt>
      <trkpt lat="37.51694773323833942413330078125" lon="127.06903676502406597137451171875">
        <ele>12.3999996185302734375</ele>
        <time>2026-09-14T08:55:17.000Z</time>
        <extensions>
          <ns3:TrackPointExtension>
            <ns3:hr>145</ns3:hr>
            <ns3:cad>84</ns3:cad>
          </ns3:TrackPointExtension>
        </extensions>
      </trkpt>
      <trkpt lat="37.51698226667940616607666015625" lon="127.06904162652790546417236328125">
        <ele>12.3999996185302734375</ele>
        <time>2026-09-14T08:55:18.000Z</time>
        <extensions>
          <ns3:TrackPointExtension>
            <ns3:hr>145</ns3:hr>
            <ns3:cad>84</ns3:cad>
          </ns3:TrackPointExtension>
        </extensions>
      </trkpt>
      <trkpt lat="37.5170088373124599456787109375" lon="127.06903743557631969451904296875">
        <ele>12.3999996185302734375</ele>
        <time>2026-09-14T08:55:19.000Z</time>
        <extensions>
          <ns3:TrackPointExtension>
            <ns3:hr>146</ns3:hr>
            <ns3:cad>83</ns3:cad>
          </ns3:TrackPointExtension>
        </extensions>
      </trkpt>
      <trkpt lat="37.51705049537122249603271484375" lon="127.06903290934860706329345703125">
        <ele>12.3999996185302734375</ele>
        <time>2026-09-14T08:55:20.000Z</time>
        <extensions>
          <ns3:TrackPointExtension>
            <ns3:hr>146</ns3:hr>
            <ns3:cad>83</ns3:cad>
          </ns3:TrackPointExtension>
        </extensions>
      </trkpt>
      <trkpt lat="37.51707698218524456024169921875" lon="127.069031484425067901611328125">
        <ele>12.19999980926513671875</ele>
        <time>2026-09-14T08:55:21.000Z</time>
        <extensions>
          <ns3:TrackPointExtension>
            <ns3:hr>145</ns3:hr>
            <ns3:cad>84</ns3:cad>
          </ns3:TrackPointExtension>
        </extensions>
      </trkpt>
      <trkpt lat="37.51710715703666210174560546875" lon="127.06902385689318180084228515625">
        <ele>12</ele>
        <time>2026-09-14T08:55:22.000Z</time>
        <extensions>
          <ns3:TrackPointExtension>
            <ns3:hr>145</ns3:hr>
            <ns3:cad>84</ns3:cad>
          </ns3:TrackPointExtension>
        </extensions>
      </trkpt>
      <trkpt lat="37.5171412713825702667236328125" lon="127.069016732275485992431640625">
        <ele>12</ele>
        <time>2026-09-14T08:55:23.000Z</time>
        <extensions>
          <ns3:TrackPointExtension>
            <ns3:hr>145</ns3:hr>
            <ns3:cad>84</ns3:cad>
          </ns3:TrackPointExtension>
        </extensions>
      </trkpt>
      <trkpt lat="37.51716591417789459228515625" lon="127.06900575198233127593994140625">
        <ele>12</ele>
        <time>2026-09-14T08:55:24.000Z</time>
        <extensions>
          <ns3:TrackPointExtension>
            <ns3:hr>145</ns3:hr>
            <ns3:cad>83</ns3:cad>
          </ns3:TrackPointExtension>
        </extensions>
      </trkpt>
      <trkpt lat="37.517193071544170379638671875" lon="127.0690031535923480987548828125">
        <ele>12</ele>
        <time>2026-09-14T08:55:25.000Z</time>
        <extensions>
          <ns3:TrackPointExtension>
            <ns3:hr>145</ns3:hr>
            <ns3:cad>83</ns3:cad>
          </ns3:TrackPointExtension>
        </extensions>
      </trkpt>
      <trkpt lat="37.51721964217722415924072265625" lon="127.06900105811655521392822265625">
        <ele>12</ele>
        <time>2026-09-14T08:55:26.000Z</time>
        <extensions>
          <ns3:TrackPointExtension>
            <ns3:hr>144</ns3:hr>
            <ns3:cad>83</ns3:cad>
          </ns3:TrackPointExtension>
        </extensions>
      </trkpt>
      <trkpt lat="37.51724294386804103851318359375" lon="127.0689930953085422515869140625">
        <ele>12.19999980926513671875</ele>
        <time>2026-09-14T08:55:27.000Z</time>
        <extensions>
          <ns3:TrackPointExtension>
            <ns3:hr>145</ns3:hr>
            <ns3:cad>83</ns3:cad>
          </ns3:TrackPointExtension>
        </extensions>
      </trkpt>
      <trkpt lat="37.51728066243231296539306640625" lon="127.06898756325244903564453125">
        <ele>12.19999980926513671875</ele>
        <time>2026-09-14T08:55:28.000Z</time>
        <extensions>
          <ns3:TrackPointExtension>
            <ns3:hr>145</ns3:hr>
            <ns3:cad>83</ns3:cad>
          </ns3:TrackPointExtension>
        </extensions>
      </trkpt>
      <trkpt lat="37.51730111427605152130126953125" lon="127.06897574476897716522216796875">
        <ele>12.19999980926513671875</ele>
        <time>2026-09-14T08:55:29.000Z</time>
        <extensions>
          <ns3:TrackPointExtension>
            <ns3:hr>145</ns3:hr>
            <ns3:cad>83</ns3:cad>
          </ns3:TrackPointExtension>
        </extensions>
      </trkpt>
      <trkpt lat="37.51733623445034027099609375" lon="127.0689682848751544952392578125">
        <ele>12.19999980926513671875</ele>
        <time>2026-09-14T08:55:30.000Z</time>
        <extensions>
          <ns3:TrackPointExtension>
            <ns3:hr>144</ns3:hr>
            <ns3:cad>84</ns3:cad>
          </ns3:TrackPointExtension>
        </extensions>
      </trkpt>
      <trkpt lat="37.517365403473377227783203125" lon="127.06896702758967876434326171875">
        <ele>12.19999980926513671875</ele>
        <time>2026-09-14T08:55:31.000Z</time>
        <extensions>
          <ns3:TrackPointExtension>
            <ns3:hr>144</ns3:hr>
            <ns3:cad>84</ns3:cad>
          </ns3:TrackPointExtension>
        </extensions>
      </trkpt>
      <trkpt lat="37.5173918902873992919921875" lon="127.06895546056330204010009765625">
        <ele>12.19999980926513671875</ele>
        <time>2026-09-14T08:55:32.000Z</time>
        <extensions>
          <ns3:TrackPointExtension>
            <ns3:hr>144</ns3:hr>
            <ns3:cad>84</ns3:cad>
          </ns3:TrackPointExtension>
        </extensions>
      </trkpt>
      <trkpt lat="37.51742717809975147247314453125" lon="127.06894657574594020843505859375">
        <ele>12.19999980926513671875</ele>
        <time>2026-09-14T08:55:33.000Z</time>
        <extensions>
          <ns3:TrackPointExtension>
            <ns3:hr>144</ns3:hr>
            <ns3:cad>83</ns3:cad>
          </ns3:TrackPointExtension>
        </extensions>
      </trkpt>
      <trkpt lat="37.5174477137625217437744140625" lon="127.068943642079830169677734375">
        <ele>12.3999996185302734375</ele>
        <time>2026-09-14T08:55:34.000Z</time>
        <extensions>
          <ns3:TrackPointExtension>
            <ns3:hr>144</ns3:hr>
            <ns3:cad>83</ns3:cad>
          </ns3:TrackPointExtension>
        </extensions>
      </trkpt>
      <trkpt lat="37.517482079565525054931640625" lon="127.0689347572624683380126953125">
        <ele>12.3999996185302734375</ele>
        <time>2026-09-14T08:55:35.000Z</time>
        <extensions>
          <ns3:TrackPointExtension>
            <ns3:hr>144</ns3:hr>
            <ns3:cad>83</ns3:cad>
          </ns3:TrackPointExtension>
        </extensions>
      </trkpt>
      <trkpt lat="37.5175104103982448577880859375" lon="127.0689354278147220611572265625">
        <ele>12.3999996185302734375</ele>
        <time>2026-09-14T08:55:36.000Z</time>
        <extensions>
          <ns3:TrackPointExtension>
            <ns3:hr>144</ns3:hr>
            <ns3:cad>83</ns3:cad>
          </ns3:TrackPointExtension>
        </extensions>
      </trkpt>
      <trkpt lat="37.5175352208316326141357421875" lon="127.0689257048070430755615234375">
        <ele>12.3999996185302734375</ele>
        <time>2026-09-14T08:55:37.000Z</time>
        <extensions>
          <ns3:TrackPointExtension>
            <ns3:hr>144</ns3:hr>
            <ns3:cad>83</ns3:cad>
          </ns3:TrackPointExtension>
        </extensions>
      </trkpt>
      <trkpt lat="37.5175747834146022796630859375" lon="127.06892763264477252960205078125">
        <ele>12.19999980926513671875</ele>
        <time>2026-09-14T08:55:38.000Z</time>
        <extensions>
          <ns3:TrackPointExtension>
            <ns3:hr>143</ns3:hr>
            <ns3:cad>83</ns3:cad>
          </ns3:TrackPointExtension>
        </extensions>
      </trkpt>
      <trkpt lat="37.51759733073413372039794921875" lon="127.06892847083508968353271484375">
        <ele>12</ele>
        <time>2026-09-14T08:55:39.000Z</time>
        <extensions>
          <ns3:TrackPointExtension>
            <ns3:hr>143</ns3:hr>
            <ns3:cad>84</ns3:cad>
          </ns3:TrackPointExtension>
        </extensions>
      </trkpt>
      <trkpt lat="37.5176304392516613006591796875" lon="127.0689206756651401519775390625">
        <ele>11.80000019073486328125</ele>
        <time>2026-09-14T08:55:40.000Z</time>
        <extensions>
          <ns3:TrackPointExtension>
            <ns3:hr>143</ns3:hr>
            <ns3:cad>84</ns3:cad>
          </ns3:TrackPointExtension>
        </extensions>
      </trkpt>
      <trkpt lat="37.5176622904837131500244140625" lon="127.06891916692256927490234375">
        <ele>11.80000019073486328125</ele>
        <time>2026-09-14T08:55:41.000Z</time>
        <extensions>
          <ns3:TrackPointExtension>
            <ns3:hr>143</ns3:hr>
            <ns3:cad>84</ns3:cad>
          </ns3:TrackPointExtension>
        </extensions>
      </trkpt>
      <trkpt lat="37.51769204623997211456298828125" lon="127.06890986301004886627197265625">
        <ele>11.80000019073486328125</ele>
        <time>2026-09-14T08:55:42.000Z</time>
        <extensions>
          <ns3:TrackPointExtension>
            <ns3:hr>143</ns3:hr>
            <ns3:cad>84</ns3:cad>
          </ns3:TrackPointExtension>
        </extensions>
      </trkpt>
      <trkpt lat="37.51773429103195667266845703125" lon="127.068903744220733642578125">
        <ele>11.80000019073486328125</ele>
        <time>2026-09-14T08:55:43.000Z</time>
        <extensions>
          <ns3:TrackPointExtension>
            <ns3:hr>144</ns3:hr>
            <ns3:cad>84</ns3:cad>
          </ns3:TrackPointExtension>
        </extensions>
      </trkpt>
      <trkpt lat="37.51775876618921756744384765625" lon="127.068888656795024871826171875">
        <ele>11.80000019073486328125</ele>
        <time>2026-09-14T08:55:44.000Z</time>
        <extensions>
          <ns3:TrackPointExtension>
            <ns3:hr>145</ns3:hr>
            <ns3:cad>84</ns3:cad>
          </ns3:TrackPointExtension>
        </extensions>
      </trkpt>
      <trkpt lat="37.51779061742126941680908203125" lon="127.068876922130584716796875">
        <ele>12</ele>
        <time>2026-09-14T08:55:45.000Z</time>
        <extensions>
          <ns3:TrackPointExtension>
            <ns3:hr>145</ns3:hr>
            <ns3:cad>84</ns3:cad>
          </ns3:TrackPointExtension>
        </extensions>
      </trkpt>
      <trkpt lat="37.5178289227187633514404296875" lon="127.068881280720233917236328125">
        <ele>12</ele>
        <time>2026-09-14T08:55:46.000Z</time>
        <extensions>
          <ns3:TrackPointExtension>
            <ns3:hr>145</ns3:hr>
            <ns3:cad>84</ns3:cad>
          </ns3:TrackPointExtension>
        </extensions>
      </trkpt>
      <trkpt lat="37.5178554095327854156494140625" lon="127.06887482665479183197021484375">
        <ele>11.80000019073486328125</ele>
        <time>2026-09-14T08:55:47.000Z</time>
        <extensions>
          <ns3:TrackPointExtension>
            <ns3:hr>144</ns3:hr>
            <ns3:cad>84</ns3:cad>
          </ns3:TrackPointExtension>
        </extensions>
      </trkpt>
      <trkpt lat="37.5178902782499790191650390625" lon="127.06888857297599315643310546875">
        <ele>11.80000019073486328125</ele>
        <time>2026-09-14T08:55:48.000Z</time>
        <extensions>
          <ns3:TrackPointExtension>
            <ns3:hr>144</ns3:hr>
            <ns3:cad>84</ns3:cad>
          </ns3:TrackPointExtension>
        </extensions>
      </trkpt>
      <trkpt lat="37.5179135799407958984375" lon="127.0688915066421031951904296875">
        <ele>11.6000003814697265625</ele>
        <time>2026-09-14T08:55:49.000Z</time>
        <extensions>
          <ns3:TrackPointExtension>
            <ns3:hr>145</ns3:hr>
            <ns3:cad>84</ns3:cad>
          </ns3:TrackPointExtension>
        </extensions>
      </trkpt>
      <trkpt lat="37.517945431172847747802734375" lon="127.06889293156564235687255859375">
        <ele>11.6000003814697265625</ele>
        <time>2026-09-14T08:55:50.000Z</time>
        <extensions>
          <ns3:TrackPointExtension>
            <ns3:hr>145</ns3:hr>
            <ns3:cad>84</ns3:cad>
          </ns3:TrackPointExtension>
        </extensions>
      </trkpt>
      <trkpt lat="37.51797753386199474334716796875" lon="127.0688978768885135650634765625">
        <ele>11.80000019073486328125</ele>
        <time>2026-09-14T08:55:51.000Z</time>
        <extensions>
          <ns3:TrackPointExtension>
            <ns3:hr>145</ns3:hr>
            <ns3:cad>83</ns3:cad>
          </ns3:TrackPointExtension>
        </extensions>
      </trkpt>
      <trkpt lat="37.51800402067601680755615234375" lon="127.06890181638300418853759765625">
        <ele>11.80000019073486328125</ele>
        <time>2026-09-14T08:55:52.000Z</time>
        <extensions>
          <ns3:TrackPointExtension>
            <ns3:hr>145</ns3:hr>
            <ns3:cad>83</ns3:cad>
          </ns3:TrackPointExtension>
        </extensions>
      </trkpt>
      <trkpt lat="37.51803939230740070343017578125" lon="127.06890441477298736572265625">
        <ele>11.6000003814697265625</ele>
        <time>2026-09-14T08:55:53.000Z</time>
        <extensions>
          <ns3:TrackPointExtension>
            <ns3:hr>145</ns3:hr>
            <ns3:cad>83</ns3:cad>
          </ns3:TrackPointExtension>
        </extensions>
      </trkpt>
      <trkpt lat="37.5180731713771820068359375" lon="127.0689086057245731353759765625">
        <ele>11.80000019073486328125</ele>
        <time>2026-09-14T08:55:54.000Z</time>
        <extensions>
          <ns3:TrackPointExtension>
            <ns3:hr>145</ns3:hr>
            <ns3:cad>83</ns3:cad>
          </ns3:TrackPointExtension>
        </extensions>
      </trkpt>
      <trkpt lat="37.518103681504726409912109375" lon="127.06891237758100032806396484375">
        <ele>11.80000019073486328125</ele>
        <time>2026-09-14T08:55:55.000Z</time>
        <extensions>
          <ns3:TrackPointExtension>
            <ns3:hr>146</ns3:hr>
            <ns3:cad>83</ns3:cad>
          </ns3:TrackPointExtension>
        </extensions>
      </trkpt>
      <trkpt lat="37.5181346945464611053466796875" lon="127.068914473056793212890625">
        <ele>11.80000019073486328125</ele>
        <time>2026-09-14T08:55:56.000Z</time>
        <extensions>
          <ns3:TrackPointExtension>
            <ns3:hr>145</ns3:hr>
            <ns3:cad>83</ns3:cad>
          </ns3:TrackPointExtension>
        </extensions>
      </trkpt>
      <trkpt lat="37.5181638635694980621337890625" lon="127.0689176581799983978271484375">
        <ele>11.80000019073486328125</ele>
        <time>2026-09-14T08:55:57.000Z</time>
        <extensions>
          <ns3:TrackPointExtension>
            <ns3:hr>145</ns3:hr>
            <ns3:cad>83</ns3:cad>
          </ns3:TrackPointExtension>
        </extensions>
      </trkpt>
      <trkpt lat="37.51818942837417125701904296875" lon="127.06892159767448902130126953125">
        <ele>12</ele>
        <time>2026-09-14T08:55:58.000Z</time>
        <extensions>
          <ns3:TrackPointExtension>
            <ns3:hr>145</ns3:hr>
            <ns3:cad>83</ns3:cad>
          </ns3:TrackPointExtension>
        </extensions>
      </trkpt>
      <trkpt lat="37.51820585690438747406005859375" lon="127.06893618218600749969482421875">
        <ele>12</ele>
        <time>2026-09-14T08:55:59.000Z</time>
        <extensions>
          <ns3:TrackPointExtension>
            <ns3:hr>145</ns3:hr>
            <ns3:cad>83</ns3:cad>
          </ns3:TrackPointExtension>
        </extensions>
      </trkpt>
      <trkpt lat="37.5182305835187435150146484375" lon="127.0689421333372592926025390625">
        <ele>12</ele>
        <time>2026-09-14T08:56:00.000Z</time>
        <extensions>
          <ns3:TrackPointExtension>
            <ns3:hr>145</ns3:hr>
            <ns3:cad>83</ns3:cad>
          </ns3:TrackPointExtension>
        </extensions>
      </trkpt>
      <trkpt lat="37.51826025545597076416015625" lon="127.06895344890654087066650390625">
        <ele>11.80000019073486328125</ele>
        <time>2026-09-14T08:56:01.000Z</time>
        <extensions>
          <ns3:TrackPointExtension>
            <ns3:hr>146</ns3:hr>
            <ns3:cad>83</ns3:cad>
          </ns3:TrackPointExtension>
        </extensions>
      </trkpt>
      <trkpt lat="37.51828598789870738983154296875" lon="127.0689578913152217864990234375">
        <ele>11.80000019073486328125</ele>
        <time>2026-09-14T08:56:02.000Z</time>
        <extensions>
          <ns3:TrackPointExtension>
            <ns3:hr>146</ns3:hr>
            <ns3:cad>83</ns3:cad>
          </ns3:TrackPointExtension>
        </extensions>
      </trkpt>
      <trkpt lat="37.51831591129302978515625" lon="127.068968117237091064453125">
        <ele>11.80000019073486328125</ele>
        <time>2026-09-14T08:56:03.000Z</time>
        <extensions>
          <ns3:TrackPointExtension>
            <ns3:hr>147</ns3:hr>
            <ns3:cad>84</ns3:cad>
          </ns3:TrackPointExtension>
        </extensions>
      </trkpt>
      <trkpt lat="37.5183442421257495880126953125" lon="127.06897675059735774993896484375">
        <ele>11.80000019073486328125</ele>
        <time>2026-09-14T08:56:04.000Z</time>
        <extensions>
          <ns3:TrackPointExtension>
            <ns3:hr>147</ns3:hr>
            <ns3:cad>83</ns3:cad>
          </ns3:TrackPointExtension>
        </extensions>
      </trkpt>
      <trkpt lat="37.518366537988185882568359375" lon="127.06897792406380176544189453125">
        <ele>11.80000019073486328125</ele>
        <time>2026-09-14T08:56:05.000Z</time>
        <extensions>
          <ns3:TrackPointExtension>
            <ns3:hr>147</ns3:hr>
            <ns3:cad>83</ns3:cad>
          </ns3:TrackPointExtension>
        </extensions>
      </trkpt>
      <trkpt lat="37.5184012390673160552978515625" lon="127.06898446194827556610107421875">
        <ele>11.80000019073486328125</ele>
        <time>2026-09-14T08:56:06.000Z</time>
        <extensions>
          <ns3:TrackPointExtension>
            <ns3:hr>148</ns3:hr>
            <ns3:cad>83</ns3:cad>
          </ns3:TrackPointExtension>
        </extensions>
      </trkpt>
      <trkpt lat="37.51842764206230640411376953125" lon="127.0689941011369228363037109375">
        <ele>11.80000019073486328125</ele>
        <time>2026-09-14T08:56:07.000Z</time>
        <extensions>
          <ns3:TrackPointExtension>
            <ns3:hr>147</ns3:hr>
            <ns3:cad>84</ns3:cad>
          </ns3:TrackPointExtension>
        </extensions>
      </trkpt>
      <trkpt lat="37.5184612534940242767333984375" lon="127.06900021992623805999755859375">
        <ele>12</ele>
        <time>2026-09-14T08:56:08.000Z</time>
        <extensions>
          <ns3:TrackPointExtension>
            <ns3:hr>147</ns3:hr>
            <ns3:cad>84</ns3:cad>
          </ns3:TrackPointExtension>
        </extensions>
      </trkpt>
      <trkpt lat="37.51848824322223663330078125" lon="127.06901312805712223052978515625">
        <ele>12</ele>
        <time>2026-09-14T08:56:09.000Z</time>
        <extensions>
          <ns3:TrackPointExtension>
            <ns3:hr>147</ns3:hr>
            <ns3:cad>84</ns3:cad>
          </ns3:TrackPointExtension>
        </extensions>
      </trkpt>
      <trkpt lat="37.51852177083492279052734375" lon="127.069021426141262054443359375">
        <ele>11.80000019073486328125</ele>
        <time>2026-09-14T08:56:10.000Z</time>
        <extensions>
          <ns3:TrackPointExtension>
            <ns3:hr>147</ns3:hr>
            <ns3:cad>84</ns3:cad>
          </ns3:TrackPointExtension>
        </extensions>
      </trkpt>
      <trkpt lat="37.51855756156146526336669921875" lon="127.06904145888984203338623046875">
        <ele>11.80000019073486328125</ele>
        <time>2026-09-14T08:56:11.000Z</time>
        <extensions>
          <ns3:TrackPointExtension>
            <ns3:hr>147</ns3:hr>
            <ns3:cad>83</ns3:cad>
          </ns3:TrackPointExtension>
        </extensions>
      </trkpt>
      <trkpt lat="37.51858421601355075836181640625" lon="127.069050259888172149658203125">
        <ele>11.80000019073486328125</ele>
        <time>2026-09-14T08:56:12.000Z</time>
        <extensions>
          <ns3:TrackPointExtension>
            <ns3:hr>147</ns3:hr>
            <ns3:cad>83</ns3:cad>
          </ns3:TrackPointExtension>
        </extensions>
      </trkpt>
      <trkpt lat="37.5186171568930149078369140625" lon="127.06906425766646862030029296875">
        <ele>11.80000019073486328125</ele>
        <time>2026-09-14T08:56:13.000Z</time>
        <extensions>
          <ns3:TrackPointExtension>
            <ns3:hr>147</ns3:hr>
            <ns3:cad>83</ns3:cad>
          </ns3:TrackPointExtension>
        </extensions>
      </trkpt>
      <trkpt lat="37.518646828830242156982421875" lon="127.06908320076763629913330078125">
        <ele>11.80000019073486328125</ele>
        <time>2026-09-14T08:56:14.000Z</time>
        <extensions>
          <ns3:TrackPointExtension>
            <ns3:hr>148</ns3:hr>
            <ns3:cad>83</ns3:cad>
          </ns3:TrackPointExtension>
        </extensions>
      </trkpt>
      <trkpt lat="37.51867457292973995208740234375" lon="127.0690936781466007232666015625">
        <ele>11.80000019073486328125</ele>
        <time>2026-09-14T08:56:15.000Z</time>
        <extensions>
          <ns3:TrackPointExtension>
            <ns3:hr>148</ns3:hr>
            <ns3:cad>83</ns3:cad>
          </ns3:TrackPointExtension>
        </extensions>
      </trkpt>
      <trkpt lat="37.51870726235210895538330078125" lon="127.06911874003708362579345703125">
        <ele>11.80000019073486328125</ele>
        <time>2026-09-14T08:56:16.000Z</time>
        <extensions>
          <ns3:TrackPointExtension>
            <ns3:hr>148</ns3:hr>
            <ns3:cad>82</ns3:cad>
          </ns3:TrackPointExtension>
        </extensions>
      </trkpt>
      <trkpt lat="37.5187338329851627349853515625" lon="127.06913374364376068115234375">
        <ele>11.80000019073486328125</ele>
        <time>2026-09-14T08:56:17.000Z</time>
        <extensions>
          <ns3:TrackPointExtension>
            <ns3:hr>148</ns3:hr>
            <ns3:cad>82</ns3:cad>
          </ns3:TrackPointExtension>
        </extensions>
      </trkpt>
      <trkpt lat="37.518771551549434661865234375" lon="127.0691483281552791595458984375">
        <ele>11.80000019073486328125</ele>
        <time>2026-09-14T08:56:18.000Z</time>
        <extensions>
          <ns3:TrackPointExtension>
            <ns3:hr>147</ns3:hr>
            <ns3:cad>84</ns3:cad>
          </ns3:TrackPointExtension>
        </extensions>
      </trkpt>
      <trkpt lat="37.51880264841020107269287109375" lon="127.0691671036183834075927734375">
        <ele>11.80000019073486328125</ele>
        <time>2026-09-14T08:56:19.000Z</time>
        <extensions>
          <ns3:TrackPointExtension>
            <ns3:hr>147</ns3:hr>
            <ns3:cad>84</ns3:cad>
          </ns3:TrackPointExtension>
        </extensions>
      </trkpt>
      <trkpt lat="37.51883030869066715240478515625" lon="127.06917473115026950836181640625">
        <ele>11.80000019073486328125</ele>
        <time>2026-09-14T08:56:20.000Z</time>
        <extensions>
          <ns3:TrackPointExtension>
            <ns3:hr>147</ns3:hr>
            <ns3:cad>84</ns3:cad>
          </ns3:TrackPointExtension>
        </extensions>
      </trkpt>
      <trkpt lat="37.51886785961687564849853515625" lon="127.0691919140517711639404296875">
        <ele>11.80000019073486328125</ele>
        <time>2026-09-14T08:56:21.000Z</time>
        <extensions>
          <ns3:TrackPointExtension>
            <ns3:hr>147</ns3:hr>
            <ns3:cad>84</ns3:cad>
          </ns3:TrackPointExtension>
        </extensions>
      </trkpt>
      <trkpt lat="37.518894933164119720458984375" lon="127.069204151630401611328125">
        <ele>11.80000019073486328125</ele>
        <time>2026-09-14T08:56:22.000Z</time>
        <extensions>
          <ns3:TrackPointExtension>
            <ns3:hr>148</ns3:hr>
            <ns3:cad>84</ns3:cad>
          </ns3:TrackPointExtension>
        </extensions>
      </trkpt>
      <trkpt lat="37.51892435364425182342529296875" lon="127.06921580247581005096435546875">
        <ele>11.80000019073486328125</ele>
        <time>2026-09-14T08:56:23.000Z</time>
        <extensions>
          <ns3:TrackPointExtension>
            <ns3:hr>147</ns3:hr>
            <ns3:cad>84</ns3:cad>
          </ns3:TrackPointExtension>
        </extensions>
      </trkpt>
      <trkpt lat="37.51894690096378326416015625" lon="127.0692428760230541229248046875">
        <ele>11.80000019073486328125</ele>
        <time>2026-09-14T08:56:24.000Z</time>
        <extensions>
          <ns3:TrackPointExtension>
            <ns3:hr>147</ns3:hr>
            <ns3:cad>84</ns3:cad>
          </ns3:TrackPointExtension>
        </extensions>
      </trkpt>
      <trkpt lat="37.5189681909978389739990234375" lon="127.0692539401352405548095703125">
        <ele>11.80000019073486328125</ele>
        <time>2026-09-14T08:56:25.000Z</time>
        <extensions>
          <ns3:TrackPointExtension>
            <ns3:hr>147</ns3:hr>
            <ns3:cad>84</ns3:cad>
          </ns3:TrackPointExtension>
        </extensions>
      </trkpt>
      <trkpt lat="37.51899593509733676910400390625" lon="127.0692867971956729888916015625">
        <ele>11.80000019073486328125</ele>
        <time>2026-09-14T08:56:26.000Z</time>
        <extensions>
          <ns3:TrackPointExtension>
            <ns3:hr>147</ns3:hr>
            <ns3:cad>84</ns3:cad>
          </ns3:TrackPointExtension>
        </extensions>
      </trkpt>
      <trkpt lat="37.51901504583656787872314453125" lon="127.0693099312484264373779296875">
        <ele>11.6000003814697265625</ele>
        <time>2026-09-14T08:56:27.000Z</time>
        <extensions>
          <ns3:TrackPointExtension>
            <ns3:hr>147</ns3:hr>
            <ns3:cad>83</ns3:cad>
          </ns3:TrackPointExtension>
        </extensions>
      </trkpt>
      <trkpt lat="37.5190355814993381500244140625" lon="127.06934287212789058685302734375">
        <ele>11.6000003814697265625</ele>
        <time>2026-09-14T08:56:28.000Z</time>
        <extensions>
          <ns3:TrackPointExtension>
            <ns3:hr>147</ns3:hr>
            <ns3:cad>83</ns3:cad>
          </ns3:TrackPointExtension>
        </extensions>
      </trkpt>
      <trkpt lat="37.51905427314341068267822265625" lon="127.06938453018665313720703125">
        <ele>11.6000003814697265625</ele>
        <time>2026-09-14T08:56:29.000Z</time>
        <extensions>
          <ns3:TrackPointExtension>
            <ns3:hr>147</ns3:hr>
            <ns3:cad>82</ns3:cad>
          </ns3:TrackPointExtension>
        </extensions>
      </trkpt>
      <trkpt lat="37.519070617854595184326171875" lon="127.0694115199148654937744140625">
        <ele>11.6000003814697265625</ele>
        <time>2026-09-14T08:56:30.000Z</time>
        <extensions>
          <ns3:TrackPointExtension>
            <ns3:hr>147</ns3:hr>
            <ns3:cad>82</ns3:cad>
          </ns3:TrackPointExtension>
        </extensions>
      </trkpt>
      <trkpt lat="37.51909467391669750213623046875" lon="127.06944848410785198211669921875">
        <ele>11.6000003814697265625</ele>
        <time>2026-09-14T08:56:31.000Z</time>
        <extensions>
          <ns3:TrackPointExtension>
            <ns3:hr>147</ns3:hr>
            <ns3:cad>82</ns3:cad>
          </ns3:TrackPointExtension>
        </extensions>
      </trkpt>
      <trkpt lat="37.5191138684749603271484375" lon="127.06947882659733295440673828125">
        <ele>11.6000003814697265625</ele>
        <time>2026-09-14T08:56:32.000Z</time>
        <extensions>
          <ns3:TrackPointExtension>
            <ns3:hr>148</ns3:hr>
            <ns3:cad>83</ns3:cad>
          </ns3:TrackPointExtension>
        </extensions>
      </trkpt>
      <trkpt lat="37.51913524232804775238037109375" lon="127.0695047266781330108642578125">
        <ele>11.6000003814697265625</ele>
        <time>2026-09-14T08:56:33.000Z</time>
        <extensions>
          <ns3:TrackPointExtension>
            <ns3:hr>148</ns3:hr>
            <ns3:cad>83</ns3:cad>
          </ns3:TrackPointExtension>
        </extensions>
      </trkpt>
      <trkpt lat="37.51915720291435718536376953125" lon="127.0695362426340579986572265625">
        <ele>11.6000003814697265625</ele>
        <time>2026-09-14T08:56:34.000Z</time>
        <extensions>
          <ns3:TrackPointExtension>
            <ns3:hr>147</ns3:hr>
            <ns3:cad>83</ns3:cad>
          </ns3:TrackPointExtension>
        </extensions>
      </trkpt>
      <trkpt lat="37.51917648129165172576904296875" lon="127.06955610774457454681396484375">
        <ele>11.6000003814697265625</ele>
        <time>2026-09-14T08:56:35.000Z</time>
        <extensions>
          <ns3:TrackPointExtension>
            <ns3:hr>147</ns3:hr>
            <ns3:cad>83</ns3:cad>
          </ns3:TrackPointExtension>
        </extensions>
      </trkpt>
      <trkpt lat="37.51919877715408802032470703125" lon="127.0695992745459079742431640625">
        <ele>11.6000003814697265625</ele>
        <time>2026-09-14T08:56:36.000Z</time>
        <extensions>
          <ns3:TrackPointExtension>
            <ns3:hr>146</ns3:hr>
            <ns3:cad>83</ns3:cad>
          </ns3:TrackPointExtension>
        </extensions>
      </trkpt>
      <trkpt lat="37.51922182738780975341796875" lon="127.06962550990283489227294921875">
        <ele>11.6000003814697265625</ele>
        <time>2026-09-14T08:56:37.000Z</time>
        <extensions>
          <ns3:TrackPointExtension>
            <ns3:hr>146</ns3:hr>
            <ns3:cad>84</ns3:cad>
          </ns3:TrackPointExtension>
        </extensions>
      </trkpt>
      <trkpt lat="37.519242279231548309326171875" lon="127.06965937279164791107177734375">
        <ele>11.3999996185302734375</ele>
        <time>2026-09-14T08:56:38.000Z</time>
        <extensions>
          <ns3:TrackPointExtension>
            <ns3:hr>146</ns3:hr>
            <ns3:cad>84</ns3:cad>
          </ns3:TrackPointExtension>
        </extensions>
      </trkpt>
      <trkpt lat="37.51925912685692310333251953125" lon="127.06969860009849071502685546875">
        <ele>11.3999996185302734375</ele>
        <time>2026-09-14T08:56:39.000Z</time>
        <extensions>
          <ns3:TrackPointExtension>
            <ns3:hr>145</ns3:hr>
            <ns3:cad>84</ns3:cad>
          </ns3:TrackPointExtension>
        </extensions>
      </trkpt>
      <trkpt lat="37.5192749686539173126220703125" lon="127.0697243325412273406982421875">
        <ele>11.3999996185302734375</ele>
        <time>2026-09-14T08:56:40.000Z</time>
        <extensions>
          <ns3:TrackPointExtension>
            <ns3:hr>146</ns3:hr>
            <ns3:cad>84</ns3:cad>
          </ns3:TrackPointExtension>
        </extensions>
      </trkpt>
      <trkpt lat="37.5192991085350513458251953125" lon="127.06977001391351222991943359375">
        <ele>11.3999996185302734375</ele>
        <time>2026-09-14T08:56:41.000Z</time>
        <extensions>
          <ns3:TrackPointExtension>
            <ns3:hr>146</ns3:hr>
            <ns3:cad>84</ns3:cad>
          </ns3:TrackPointExtension>
        </extensions>
      </trkpt>
      <trkpt lat="37.5193148665130138397216796875" lon="127.0698036253452301025390625">
        <ele>11.3999996185302734375</ele>
        <time>2026-09-14T08:56:42.000Z</time>
        <extensions>
          <ns3:TrackPointExtension>
            <ns3:hr>146</ns3:hr>
            <ns3:cad>84</ns3:cad>
          </ns3:TrackPointExtension>
        </extensions>
      </trkpt>
      <trkpt lat="37.51933054067194461822509765625" lon="127.06983857788145542144775390625">
        <ele>11.6000003814697265625</ele>
        <time>2026-09-14T08:56:43.000Z</time>
        <extensions>
          <ns3:TrackPointExtension>
            <ns3:hr>146</ns3:hr>
            <ns3:cad>84</ns3:cad>
          </ns3:TrackPointExtension>
        </extensions>
      </trkpt>
      <trkpt lat="37.51934244297444820404052734375" lon="127.06987830810248851776123046875">
        <ele>11.6000003814697265625</ele>
        <time>2026-09-14T08:56:44.000Z</time>
        <extensions>
          <ns3:TrackPointExtension>
            <ns3:hr>146</ns3:hr>
            <ns3:cad>84</ns3:cad>
          </ns3:TrackPointExtension>
        </extensions>
      </trkpt>
      <trkpt lat="37.51935786567628383636474609375" lon="127.06990110687911510467529296875">
        <ele>11.6000003814697265625</ele>
        <time>2026-09-14T08:56:45.000Z</time>
        <extensions>
          <ns3:TrackPointExtension>
            <ns3:hr>146</ns3:hr>
            <ns3:cad>84</ns3:cad>
          </ns3:TrackPointExtension>
        </extensions>
      </trkpt>
      <trkpt lat="37.51937211491167545318603515625" lon="127.06994603388011455535888671875">
        <ele>11.6000003814697265625</ele>
        <time>2026-09-14T08:56:46.000Z</time>
        <extensions>
          <ns3:TrackPointExtension>
            <ns3:hr>146</ns3:hr>
            <ns3:cad>84</ns3:cad>
          </ns3:TrackPointExtension>
        </extensions>
      </trkpt>
      <trkpt lat="37.5193815864622592926025390625" lon="127.0699794776737689971923828125">
        <ele>11.6000003814697265625</ele>
        <time>2026-09-14T08:56:47.000Z</time>
        <extensions>
          <ns3:TrackPointExtension>
            <ns3:hr>146</ns3:hr>
            <ns3:cad>84</ns3:cad>
          </ns3:TrackPointExtension>
        </extensions>
      </trkpt>
      <trkpt lat="37.51939407549798488616943359375" lon="127.07001778297126293182373046875">
        <ele>11.3999996185302734375</ele>
        <time>2026-09-14T08:56:48.000Z</time>
        <extensions>
          <ns3:TrackPointExtension>
            <ns3:hr>146</ns3:hr>
            <ns3:cad>83</ns3:cad>
          </ns3:TrackPointExtension>
        </extensions>
      </trkpt>
      <trkpt lat="37.51940798945724964141845703125" lon="127.07005416043102741241455078125">
        <ele>11.3999996185302734375</ele>
        <time>2026-09-14T08:56:49.000Z</time>
        <extensions>
          <ns3:TrackPointExtension>
            <ns3:hr>146</ns3:hr>
            <ns3:cad>83</ns3:cad>
          </ns3:TrackPointExtension>
        </extensions>
      </trkpt>
      <trkpt lat="37.51941938884556293487548828125" lon="127.070081569254398345947265625">
        <ele>11.3999996185302734375</ele>
        <time>2026-09-14T08:56:50.000Z</time>
        <extensions>
          <ns3:TrackPointExtension>
            <ns3:hr>146</ns3:hr>
            <ns3:cad>84</ns3:cad>
          </ns3:TrackPointExtension>
        </extensions>
      </trkpt>
      <trkpt lat="37.51942492090165615081787109375" lon="127.07012507133185863494873046875">
        <ele>11.3999996185302734375</ele>
        <time>2026-09-14T08:56:51.000Z</time>
        <extensions>
          <ns3:TrackPointExtension>
            <ns3:hr>147</ns3:hr>
            <ns3:cad>84</ns3:cad>
          </ns3:TrackPointExtension>
        </extensions>
      </trkpt>
      <trkpt lat="37.51942860893905162811279296875" lon="127.07016077823936939239501953125">
        <ele>11.3999996185302734375</ele>
        <time>2026-09-14T08:56:52.000Z</time>
        <extensions>
          <ns3:TrackPointExtension>
            <ns3:hr>146</ns3:hr>
            <ns3:cad>84</ns3:cad>
          </ns3:TrackPointExtension>
        </extensions>
      </trkpt>
      <trkpt lat="37.519435398280620574951171875" lon="127.07020201720297336578369140625">
        <ele>11.6000003814697265625</ele>
        <time>2026-09-14T08:56:53.000Z</time>
        <extensions>
          <ns3:TrackPointExtension>
            <ns3:hr>147</ns3:hr>
            <ns3:cad>84</ns3:cad>
          </ns3:TrackPointExtension>
        </extensions>
      </trkpt>
      <trkpt lat="37.5194369070231914520263671875" lon="127.07024711184203624725341796875">
        <ele>11.3999996185302734375</ele>
        <time>2026-09-14T08:56:54.000Z</time>
        <extensions>
          <ns3:TrackPointExtension>
            <ns3:hr>147</ns3:hr>
            <ns3:cad>84</ns3:cad>
          </ns3:TrackPointExtension>
        </extensions>
      </trkpt>
      <trkpt lat="37.51944587565958499908447265625" lon="127.07027996890246868133544921875">
        <ele>11.3999996185302734375</ele>
        <time>2026-09-14T08:56:55.000Z</time>
        <extensions>
          <ns3:TrackPointExtension>
            <ns3:hr>147</ns3:hr>
            <ns3:cad>84</ns3:cad>
          </ns3:TrackPointExtension>
        </extensions>
      </trkpt>
      <trkpt lat="37.51945274882018566131591796875" lon="127.0703318528831005096435546875">
        <ele>11.3999996185302734375</ele>
        <time>2026-09-14T08:56:56.000Z</time>
        <extensions>
          <ns3:TrackPointExtension>
            <ns3:hr>147</ns3:hr>
            <ns3:cad>84</ns3:cad>
          </ns3:TrackPointExtension>
        </extensions>
      </trkpt>
      <trkpt lat="37.51945643685758113861083984375" lon="127.07036244682967662811279296875">
        <ele>11.3999996185302734375</ele>
        <time>2026-09-14T08:56:57.000Z</time>
        <extensions>
          <ns3:TrackPointExtension>
            <ns3:hr>147</ns3:hr>
            <ns3:cad>84</ns3:cad>
          </ns3:TrackPointExtension>
        </extensions>
      </trkpt>
      <trkpt lat="37.519461214542388916015625" lon="127.0704017579555511474609375">
        <ele>11.3999996185302734375</ele>
        <time>2026-09-14T08:56:58.000Z</time>
        <extensions>
          <ns3:TrackPointExtension>
            <ns3:hr>147</ns3:hr>
            <ns3:cad>84</ns3:cad>
          </ns3:TrackPointExtension>
        </extensions>
      </trkpt>
      <trkpt lat="37.51945895142853260040283203125" lon="127.070445008575916290283203125">
        <ele>11.3999996185302734375</ele>
        <time>2026-09-14T08:56:59.000Z</time>
        <extensions>
          <ns3:TrackPointExtension>
            <ns3:hr>147</ns3:hr>
            <ns3:cad>84</ns3:cad>
          </ns3:TrackPointExtension>
        </extensions>
      </trkpt>
      <trkpt lat="37.51946683041751384735107421875" lon="127.0704760216176509857177734375">
        <ele>11.3999996185302734375</ele>
        <time>2026-09-14T08:57:00.000Z</time>
        <extensions>
          <ns3:TrackPointExtension>
            <ns3:hr>147</ns3:hr>
            <ns3:cad>83</ns3:cad>
          </ns3:TrackPointExtension>
        </extensions>
      </trkpt>
      <trkpt lat="37.51947085373103618621826171875" lon="127.0705259777605533599853515625">
        <ele>11.3999996185302734375</ele>
        <time>2026-09-14T08:57:01.000Z</time>
        <extensions>
          <ns3:TrackPointExtension>
            <ns3:hr>146</ns3:hr>
            <ns3:cad>83</ns3:cad>
          </ns3:TrackPointExtension>
        </extensions>
      </trkpt>
      <trkpt lat="37.51946666277945041656494140625" lon="127.0705618523061275482177734375">
        <ele>11.3999996185302734375</ele>
        <time>2026-09-14T08:57:02.000Z</time>
        <extensions>
          <ns3:TrackPointExtension>
            <ns3:hr>147</ns3:hr>
            <ns3:cad>83</ns3:cad>
          </ns3:TrackPointExtension>
        </extensions>
      </trkpt>
      <trkpt lat="37.51946724951267242431640625" lon="127.07060753367841243743896484375">
        <ele>11.3999996185302734375</ele>
        <time>2026-09-14T08:57:03.000Z</time>
        <extensions>
          <ns3:TrackPointExtension>
            <ns3:hr>147</ns3:hr>
            <ns3:cad>83</ns3:cad>
          </ns3:TrackPointExtension>
        </extensions>
      </trkpt>
      <trkpt lat="37.51945761032402515411376953125" lon="127.0706517063081264495849609375">
        <ele>11.19999980926513671875</ele>
        <time>2026-09-14T08:57:04.000Z</time>
        <extensions>
          <ns3:TrackPointExtension>
            <ns3:hr>146</ns3:hr>
            <ns3:cad>83</ns3:cad>
          </ns3:TrackPointExtension>
        </extensions>
      </trkpt>
      <trkpt lat="37.51945643685758113861083984375" lon="127.0706818811595439910888671875">
        <ele>11.19999980926513671875</ele>
        <time>2026-09-14T08:57:05.000Z</time>
        <extensions>
          <ns3:TrackPointExtension>
            <ns3:hr>146</ns3:hr>
            <ns3:cad>83</ns3:cad>
          </ns3:TrackPointExtension>
        </extensions>
      </trkpt>
      <trkpt lat="37.51945643685758113861083984375" lon="127.070732004940509796142578125">
        <ele>11.19999980926513671875</ele>
        <time>2026-09-14T08:57:06.000Z</time>
        <extensions>
          <ns3:TrackPointExtension>
            <ns3:hr>146</ns3:hr>
            <ns3:cad>83</ns3:cad>
          </ns3:TrackPointExtension>
        </extensions>
      </trkpt>
      <trkpt lat="37.51945559866726398468017578125" lon="127.07076678983867168426513671875">
        <ele>11.19999980926513671875</ele>
        <time>2026-09-14T08:57:07.000Z</time>
        <extensions>
          <ns3:TrackPointExtension>
            <ns3:hr>146</ns3:hr>
            <ns3:cad>83</ns3:cad>
          </ns3:TrackPointExtension>
        </extensions>
      </trkpt>
      <trkpt lat="37.5194553472101688385009765625" lon="127.07080283202230930328369140625">
        <ele>11.19999980926513671875</ele>
        <time>2026-09-14T08:57:08.000Z</time>
        <extensions>
          <ns3:TrackPointExtension>
            <ns3:hr>146</ns3:hr>
            <ns3:cad>84</ns3:cad>
          </ns3:TrackPointExtension>
        </extensions>
      </trkpt>
      <trkpt lat="37.51945191062986850738525390625" lon="127.07084910012781620025634765625">
        <ele>11.19999980926513671875</ele>
        <time>2026-09-14T08:57:09.000Z</time>
        <extensions>
          <ns3:TrackPointExtension>
            <ns3:hr>147</ns3:hr>
            <ns3:cad>84</ns3:cad>
          </ns3:TrackPointExtension>
        </extensions>
      </trkpt>
      <trkpt lat="37.5194545090198516845703125" lon="127.0708830468356609344482421875">
        <ele>11.19999980926513671875</ele>
        <time>2026-09-14T08:57:10.000Z</time>
        <extensions>
          <ns3:TrackPointExtension>
            <ns3:hr>146</ns3:hr>
            <ns3:cad>84</ns3:cad>
          </ns3:TrackPointExtension>
        </extensions>
      </trkpt>
      <trkpt lat="37.51945073716342449188232421875" lon="127.070924453437328338623046875">
        <ele>11.19999980926513671875</ele>
        <time>2026-09-14T08:57:11.000Z</time>
        <extensions>
          <ns3:TrackPointExtension>
            <ns3:hr>146</ns3:hr>
            <ns3:cad>84</ns3:cad>
          </ns3:TrackPointExtension>
        </extensions>
      </trkpt>
      <trkpt lat="37.5194483064115047454833984375" lon="127.07095957361161708831787109375">
        <ele>11.19999980926513671875</ele>
        <time>2026-09-14T08:57:12.000Z</time>
        <extensions>
          <ns3:TrackPointExtension>
            <ns3:hr>146</ns3:hr>
            <ns3:cad>84</ns3:cad>
          </ns3:TrackPointExtension>
        </extensions>
      </trkpt>
      <trkpt lat="37.51945593394339084625244140625" lon="127.07098907791078090667724609375">
        <ele>11.19999980926513671875</ele>
        <time>2026-09-14T08:57:13.000Z</time>
        <extensions>
          <ns3:TrackPointExtension>
            <ns3:hr>146</ns3:hr>
            <ns3:cad>84</ns3:cad>
          </ns3:TrackPointExtension>
        </extensions>
      </trkpt>
      <trkpt lat="37.51946431584656238555908203125" lon="127.07103601656854152679443359375">
        <ele>11.19999980926513671875</ele>
        <time>2026-09-14T08:57:14.000Z</time>
        <extensions>
          <ns3:TrackPointExtension>
            <ns3:hr>146</ns3:hr>
            <ns3:cad>83</ns3:cad>
          </ns3:TrackPointExtension>
        </extensions>
      </trkpt>
      <trkpt lat="37.51946993172168731689453125" lon="127.07106770016252994537353515625">
        <ele>11.19999980926513671875</ele>
        <time>2026-09-14T08:57:15.000Z</time>
        <extensions>
          <ns3:TrackPointExtension>
            <ns3:hr>147</ns3:hr>
            <ns3:cad>83</ns3:cad>
          </ns3:TrackPointExtension>
        </extensions>
      </trkpt>
      <trkpt lat="37.51947856508195400238037109375" lon="127.07110826857388019561767578125">
        <ele>11.19999980926513671875</ele>
        <time>2026-09-14T08:57:16.000Z</time>
        <extensions>
          <ns3:TrackPointExtension>
            <ns3:hr>146</ns3:hr>
            <ns3:cad>83</ns3:cad>
          </ns3:TrackPointExtension>
        </extensions>
      </trkpt>
      <trkpt lat="37.5194818340241909027099609375" lon="127.07114674150943756103515625">
        <ele>11.19999980926513671875</ele>
        <time>2026-09-14T08:57:17.000Z</time>
        <extensions>
          <ns3:TrackPointExtension>
            <ns3:hr>146</ns3:hr>
            <ns3:cad>83</ns3:cad>
          </ns3:TrackPointExtension>
        </extensions>
      </trkpt>
      <trkpt lat="37.5194908864796161651611328125" lon="127.07117431797087192535400390625">
        <ele>11.19999980926513671875</ele>
        <time>2026-09-14T08:57:18.000Z</time>
        <extensions>
          <ns3:TrackPointExtension>
            <ns3:hr>146</ns3:hr>
            <ns3:cad>83</ns3:cad>
          </ns3:TrackPointExtension>
        </extensions>
      </trkpt>
      <trkpt lat="37.51949750818312168121337890625" lon="127.0712273754179477691650390625">
        <ele>11.19999980926513671875</ele>
        <time>2026-09-14T08:57:19.000Z</time>
        <extensions>
          <ns3:TrackPointExtension>
            <ns3:hr>147</ns3:hr>
            <ns3:cad>83</ns3:cad>
          </ns3:TrackPointExtension>
        </extensions>
      </trkpt>
      <trkpt lat="37.51950907520949840545654296875" lon="127.071257717907428741455078125">
        <ele>11.19999980926513671875</ele>
        <time>2026-09-14T08:57:20.000Z</time>
        <extensions>
          <ns3:TrackPointExtension>
            <ns3:hr>146</ns3:hr>
            <ns3:cad>83</ns3:cad>
          </ns3:TrackPointExtension>
        </extensions>
      </trkpt>
      <trkpt lat="37.51952089369297027587890625" lon="127.071299962699413299560546875">
        <ele>11.19999980926513671875</ele>
        <time>2026-09-14T08:57:21.000Z</time>
        <extensions>
          <ns3:TrackPointExtension>
            <ns3:hr>146</ns3:hr>
            <ns3:cad>84</ns3:cad>
          </ns3:TrackPointExtension>
        </extensions>
      </trkpt>
      <trkpt lat="37.51952625811100006103515625" lon="127.0713417045772075653076171875">
        <ele>11.19999980926513671875</ele>
        <time>2026-09-14T08:57:22.000Z</time>
        <extensions>
          <ns3:TrackPointExtension>
            <ns3:hr>146</ns3:hr>
            <ns3:cad>84</ns3:cad>
          </ns3:TrackPointExtension>
        </extensions>
      </trkpt>
      <trkpt lat="37.51953690312802791595458984375" lon="127.07136961631476879119873046875">
        <ele>11</ele>
        <time>2026-09-14T08:57:23.000Z</time>
        <extensions>
          <ns3:TrackPointExtension>
            <ns3:hr>147</ns3:hr>
            <ns3:cad>84</ns3:cad>
          </ns3:TrackPointExtension>
        </extensions>
      </trkpt>
      <trkpt lat="37.5195441953837871551513671875" lon="127.07142158411443233489990234375">
        <ele>11</ele>
        <time>2026-09-14T08:57:24.000Z</time>
        <extensions>
          <ns3:TrackPointExtension>
            <ns3:hr>146</ns3:hr>
            <ns3:cad>84</ns3:cad>
          </ns3:TrackPointExtension>
        </extensions>
      </trkpt>
      <trkpt lat="37.51954930834472179412841796875" lon="127.0714530162513256072998046875">
        <ele>11</ele>
        <time>2026-09-14T08:57:25.000Z</time>
        <extensions>
          <ns3:TrackPointExtension>
            <ns3:hr>147</ns3:hr>
            <ns3:cad>84</ns3:cad>
          </ns3:TrackPointExtension>
        </extensions>
      </trkpt>
      <trkpt lat="37.51956355758011341094970703125" lon="127.07148897461593151092529296875">
        <ele>11</ele>
        <time>2026-09-14T08:57:26.000Z</time>
        <extensions>
          <ns3:TrackPointExtension>
            <ns3:hr>147</ns3:hr>
            <ns3:cad>84</ns3:cad>
          </ns3:TrackPointExtension>
        </extensions>
      </trkpt>
      <trkpt lat="37.51957747153937816619873046875" lon="127.071529962122440338134765625">
        <ele>11</ele>
        <time>2026-09-14T08:57:27.000Z</time>
        <extensions>
          <ns3:TrackPointExtension>
            <ns3:hr>147</ns3:hr>
            <ns3:cad>83</ns3:cad>
          </ns3:TrackPointExtension>
        </extensions>
      </trkpt>
      <trkpt lat="37.5195934809744358062744140625" lon="127.07155368290841579437255859375">
        <ele>11</ele>
        <time>2026-09-14T08:57:28.000Z</time>
        <extensions>
          <ns3:TrackPointExtension>
            <ns3:hr>146</ns3:hr>
            <ns3:cad>83</ns3:cad>
          </ns3:TrackPointExtension>
        </extensions>
      </trkpt>
      <trkpt lat="37.5196099095046520233154296875" lon="127.07159710116684436798095703125">
        <ele>10.80000019073486328125</ele>
        <time>2026-09-14T08:57:29.000Z</time>
        <extensions>
          <ns3:TrackPointExtension>
            <ns3:hr>147</ns3:hr>
            <ns3:cad>82</ns3:cad>
          </ns3:TrackPointExtension>
        </extensions>
      </trkpt>
      <trkpt lat="37.5196213088929653167724609375" lon="127.07163280807435512542724609375">
        <ele>10.80000019073486328125</ele>
        <time>2026-09-14T08:57:30.000Z</time>
        <extensions>
          <ns3:TrackPointExtension>
            <ns3:hr>147</ns3:hr>
            <ns3:cad>82</ns3:cad>
          </ns3:TrackPointExtension>
        </extensions>
      </trkpt>
      <trkpt lat="37.51963446848094463348388671875" lon="127.071673460304737091064453125">
        <ele>10.80000019073486328125</ele>
        <time>2026-09-14T08:57:31.000Z</time>
        <extensions>
          <ns3:TrackPointExtension>
            <ns3:hr>147</ns3:hr>
            <ns3:cad>82</ns3:cad>
          </ns3:TrackPointExtension>
        </extensions>
      </trkpt>
      <trkpt lat="37.5196377374231815338134765625" lon="127.0717172138392925262451171875">
        <ele>10.80000019073486328125</ele>
        <time>2026-09-14T08:57:32.000Z</time>
        <extensions>
          <ns3:TrackPointExtension>
            <ns3:hr>146</ns3:hr>
            <ns3:cad>82</ns3:cad>
          </ns3:TrackPointExtension>
        </extensions>
      </trkpt>
      <trkpt lat="37.5196477957069873809814453125" lon="127.07174126990139484405517578125">
        <ele>10.6000003814697265625</ele>
        <time>2026-09-14T08:57:33.000Z</time>
        <extensions>
          <ns3:TrackPointExtension>
            <ns3:hr>147</ns3:hr>
            <ns3:cad>83</ns3:cad>
          </ns3:TrackPointExtension>
        </extensions>
      </trkpt>
      <trkpt lat="37.5196516513824462890625" lon="127.07178510725498199462890625">
        <ele>10.6000003814697265625</ele>
        <time>2026-09-14T08:57:34.000Z</time>
        <extensions>
          <ns3:TrackPointExtension>
            <ns3:hr>146</ns3:hr>
            <ns3:cad>84</ns3:cad>
          </ns3:TrackPointExtension>
        </extensions>
      </trkpt>
      <trkpt lat="37.51965290866792201995849609375" lon="127.0718231610953807830810546875">
        <ele>10.80000019073486328125</ele>
        <time>2026-09-14T08:57:35.000Z</time>
        <extensions>
          <ns3:TrackPointExtension>
            <ns3:hr>146</ns3:hr>
            <ns3:cad>84</ns3:cad>
          </ns3:TrackPointExtension>
        </extensions>
      </trkpt>
      <trkpt lat="37.5196556746959686279296875" lon="127.07185442559421062469482421875">
        <ele>10.80000019073486328125</ele>
        <time>2026-09-14T08:57:36.000Z</time>
        <extensions>
          <ns3:TrackPointExtension>
            <ns3:hr>146</ns3:hr>
            <ns3:cad>84</ns3:cad>
          </ns3:TrackPointExtension>
        </extensions>
      </trkpt>
      <trkpt lat="37.5196504779160022735595703125" lon="127.07190739922225475311279296875">
        <ele>10.80000019073486328125</ele>
        <time>2026-09-14T08:57:37.000Z</time>
        <extensions>
          <ns3:TrackPointExtension>
            <ns3:hr>146</ns3:hr>
            <ns3:cad>84</ns3:cad>
          </ns3:TrackPointExtension>
        </extensions>
      </trkpt>
      <trkpt lat="37.51964787952601909637451171875" lon="127.07193841226398944854736328125">
        <ele>10.80000019073486328125</ele>
        <time>2026-09-14T08:57:38.000Z</time>
        <extensions>
          <ns3:TrackPointExtension>
            <ns3:hr>146</ns3:hr>
            <ns3:cad>84</ns3:cad>
          </ns3:TrackPointExtension>
        </extensions>
      </trkpt>
      <trkpt lat="37.5196387432515621185302734375" lon="127.0719814114272594451904296875">
        <ele>11</ele>
        <time>2026-09-14T08:57:39.000Z</time>
        <extensions>
          <ns3:TrackPointExtension>
            <ns3:hr>146</ns3:hr>
            <ns3:cad>84</ns3:cad>
          </ns3:TrackPointExtension>
        </extensions>
      </trkpt>
      <trkpt lat="37.519629187881946563720703125" lon="127.07201669923961162567138671875">
        <ele>11</ele>
        <time>2026-09-14T08:57:40.000Z</time>
        <extensions>
          <ns3:TrackPointExtension>
            <ns3:hr>146</ns3:hr>
            <ns3:cad>84</ns3:cad>
          </ns3:TrackPointExtension>
        </extensions>
      </trkpt>
      <trkpt lat="37.51963086426258087158203125" lon="127.0720454491674900054931640625">
        <ele>11</ele>
        <time>2026-09-14T08:57:41.000Z</time>
        <extensions>
          <ns3:TrackPointExtension>
            <ns3:hr>146</ns3:hr>
            <ns3:cad>84</ns3:cad>
          </ns3:TrackPointExtension>
        </extensions>
      </trkpt>
      <trkpt lat="37.51962005160748958587646484375" lon="127.07209649495780467987060546875">
        <ele>11.19999980926513671875</ele>
        <time>2026-09-14T08:57:42.000Z</time>
        <extensions>
          <ns3:TrackPointExtension>
            <ns3:hr>147</ns3:hr>
            <ns3:cad>84</ns3:cad>
          </ns3:TrackPointExtension>
        </extensions>
      </trkpt>
      <trkpt lat="37.5196166150271892547607421875" lon="127.07212834618985652923583984375">
        <ele>11.3999996185302734375</ele>
        <time>2026-09-14T08:57:43.000Z</time>
        <extensions>
          <ns3:TrackPointExtension>
            <ns3:hr>147</ns3:hr>
            <ns3:cad>84</ns3:cad>
          </ns3:TrackPointExtension>
        </extensions>
      </trkpt>
      <trkpt lat="37.5196135975420475006103515625" lon="127.0721666514873504638671875">
        <ele>11.3999996185302734375</ele>
        <time>2026-09-14T08:57:44.000Z</time>
        <extensions>
          <ns3:TrackPointExtension>
            <ns3:hr>147</ns3:hr>
            <ns3:cad>83</ns3:cad>
          </ns3:TrackPointExtension>
        </extensions>
      </trkpt>
      <trkpt lat="37.51960597001016139984130859375" lon="127.07220847718417644500732421875">
        <ele>11.6000003814697265625</ele>
        <time>2026-09-14T08:57:45.000Z</time>
        <extensions>
          <ns3:TrackPointExtension>
            <ns3:hr>147</ns3:hr>
            <ns3:cad>83</ns3:cad>
          </ns3:TrackPointExtension>
        </extensions>
      </trkpt>
      <trkpt lat="37.5196038745343685150146484375" lon="127.07224401645362377166748046875">
        <ele>11.80000019073486328125</ele>
        <time>2026-09-14T08:57:46.000Z</time>
        <extensions>
          <ns3:TrackPointExtension>
            <ns3:hr>147</ns3:hr>
            <ns3:cad>83</ns3:cad>
          </ns3:TrackPointExtension>
        </extensions>
      </trkpt>
      <trkpt lat="37.51959239132702350616455078125" lon="127.07228793762624263763427734375">
        <ele>11.80000019073486328125</ele>
        <time>2026-09-14T08:57:47.000Z</time>
        <extensions>
          <ns3:TrackPointExtension>
            <ns3:hr>147</ns3:hr>
            <ns3:cad>83</ns3:cad>
          </ns3:TrackPointExtension>
        </extensions>
      </trkpt>
      <trkpt lat="37.51958535052835941314697265625" lon="127.07232347689568996429443359375">
        <ele>12</ele>
        <time>2026-09-14T08:57:48.000Z</time>
        <extensions>
          <ns3:TrackPointExtension>
            <ns3:hr>147</ns3:hr>
            <ns3:cad>83</ns3:cad>
          </ns3:TrackPointExtension>
        </extensions>
      </trkpt>
      <trkpt lat="37.5195857696235179901123046875" lon="127.072355747222900390625">
        <ele>12</ele>
        <time>2026-09-14T08:57:49.000Z</time>
        <extensions>
          <ns3:TrackPointExtension>
            <ns3:hr>147</ns3:hr>
            <ns3:cad>82</ns3:cad>
          </ns3:TrackPointExtension>
        </extensions>
      </trkpt>
      <trkpt lat="37.51957244239747524261474609375" lon="127.0723973214626312255859375">
        <ele>12.19999980926513671875</ele>
        <time>2026-09-14T08:57:50.000Z</time>
        <extensions>
          <ns3:TrackPointExtension>
            <ns3:hr>148</ns3:hr>
            <ns3:cad>82</ns3:cad>
          </ns3:TrackPointExtension>
        </extensions>
      </trkpt>
      <trkpt lat="37.51957210712134838104248046875" lon="127.07242724485695362091064453125">
        <ele>12.19999980926513671875</ele>
        <time>2026-09-14T08:57:51.000Z</time>
        <extensions>
          <ns3:TrackPointExtension>
            <ns3:hr>148</ns3:hr>
            <ns3:cad>82</ns3:cad>
          </ns3:TrackPointExtension>
        </extensions>
      </trkpt>
      <trkpt lat="37.51956338994204998016357421875" lon="127.07246965728700160980224609375">
        <ele>12.3999996185302734375</ele>
        <time>2026-09-14T08:57:52.000Z</time>
        <extensions>
          <ns3:TrackPointExtension>
            <ns3:hr>148</ns3:hr>
            <ns3:cad>83</ns3:cad>
          </ns3:TrackPointExtension>
        </extensions>
      </trkpt>
      <trkpt lat="37.5195525772869586944580078125" lon="127.07250536419451236724853515625">
        <ele>12.6000003814697265625</ele>
        <time>2026-09-14T08:57:53.000Z</time>
        <extensions>
          <ns3:TrackPointExtension>
            <ns3:hr>148</ns3:hr>
            <ns3:cad>83</ns3:cad>
          </ns3:TrackPointExtension>
        </extensions>
      </trkpt>
      <trkpt lat="37.51955098472535610198974609375" lon="127.07253436557948589324951171875">
        <ele>12.6000003814697265625</ele>
        <time>2026-09-14T08:57:54.000Z</time>
        <extensions>
          <ns3:TrackPointExtension>
            <ns3:hr>148</ns3:hr>
            <ns3:cad>83</ns3:cad>
          </ns3:TrackPointExtension>
        </extensions>
      </trkpt>
      <trkpt lat="37.5195408426225185394287109375" lon="127.07257694564759731292724609375">
        <ele>12.6000003814697265625</ele>
        <time>2026-09-14T08:57:55.000Z</time>
        <extensions>
          <ns3:TrackPointExtension>
            <ns3:hr>148</ns3:hr>
            <ns3:cad>82</ns3:cad>
          </ns3:TrackPointExtension>
        </extensions>
      </trkpt>
      <trkpt lat="37.51953539438545703887939453125" lon="127.0726063661277294158935546875">
        <ele>12.6000003814697265625</ele>
        <time>2026-09-14T08:57:56.000Z</time>
        <extensions>
          <ns3:TrackPointExtension>
            <ns3:hr>148</ns3:hr>
            <ns3:cad>82</ns3:cad>
          </ns3:TrackPointExtension>
        </extensions>
      </trkpt>
      <trkpt lat="37.5195274315774440765380859375" lon="127.07264333032071590423583984375">
        <ele>12.80000019073486328125</ele>
        <time>2026-09-14T08:57:57.000Z</time>
        <extensions>
          <ns3:TrackPointExtension>
            <ns3:hr>148</ns3:hr>
            <ns3:cad>82</ns3:cad>
          </ns3:TrackPointExtension>
        </extensions>
      </trkpt>
      <trkpt lat="37.5195156969130039215087890625" lon="127.0726807974278926849365234375">
        <ele>12.80000019073486328125</ele>
        <time>2026-09-14T08:57:58.000Z</time>
        <extensions>
          <ns3:TrackPointExtension>
            <ns3:hr>148</ns3:hr>
            <ns3:cad>82</ns3:cad>
          </ns3:TrackPointExtension>
        </extensions>
      </trkpt>
      <trkpt lat="37.51951552927494049072265625" lon="127.0727059431374073028564453125">
        <ele>12.80000019073486328125</ele>
        <time>2026-09-14T08:57:59.000Z</time>
        <extensions>
          <ns3:TrackPointExtension>
            <ns3:hr>148</ns3:hr>
            <ns3:cad>82</ns3:cad>
          </ns3:TrackPointExtension>
        </extensions>
      </trkpt>
      <trkpt lat="37.51950639300048351287841796875" lon="127.07275279797613620758056640625">
        <ele>13</ele>
        <time>2026-09-14T08:58:00.000Z</time>
        <extensions>
          <ns3:TrackPointExtension>
            <ns3:hr>148</ns3:hr>
            <ns3:cad>82</ns3:cad>
          </ns3:TrackPointExtension>
        </extensions>
      </trkpt>
      <trkpt lat="37.5194996036589145660400390625" lon="127.072789259254932403564453125">
        <ele>13</ele>
        <time>2026-09-14T08:58:01.000Z</time>
        <extensions>
          <ns3:TrackPointExtension>
            <ns3:hr>148</ns3:hr>
            <ns3:cad>83</ns3:cad>
          </ns3:TrackPointExtension>
        </extensions>
      </trkpt>
      <trkpt lat="37.5194969214498996734619140625" lon="127.0728219486773014068603515625">
        <ele>13.19999980926513671875</ele>
        <time>2026-09-14T08:58:02.000Z</time>
        <extensions>
          <ns3:TrackPointExtension>
            <ns3:hr>148</ns3:hr>
            <ns3:cad>83</ns3:cad>
          </ns3:TrackPointExtension>
        </extensions>
      </trkpt>
      <trkpt lat="37.519482336938381195068359375" lon="127.0728635229170322418212890625">
        <ele>13.19999980926513671875</ele>
        <time>2026-09-14T08:58:03.000Z</time>
        <extensions>
          <ns3:TrackPointExtension>
            <ns3:hr>149</ns3:hr>
            <ns3:cad>83</ns3:cad>
          </ns3:TrackPointExtension>
        </extensions>
      </trkpt>
      <trkpt lat="37.5194788165390491485595703125" lon="127.07289512269198894500732421875">
        <ele>13.19999980926513671875</ele>
        <time>2026-09-14T08:58:04.000Z</time>
        <extensions>
          <ns3:TrackPointExtension>
            <ns3:hr>149</ns3:hr>
            <ns3:cad>83</ns3:cad>
          </ns3:TrackPointExtension>
        </extensions>
      </trkpt>
      <trkpt lat="37.51946984790265560150146484375" lon="127.0729366131126880645751953125">
        <ele>13.19999980926513671875</ele>
        <time>2026-09-14T08:58:05.000Z</time>
        <extensions>
          <ns3:TrackPointExtension>
            <ns3:hr>149</ns3:hr>
            <ns3:cad>83</ns3:cad>
          </ns3:TrackPointExtension>
        </extensions>
      </trkpt>
      <trkpt lat="37.51946096308529376983642578125" lon="127.07297424785792827606201171875">
        <ele>13.19999980926513671875</ele>
        <time>2026-09-14T08:58:06.000Z</time>
        <extensions>
          <ns3:TrackPointExtension>
            <ns3:hr>149</ns3:hr>
            <ns3:cad>83</ns3:cad>
          </ns3:TrackPointExtension>
        </extensions>
      </trkpt>
      <trkpt lat="37.5194603763520717620849609375" lon="127.0730046741664409637451171875">
        <ele>13.19999980926513671875</ele>
        <time>2026-09-14T08:58:07.000Z</time>
        <extensions>
          <ns3:TrackPointExtension>
            <ns3:hr>149</ns3:hr>
            <ns3:cad>83</ns3:cad>
          </ns3:TrackPointExtension>
        </extensions>
      </trkpt>
      <trkpt lat="37.5194550119340419769287109375" lon="127.0730539597570896148681640625">
        <ele>13.3999996185302734375</ele>
        <time>2026-09-14T08:58:08.000Z</time>
        <extensions>
          <ns3:TrackPointExtension>
            <ns3:hr>150</ns3:hr>
            <ns3:cad>83</ns3:cad>
          </ns3:TrackPointExtension>
        </extensions>
      </trkpt>
      <trkpt lat="37.51944906078279018402099609375" lon="127.07308690063655376434326171875">
        <ele>13.6000003814697265625</ele>
        <time>2026-09-14T08:58:09.000Z</time>
        <extensions>
          <ns3:TrackPointExtension>
            <ns3:hr>150</ns3:hr>
            <ns3:cad>83</ns3:cad>
          </ns3:TrackPointExtension>
        </extensions>
      </trkpt>
      <trkpt lat="37.51944503746926784515380859375" lon="127.073126547038555145263671875">
        <ele>13.6000003814697265625</ele>
        <time>2026-09-14T08:58:10.000Z</time>
        <extensions>
          <ns3:TrackPointExtension>
            <ns3:hr>150</ns3:hr>
            <ns3:cad>83</ns3:cad>
          </ns3:TrackPointExtension>
        </extensions>
      </trkpt>
      <trkpt lat="37.5194382481276988983154296875" lon="127.073168121278285980224609375">
        <ele>13.6000003814697265625</ele>
        <time>2026-09-14T08:58:11.000Z</time>
        <extensions>
          <ns3:TrackPointExtension>
            <ns3:hr>150</ns3:hr>
            <ns3:cad>83</ns3:cad>
          </ns3:TrackPointExtension>
        </extensions>
      </trkpt>
      <trkpt lat="37.51943799667060375213623046875" lon="127.07319636829197406768798828125">
        <ele>13.6000003814697265625</ele>
        <time>2026-09-14T08:58:12.000Z</time>
        <extensions>
          <ns3:TrackPointExtension>
            <ns3:hr>151</ns3:hr>
            <ns3:cad>83</ns3:cad>
          </ns3:TrackPointExtension>
        </extensions>
      </trkpt>
      <trkpt lat="37.5194268487393856048583984375" lon="127.07324565388262271881103515625">
        <ele>13.6000003814697265625</ele>
        <time>2026-09-14T08:58:13.000Z</time>
        <extensions>
          <ns3:TrackPointExtension>
            <ns3:hr>151</ns3:hr>
            <ns3:cad>83</ns3:cad>
          </ns3:TrackPointExtension>
        </extensions>
      </trkpt>
      <trkpt lat="37.519423328340053558349609375" lon="127.0732816122472286224365234375">
        <ele>13.6000003814697265625</ele>
        <time>2026-09-14T08:58:14.000Z</time>
        <extensions>
          <ns3:TrackPointExtension>
            <ns3:hr>151</ns3:hr>
            <ns3:cad>83</ns3:cad>
          </ns3:TrackPointExtension>
        </extensions>
      </trkpt>
      <trkpt lat="37.5194181315600872039794921875" lon="127.07331941463053226470947265625">
        <ele>13.6000003814697265625</ele>
        <time>2026-09-14T08:58:15.000Z</time>
        <extensions>
          <ns3:TrackPointExtension>
            <ns3:hr>151</ns3:hr>
            <ns3:cad>83</ns3:cad>
          </ns3:TrackPointExtension>
        </extensions>
      </trkpt>
      <trkpt lat="37.5194060616195201873779296875" lon="127.07335595972836017608642578125">
        <ele>13.80000019073486328125</ele>
        <time>2026-09-14T08:58:16.000Z</time>
        <extensions>
          <ns3:TrackPointExtension>
            <ns3:hr>151</ns3:hr>
            <ns3:cad>83</ns3:cad>
          </ns3:TrackPointExtension>
        </extensions>
      </trkpt>
      <trkpt lat="37.51940581016242504119873046875" lon="127.07338370382785797119140625">
        <ele>13.80000019073486328125</ele>
        <time>2026-09-14T08:58:17.000Z</time>
        <extensions>
          <ns3:TrackPointExtension>
            <ns3:hr>151</ns3:hr>
            <ns3:cad>83</ns3:cad>
          </ns3:TrackPointExtension>
        </extensions>
      </trkpt>
      <trkpt lat="37.51939751207828521728515625" lon="127.07343064248561859130859375">
        <ele>13.80000019073486328125</ele>
        <time>2026-09-14T08:58:18.000Z</time>
        <extensions>
          <ns3:TrackPointExtension>
            <ns3:hr>152</ns3:hr>
            <ns3:cad>83</ns3:cad>
          </ns3:TrackPointExtension>
        </extensions>
      </trkpt>
      <trkpt lat="37.51939139328896999359130859375" lon="127.07346727140247821807861328125">
        <ele>13.80000019073486328125</ele>
        <time>2026-09-14T08:58:19.000Z</time>
        <extensions>
          <ns3:TrackPointExtension>
            <ns3:hr>152</ns3:hr>
            <ns3:cad>83</ns3:cad>
          </ns3:TrackPointExtension>
        </extensions>
      </trkpt>
      <trkpt lat="37.5193879567086696624755859375" lon="127.0735055766999721527099609375">
        <ele>13.6000003814697265625</ele>
        <time>2026-09-14T08:58:20.000Z</time>
        <extensions>
          <ns3:TrackPointExtension>
            <ns3:hr>152</ns3:hr>
            <ns3:cad>83</ns3:cad>
          </ns3:TrackPointExtension>
        </extensions>
      </trkpt>
      <trkpt lat="37.519371025264263153076171875" lon="127.0735488273203372955322265625">
        <ele>13.6000003814697265625</ele>
        <time>2026-09-14T08:58:21.000Z</time>
        <extensions>
          <ns3:TrackPointExtension>
            <ns3:hr>152</ns3:hr>
            <ns3:cad>84</ns3:cad>
          </ns3:TrackPointExtension>
        </extensions>
      </trkpt>
      <trkpt lat="37.51936876215040683746337890625" lon="127.0735800080001354217529296875">
        <ele>13.6000003814697265625</ele>
        <time>2026-09-14T08:58:22.000Z</time>
        <extensions>
          <ns3:TrackPointExtension>
            <ns3:hr>153</ns3:hr>
            <ns3:cad>84</ns3:cad>
          </ns3:TrackPointExtension>
        </extensions>
      </trkpt>
      <trkpt lat="37.51935702748596668243408203125" lon="127.0736286230385303497314453125">
        <ele>13.6000003814697265625</ele>
        <time>2026-09-14T08:58:23.000Z</time>
        <extensions>
          <ns3:TrackPointExtension>
            <ns3:hr>153</ns3:hr>
            <ns3:cad>84</ns3:cad>
          </ns3:TrackPointExtension>
        </extensions>
      </trkpt>
      <trkpt lat="37.51934789121150970458984375" lon="127.07366692833602428436279296875">
        <ele>13.6000003814697265625</ele>
        <time>2026-09-14T08:58:24.000Z</time>
        <extensions>
          <ns3:TrackPointExtension>
            <ns3:hr>153</ns3:hr>
            <ns3:cad>84</ns3:cad>
          </ns3:TrackPointExtension>
        </extensions>
      </trkpt>
      <trkpt lat="37.519346214830875396728515625" lon="127.0737027190625667572021484375">
        <ele>13.6000003814697265625</ele>
        <time>2026-09-14T08:58:25.000Z</time>
        <extensions>
          <ns3:TrackPointExtension>
            <ns3:hr>152</ns3:hr>
            <ns3:cad>84</ns3:cad>
          </ns3:TrackPointExtension>
        </extensions>
      </trkpt>
      <trkpt lat="37.51933691091835498809814453125" lon="127.07374253310263156890869140625">
        <ele>13.6000003814697265625</ele>
        <time>2026-09-14T08:58:26.000Z</time>
        <extensions>
          <ns3:TrackPointExtension>
            <ns3:hr>152</ns3:hr>
            <ns3:cad>84</ns3:cad>
          </ns3:TrackPointExtension>
        </extensions>
      </trkpt>
      <trkpt lat="37.5193390063941478729248046875" lon="127.0737697742879390716552734375">
        <ele>13.6000003814697265625</ele>
        <time>2026-09-14T08:58:27.000Z</time>
        <extensions>
          <ns3:TrackPointExtension>
            <ns3:hr>152</ns3:hr>
            <ns3:cad>84</ns3:cad>
          </ns3:TrackPointExtension>
        </extensions>
      </trkpt>
      <trkpt lat="37.519328780472278594970703125" lon="127.07381361164152622222900390625">
        <ele>13.6000003814697265625</ele>
        <time>2026-09-14T08:58:28.000Z</time>
        <extensions>
          <ns3:TrackPointExtension>
            <ns3:hr>152</ns3:hr>
            <ns3:cad>84</ns3:cad>
          </ns3:TrackPointExtension>
        </extensions>
      </trkpt>
      <trkpt lat="37.51931813545525074005126953125" lon="127.07385317422449588775634765625">
        <ele>13.6000003814697265625</ele>
        <time>2026-09-14T08:58:29.000Z</time>
        <extensions>
          <ns3:TrackPointExtension>
            <ns3:hr>152</ns3:hr>
            <ns3:cad>83</ns3:cad>
          </ns3:TrackPointExtension>
        </extensions>
      </trkpt>
      <trkpt lat="37.51931302249431610107421875" lon="127.0738894678652286529541015625">
        <ele>13.6000003814697265625</ele>
        <time>2026-09-14T08:58:30.000Z</time>
        <extensions>
          <ns3:TrackPointExtension>
            <ns3:hr>152</ns3:hr>
            <ns3:cad>83</ns3:cad>
          </ns3:TrackPointExtension>
        </extensions>
      </trkpt>
      <trkpt lat="37.51930086873471736907958984375" lon="127.0739323832094669342041015625">
        <ele>13.6000003814697265625</ele>
        <time>2026-09-14T08:58:31.000Z</time>
        <extensions>
          <ns3:TrackPointExtension>
            <ns3:hr>152</ns3:hr>
            <ns3:cad>83</ns3:cad>
          </ns3:TrackPointExtension>
        </extensions>
      </trkpt>
      <trkpt lat="37.5193001143634319305419921875" lon="127.07396180368959903717041015625">
        <ele>13.6000003814697265625</ele>
        <time>2026-09-14T08:58:32.000Z</time>
        <extensions>
          <ns3:TrackPointExtension>
            <ns3:hr>152</ns3:hr>
            <ns3:cad>84</ns3:cad>
          </ns3:TrackPointExtension>
        </extensions>
      </trkpt>
      <trkpt lat="37.5192893855273723602294921875" lon="127.0740138553082942962646484375">
        <ele>13.6000003814697265625</ele>
        <time>2026-09-14T08:58:33.000Z</time>
        <extensions>
          <ns3:TrackPointExtension>
            <ns3:hr>152</ns3:hr>
            <ns3:cad>84</ns3:cad>
          </ns3:TrackPointExtension>
        </extensions>
      </trkpt>
      <trkpt lat="37.5192826800048351287841796875" lon="127.07405249588191509246826171875">
        <ele>13.6000003814697265625</ele>
        <time>2026-09-14T08:58:34.000Z</time>
        <extensions>
          <ns3:TrackPointExtension>
            <ns3:hr>151</ns3:hr>
            <ns3:cad>84</ns3:cad>
          </ns3:TrackPointExtension>
        </extensions>
      </trkpt>
      <trkpt lat="37.51927840523421764373779296875" lon="127.0740970037877559661865234375">
        <ele>13.6000003814697265625</ele>
        <time>2026-09-14T08:58:35.000Z</time>
        <extensions>
          <ns3:TrackPointExtension>
            <ns3:hr>151</ns3:hr>
            <ns3:cad>84</ns3:cad>
          </ns3:TrackPointExtension>
        </extensions>
      </trkpt>
      <trkpt lat="37.51926985569298267364501953125" lon="127.07413874566555023193359375">
        <ele>13.6000003814697265625</ele>
        <time>2026-09-14T08:58:36.000Z</time>
        <extensions>
          <ns3:TrackPointExtension>
            <ns3:hr>150</ns3:hr>
            <ns3:cad>84</ns3:cad>
          </ns3:TrackPointExtension>
        </extensions>
      </trkpt>
      <trkpt lat="37.51926851458847522735595703125" lon="127.07416833378374576568603515625">
        <ele>13.3999996185302734375</ele>
        <time>2026-09-14T08:58:37.000Z</time>
        <extensions>
          <ns3:TrackPointExtension>
            <ns3:hr>150</ns3:hr>
            <ns3:cad>84</ns3:cad>
          </ns3:TrackPointExtension>
        </extensions>
      </trkpt>
      <trkpt lat="37.519258372485637664794921875" lon="127.0742180384695529937744140625">
        <ele>13.3999996185302734375</ele>
        <time>2026-09-14T08:58:38.000Z</time>
        <extensions>
          <ns3:TrackPointExtension>
            <ns3:hr>150</ns3:hr>
            <ns3:cad>84</ns3:cad>
          </ns3:TrackPointExtension>
        </extensions>
      </trkpt>
      <trkpt lat="37.51925677992403507232666015625" lon="127.074248380959033966064453125">
        <ele>13.3999996185302734375</ele>
        <time>2026-09-14T08:58:39.000Z</time>
        <extensions>
          <ns3:TrackPointExtension>
            <ns3:hr>150</ns3:hr>
            <ns3:cad>84</ns3:cad>
          </ns3:TrackPointExtension>
        </extensions>
      </trkpt>
      <trkpt lat="37.51925074495375156402587890625" lon="127.0742904581129550933837890625">
        <ele>13.3999996185302734375</ele>
        <time>2026-09-14T08:58:40.000Z</time>
        <extensions>
          <ns3:TrackPointExtension>
            <ns3:hr>150</ns3:hr>
            <ns3:cad>85</ns3:cad>
          </ns3:TrackPointExtension>
        </extensions>
      </trkpt>
      <trkpt lat="37.5192370824515819549560546875" lon="127.074331529438495635986328125">
        <ele>13.19999980926513671875</ele>
        <time>2026-09-14T08:58:41.000Z</time>
        <extensions>
          <ns3:TrackPointExtension>
            <ns3:hr>150</ns3:hr>
            <ns3:cad>85</ns3:cad>
          </ns3:TrackPointExtension>
        </extensions>
      </trkpt>
      <trkpt lat="37.519233226776123046875" lon="127.0743580162525177001953125">
        <ele>13.19999980926513671875</ele>
        <time>2026-09-14T08:58:42.000Z</time>
        <extensions>
          <ns3:TrackPointExtension>
            <ns3:hr>150</ns3:hr>
            <ns3:cad>84</ns3:cad>
          </ns3:TrackPointExtension>
        </extensions>
      </trkpt>
      <trkpt lat="37.51922274939715862274169921875" lon="127.07440830767154693603515625">
        <ele>13.19999980926513671875</ele>
        <time>2026-09-14T08:58:43.000Z</time>
        <extensions>
          <ns3:TrackPointExtension>
            <ns3:hr>150</ns3:hr>
            <ns3:cad>84</ns3:cad>
          </ns3:TrackPointExtension>
        </extensions>
      </trkpt>
      <trkpt lat="37.51921570859849452972412109375" lon="127.07444317638874053955078125">
        <ele>13.19999980926513671875</ele>
        <time>2026-09-14T08:58:44.000Z</time>
        <extensions>
          <ns3:TrackPointExtension>
            <ns3:hr>150</ns3:hr>
            <ns3:cad>84</ns3:cad>
          </ns3:TrackPointExtension>
        </extensions>
      </trkpt>
      <trkpt lat="37.51921051181852817535400390625" lon="127.07448349334299564361572265625">
        <ele>13.19999980926513671875</ele>
        <time>2026-09-14T08:58:45.000Z</time>
        <extensions>
          <ns3:TrackPointExtension>
            <ns3:hr>149</ns3:hr>
            <ns3:cad>84</ns3:cad>
          </ns3:TrackPointExtension>
        </extensions>
      </trkpt>
      <trkpt lat="37.51920196227729320526123046875" lon="127.074520625174045562744140625">
        <ele>13.19999980926513671875</ele>
        <time>2026-09-14T08:58:46.000Z</time>
        <extensions>
          <ns3:TrackPointExtension>
            <ns3:hr>150</ns3:hr>
            <ns3:cad>84</ns3:cad>
          </ns3:TrackPointExtension>
        </extensions>
      </trkpt>
      <trkpt lat="37.519202716648578643798828125" lon="127.07454920746386051177978515625">
        <ele>13.19999980926513671875</ele>
        <time>2026-09-14T08:58:47.000Z</time>
        <extensions>
          <ns3:TrackPointExtension>
            <ns3:hr>150</ns3:hr>
            <ns3:cad>84</ns3:cad>
          </ns3:TrackPointExtension>
        </extensions>
      </trkpt>
      <trkpt lat="37.51919408328831195831298828125" lon="127.07459740340709686279296875">
        <ele>13.19999980926513671875</ele>
        <time>2026-09-14T08:58:48.000Z</time>
        <extensions>
          <ns3:TrackPointExtension>
            <ns3:hr>149</ns3:hr>
            <ns3:cad>83</ns3:cad>
          </ns3:TrackPointExtension>
        </extensions>
      </trkpt>
      <trkpt lat="37.51918637193739414215087890625" lon="127.074632942676544189453125">
        <ele>13.19999980926513671875</ele>
        <time>2026-09-14T08:58:49.000Z</time>
        <extensions>
          <ns3:TrackPointExtension>
            <ns3:hr>150</ns3:hr>
            <ns3:cad>83</ns3:cad>
          </ns3:TrackPointExtension>
        </extensions>
      </trkpt>
      <trkpt lat="37.5191774033010005950927734375" lon="127.0746716670691967010498046875">
        <ele>13.19999980926513671875</ele>
        <time>2026-09-14T08:58:50.000Z</time>
        <extensions>
          <ns3:TrackPointExtension>
            <ns3:hr>150</ns3:hr>
            <ns3:cad>83</ns3:cad>
          </ns3:TrackPointExtension>
        </extensions>
      </trkpt>
      <trkpt lat="37.51916541717946529388427734375" lon="127.0747125707566738128662109375">
        <ele>13.19999980926513671875</ele>
        <time>2026-09-14T08:58:51.000Z</time>
        <extensions>
          <ns3:TrackPointExtension>
            <ns3:hr>149</ns3:hr>
            <ns3:cad>84</ns3:cad>
          </ns3:TrackPointExtension>
        </extensions>
      </trkpt>
      <trkpt lat="37.51916809938848018646240234375" lon="127.07474081777036190032958984375">
        <ele>13.19999980926513671875</ele>
        <time>2026-09-14T08:58:52.000Z</time>
        <extensions>
          <ns3:TrackPointExtension>
            <ns3:hr>150</ns3:hr>
            <ns3:cad>84</ns3:cad>
          </ns3:TrackPointExtension>
        </extensions>
      </trkpt>
      <trkpt lat="37.5191603042185306549072265625" lon="127.074789516627788543701171875">
        <ele>13.19999980926513671875</ele>
        <time>2026-09-14T08:58:53.000Z</time>
        <extensions>
          <ns3:TrackPointExtension>
            <ns3:hr>149</ns3:hr>
            <ns3:cad>84</ns3:cad>
          </ns3:TrackPointExtension>
        </extensions>
      </trkpt>
      <trkpt lat="37.51915485598146915435791015625" lon="127.0748228766024112701416015625">
        <ele>13.19999980926513671875</ele>
        <time>2026-09-14T08:58:54.000Z</time>
        <extensions>
          <ns3:TrackPointExtension>
            <ns3:hr>149</ns3:hr>
            <ns3:cad>84</ns3:cad>
          </ns3:TrackPointExtension>
        </extensions>
      </trkpt>
      <trkpt lat="37.51914865337312221527099609375" lon="127.07486302591860294342041015625">
        <ele>13.19999980926513671875</ele>
        <time>2026-09-14T08:58:55.000Z</time>
        <extensions>
          <ns3:TrackPointExtension>
            <ns3:hr>149</ns3:hr>
            <ns3:cad>83</ns3:cad>
          </ns3:TrackPointExtension>
        </extensions>
      </trkpt>
      <trkpt lat="37.51913331449031829833984375" lon="127.074904851615428924560546875">
        <ele>13.19999980926513671875</ele>
        <time>2026-09-14T08:58:56.000Z</time>
        <extensions>
          <ns3:TrackPointExtension>
            <ns3:hr>149</ns3:hr>
            <ns3:cad>83</ns3:cad>
          </ns3:TrackPointExtension>
        </extensions>
      </trkpt>
      <trkpt lat="37.51913088373839855194091796875" lon="127.07493477500975131988525390625">
        <ele>13.3999996185302734375</ele>
        <time>2026-09-14T08:58:57.000Z</time>
        <extensions>
          <ns3:TrackPointExtension>
            <ns3:hr>149</ns3:hr>
            <ns3:cad>83</ns3:cad>
          </ns3:TrackPointExtension>
        </extensions>
      </trkpt>
      <trkpt lat="37.5191197358071804046630859375" lon="127.07497769035398960113525390625">
        <ele>13.19999980926513671875</ele>
        <time>2026-09-14T08:58:58.000Z</time>
        <extensions>
          <ns3:TrackPointExtension>
            <ns3:hr>149</ns3:hr>
            <ns3:cad>84</ns3:cad>
          </ns3:TrackPointExtension>
        </extensions>
      </trkpt>
      <trkpt lat="37.51911814324557781219482421875" lon="127.07500535063445568084716796875">
        <ele>13.19999980926513671875</ele>
        <time>2026-09-14T08:58:59.000Z</time>
        <extensions>
          <ns3:TrackPointExtension>
            <ns3:hr>149</ns3:hr>
            <ns3:cad>84</ns3:cad>
          </ns3:TrackPointExtension>
        </extensions>
      </trkpt>
      <trkpt lat="37.51911143772304058074951171875" lon="127.075046002864837646484375">
        <ele>13.19999980926513671875</ele>
        <time>2026-09-14T08:59:00.000Z</time>
        <extensions>
          <ns3:TrackPointExtension>
            <ns3:hr>149</ns3:hr>
            <ns3:cad>84</ns3:cad>
          </ns3:TrackPointExtension>
        </extensions>
      </trkpt>
      <trkpt lat="37.51910188235342502593994140625" lon="127.07508154213428497314453125">
        <ele>13.19999980926513671875</ele>
        <time>2026-09-14T08:59:01.000Z</time>
        <extensions>
          <ns3:TrackPointExtension>
            <ns3:hr>148</ns3:hr>
            <ns3:cad>84</ns3:cad>
          </ns3:TrackPointExtension>
        </extensions>
      </trkpt>
      <trkpt lat="37.51910188235342502593994140625" lon="127.0751088671386241912841796875">
        <ele>13.19999980926513671875</ele>
        <time>2026-09-14T08:59:02.000Z</time>
        <extensions>
          <ns3:TrackPointExtension>
            <ns3:hr>149</ns3:hr>
            <ns3:cad>84</ns3:cad>
          </ns3:TrackPointExtension>
        </extensions>
      </trkpt>
      <trkpt lat="37.51909442245960235595703125" lon="127.075156308710575103759765625">
        <ele>13.3999996185302734375</ele>
        <time>2026-09-14T08:59:03.000Z</time>
        <extensions>
          <ns3:TrackPointExtension>
            <ns3:hr>149</ns3:hr>
            <ns3:cad>84</ns3:cad>
          </ns3:TrackPointExtension>
        </extensions>
      </trkpt>
      <trkpt lat="37.519094757735729217529296875" lon="127.07518673501908779144287109375">
        <ele>13.3999996185302734375</ele>
        <time>2026-09-14T08:59:04.000Z</time>
        <extensions>
          <ns3:TrackPointExtension>
            <ns3:hr>148</ns3:hr>
            <ns3:cad>84</ns3:cad>
          </ns3:TrackPointExtension>
        </extensions>
      </trkpt>
      <trkpt lat="37.519088052213191986083984375" lon="127.07522797398269176483154296875">
        <ele>13.3999996185302734375</ele>
        <time>2026-09-14T08:59:05.000Z</time>
        <extensions>
          <ns3:TrackPointExtension>
            <ns3:hr>149</ns3:hr>
            <ns3:cad>84</ns3:cad>
          </ns3:TrackPointExtension>
        </extensions>
      </trkpt>
      <trkpt lat="37.51908008940517902374267578125" lon="127.07526669837534427642822265625">
        <ele>13.19999980926513671875</ele>
        <time>2026-09-14T08:59:06.000Z</time>
        <extensions>
          <ns3:TrackPointExtension>
            <ns3:hr>149</ns3:hr>
            <ns3:cad>83</ns3:cad>
          </ns3:TrackPointExtension>
        </extensions>
      </trkpt>
      <trkpt lat="37.51907522790133953094482421875" lon="127.07529637031257152557373046875">
        <ele>13.19999980926513671875</ele>
        <time>2026-09-14T08:59:07.000Z</time>
        <extensions>
          <ns3:TrackPointExtension>
            <ns3:hr>148</ns3:hr>
            <ns3:cad>83</ns3:cad>
          </ns3:TrackPointExtension>
        </extensions>
      </trkpt>
      <trkpt lat="37.519063241779804229736328125" lon="127.07534347660839557647705078125">
        <ele>13.19999980926513671875</ele>
        <time>2026-09-14T08:59:08.000Z</time>
        <extensions>
          <ns3:TrackPointExtension>
            <ns3:hr>148</ns3:hr>
            <ns3:cad>83</ns3:cad>
          </ns3:TrackPointExtension>
        </extensions>
      </trkpt>
      <trkpt lat="37.51906299032270908355712890625" lon="127.075373232364654541015625">
        <ele>13.19999980926513671875</ele>
        <time>2026-09-14T08:59:09.000Z</time>
        <extensions>
          <ns3:TrackPointExtension>
            <ns3:hr>148</ns3:hr>
            <ns3:cad>83</ns3:cad>
          </ns3:TrackPointExtension>
        </extensions>
      </trkpt>
      <trkpt lat="37.51905821263790130615234375" lon="127.0754156447947025299072265625">
        <ele>13</ele>
        <time>2026-09-14T08:59:10.000Z</time>
        <extensions>
          <ns3:TrackPointExtension>
            <ns3:hr>149</ns3:hr>
            <ns3:cad>83</ns3:cad>
          </ns3:TrackPointExtension>
        </extensions>
      </trkpt>
      <trkpt lat="37.51904773525893688201904296875" lon="127.0754562132060527801513671875">
        <ele>13</ele>
        <time>2026-09-14T08:59:11.000Z</time>
        <extensions>
          <ns3:TrackPointExtension>
            <ns3:hr>148</ns3:hr>
            <ns3:cad>83</ns3:cad>
          </ns3:TrackPointExtension>
        </extensions>
      </trkpt>
      <trkpt lat="37.5190486572682857513427734375" lon="127.0754845440387725830078125">
        <ele>13</ele>
        <time>2026-09-14T08:59:12.000Z</time>
        <extensions>
          <ns3:TrackPointExtension>
            <ns3:hr>148</ns3:hr>
            <ns3:cad>85</ns3:cad>
          </ns3:TrackPointExtension>
        </extensions>
      </trkpt>
      <trkpt lat="37.5190389342606067657470703125" lon="127.0755323208868503570556640625">
        <ele>13</ele>
        <time>2026-09-14T08:59:13.000Z</time>
        <extensions>
          <ns3:TrackPointExtension>
            <ns3:hr>148</ns3:hr>
            <ns3:cad>85</ns3:cad>
          </ns3:TrackPointExtension>
        </extensions>
      </trkpt>
      <trkpt lat="37.51902879215776920318603515625" lon="127.07556392066180706024169921875">
        <ele>13</ele>
        <time>2026-09-14T08:59:14.000Z</time>
        <extensions>
          <ns3:TrackPointExtension>
            <ns3:hr>148</ns3:hr>
            <ns3:cad>84</ns3:cad>
          </ns3:TrackPointExtension>
        </extensions>
      </trkpt>
      <trkpt lat="37.519024349749088287353515625" lon="127.07560432143509387969970703125">
        <ele>13</ele>
        <time>2026-09-14T08:59:15.000Z</time>
        <extensions>
          <ns3:TrackPointExtension>
            <ns3:hr>148</ns3:hr>
            <ns3:cad>84</ns3:cad>
          </ns3:TrackPointExtension>
        </extensions>
      </trkpt>
      <trkpt lat="37.51901437528431415557861328125" lon="127.0756406150758266448974609375">
        <ele>13</ele>
        <time>2026-09-14T08:59:16.000Z</time>
        <extensions>
          <ns3:TrackPointExtension>
            <ns3:hr>148</ns3:hr>
            <ns3:cad>84</ns3:cad>
          </ns3:TrackPointExtension>
        </extensions>
      </trkpt>
      <trkpt lat="37.51901269890367984771728515625" lon="127.075671963393688201904296875">
        <ele>13</ele>
        <time>2026-09-14T08:59:17.000Z</time>
        <extensions>
          <ns3:TrackPointExtension>
            <ns3:hr>147</ns3:hr>
            <ns3:cad>83</ns3:cad>
          </ns3:TrackPointExtension>
        </extensions>
      </trkpt>
      <trkpt lat="37.5190074183046817779541015625" lon="127.0757173933088779449462890625">
        <ele>13</ele>
        <time>2026-09-14T08:59:18.000Z</time>
        <extensions>
          <ns3:TrackPointExtension>
            <ns3:hr>147</ns3:hr>
            <ns3:cad>83</ns3:cad>
          </ns3:TrackPointExtension>
        </extensions>
      </trkpt>
      <trkpt lat="37.5190038979053497314453125" lon="127.07575335167348384857177734375">
        <ele>12.80000019073486328125</ele>
        <time>2026-09-14T08:59:19.000Z</time>
        <extensions>
          <ns3:TrackPointExtension>
            <ns3:hr>147</ns3:hr>
            <ns3:cad>83</ns3:cad>
          </ns3:TrackPointExtension>
        </extensions>
      </trkpt>
      <trkpt lat="37.51899593509733676910400390625" lon="127.0757978595793247222900390625">
        <ele>12.80000019073486328125</ele>
        <time>2026-09-14T08:59:20.000Z</time>
        <extensions>
          <ns3:TrackPointExtension>
            <ns3:hr>147</ns3:hr>
            <ns3:cad>84</ns3:cad>
          </ns3:TrackPointExtension>
        </extensions>
      </trkpt>
      <trkpt lat="37.51898520626127719879150390625" lon="127.075837589800357818603515625">
        <ele>12.80000019073486328125</ele>
        <time>2026-09-14T08:59:21.000Z</time>
        <extensions>
          <ns3:TrackPointExtension>
            <ns3:hr>147</ns3:hr>
            <ns3:cad>84</ns3:cad>
          </ns3:TrackPointExtension>
        </extensions>
      </trkpt>
      <trkpt lat="37.51898084767162799835205078125" lon="127.075869105756282806396484375">
        <ele>12.80000019073486328125</ele>
        <time>2026-09-14T08:59:22.000Z</time>
        <extensions>
          <ns3:TrackPointExtension>
            <ns3:hr>147</ns3:hr>
            <ns3:cad>84</ns3:cad>
          </ns3:TrackPointExtension>
        </extensions>
      </trkpt>
      <trkpt lat="37.51897296868264675140380859375" lon="127.07591629587113857269287109375">
        <ele>12.6000003814697265625</ele>
        <time>2026-09-14T08:59:23.000Z</time>
        <extensions>
          <ns3:TrackPointExtension>
            <ns3:hr>147</ns3:hr>
            <ns3:cad>84</ns3:cad>
          </ns3:TrackPointExtension>
        </extensions>
      </trkpt>
      <trkpt lat="37.51896592788398265838623046875" lon="127.07594881765544414520263671875">
        <ele>12.6000003814697265625</ele>
        <time>2026-09-14T08:59:24.000Z</time>
        <extensions>
          <ns3:TrackPointExtension>
            <ns3:hr>147</ns3:hr>
            <ns3:cad>84</ns3:cad>
          </ns3:TrackPointExtension>
        </extensions>
      </trkpt>
      <trkpt lat="37.51895654015243053436279296875" lon="127.0759914815425872802734375">
        <ele>12.6000003814697265625</ele>
        <time>2026-09-14T08:59:25.000Z</time>
        <extensions>
          <ns3:TrackPointExtension>
            <ns3:hr>147</ns3:hr>
            <ns3:cad>84</ns3:cad>
          </ns3:TrackPointExtension>
        </extensions>
      </trkpt>
      <trkpt lat="37.5189470686018466949462890625" lon="127.07602836191654205322265625">
        <ele>12.6000003814697265625</ele>
        <time>2026-09-14T08:59:26.000Z</time>
        <extensions>
          <ns3:TrackPointExtension>
            <ns3:hr>148</ns3:hr>
            <ns3:cad>84</ns3:cad>
          </ns3:TrackPointExtension>
        </extensions>
      </trkpt>
      <trkpt lat="37.518947906792163848876953125" lon="127.07605895586311817169189453125">
        <ele>12.80000019073486328125</ele>
        <time>2026-09-14T08:59:27.000Z</time>
        <extensions>
          <ns3:TrackPointExtension>
            <ns3:hr>147</ns3:hr>
            <ns3:cad>83</ns3:cad>
          </ns3:TrackPointExtension>
        </extensions>
      </trkpt>
      <trkpt lat="37.51894262619316577911376953125" lon="127.07610656507313251495361328125">
        <ele>12.6000003814697265625</ele>
        <time>2026-09-14T08:59:28.000Z</time>
        <extensions>
          <ns3:TrackPointExtension>
            <ns3:hr>147</ns3:hr>
            <ns3:cad>83</ns3:cad>
          </ns3:TrackPointExtension>
        </extensions>
      </trkpt>
      <trkpt lat="37.51893608830869197845458984375" lon="127.07613958977162837982177734375">
        <ele>12.6000003814697265625</ele>
        <time>2026-09-14T08:59:29.000Z</time>
        <extensions>
          <ns3:TrackPointExtension>
            <ns3:hr>147</ns3:hr>
            <ns3:cad>83</ns3:cad>
          </ns3:TrackPointExtension>
        </extensions>
      </trkpt>
      <trkpt lat="37.51893038861453533172607421875" lon="127.07617948763072490692138671875">
        <ele>12.6000003814697265625</ele>
        <time>2026-09-14T08:59:30.000Z</time>
        <extensions>
          <ns3:TrackPointExtension>
            <ns3:hr>146</ns3:hr>
            <ns3:cad>83</ns3:cad>
          </ns3:TrackPointExtension>
        </extensions>
      </trkpt>
      <trkpt lat="37.518923096358776092529296875" lon="127.07622684538364410400390625">
        <ele>12.6000003814697265625</ele>
        <time>2026-09-14T08:59:31.000Z</time>
        <extensions>
          <ns3:TrackPointExtension>
            <ns3:hr>146</ns3:hr>
            <ns3:cad>83</ns3:cad>
          </ns3:TrackPointExtension>
        </extensions>
      </trkpt>
      <trkpt lat="37.5189252756536006927490234375" lon="127.07625341601669788360595703125">
        <ele>12.6000003814697265625</ele>
        <time>2026-09-14T08:59:32.000Z</time>
        <extensions>
          <ns3:TrackPointExtension>
            <ns3:hr>146</ns3:hr>
            <ns3:cad>83</ns3:cad>
          </ns3:TrackPointExtension>
        </extensions>
      </trkpt>
      <trkpt lat="37.51891664229333400726318359375" lon="127.076302282512187957763671875">
        <ele>12.6000003814697265625</ele>
        <time>2026-09-14T08:59:33.000Z</time>
        <extensions>
          <ns3:TrackPointExtension>
            <ns3:hr>146</ns3:hr>
            <ns3:cad>83</ns3:cad>
          </ns3:TrackPointExtension>
        </extensions>
      </trkpt>
      <trkpt lat="37.51890943385660648345947265625" lon="127.0763348042964935302734375">
        <ele>12.6000003814697265625</ele>
        <time>2026-09-14T08:59:34.000Z</time>
        <extensions>
          <ns3:TrackPointExtension>
            <ns3:hr>146</ns3:hr>
            <ns3:cad>83</ns3:cad>
          </ns3:TrackPointExtension>
        </extensions>
      </trkpt>
      <trkpt lat="37.5189041532576084136962890625" lon="127.0763671584427356719970703125">
        <ele>12.6000003814697265625</ele>
        <time>2026-09-14T08:59:35.000Z</time>
        <extensions>
          <ns3:TrackPointExtension>
            <ns3:hr>146</ns3:hr>
            <ns3:cad>83</ns3:cad>
          </ns3:TrackPointExtension>
        </extensions>
      </trkpt>
      <trkpt lat="37.51889434643089771270751953125" lon="127.07640496082603931427001953125">
        <ele>12.6000003814697265625</ele>
        <time>2026-09-14T08:59:36.000Z</time>
        <extensions>
          <ns3:TrackPointExtension>
            <ns3:hr>146</ns3:hr>
            <ns3:cad>83</ns3:cad>
          </ns3:TrackPointExtension>
        </extensions>
      </trkpt>
      <trkpt lat="37.5188937596976757049560546875" lon="127.07643345929682254791259765625">
        <ele>12.6000003814697265625</ele>
        <time>2026-09-14T08:59:37.000Z</time>
        <extensions>
          <ns3:TrackPointExtension>
            <ns3:hr>146</ns3:hr>
            <ns3:cad>84</ns3:cad>
          </ns3:TrackPointExtension>
        </extensions>
      </trkpt>
      <trkpt lat="37.5188837014138698577880859375" lon="127.076484002172946929931640625">
        <ele>12.6000003814697265625</ele>
        <time>2026-09-14T08:59:38.000Z</time>
        <extensions>
          <ns3:TrackPointExtension>
            <ns3:hr>146</ns3:hr>
            <ns3:cad>84</ns3:cad>
          </ns3:TrackPointExtension>
        </extensions>
      </trkpt>
      <trkpt lat="37.51887490041553974151611328125" lon="127.076518535614013671875">
        <ele>12.6000003814697265625</ele>
        <time>2026-09-14T08:59:39.000Z</time>
        <extensions>
          <ns3:TrackPointExtension>
            <ns3:hr>147</ns3:hr>
            <ns3:cad>84</ns3:cad>
          </ns3:TrackPointExtension>
        </extensions>
      </trkpt>
      <trkpt lat="37.51887154765427112579345703125" lon="127.0765552483499050140380859375">
        <ele>12.3999996185302734375</ele>
        <time>2026-09-14T08:59:40.000Z</time>
        <extensions>
          <ns3:TrackPointExtension>
            <ns3:hr>146</ns3:hr>
            <ns3:cad>83</ns3:cad>
          </ns3:TrackPointExtension>
        </extensions>
      </trkpt>
      <trkpt lat="37.51886031590402126312255859375" lon="127.07659606821835041046142578125">
        <ele>12.3999996185302734375</ele>
        <time>2026-09-14T08:59:41.000Z</time>
        <extensions>
          <ns3:TrackPointExtension>
            <ns3:hr>146</ns3:hr>
            <ns3:cad>83</ns3:cad>
          </ns3:TrackPointExtension>
        </extensions>
      </trkpt>
      <trkpt lat="37.51886308193206787109375" lon="127.07662356086075305938720703125">
        <ele>12.3999996185302734375</ele>
        <time>2026-09-14T08:59:42.000Z</time>
        <extensions>
          <ns3:TrackPointExtension>
            <ns3:hr>146</ns3:hr>
            <ns3:cad>83</ns3:cad>
          </ns3:TrackPointExtension>
        </extensions>
      </trkpt>
      <trkpt lat="37.51885235309600830078125" lon="127.0766682364046573638916015625">
        <ele>12.6000003814697265625</ele>
        <time>2026-09-14T08:59:43.000Z</time>
        <extensions>
          <ns3:TrackPointExtension>
            <ns3:hr>146</ns3:hr>
            <ns3:cad>83</ns3:cad>
          </ns3:TrackPointExtension>
        </extensions>
      </trkpt>
      <trkpt lat="37.51884120516479015350341796875" lon="127.07670587114989757537841796875">
        <ele>12.6000003814697265625</ele>
        <time>2026-09-14T08:59:44.000Z</time>
        <extensions>
          <ns3:TrackPointExtension>
            <ns3:hr>146</ns3:hr>
            <ns3:cad>83</ns3:cad>
          </ns3:TrackPointExtension>
        </extensions>
      </trkpt>
      <trkpt lat="37.51883517019450664520263671875" lon="127.0767450146377086639404296875">
        <ele>12.6000003814697265625</ele>
        <time>2026-09-14T08:59:45.000Z</time>
        <extensions>
          <ns3:TrackPointExtension>
            <ns3:hr>146</ns3:hr>
            <ns3:cad>83</ns3:cad>
          </ns3:TrackPointExtension>
        </extensions>
      </trkpt>
      <trkpt lat="37.5188253633677959442138671875" lon="127.0767875947058200836181640625">
        <ele>12.6000003814697265625</ele>
        <time>2026-09-14T08:59:46.000Z</time>
        <extensions>
          <ns3:TrackPointExtension>
            <ns3:hr>146</ns3:hr>
            <ns3:cad>83</ns3:cad>
          </ns3:TrackPointExtension>
        </extensions>
      </trkpt>
      <trkpt lat="37.51882041804492473602294921875" lon="127.07681818865239620208740234375">
        <ele>12.6000003814697265625</ele>
        <time>2026-09-14T08:59:47.000Z</time>
        <extensions>
          <ns3:TrackPointExtension>
            <ns3:hr>146</ns3:hr>
            <ns3:cad>84</ns3:cad>
          </ns3:TrackPointExtension>
        </extensions>
      </trkpt>
      <trkpt lat="37.5188116170465946197509765625" lon="127.07686563022434711456298828125">
        <ele>12.6000003814697265625</ele>
        <time>2026-09-14T08:59:48.000Z</time>
        <extensions>
          <ns3:TrackPointExtension>
            <ns3:hr>145</ns3:hr>
            <ns3:cad>84</ns3:cad>
          </ns3:TrackPointExtension>
        </extensions>
      </trkpt>
      <trkpt lat="37.5187988765537738800048828125" lon="127.07691357471048831939697265625">
        <ele>12.6000003814697265625</ele>
        <time>2026-09-14T08:59:49.000Z</time>
        <extensions>
          <ns3:TrackPointExtension>
            <ns3:hr>145</ns3:hr>
            <ns3:cad>83</ns3:cad>
          </ns3:TrackPointExtension>
        </extensions>
      </trkpt>
      <trkpt lat="37.5187901593744754791259765625" lon="127.07695372402667999267578125">
        <ele>12.6000003814697265625</ele>
        <time>2026-09-14T08:59:50.000Z</time>
        <extensions>
          <ns3:TrackPointExtension>
            <ns3:hr>145</ns3:hr>
            <ns3:cad>83</ns3:cad>
          </ns3:TrackPointExtension>
        </extensions>
      </trkpt>
      <trkpt lat="37.51877934671938419342041015625" lon="127.0769988186657428741455078125">
        <ele>12.3999996185302734375</ele>
        <time>2026-09-14T08:59:51.000Z</time>
        <extensions>
          <ns3:TrackPointExtension>
            <ns3:hr>145</ns3:hr>
            <ns3:cad>83</ns3:cad>
          </ns3:TrackPointExtension>
        </extensions>
      </trkpt>
      <trkpt lat="37.51877699978649616241455078125" lon="127.07703092135488986968994140625">
        <ele>12.3999996185302734375</ele>
        <time>2026-09-14T08:59:52.000Z</time>
        <extensions>
          <ns3:TrackPointExtension>
            <ns3:hr>145</ns3:hr>
            <ns3:cad>83</ns3:cad>
          </ns3:TrackPointExtension>
        </extensions>
      </trkpt>
      <trkpt lat="37.51876811496913433074951171875" lon="127.07708070985972881317138671875">
        <ele>12.3999996185302734375</ele>
        <time>2026-09-14T08:59:53.000Z</time>
        <extensions>
          <ns3:TrackPointExtension>
            <ns3:hr>145</ns3:hr>
            <ns3:cad>83</ns3:cad>
          </ns3:TrackPointExtension>
        </extensions>
      </trkpt>
      <trkpt lat="37.518765516579151153564453125" lon="127.07711725495755672454833984375">
        <ele>12.3999996185302734375</ele>
        <time>2026-09-14T08:59:54.000Z</time>
        <extensions>
          <ns3:TrackPointExtension>
            <ns3:hr>145</ns3:hr>
            <ns3:cad>83</ns3:cad>
          </ns3:TrackPointExtension>
        </extensions>
      </trkpt>
      <trkpt lat="37.51875973306596279144287109375" lon="127.07715497352182865142822265625">
        <ele>12.3999996185302734375</ele>
        <time>2026-09-14T08:59:55.000Z</time>
        <extensions>
          <ns3:TrackPointExtension>
            <ns3:hr>145</ns3:hr>
            <ns3:cad>83</ns3:cad>
          </ns3:TrackPointExtension>
        </extensions>
      </trkpt>
      <trkpt lat="37.5187499262392520904541015625" lon="127.0771984755992889404296875">
        <ele>12.3999996185302734375</ele>
        <time>2026-09-14T08:59:56.000Z</time>
        <extensions>
          <ns3:TrackPointExtension>
            <ns3:hr>144</ns3:hr>
            <ns3:cad>84</ns3:cad>
          </ns3:TrackPointExtension>
        </extensions>
      </trkpt>
      <trkpt lat="37.51874305307865142822265625" lon="127.07722521387040615081787109375">
        <ele>12.6000003814697265625</ele>
        <time>2026-09-14T08:59:57.000Z</time>
        <extensions>
          <ns3:TrackPointExtension>
            <ns3:hr>145</ns3:hr>
            <ns3:cad>84</ns3:cad>
          </ns3:TrackPointExtension>
        </extensions>
      </trkpt>
      <trkpt lat="37.5187304802238941192626953125" lon="127.07727030850946903228759765625">
        <ele>12.6000003814697265625</ele>
        <time>2026-09-14T08:59:58.000Z</time>
        <extensions>
          <ns3:TrackPointExtension>
            <ns3:hr>145</ns3:hr>
            <ns3:cad>84</ns3:cad>
          </ns3:TrackPointExtension>
        </extensions>
      </trkpt>
      <trkpt lat="37.518724612891674041748046875" lon="127.07730710506439208984375">
        <ele>12.6000003814697265625</ele>
        <time>2026-09-14T08:59:59.000Z</time>
        <extensions>
          <ns3:TrackPointExtension>
            <ns3:hr>145</ns3:hr>
            <ns3:cad>84</ns3:cad>
          </ns3:TrackPointExtension>
        </extensions>
      </trkpt>
      <trkpt lat="37.5187244452536106109619140625" lon="127.0773414708673954010009765625">
        <ele>12.6000003814697265625</ele>
        <time>2026-09-14T09:00:00.000Z</time>
        <extensions>
          <ns3:TrackPointExtension>
            <ns3:hr>145</ns3:hr>
            <ns3:cad>82</ns3:cad>
          </ns3:TrackPointExtension>
        </extensions>
      </trkpt>
      <trkpt lat="37.51871229149401187896728515625" lon="127.0773850567638874053955078125">
        <ele>12.6000003814697265625</ele>
        <time>2026-09-14T09:00:01.000Z</time>
        <extensions>
          <ns3:TrackPointExtension>
            <ns3:hr>145</ns3:hr>
            <ns3:cad>82</ns3:cad>
          </ns3:TrackPointExtension>
        </extensions>
      </trkpt>
      <trkpt lat="37.5187106989324092864990234375" lon="127.07741565071046352386474609375">
        <ele>12.6000003814697265625</ele>
        <time>2026-09-14T09:00:02.000Z</time>
        <extensions>
          <ns3:TrackPointExtension>
            <ns3:hr>145</ns3:hr>
            <ns3:cad>82</ns3:cad>
          </ns3:TrackPointExtension>
        </extensions>
      </trkpt>
      <trkpt lat="37.51870013773441314697265625" lon="127.07746074534952640533447265625">
        <ele>12.3999996185302734375</ele>
        <time>2026-09-14T09:00:03.000Z</time>
        <extensions>
          <ns3:TrackPointExtension>
            <ns3:hr>145</ns3:hr>
            <ns3:cad>82</ns3:cad>
          </ns3:TrackPointExtension>
        </extensions>
      </trkpt>
      <trkpt lat="37.51869468949735164642333984375" lon="127.07749427296221256256103515625">
        <ele>12.3999996185302734375</ele>
        <time>2026-09-14T09:00:04.000Z</time>
        <extensions>
          <ns3:TrackPointExtension>
            <ns3:hr>145</ns3:hr>
            <ns3:cad>82</ns3:cad>
          </ns3:TrackPointExtension>
        </extensions>
      </trkpt>
      <trkpt lat="37.5186909176409244537353515625" lon="127.07752771675586700439453125">
        <ele>12.3999996185302734375</ele>
        <time>2026-09-14T09:00:05.000Z</time>
        <extensions>
          <ns3:TrackPointExtension>
            <ns3:hr>145</ns3:hr>
            <ns3:cad>84</ns3:cad>
          </ns3:TrackPointExtension>
        </extensions>
      </trkpt>
      <trkpt lat="37.518684379756450653076171875" lon="127.07756920717656612396240234375">
        <ele>12.19999980926513671875</ele>
        <time>2026-09-14T09:00:06.000Z</time>
        <extensions>
          <ns3:TrackPointExtension>
            <ns3:hr>145</ns3:hr>
            <ns3:cad>84</ns3:cad>
          </ns3:TrackPointExtension>
        </extensions>
      </trkpt>
      <trkpt lat="37.51868412829935550689697265625" lon="127.07759535871446132659912109375">
        <ele>12.19999980926513671875</ele>
        <time>2026-09-14T09:00:07.000Z</time>
        <extensions>
          <ns3:TrackPointExtension>
            <ns3:hr>146</ns3:hr>
            <ns3:cad>83</ns3:cad>
          </ns3:TrackPointExtension>
        </extensions>
      </trkpt>
      <trkpt lat="37.5186731480062007904052734375" lon="127.0776415430009365081787109375">
        <ele>12.19999980926513671875</ele>
        <time>2026-09-14T09:00:08.000Z</time>
        <extensions>
          <ns3:TrackPointExtension>
            <ns3:hr>145</ns3:hr>
            <ns3:cad>83</ns3:cad>
          </ns3:TrackPointExtension>
        </extensions>
      </trkpt>
      <trkpt lat="37.51866719685494899749755859375" lon="127.07767783664166927337646484375">
        <ele>12.19999980926513671875</ele>
        <time>2026-09-14T09:00:09.000Z</time>
        <extensions>
          <ns3:TrackPointExtension>
            <ns3:hr>145</ns3:hr>
            <ns3:cad>84</ns3:cad>
          </ns3:TrackPointExtension>
        </extensions>
      </trkpt>
      <trkpt lat="37.518665604293346405029296875" lon="127.0777106098830699920654296875">
        <ele>12.19999980926513671875</ele>
        <time>2026-09-14T09:00:10.000Z</time>
        <extensions>
          <ns3:TrackPointExtension>
            <ns3:hr>146</ns3:hr>
            <ns3:cad>84</ns3:cad>
          </ns3:TrackPointExtension>
        </extensions>
      </trkpt>
      <trkpt lat="37.51865185797214508056640625" lon="127.0777548663318157196044921875">
        <ele>12.19999980926513671875</ele>
        <time>2026-09-14T09:00:11.000Z</time>
        <extensions>
          <ns3:TrackPointExtension>
            <ns3:hr>145</ns3:hr>
            <ns3:cad>84</ns3:cad>
          </ns3:TrackPointExtension>
        </extensions>
      </trkpt>
      <trkpt lat="37.518652193248271942138671875" lon="127.07778395153582096099853515625">
        <ele>12.19999980926513671875</ele>
        <time>2026-09-14T09:00:12.000Z</time>
        <extensions>
          <ns3:TrackPointExtension>
            <ns3:hr>145</ns3:hr>
            <ns3:cad>84</ns3:cad>
          </ns3:TrackPointExtension>
        </extensions>
      </trkpt>
      <trkpt lat="37.51864355988800525665283203125" lon="127.07782812416553497314453125">
        <ele>12.3999996185302734375</ele>
        <time>2026-09-14T09:00:13.000Z</time>
        <extensions>
          <ns3:TrackPointExtension>
            <ns3:hr>145</ns3:hr>
            <ns3:cad>84</ns3:cad>
          </ns3:TrackPointExtension>
        </extensions>
      </trkpt>
      <trkpt lat="37.518629394471645355224609375" lon="127.0778681896626949310302734375">
        <ele>12.3999996185302734375</ele>
        <time>2026-09-14T09:00:14.000Z</time>
        <extensions>
          <ns3:TrackPointExtension>
            <ns3:hr>145</ns3:hr>
            <ns3:cad>84</ns3:cad>
          </ns3:TrackPointExtension>
        </extensions>
      </trkpt>
      <trkpt lat="37.5186283886432647705078125" lon="127.07790180109441280364990234375">
        <ele>12.19999980926513671875</ele>
        <time>2026-09-14T09:00:15.000Z</time>
        <extensions>
          <ns3:TrackPointExtension>
            <ns3:hr>145</ns3:hr>
            <ns3:cad>84</ns3:cad>
          </ns3:TrackPointExtension>
        </extensions>
      </trkpt>
      <trkpt lat="37.51862025819718837738037109375" lon="127.077948488295078277587890625">
        <ele>12.19999980926513671875</ele>
        <time>2026-09-14T09:00:16.000Z</time>
        <extensions>
          <ns3:TrackPointExtension>
            <ns3:hr>145</ns3:hr>
            <ns3:cad>83</ns3:cad>
          </ns3:TrackPointExtension>
        </extensions>
      </trkpt>
      <trkpt lat="37.51861673779785633087158203125" lon="127.07797740586102008819580078125">
        <ele>12</ele>
        <time>2026-09-14T09:00:17.000Z</time>
        <extensions>
          <ns3:TrackPointExtension>
            <ns3:hr>145</ns3:hr>
            <ns3:cad>83</ns3:cad>
          </ns3:TrackPointExtension>
        </extensions>
      </trkpt>
      <trkpt lat="37.5186097808182239532470703125" lon="127.07802082411944866180419921875">
        <ele>12</ele>
        <time>2026-09-14T09:00:18.000Z</time>
        <extensions>
          <ns3:TrackPointExtension>
            <ns3:hr>145</ns3:hr>
            <ns3:cad>83</ns3:cad>
          </ns3:TrackPointExtension>
        </extensions>
      </trkpt>
      <trkpt lat="37.51860382966697216033935546875" lon="127.07805736921727657318115234375">
        <ele>12</ele>
        <time>2026-09-14T09:00:19.000Z</time>
        <extensions>
          <ns3:TrackPointExtension>
            <ns3:hr>145</ns3:hr>
            <ns3:cad>83</ns3:cad>
          </ns3:TrackPointExtension>
        </extensions>
      </trkpt>
      <trkpt lat="37.5186013989150524139404296875" lon="127.07808955572545528411865234375">
        <ele>12.19999980926513671875</ele>
        <time>2026-09-14T09:00:20.000Z</time>
        <extensions>
          <ns3:TrackPointExtension>
            <ns3:hr>145</ns3:hr>
            <ns3:cad>81</ns3:cad>
          </ns3:TrackPointExtension>
        </extensions>
      </trkpt>
      <trkpt lat="37.51858606003224849700927734375" lon="127.07813917659223079681396484375">
        <ele>12.19999980926513671875</ele>
        <time>2026-09-14T09:00:21.000Z</time>
        <extensions>
          <ns3:TrackPointExtension>
            <ns3:hr>145</ns3:hr>
            <ns3:cad>81</ns3:cad>
          </ns3:TrackPointExtension>
        </extensions>
      </trkpt>
      <trkpt lat="37.51857767812907695770263671875" lon="127.07817136310040950775146484375">
        <ele>12.19999980926513671875</ele>
        <time>2026-09-14T09:00:22.000Z</time>
        <extensions>
          <ns3:TrackPointExtension>
            <ns3:hr>146</ns3:hr>
            <ns3:cad>81</ns3:cad>
          </ns3:TrackPointExtension>
        </extensions>
      </trkpt>
      <trkpt lat="37.51856745220720767974853515625" lon="127.0782141946256160736083984375">
        <ele>12.19999980926513671875</ele>
        <time>2026-09-14T09:00:23.000Z</time>
        <extensions>
          <ns3:TrackPointExtension>
            <ns3:hr>145</ns3:hr>
            <ns3:cad>83</ns3:cad>
          </ns3:TrackPointExtension>
        </extensions>
      </trkpt>
      <trkpt lat="37.5185578130185604095458984375" lon="127.07825417630374431610107421875">
        <ele>12.19999980926513671875</ele>
        <time>2026-09-14T09:00:24.000Z</time>
        <extensions>
          <ns3:TrackPointExtension>
            <ns3:hr>145</ns3:hr>
            <ns3:cad>83</ns3:cad>
          </ns3:TrackPointExtension>
        </extensions>
      </trkpt>
      <trkpt lat="37.51855856738984584808349609375" lon="127.07828988321125507354736328125">
        <ele>12.19999980926513671875</ele>
        <time>2026-09-14T09:00:25.000Z</time>
        <extensions>
          <ns3:TrackPointExtension>
            <ns3:hr>145</ns3:hr>
            <ns3:cad>83</ns3:cad>
          </ns3:TrackPointExtension>
        </extensions>
      </trkpt>
      <trkpt lat="37.51855119131505489349365234375" lon="127.07834201864898204803466796875">
        <ele>12.19999980926513671875</ele>
        <time>2026-09-14T09:00:26.000Z</time>
        <extensions>
          <ns3:TrackPointExtension>
            <ns3:hr>145</ns3:hr>
            <ns3:cad>84</ns3:cad>
          </ns3:TrackPointExtension>
        </extensions>
      </trkpt>
      <trkpt lat="37.51854800619184970855712890625" lon="127.07837269641458988189697265625">
        <ele>12.19999980926513671875</ele>
        <time>2026-09-14T09:00:27.000Z</time>
        <extensions>
          <ns3:TrackPointExtension>
            <ns3:hr>146</ns3:hr>
            <ns3:cad>84</ns3:cad>
          </ns3:TrackPointExtension>
        </extensions>
      </trkpt>
      <trkpt lat="37.51854280941188335418701171875" lon="127.07841217517852783203125">
        <ele>12.19999980926513671875</ele>
        <time>2026-09-14T09:00:28.000Z</time>
        <extensions>
          <ns3:TrackPointExtension>
            <ns3:hr>145</ns3:hr>
            <ns3:cad>83</ns3:cad>
          </ns3:TrackPointExtension>
        </extensions>
      </trkpt>
      <trkpt lat="37.51854331232607364654541015625" lon="127.07845450378954410552978515625">
        <ele>12.19999980926513671875</ele>
        <time>2026-09-14T09:00:29.000Z</time>
        <extensions>
          <ns3:TrackPointExtension>
            <ns3:hr>145</ns3:hr>
            <ns3:cad>83</ns3:cad>
          </ns3:TrackPointExtension>
        </extensions>
      </trkpt>
      <trkpt lat="37.51854767091572284698486328125" lon="127.07848434336483478546142578125">
        <ele>12.19999980926513671875</ele>
        <time>2026-09-14T09:00:30.000Z</time>
        <extensions>
          <ns3:TrackPointExtension>
            <ns3:hr>145</ns3:hr>
            <ns3:cad>84</ns3:cad>
          </ns3:TrackPointExtension>
        </extensions>
      </trkpt>
      <trkpt lat="37.51854054629802703857421875" lon="127.078529857099056243896484375">
        <ele>12.3999996185302734375</ele>
        <time>2026-09-14T09:00:31.000Z</time>
        <extensions>
          <ns3:TrackPointExtension>
            <ns3:hr>146</ns3:hr>
            <ns3:cad>84</ns3:cad>
          </ns3:TrackPointExtension>
        </extensions>
      </trkpt>
      <trkpt lat="37.51853358931839466094970703125" lon="127.07856313325464725494384765625">
        <ele>12.3999996185302734375</ele>
        <time>2026-09-14T09:00:32.000Z</time>
        <extensions>
          <ns3:TrackPointExtension>
            <ns3:hr>145</ns3:hr>
            <ns3:cad>84</ns3:cad>
          </ns3:TrackPointExtension>
        </extensions>
      </trkpt>
      <trkpt lat="37.5185252912342548370361328125" lon="127.07860596477985382080078125">
        <ele>12.3999996185302734375</ele>
        <time>2026-09-14T09:00:33.000Z</time>
        <extensions>
          <ns3:TrackPointExtension>
            <ns3:hr>145</ns3:hr>
            <ns3:cad>84</ns3:cad>
          </ns3:TrackPointExtension>
        </extensions>
      </trkpt>
      <trkpt lat="37.5185108743607997894287109375" lon="127.07864443771541118621826171875">
        <ele>12.3999996185302734375</ele>
        <time>2026-09-14T09:00:34.000Z</time>
        <extensions>
          <ns3:TrackPointExtension>
            <ns3:hr>146</ns3:hr>
            <ns3:cad>84</ns3:cad>
          </ns3:TrackPointExtension>
        </extensions>
      </trkpt>
      <trkpt lat="37.51850970089435577392578125" lon="127.07867729477584362030029296875">
        <ele>12.19999980926513671875</ele>
        <time>2026-09-14T09:00:35.000Z</time>
        <extensions>
          <ns3:TrackPointExtension>
            <ns3:hr>146</ns3:hr>
            <ns3:cad>84</ns3:cad>
          </ns3:TrackPointExtension>
        </extensions>
      </trkpt>
      <trkpt lat="37.51850224100053310394287109375" lon="127.07872666418552398681640625">
        <ele>12.19999980926513671875</ele>
        <time>2026-09-14T09:00:36.000Z</time>
        <extensions>
          <ns3:TrackPointExtension>
            <ns3:hr>146</ns3:hr>
            <ns3:cad>84</ns3:cad>
          </ns3:TrackPointExtension>
        </extensions>
      </trkpt>
      <trkpt lat="37.51850291155278682708740234375" lon="127.07875692285597324371337890625">
        <ele>12.19999980926513671875</ele>
        <time>2026-09-14T09:00:37.000Z</time>
        <extensions>
          <ns3:TrackPointExtension>
            <ns3:hr>146</ns3:hr>
            <ns3:cad>84</ns3:cad>
          </ns3:TrackPointExtension>
        </extensions>
      </trkpt>
      <trkpt lat="37.5184988044202327728271484375" lon="127.0787943899631500244140625">
        <ele>12.19999980926513671875</ele>
        <time>2026-09-14T09:00:38.000Z</time>
        <extensions>
          <ns3:TrackPointExtension>
            <ns3:hr>146</ns3:hr>
            <ns3:cad>84</ns3:cad>
          </ns3:TrackPointExtension>
        </extensions>
      </trkpt>
      <trkpt lat="37.5184907577931880950927734375" lon="127.0788311026990413665771484375">
        <ele>12.3999996185302734375</ele>
        <time>2026-09-14T09:00:39.000Z</time>
        <extensions>
          <ns3:TrackPointExtension>
            <ns3:hr>146</ns3:hr>
            <ns3:cad>84</ns3:cad>
          </ns3:TrackPointExtension>
        </extensions>
      </trkpt>
      <trkpt lat="37.51849033869802951812744140625" lon="127.07886479794979095458984375">
        <ele>12.19999980926513671875</ele>
        <time>2026-09-14T09:00:40.000Z</time>
        <extensions>
          <ns3:TrackPointExtension>
            <ns3:hr>147</ns3:hr>
            <ns3:cad>84</ns3:cad>
          </ns3:TrackPointExtension>
        </extensions>
      </trkpt>
      <trkpt lat="37.51847927458584308624267578125" lon="127.0789082162082195281982421875">
        <ele>12.19999980926513671875</ele>
        <time>2026-09-14T09:00:41.000Z</time>
        <extensions>
          <ns3:TrackPointExtension>
            <ns3:hr>147</ns3:hr>
            <ns3:cad>84</ns3:cad>
          </ns3:TrackPointExtension>
        </extensions>
      </trkpt>
      <trkpt lat="37.5184749998152256011962890625" lon="127.07893981598317623138427734375">
        <ele>12.19999980926513671875</ele>
        <time>2026-09-14T09:00:42.000Z</time>
        <extensions>
          <ns3:TrackPointExtension>
            <ns3:hr>148</ns3:hr>
            <ns3:cad>84</ns3:cad>
          </ns3:TrackPointExtension>
        </extensions>
      </trkpt>
      <trkpt lat="37.51846812665462493896484375" lon="127.07898155786097049713134765625">
        <ele>12.19999980926513671875</ele>
        <time>2026-09-14T09:00:43.000Z</time>
        <extensions>
          <ns3:TrackPointExtension>
            <ns3:hr>148</ns3:hr>
            <ns3:cad>84</ns3:cad>
          </ns3:TrackPointExtension>
        </extensions>
      </trkpt>
      <trkpt lat="37.51845664344727993011474609375" lon="127.079020701348781585693359375">
        <ele>12.19999980926513671875</ele>
        <time>2026-09-14T09:00:44.000Z</time>
        <extensions>
          <ns3:TrackPointExtension>
            <ns3:hr>148</ns3:hr>
            <ns3:cad>84</ns3:cad>
          </ns3:TrackPointExtension>
        </extensions>
      </trkpt>
      <trkpt lat="37.5184594094753265380859375" lon="127.07905129529535770416259765625">
        <ele>12.19999980926513671875</ele>
        <time>2026-09-14T09:00:45.000Z</time>
        <extensions>
          <ns3:TrackPointExtension>
            <ns3:hr>148</ns3:hr>
            <ns3:cad>84</ns3:cad>
          </ns3:TrackPointExtension>
        </extensions>
      </trkpt>
      <trkpt lat="37.51845044083893299102783203125" lon="127.07910141907632350921630859375">
        <ele>12.19999980926513671875</ele>
        <time>2026-09-14T09:00:46.000Z</time>
        <extensions>
          <ns3:TrackPointExtension>
            <ns3:hr>149</ns3:hr>
            <ns3:cad>84</ns3:cad>
          </ns3:TrackPointExtension>
        </extensions>
      </trkpt>
      <trkpt lat="37.51844591461122035980224609375" lon="127.07913360558450222015380859375">
        <ele>12.3999996185302734375</ele>
        <time>2026-09-14T09:00:47.000Z</time>
        <extensions>
          <ns3:TrackPointExtension>
            <ns3:hr>149</ns3:hr>
            <ns3:cad>84</ns3:cad>
          </ns3:TrackPointExtension>
        </extensions>
      </trkpt>
      <trkpt lat="37.5184424780309200286865234375" lon="127.07917434163391590118408203125">
        <ele>12.3999996185302734375</ele>
        <time>2026-09-14T09:00:48.000Z</time>
        <extensions>
          <ns3:TrackPointExtension>
            <ns3:hr>149</ns3:hr>
            <ns3:cad>84</ns3:cad>
          </ns3:TrackPointExtension>
        </extensions>
      </trkpt>
      <trkpt lat="37.5184330902993679046630859375" lon="127.07921524532139301300048828125">
        <ele>12.19999980926513671875</ele>
        <time>2026-09-14T09:00:49.000Z</time>
        <extensions>
          <ns3:TrackPointExtension>
            <ns3:hr>149</ns3:hr>
            <ns3:cad>84</ns3:cad>
          </ns3:TrackPointExtension>
        </extensions>
      </trkpt>
      <trkpt lat="37.51843602396547794342041015625" lon="127.07924458198249340057373046875">
        <ele>12.19999980926513671875</ele>
        <time>2026-09-14T09:00:50.000Z</time>
        <extensions>
          <ns3:TrackPointExtension>
            <ns3:hr>150</ns3:hr>
            <ns3:cad>84</ns3:cad>
          </ns3:TrackPointExtension>
        </extensions>
      </trkpt>
      <trkpt lat="37.51843283884227275848388671875" lon="127.07929168827831745147705078125">
        <ele>12.19999980926513671875</ele>
        <time>2026-09-14T09:00:51.000Z</time>
        <extensions>
          <ns3:TrackPointExtension>
            <ns3:hr>150</ns3:hr>
            <ns3:cad>83</ns3:cad>
          </ns3:TrackPointExtension>
        </extensions>
      </trkpt>
      <trkpt lat="37.5184324197471141815185546875" lon="127.0793256349861621856689453125">
        <ele>12.19999980926513671875</ele>
        <time>2026-09-14T09:00:52.000Z</time>
        <extensions>
          <ns3:TrackPointExtension>
            <ns3:hr>150</ns3:hr>
            <ns3:cad>83</ns3:cad>
          </ns3:TrackPointExtension>
        </extensions>
      </trkpt>
      <trkpt lat="37.51842948608100414276123046875" lon="127.07936829887330532073974609375">
        <ele>12.19999980926513671875</ele>
        <time>2026-09-14T09:00:53.000Z</time>
        <extensions>
          <ns3:TrackPointExtension>
            <ns3:hr>150</ns3:hr>
            <ns3:cad>83</ns3:cad>
          </ns3:TrackPointExtension>
        </extensions>
      </trkpt>
      <trkpt lat="37.51842026598751544952392578125" lon="127.0794059336185455322265625">
        <ele>12.19999980926513671875</ele>
        <time>2026-09-14T09:00:54.000Z</time>
        <extensions>
          <ns3:TrackPointExtension>
            <ns3:hr>150</ns3:hr>
            <ns3:cad>84</ns3:cad>
          </ns3:TrackPointExtension>
        </extensions>
      </trkpt>
      <trkpt lat="37.51842060126364231109619140625" lon="127.07943485118448734283447265625">
        <ele>12.19999980926513671875</ele>
        <time>2026-09-14T09:00:55.000Z</time>
        <extensions>
          <ns3:TrackPointExtension>
            <ns3:hr>151</ns3:hr>
            <ns3:cad>84</ns3:cad>
          </ns3:TrackPointExtension>
        </extensions>
      </trkpt>
      <trkpt lat="37.5184129737317562103271484375" lon="127.07947927527129650115966796875">
        <ele>12.19999980926513671875</ele>
        <time>2026-09-14T09:00:56.000Z</time>
        <extensions>
          <ns3:TrackPointExtension>
            <ns3:hr>151</ns3:hr>
            <ns3:cad>84</ns3:cad>
          </ns3:TrackPointExtension>
        </extensions>
      </trkpt>
      <trkpt lat="37.51840735785663127899169921875" lon="127.07950928248465061187744140625">
        <ele>12.19999980926513671875</ele>
        <time>2026-09-14T09:00:57.000Z</time>
        <extensions>
          <ns3:TrackPointExtension>
            <ns3:hr>151</ns3:hr>
            <ns3:cad>84</ns3:cad>
          </ns3:TrackPointExtension>
        </extensions>
      </trkpt>
      <trkpt lat="37.5184005685150623321533203125" lon="127.07954582758247852325439453125">
        <ele>12.19999980926513671875</ele>
        <time>2026-09-14T09:00:58.000Z</time>
        <extensions>
          <ns3:TrackPointExtension>
            <ns3:hr>151</ns3:hr>
            <ns3:cad>84</ns3:cad>
          </ns3:TrackPointExtension>
        </extensions>
      </trkpt>
      <trkpt lat="37.5183963775634765625" lon="127.07958505488932132720947265625">
        <ele>12.19999980926513671875</ele>
        <time>2026-09-14T09:00:59.000Z</time>
        <extensions>
          <ns3:TrackPointExtension>
            <ns3:hr>151</ns3:hr>
            <ns3:cad>84</ns3:cad>
          </ns3:TrackPointExtension>
        </extensions>
      </trkpt>
      <trkpt lat="37.51839830540120601654052734375" lon="127.0796183310449123382568359375">
        <ele>12.19999980926513671875</ele>
        <time>2026-09-14T09:01:00.000Z</time>
        <extensions>
          <ns3:TrackPointExtension>
            <ns3:hr>151</ns3:hr>
            <ns3:cad>84</ns3:cad>
          </ns3:TrackPointExtension>
        </extensions>
      </trkpt>
      <trkpt lat="37.51839344389736652374267578125" lon="127.079666443169116973876953125">
        <ele>12.19999980926513671875</ele>
        <time>2026-09-14T09:01:01.000Z</time>
        <extensions>
          <ns3:TrackPointExtension>
            <ns3:hr>151</ns3:hr>
            <ns3:cad>83</ns3:cad>
          </ns3:TrackPointExtension>
        </extensions>
      </trkpt>
      <trkpt lat="37.51839377917349338531494140625" lon="127.07969754002988338470458984375">
        <ele>12.19999980926513671875</ele>
        <time>2026-09-14T09:01:02.000Z</time>
        <extensions>
          <ns3:TrackPointExtension>
            <ns3:hr>151</ns3:hr>
            <ns3:cad>83</ns3:cad>
          </ns3:TrackPointExtension>
        </extensions>
      </trkpt>
      <trkpt lat="37.51839076168835163116455078125" lon="127.07974053919315338134765625">
        <ele>12.19999980926513671875</ele>
        <time>2026-09-14T09:01:03.000Z</time>
        <extensions>
          <ns3:TrackPointExtension>
            <ns3:hr>151</ns3:hr>
            <ns3:cad>84</ns3:cad>
          </ns3:TrackPointExtension>
        </extensions>
      </trkpt>
      <trkpt lat="37.518379949033260345458984375" lon="127.07978018559515476226806640625">
        <ele>12.19999980926513671875</ele>
        <time>2026-09-14T09:01:04.000Z</time>
        <extensions>
          <ns3:TrackPointExtension>
            <ns3:hr>151</ns3:hr>
            <ns3:cad>84</ns3:cad>
          </ns3:TrackPointExtension>
        </extensions>
      </trkpt>
      <trkpt lat="37.518382631242275238037109375" lon="127.079809606075286865234375">
        <ele>12.19999980926513671875</ele>
        <time>2026-09-14T09:01:05.000Z</time>
        <extensions>
          <ns3:TrackPointExtension>
            <ns3:hr>150</ns3:hr>
            <ns3:cad>85</ns3:cad>
          </ns3:TrackPointExtension>
        </extensions>
      </trkpt>
      <trkpt lat="37.51837517134845256805419921875" lon="127.079856209456920623779296875">
        <ele>12.19999980926513671875</ele>
        <time>2026-09-14T09:01:06.000Z</time>
        <extensions>
          <ns3:TrackPointExtension>
            <ns3:hr>151</ns3:hr>
            <ns3:cad>85</ns3:cad>
          </ns3:TrackPointExtension>
        </extensions>
      </trkpt>
      <trkpt lat="37.5183737464249134063720703125" lon="127.07988613285124301910400390625">
        <ele>12.19999980926513671875</ele>
        <time>2026-09-14T09:01:07.000Z</time>
        <extensions>
          <ns3:TrackPointExtension>
            <ns3:hr>151</ns3:hr>
            <ns3:cad>84</ns3:cad>
          </ns3:TrackPointExtension>
        </extensions>
      </trkpt>
      <trkpt lat="37.5183690525591373443603515625" lon="127.0799274556338787078857421875">
        <ele>12.19999980926513671875</ele>
        <time>2026-09-14T09:01:08.000Z</time>
        <extensions>
          <ns3:TrackPointExtension>
            <ns3:hr>150</ns3:hr>
            <ns3:cad>84</ns3:cad>
          </ns3:TrackPointExtension>
        </extensions>
      </trkpt>
      <trkpt lat="37.51836159266531467437744140625" lon="127.079966850578784942626953125">
        <ele>12.19999980926513671875</ele>
        <time>2026-09-14T09:01:09.000Z</time>
        <extensions>
          <ns3:TrackPointExtension>
            <ns3:hr>150</ns3:hr>
            <ns3:cad>84</ns3:cad>
          </ns3:TrackPointExtension>
        </extensions>
      </trkpt>
      <trkpt lat="37.518359161913394927978515625" lon="127.08000431768596172332763671875">
        <ele>12.19999980926513671875</ele>
        <time>2026-09-14T09:01:10.000Z</time>
        <extensions>
          <ns3:TrackPointExtension>
            <ns3:hr>150</ns3:hr>
            <ns3:cad>84</ns3:cad>
          </ns3:TrackPointExtension>
        </extensions>
      </trkpt>
      <trkpt lat="37.518355809152126312255859375" lon="127.0800523459911346435546875">
        <ele>12.19999980926513671875</ele>
        <time>2026-09-14T09:01:11.000Z</time>
        <extensions>
          <ns3:TrackPointExtension>
            <ns3:hr>151</ns3:hr>
            <ns3:cad>84</ns3:cad>
          </ns3:TrackPointExtension>
        </extensions>
      </trkpt>
      <trkpt lat="37.5183459185063838958740234375" lon="127.0800883881747722625732421875">
        <ele>12.19999980926513671875</ele>
        <time>2026-09-14T09:01:12.000Z</time>
        <extensions>
          <ns3:TrackPointExtension>
            <ns3:hr>150</ns3:hr>
            <ns3:cad>84</ns3:cad>
          </ns3:TrackPointExtension>
        </extensions>
      </trkpt>
      <trkpt lat="37.51833669841289520263671875" lon="127.0801336504518985748291015625">
        <ele>12.19999980926513671875</ele>
        <time>2026-09-14T09:01:13.000Z</time>
        <extensions>
          <ns3:TrackPointExtension>
            <ns3:hr>150</ns3:hr>
            <ns3:cad>84</ns3:cad>
          </ns3:TrackPointExtension>
        </extensions>
      </trkpt>
      <trkpt lat="37.5183315016329288482666015625" lon="127.080174721777439117431640625">
        <ele>12.19999980926513671875</ele>
        <time>2026-09-14T09:01:14.000Z</time>
        <extensions>
          <ns3:TrackPointExtension>
            <ns3:hr>150</ns3:hr>
            <ns3:cad>84</ns3:cad>
          </ns3:TrackPointExtension>
        </extensions>
      </trkpt>
      <trkpt lat="37.51833359710872173309326171875" lon="127.08020724356174468994140625">
        <ele>12</ele>
        <time>2026-09-14T09:01:15.000Z</time>
        <extensions>
          <ns3:TrackPointExtension>
            <ns3:hr>150</ns3:hr>
            <ns3:cad>84</ns3:cad>
          </ns3:TrackPointExtension>
        </extensions>
      </trkpt>
      <trkpt lat="37.518333010375499725341796875" lon="127.0802560262382030487060546875">
        <ele>12</ele>
        <time>2026-09-14T09:01:16.000Z</time>
        <extensions>
          <ns3:TrackPointExtension>
            <ns3:hr>150</ns3:hr>
            <ns3:cad>84</ns3:cad>
          </ns3:TrackPointExtension>
        </extensions>
      </trkpt>
      <trkpt lat="37.5183308310806751251220703125" lon="127.08028393797576427459716796875">
        <ele>12</ele>
        <time>2026-09-14T09:01:17.000Z</time>
        <extensions>
          <ns3:TrackPointExtension>
            <ns3:hr>150</ns3:hr>
            <ns3:cad>84</ns3:cad>
          </ns3:TrackPointExtension>
        </extensions>
      </trkpt>
      <trkpt lat="37.51832370646297931671142578125" lon="127.08032350055873394012451171875">
        <ele>12</ele>
        <time>2026-09-14T09:01:18.000Z</time>
        <extensions>
          <ns3:TrackPointExtension>
            <ns3:hr>150</ns3:hr>
            <ns3:cad>84</ns3:cad>
          </ns3:TrackPointExtension>
        </extensions>
      </trkpt>
      <trkpt lat="37.51831817440688610076904296875" lon="127.08035786636173725128173828125">
        <ele>12</ele>
        <time>2026-09-14T09:01:19.000Z</time>
        <extensions>
          <ns3:TrackPointExtension>
            <ns3:hr>150</ns3:hr>
            <ns3:cad>84</ns3:cad>
          </ns3:TrackPointExtension>
        </extensions>
      </trkpt>
      <trkpt lat="37.5183177553117275238037109375" lon="127.080391980707645416259765625">
        <ele>12</ele>
        <time>2026-09-14T09:01:20.000Z</time>
        <extensions>
          <ns3:TrackPointExtension>
            <ns3:hr>149</ns3:hr>
            <ns3:cad>84</ns3:cad>
          </ns3:TrackPointExtension>
        </extensions>
      </trkpt>
      <trkpt lat="37.51831389963626861572265625" lon="127.080438919365406036376953125">
        <ele>12.19999980926513671875</ele>
        <time>2026-09-14T09:01:21.000Z</time>
        <extensions>
          <ns3:TrackPointExtension>
            <ns3:hr>150</ns3:hr>
            <ns3:cad>84</ns3:cad>
          </ns3:TrackPointExtension>
        </extensions>
      </trkpt>
      <trkpt lat="37.51831524074077606201171875" lon="127.0804652385413646697998046875">
        <ele>12</ele>
        <time>2026-09-14T09:01:22.000Z</time>
        <extensions>
          <ns3:TrackPointExtension>
            <ns3:hr>150</ns3:hr>
            <ns3:cad>84</ns3:cad>
          </ns3:TrackPointExtension>
        </extensions>
      </trkpt>
      <trkpt lat="37.5183026678860187530517578125" lon="127.0805074833333492279052734375">
        <ele>12</ele>
        <time>2026-09-14T09:01:23.000Z</time>
        <extensions>
          <ns3:TrackPointExtension>
            <ns3:hr>149</ns3:hr>
            <ns3:cad>84</ns3:cad>
          </ns3:TrackPointExtension>
        </extensions>
      </trkpt>
      <trkpt lat="37.5182922743260860443115234375" lon="127.08054645918309688568115234375">
        <ele>12</ele>
        <time>2026-09-14T09:01:24.000Z</time>
        <extensions>
          <ns3:TrackPointExtension>
            <ns3:hr>150</ns3:hr>
            <ns3:cad>84</ns3:cad>
          </ns3:TrackPointExtension>
        </extensions>
      </trkpt>
      <trkpt lat="37.51828305423259735107421875" lon="127.080588452517986297607421875">
        <ele>12</ele>
        <time>2026-09-14T09:01:25.000Z</time>
        <extensions>
          <ns3:TrackPointExtension>
            <ns3:hr>149</ns3:hr>
            <ns3:cad>84</ns3:cad>
          </ns3:TrackPointExtension>
        </extensions>
      </trkpt>
      <trkpt lat="37.5182738341391086578369140625" lon="127.08063681609928607940673828125">
        <ele>12</ele>
        <time>2026-09-14T09:01:26.000Z</time>
        <extensions>
          <ns3:TrackPointExtension>
            <ns3:hr>149</ns3:hr>
            <ns3:cad>84</ns3:cad>
          </ns3:TrackPointExtension>
        </extensions>
      </trkpt>
      <trkpt lat="37.5182768516242504119873046875" lon="127.08067218773066997528076171875">
        <ele>12</ele>
        <time>2026-09-14T09:01:27.000Z</time>
        <extensions>
          <ns3:TrackPointExtension>
            <ns3:hr>149</ns3:hr>
            <ns3:cad>84</ns3:cad>
          </ns3:TrackPointExtension>
        </extensions>
      </trkpt>
      <trkpt lat="37.51827626489102840423583984375" lon="127.08072231151163578033447265625">
        <ele>12</ele>
        <time>2026-09-14T09:01:28.000Z</time>
        <extensions>
          <ns3:TrackPointExtension>
            <ns3:hr>149</ns3:hr>
            <ns3:cad>84</ns3:cad>
          </ns3:TrackPointExtension>
        </extensions>
      </trkpt>
      <trkpt lat="37.51828548498451709747314453125" lon="127.0807564258575439453125">
        <ele>12</ele>
        <time>2026-09-14T09:01:29.000Z</time>
        <extensions>
          <ns3:TrackPointExtension>
            <ns3:hr>149</ns3:hr>
            <ns3:cad>84</ns3:cad>
          </ns3:TrackPointExtension>
        </extensions>
      </trkpt>
      <trkpt lat="37.5182926096022129058837890625" lon="127.0808031968772411346435546875">
        <ele>12</ele>
        <time>2026-09-14T09:01:30.000Z</time>
        <extensions>
          <ns3:TrackPointExtension>
            <ns3:hr>148</ns3:hr>
            <ns3:cad>84</ns3:cad>
          </ns3:TrackPointExtension>
        </extensions>
      </trkpt>
      <trkpt lat="37.51829587854444980621337890625" lon="127.08084502257406711578369140625">
        <ele>12</ele>
        <time>2026-09-14T09:01:31.000Z</time>
        <extensions>
          <ns3:TrackPointExtension>
            <ns3:hr>148</ns3:hr>
            <ns3:cad>84</ns3:cad>
          </ns3:TrackPointExtension>
        </extensions>
      </trkpt>
      <trkpt lat="37.5183053500950336456298828125" lon="127.08087486214935779571533203125">
        <ele>12</ele>
        <time>2026-09-14T09:01:32.000Z</time>
        <extensions>
          <ns3:TrackPointExtension>
            <ns3:hr>148</ns3:hr>
            <ns3:cad>84</ns3:cad>
          </ns3:TrackPointExtension>
        </extensions>
      </trkpt>
      <trkpt lat="37.51830442808568477630615234375" lon="127.080921046435832977294921875">
        <ele>11.80000019073486328125</ele>
        <time>2026-09-14T09:01:33.000Z</time>
        <extensions>
          <ns3:TrackPointExtension>
            <ns3:hr>148</ns3:hr>
            <ns3:cad>84</ns3:cad>
          </ns3:TrackPointExtension>
        </extensions>
      </trkpt>
      <trkpt lat="37.51830426044762134552001953125" lon="127.08095029927790164947509765625">
        <ele>11.80000019073486328125</ele>
        <time>2026-09-14T09:01:34.000Z</time>
        <extensions>
          <ns3:TrackPointExtension>
            <ns3:hr>148</ns3:hr>
            <ns3:cad>84</ns3:cad>
          </ns3:TrackPointExtension>
        </extensions>
      </trkpt>
      <trkpt lat="37.51829856075346469879150390625" lon="127.08099204115569591522216796875">
        <ele>11.80000019073486328125</ele>
        <time>2026-09-14T09:01:35.000Z</time>
        <extensions>
          <ns3:TrackPointExtension>
            <ns3:hr>148</ns3:hr>
            <ns3:cad>84</ns3:cad>
          </ns3:TrackPointExtension>
        </extensions>
      </trkpt>
      <trkpt lat="37.5182952918112277984619140625" lon="127.08103462122380733489990234375">
        <ele>12</ele>
        <time>2026-09-14T09:01:36.000Z</time>
        <extensions>
          <ns3:TrackPointExtension>
            <ns3:hr>147</ns3:hr>
            <ns3:cad>84</ns3:cad>
          </ns3:TrackPointExtension>
        </extensions>
      </trkpt>
      <trkpt lat="37.51829621382057666778564453125" lon="127.08106965757906436920166015625">
        <ele>12</ele>
        <time>2026-09-14T09:01:37.000Z</time>
        <extensions>
          <ns3:TrackPointExtension>
            <ns3:hr>148</ns3:hr>
            <ns3:cad>84</ns3:cad>
          </ns3:TrackPointExtension>
        </extensions>
      </trkpt>
      <trkpt lat="37.51829302869737148284912109375" lon="127.0811223797500133514404296875">
        <ele>12</ele>
        <time>2026-09-14T09:01:38.000Z</time>
        <extensions>
          <ns3:TrackPointExtension>
            <ns3:hr>147</ns3:hr>
            <ns3:cad>84</ns3:cad>
          </ns3:TrackPointExtension>
        </extensions>
      </trkpt>
      <trkpt lat="37.5182931125164031982421875" lon="127.08115733228623867034912109375">
        <ele>12</ele>
        <time>2026-09-14T09:01:39.000Z</time>
        <extensions>
          <ns3:TrackPointExtension>
            <ns3:hr>147</ns3:hr>
            <ns3:cad>84</ns3:cad>
          </ns3:TrackPointExtension>
        </extensions>
      </trkpt>
      <trkpt lat="37.51828883774578571319580078125" lon="127.0812041871249675750732421875">
        <ele>12</ele>
        <time>2026-09-14T09:01:40.000Z</time>
        <extensions>
          <ns3:TrackPointExtension>
            <ns3:hr>147</ns3:hr>
            <ns3:cad>84</ns3:cad>
          </ns3:TrackPointExtension>
        </extensions>
      </trkpt>
      <trkpt lat="37.51828347332775592803955078125" lon="127.08124567754566669464111328125">
        <ele>11.80000019073486328125</ele>
        <time>2026-09-14T09:01:41.000Z</time>
        <extensions>
          <ns3:TrackPointExtension>
            <ns3:hr>148</ns3:hr>
            <ns3:cad>83</ns3:cad>
          </ns3:TrackPointExtension>
        </extensions>
      </trkpt>
      <trkpt lat="37.51828749664127826690673828125" lon="127.081283815205097198486328125">
        <ele>11.80000019073486328125</ele>
        <time>2026-09-14T09:01:42.000Z</time>
        <extensions>
          <ns3:TrackPointExtension>
            <ns3:hr>147</ns3:hr>
            <ns3:cad>83</ns3:cad>
          </ns3:TrackPointExtension>
        </extensions>
      </trkpt>
      <trkpt lat="37.5182802043855190277099609375" lon="127.081335447728633880615234375">
        <ele>11.80000019073486328125</ele>
        <time>2026-09-14T09:01:43.000Z</time>
        <extensions>
          <ns3:TrackPointExtension>
            <ns3:hr>147</ns3:hr>
            <ns3:cad>83</ns3:cad>
          </ns3:TrackPointExtension>
        </extensions>
      </trkpt>
      <trkpt lat="37.51828481443226337432861328125" lon="127.0813688077032566070556640625">
        <ele>11.80000019073486328125</ele>
        <time>2026-09-14T09:01:44.000Z</time>
        <extensions>
          <ns3:TrackPointExtension>
            <ns3:hr>147</ns3:hr>
            <ns3:cad>83</ns3:cad>
          </ns3:TrackPointExtension>
        </extensions>
      </trkpt>
      <trkpt lat="37.518280036747455596923828125" lon="127.08141935057938098907470703125">
        <ele>11.80000019073486328125</ele>
        <time>2026-09-14T09:01:45.000Z</time>
        <extensions>
          <ns3:TrackPointExtension>
            <ns3:hr>147</ns3:hr>
            <ns3:cad>84</ns3:cad>
          </ns3:TrackPointExtension>
        </extensions>
      </trkpt>
      <trkpt lat="37.51827768981456756591796875" lon="127.08145388402044773101806640625">
        <ele>12</ele>
        <time>2026-09-14T09:01:46.000Z</time>
        <extensions>
          <ns3:TrackPointExtension>
            <ns3:hr>146</ns3:hr>
            <ns3:cad>85</ns3:cad>
          </ns3:TrackPointExtension>
        </extensions>
      </trkpt>
      <trkpt lat="37.5182748399674892425537109375" lon="127.0814931951463222503662109375">
        <ele>11.80000019073486328125</ele>
        <time>2026-09-14T09:01:47.000Z</time>
        <extensions>
          <ns3:TrackPointExtension>
            <ns3:hr>147</ns3:hr>
            <ns3:cad>85</ns3:cad>
          </ns3:TrackPointExtension>
        </extensions>
      </trkpt>
      <trkpt lat="37.51826587133109569549560546875" lon="127.08153585903346538543701171875">
        <ele>11.80000019073486328125</ele>
        <time>2026-09-14T09:01:48.000Z</time>
        <extensions>
          <ns3:TrackPointExtension>
            <ns3:hr>147</ns3:hr>
            <ns3:cad>85</ns3:cad>
          </ns3:TrackPointExtension>
        </extensions>
      </trkpt>
      <trkpt lat="37.518267966806888580322265625" lon="127.08156846463680267333984375">
        <ele>11.80000019073486328125</ele>
        <time>2026-09-14T09:01:49.000Z</time>
        <extensions>
          <ns3:TrackPointExtension>
            <ns3:hr>147</ns3:hr>
            <ns3:cad>85</ns3:cad>
          </ns3:TrackPointExtension>
        </extensions>
      </trkpt>
      <trkpt lat="37.518264614045619964599609375" lon="127.081621773540973663330078125">
        <ele>12</ele>
        <time>2026-09-14T09:01:50.000Z</time>
        <extensions>
          <ns3:TrackPointExtension>
            <ns3:hr>147</ns3:hr>
            <ns3:cad>85</ns3:cad>
          </ns3:TrackPointExtension>
        </extensions>
      </trkpt>
      <trkpt lat="37.51826000399887561798095703125" lon="127.08165555261075496673583984375">
        <ele>11.80000019073486328125</ele>
        <time>2026-09-14T09:01:51.000Z</time>
        <extensions>
          <ns3:TrackPointExtension>
            <ns3:hr>146</ns3:hr>
            <ns3:cad>85</ns3:cad>
          </ns3:TrackPointExtension>
        </extensions>
      </trkpt>
      <trkpt lat="37.5182567350566387176513671875" lon="127.081700898706912994384765625">
        <ele>11.80000019073486328125</ele>
        <time>2026-09-14T09:01:52.000Z</time>
        <extensions>
          <ns3:TrackPointExtension>
            <ns3:hr>147</ns3:hr>
            <ns3:cad>85</ns3:cad>
          </ns3:TrackPointExtension>
        </extensions>
      </trkpt>
      <trkpt lat="37.51825128681957721710205078125" lon="127.08174071274697780609130859375">
        <ele>11.80000019073486328125</ele>
        <time>2026-09-14T09:01:53.000Z</time>
        <extensions>
          <ns3:TrackPointExtension>
            <ns3:hr>147</ns3:hr>
            <ns3:cad>85</ns3:cad>
          </ns3:TrackPointExtension>
        </extensions>
      </trkpt>
      <trkpt lat="37.5182540528476238250732421875" lon="127.0817781798541545867919921875">
        <ele>11.80000019073486328125</ele>
        <time>2026-09-14T09:01:54.000Z</time>
        <extensions>
          <ns3:TrackPointExtension>
            <ns3:hr>147</ns3:hr>
            <ns3:cad>85</ns3:cad>
          </ns3:TrackPointExtension>
        </extensions>
      </trkpt>
      <trkpt lat="37.51825313083827495574951171875" lon="127.0818221010267734527587890625">
        <ele>11.80000019073486328125</ele>
        <time>2026-09-14T09:01:55.000Z</time>
        <extensions>
          <ns3:TrackPointExtension>
            <ns3:hr>148</ns3:hr>
            <ns3:cad>85</ns3:cad>
          </ns3:TrackPointExtension>
        </extensions>
      </trkpt>
      <trkpt lat="37.518259584903717041015625" lon="127.081856466829776763916015625">
        <ele>11.80000019073486328125</ele>
        <time>2026-09-14T09:01:56.000Z</time>
        <extensions>
          <ns3:TrackPointExtension>
            <ns3:hr>148</ns3:hr>
            <ns3:cad>85</ns3:cad>
          </ns3:TrackPointExtension>
        </extensions>
      </trkpt>
      <trkpt lat="37.51825497485697269439697265625" lon="127.08191120065748691558837890625">
        <ele>11.80000019073486328125</ele>
        <time>2026-09-14T09:01:57.000Z</time>
        <extensions>
          <ns3:TrackPointExtension>
            <ns3:hr>148</ns3:hr>
            <ns3:cad>85</ns3:cad>
          </ns3:TrackPointExtension>
        </extensions>
      </trkpt>
      <trkpt lat="37.51825497485697269439697265625" lon="127.08194791339337825775146484375">
        <ele>11.80000019073486328125</ele>
        <time>2026-09-14T09:01:58.000Z</time>
        <extensions>
          <ns3:TrackPointExtension>
            <ns3:hr>148</ns3:hr>
            <ns3:cad>85</ns3:cad>
          </ns3:TrackPointExtension>
        </extensions>
      </trkpt>
      <trkpt lat="37.5182547233998775482177734375" lon="127.08199200220406055450439453125">
        <ele>11.80000019073486328125</ele>
        <time>2026-09-14T09:01:59.000Z</time>
        <extensions>
          <ns3:TrackPointExtension>
            <ns3:hr>148</ns3:hr>
            <ns3:cad>85</ns3:cad>
          </ns3:TrackPointExtension>
        </extensions>
      </trkpt>
      <trkpt lat="37.51824810169637203216552734375" lon="127.08203173242509365081787109375">
        <ele>11.80000019073486328125</ele>
        <time>2026-09-14T09:02:00.000Z</time>
        <extensions>
          <ns3:TrackPointExtension>
            <ns3:hr>148</ns3:hr>
            <ns3:cad>85</ns3:cad>
          </ns3:TrackPointExtension>
        </extensions>
      </trkpt>
      <trkpt lat="37.51825262792408466339111328125" lon="127.08207003772258758544921875">
        <ele>11.80000019073486328125</ele>
        <time>2026-09-14T09:02:01.000Z</time>
        <extensions>
          <ns3:TrackPointExtension>
            <ns3:hr>148</ns3:hr>
            <ns3:cad>85</ns3:cad>
          </ns3:TrackPointExtension>
        </extensions>
      </trkpt>
      <trkpt lat="37.5182483531534671783447265625" lon="127.08211991004645824432373046875">
        <ele>11.80000019073486328125</ele>
        <time>2026-09-14T09:02:02.000Z</time>
        <extensions>
          <ns3:TrackPointExtension>
            <ns3:hr>148</ns3:hr>
            <ns3:cad>85</ns3:cad>
          </ns3:TrackPointExtension>
        </extensions>
      </trkpt>
      <trkpt lat="37.518249861896038055419921875" lon="127.08214991725981235504150390625">
        <ele>11.80000019073486328125</ele>
        <time>2026-09-14T09:02:03.000Z</time>
        <extensions>
          <ns3:TrackPointExtension>
            <ns3:hr>148</ns3:hr>
            <ns3:cad>85</ns3:cad>
          </ns3:TrackPointExtension>
        </extensions>
      </trkpt>
      <trkpt lat="37.518246509134769439697265625" lon="127.08220238797366619110107421875">
        <ele>11.6000003814697265625</ele>
        <time>2026-09-14T09:02:04.000Z</time>
        <extensions>
          <ns3:TrackPointExtension>
            <ns3:hr>148</ns3:hr>
            <ns3:cad>85</ns3:cad>
          </ns3:TrackPointExtension>
        </extensions>
      </trkpt>
      <trkpt lat="37.5182463414967060089111328125" lon="127.08224463276565074920654296875">
        <ele>11.6000003814697265625</ele>
        <time>2026-09-14T09:02:05.000Z</time>
        <extensions>
          <ns3:TrackPointExtension>
            <ns3:hr>148</ns3:hr>
            <ns3:cad>85</ns3:cad>
          </ns3:TrackPointExtension>
        </extensions>
      </trkpt>
      <trkpt lat="37.51824843697249889373779296875" lon="127.08228352479636669158935546875">
        <ele>11.6000003814697265625</ele>
        <time>2026-09-14T09:02:06.000Z</time>
        <extensions>
          <ns3:TrackPointExtension>
            <ns3:hr>149</ns3:hr>
            <ns3:cad>85</ns3:cad>
          </ns3:TrackPointExtension>
        </extensions>
      </trkpt>
      <trkpt lat="37.5182409770786762237548828125" lon="127.08233012817800045013427734375">
        <ele>11.6000003814697265625</ele>
        <time>2026-09-14T09:02:07.000Z</time>
        <extensions>
          <ns3:TrackPointExtension>
            <ns3:hr>148</ns3:hr>
            <ns3:cad>85</ns3:cad>
          </ns3:TrackPointExtension>
        </extensions>
      </trkpt>
      <trkpt lat="37.51824290491640567779541015625" lon="127.08236650563776493072509765625">
        <ele>11.6000003814697265625</ele>
        <time>2026-09-14T09:02:08.000Z</time>
        <extensions>
          <ns3:TrackPointExtension>
            <ns3:hr>149</ns3:hr>
            <ns3:cad>85</ns3:cad>
          </ns3:TrackPointExtension>
        </extensions>
      </trkpt>
      <trkpt lat="37.51824474893510341644287109375" lon="127.08241981454193592071533203125">
        <ele>11.80000019073486328125</ele>
        <time>2026-09-14T09:02:09.000Z</time>
        <extensions>
          <ns3:TrackPointExtension>
            <ns3:hr>149</ns3:hr>
            <ns3:cad>86</ns3:cad>
          </ns3:TrackPointExtension>
        </extensions>
      </trkpt>
      <trkpt lat="37.51824391074478626251220703125" lon="127.0824584551155567169189453125">
        <ele>11.80000019073486328125</ele>
        <time>2026-09-14T09:02:10.000Z</time>
        <extensions>
          <ns3:TrackPointExtension>
            <ns3:hr>149</ns3:hr>
            <ns3:cad>86</ns3:cad>
          </ns3:TrackPointExtension>
        </extensions>
      </trkpt>
      <trkpt lat="37.51824424602091312408447265625" lon="127.08250346593558788299560546875">
        <ele>11.80000019073486328125</ele>
        <time>2026-09-14T09:02:11.000Z</time>
        <extensions>
          <ns3:TrackPointExtension>
            <ns3:hr>148</ns3:hr>
            <ns3:cad>86</ns3:cad>
          </ns3:TrackPointExtension>
        </extensions>
      </trkpt>
      <trkpt lat="37.5182372890412807464599609375" lon="127.0825459621846675872802734375">
        <ele>11.80000019073486328125</ele>
        <time>2026-09-14T09:02:12.000Z</time>
        <extensions>
          <ns3:TrackPointExtension>
            <ns3:hr>149</ns3:hr>
            <ns3:cad>84</ns3:cad>
          </ns3:TrackPointExtension>
        </extensions>
      </trkpt>
      <trkpt lat="37.51823921687901020050048828125" lon="127.0825761370360851287841796875">
        <ele>11.6000003814697265625</ele>
        <time>2026-09-14T09:02:13.000Z</time>
        <extensions>
          <ns3:TrackPointExtension>
            <ns3:hr>149</ns3:hr>
            <ns3:cad>84</ns3:cad>
          </ns3:TrackPointExtension>
        </extensions>
      </trkpt>
      <trkpt lat="37.518236450850963592529296875" lon="127.082623578608036041259765625">
        <ele>11.6000003814697265625</ele>
        <time>2026-09-14T09:02:14.000Z</time>
        <extensions>
          <ns3:TrackPointExtension>
            <ns3:hr>149</ns3:hr>
            <ns3:cad>84</ns3:cad>
          </ns3:TrackPointExtension>
        </extensions>
      </trkpt>
      <trkpt lat="37.5182356126606464385986328125" lon="127.08265350200235843658447265625">
        <ele>11.6000003814697265625</ele>
        <time>2026-09-14T09:02:15.000Z</time>
        <extensions>
          <ns3:TrackPointExtension>
            <ns3:hr>149</ns3:hr>
            <ns3:cad>84</ns3:cad>
          </ns3:TrackPointExtension>
        </extensions>
      </trkpt>
      <trkpt lat="37.51823770813643932342529296875" lon="127.08269541151821613311767578125">
        <ele>11.6000003814697265625</ele>
        <time>2026-09-14T09:02:16.000Z</time>
        <extensions>
          <ns3:TrackPointExtension>
            <ns3:hr>149</ns3:hr>
            <ns3:cad>84</ns3:cad>
          </ns3:TrackPointExtension>
        </extensions>
      </trkpt>
      <trkpt lat="37.51824089325964450836181640625" lon="127.08273480646312236785888671875">
        <ele>11.6000003814697265625</ele>
        <time>2026-09-14T09:02:17.000Z</time>
        <extensions>
          <ns3:TrackPointExtension>
            <ns3:hr>149</ns3:hr>
            <ns3:cad>85</ns3:cad>
          </ns3:TrackPointExtension>
        </extensions>
      </trkpt>
      <trkpt lat="37.51824818551540374755859375" lon="127.08276900462806224822998046875">
        <ele>11.6000003814697265625</ele>
        <time>2026-09-14T09:02:18.000Z</time>
        <extensions>
          <ns3:TrackPointExtension>
            <ns3:hr>148</ns3:hr>
            <ns3:cad>85</ns3:cad>
          </ns3:TrackPointExtension>
        </extensions>
      </trkpt>
      <trkpt lat="37.5182537175714969635009765625" lon="127.0828161947429180145263671875">
        <ele>11.6000003814697265625</ele>
        <time>2026-09-14T09:02:19.000Z</time>
        <extensions>
          <ns3:TrackPointExtension>
            <ns3:hr>149</ns3:hr>
            <ns3:cad>85</ns3:cad>
          </ns3:TrackPointExtension>
        </extensions>
      </trkpt>
      <trkpt lat="37.51826218329370021820068359375" lon="127.08284947089850902557373046875">
        <ele>11.3999996185302734375</ele>
        <time>2026-09-14T09:02:20.000Z</time>
        <extensions>
          <ns3:TrackPointExtension>
            <ns3:hr>149</ns3:hr>
            <ns3:cad>85</ns3:cad>
          </ns3:TrackPointExtension>
        </extensions>
      </trkpt>
      <trkpt lat="37.518263943493366241455078125" lon="127.082897834479808807373046875">
        <ele>11.3999996185302734375</ele>
        <time>2026-09-14T09:02:21.000Z</time>
        <extensions>
          <ns3:TrackPointExtension>
            <ns3:hr>149</ns3:hr>
            <ns3:cad>84</ns3:cad>
          </ns3:TrackPointExtension>
        </extensions>
      </trkpt>
      <trkpt lat="37.51826721243560314178466796875" lon="127.08293546922504901885986328125">
        <ele>11.3999996185302734375</ele>
        <time>2026-09-14T09:02:22.000Z</time>
        <extensions>
          <ns3:TrackPointExtension>
            <ns3:hr>149</ns3:hr>
            <ns3:cad>84</ns3:cad>
          </ns3:TrackPointExtension>
        </extensions>
      </trkpt>
      <trkpt lat="37.5182698108255863189697265625" lon="127.08297050558030605316162109375">
        <ele>11.3999996185302734375</ele>
        <time>2026-09-14T09:02:23.000Z</time>
        <extensions>
          <ns3:TrackPointExtension>
            <ns3:hr>149</ns3:hr>
            <ns3:cad>84</ns3:cad>
          </ns3:TrackPointExtension>
        </extensions>
      </trkpt>
      <trkpt lat="37.51826721243560314178466796875" lon="127.08301794715225696563720703125">
        <ele>11.3999996185302734375</ele>
        <time>2026-09-14T09:02:24.000Z</time>
        <extensions>
          <ns3:TrackPointExtension>
            <ns3:hr>149</ns3:hr>
            <ns3:cad>84</ns3:cad>
          </ns3:TrackPointExtension>
        </extensions>
      </trkpt>
      <trkpt lat="37.51827022992074489593505859375" lon="127.08304963074624538421630859375">
        <ele>11.3999996185302734375</ele>
        <time>2026-09-14T09:02:25.000Z</time>
        <extensions>
          <ns3:TrackPointExtension>
            <ns3:hr>149</ns3:hr>
            <ns3:cad>84</ns3:cad>
          </ns3:TrackPointExtension>
        </extensions>
      </trkpt>
      <trkpt lat="37.51826738007366657257080078125" lon="127.08310076035559177398681640625">
        <ele>11.3999996185302734375</ele>
        <time>2026-09-14T09:02:26.000Z</time>
        <extensions>
          <ns3:TrackPointExtension>
            <ns3:hr>149</ns3:hr>
            <ns3:cad>84</ns3:cad>
          </ns3:TrackPointExtension>
        </extensions>
      </trkpt>
      <trkpt lat="37.518263943493366241455078125" lon="127.08314501680433750152587890625">
        <ele>11.19999980926513671875</ele>
        <time>2026-09-14T09:02:27.000Z</time>
        <extensions>
          <ns3:TrackPointExtension>
            <ns3:hr>149</ns3:hr>
            <ns3:cad>84</ns3:cad>
          </ns3:TrackPointExtension>
        </extensions>
      </trkpt>
      <trkpt lat="37.51827039755880832672119140625" lon="127.08317913115024566650390625">
        <ele>11.19999980926513671875</ele>
        <time>2026-09-14T09:02:28.000Z</time>
        <extensions>
          <ns3:TrackPointExtension>
            <ns3:hr>150</ns3:hr>
            <ns3:cad>84</ns3:cad>
          </ns3:TrackPointExtension>
        </extensions>
      </trkpt>
      <trkpt lat="37.51826855354011058807373046875" lon="127.08323000930249691009521484375">
        <ele>11.19999980926513671875</ele>
        <time>2026-09-14T09:02:29.000Z</time>
        <extensions>
          <ns3:TrackPointExtension>
            <ns3:hr>150</ns3:hr>
            <ns3:cad>84</ns3:cad>
          </ns3:TrackPointExtension>
        </extensions>
      </trkpt>
      <trkpt lat="37.5182704813778400421142578125" lon="127.0832641236484050750732421875">
        <ele>11.3999996185302734375</ele>
        <time>2026-09-14T09:02:30.000Z</time>
        <extensions>
          <ns3:TrackPointExtension>
            <ns3:hr>150</ns3:hr>
            <ns3:cad>84</ns3:cad>
          </ns3:TrackPointExtension>
        </extensions>
      </trkpt>
      <trkpt lat="37.51826888881623744964599609375" lon="127.0833130739629268646240234375">
        <ele>11.3999996185302734375</ele>
        <time>2026-09-14T09:02:31.000Z</time>
        <extensions>
          <ns3:TrackPointExtension>
            <ns3:hr>150</ns3:hr>
            <ns3:cad>84</ns3:cad>
          </ns3:TrackPointExtension>
        </extensions>
      </trkpt>
      <trkpt lat="37.51826587133109569549560546875" lon="127.08335473202168941497802734375">
        <ele>11.3999996185302734375</ele>
        <time>2026-09-14T09:02:32.000Z</time>
        <extensions>
          <ns3:TrackPointExtension>
            <ns3:hr>151</ns3:hr>
            <ns3:cad>84</ns3:cad>
          </ns3:TrackPointExtension>
        </extensions>
      </trkpt>
      <trkpt lat="37.5182689726352691650390625" lon="127.083390019834041595458984375">
        <ele>11.3999996185302734375</ele>
        <time>2026-09-14T09:02:33.000Z</time>
        <extensions>
          <ns3:TrackPointExtension>
            <ns3:hr>151</ns3:hr>
            <ns3:cad>83</ns3:cad>
          </ns3:TrackPointExtension>
        </extensions>
      </trkpt>
      <trkpt lat="37.5182731635868549346923828125" lon="127.08343938924372196197509765625">
        <ele>11.3999996185302734375</ele>
        <time>2026-09-14T09:02:34.000Z</time>
        <extensions>
          <ns3:TrackPointExtension>
            <ns3:hr>151</ns3:hr>
            <ns3:cad>83</ns3:cad>
          </ns3:TrackPointExtension>
        </extensions>
      </trkpt>
      <trkpt lat="37.51827375032007694244384765625" lon="127.0834703184664249420166015625">
        <ele>11.19999980926513671875</ele>
        <time>2026-09-14T09:02:35.000Z</time>
        <extensions>
          <ns3:TrackPointExtension>
            <ns3:hr>151</ns3:hr>
            <ns3:cad>83</ns3:cad>
          </ns3:TrackPointExtension>
        </extensions>
      </trkpt>
      <trkpt lat="37.51827056519687175750732421875" lon="127.08352019079029560089111328125">
        <ele>11.19999980926513671875</ele>
        <time>2026-09-14T09:02:36.000Z</time>
        <extensions>
          <ns3:TrackPointExtension>
            <ns3:hr>150</ns3:hr>
            <ns3:cad>83</ns3:cad>
          </ns3:TrackPointExtension>
        </extensions>
      </trkpt>
      <trkpt lat="37.5182698108255863189697265625" lon="127.08355941809713840484619140625">
        <ele>11.19999980926513671875</ele>
        <time>2026-09-14T09:02:37.000Z</time>
        <extensions>
          <ns3:TrackPointExtension>
            <ns3:hr>151</ns3:hr>
            <ns3:cad>83</ns3:cad>
          </ns3:TrackPointExtension>
        </extensions>
      </trkpt>
      <trkpt lat="37.51827358268201351165771484375" lon="127.0836034230887889862060546875">
        <ele>11.19999980926513671875</ele>
        <time>2026-09-14T09:02:38.000Z</time>
        <extensions>
          <ns3:TrackPointExtension>
            <ns3:hr>151</ns3:hr>
            <ns3:cad>83</ns3:cad>
          </ns3:TrackPointExtension>
        </extensions>
      </trkpt>
      <trkpt lat="37.51827660016715526580810546875" lon="127.0836493559181690216064453125">
        <ele>11.3999996185302734375</ele>
        <time>2026-09-14T09:02:39.000Z</time>
        <extensions>
          <ns3:TrackPointExtension>
            <ns3:hr>151</ns3:hr>
            <ns3:cad>83</ns3:cad>
          </ns3:TrackPointExtension>
        </extensions>
      </trkpt>
      <trkpt lat="37.5182828865945339202880859375" lon="127.0836812071502208709716796875">
        <ele>11.3999996185302734375</ele>
        <time>2026-09-14T09:02:40.000Z</time>
        <extensions>
          <ns3:TrackPointExtension>
            <ns3:hr>151</ns3:hr>
            <ns3:cad>83</ns3:cad>
          </ns3:TrackPointExtension>
        </extensions>
      </trkpt>
      <trkpt lat="37.51828665845096111297607421875" lon="127.08372496068477630615234375">
        <ele>11.3999996185302734375</ele>
        <time>2026-09-14T09:02:41.000Z</time>
        <extensions>
          <ns3:TrackPointExtension>
            <ns3:hr>150</ns3:hr>
            <ns3:cad>84</ns3:cad>
          </ns3:TrackPointExtension>
        </extensions>
      </trkpt>
      <trkpt lat="37.5182919390499591827392578125" lon="127.08375714719295501708984375">
        <ele>11.3999996185302734375</ele>
        <time>2026-09-14T09:02:42.000Z</time>
        <extensions>
          <ns3:TrackPointExtension>
            <ns3:hr>150</ns3:hr>
            <ns3:cad>85</ns3:cad>
          </ns3:TrackPointExtension>
        </extensions>
      </trkpt>
      <trkpt lat="37.5182952918112277984619140625" lon="127.08379738032817840576171875">
        <ele>11.3999996185302734375</ele>
        <time>2026-09-14T09:02:43.000Z</time>
        <extensions>
          <ns3:TrackPointExtension>
            <ns3:hr>149</ns3:hr>
            <ns3:cad>85</ns3:cad>
          </ns3:TrackPointExtension>
        </extensions>
      </trkpt>
      <trkpt lat="37.51829856075346469879150390625" lon="127.08384255878627300262451171875">
        <ele>11.3999996185302734375</ele>
        <time>2026-09-14T09:02:44.000Z</time>
        <extensions>
          <ns3:TrackPointExtension>
            <ns3:hr>149</ns3:hr>
            <ns3:cad>85</ns3:cad>
          </ns3:TrackPointExtension>
        </extensions>
      </trkpt>
      <trkpt lat="37.5183033384382724761962890625" lon="127.0838739909231662750244140625">
        <ele>11.3999996185302734375</ele>
        <time>2026-09-14T09:02:45.000Z</time>
        <extensions>
          <ns3:TrackPointExtension>
            <ns3:hr>149</ns3:hr>
            <ns3:cad>85</ns3:cad>
          </ns3:TrackPointExtension>
        </extensions>
      </trkpt>
      <trkpt lat="37.5183009915053844451904296875" lon="127.08392369560897350311279296875">
        <ele>11.3999996185302734375</ele>
        <time>2026-09-14T09:02:46.000Z</time>
        <extensions>
          <ns3:TrackPointExtension>
            <ns3:hr>148</ns3:hr>
            <ns3:cad>85</ns3:cad>
          </ns3:TrackPointExtension>
        </extensions>
      </trkpt>
      <trkpt lat="37.51830074004828929901123046875" lon="127.0839522778987884521484375">
        <ele>11.19999980926513671875</ele>
        <time>2026-09-14T09:02:47.000Z</time>
        <extensions>
          <ns3:TrackPointExtension>
            <ns3:hr>149</ns3:hr>
            <ns3:cad>84</ns3:cad>
          </ns3:TrackPointExtension>
        </extensions>
      </trkpt>
      <trkpt lat="37.51830208115279674530029296875" lon="127.08400047384202480316162109375">
        <ele>11.3999996185302734375</ele>
        <time>2026-09-14T09:02:48.000Z</time>
        <extensions>
          <ns3:TrackPointExtension>
            <ns3:hr>149</ns3:hr>
            <ns3:cad>84</ns3:cad>
          </ns3:TrackPointExtension>
        </extensions>
      </trkpt>
      <trkpt lat="37.51829780638217926025390625" lon="127.08404959179461002349853515625">
        <ele>11.3999996185302734375</ele>
        <time>2026-09-14T09:02:49.000Z</time>
        <extensions>
          <ns3:TrackPointExtension>
            <ns3:hr>149</ns3:hr>
            <ns3:cad>84</ns3:cad>
          </ns3:TrackPointExtension>
        </extensions>
      </trkpt>
      <trkpt lat="37.518303506076335906982421875" lon="127.08408362232148647308349609375">
        <ele>11.3999996185302734375</ele>
        <time>2026-09-14T09:02:50.000Z</time>
        <extensions>
          <ns3:TrackPointExtension>
            <ns3:hr>149</ns3:hr>
            <ns3:cad>84</ns3:cad>
          </ns3:TrackPointExtension>
        </extensions>
      </trkpt>
      <trkpt lat="37.51830182969570159912109375" lon="127.0841324888169765472412109375">
        <ele>11.3999996185302734375</ele>
        <time>2026-09-14T09:02:51.000Z</time>
        <extensions>
          <ns3:TrackPointExtension>
            <ns3:hr>149</ns3:hr>
            <ns3:cad>83</ns3:cad>
          </ns3:TrackPointExtension>
        </extensions>
      </trkpt>
      <trkpt lat="37.518302164971828460693359375" lon="127.084161154925823211669921875">
        <ele>11.3999996185302734375</ele>
        <time>2026-09-14T09:02:52.000Z</time>
        <extensions>
          <ns3:TrackPointExtension>
            <ns3:hr>149</ns3:hr>
            <ns3:cad>83</ns3:cad>
          </ns3:TrackPointExtension>
        </extensions>
      </trkpt>
      <trkpt lat="37.5183046795427799224853515625" lon="127.08420566283166408538818359375">
        <ele>11.6000003814697265625</ele>
        <time>2026-09-14T09:02:53.000Z</time>
        <extensions>
          <ns3:TrackPointExtension>
            <ns3:hr>149</ns3:hr>
            <ns3:cad>83</ns3:cad>
          </ns3:TrackPointExtension>
        </extensions>
      </trkpt>
      <trkpt lat="37.5183056853711605072021484375" lon="127.08424120210111141204833984375">
        <ele>11.3999996185302734375</ele>
        <time>2026-09-14T09:02:54.000Z</time>
        <extensions>
          <ns3:TrackPointExtension>
            <ns3:hr>149</ns3:hr>
            <ns3:cad>83</ns3:cad>
          </ns3:TrackPointExtension>
        </extensions>
      </trkpt>
      <trkpt lat="37.51830560155212879180908203125" lon="127.08428026176989078521728515625">
        <ele>11.3999996185302734375</ele>
        <time>2026-09-14T09:02:55.000Z</time>
        <extensions>
          <ns3:TrackPointExtension>
            <ns3:hr>150</ns3:hr>
            <ns3:cad>83</ns3:cad>
          </ns3:TrackPointExtension>
        </extensions>
      </trkpt>
      <trkpt lat="37.51830451190471649169921875" lon="127.0843262784183025360107421875">
        <ele>11.3999996185302734375</ele>
        <time>2026-09-14T09:02:56.000Z</time>
        <extensions>
          <ns3:TrackPointExtension>
            <ns3:hr>149</ns3:hr>
            <ns3:cad>84</ns3:cad>
          </ns3:TrackPointExtension>
        </extensions>
      </trkpt>
      <trkpt lat="37.5183140672743320465087890625" lon="127.08435620181262493133544921875">
        <ele>11.3999996185302734375</ele>
        <time>2026-09-14T09:02:57.000Z</time>
        <extensions>
          <ns3:TrackPointExtension>
            <ns3:hr>149</ns3:hr>
            <ns3:cad>84</ns3:cad>
          </ns3:TrackPointExtension>
        </extensions>
      </trkpt>
      <trkpt lat="37.51831700094044208526611328125" lon="127.08440867252647876739501953125">
        <ele>11.3999996185302734375</ele>
        <time>2026-09-14T09:02:58.000Z</time>
        <extensions>
          <ns3:TrackPointExtension>
            <ns3:hr>150</ns3:hr>
            <ns3:cad>84</ns3:cad>
          </ns3:TrackPointExtension>
        </extensions>
      </trkpt>
      <trkpt lat="37.518318593502044677734375" lon="127.084444463253021240234375">
        <ele>11.3999996185302734375</ele>
        <time>2026-09-14T09:02:59.000Z</time>
        <extensions>
          <ns3:TrackPointExtension>
            <ns3:hr>150</ns3:hr>
            <ns3:cad>84</ns3:cad>
          </ns3:TrackPointExtension>
        </extensions>
      </trkpt>
      <trkpt lat="37.51832328736782073974609375" lon="127.08448779769241809844970703125">
        <ele>11.3999996185302734375</ele>
        <time>2026-09-14T09:03:00.000Z</time>
        <extensions>
          <ns3:TrackPointExtension>
            <ns3:hr>150</ns3:hr>
            <ns3:cad>84</ns3:cad>
          </ns3:TrackPointExtension>
        </extensions>
      </trkpt>
      <trkpt lat="37.51832203008234500885009765625" lon="127.084534652531147003173828125">
        <ele>11.3999996185302734375</ele>
        <time>2026-09-14T09:03:01.000Z</time>
        <extensions>
          <ns3:TrackPointExtension>
            <ns3:hr>150</ns3:hr>
            <ns3:cad>84</ns3:cad>
          </ns3:TrackPointExtension>
        </extensions>
      </trkpt>
      <trkpt lat="37.5183301605284214019775390625" lon="127.084566168487071990966796875">
        <ele>11.3999996185302734375</ele>
        <time>2026-09-14T09:03:02.000Z</time>
        <extensions>
          <ns3:TrackPointExtension>
            <ns3:hr>149</ns3:hr>
            <ns3:cad>84</ns3:cad>
          </ns3:TrackPointExtension>
        </extensions>
      </trkpt>
      <trkpt lat="37.51833007670938968658447265625" lon="127.084619812667369842529296875">
        <ele>11.3999996185302734375</ele>
        <time>2026-09-14T09:03:03.000Z</time>
        <extensions>
          <ns3:TrackPointExtension>
            <ns3:hr>150</ns3:hr>
            <ns3:cad>84</ns3:cad>
          </ns3:TrackPointExtension>
        </extensions>
      </trkpt>
      <trkpt lat="37.5183348543941974639892578125" lon="127.08465325646102428436279296875">
        <ele>11.3999996185302734375</ele>
        <time>2026-09-14T09:03:04.000Z</time>
        <extensions>
          <ns3:TrackPointExtension>
            <ns3:hr>150</ns3:hr>
            <ns3:cad>84</ns3:cad>
          </ns3:TrackPointExtension>
        </extensions>
      </trkpt>
      <trkpt lat="37.51833477057516574859619140625" lon="127.084696255624294281005859375">
        <ele>11.3999996185302734375</ele>
        <time>2026-09-14T09:03:05.000Z</time>
        <extensions>
          <ns3:TrackPointExtension>
            <ns3:hr>150</ns3:hr>
            <ns3:cad>84</ns3:cad>
          </ns3:TrackPointExtension>
        </extensions>
      </trkpt>
      <trkpt lat="37.5183321721851825714111328125" lon="127.084737829864025115966796875">
        <ele>11.3999996185302734375</ele>
        <time>2026-09-14T09:03:06.000Z</time>
        <extensions>
          <ns3:TrackPointExtension>
            <ns3:hr>150</ns3:hr>
            <ns3:cad>84</ns3:cad>
          </ns3:TrackPointExtension>
        </extensions>
      </trkpt>
      <trkpt lat="37.518334686756134033203125" lon="127.08477244712412357330322265625">
        <ele>11.19999980926513671875</ele>
        <time>2026-09-14T09:03:07.000Z</time>
        <extensions>
          <ns3:TrackPointExtension>
            <ns3:hr>150</ns3:hr>
            <ns3:cad>85</ns3:cad>
          </ns3:TrackPointExtension>
        </extensions>
      </trkpt>
      <trkpt lat="37.5183315016329288482666015625" lon="127.08482055924832820892333984375">
        <ele>11.19999980926513671875</ele>
        <time>2026-09-14T09:03:08.000Z</time>
        <extensions>
          <ns3:TrackPointExtension>
            <ns3:hr>150</ns3:hr>
            <ns3:cad>85</ns3:cad>
          </ns3:TrackPointExtension>
        </extensions>
      </trkpt>
      <trkpt lat="37.5183375366032123565673828125" lon="127.0848496444523334503173828125">
        <ele>11.19999980926513671875</ele>
        <time>2026-09-14T09:03:09.000Z</time>
        <extensions>
          <ns3:TrackPointExtension>
            <ns3:hr>150</ns3:hr>
            <ns3:cad>85</ns3:cad>
          </ns3:TrackPointExtension>
        </extensions>
      </trkpt>
      <trkpt lat="37.518340051174163818359375" lon="127.08490035496652126312255859375">
        <ele>11.19999980926513671875</ele>
        <time>2026-09-14T09:03:10.000Z</time>
        <extensions>
          <ns3:TrackPointExtension>
            <ns3:hr>150</ns3:hr>
            <ns3:cad>85</ns3:cad>
          </ns3:TrackPointExtension>
        </extensions>
      </trkpt>
      <trkpt lat="37.51834449358284473419189453125" lon="127.08494511432945728302001953125">
        <ele>11.3999996185302734375</ele>
        <time>2026-09-14T09:03:11.000Z</time>
        <extensions>
          <ns3:TrackPointExtension>
            <ns3:hr>150</ns3:hr>
            <ns3:cad>85</ns3:cad>
          </ns3:TrackPointExtension>
        </extensions>
      </trkpt>
      <trkpt lat="37.51835287548601627349853515625" lon="127.08498417399823665618896484375">
        <ele>11.3999996185302734375</ele>
        <time>2026-09-14T09:03:12.000Z</time>
        <extensions>
          <ns3:TrackPointExtension>
            <ns3:hr>151</ns3:hr>
            <ns3:cad>85</ns3:cad>
          </ns3:TrackPointExtension>
        </extensions>
      </trkpt>
      <trkpt lat="37.5183586589992046356201171875" lon="127.0850343815982341766357421875">
        <ele>11.3999996185302734375</ele>
        <time>2026-09-14T09:03:13.000Z</time>
        <extensions>
          <ns3:TrackPointExtension>
            <ns3:hr>151</ns3:hr>
            <ns3:cad>84</ns3:cad>
          </ns3:TrackPointExtension>
        </extensions>
      </trkpt>
      <trkpt lat="37.5183700583875179290771484375" lon="127.08506447263062000274658203125">
        <ele>11.3999996185302734375</ele>
        <time>2026-09-14T09:03:14.000Z</time>
        <extensions>
          <ns3:TrackPointExtension>
            <ns3:hr>151</ns3:hr>
            <ns3:cad>84</ns3:cad>
          </ns3:TrackPointExtension>
        </extensions>
      </trkpt>
      <trkpt lat="37.51837156713008880615234375" lon="127.08511945791542530059814453125">
        <ele>11.3999996185302734375</ele>
        <time>2026-09-14T09:03:15.000Z</time>
        <extensions>
          <ns3:TrackPointExtension>
            <ns3:hr>151</ns3:hr>
            <ns3:cad>84</ns3:cad>
          </ns3:TrackPointExtension>
        </extensions>
      </trkpt>
      <trkpt lat="37.5183774344623088836669921875" lon="127.08515801467001438140869140625">
        <ele>11.3999996185302734375</ele>
        <time>2026-09-14T09:03:16.000Z</time>
        <extensions>
          <ns3:TrackPointExtension>
            <ns3:hr>151</ns3:hr>
            <ns3:cad>84</ns3:cad>
          </ns3:TrackPointExtension>
        </extensions>
      </trkpt>
      <trkpt lat="37.51838271506130695343017578125" lon="127.0851983316242694854736328125">
        <ele>11.3999996185302734375</ele>
        <time>2026-09-14T09:03:17.000Z</time>
        <extensions>
          <ns3:TrackPointExtension>
            <ns3:hr>150</ns3:hr>
            <ns3:cad>84</ns3:cad>
          </ns3:TrackPointExtension>
        </extensions>
      </trkpt>
      <trkpt lat="37.51838170923292636871337890625" lon="127.085242755711078643798828125">
        <ele>11.3999996185302734375</ele>
        <time>2026-09-14T09:03:18.000Z</time>
        <extensions>
          <ns3:TrackPointExtension>
            <ns3:hr>151</ns3:hr>
            <ns3:cad>84</ns3:cad>
          </ns3:TrackPointExtension>
        </extensions>
      </trkpt>
      <trkpt lat="37.518388330936431884765625" lon="127.08527569659054279327392578125">
        <ele>11.3999996185302734375</ele>
        <time>2026-09-14T09:03:19.000Z</time>
        <extensions>
          <ns3:TrackPointExtension>
            <ns3:hr>151</ns3:hr>
            <ns3:cad>84</ns3:cad>
          </ns3:TrackPointExtension>
        </extensions>
      </trkpt>
      <trkpt lat="37.51839361153542995452880859375" lon="127.08532565273344516754150390625">
        <ele>11.3999996185302734375</ele>
        <time>2026-09-14T09:03:20.000Z</time>
        <extensions>
          <ns3:TrackPointExtension>
            <ns3:hr>151</ns3:hr>
            <ns3:cad>85</ns3:cad>
          </ns3:TrackPointExtension>
        </extensions>
      </trkpt>
      <trkpt lat="37.5184086151421070098876953125" lon="127.08535281009972095489501953125">
        <ele>11.19999980926513671875</ele>
        <time>2026-09-14T09:03:21.000Z</time>
        <extensions>
          <ns3:TrackPointExtension>
            <ns3:hr>152</ns3:hr>
            <ns3:cad>85</ns3:cad>
          </ns3:TrackPointExtension>
        </extensions>
      </trkpt>
      <trkpt lat="37.5184138119220733642578125" lon="127.0854005031287670135498046875">
        <ele>11.19999980926513671875</ele>
        <time>2026-09-14T09:03:22.000Z</time>
        <extensions>
          <ns3:TrackPointExtension>
            <ns3:hr>151</ns3:hr>
            <ns3:cad>85</ns3:cad>
          </ns3:TrackPointExtension>
        </extensions>
      </trkpt>
      <trkpt lat="37.518415488302707672119140625" lon="127.08544199354946613311767578125">
        <ele>11.19999980926513671875</ele>
        <time>2026-09-14T09:03:23.000Z</time>
        <extensions>
          <ns3:TrackPointExtension>
            <ns3:hr>151</ns3:hr>
            <ns3:cad>85</ns3:cad>
          </ns3:TrackPointExtension>
        </extensions>
      </trkpt>
      <trkpt lat="37.5184216909110546112060546875" lon="127.0854769460856914520263671875">
        <ele>11.19999980926513671875</ele>
        <time>2026-09-14T09:03:24.000Z</time>
        <extensions>
          <ns3:TrackPointExtension>
            <ns3:hr>152</ns3:hr>
            <ns3:cad>85</ns3:cad>
          </ns3:TrackPointExtension>
        </extensions>
      </trkpt>
      <trkpt lat="37.5184267200529575347900390625" lon="127.08552204072475433349609375">
        <ele>11</ele>
        <time>2026-09-14T09:03:25.000Z</time>
        <extensions>
          <ns3:TrackPointExtension>
            <ns3:hr>152</ns3:hr>
            <ns3:cad>85</ns3:cad>
          </ns3:TrackPointExtension>
        </extensions>
      </trkpt>
      <trkpt lat="37.5184324197471141815185546875" lon="127.08555757999420166015625">
        <ele>11</ele>
        <time>2026-09-14T09:03:26.000Z</time>
        <extensions>
          <ns3:TrackPointExtension>
            <ns3:hr>152</ns3:hr>
            <ns3:cad>85</ns3:cad>
          </ns3:TrackPointExtension>
        </extensions>
      </trkpt>
      <trkpt lat="37.5184434838593006134033203125" lon="127.0856100507080554962158203125">
        <ele>11</ele>
        <time>2026-09-14T09:03:27.000Z</time>
        <extensions>
          <ns3:TrackPointExtension>
            <ns3:hr>152</ns3:hr>
            <ns3:cad>85</ns3:cad>
          </ns3:TrackPointExtension>
        </extensions>
      </trkpt>
      <trkpt lat="37.51844507642090320587158203125" lon="127.08564517088234424591064453125">
        <ele>11</ele>
        <time>2026-09-14T09:03:28.000Z</time>
        <extensions>
          <ns3:TrackPointExtension>
            <ns3:hr>152</ns3:hr>
            <ns3:cad>85</ns3:cad>
          </ns3:TrackPointExtension>
        </extensions>
      </trkpt>
      <trkpt lat="37.51845379360020160675048828125" lon="127.08568892441689968109130859375">
        <ele>11</ele>
        <time>2026-09-14T09:03:29.000Z</time>
        <extensions>
          <ns3:TrackPointExtension>
            <ns3:hr>151</ns3:hr>
            <ns3:cad>85</ns3:cad>
          </ns3:TrackPointExtension>
        </extensions>
      </trkpt>
      <trkpt lat="37.5184582360088825225830078125" lon="127.0857324264943599700927734375">
        <ele>11.19999980926513671875</ele>
        <time>2026-09-14T09:03:30.000Z</time>
        <extensions>
          <ns3:TrackPointExtension>
            <ns3:hr>152</ns3:hr>
            <ns3:cad>84</ns3:cad>
          </ns3:TrackPointExtension>
        </extensions>
      </trkpt>
      <trkpt lat="37.51846812665462493896484375" lon="127.08576343953609466552734375">
        <ele>11.19999980926513671875</ele>
        <time>2026-09-14T09:03:31.000Z</time>
        <extensions>
          <ns3:TrackPointExtension>
            <ns3:hr>152</ns3:hr>
            <ns3:cad>84</ns3:cad>
          </ns3:TrackPointExtension>
        </extensions>
      </trkpt>
      <trkpt lat="37.518475167453289031982421875" lon="127.0858142338693141937255859375">
        <ele>11.19999980926513671875</ele>
        <time>2026-09-14T09:03:32.000Z</time>
        <extensions>
          <ns3:TrackPointExtension>
            <ns3:hr>152</ns3:hr>
            <ns3:cad>84</ns3:cad>
          </ns3:TrackPointExtension>
        </extensions>
      </trkpt>
      <trkpt lat="37.5184793584048748016357421875" lon="127.08584390580654144287109375">
        <ele>11.19999980926513671875</ele>
        <time>2026-09-14T09:03:33.000Z</time>
        <extensions>
          <ns3:TrackPointExtension>
            <ns3:hr>152</ns3:hr>
            <ns3:cad>84</ns3:cad>
          </ns3:TrackPointExtension>
        </extensions>
      </trkpt>
      <trkpt lat="37.51848363317549228668212890625" lon="127.08588137291371822357177734375">
        <ele>11.19999980926513671875</ele>
        <time>2026-09-14T09:03:34.000Z</time>
        <extensions>
          <ns3:TrackPointExtension>
            <ns3:hr>152</ns3:hr>
            <ns3:cad>84</ns3:cad>
          </ns3:TrackPointExtension>
        </extensions>
      </trkpt>
      <trkpt lat="37.51848757266998291015625" lon="127.08591942675411701202392578125">
        <ele>11.3999996185302734375</ele>
        <time>2026-09-14T09:03:35.000Z</time>
        <extensions>
          <ns3:TrackPointExtension>
            <ns3:hr>152</ns3:hr>
            <ns3:cad>84</ns3:cad>
          </ns3:TrackPointExtension>
        </extensions>
      </trkpt>
      <trkpt lat="37.5184964574873447418212890625" lon="127.08594851195812225341796875">
        <ele>11.3999996185302734375</ele>
        <time>2026-09-14T09:03:36.000Z</time>
        <extensions>
          <ns3:TrackPointExtension>
            <ns3:hr>152</ns3:hr>
            <ns3:cad>84</ns3:cad>
          </ns3:TrackPointExtension>
        </extensions>
      </trkpt>
      <trkpt lat="37.518499307334423065185546875" lon="127.08599813282489776611328125">
        <ele>11.3999996185302734375</ele>
        <time>2026-09-14T09:03:37.000Z</time>
        <extensions>
          <ns3:TrackPointExtension>
            <ns3:hr>152</ns3:hr>
            <ns3:cad>84</ns3:cad>
          </ns3:TrackPointExtension>
        </extensions>
      </trkpt>
      <trkpt lat="37.51850492320954799652099609375" lon="127.08602637983858585357666015625">
        <ele>11.3999996185302734375</ele>
        <time>2026-09-14T09:03:38.000Z</time>
        <extensions>
          <ns3:TrackPointExtension>
            <ns3:hr>152</ns3:hr>
            <ns3:cad>84</ns3:cad>
          </ns3:TrackPointExtension>
        </extensions>
      </trkpt>
      <trkpt lat="37.51850928179919719696044921875" lon="127.08606594242155551910400390625">
        <ele>11.19999980926513671875</ele>
        <time>2026-09-14T09:03:39.000Z</time>
        <extensions>
          <ns3:TrackPointExtension>
            <ns3:hr>152</ns3:hr>
            <ns3:cad>84</ns3:cad>
          </ns3:TrackPointExtension>
        </extensions>
      </trkpt>
      <trkpt lat="37.51851095817983150482177734375" lon="127.08610667847096920013427734375">
        <ele>11.19999980926513671875</ele>
        <time>2026-09-14T09:03:40.000Z</time>
        <extensions>
          <ns3:TrackPointExtension>
            <ns3:hr>153</ns3:hr>
            <ns3:cad>84</ns3:cad>
          </ns3:TrackPointExtension>
        </extensions>
      </trkpt>
      <trkpt lat="37.5185182504355907440185546875" lon="127.0861414633691310882568359375">
        <ele>11.19999980926513671875</ele>
        <time>2026-09-14T09:03:41.000Z</time>
        <extensions>
          <ns3:TrackPointExtension>
            <ns3:hr>152</ns3:hr>
            <ns3:cad>84</ns3:cad>
          </ns3:TrackPointExtension>
        </extensions>
      </trkpt>
      <trkpt lat="37.51852042973041534423828125" lon="127.08618630655109882354736328125">
        <ele>11.19999980926513671875</ele>
        <time>2026-09-14T09:03:42.000Z</time>
        <extensions>
          <ns3:TrackPointExtension>
            <ns3:hr>152</ns3:hr>
            <ns3:cad>84</ns3:cad>
          </ns3:TrackPointExtension>
        </extensions>
      </trkpt>
      <trkpt lat="37.5185286439955234527587890625" lon="127.0862160623073577880859375">
        <ele>11.19999980926513671875</ele>
        <time>2026-09-14T09:03:43.000Z</time>
        <extensions>
          <ns3:TrackPointExtension>
            <ns3:hr>152</ns3:hr>
            <ns3:cad>85</ns3:cad>
          </ns3:TrackPointExtension>
        </extensions>
      </trkpt>
      <trkpt lat="37.518532834947109222412109375" lon="127.08626342006027698516845703125">
        <ele>11.19999980926513671875</ele>
        <time>2026-09-14T09:03:44.000Z</time>
        <extensions>
          <ns3:TrackPointExtension>
            <ns3:hr>153</ns3:hr>
            <ns3:cad>85</ns3:cad>
          </ns3:TrackPointExtension>
        </extensions>
      </trkpt>
      <trkpt lat="37.51853878609836101531982421875" lon="127.0862987078726291656494140625">
        <ele>11.19999980926513671875</ele>
        <time>2026-09-14T09:03:45.000Z</time>
        <extensions>
          <ns3:TrackPointExtension>
            <ns3:hr>153</ns3:hr>
            <ns3:cad>84</ns3:cad>
          </ns3:TrackPointExtension>
        </extensions>
      </trkpt>
      <trkpt lat="37.51854649744927883148193359375" lon="127.0863426290452480316162109375">
        <ele>11.19999980926513671875</ele>
        <time>2026-09-14T09:03:46.000Z</time>
        <extensions>
          <ns3:TrackPointExtension>
            <ns3:hr>153</ns3:hr>
            <ns3:cad>84</ns3:cad>
          </ns3:TrackPointExtension>
        </extensions>
      </trkpt>
      <trkpt lat="37.5185514427721500396728515625" lon="127.08638705313205718994140625">
        <ele>11</ele>
        <time>2026-09-14T09:03:47.000Z</time>
        <extensions>
          <ns3:TrackPointExtension>
            <ns3:hr>153</ns3:hr>
            <ns3:cad>84</ns3:cad>
          </ns3:TrackPointExtension>
        </extensions>
      </trkpt>
      <trkpt lat="37.518562339246273040771484375" lon="127.08642049692571163177490234375">
        <ele>11</ele>
        <time>2026-09-14T09:03:48.000Z</time>
        <extensions>
          <ns3:TrackPointExtension>
            <ns3:hr>152</ns3:hr>
            <ns3:cad>85</ns3:cad>
          </ns3:TrackPointExtension>
        </extensions>
      </trkpt>
      <trkpt lat="37.51856560818850994110107421875" lon="127.086472548544406890869140625">
        <ele>11.19999980926513671875</ele>
        <time>2026-09-14T09:03:49.000Z</time>
        <extensions>
          <ns3:TrackPointExtension>
            <ns3:hr>153</ns3:hr>
            <ns3:cad>85</ns3:cad>
          </ns3:TrackPointExtension>
        </extensions>
      </trkpt>
      <trkpt lat="37.51856544055044651031494140625" lon="127.08650230430066585540771484375">
        <ele>11</ele>
        <time>2026-09-14T09:03:50.000Z</time>
        <extensions>
          <ns3:TrackPointExtension>
            <ns3:hr>153</ns3:hr>
            <ns3:cad>85</ns3:cad>
          </ns3:TrackPointExtension>
        </extensions>
      </trkpt>
      <trkpt lat="37.51856778748333454132080078125" lon="127.08654823713004589080810546875">
        <ele>11</ele>
        <time>2026-09-14T09:03:51.000Z</time>
        <extensions>
          <ns3:TrackPointExtension>
            <ns3:hr>153</ns3:hr>
            <ns3:cad>85</ns3:cad>
          </ns3:TrackPointExtension>
        </extensions>
      </trkpt>
      <trkpt lat="37.51857616938650608062744140625" lon="127.086591236293315887451171875">
        <ele>11</ele>
        <time>2026-09-14T09:03:52.000Z</time>
        <extensions>
          <ns3:TrackPointExtension>
            <ns3:hr>153</ns3:hr>
            <ns3:cad>85</ns3:cad>
          </ns3:TrackPointExtension>
        </extensions>
      </trkpt>
      <trkpt lat="37.51858840696513652801513671875" lon="127.08662652410566806793212890625">
        <ele>11</ele>
        <time>2026-09-14T09:03:53.000Z</time>
        <extensions>
          <ns3:TrackPointExtension>
            <ns3:hr>153</ns3:hr>
            <ns3:cad>85</ns3:cad>
          </ns3:TrackPointExtension>
        </extensions>
      </trkpt>
      <trkpt lat="37.518588490784168243408203125" lon="127.08667027764022350311279296875">
        <ele>11</ele>
        <time>2026-09-14T09:03:54.000Z</time>
        <extensions>
          <ns3:TrackPointExtension>
            <ns3:hr>153</ns3:hr>
            <ns3:cad>85</ns3:cad>
          </ns3:TrackPointExtension>
        </extensions>
      </trkpt>
      <trkpt lat="37.51859947107732295989990234375" lon="127.08669709973037242889404296875">
        <ele>11.19999980926513671875</ele>
        <time>2026-09-14T09:03:55.000Z</time>
        <extensions>
          <ns3:TrackPointExtension>
            <ns3:hr>153</ns3:hr>
            <ns3:cad>85</ns3:cad>
          </ns3:TrackPointExtension>
        </extensions>
      </trkpt>
      <trkpt lat="37.5186040811240673065185546875" lon="127.08674202673137187957763671875">
        <ele>11.19999980926513671875</ele>
        <time>2026-09-14T09:03:56.000Z</time>
        <extensions>
          <ns3:TrackPointExtension>
            <ns3:hr>154</ns3:hr>
            <ns3:cad>85</ns3:cad>
          </ns3:TrackPointExtension>
        </extensions>
      </trkpt>
      <trkpt lat="37.51861170865595340728759765625" lon="127.08677723072469234466552734375">
        <ele>11.19999980926513671875</ele>
        <time>2026-09-14T09:03:57.000Z</time>
        <extensions>
          <ns3:TrackPointExtension>
            <ns3:hr>153</ns3:hr>
            <ns3:cad>85</ns3:cad>
          </ns3:TrackPointExtension>
        </extensions>
      </trkpt>
      <trkpt lat="37.5186195038259029388427734375" lon="127.08681360818445682525634765625">
        <ele>11</ele>
        <time>2026-09-14T09:03:58.000Z</time>
        <extensions>
          <ns3:TrackPointExtension>
            <ns3:hr>153</ns3:hr>
            <ns3:cad>85</ns3:cad>
          </ns3:TrackPointExtension>
        </extensions>
      </trkpt>
      <trkpt lat="37.51862235367298126220703125" lon="127.086856104433536529541015625">
        <ele>11</ele>
        <time>2026-09-14T09:03:59.000Z</time>
        <extensions>
          <ns3:TrackPointExtension>
            <ns3:hr>154</ns3:hr>
            <ns3:cad>85</ns3:cad>
          </ns3:TrackPointExtension>
        </extensions>
      </trkpt>
      <trkpt lat="37.5186310708522796630859375" lon="127.08688569255173206329345703125">
        <ele>11</ele>
        <time>2026-09-14T09:04:00.000Z</time>
        <extensions>
          <ns3:TrackPointExtension>
            <ns3:hr>153</ns3:hr>
            <ns3:cad>85</ns3:cad>
          </ns3:TrackPointExtension>
        </extensions>
      </trkpt>
      <trkpt lat="37.5186349265277385711669921875" lon="127.08693430759012699127197265625">
        <ele>11</ele>
        <time>2026-09-14T09:04:01.000Z</time>
        <extensions>
          <ns3:TrackPointExtension>
            <ns3:hr>153</ns3:hr>
            <ns3:cad>85</ns3:cad>
          </ns3:TrackPointExtension>
        </extensions>
      </trkpt>
      <trkpt lat="37.5186406262218952178955078125" lon="127.08700597286224365234375">
        <ele>11</ele>
        <time>2026-09-14T09:04:03.000Z</time>
        <extensions>
          <ns3:TrackPointExtension>
            <ns3:hr>152</ns3:hr>
            <ns3:cad>85</ns3:cad>
          </ns3:TrackPointExtension>
        </extensions>
      </trkpt>
      <trkpt lat="37.518642805516719818115234375" lon="127.0870346389710903167724609375">
        <ele>11</ele>
        <time>2026-09-14T09:04:04.000Z</time>
        <extensions>
          <ns3:TrackPointExtension>
            <ns3:hr>152</ns3:hr>
            <ns3:cad>85</ns3:cad>
          </ns3:TrackPointExtension>
        </extensions>
      </trkpt>
      <trkpt lat="37.51864523626863956451416015625" lon="127.087063305079936981201171875">
        <ele>11</ele>
        <time>2026-09-14T09:04:05.000Z</time>
        <extensions>
          <ns3:TrackPointExtension>
            <ns3:hr>151</ns3:hr>
            <ns3:cad>84</ns3:cad>
          </ns3:TrackPointExtension>
        </extensions>
      </trkpt>
      <trkpt lat="37.5186667777597904205322265625" lon="127.08712658844888210296630859375">
        <ele>11</ele>
        <time>2026-09-14T09:04:06.000Z</time>
        <extensions>
          <ns3:TrackPointExtension>
            <ns3:hr>151</ns3:hr>
            <ns3:cad>84</ns3:cad>
          </ns3:TrackPointExtension>
        </extensions>
      </trkpt>
      <trkpt lat="37.5186714716255664825439453125" lon="127.0871526561677455902099609375">
        <ele>11</ele>
        <time>2026-09-14T09:04:07.000Z</time>
        <extensions>
          <ns3:TrackPointExtension>
            <ns3:hr>151</ns3:hr>
            <ns3:cad>84</ns3:cad>
          </ns3:TrackPointExtension>
        </extensions>
      </trkpt>
      <trkpt lat="37.51867775805294513702392578125" lon="127.0871928893029689788818359375">
        <ele>11</ele>
        <time>2026-09-14T09:04:08.000Z</time>
        <extensions>
          <ns3:TrackPointExtension>
            <ns3:hr>151</ns3:hr>
            <ns3:cad>84</ns3:cad>
          </ns3:TrackPointExtension>
        </extensions>
      </trkpt>
      <trkpt lat="37.518685050308704376220703125" lon="127.08723689429461956024169921875">
        <ele>11.19999980926513671875</ele>
        <time>2026-09-14T09:04:09.000Z</time>
        <extensions>
          <ns3:TrackPointExtension>
            <ns3:hr>151</ns3:hr>
            <ns3:cad>84</ns3:cad>
          </ns3:TrackPointExtension>
        </extensions>
      </trkpt>
      <trkpt lat="37.5186929292976856231689453125" lon="127.08727419376373291015625">
        <ele>11.19999980926513671875</ele>
        <time>2026-09-14T09:04:10.000Z</time>
        <extensions>
          <ns3:TrackPointExtension>
            <ns3:hr>151</ns3:hr>
            <ns3:cad>84</ns3:cad>
          </ns3:TrackPointExtension>
        </extensions>
      </trkpt>
      <trkpt lat="37.51870147883892059326171875" lon="127.08732205443084239959716796875">
        <ele>11</ele>
        <time>2026-09-14T09:04:11.000Z</time>
        <extensions>
          <ns3:TrackPointExtension>
            <ns3:hr>151</ns3:hr>
            <ns3:cad>85</ns3:cad>
          </ns3:TrackPointExtension>
        </extensions>
      </trkpt>
      <trkpt lat="37.518707178533077239990234375" lon="127.08735524676740169525146484375">
        <ele>11</ele>
        <time>2026-09-14T09:04:12.000Z</time>
        <extensions>
          <ns3:TrackPointExtension>
            <ns3:hr>151</ns3:hr>
            <ns3:cad>85</ns3:cad>
          </ns3:TrackPointExtension>
        </extensions>
      </trkpt>
      <trkpt lat="37.51871245913207530975341796875" lon="127.0873947255313396453857421875">
        <ele>11</ele>
        <time>2026-09-14T09:04:13.000Z</time>
        <extensions>
          <ns3:TrackPointExtension>
            <ns3:hr>151</ns3:hr>
            <ns3:cad>85</ns3:cad>
          </ns3:TrackPointExtension>
        </extensions>
      </trkpt>
      <trkpt lat="37.51871514134109020233154296875" lon="127.087437808513641357421875">
        <ele>11</ele>
        <time>2026-09-14T09:04:14.000Z</time>
        <extensions>
          <ns3:TrackPointExtension>
            <ns3:hr>151</ns3:hr>
            <ns3:cad>85</ns3:cad>
          </ns3:TrackPointExtension>
        </extensions>
      </trkpt>
      <trkpt lat="37.5187222659587860107421875" lon="127.08747611381113529205322265625">
        <ele>11</ele>
        <time>2026-09-14T09:04:15.000Z</time>
        <extensions>
          <ns3:TrackPointExtension>
            <ns3:hr>151</ns3:hr>
            <ns3:cad>85</ns3:cad>
          </ns3:TrackPointExtension>
        </extensions>
      </trkpt>
      <trkpt lat="37.518726624548435211181640625" lon="127.08752657286822795867919921875">
        <ele>11</ele>
        <time>2026-09-14T09:04:16.000Z</time>
        <extensions>
          <ns3:TrackPointExtension>
            <ns3:hr>152</ns3:hr>
            <ns3:cad>85</ns3:cad>
          </ns3:TrackPointExtension>
        </extensions>
      </trkpt>
      <trkpt lat="37.5187318213284015655517578125" lon="127.0875590108335018157958984375">
        <ele>11</ele>
        <time>2026-09-14T09:04:17.000Z</time>
        <extensions>
          <ns3:TrackPointExtension>
            <ns3:hr>151</ns3:hr>
            <ns3:cad>85</ns3:cad>
          </ns3:TrackPointExtension>
        </extensions>
      </trkpt>
      <trkpt lat="37.5187391974031925201416015625" lon="127.0876025967299938201904296875">
        <ele>11</ele>
        <time>2026-09-14T09:04:18.000Z</time>
        <extensions>
          <ns3:TrackPointExtension>
            <ns3:hr>151</ns3:hr>
            <ns3:cad>84</ns3:cad>
          </ns3:TrackPointExtension>
        </extensions>
      </trkpt>
      <trkpt lat="37.518741376698017120361328125" lon="127.0876421593129634857177734375">
        <ele>11</ele>
        <time>2026-09-14T09:04:19.000Z</time>
        <extensions>
          <ns3:TrackPointExtension>
            <ns3:hr>151</ns3:hr>
            <ns3:cad>84</ns3:cad>
          </ns3:TrackPointExtension>
        </extensions>
      </trkpt>
      <trkpt lat="37.51874917186796665191650390625" lon="127.08768180571496486663818359375">
        <ele>11</ele>
        <time>2026-09-14T09:04:20.000Z</time>
        <extensions>
          <ns3:TrackPointExtension>
            <ns3:hr>151</ns3:hr>
            <ns3:cad>84</ns3:cad>
          </ns3:TrackPointExtension>
        </extensions>
      </trkpt>
      <trkpt lat="37.51875386573374271392822265625" lon="127.0877219550311565399169921875">
        <ele>11</ele>
        <time>2026-09-14T09:04:21.000Z</time>
        <extensions>
          <ns3:TrackPointExtension>
            <ns3:hr>152</ns3:hr>
            <ns3:cad>84</ns3:cad>
          </ns3:TrackPointExtension>
        </extensions>
      </trkpt>
      <trkpt lat="37.51876023598015308380126953125" lon="127.08775791339576244354248046875">
        <ele>11</ele>
        <time>2026-09-14T09:04:22.000Z</time>
        <extensions>
          <ns3:TrackPointExtension>
            <ns3:hr>151</ns3:hr>
            <ns3:cad>84</ns3:cad>
          </ns3:TrackPointExtension>
        </extensions>
      </trkpt>
      <trkpt lat="37.51876174472272396087646484375" lon="127.08780552260577678680419921875">
        <ele>11</ele>
        <time>2026-09-14T09:04:23.000Z</time>
        <extensions>
          <ns3:TrackPointExtension>
            <ns3:hr>151</ns3:hr>
            <ns3:cad>84</ns3:cad>
          </ns3:TrackPointExtension>
        </extensions>
      </trkpt>
      <trkpt lat="37.5187656842172145843505859375" lon="127.08784542046487331390380859375">
        <ele>11</ele>
        <time>2026-09-14T09:04:24.000Z</time>
        <extensions>
          <ns3:TrackPointExtension>
            <ns3:hr>151</ns3:hr>
            <ns3:cad>84</ns3:cad>
          </ns3:TrackPointExtension>
        </extensions>
      </trkpt>
      <trkpt lat="37.51877163536846637725830078125" lon="127.087886072695255279541015625">
        <ele>11</ele>
        <time>2026-09-14T09:04:25.000Z</time>
        <extensions>
          <ns3:TrackPointExtension>
            <ns3:hr>151</ns3:hr>
            <ns3:cad>84</ns3:cad>
          </ns3:TrackPointExtension>
        </extensions>
      </trkpt>
      <trkpt lat="37.518770880997180938720703125" lon="127.087931670248508453369140625">
        <ele>11</ele>
        <time>2026-09-14T09:04:26.000Z</time>
        <extensions>
          <ns3:TrackPointExtension>
            <ns3:hr>152</ns3:hr>
            <ns3:cad>84</ns3:cad>
          </ns3:TrackPointExtension>
        </extensions>
      </trkpt>
      <trkpt lat="37.51877901144325733184814453125" lon="127.08796746097505092620849609375">
        <ele>11</ele>
        <time>2026-09-14T09:04:27.000Z</time>
        <extensions>
          <ns3:TrackPointExtension>
            <ns3:hr>151</ns3:hr>
            <ns3:cad>84</ns3:cad>
          </ns3:TrackPointExtension>
        </extensions>
      </trkpt>
      <trkpt lat="37.5187784247100353240966796875" lon="127.088022865355014801025390625">
        <ele>11</ele>
        <time>2026-09-14T09:04:28.000Z</time>
        <extensions>
          <ns3:TrackPointExtension>
            <ns3:hr>151</ns3:hr>
            <ns3:cad>84</ns3:cad>
          </ns3:TrackPointExtension>
        </extensions>
      </trkpt>
      <trkpt lat="37.518776245415210723876953125" lon="127.088062763214111328125">
        <ele>11</ele>
        <time>2026-09-14T09:04:29.000Z</time>
        <extensions>
          <ns3:TrackPointExtension>
            <ns3:hr>151</ns3:hr>
            <ns3:cad>84</ns3:cad>
          </ns3:TrackPointExtension>
        </extensions>
      </trkpt>
      <trkpt lat="37.5187807716429233551025390625" lon="127.08810542710125446319580078125">
        <ele>11</ele>
        <time>2026-09-14T09:04:30.000Z</time>
        <extensions>
          <ns3:TrackPointExtension>
            <ns3:hr>152</ns3:hr>
            <ns3:cad>84</ns3:cad>
          </ns3:TrackPointExtension>
        </extensions>
      </trkpt>
      <trkpt lat="37.51879124902188777923583984375" lon="127.0881467498838901519775390625">
        <ele>11</ele>
        <time>2026-09-14T09:04:31.000Z</time>
        <extensions>
          <ns3:TrackPointExtension>
            <ns3:hr>151</ns3:hr>
            <ns3:cad>84</ns3:cad>
          </ns3:TrackPointExtension>
        </extensions>
      </trkpt>
      <trkpt lat="37.5188039056956768035888671875" lon="127.0881718955934047698974609375">
        <ele>11</ele>
        <time>2026-09-14T09:04:32.000Z</time>
        <extensions>
          <ns3:TrackPointExtension>
            <ns3:hr>151</ns3:hr>
            <ns3:cad>84</ns3:cad>
          </ns3:TrackPointExtension>
        </extensions>
      </trkpt>
      <trkpt lat="37.51880600117146968841552734375" lon="127.0882208459079265594482421875">
        <ele>10.80000019073486328125</ele>
        <time>2026-09-14T09:04:33.000Z</time>
        <extensions>
          <ns3:TrackPointExtension>
            <ns3:hr>151</ns3:hr>
            <ns3:cad>84</ns3:cad>
          </ns3:TrackPointExtension>
        </extensions>
      </trkpt>
      <trkpt lat="37.51880608499050140380859375" lon="127.08825143985450267791748046875">
        <ele>11</ele>
        <time>2026-09-14T09:04:34.000Z</time>
        <extensions>
          <ns3:TrackPointExtension>
            <ns3:hr>152</ns3:hr>
            <ns3:cad>84</ns3:cad>
          </ns3:TrackPointExtension>
        </extensions>
      </trkpt>
      <trkpt lat="37.5188142992556095123291015625" lon="127.088293097913265228271484375">
        <ele>11</ele>
        <time>2026-09-14T09:04:35.000Z</time>
        <extensions>
          <ns3:TrackPointExtension>
            <ns3:hr>151</ns3:hr>
            <ns3:cad>84</ns3:cad>
          </ns3:TrackPointExtension>
        </extensions>
      </trkpt>
      <trkpt lat="37.5188148021697998046875" lon="127.088336013257503509521484375">
        <ele>11</ele>
        <time>2026-09-14T09:04:36.000Z</time>
        <extensions>
          <ns3:TrackPointExtension>
            <ns3:hr>151</ns3:hr>
            <ns3:cad>84</ns3:cad>
          </ns3:TrackPointExtension>
        </extensions>
      </trkpt>
      <trkpt lat="37.5188230164349079132080078125" lon="127.08836660720407962799072265625">
        <ele>11.19999980926513671875</ele>
        <time>2026-09-14T09:04:37.000Z</time>
        <extensions>
          <ns3:TrackPointExtension>
            <ns3:hr>151</ns3:hr>
            <ns3:cad>84</ns3:cad>
          </ns3:TrackPointExtension>
        </extensions>
      </trkpt>
      <trkpt lat="37.518828548491001129150390625" lon="127.08841622807085514068603515625">
        <ele>11</ele>
        <time>2026-09-14T09:04:38.000Z</time>
        <extensions>
          <ns3:TrackPointExtension>
            <ns3:hr>152</ns3:hr>
            <ns3:cad>84</ns3:cad>
          </ns3:TrackPointExtension>
        </extensions>
      </trkpt>
      <trkpt lat="37.51883089542388916015625" lon="127.08844640292227268218994140625">
        <ele>11</ele>
        <time>2026-09-14T09:04:39.000Z</time>
        <extensions>
          <ns3:TrackPointExtension>
            <ns3:hr>151</ns3:hr>
            <ns3:cad>84</ns3:cad>
          </ns3:TrackPointExtension>
        </extensions>
      </trkpt>
      <trkpt lat="37.51883651129901409149169921875" lon="127.0884843729436397552490234375">
        <ele>11</ele>
        <time>2026-09-14T09:04:40.000Z</time>
        <extensions>
          <ns3:TrackPointExtension>
            <ns3:hr>151</ns3:hr>
            <ns3:cad>84</ns3:cad>
          </ns3:TrackPointExtension>
        </extensions>
      </trkpt>
      <trkpt lat="37.51883533783257007598876953125" lon="127.08852318115532398223876953125">
        <ele>11</ele>
        <time>2026-09-14T09:04:41.000Z</time>
        <extensions>
          <ns3:TrackPointExtension>
            <ns3:hr>151</ns3:hr>
            <ns3:cad>84</ns3:cad>
          </ns3:TrackPointExtension>
        </extensions>
      </trkpt>
      <trkpt lat="37.51884573139250278472900390625" lon="127.0885541103780269622802734375">
        <ele>11</ele>
        <time>2026-09-14T09:04:42.000Z</time>
        <extensions>
          <ns3:TrackPointExtension>
            <ns3:hr>152</ns3:hr>
            <ns3:cad>83</ns3:cad>
          </ns3:TrackPointExtension>
        </extensions>
      </trkpt>
      <trkpt lat="37.51885947771370410919189453125" lon="127.0886064134538173675537109375">
        <ele>11</ele>
        <time>2026-09-14T09:04:43.000Z</time>
        <extensions>
          <ns3:TrackPointExtension>
            <ns3:hr>151</ns3:hr>
            <ns3:cad>83</ns3:cad>
          </ns3:TrackPointExtension>
        </extensions>
      </trkpt>
      <trkpt lat="37.5188686139881610870361328125" lon="127.0886380970478057861328125">
        <ele>11</ele>
        <time>2026-09-14T09:04:44.000Z</time>
        <extensions>
          <ns3:TrackPointExtension>
            <ns3:hr>151</ns3:hr>
            <ns3:cad>83</ns3:cad>
          </ns3:TrackPointExtension>
        </extensions>
      </trkpt>
      <trkpt lat="37.5188790075480937957763671875" lon="127.08868109621107578277587890625">
        <ele>11.19999980926513671875</ele>
        <time>2026-09-14T09:04:45.000Z</time>
        <extensions>
          <ns3:TrackPointExtension>
            <ns3:hr>151</ns3:hr>
            <ns3:cad>83</ns3:cad>
          </ns3:TrackPointExtension>
        </extensions>
      </trkpt>
      <trkpt lat="37.51888244412839412689208984375" lon="127.08872199989855289459228515625">
        <ele>11</ele>
        <time>2026-09-14T09:04:46.000Z</time>
        <extensions>
          <ns3:TrackPointExtension>
            <ns3:hr>151</ns3:hr>
            <ns3:cad>84</ns3:cad>
          </ns3:TrackPointExtension>
        </extensions>
      </trkpt>
      <trkpt lat="37.5188867188990116119384765625" lon="127.08875904791057109832763671875">
        <ele>11</ele>
        <time>2026-09-14T09:04:47.000Z</time>
        <extensions>
          <ns3:TrackPointExtension>
            <ns3:hr>151</ns3:hr>
            <ns3:cad>84</ns3:cad>
          </ns3:TrackPointExtension>
        </extensions>
      </trkpt>
      <trkpt lat="37.51888948492705821990966796875" lon="127.0888035558164119720458984375">
        <ele>11.19999980926513671875</ele>
        <time>2026-09-14T09:04:48.000Z</time>
        <extensions>
          <ns3:TrackPointExtension>
            <ns3:hr>151</ns3:hr>
            <ns3:cad>84</ns3:cad>
          </ns3:TrackPointExtension>
        </extensions>
      </trkpt>
      <trkpt lat="37.51889602281153202056884765625" lon="127.08883146755397319793701171875">
        <ele>11.19999980926513671875</ele>
        <time>2026-09-14T09:04:49.000Z</time>
        <extensions>
          <ns3:TrackPointExtension>
            <ns3:hr>152</ns3:hr>
            <ns3:cad>84</ns3:cad>
          </ns3:TrackPointExtension>
        </extensions>
      </trkpt>
      <trkpt lat="37.518901638686656951904296875" lon="127.08887404762208461761474609375">
        <ele>11</ele>
        <time>2026-09-14T09:04:50.000Z</time>
        <extensions>
          <ns3:TrackPointExtension>
            <ns3:hr>151</ns3:hr>
            <ns3:cad>84</ns3:cad>
          </ns3:TrackPointExtension>
        </extensions>
      </trkpt>
      <trkpt lat="37.5189018063247203826904296875" lon="127.0889108441770076751708984375">
        <ele>11</ele>
        <time>2026-09-14T09:04:51.000Z</time>
        <extensions>
          <ns3:TrackPointExtension>
            <ns3:hr>151</ns3:hr>
            <ns3:cad>84</ns3:cad>
          </ns3:TrackPointExtension>
        </extensions>
      </trkpt>
      <trkpt lat="37.51890826039016246795654296875" lon="127.08895233459770679473876953125">
        <ele>11</ele>
        <time>2026-09-14T09:04:52.000Z</time>
        <extensions>
          <ns3:TrackPointExtension>
            <ns3:hr>151</ns3:hr>
            <ns3:cad>84</ns3:cad>
          </ns3:TrackPointExtension>
        </extensions>
      </trkpt>
      <trkpt lat="37.5189165584743022918701171875" lon="127.0889973454177379608154296875">
        <ele>11</ele>
        <time>2026-09-14T09:04:53.000Z</time>
        <extensions>
          <ns3:TrackPointExtension>
            <ns3:hr>152</ns3:hr>
            <ns3:cad>84</ns3:cad>
          </ns3:TrackPointExtension>
        </extensions>
      </trkpt>
      <trkpt lat="37.51892552711069583892822265625" lon="127.089030034840106964111328125">
        <ele>10.80000019073486328125</ele>
        <time>2026-09-14T09:04:54.000Z</time>
        <extensions>
          <ns3:TrackPointExtension>
            <ns3:hr>151</ns3:hr>
            <ns3:cad>84</ns3:cad>
          </ns3:TrackPointExtension>
        </extensions>
      </trkpt>
      <trkpt lat="37.5189262814819812774658203125" lon="127.08907672204077243804931640625">
        <ele>11</ele>
        <time>2026-09-14T09:04:55.000Z</time>
        <extensions>
          <ns3:TrackPointExtension>
            <ns3:hr>151</ns3:hr>
            <ns3:cad>85</ns3:cad>
          </ns3:TrackPointExtension>
        </extensions>
      </trkpt>
      <trkpt lat="37.518925108015537261962890625" lon="127.08911511115729808807373046875">
        <ele>11</ele>
        <time>2026-09-14T09:04:56.000Z</time>
        <extensions>
          <ns3:TrackPointExtension>
            <ns3:hr>151</ns3:hr>
            <ns3:cad>85</ns3:cad>
          </ns3:TrackPointExtension>
        </extensions>
      </trkpt>
      <trkpt lat="37.51893340609967708587646484375" lon="127.0891566015779972076416015625">
        <ele>11</ele>
        <time>2026-09-14T09:04:57.000Z</time>
        <extensions>
          <ns3:TrackPointExtension>
            <ns3:hr>151</ns3:hr>
            <ns3:cad>84</ns3:cad>
          </ns3:TrackPointExtension>
        </extensions>
      </trkpt>
      <trkpt lat="37.5189353339374065399169921875" lon="127.08919993601739406585693359375">
        <ele>11</ele>
        <time>2026-09-14T09:04:58.000Z</time>
        <extensions>
          <ns3:TrackPointExtension>
            <ns3:hr>151</ns3:hr>
            <ns3:cad>84</ns3:cad>
          </ns3:TrackPointExtension>
        </extensions>
      </trkpt>
      <trkpt lat="37.51894212327897548675537109375" lon="127.089234553277492523193359375">
        <ele>11</ele>
        <time>2026-09-14T09:04:59.000Z</time>
        <extensions>
          <ns3:TrackPointExtension>
            <ns3:hr>151</ns3:hr>
            <ns3:cad>84</ns3:cad>
          </ns3:TrackPointExtension>
        </extensions>
      </trkpt>
      <trkpt lat="37.518946230411529541015625" lon="127.08928786218166351318359375">
        <ele>11</ele>
        <time>2026-09-14T09:05:00.000Z</time>
        <extensions>
          <ns3:TrackPointExtension>
            <ns3:hr>151</ns3:hr>
            <ns3:cad>84</ns3:cad>
          </ns3:TrackPointExtension>
        </extensions>
      </trkpt>
      <trkpt lat="37.51894815824925899505615234375" lon="127.08932935260236263275146484375">
        <ele>11</ele>
        <time>2026-09-14T09:05:01.000Z</time>
        <extensions>
          <ns3:TrackPointExtension>
            <ns3:hr>151</ns3:hr>
            <ns3:cad>84</ns3:cad>
          </ns3:TrackPointExtension>
        </extensions>
      </trkpt>
      <trkpt lat="37.51895721070468425750732421875" lon="127.08937210030853748321533203125">
        <ele>11</ele>
        <time>2026-09-14T09:05:02.000Z</time>
        <extensions>
          <ns3:TrackPointExtension>
            <ns3:hr>151</ns3:hr>
            <ns3:cad>84</ns3:cad>
          </ns3:TrackPointExtension>
        </extensions>
      </trkpt>
      <trkpt lat="37.5189628265798091888427734375" lon="127.0894154347479343414306640625">
        <ele>11.19999980926513671875</ele>
        <time>2026-09-14T09:05:03.000Z</time>
        <extensions>
          <ns3:TrackPointExtension>
            <ns3:hr>151</ns3:hr>
            <ns3:cad>84</ns3:cad>
          </ns3:TrackPointExtension>
        </extensions>
      </trkpt>
      <trkpt lat="37.51897363923490047454833984375" lon="127.08944569341838359832763671875">
        <ele>11.19999980926513671875</ele>
        <time>2026-09-14T09:05:04.000Z</time>
        <extensions>
          <ns3:TrackPointExtension>
            <ns3:hr>151</ns3:hr>
            <ns3:cad>84</ns3:cad>
          </ns3:TrackPointExtension>
        </extensions>
      </trkpt>
      <trkpt lat="37.51897799782454967498779296875" lon="127.08948793821036815643310546875">
        <ele>11</ele>
        <time>2026-09-14T09:05:05.000Z</time>
        <extensions>
          <ns3:TrackPointExtension>
            <ns3:hr>151</ns3:hr>
            <ns3:cad>84</ns3:cad>
          </ns3:TrackPointExtension>
        </extensions>
      </trkpt>
      <trkpt lat="37.5189873017370700836181640625" lon="127.0895240642130374908447265625">
        <ele>11</ele>
        <time>2026-09-14T09:05:06.000Z</time>
        <extensions>
          <ns3:TrackPointExtension>
            <ns3:hr>151</ns3:hr>
            <ns3:cad>84</ns3:cad>
          </ns3:TrackPointExtension>
        </extensions>
      </trkpt>
      <trkpt lat="37.51899945549666881561279296875" lon="127.089563794434070587158203125">
        <ele>11</ele>
        <time>2026-09-14T09:05:07.000Z</time>
        <extensions>
          <ns3:TrackPointExtension>
            <ns3:hr>151</ns3:hr>
            <ns3:cad>84</ns3:cad>
          </ns3:TrackPointExtension>
        </extensions>
      </trkpt>
      <trkpt lat="37.51900884322822093963623046875" lon="127.0896010100841522216796875">
        <ele>11.19999980926513671875</ele>
        <time>2026-09-14T09:05:08.000Z</time>
        <extensions>
          <ns3:TrackPointExtension>
            <ns3:hr>151</ns3:hr>
            <ns3:cad>84</ns3:cad>
          </ns3:TrackPointExtension>
        </extensions>
      </trkpt>
      <trkpt lat="37.51902409829199314117431640625" lon="127.08963193930685520172119140625">
        <ele>11.19999980926513671875</ele>
        <time>2026-09-14T09:05:09.000Z</time>
        <extensions>
          <ns3:TrackPointExtension>
            <ns3:hr>151</ns3:hr>
            <ns3:cad>84</ns3:cad>
          </ns3:TrackPointExtension>
        </extensions>
      </trkpt>
      <trkpt lat="37.51903030090034008026123046875" lon="127.08968223072588443756103515625">
        <ele>11.3999996185302734375</ele>
        <time>2026-09-14T09:05:10.000Z</time>
        <extensions>
          <ns3:TrackPointExtension>
            <ns3:hr>152</ns3:hr>
            <ns3:cad>84</ns3:cad>
          </ns3:TrackPointExtension>
        </extensions>
      </trkpt>
      <trkpt lat="37.5190389342606067657470703125" lon="127.08971626125276088714599609375">
        <ele>11.3999996185302734375</ele>
        <time>2026-09-14T09:05:11.000Z</time>
        <extensions>
          <ns3:TrackPointExtension>
            <ns3:hr>152</ns3:hr>
            <ns3:cad>84</ns3:cad>
          </ns3:TrackPointExtension>
        </extensions>
      </trkpt>
      <trkpt lat="37.5190469808876514434814453125" lon="127.08976085297763347625732421875">
        <ele>11.3999996185302734375</ele>
        <time>2026-09-14T09:05:12.000Z</time>
        <extensions>
          <ns3:TrackPointExtension>
            <ns3:hr>152</ns3:hr>
            <ns3:cad>84</ns3:cad>
          </ns3:TrackPointExtension>
        </extensions>
      </trkpt>
      <trkpt lat="37.51905142329633235931396484375" lon="127.08979555405676364898681640625">
        <ele>11.3999996185302734375</ele>
        <time>2026-09-14T09:05:13.000Z</time>
        <extensions>
          <ns3:TrackPointExtension>
            <ns3:hr>153</ns3:hr>
            <ns3:cad>84</ns3:cad>
          </ns3:TrackPointExtension>
        </extensions>
      </trkpt>
      <trkpt lat="37.5190627388656139373779296875" lon="127.08983444608747959136962890625">
        <ele>11.19999980926513671875</ele>
        <time>2026-09-14T09:05:14.000Z</time>
        <extensions>
          <ns3:TrackPointExtension>
            <ns3:hr>153</ns3:hr>
            <ns3:cad>85</ns3:cad>
          </ns3:TrackPointExtension>
        </extensions>
      </trkpt>
      <trkpt lat="37.5190660916268825531005859375" lon="127.0898871682584285736083984375">
        <ele>11.19999980926513671875</ele>
        <time>2026-09-14T09:05:15.000Z</time>
        <extensions>
          <ns3:TrackPointExtension>
            <ns3:hr>153</ns3:hr>
            <ns3:cad>85</ns3:cad>
          </ns3:TrackPointExtension>
        </extensions>
      </trkpt>
      <trkpt lat="37.519074641168117523193359375" lon="127.089920528233051300048828125">
        <ele>11.19999980926513671875</ele>
        <time>2026-09-14T09:05:16.000Z</time>
        <extensions>
          <ns3:TrackPointExtension>
            <ns3:hr>154</ns3:hr>
            <ns3:cad>85</ns3:cad>
          </ns3:TrackPointExtension>
        </extensions>
      </trkpt>
      <trkpt lat="37.5190830230712890625" lon="127.08997224457561969757080078125">
        <ele>11.19999980926513671875</ele>
        <time>2026-09-14T09:05:17.000Z</time>
        <extensions>
          <ns3:TrackPointExtension>
            <ns3:hr>154</ns3:hr>
            <ns3:cad>85</ns3:cad>
          </ns3:TrackPointExtension>
        </extensions>
      </trkpt>
      <trkpt lat="37.5190955959260463714599609375" lon="127.09000728093087673187255859375">
        <ele>11.19999980926513671875</ele>
        <time>2026-09-14T09:05:18.000Z</time>
        <extensions>
          <ns3:TrackPointExtension>
            <ns3:hr>154</ns3:hr>
            <ns3:cad>85</ns3:cad>
          </ns3:TrackPointExtension>
        </extensions>
      </trkpt>
      <trkpt lat="37.5191058218479156494140625" lon="127.09005421958863735198974609375">
        <ele>11.19999980926513671875</ele>
        <time>2026-09-14T09:05:19.000Z</time>
        <extensions>
          <ns3:TrackPointExtension>
            <ns3:hr>154</ns3:hr>
            <ns3:cad>85</ns3:cad>
          </ns3:TrackPointExtension>
        </extensions>
      </trkpt>
      <trkpt lat="37.519108839333057403564453125" lon="127.0901010744273662567138671875">
        <ele>11.19999980926513671875</ele>
        <time>2026-09-14T09:05:20.000Z</time>
        <extensions>
          <ns3:TrackPointExtension>
            <ns3:hr>153</ns3:hr>
            <ns3:cad>85</ns3:cad>
          </ns3:TrackPointExtension>
        </extensions>
      </trkpt>
      <trkpt lat="37.51911931671202182769775390625" lon="127.09013703279197216033935546875">
        <ele>11.19999980926513671875</ele>
        <time>2026-09-14T09:05:21.000Z</time>
        <extensions>
          <ns3:TrackPointExtension>
            <ns3:hr>154</ns3:hr>
            <ns3:cad>85</ns3:cad>
          </ns3:TrackPointExtension>
        </extensions>
      </trkpt>
      <trkpt lat="37.519124262034893035888671875" lon="127.09017299115657806396484375">
        <ele>11.19999980926513671875</ele>
        <time>2026-09-14T09:05:22.000Z</time>
        <extensions>
          <ns3:TrackPointExtension>
            <ns3:hr>154</ns3:hr>
            <ns3:cad>85</ns3:cad>
          </ns3:TrackPointExtension>
        </extensions>
      </trkpt>
      <trkpt lat="37.5191318057477474212646484375" lon="127.09020358510315418243408203125">
        <ele>11.19999980926513671875</ele>
        <time>2026-09-14T09:05:23.000Z</time>
        <extensions>
          <ns3:TrackPointExtension>
            <ns3:hr>154</ns3:hr>
            <ns3:cad>85</ns3:cad>
          </ns3:TrackPointExtension>
        </extensions>
      </trkpt>
      <trkpt lat="37.5191425345838069915771484375" lon="127.0902439020574092864990234375">
        <ele>11</ele>
        <time>2026-09-14T09:05:24.000Z</time>
        <extensions>
          <ns3:TrackPointExtension>
            <ns3:hr>154</ns3:hr>
            <ns3:cad>85</ns3:cad>
          </ns3:TrackPointExtension>
        </extensions>
      </trkpt>
      <trkpt lat="37.5191460549831390380859375" lon="127.09028824232518672943115234375">
        <ele>11</ele>
        <time>2026-09-14T09:05:25.000Z</time>
        <extensions>
          <ns3:TrackPointExtension>
            <ns3:hr>153</ns3:hr>
            <ns3:cad>85</ns3:cad>
          </ns3:TrackPointExtension>
        </extensions>
      </trkpt>
      <trkpt lat="37.5191549398005008697509765625" lon="127.0903236977756023406982421875">
        <ele>11</ele>
        <time>2026-09-14T09:05:26.000Z</time>
        <extensions>
          <ns3:TrackPointExtension>
            <ns3:hr>154</ns3:hr>
            <ns3:cad>85</ns3:cad>
          </ns3:TrackPointExtension>
        </extensions>
      </trkpt>
      <trkpt lat="37.51915887929499149322509765625" lon="127.0903753302991390228271484375">
        <ele>11.19999980926513671875</ele>
        <time>2026-09-14T09:05:27.000Z</time>
        <extensions>
          <ns3:TrackPointExtension>
            <ns3:hr>154</ns3:hr>
            <ns3:cad>84</ns3:cad>
          </ns3:TrackPointExtension>
        </extensions>
      </trkpt>
      <trkpt lat="37.51916910521686077117919921875" lon="127.09040525369346141815185546875">
        <ele>11.19999980926513671875</ele>
        <time>2026-09-14T09:05:28.000Z</time>
        <extensions>
          <ns3:TrackPointExtension>
            <ns3:hr>154</ns3:hr>
            <ns3:cad>84</ns3:cad>
          </ns3:TrackPointExtension>
        </extensions>
      </trkpt>
      <trkpt lat="37.51917882822453975677490234375" lon="127.09045219235122203826904296875">
        <ele>11.19999980926513671875</ele>
        <time>2026-09-14T09:05:29.000Z</time>
        <extensions>
          <ns3:TrackPointExtension>
            <ns3:hr>153</ns3:hr>
            <ns3:cad>84</ns3:cad>
          </ns3:TrackPointExtension>
        </extensions>
      </trkpt>
      <trkpt lat="37.51918368972837924957275390625" lon="127.0904943533241748809814453125">
        <ele>11.19999980926513671875</ele>
        <time>2026-09-14T09:05:30.000Z</time>
        <extensions>
          <ns3:TrackPointExtension>
            <ns3:hr>154</ns3:hr>
            <ns3:cad>84</ns3:cad>
          </ns3:TrackPointExtension>
        </extensions>
      </trkpt>
      <trkpt lat="37.5191938318312168121337890625" lon="127.0905290544033050537109375">
        <ele>11.19999980926513671875</ele>
        <time>2026-09-14T09:05:31.000Z</time>
        <extensions>
          <ns3:TrackPointExtension>
            <ns3:hr>154</ns3:hr>
            <ns3:cad>84</ns3:cad>
          </ns3:TrackPointExtension>
        </extensions>
      </trkpt>
      <trkpt lat="37.51920246519148349761962890625" lon="127.0905811898410320281982421875">
        <ele>11.19999980926513671875</ele>
        <time>2026-09-14T09:05:32.000Z</time>
        <extensions>
          <ns3:TrackPointExtension>
            <ns3:hr>154</ns3:hr>
            <ns3:cad>84</ns3:cad>
          </ns3:TrackPointExtension>
        </extensions>
      </trkpt>
      <trkpt lat="37.51921302638947963714599609375" lon="127.0906086824834346771240234375">
        <ele>11.19999980926513671875</ele>
        <time>2026-09-14T09:05:33.000Z</time>
        <extensions>
          <ns3:TrackPointExtension>
            <ns3:hr>153</ns3:hr>
            <ns3:cad>84</ns3:cad>
          </ns3:TrackPointExtension>
        </extensions>
      </trkpt>
      <trkpt lat="37.51922777853906154632568359375" lon="127.090655453503131866455078125">
        <ele>11.3999996185302734375</ele>
        <time>2026-09-14T09:05:34.000Z</time>
        <extensions>
          <ns3:TrackPointExtension>
            <ns3:hr>154</ns3:hr>
            <ns3:cad>84</ns3:cad>
          </ns3:TrackPointExtension>
        </extensions>
      </trkpt>
      <trkpt lat="37.5192394293844699859619140625" lon="127.09068805910646915435791015625">
        <ele>11.3999996185302734375</ele>
        <time>2026-09-14T09:05:35.000Z</time>
        <extensions>
          <ns3:TrackPointExtension>
            <ns3:hr>154</ns3:hr>
            <ns3:cad>84</ns3:cad>
          </ns3:TrackPointExtension>
        </extensions>
      </trkpt>
      <trkpt lat="37.51924873329699039459228515625" lon="127.0907216705381870269775390625">
        <ele>11.3999996185302734375</ele>
        <time>2026-09-14T09:05:36.000Z</time>
        <extensions>
          <ns3:TrackPointExtension>
            <ns3:hr>153</ns3:hr>
            <ns3:cad>84</ns3:cad>
          </ns3:TrackPointExtension>
        </extensions>
      </trkpt>
      <trkpt lat="37.5192545168101787567138671875" lon="127.09076852537691593170166015625">
        <ele>11.19999980926513671875</ele>
        <time>2026-09-14T09:05:37.000Z</time>
        <extensions>
          <ns3:TrackPointExtension>
            <ns3:hr>154</ns3:hr>
            <ns3:cad>84</ns3:cad>
          </ns3:TrackPointExtension>
        </extensions>
      </trkpt>
      <trkpt lat="37.51926415599882602691650390625" lon="127.09079199470579624176025390625">
        <ele>11.19999980926513671875</ele>
        <time>2026-09-14T09:05:38.000Z</time>
        <extensions>
          <ns3:TrackPointExtension>
            <ns3:hr>154</ns3:hr>
            <ns3:cad>85</ns3:cad>
          </ns3:TrackPointExtension>
        </extensions>
      </trkpt>
      <trkpt lat="37.5192746333777904510498046875" lon="127.09083926863968372344970703125">
        <ele>11.19999980926513671875</ele>
        <time>2026-09-14T09:05:39.000Z</time>
        <extensions>
          <ns3:TrackPointExtension>
            <ns3:hr>153</ns3:hr>
            <ns3:cad>85</ns3:cad>
          </ns3:TrackPointExtension>
        </extensions>
      </trkpt>
      <trkpt lat="37.51928963698446750640869140625" lon="127.09086860530078411102294921875">
        <ele>11.19999980926513671875</ele>
        <time>2026-09-14T09:05:40.000Z</time>
        <extensions>
          <ns3:TrackPointExtension>
            <ns3:hr>154</ns3:hr>
            <ns3:cad>84</ns3:cad>
          </ns3:TrackPointExtension>
        </extensions>
      </trkpt>
      <trkpt lat="37.5192997790873050689697265625" lon="127.09090900607407093048095703125">
        <ele>11.19999980926513671875</ele>
        <time>2026-09-14T09:05:41.000Z</time>
        <extensions>
          <ns3:TrackPointExtension>
            <ns3:hr>153</ns3:hr>
            <ns3:cad>84</ns3:cad>
          </ns3:TrackPointExtension>
        </extensions>
      </trkpt>
      <trkpt lat="37.51930422149598598480224609375" lon="127.0909577049314975738525390625">
        <ele>11.19999980926513671875</ele>
        <time>2026-09-14T09:05:42.000Z</time>
        <extensions>
          <ns3:TrackPointExtension>
            <ns3:hr>153</ns3:hr>
            <ns3:cad>84</ns3:cad>
          </ns3:TrackPointExtension>
        </extensions>
      </trkpt>
      <trkpt lat="37.51931226812303066253662109375" lon="127.09098704159259796142578125">
        <ele>11.19999980926513671875</ele>
        <time>2026-09-14T09:05:43.000Z</time>
        <extensions>
          <ns3:TrackPointExtension>
            <ns3:hr>153</ns3:hr>
            <ns3:cad>84</ns3:cad>
          </ns3:TrackPointExtension>
        </extensions>
      </trkpt>
      <trkpt lat="37.519316375255584716796875" lon="127.09103607572615146636962890625">
        <ele>11.3999996185302734375</ele>
        <time>2026-09-14T09:05:44.000Z</time>
        <extensions>
          <ns3:TrackPointExtension>
            <ns3:hr>153</ns3:hr>
            <ns3:cad>84</ns3:cad>
          </ns3:TrackPointExtension>
        </extensions>
      </trkpt>
      <trkpt lat="37.5193289481103420257568359375" lon="127.09106222726404666900634765625">
        <ele>11.3999996185302734375</ele>
        <time>2026-09-14T09:05:45.000Z</time>
        <extensions>
          <ns3:TrackPointExtension>
            <ns3:hr>154</ns3:hr>
            <ns3:cad>84</ns3:cad>
          </ns3:TrackPointExtension>
        </extensions>
      </trkpt>
      <trkpt lat="37.51933976076543331146240234375" lon="127.09110128693282604217529296875">
        <ele>11.3999996185302734375</ele>
        <time>2026-09-14T09:05:46.000Z</time>
        <extensions>
          <ns3:TrackPointExtension>
            <ns3:hr>153</ns3:hr>
            <ns3:cad>84</ns3:cad>
          </ns3:TrackPointExtension>
        </extensions>
      </trkpt>
      <trkpt lat="37.519350238144397735595703125" lon="127.09113900549709796905517578125">
        <ele>11.3999996185302734375</ele>
        <time>2026-09-14T09:05:47.000Z</time>
        <extensions>
          <ns3:TrackPointExtension>
            <ns3:hr>153</ns3:hr>
            <ns3:cad>84</ns3:cad>
          </ns3:TrackPointExtension>
        </extensions>
      </trkpt>
      <trkpt lat="37.51936289481818675994873046875" lon="127.091174460947513580322265625">
        <ele>11.3999996185302734375</ele>
        <time>2026-09-14T09:05:48.000Z</time>
        <extensions>
          <ns3:TrackPointExtension>
            <ns3:hr>153</ns3:hr>
            <ns3:cad>84</ns3:cad>
          </ns3:TrackPointExtension>
        </extensions>
      </trkpt>
      <trkpt lat="37.51937462948262691497802734375" lon="127.09122131578624248504638671875">
        <ele>11.3999996185302734375</ele>
        <time>2026-09-14T09:05:49.000Z</time>
        <extensions>
          <ns3:TrackPointExtension>
            <ns3:hr>153</ns3:hr>
            <ns3:cad>84</ns3:cad>
          </ns3:TrackPointExtension>
        </extensions>
      </trkpt>
      <trkpt lat="37.51938720233738422393798828125" lon="127.09124989807605743408203125">
        <ele>11.3999996185302734375</ele>
        <time>2026-09-14T09:05:50.000Z</time>
        <extensions>
          <ns3:TrackPointExtension>
            <ns3:hr>153</ns3:hr>
            <ns3:cad>84</ns3:cad>
          </ns3:TrackPointExtension>
        </extensions>
      </trkpt>
      <trkpt lat="37.5194037146866321563720703125" lon="127.09129239432513713836669921875">
        <ele>11.19999980926513671875</ele>
        <time>2026-09-14T09:05:51.000Z</time>
        <extensions>
          <ns3:TrackPointExtension>
            <ns3:hr>153</ns3:hr>
            <ns3:cad>84</ns3:cad>
          </ns3:TrackPointExtension>
        </extensions>
      </trkpt>
      <trkpt lat="37.51941838301718235015869140625" lon="127.0913342200219631195068359375">
        <ele>11.19999980926513671875</ele>
        <time>2026-09-14T09:05:52.000Z</time>
        <extensions>
          <ns3:TrackPointExtension>
            <ns3:hr>153</ns3:hr>
            <ns3:cad>84</ns3:cad>
          </ns3:TrackPointExtension>
        </extensions>
      </trkpt>
      <trkpt lat="37.51943548209965229034423828125" lon="127.091364227235317230224609375">
        <ele>11.19999980926513671875</ele>
        <time>2026-09-14T09:05:53.000Z</time>
        <extensions>
          <ns3:TrackPointExtension>
            <ns3:hr>153</ns3:hr>
            <ns3:cad>85</ns3:cad>
          </ns3:TrackPointExtension>
        </extensions>
      </trkpt>
      <trkpt lat="37.51944503746926784515380859375" lon="127.09141083061695098876953125">
        <ele>11.19999980926513671875</ele>
        <time>2026-09-14T09:05:54.000Z</time>
        <extensions>
          <ns3:TrackPointExtension>
            <ns3:hr>153</ns3:hr>
            <ns3:cad>85</ns3:cad>
          </ns3:TrackPointExtension>
        </extensions>
      </trkpt>
      <trkpt lat="37.519460208714008331298828125" lon="127.09143857471644878387451171875">
        <ele>11.19999980926513671875</ele>
        <time>2026-09-14T09:05:55.000Z</time>
        <extensions>
          <ns3:TrackPointExtension>
            <ns3:hr>153</ns3:hr>
            <ns3:cad>85</ns3:cad>
          </ns3:TrackPointExtension>
        </extensions>
      </trkpt>
      <trkpt lat="37.51947529613971710205078125" lon="127.0914793945848941802978515625">
        <ele>11.3999996185302734375</ele>
        <time>2026-09-14T09:05:56.000Z</time>
        <extensions>
          <ns3:TrackPointExtension>
            <ns3:hr>154</ns3:hr>
            <ns3:cad>84</ns3:cad>
          </ns3:TrackPointExtension>
        </extensions>
      </trkpt>
      <trkpt lat="37.519488371908664703369140625" lon="127.0915134251117706298828125">
        <ele>11.3999996185302734375</ele>
        <time>2026-09-14T09:05:57.000Z</time>
        <extensions>
          <ns3:TrackPointExtension>
            <ns3:hr>153</ns3:hr>
            <ns3:cad>84</ns3:cad>
          </ns3:TrackPointExtension>
        </extensions>
      </trkpt>
      <trkpt lat="37.519504129886627197265625" lon="127.09154418669641017913818359375">
        <ele>11.3999996185302734375</ele>
        <time>2026-09-14T09:05:58.000Z</time>
        <extensions>
          <ns3:TrackPointExtension>
            <ns3:hr>153</ns3:hr>
            <ns3:cad>84</ns3:cad>
          </ns3:TrackPointExtension>
        </extensions>
      </trkpt>
      <trkpt lat="37.51950790174305438995361328125" lon="127.09159229882061481475830078125">
        <ele>11.6000003814697265625</ele>
        <time>2026-09-14T09:05:59.000Z</time>
        <extensions>
          <ns3:TrackPointExtension>
            <ns3:hr>154</ns3:hr>
            <ns3:cad>84</ns3:cad>
          </ns3:TrackPointExtension>
        </extensions>
      </trkpt>
      <trkpt lat="37.51950907520949840545654296875" lon="127.09162549115717411041259765625">
        <ele>11.6000003814697265625</ele>
        <time>2026-09-14T09:06:00.000Z</time>
        <extensions>
          <ns3:TrackPointExtension>
            <ns3:hr>154</ns3:hr>
            <ns3:cad>84</ns3:cad>
          </ns3:TrackPointExtension>
        </extensions>
      </trkpt>
      <trkpt lat="37.5194959156215190887451171875" lon="127.09166228771209716796875">
        <ele>11.6000003814697265625</ele>
        <time>2026-09-14T09:06:01.000Z</time>
        <extensions>
          <ns3:TrackPointExtension>
            <ns3:hr>154</ns3:hr>
            <ns3:cad>84</ns3:cad>
          </ns3:TrackPointExtension>
        </extensions>
      </trkpt>
      <trkpt lat="37.519462220370769500732421875" lon="127.09168751724064350128173828125">
        <ele>11.6000003814697265625</ele>
        <time>2026-09-14T09:06:02.000Z</time>
        <extensions>
          <ns3:TrackPointExtension>
            <ns3:hr>154</ns3:hr>
            <ns3:cad>84</ns3:cad>
          </ns3:TrackPointExtension>
        </extensions>
      </trkpt>
      <trkpt lat="37.51942827366292476654052734375" lon="127.09170453250408172607421875">
        <ele>11.80000019073486328125</ele>
        <time>2026-09-14T09:06:03.000Z</time>
        <extensions>
          <ns3:TrackPointExtension>
            <ns3:hr>154</ns3:hr>
            <ns3:cad>84</ns3:cad>
          </ns3:TrackPointExtension>
        </extensions>
      </trkpt>
      <trkpt lat="37.51938753761351108551025390625" lon="127.09171383641660213470458984375">
        <ele>11.6000003814697265625</ele>
        <time>2026-09-14T09:06:04.000Z</time>
        <extensions>
          <ns3:TrackPointExtension>
            <ns3:hr>153</ns3:hr>
            <ns3:cad>83</ns3:cad>
          </ns3:TrackPointExtension>
        </extensions>
      </trkpt>
      <trkpt lat="37.5193564407527446746826171875" lon="127.09172464907169342041015625">
        <ele>11.6000003814697265625</ele>
        <time>2026-09-14T09:06:05.000Z</time>
        <extensions>
          <ns3:TrackPointExtension>
            <ns3:hr>154</ns3:hr>
            <ns3:cad>83</ns3:cad>
          </ns3:TrackPointExtension>
        </extensions>
      </trkpt>
      <trkpt lat="37.5193386711180210113525390625" lon="127.09175574593245983123779296875">
        <ele>11.6000003814697265625</ele>
        <time>2026-09-14T09:06:06.000Z</time>
        <extensions>
          <ns3:TrackPointExtension>
            <ns3:hr>154</ns3:hr>
            <ns3:cad>83</ns3:cad>
          </ns3:TrackPointExtension>
        </extensions>
      </trkpt>
      <trkpt lat="37.51933355815708637237548828125" lon="127.09179514087736606597900390625">
        <ele>11.6000003814697265625</ele>
        <time>2026-09-14T09:06:07.000Z</time>
        <extensions>
          <ns3:TrackPointExtension>
            <ns3:hr>153</ns3:hr>
            <ns3:cad>84</ns3:cad>
          </ns3:TrackPointExtension>
        </extensions>
      </trkpt>
      <trkpt lat="37.51934646628797054290771484375" lon="127.091826237738132476806640625">
        <ele>11.6000003814697265625</ele>
        <time>2026-09-14T09:06:08.000Z</time>
        <extensions>
          <ns3:TrackPointExtension>
            <ns3:hr>154</ns3:hr>
            <ns3:cad>84</ns3:cad>
          </ns3:TrackPointExtension>
        </extensions>
      </trkpt>
      <trkpt lat="37.5193577818572521209716796875" lon="127.091871835291385650634765625">
        <ele>11.6000003814697265625</ele>
        <time>2026-09-14T09:06:09.000Z</time>
        <extensions>
          <ns3:TrackPointExtension>
            <ns3:hr>154</ns3:hr>
            <ns3:cad>84</ns3:cad>
          </ns3:TrackPointExtension>
        </extensions>
      </trkpt>
      <trkpt lat="37.519375719130039215087890625" lon="127.09190377034246921539306640625">
        <ele>11.6000003814697265625</ele>
        <time>2026-09-14T09:06:10.000Z</time>
        <extensions>
          <ns3:TrackPointExtension>
            <ns3:hr>153</ns3:hr>
            <ns3:cad>84</ns3:cad>
          </ns3:TrackPointExtension>
        </extensions>
      </trkpt>
      <trkpt lat="37.51939374022185802459716796875" lon="127.09194450639188289642333984375">
        <ele>11.3999996185302734375</ele>
        <time>2026-09-14T09:06:11.000Z</time>
        <extensions>
          <ns3:TrackPointExtension>
            <ns3:hr>154</ns3:hr>
            <ns3:cad>83</ns3:cad>
          </ns3:TrackPointExtension>
        </extensions>
      </trkpt>
      <trkpt lat="37.519405893981456756591796875" lon="127.0919829793274402618408203125">
        <ele>11.3999996185302734375</ele>
        <time>2026-09-14T09:06:12.000Z</time>
        <extensions>
          <ns3:TrackPointExtension>
            <ns3:hr>154</ns3:hr>
            <ns3:cad>83</ns3:cad>
          </ns3:TrackPointExtension>
        </extensions>
      </trkpt>
      <trkpt lat="37.51941762864589691162109375" lon="127.09201290272176265716552734375">
        <ele>11.3999996185302734375</ele>
        <time>2026-09-14T09:06:13.000Z</time>
        <extensions>
          <ns3:TrackPointExtension>
            <ns3:hr>154</ns3:hr>
            <ns3:cad>83</ns3:cad>
          </ns3:TrackPointExtension>
        </extensions>
      </trkpt>
      <trkpt lat="37.5194238312542438507080078125" lon="127.0920597575604915618896484375">
        <ele>11.3999996185302734375</ele>
        <time>2026-09-14T09:06:14.000Z</time>
        <extensions>
          <ns3:TrackPointExtension>
            <ns3:hr>154</ns3:hr>
            <ns3:cad>83</ns3:cad>
          </ns3:TrackPointExtension>
        </extensions>
      </trkpt>
      <trkpt lat="37.5194379128515720367431640625" lon="127.0920855738222599029541015625">
        <ele>11.3999996185302734375</ele>
        <time>2026-09-14T09:06:15.000Z</time>
        <extensions>
          <ns3:TrackPointExtension>
            <ns3:hr>154</ns3:hr>
            <ns3:cad>83</ns3:cad>
          </ns3:TrackPointExtension>
        </extensions>
      </trkpt>
      <trkpt lat="37.51945358701050281524658203125" lon="127.09212656132876873016357421875">
        <ele>11.3999996185302734375</ele>
        <time>2026-09-14T09:06:16.000Z</time>
        <extensions>
          <ns3:TrackPointExtension>
            <ns3:hr>154</ns3:hr>
            <ns3:cad>83</ns3:cad>
          </ns3:TrackPointExtension>
        </extensions>
      </trkpt>
      <trkpt lat="37.51946649514138698577880859375" lon="127.09216260351240634918212890625">
        <ele>11.3999996185302734375</ele>
        <time>2026-09-14T09:06:17.000Z</time>
        <extensions>
          <ns3:TrackPointExtension>
            <ns3:hr>154</ns3:hr>
            <ns3:cad>83</ns3:cad>
          </ns3:TrackPointExtension>
        </extensions>
      </trkpt>
      <trkpt lat="37.51948091201484203338623046875" lon="127.09219529293477535247802734375">
        <ele>11.3999996185302734375</ele>
        <time>2026-09-14T09:06:18.000Z</time>
        <extensions>
          <ns3:TrackPointExtension>
            <ns3:hr>154</ns3:hr>
            <ns3:cad>83</ns3:cad>
          </ns3:TrackPointExtension>
        </extensions>
      </trkpt>
      <trkpt lat="37.51948677934706211090087890625" lon="127.09224357269704341888427734375">
        <ele>11.3999996185302734375</ele>
        <time>2026-09-14T09:06:19.000Z</time>
        <extensions>
          <ns3:TrackPointExtension>
            <ns3:hr>154</ns3:hr>
            <ns3:cad>84</ns3:cad>
          </ns3:TrackPointExtension>
        </extensions>
      </trkpt>
      <trkpt lat="37.51949918456375598907470703125" lon="127.09227207116782665252685546875">
        <ele>11.3999996185302734375</ele>
        <time>2026-09-14T09:06:20.000Z</time>
        <extensions>
          <ns3:TrackPointExtension>
            <ns3:hr>154</ns3:hr>
            <ns3:cad>84</ns3:cad>
          </ns3:TrackPointExtension>
        </extensions>
      </trkpt>
      <trkpt lat="37.51951150596141815185546875" lon="127.09230962209403514862060546875">
        <ele>11.3999996185302734375</ele>
        <time>2026-09-14T09:06:21.000Z</time>
        <extensions>
          <ns3:TrackPointExtension>
            <ns3:hr>154</ns3:hr>
            <ns3:cad>84</ns3:cad>
          </ns3:TrackPointExtension>
        </extensions>
      </trkpt>
      <trkpt lat="37.5195224024355411529541015625" lon="127.0923477597534656524658203125">
        <ele>11.3999996185302734375</ele>
        <time>2026-09-14T09:06:22.000Z</time>
        <extensions>
          <ns3:TrackPointExtension>
            <ns3:hr>154</ns3:hr>
            <ns3:cad>84</ns3:cad>
          </ns3:TrackPointExtension>
        </extensions>
      </trkpt>
      <trkpt lat="37.519540674984455108642578125" lon="127.092377431690692901611328125">
        <ele>11.3999996185302734375</ele>
        <time>2026-09-14T09:06:23.000Z</time>
        <extensions>
          <ns3:TrackPointExtension>
            <ns3:hr>154</ns3:hr>
            <ns3:cad>84</ns3:cad>
          </ns3:TrackPointExtension>
        </extensions>
      </trkpt>
      <trkpt lat="37.51954712904989719390869140625" lon="127.092426717281341552734375">
        <ele>11.3999996185302734375</ele>
        <time>2026-09-14T09:06:24.000Z</time>
        <extensions>
          <ns3:TrackPointExtension>
            <ns3:hr>154</ns3:hr>
            <ns3:cad>84</ns3:cad>
          </ns3:TrackPointExtension>
        </extensions>
      </trkpt>
      <trkpt lat="37.51956171356141567230224609375" lon="127.09245580248534679412841796875">
        <ele>11.3999996185302734375</ele>
        <time>2026-09-14T09:06:25.000Z</time>
        <extensions>
          <ns3:TrackPointExtension>
            <ns3:hr>154</ns3:hr>
            <ns3:cad>84</ns3:cad>
          </ns3:TrackPointExtension>
        </extensions>
      </trkpt>
      <trkpt lat="37.51957378350198268890380859375" lon="127.09249922074377536773681640625">
        <ele>11.3999996185302734375</ele>
        <time>2026-09-14T09:06:26.000Z</time>
        <extensions>
          <ns3:TrackPointExtension>
            <ns3:hr>154</ns3:hr>
            <ns3:cad>84</ns3:cad>
          </ns3:TrackPointExtension>
        </extensions>
      </trkpt>
      <trkpt lat="37.5195874460041522979736328125" lon="127.0925345085561275482177734375">
        <ele>11.3999996185302734375</ele>
        <time>2026-09-14T09:06:27.000Z</time>
        <extensions>
          <ns3:TrackPointExtension>
            <ns3:hr>154</ns3:hr>
            <ns3:cad>84</ns3:cad>
          </ns3:TrackPointExtension>
        </extensions>
      </trkpt>
      <trkpt lat="37.5195995159447193145751953125" lon="127.09256426431238651275634765625">
        <ele>11.19999980926513671875</ele>
        <time>2026-09-14T09:06:28.000Z</time>
        <extensions>
          <ns3:TrackPointExtension>
            <ns3:hr>154</ns3:hr>
            <ns3:cad>84</ns3:cad>
          </ns3:TrackPointExtension>
        </extensions>
      </trkpt>
      <trkpt lat="37.5196102447807788848876953125" lon="127.09261254407465457916259765625">
        <ele>11.3999996185302734375</ele>
        <time>2026-09-14T09:06:29.000Z</time>
        <extensions>
          <ns3:TrackPointExtension>
            <ns3:hr>154</ns3:hr>
            <ns3:cad>84</ns3:cad>
          </ns3:TrackPointExtension>
        </extensions>
      </trkpt>
      <trkpt lat="37.51962415874004364013671875" lon="127.0926350913941860198974609375">
        <ele>11.3999996185302734375</ele>
        <time>2026-09-14T09:06:30.000Z</time>
        <extensions>
          <ns3:TrackPointExtension>
            <ns3:hr>154</ns3:hr>
            <ns3:cad>84</ns3:cad>
          </ns3:TrackPointExtension>
        </extensions>
      </trkpt>
      <trkpt lat="37.51964067108929157257080078125" lon="127.09267683327198028564453125">
        <ele>11.3999996185302734375</ele>
        <time>2026-09-14T09:06:31.000Z</time>
        <extensions>
          <ns3:TrackPointExtension>
            <ns3:hr>154</ns3:hr>
            <ns3:cad>83</ns3:cad>
          </ns3:TrackPointExtension>
        </extensions>
      </trkpt>
      <trkpt lat="37.51965357922017574310302734375" lon="127.092706672847270965576171875">
        <ele>11.3999996185302734375</ele>
        <time>2026-09-14T09:06:32.000Z</time>
        <extensions>
          <ns3:TrackPointExtension>
            <ns3:hr>154</ns3:hr>
            <ns3:cad>83</ns3:cad>
          </ns3:TrackPointExtension>
        </extensions>
      </trkpt>
      <trkpt lat="37.51966246403753757476806640625" lon="127.0927366800606250762939453125">
        <ele>11.3999996185302734375</ele>
        <time>2026-09-14T09:06:33.000Z</time>
        <extensions>
          <ns3:TrackPointExtension>
            <ns3:hr>155</ns3:hr>
            <ns3:cad>84</ns3:cad>
          </ns3:TrackPointExtension>
        </extensions>
      </trkpt>
      <trkpt lat="37.51967738382518291473388671875" lon="127.092779092490673065185546875">
        <ele>11.3999996185302734375</ele>
        <time>2026-09-14T09:06:34.000Z</time>
        <extensions>
          <ns3:TrackPointExtension>
            <ns3:hr>154</ns3:hr>
            <ns3:cad>84</ns3:cad>
          </ns3:TrackPointExtension>
        </extensions>
      </trkpt>
      <trkpt lat="37.5196923874318599700927734375" lon="127.09279962815344333648681640625">
        <ele>11.3999996185302734375</ele>
        <time>2026-09-14T09:06:35.000Z</time>
        <extensions>
          <ns3:TrackPointExtension>
            <ns3:hr>154</ns3:hr>
            <ns3:cad>84</ns3:cad>
          </ns3:TrackPointExtension>
        </extensions>
      </trkpt>
      <trkpt lat="37.51970730721950531005859375" lon="127.092838101089000701904296875">
        <ele>11.3999996185302734375</ele>
        <time>2026-09-14T09:06:36.000Z</time>
        <extensions>
          <ns3:TrackPointExtension>
            <ns3:hr>154</ns3:hr>
            <ns3:cad>84</ns3:cad>
          </ns3:TrackPointExtension>
        </extensions>
      </trkpt>
      <trkpt lat="37.519717030227184295654296875" lon="127.09287590347230434417724609375">
        <ele>11.3999996185302734375</ele>
        <time>2026-09-14T09:06:37.000Z</time>
        <extensions>
          <ns3:TrackPointExtension>
            <ns3:hr>155</ns3:hr>
            <ns3:cad>84</ns3:cad>
          </ns3:TrackPointExtension>
        </extensions>
      </trkpt>
      <trkpt lat="37.51973035745322704315185546875" lon="127.092906497418880462646484375">
        <ele>11.3999996185302734375</ele>
        <time>2026-09-14T09:06:38.000Z</time>
        <extensions>
          <ns3:TrackPointExtension>
            <ns3:hr>154</ns3:hr>
            <ns3:cad>84</ns3:cad>
          </ns3:TrackPointExtension>
        </extensions>
      </trkpt>
      <trkpt lat="37.51974745653569698333740234375" lon="127.09294999949634075164794921875">
        <ele>11.3999996185302734375</ele>
        <time>2026-09-14T09:06:39.000Z</time>
        <extensions>
          <ns3:TrackPointExtension>
            <ns3:hr>155</ns3:hr>
            <ns3:cad>84</ns3:cad>
          </ns3:TrackPointExtension>
        </extensions>
      </trkpt>
      <trkpt lat="37.51976321451365947723388671875" lon="127.0929753966629505157470703125">
        <ele>11.3999996185302734375</ele>
        <time>2026-09-14T09:06:40.000Z</time>
        <extensions>
          <ns3:TrackPointExtension>
            <ns3:hr>155</ns3:hr>
            <ns3:cad>84</ns3:cad>
          </ns3:TrackPointExtension>
        </extensions>
      </trkpt>
      <trkpt lat="37.51977595500648021697998046875" lon="127.093016467988491058349609375">
        <ele>11.3999996185302734375</ele>
        <time>2026-09-14T09:06:41.000Z</time>
        <extensions>
          <ns3:TrackPointExtension>
            <ns3:hr>154</ns3:hr>
            <ns3:cad>84</ns3:cad>
          </ns3:TrackPointExtension>
        </extensions>
      </trkpt>
      <trkpt lat="37.51979523338377475738525390625" lon="127.09304471500217914581298828125">
        <ele>11.3999996185302734375</ele>
        <time>2026-09-14T09:06:42.000Z</time>
        <extensions>
          <ns3:TrackPointExtension>
            <ns3:hr>154</ns3:hr>
            <ns3:cad>84</ns3:cad>
          </ns3:TrackPointExtension>
        </extensions>
      </trkpt>
      <trkpt lat="37.51981233246624469757080078125" lon="127.0930769853293895721435546875">
        <ele>11.3999996185302734375</ele>
        <time>2026-09-14T09:06:43.000Z</time>
        <extensions>
          <ns3:TrackPointExtension>
            <ns3:hr>154</ns3:hr>
            <ns3:cad>84</ns3:cad>
          </ns3:TrackPointExtension>
        </extensions>
      </trkpt>
      <trkpt lat="37.51982289366424083709716796875" lon="127.093119062483310699462890625">
        <ele>11.3999996185302734375</ele>
        <time>2026-09-14T09:06:44.000Z</time>
        <extensions>
          <ns3:TrackPointExtension>
            <ns3:hr>155</ns3:hr>
            <ns3:cad>84</ns3:cad>
          </ns3:TrackPointExtension>
        </extensions>
      </trkpt>
      <trkpt lat="37.51983596943318843841552734375" lon="127.093144543468952178955078125">
        <ele>11.3999996185302734375</ele>
        <time>2026-09-14T09:06:45.000Z</time>
        <extensions>
          <ns3:TrackPointExtension>
            <ns3:hr>154</ns3:hr>
            <ns3:cad>84</ns3:cad>
          </ns3:TrackPointExtension>
        </extensions>
      </trkpt>
      <trkpt lat="37.519851140677928924560546875" lon="127.093192152678966522216796875">
        <ele>11.3999996185302734375</ele>
        <time>2026-09-14T09:06:46.000Z</time>
        <extensions>
          <ns3:TrackPointExtension>
            <ns3:hr>154</ns3:hr>
            <ns3:cad>84</ns3:cad>
          </ns3:TrackPointExtension>
        </extensions>
      </trkpt>
      <trkpt lat="37.5198714248836040496826171875" lon="127.0932112634181976318359375">
        <ele>11.3999996185302734375</ele>
        <time>2026-09-14T09:06:47.000Z</time>
        <extensions>
          <ns3:TrackPointExtension>
            <ns3:hr>154</ns3:hr>
            <ns3:cad>84</ns3:cad>
          </ns3:TrackPointExtension>
        </extensions>
      </trkpt>
      <trkpt lat="37.51989196054637432098388671875" lon="127.09324680268764495849609375">
        <ele>11.3999996185302734375</ele>
        <time>2026-09-14T09:06:48.000Z</time>
        <extensions>
          <ns3:TrackPointExtension>
            <ns3:hr>154</ns3:hr>
            <ns3:cad>84</ns3:cad>
          </ns3:TrackPointExtension>
        </extensions>
      </trkpt>
      <trkpt lat="37.51990553922951221466064453125" lon="127.09328577853739261627197265625">
        <ele>11.3999996185302734375</ele>
        <time>2026-09-14T09:06:49.000Z</time>
        <extensions>
          <ns3:TrackPointExtension>
            <ns3:hr>154</ns3:hr>
            <ns3:cad>84</ns3:cad>
          </ns3:TrackPointExtension>
        </extensions>
      </trkpt>
      <trkpt lat="37.5199227221310138702392578125" lon="127.09331092424690723419189453125">
        <ele>11.3999996185302734375</ele>
        <time>2026-09-14T09:06:50.000Z</time>
        <extensions>
          <ns3:TrackPointExtension>
            <ns3:hr>153</ns3:hr>
            <ns3:cad>84</ns3:cad>
          </ns3:TrackPointExtension>
        </extensions>
      </trkpt>
      <trkpt lat="37.519940994679927825927734375" lon="127.0933562703430652618408203125">
        <ele>11.19999980926513671875</ele>
        <time>2026-09-14T09:06:51.000Z</time>
        <extensions>
          <ns3:TrackPointExtension>
            <ns3:hr>152</ns3:hr>
            <ns3:cad>85</ns3:cad>
          </ns3:TrackPointExtension>
        </extensions>
      </trkpt>
      <trkpt lat="37.5199549086391925811767578125" lon="127.09338099695742130279541015625">
        <ele>11.19999980926513671875</ele>
        <time>2026-09-14T09:06:52.000Z</time>
        <extensions>
          <ns3:TrackPointExtension>
            <ns3:hr>152</ns3:hr>
            <ns3:cad>85</ns3:cad>
          </ns3:TrackPointExtension>
        </extensions>
      </trkpt>
      <trkpt lat="37.51997309736907482147216796875" lon="127.0934159494936466217041015625">
        <ele>11.3999996185302734375</ele>
        <time>2026-09-14T09:06:53.000Z</time>
        <extensions>
          <ns3:TrackPointExtension>
            <ns3:hr>152</ns3:hr>
            <ns3:cad>84</ns3:cad>
          </ns3:TrackPointExtension>
        </extensions>
      </trkpt>
      <trkpt lat="37.5199870951473712921142578125" lon="127.0934538356959819793701171875">
        <ele>11.6000003814697265625</ele>
        <time>2026-09-14T09:06:54.000Z</time>
        <extensions>
          <ns3:TrackPointExtension>
            <ns3:hr>152</ns3:hr>
            <ns3:cad>84</ns3:cad>
          </ns3:TrackPointExtension>
        </extensions>
      </trkpt>
      <trkpt lat="37.5199951417744159698486328125" lon="127.093480490148067474365234375">
        <ele>11.6000003814697265625</ele>
        <time>2026-09-14T09:06:55.000Z</time>
        <extensions>
          <ns3:TrackPointExtension>
            <ns3:hr>152</ns3:hr>
            <ns3:cad>84</ns3:cad>
          </ns3:TrackPointExtension>
        </extensions>
      </trkpt>
      <trkpt lat="37.5200124084949493408203125" lon="127.09352449513971805572509765625">
        <ele>11.6000003814697265625</ele>
        <time>2026-09-14T09:06:56.000Z</time>
        <extensions>
          <ns3:TrackPointExtension>
            <ns3:hr>152</ns3:hr>
            <ns3:cad>84</ns3:cad>
          </ns3:TrackPointExtension>
        </extensions>
      </trkpt>
      <trkpt lat="37.5200279988348484039306640625" lon="127.09355601109564304351806640625">
        <ele>11.80000019073486328125</ele>
        <time>2026-09-14T09:06:57.000Z</time>
        <extensions>
          <ns3:TrackPointExtension>
            <ns3:hr>151</ns3:hr>
            <ns3:cad>84</ns3:cad>
          </ns3:TrackPointExtension>
        </extensions>
      </trkpt>
      <trkpt lat="37.52004082314670085906982421875" lon="127.09359054453670978546142578125">
        <ele>11.80000019073486328125</ele>
        <time>2026-09-14T09:06:58.000Z</time>
        <extensions>
          <ns3:TrackPointExtension>
            <ns3:hr>152</ns3:hr>
            <ns3:cad>84</ns3:cad>
          </ns3:TrackPointExtension>
        </extensions>
      </trkpt>
      <trkpt lat="37.5200548209249973297119140625" lon="127.09362558089196681976318359375">
        <ele>11.80000019073486328125</ele>
        <time>2026-09-14T09:06:59.000Z</time>
        <extensions>
          <ns3:TrackPointExtension>
            <ns3:hr>152</ns3:hr>
            <ns3:cad>84</ns3:cad>
          </ns3:TrackPointExtension>
        </extensions>
      </trkpt>
      <trkpt lat="37.52006714232265949249267578125" lon="127.09365257062017917633056640625">
        <ele>11.80000019073486328125</ele>
        <time>2026-09-14T09:07:00.000Z</time>
        <extensions>
          <ns3:TrackPointExtension>
            <ns3:hr>152</ns3:hr>
            <ns3:cad>84</ns3:cad>
          </ns3:TrackPointExtension>
        </extensions>
      </trkpt>
      <trkpt lat="37.5200813077390193939208984375" lon="127.09369816817343235015869140625">
        <ele>11.80000019073486328125</ele>
        <time>2026-09-14T09:07:01.000Z</time>
        <extensions>
          <ns3:TrackPointExtension>
            <ns3:hr>152</ns3:hr>
            <ns3:cad>84</ns3:cad>
          </ns3:TrackPointExtension>
        </extensions>
      </trkpt>
      <trkpt lat="37.52009580843150615692138671875" lon="127.09372398443520069122314453125">
        <ele>11.6000003814697265625</ele>
        <time>2026-09-14T09:07:02.000Z</time>
        <extensions>
          <ns3:TrackPointExtension>
            <ns3:hr>151</ns3:hr>
            <ns3:cad>84</ns3:cad>
          </ns3:TrackPointExtension>
        </extensions>
      </trkpt>
      <trkpt lat="37.5201121531426906585693359375" lon="127.093763463199138641357421875">
        <ele>11.6000003814697265625</ele>
        <time>2026-09-14T09:07:03.000Z</time>
        <extensions>
          <ns3:TrackPointExtension>
            <ns3:hr>152</ns3:hr>
            <ns3:cad>84</ns3:cad>
          </ns3:TrackPointExtension>
        </extensions>
      </trkpt>
      <trkpt lat="37.520129419863224029541015625" lon="127.09379992447793483734130859375">
        <ele>11.6000003814697265625</ele>
        <time>2026-09-14T09:07:04.000Z</time>
        <extensions>
          <ns3:TrackPointExtension>
            <ns3:hr>152</ns3:hr>
            <ns3:cad>84</ns3:cad>
          </ns3:TrackPointExtension>
        </extensions>
      </trkpt>
      <trkpt lat="37.52014777623116970062255859375" lon="127.0938290096819400787353515625">
        <ele>11.3999996185302734375</ele>
        <time>2026-09-14T09:07:05.000Z</time>
        <extensions>
          <ns3:TrackPointExtension>
            <ns3:hr>151</ns3:hr>
            <ns3:cad>84</ns3:cad>
          </ns3:TrackPointExtension>
        </extensions>
      </trkpt>
      <trkpt lat="37.5201624445617198944091796875" lon="127.0938762836158275604248046875">
        <ele>11.3999996185302734375</ele>
        <time>2026-09-14T09:07:06.000Z</time>
        <extensions>
          <ns3:TrackPointExtension>
            <ns3:hr>151</ns3:hr>
            <ns3:cad>84</ns3:cad>
          </ns3:TrackPointExtension>
        </extensions>
      </trkpt>
      <trkpt lat="37.52017761580646038055419921875" lon="127.09389681927859783172607421875">
        <ele>11.3999996185302734375</ele>
        <time>2026-09-14T09:07:07.000Z</time>
        <extensions>
          <ns3:TrackPointExtension>
            <ns3:hr>151</ns3:hr>
            <ns3:cad>84</ns3:cad>
          </ns3:TrackPointExtension>
        </extensions>
      </trkpt>
      <trkpt lat="37.52019806765019893646240234375" lon="127.09393168799579143524169921875">
        <ele>11.3999996185302734375</ele>
        <time>2026-09-14T09:07:08.000Z</time>
        <extensions>
          <ns3:TrackPointExtension>
            <ns3:hr>151</ns3:hr>
            <ns3:cad>84</ns3:cad>
          </ns3:TrackPointExtension>
        </extensions>
      </trkpt>
      <trkpt lat="37.52021030522882938385009765625" lon="127.0939668081700801849365234375">
        <ele>11.3999996185302734375</ele>
        <time>2026-09-14T09:07:09.000Z</time>
        <extensions>
          <ns3:TrackPointExtension>
            <ns3:hr>151</ns3:hr>
            <ns3:cad>85</ns3:cad>
          </ns3:TrackPointExtension>
        </extensions>
      </trkpt>
      <trkpt lat="37.520226649940013885498046875" lon="127.09399471990764141082763671875">
        <ele>11.3999996185302734375</ele>
        <time>2026-09-14T09:07:10.000Z</time>
        <extensions>
          <ns3:TrackPointExtension>
            <ns3:hr>151</ns3:hr>
            <ns3:cad>85</ns3:cad>
          </ns3:TrackPointExtension>
        </extensions>
      </trkpt>
      <trkpt lat="37.520242072641849517822265625" lon="127.09403880871832370758056640625">
        <ele>11.3999996185302734375</ele>
        <time>2026-09-14T09:07:11.000Z</time>
        <extensions>
          <ns3:TrackPointExtension>
            <ns3:hr>152</ns3:hr>
            <ns3:cad>84</ns3:cad>
          </ns3:TrackPointExtension>
        </extensions>
      </trkpt>
      <trkpt lat="37.52025581896305084228515625" lon="127.0940561592578887939453125">
        <ele>11.3999996185302734375</ele>
        <time>2026-09-14T09:07:12.000Z</time>
        <extensions>
          <ns3:TrackPointExtension>
            <ns3:hr>151</ns3:hr>
            <ns3:cad>84</ns3:cad>
          </ns3:TrackPointExtension>
        </extensions>
      </trkpt>
      <trkpt lat="37.520268894731998443603515625" lon="127.09409169852733612060546875">
        <ele>11.6000003814697265625</ele>
        <time>2026-09-14T09:07:13.000Z</time>
        <extensions>
          <ns3:TrackPointExtension>
            <ns3:hr>151</ns3:hr>
            <ns3:cad>83</ns3:cad>
          </ns3:TrackPointExtension>
        </extensions>
      </trkpt>
      <trkpt lat="37.5202821381390094757080078125" lon="127.09412363357841968536376953125">
        <ele>11.6000003814697265625</ele>
        <time>2026-09-14T09:07:14.000Z</time>
        <extensions>
          <ns3:TrackPointExtension>
            <ns3:hr>151</ns3:hr>
            <ns3:cad>83</ns3:cad>
          </ns3:TrackPointExtension>
        </extensions>
      </trkpt>
      <trkpt lat="37.5202962197363376617431640625" lon="127.094157077372074127197265625">
        <ele>11.6000003814697265625</ele>
        <time>2026-09-14T09:07:15.000Z</time>
        <extensions>
          <ns3:TrackPointExtension>
            <ns3:hr>150</ns3:hr>
            <ns3:cad>83</ns3:cad>
          </ns3:TrackPointExtension>
        </extensions>
      </trkpt>
      <trkpt lat="37.5203163363039493560791015625" lon="127.0942105539143085479736328125">
        <ele>11.6000003814697265625</ele>
        <time>2026-09-14T09:07:16.000Z</time>
        <extensions>
          <ns3:TrackPointExtension>
            <ns3:hr>150</ns3:hr>
            <ns3:cad>84</ns3:cad>
          </ns3:TrackPointExtension>
        </extensions>
      </trkpt>
      <trkpt lat="37.52033762633800506591796875" lon="127.09423779509961605072021484375">
        <ele>11.6000003814697265625</ele>
        <time>2026-09-14T09:07:17.000Z</time>
        <extensions>
          <ns3:TrackPointExtension>
            <ns3:hr>150</ns3:hr>
            <ns3:cad>84</ns3:cad>
          </ns3:TrackPointExtension>
        </extensions>
      </trkpt>
      <trkpt lat="37.52035950310528278350830078125" lon="127.094277106225490570068359375">
        <ele>11.3999996185302734375</ele>
        <time>2026-09-14T09:07:18.000Z</time>
        <extensions>
          <ns3:TrackPointExtension>
            <ns3:hr>150</ns3:hr>
            <ns3:cad>84</ns3:cad>
          </ns3:TrackPointExtension>
        </extensions>
      </trkpt>
      <trkpt lat="37.520379535853862762451171875" lon="127.0942957140505313873291015625">
        <ele>11.3999996185302734375</ele>
        <time>2026-09-14T09:07:19.000Z</time>
        <extensions>
          <ns3:TrackPointExtension>
            <ns3:hr>150</ns3:hr>
            <ns3:cad>84</ns3:cad>
          </ns3:TrackPointExtension>
        </extensions>
      </trkpt>
      <trkpt lat="37.52040476538240909576416015625" lon="127.0943208597600460052490234375">
        <ele>11.3999996185302734375</ele>
        <time>2026-09-14T09:07:20.000Z</time>
        <extensions>
          <ns3:TrackPointExtension>
            <ns3:hr>150</ns3:hr>
            <ns3:cad>84</ns3:cad>
          </ns3:TrackPointExtension>
        </extensions>
      </trkpt>
      <trkpt lat="37.52042840234935283660888671875" lon="127.094375006854534149169921875">
        <ele>11.19999980926513671875</ele>
        <time>2026-09-14T09:07:21.000Z</time>
        <extensions>
          <ns3:TrackPointExtension>
            <ns3:hr>150</ns3:hr>
            <ns3:cad>84</ns3:cad>
          </ns3:TrackPointExtension>
        </extensions>
      </trkpt>
      <trkpt lat="37.520445920526981353759765625" lon="127.094400823116302490234375">
        <ele>11.19999980926513671875</ele>
        <time>2026-09-14T09:07:22.000Z</time>
        <extensions>
          <ns3:TrackPointExtension>
            <ns3:hr>150</ns3:hr>
            <ns3:cad>84</ns3:cad>
          </ns3:TrackPointExtension>
        </extensions>
      </trkpt>
      <trkpt lat="37.52048523165285587310791015625" lon="127.09443829022347927093505859375">
        <ele>11.19999980926513671875</ele>
        <time>2026-09-14T09:07:23.000Z</time>
        <extensions>
          <ns3:TrackPointExtension>
            <ns3:hr>149</ns3:hr>
            <ns3:cad>84</ns3:cad>
          </ns3:TrackPointExtension>
        </extensions>
      </trkpt>
      <trkpt lat="37.52052043564617633819580078125" lon="127.094466872513294219970703125">
        <ele>11.19999980926513671875</ele>
        <time>2026-09-14T09:07:24.000Z</time>
        <extensions>
          <ns3:TrackPointExtension>
            <ns3:hr>150</ns3:hr>
            <ns3:cad>83</ns3:cad>
          </ns3:TrackPointExtension>
        </extensions>
      </trkpt>
      <trkpt lat="37.52053703181445598602294921875" lon="127.0944807864725589752197265625">
        <ele>11.19999980926513671875</ele>
        <time>2026-09-14T09:07:25.000Z</time>
        <extensions>
          <ns3:TrackPointExtension>
            <ns3:hr>150</ns3:hr>
            <ns3:cad>83</ns3:cad>
          </ns3:TrackPointExtension>
        </extensions>
      </trkpt>
      <trkpt lat="37.52054859884083271026611328125" lon="127.0945143140852451324462890625">
        <ele>11.19999980926513671875</ele>
        <time>2026-09-14T09:07:26.000Z</time>
        <extensions>
          <ns3:TrackPointExtension>
            <ns3:hr>150</ns3:hr>
            <ns3:cad>83</ns3:cad>
          </ns3:TrackPointExtension>
        </extensions>
      </trkpt>
      <trkpt lat="37.520567290484905242919921875" lon="127.0945448242127895355224609375">
        <ele>11.3999996185302734375</ele>
        <time>2026-09-14T09:07:27.000Z</time>
        <extensions>
          <ns3:TrackPointExtension>
            <ns3:hr>150</ns3:hr>
            <ns3:cad>83</ns3:cad>
          </ns3:TrackPointExtension>
        </extensions>
      </trkpt>
      <trkpt lat="37.5205795280635356903076171875" lon="127.0945612527430057525634765625">
        <ele>11.6000003814697265625</ele>
        <time>2026-09-14T09:07:28.000Z</time>
        <extensions>
          <ns3:TrackPointExtension>
            <ns3:hr>149</ns3:hr>
            <ns3:cad>84</ns3:cad>
          </ns3:TrackPointExtension>
        </extensions>
      </trkpt>
      <trkpt lat="37.52059302292764186859130859375" lon="127.09458966739475727081298828125">
        <ele>11.80000019073486328125</ele>
        <time>2026-09-14T09:07:29.000Z</time>
        <extensions>
          <ns3:TrackPointExtension>
            <ns3:hr>149</ns3:hr>
            <ns3:cad>84</ns3:cad>
          </ns3:TrackPointExtension>
        </extensions>
      </trkpt>
      <trkpt lat="37.520605511963367462158203125" lon="127.0946061797440052032470703125">
        <ele>11.80000019073486328125</ele>
        <time>2026-09-14T09:07:30.000Z</time>
        <extensions>
          <ns3:TrackPointExtension>
            <ns3:hr>149</ns3:hr>
            <ns3:cad>84</ns3:cad>
          </ns3:TrackPointExtension>
        </extensions>
      </trkpt>
      <trkpt lat="37.5206093676388263702392578125" lon="127.0946356840431690216064453125">
        <ele>12</ele>
        <time>2026-09-14T09:07:31.000Z</time>
        <extensions>
          <ns3:TrackPointExtension>
            <ns3:hr>149</ns3:hr>
            <ns3:cad>84</ns3:cad>
          </ns3:TrackPointExtension>
        </extensions>
      </trkpt>
      <trkpt lat="37.52061649225652217864990234375" lon="127.09466309286653995513916015625">
        <ele>12.19999980926513671875</ele>
        <time>2026-09-14T09:07:32.000Z</time>
        <extensions>
          <ns3:TrackPointExtension>
            <ns3:hr>150</ns3:hr>
            <ns3:cad>83</ns3:cad>
          </ns3:TrackPointExtension>
        </extensions>
      </trkpt>
      <trkpt lat="37.52062386833131313323974609375" lon="127.0947044156491756439208984375">
        <ele>12.19999980926513671875</ele>
        <time>2026-09-14T09:07:33.000Z</time>
        <extensions>
          <ns3:TrackPointExtension>
            <ns3:hr>149</ns3:hr>
            <ns3:cad>83</ns3:cad>
          </ns3:TrackPointExtension>
        </extensions>
      </trkpt>
      <trkpt lat="37.520637027919292449951171875" lon="127.0947359316051006317138671875">
        <ele>12.19999980926513671875</ele>
        <time>2026-09-14T09:07:34.000Z</time>
        <extensions>
          <ns3:TrackPointExtension>
            <ns3:hr>149</ns3:hr>
            <ns3:cad>83</ns3:cad>
          </ns3:TrackPointExtension>
        </extensions>
      </trkpt>
      <trkpt lat="37.52064071595668792724609375" lon="127.09478178061544895172119140625">
        <ele>12.19999980926513671875</ele>
        <time>2026-09-14T09:07:35.000Z</time>
        <extensions>
          <ns3:TrackPointExtension>
            <ns3:hr>150</ns3:hr>
            <ns3:cad>83</ns3:cad>
          </ns3:TrackPointExtension>
        </extensions>
      </trkpt>
      <trkpt lat="37.52063493244349956512451171875" lon="127.094797454774379730224609375">
        <ele>12.3999996185302734375</ele>
        <time>2026-09-14T09:07:36.000Z</time>
        <extensions>
          <ns3:TrackPointExtension>
            <ns3:hr>149</ns3:hr>
            <ns3:cad>83</ns3:cad>
          </ns3:TrackPointExtension>
        </extensions>
      </trkpt>
      <trkpt lat="37.52062403596937656402587890625" lon="127.094794772565364837646484375">
        <ele>12.3999996185302734375</ele>
        <time>2026-09-14T09:07:37.000Z</time>
        <extensions>
          <ns3:TrackPointExtension>
            <ns3:hr>149</ns3:hr>
            <ns3:cad>83</ns3:cad>
          </ns3:TrackPointExtension>
        </extensions>
      </trkpt>
      <trkpt lat="37.52060945145785808563232421875" lon="127.094784043729305267333984375">
        <ele>12.3999996185302734375</ele>
        <time>2026-09-14T09:07:38.000Z</time>
        <extensions>
          <ns3:TrackPointExtension>
            <ns3:hr>149</ns3:hr>
            <ns3:cad>83</ns3:cad>
          </ns3:TrackPointExtension>
        </extensions>
      </trkpt>
      <trkpt lat="37.52059453167021274566650390625" lon="127.09476149640977382659912109375">
        <ele>12.3999996185302734375</ele>
        <time>2026-09-14T09:07:39.000Z</time>
        <extensions>
          <ns3:TrackPointExtension>
            <ns3:hr>149</ns3:hr>
            <ns3:cad>83</ns3:cad>
          </ns3:TrackPointExtension>
        </extensions>
      </trkpt>
      <trkpt lat="37.52057692967355251312255859375" lon="127.0947355963289737701416015625">
        <ele>12.3999996185302734375</ele>
        <time>2026-09-14T09:07:40.000Z</time>
        <extensions>
          <ns3:TrackPointExtension>
            <ns3:hr>149</ns3:hr>
            <ns3:cad>83</ns3:cad>
          </ns3:TrackPointExtension>
        </extensions>
      </trkpt>
      <trkpt lat="37.520563267171382904052734375" lon="127.09470869041979312896728515625">
        <ele>12.6000003814697265625</ele>
        <time>2026-09-14T09:07:41.000Z</time>
        <extensions>
          <ns3:TrackPointExtension>
            <ns3:hr>148</ns3:hr>
            <ns3:cad>83</ns3:cad>
          </ns3:TrackPointExtension>
        </extensions>
      </trkpt>
      <trkpt lat="37.5205446593463420867919921875" lon="127.0946779288351535797119140625">
        <ele>12.6000003814697265625</ele>
        <time>2026-09-14T09:07:42.000Z</time>
        <extensions>
          <ns3:TrackPointExtension>
            <ns3:hr>149</ns3:hr>
            <ns3:cad>83</ns3:cad>
          </ns3:TrackPointExtension>
        </extensions>
      </trkpt>
      <trkpt lat="37.52052915282547473907470703125" lon="127.09464699961245059967041015625">
        <ele>12.6000003814697265625</ele>
        <time>2026-09-14T09:07:43.000Z</time>
        <extensions>
          <ns3:TrackPointExtension>
            <ns3:hr>148</ns3:hr>
            <ns3:cad>83</ns3:cad>
          </ns3:TrackPointExtension>
        </extensions>
      </trkpt>
      <trkpt lat="37.520512975752353668212890625" lon="127.09461447782814502716064453125">
        <ele>12.6000003814697265625</ele>
        <time>2026-09-14T09:07:44.000Z</time>
        <extensions>
          <ns3:TrackPointExtension>
            <ns3:hr>148</ns3:hr>
            <ns3:cad>83</ns3:cad>
          </ns3:TrackPointExtension>
        </extensions>
      </trkpt>
      <trkpt lat="37.52049059607088565826416015625" lon="127.0945827104151248931884765625">
        <ele>12.6000003814697265625</ele>
        <time>2026-09-14T09:07:45.000Z</time>
        <extensions>
          <ns3:TrackPointExtension>
            <ns3:hr>148</ns3:hr>
            <ns3:cad>83</ns3:cad>
          </ns3:TrackPointExtension>
        </extensions>
      </trkpt>
      <trkpt lat="37.5204729102551937103271484375" lon="127.09454759024083614349365234375">
        <ele>12.3999996185302734375</ele>
        <time>2026-09-14T09:07:46.000Z</time>
        <extensions>
          <ns3:TrackPointExtension>
            <ns3:hr>148</ns3:hr>
            <ns3:cad>83</ns3:cad>
          </ns3:TrackPointExtension>
        </extensions>
      </trkpt>
      <trkpt lat="37.52043779008090496063232421875" lon="127.094513811171054840087890625">
        <ele>12.19999980926513671875</ele>
        <time>2026-09-14T09:07:47.000Z</time>
        <extensions>
          <ns3:TrackPointExtension>
            <ns3:hr>148</ns3:hr>
            <ns3:cad>84</ns3:cad>
          </ns3:TrackPointExtension>
        </extensions>
      </trkpt>
      <trkpt lat="37.520413063466548919677734375" lon="127.0944817923009395599365234375">
        <ele>12.19999980926513671875</ele>
        <time>2026-09-14T09:07:48.000Z</time>
        <extensions>
          <ns3:TrackPointExtension>
            <ns3:hr>148</ns3:hr>
            <ns3:cad>84</ns3:cad>
          </ns3:TrackPointExtension>
        </extensions>
      </trkpt>
      <trkpt lat="37.52040199935436248779296875" lon="127.09443627856671810150146484375">
        <ele>12</ele>
        <time>2026-09-14T09:07:49.000Z</time>
        <extensions>
          <ns3:TrackPointExtension>
            <ns3:hr>148</ns3:hr>
            <ns3:cad>84</ns3:cad>
          </ns3:TrackPointExtension>
        </extensions>
      </trkpt>
      <trkpt lat="37.52039303071796894073486328125" lon="127.09439956583082675933837890625">
        <ele>11.80000019073486328125</ele>
        <time>2026-09-14T09:07:50.000Z</time>
        <extensions>
          <ns3:TrackPointExtension>
            <ns3:hr>149</ns3:hr>
            <ns3:cad>84</ns3:cad>
          </ns3:TrackPointExtension>
        </extensions>
      </trkpt>
      <trkpt lat="37.5203937850892543792724609375" lon="127.09435916505753993988037109375">
        <ele>11.80000019073486328125</ele>
        <time>2026-09-14T09:07:51.000Z</time>
        <extensions>
          <ns3:TrackPointExtension>
            <ns3:hr>150</ns3:hr>
            <ns3:cad>84</ns3:cad>
          </ns3:TrackPointExtension>
        </extensions>
      </trkpt>
      <trkpt lat="37.52039705403149127960205078125" lon="127.0943332649767398834228515625">
        <ele>11.6000003814697265625</ele>
        <time>2026-09-14T09:07:52.000Z</time>
        <extensions>
          <ns3:TrackPointExtension>
            <ns3:hr>151</ns3:hr>
            <ns3:cad>84</ns3:cad>
          </ns3:TrackPointExtension>
        </extensions>
      </trkpt>
      <trkpt lat="37.52039470709860324859619140625" lon="127.0943020842969417572021484375">
        <ele>11.6000003814697265625</ele>
        <time>2026-09-14T09:07:53.000Z</time>
        <extensions>
          <ns3:TrackPointExtension>
            <ns3:hr>151</ns3:hr>
            <ns3:cad>84</ns3:cad>
          </ns3:TrackPointExtension>
        </extensions>
      </trkpt>
      <trkpt lat="37.52038096077740192413330078125" lon="127.0942789502441883087158203125">
        <ele>11.6000003814697265625</ele>
        <time>2026-09-14T09:07:54.000Z</time>
        <extensions>
          <ns3:TrackPointExtension>
            <ns3:hr>151</ns3:hr>
            <ns3:cad>84</ns3:cad>
          </ns3:TrackPointExtension>
        </extensions>
      </trkpt>
      <trkpt lat="37.5203626044094562530517578125" lon="127.09425724111497402191162109375">
        <ele>11.80000019073486328125</ele>
        <time>2026-09-14T09:07:55.000Z</time>
        <extensions>
          <ns3:TrackPointExtension>
            <ns3:hr>151</ns3:hr>
            <ns3:cad>84</ns3:cad>
          </ns3:TrackPointExtension>
        </extensions>
      </trkpt>
      <trkpt lat="37.5203351117670536041259765625" lon="127.09421969018876552581787109375">
        <ele>11.80000019073486328125</ele>
        <time>2026-09-14T09:07:56.000Z</time>
        <extensions>
          <ns3:TrackPointExtension>
            <ns3:hr>151</ns3:hr>
            <ns3:cad>84</ns3:cad>
          </ns3:TrackPointExtension>
        </extensions>
      </trkpt>
      <trkpt lat="37.52031558193266391754150390625" lon="127.09418616257607936859130859375">
        <ele>12</ele>
        <time>2026-09-14T09:07:57.000Z</time>
        <extensions>
          <ns3:TrackPointExtension>
            <ns3:hr>150</ns3:hr>
            <ns3:cad>84</ns3:cad>
          </ns3:TrackPointExtension>
        </extensions>
      </trkpt>
      <trkpt lat="37.5202982313930988311767578125" lon="127.09414928220212459564208984375">
        <ele>11.80000019073486328125</ele>
        <time>2026-09-14T09:07:58.000Z</time>
        <extensions>
          <ns3:TrackPointExtension>
            <ns3:hr>150</ns3:hr>
            <ns3:cad>84</ns3:cad>
          </ns3:TrackPointExtension>
        </extensions>
      </trkpt>
      <trkpt lat="37.52028121612966060638427734375" lon="127.094103433191776275634765625">
        <ele>11.80000019073486328125</ele>
        <time>2026-09-14T09:07:59.000Z</time>
        <extensions>
          <ns3:TrackPointExtension>
            <ns3:hr>150</ns3:hr>
            <ns3:cad>84</ns3:cad>
          </ns3:TrackPointExtension>
        </extensions>
      </trkpt>
      <trkpt lat="37.52026512287557125091552734375" lon="127.09407786838710308074951171875">
        <ele>11.80000019073486328125</ele>
        <time>2026-09-14T09:08:00.000Z</time>
        <extensions>
          <ns3:TrackPointExtension>
            <ns3:hr>151</ns3:hr>
            <ns3:cad>83</ns3:cad>
          </ns3:TrackPointExtension>
        </extensions>
      </trkpt>
      <trkpt lat="37.5202402286231517791748046875" lon="127.09403411485254764556884765625">
        <ele>11.6000003814697265625</ele>
        <time>2026-09-14T09:08:01.000Z</time>
        <extensions>
          <ns3:TrackPointExtension>
            <ns3:hr>151</ns3:hr>
            <ns3:cad>83</ns3:cad>
          </ns3:TrackPointExtension>
        </extensions>
      </trkpt>
      <trkpt lat="37.5202234648168087005615234375" lon="127.094004191458225250244140625">
        <ele>11.80000019073486328125</ele>
        <time>2026-09-14T09:08:02.000Z</time>
        <extensions>
          <ns3:TrackPointExtension>
            <ns3:hr>152</ns3:hr>
            <ns3:cad>83</ns3:cad>
          </ns3:TrackPointExtension>
        </extensions>
      </trkpt>
      <trkpt lat="37.52020376734435558319091796875" lon="127.0939668081700801849365234375">
        <ele>11.80000019073486328125</ele>
        <time>2026-09-14T09:08:03.000Z</time>
        <extensions>
          <ns3:TrackPointExtension>
            <ns3:hr>152</ns3:hr>
            <ns3:cad>83</ns3:cad>
          </ns3:TrackPointExtension>
        </extensions>
      </trkpt>
      <trkpt lat="37.5201869197189807891845703125" lon="127.0939265750348567962646484375">
        <ele>12</ele>
        <time>2026-09-14T09:08:04.000Z</time>
        <extensions>
          <ns3:TrackPointExtension>
            <ns3:hr>152</ns3:hr>
            <ns3:cad>83</ns3:cad>
          </ns3:TrackPointExtension>
        </extensions>
      </trkpt>
      <trkpt lat="37.52017141319811344146728515625" lon="127.09390168078243732452392578125">
        <ele>11.80000019073486328125</ele>
        <time>2026-09-14T09:08:05.000Z</time>
        <extensions>
          <ns3:TrackPointExtension>
            <ns3:hr>152</ns3:hr>
            <ns3:cad>83</ns3:cad>
          </ns3:TrackPointExtension>
        </extensions>
      </trkpt>
      <trkpt lat="37.52014911733567714691162109375" lon="127.09385407157242298126220703125">
        <ele>11.80000019073486328125</ele>
        <time>2026-09-14T09:08:06.000Z</time>
        <extensions>
          <ns3:TrackPointExtension>
            <ns3:hr>153</ns3:hr>
            <ns3:cad>84</ns3:cad>
          </ns3:TrackPointExtension>
        </extensions>
      </trkpt>
      <trkpt lat="37.52012950368225574493408203125" lon="127.09382507018744945526123046875">
        <ele>11.6000003814697265625</ele>
        <time>2026-09-14T09:08:07.000Z</time>
        <extensions>
          <ns3:TrackPointExtension>
            <ns3:hr>152</ns3:hr>
            <ns3:cad>84</ns3:cad>
          </ns3:TrackPointExtension>
        </extensions>
      </trkpt>
      <trkpt lat="37.52010921947658061981201171875" lon="127.09378995001316070556640625">
        <ele>11.6000003814697265625</ele>
        <time>2026-09-14T09:08:08.000Z</time>
        <extensions>
          <ns3:TrackPointExtension>
            <ns3:hr>152</ns3:hr>
            <ns3:cad>84</ns3:cad>
          </ns3:TrackPointExtension>
        </extensions>
      </trkpt>
      <trkpt lat="37.52009999938309192657470703125" lon="127.09374225698411464691162109375">
        <ele>11.80000019073486328125</ele>
        <time>2026-09-14T09:08:09.000Z</time>
        <extensions>
          <ns3:TrackPointExtension>
            <ns3:hr>152</ns3:hr>
            <ns3:cad>84</ns3:cad>
          </ns3:TrackPointExtension>
        </extensions>
      </trkpt>
      <trkpt lat="37.52008491195738315582275390625" lon="127.093714512884616851806640625">
        <ele>11.80000019073486328125</ele>
        <time>2026-09-14T09:08:10.000Z</time>
        <extensions>
          <ns3:TrackPointExtension>
            <ns3:hr>153</ns3:hr>
            <ns3:cad>83</ns3:cad>
          </ns3:TrackPointExtension>
        </extensions>
      </trkpt>
      <trkpt lat="37.52006680704653263092041015625" lon="127.09367101080715656280517578125">
        <ele>12</ele>
        <time>2026-09-14T09:08:11.000Z</time>
        <extensions>
          <ns3:TrackPointExtension>
            <ns3:hr>152</ns3:hr>
            <ns3:cad>83</ns3:cad>
          </ns3:TrackPointExtension>
        </extensions>
      </trkpt>
      <trkpt lat="37.52004987560212612152099609375" lon="127.0936446078121662139892578125">
        <ele>12</ele>
        <time>2026-09-14T09:08:12.000Z</time>
        <extensions>
          <ns3:TrackPointExtension>
            <ns3:hr>152</ns3:hr>
            <ns3:cad>83</ns3:cad>
          </ns3:TrackPointExtension>
        </extensions>
      </trkpt>
      <trkpt lat="37.52003126777708530426025390625" lon="127.09360814653337001800537109375">
        <ele>12</ele>
        <time>2026-09-14T09:08:13.000Z</time>
        <extensions>
          <ns3:TrackPointExtension>
            <ns3:hr>152</ns3:hr>
            <ns3:cad>83</ns3:cad>
          </ns3:TrackPointExtension>
        </extensions>
      </trkpt>
      <trkpt lat="37.5200219638645648956298828125" lon="127.09357026033103466033935546875">
        <ele>11.80000019073486328125</ele>
        <time>2026-09-14T09:08:14.000Z</time>
        <extensions>
          <ns3:TrackPointExtension>
            <ns3:hr>152</ns3:hr>
            <ns3:cad>83</ns3:cad>
          </ns3:TrackPointExtension>
        </extensions>
      </trkpt>
      <trkpt lat="37.5200098939239978790283203125" lon="127.09354712627828121185302734375">
        <ele>11.80000019073486328125</ele>
        <time>2026-09-14T09:08:15.000Z</time>
        <extensions>
          <ns3:TrackPointExtension>
            <ns3:hr>152</ns3:hr>
            <ns3:cad>84</ns3:cad>
          </ns3:TrackPointExtension>
        </extensions>
      </trkpt>
      <trkpt lat="37.5199954770505428314208984375" lon="127.0935011096298694610595703125">
        <ele>11.80000019073486328125</ele>
        <time>2026-09-14T09:08:16.000Z</time>
        <extensions>
          <ns3:TrackPointExtension>
            <ns3:hr>152</ns3:hr>
            <ns3:cad>84</ns3:cad>
          </ns3:TrackPointExtension>
        </extensions>
      </trkpt>
      <trkpt lat="37.51997913233935832977294921875" lon="127.093478478491306304931640625">
        <ele>11.80000019073486328125</ele>
        <time>2026-09-14T09:08:17.000Z</time>
        <extensions>
          <ns3:TrackPointExtension>
            <ns3:hr>152</ns3:hr>
            <ns3:cad>84</ns3:cad>
          </ns3:TrackPointExtension>
        </extensions>
      </trkpt>
      <trkpt lat="37.51995943486690521240234375" lon="127.09343858063220977783203125">
        <ele>12</ele>
        <time>2026-09-14T09:08:18.000Z</time>
        <extensions>
          <ns3:TrackPointExtension>
            <ns3:hr>152</ns3:hr>
            <ns3:cad>84</ns3:cad>
          </ns3:TrackPointExtension>
        </extensions>
      </trkpt>
      <trkpt lat="37.51994694583117961883544921875" lon="127.09340195171535015106201171875">
        <ele>12</ele>
        <time>2026-09-14T09:08:19.000Z</time>
        <extensions>
          <ns3:TrackPointExtension>
            <ns3:hr>152</ns3:hr>
            <ns3:cad>84</ns3:cad>
          </ns3:TrackPointExtension>
        </extensions>
      </trkpt>
      <trkpt lat="37.5199280865490436553955078125" lon="127.09337244741618633270263671875">
        <ele>11.80000019073486328125</ele>
        <time>2026-09-14T09:08:20.000Z</time>
        <extensions>
          <ns3:TrackPointExtension>
            <ns3:hr>152</ns3:hr>
            <ns3:cad>84</ns3:cad>
          </ns3:TrackPointExtension>
        </extensions>
      </trkpt>
      <trkpt lat="37.519908137619495391845703125" lon="127.09333221428096294403076171875">
        <ele>11.80000019073486328125</ele>
        <time>2026-09-14T09:08:21.000Z</time>
        <extensions>
          <ns3:TrackPointExtension>
            <ns3:hr>152</ns3:hr>
            <ns3:cad>85</ns3:cad>
          </ns3:TrackPointExtension>
        </extensions>
      </trkpt>
      <trkpt lat="37.519894056022167205810546875" lon="127.093307487666606903076171875">
        <ele>11.6000003814697265625</ele>
        <time>2026-09-14T09:08:22.000Z</time>
        <extensions>
          <ns3:TrackPointExtension>
            <ns3:hr>151</ns3:hr>
            <ns3:cad>85</ns3:cad>
          </ns3:TrackPointExtension>
        </extensions>
      </trkpt>
      <trkpt lat="37.51987871713936328887939453125" lon="127.093269266188144683837890625">
        <ele>11.80000019073486328125</ele>
        <time>2026-09-14T09:08:23.000Z</time>
        <extensions>
          <ns3:TrackPointExtension>
            <ns3:hr>152</ns3:hr>
            <ns3:cad>84</ns3:cad>
          </ns3:TrackPointExtension>
        </extensions>
      </trkpt>
      <trkpt lat="37.51986782066524028778076171875" lon="127.09323263727128505706787109375">
        <ele>11.80000019073486328125</ele>
        <time>2026-09-14T09:08:24.000Z</time>
        <extensions>
          <ns3:TrackPointExtension>
            <ns3:hr>152</ns3:hr>
            <ns3:cad>84</ns3:cad>
          </ns3:TrackPointExtension>
        </extensions>
      </trkpt>
      <trkpt lat="37.51985658891499042510986328125" lon="127.09320254623889923095703125">
        <ele>11.80000019073486328125</ele>
        <time>2026-09-14T09:08:25.000Z</time>
        <extensions>
          <ns3:TrackPointExtension>
            <ns3:hr>151</ns3:hr>
            <ns3:cad>84</ns3:cad>
          </ns3:TrackPointExtension>
        </extensions>
      </trkpt>
      <trkpt lat="37.5198442675173282623291015625" lon="127.093161642551422119140625">
        <ele>11.80000019073486328125</ele>
        <time>2026-09-14T09:08:26.000Z</time>
        <extensions>
          <ns3:TrackPointExtension>
            <ns3:hr>152</ns3:hr>
            <ns3:cad>84</ns3:cad>
          </ns3:TrackPointExtension>
        </extensions>
      </trkpt>
      <trkpt lat="37.51982775516808032989501953125" lon="127.09313708357512950897216796875">
        <ele>11.80000019073486328125</ele>
        <time>2026-09-14T09:08:27.000Z</time>
        <extensions>
          <ns3:TrackPointExtension>
            <ns3:hr>152</ns3:hr>
            <ns3:cad>84</ns3:cad>
          </ns3:TrackPointExtension>
        </extensions>
      </trkpt>
      <trkpt lat="37.51980830915272235870361328125" lon="127.09309081546962261199951171875">
        <ele>11.80000019073486328125</ele>
        <time>2026-09-14T09:08:28.000Z</time>
        <extensions>
          <ns3:TrackPointExtension>
            <ns3:hr>151</ns3:hr>
            <ns3:cad>42</ns3:cad>
          </ns3:TrackPointExtension>
        </extensions>
      </trkpt>
      <trkpt lat="37.51979188062250614166259765625" lon="127.093056030571460723876953125">
        <ele>11.6000003814697265625</ele>
        <time>2026-09-14T09:08:29.000Z</time>
        <extensions>
          <ns3:TrackPointExtension>
            <ns3:hr>152</ns3:hr>
            <ns3:cad>42</ns3:cad>
          </ns3:TrackPointExtension>
        </extensions>
      </trkpt>
      <trkpt lat="37.51977947540581226348876953125" lon="127.0930302143096923828125">
        <ele>11.6000003814697265625</ele>
        <time>2026-09-14T09:08:30.000Z</time>
        <extensions>
          <ns3:TrackPointExtension>
            <ns3:hr>152</ns3:hr>
            <ns3:cad>42</ns3:cad>
          </ns3:TrackPointExtension>
        </extensions>
      </trkpt>
      <trkpt lat="37.5197661481797695159912109375" lon="127.092981599271297454833984375">
        <ele>11.6000003814697265625</ele>
        <time>2026-09-14T09:08:31.000Z</time>
        <extensions>
          <ns3:TrackPointExtension>
            <ns3:hr>151</ns3:hr>
            <ns3:cad>84</ns3:cad>
          </ns3:TrackPointExtension>
        </extensions>
      </trkpt>
      <trkpt lat="37.5197530724108219146728515625" lon="127.09295620210468769073486328125">
        <ele>11.3999996185302734375</ele>
        <time>2026-09-14T09:08:32.000Z</time>
        <extensions>
          <ns3:TrackPointExtension>
            <ns3:hr>152</ns3:hr>
            <ns3:cad>84</ns3:cad>
          </ns3:TrackPointExtension>
        </extensions>
      </trkpt>
      <trkpt lat="37.51973639242351055145263671875" lon="127.09292015992105007171630859375">
        <ele>11.6000003814697265625</ele>
        <time>2026-09-14T09:08:33.000Z</time>
        <extensions>
          <ns3:TrackPointExtension>
            <ns3:hr>152</ns3:hr>
            <ns3:cad>84</ns3:cad>
          </ns3:TrackPointExtension>
        </extensions>
      </trkpt>
      <trkpt lat="37.519719712436199188232421875" lon="127.09288562647998332977294921875">
        <ele>11.6000003814697265625</ele>
        <time>2026-09-14T09:08:34.000Z</time>
        <extensions>
          <ns3:TrackPointExtension>
            <ns3:hr>152</ns3:hr>
            <ns3:cad>83</ns3:cad>
          </ns3:TrackPointExtension>
        </extensions>
      </trkpt>
      <trkpt lat="37.5197066366672515869140625" lon="127.09285293705761432647705078125">
        <ele>11.80000019073486328125</ele>
        <time>2026-09-14T09:08:35.000Z</time>
        <extensions>
          <ns3:TrackPointExtension>
            <ns3:hr>152</ns3:hr>
            <ns3:cad>83</ns3:cad>
          </ns3:TrackPointExtension>
        </extensions>
      </trkpt>
      <trkpt lat="37.51969682984054088592529296875" lon="127.0928090997040271759033203125">
        <ele>11.80000019073486328125</ele>
        <time>2026-09-14T09:08:36.000Z</time>
        <extensions>
          <ns3:TrackPointExtension>
            <ns3:hr>152</ns3:hr>
            <ns3:cad>84</ns3:cad>
          </ns3:TrackPointExtension>
        </extensions>
      </trkpt>
      <trkpt lat="37.51968358643352985382080078125" lon="127.092784456908702850341796875">
        <ele>11.80000019073486328125</ele>
        <time>2026-09-14T09:08:37.000Z</time>
        <extensions>
          <ns3:TrackPointExtension>
            <ns3:hr>152</ns3:hr>
            <ns3:cad>84</ns3:cad>
          </ns3:TrackPointExtension>
        </extensions>
      </trkpt>
      <trkpt lat="37.519662715494632720947265625" lon="127.09273978136479854583740234375">
        <ele>11.80000019073486328125</ele>
        <time>2026-09-14T09:08:38.000Z</time>
        <extensions>
          <ns3:TrackPointExtension>
            <ns3:hr>152</ns3:hr>
            <ns3:cad>84</ns3:cad>
          </ns3:TrackPointExtension>
        </extensions>
      </trkpt>
      <trkpt lat="37.5196529924869537353515625" lon="127.0927065052092075347900390625">
        <ele>11.80000019073486328125</ele>
        <time>2026-09-14T09:08:39.000Z</time>
        <extensions>
          <ns3:TrackPointExtension>
            <ns3:hr>152</ns3:hr>
            <ns3:cad>84</ns3:cad>
          </ns3:TrackPointExtension>
        </extensions>
      </trkpt>
      <trkpt lat="37.51963798888027667999267578125" lon="127.0926716364920139312744140625">
        <ele>11.80000019073486328125</ele>
        <time>2026-09-14T09:08:40.000Z</time>
        <extensions>
          <ns3:TrackPointExtension>
            <ns3:hr>152</ns3:hr>
            <ns3:cad>84</ns3:cad>
          </ns3:TrackPointExtension>
        </extensions>
      </trkpt>
      <trkpt lat="37.51962952315807342529296875" lon="127.0926223509013652801513671875">
        <ele>11.80000019073486328125</ele>
        <time>2026-09-14T09:08:41.000Z</time>
        <extensions>
          <ns3:TrackPointExtension>
            <ns3:hr>152</ns3:hr>
            <ns3:cad>84</ns3:cad>
          </ns3:TrackPointExtension>
        </extensions>
      </trkpt>
      <trkpt lat="37.51962139271199703216552734375" lon="127.0925961993634700775146484375">
        <ele>11.80000019073486328125</ele>
        <time>2026-09-14T09:08:42.000Z</time>
        <extensions>
          <ns3:TrackPointExtension>
            <ns3:hr>153</ns3:hr>
            <ns3:cad>84</ns3:cad>
          </ns3:TrackPointExtension>
        </extensions>
      </trkpt>
      <trkpt lat="37.51961074769496917724609375" lon="127.09255278110504150390625">
        <ele>11.80000019073486328125</ele>
        <time>2026-09-14T09:08:43.000Z</time>
        <extensions>
          <ns3:TrackPointExtension>
            <ns3:hr>152</ns3:hr>
            <ns3:cad>84</ns3:cad>
          </ns3:TrackPointExtension>
        </extensions>
      </trkpt>
      <trkpt lat="37.51960010267794132232666015625" lon="127.09251950494945049285888671875">
        <ele>11.6000003814697265625</ele>
        <time>2026-09-14T09:08:44.000Z</time>
        <extensions>
          <ns3:TrackPointExtension>
            <ns3:hr>152</ns3:hr>
            <ns3:cad>84</ns3:cad>
          </ns3:TrackPointExtension>
        </extensions>
      </trkpt>
      <trkpt lat="37.51958333887159824371337890625" lon="127.09248698316514492034912109375">
        <ele>11.6000003814697265625</ele>
        <time>2026-09-14T09:08:45.000Z</time>
        <extensions>
          <ns3:TrackPointExtension>
            <ns3:hr>153</ns3:hr>
            <ns3:cad>84</ns3:cad>
          </ns3:TrackPointExtension>
        </extensions>
      </trkpt>
      <trkpt lat="37.51957965083420276641845703125" lon="127.0924433134496212005615234375">
        <ele>11.80000019073486328125</ele>
        <time>2026-09-14T09:08:46.000Z</time>
        <extensions>
          <ns3:TrackPointExtension>
            <ns3:hr>152</ns3:hr>
            <ns3:cad>84</ns3:cad>
          </ns3:TrackPointExtension>
        </extensions>
      </trkpt>
      <trkpt lat="37.51956515014171600341796875" lon="127.09241841919720172882080078125">
        <ele>11.80000019073486328125</ele>
        <time>2026-09-14T09:08:47.000Z</time>
        <extensions>
          <ns3:TrackPointExtension>
            <ns3:hr>152</ns3:hr>
            <ns3:cad>84</ns3:cad>
          </ns3:TrackPointExtension>
        </extensions>
      </trkpt>
      <trkpt lat="37.5195509009063243865966796875" lon="127.09237315692007541656494140625">
        <ele>11.80000019073486328125</ele>
        <time>2026-09-14T09:08:48.000Z</time>
        <extensions>
          <ns3:TrackPointExtension>
            <ns3:hr>152</ns3:hr>
            <ns3:cad>84</ns3:cad>
          </ns3:TrackPointExtension>
        </extensions>
      </trkpt>
      <trkpt lat="37.5195403397083282470703125" lon="127.09233644418418407440185546875">
        <ele>11.80000019073486328125</ele>
        <time>2026-09-14T09:08:49.000Z</time>
        <extensions>
          <ns3:TrackPointExtension>
            <ns3:hr>152</ns3:hr>
            <ns3:cad>84</ns3:cad>
          </ns3:TrackPointExtension>
        </extensions>
      </trkpt>
      <trkpt lat="37.51952969469130039215087890625" lon="127.0923031680285930633544921875">
        <ele>11.80000019073486328125</ele>
        <time>2026-09-14T09:08:50.000Z</time>
        <extensions>
          <ns3:TrackPointExtension>
            <ns3:hr>152</ns3:hr>
            <ns3:cad>83</ns3:cad>
          </ns3:TrackPointExtension>
        </extensions>
      </trkpt>
      <trkpt lat="37.5195220671594142913818359375" lon="127.0922622643411159515380859375">
        <ele>11.80000019073486328125</ele>
        <time>2026-09-14T09:08:51.000Z</time>
        <extensions>
          <ns3:TrackPointExtension>
            <ns3:hr>152</ns3:hr>
            <ns3:cad>83</ns3:cad>
          </ns3:TrackPointExtension>
        </extensions>
      </trkpt>
      <trkpt lat="37.519509159028530120849609375" lon="127.09223368205130100250244140625">
        <ele>11.80000019073486328125</ele>
        <time>2026-09-14T09:08:52.000Z</time>
        <extensions>
          <ns3:TrackPointExtension>
            <ns3:hr>152</ns3:hr>
            <ns3:cad>83</ns3:cad>
          </ns3:TrackPointExtension>
        </extensions>
      </trkpt>
      <trkpt lat="37.51949130557477474212646484375" lon="127.09219026379287242889404296875">
        <ele>11.80000019073486328125</ele>
        <time>2026-09-14T09:08:53.000Z</time>
        <extensions>
          <ns3:TrackPointExtension>
            <ns3:hr>152</ns3:hr>
            <ns3:cad>84</ns3:cad>
          </ns3:TrackPointExtension>
        </extensions>
      </trkpt>
      <trkpt lat="37.51948175020515918731689453125" lon="127.09215925075113773345947265625">
        <ele>12</ele>
        <time>2026-09-14T09:08:54.000Z</time>
        <extensions>
          <ns3:TrackPointExtension>
            <ns3:hr>152</ns3:hr>
            <ns3:cad>84</ns3:cad>
          </ns3:TrackPointExtension>
        </extensions>
      </trkpt>
      <trkpt lat="37.5194667465984821319580078125" lon="127.09212857298552989959716796875">
        <ele>12</ele>
        <time>2026-09-14T09:08:55.000Z</time>
        <extensions>
          <ns3:TrackPointExtension>
            <ns3:hr>152</ns3:hr>
            <ns3:cad>84</ns3:cad>
          </ns3:TrackPointExtension>
        </extensions>
      </trkpt>
      <trkpt lat="37.51945861615240573883056640625" lon="127.0920849032700061798095703125">
        <ele>12</ele>
        <time>2026-09-14T09:08:56.000Z</time>
        <extensions>
          <ns3:TrackPointExtension>
            <ns3:hr>151</ns3:hr>
            <ns3:cad>84</ns3:cad>
          </ns3:TrackPointExtension>
        </extensions>
      </trkpt>
      <trkpt lat="37.519446797668933868408203125" lon="127.09205632098019123077392578125">
        <ele>12</ele>
        <time>2026-09-14T09:08:57.000Z</time>
        <extensions>
          <ns3:TrackPointExtension>
            <ns3:hr>151</ns3:hr>
            <ns3:cad>84</ns3:cad>
          </ns3:TrackPointExtension>
        </extensions>
      </trkpt>
      <trkpt lat="37.51943028531968593597412109375" lon="127.092009298503398895263671875">
        <ele>12</ele>
        <time>2026-09-14T09:08:58.000Z</time>
        <extensions>
          <ns3:TrackPointExtension>
            <ns3:hr>151</ns3:hr>
            <ns3:cad>84</ns3:cad>
          </ns3:TrackPointExtension>
        </extensions>
      </trkpt>
      <trkpt lat="37.51941670663654804229736328125" lon="127.0919819734990596771240234375">
        <ele>11.80000019073486328125</ele>
        <time>2026-09-14T09:08:59.000Z</time>
        <extensions>
          <ns3:TrackPointExtension>
            <ns3:hr>151</ns3:hr>
            <ns3:cad>83</ns3:cad>
          </ns3:TrackPointExtension>
        </extensions>
      </trkpt>
      <trkpt lat="37.5194023735821247100830078125" lon="127.09194266237318515777587890625">
        <ele>11.80000019073486328125</ele>
        <time>2026-09-14T09:09:00.000Z</time>
        <extensions>
          <ns3:TrackPointExtension>
            <ns3:hr>152</ns3:hr>
            <ns3:cad>83</ns3:cad>
          </ns3:TrackPointExtension>
        </extensions>
      </trkpt>
      <trkpt lat="37.51939323730766773223876953125" lon="127.0919011719524860382080078125">
        <ele>11.80000019073486328125</ele>
        <time>2026-09-14T09:09:01.000Z</time>
        <extensions>
          <ns3:TrackPointExtension>
            <ns3:hr>151</ns3:hr>
            <ns3:cad>83</ns3:cad>
          </ns3:TrackPointExtension>
        </extensions>
      </trkpt>
      <trkpt lat="37.51938250847160816192626953125" lon="127.0918736793100833892822265625">
        <ele>11.6000003814697265625</ele>
        <time>2026-09-14T09:09:02.000Z</time>
        <extensions>
          <ns3:TrackPointExtension>
            <ns3:hr>151</ns3:hr>
            <ns3:cad>84</ns3:cad>
          </ns3:TrackPointExtension>
        </extensions>
      </trkpt>
      <trkpt lat="37.51937228254973888397216796875" lon="127.0918272435665130615234375">
        <ele>11.80000019073486328125</ele>
        <time>2026-09-14T09:09:03.000Z</time>
        <extensions>
          <ns3:TrackPointExtension>
            <ns3:hr>151</ns3:hr>
            <ns3:cad>84</ns3:cad>
          </ns3:TrackPointExtension>
        </extensions>
      </trkpt>
      <trkpt lat="37.5193628109991550445556640625" lon="127.0917982421815395355224609375">
        <ele>11.80000019073486328125</ele>
        <time>2026-09-14T09:09:04.000Z</time>
        <extensions>
          <ns3:TrackPointExtension>
            <ns3:hr>151</ns3:hr>
            <ns3:cad>84</ns3:cad>
          </ns3:TrackPointExtension>
        </extensions>
      </trkpt>
      <trkpt lat="37.519357614219188690185546875" lon="127.09176060743629932403564453125">
        <ele>11.6000003814697265625</ele>
        <time>2026-09-14T09:09:05.000Z</time>
        <extensions>
          <ns3:TrackPointExtension>
            <ns3:hr>151</ns3:hr>
            <ns3:cad>84</ns3:cad>
          </ns3:TrackPointExtension>
        </extensions>
      </trkpt>
      <trkpt lat="37.51937295310199260711669921875" lon="127.09172540344297885894775390625">
        <ele>11.6000003814697265625</ele>
        <time>2026-09-14T09:09:06.000Z</time>
        <extensions>
          <ns3:TrackPointExtension>
            <ns3:hr>152</ns3:hr>
            <ns3:cad>84</ns3:cad>
          </ns3:TrackPointExtension>
        </extensions>
      </trkpt>
      <trkpt lat="37.5193862803280353546142578125" lon="127.09169112145900726318359375">
        <ele>11.3999996185302734375</ele>
        <time>2026-09-14T09:09:07.000Z</time>
        <extensions>
          <ns3:TrackPointExtension>
            <ns3:hr>151</ns3:hr>
            <ns3:cad>84</ns3:cad>
          </ns3:TrackPointExtension>
        </extensions>
      </trkpt>
      <trkpt lat="37.51940379850566387176513671875" lon="127.0916636288166046142578125">
        <ele>11.19999980926513671875</ele>
        <time>2026-09-14T09:09:08.000Z</time>
        <extensions>
          <ns3:TrackPointExtension>
            <ns3:hr>151</ns3:hr>
            <ns3:cad>84</ns3:cad>
          </ns3:TrackPointExtension>
        </extensions>
      </trkpt>
      <trkpt lat="37.5194171257317066192626953125" lon="127.0916363038122653961181640625">
        <ele>11.19999980926513671875</ele>
        <time>2026-09-14T09:09:09.000Z</time>
        <extensions>
          <ns3:TrackPointExtension>
            <ns3:hr>151</ns3:hr>
            <ns3:cad>84</ns3:cad>
          </ns3:TrackPointExtension>
        </extensions>
      </trkpt>
      <trkpt lat="37.51942793838679790496826171875" lon="127.0916094817221164703369140625">
        <ele>11.19999980926513671875</ele>
        <time>2026-09-14T09:09:10.000Z</time>
        <extensions>
          <ns3:TrackPointExtension>
            <ns3:hr>152</ns3:hr>
            <ns3:cad>84</ns3:cad>
          </ns3:TrackPointExtension>
        </extensions>
      </trkpt>
      <trkpt lat="37.519450820982456207275390625" lon="127.0915692485868930816650390625">
        <ele>11.19999980926513671875</ele>
        <time>2026-09-14T09:09:11.000Z</time>
        <extensions>
          <ns3:TrackPointExtension>
            <ns3:hr>151</ns3:hr>
            <ns3:cad>83</ns3:cad>
          </ns3:TrackPointExtension>
        </extensions>
      </trkpt>
      <trkpt lat="37.51945610158145427703857421875" lon="127.09153966046869754791259765625">
        <ele>11.19999980926513671875</ele>
        <time>2026-09-14T09:09:12.000Z</time>
        <extensions>
          <ns3:TrackPointExtension>
            <ns3:hr>151</ns3:hr>
            <ns3:cad>83</ns3:cad>
          </ns3:TrackPointExtension>
        </extensions>
      </trkpt>
      <trkpt lat="37.519454844295978546142578125" lon="127.09149523638188838958740234375">
        <ele>11.3999996185302734375</ele>
        <time>2026-09-14T09:09:13.000Z</time>
        <extensions>
          <ns3:TrackPointExtension>
            <ns3:hr>152</ns3:hr>
            <ns3:cad>83</ns3:cad>
          </ns3:TrackPointExtension>
        </extensions>
      </trkpt>
      <trkpt lat="37.51945249736309051513671875" lon="127.09145718254148960113525390625">
        <ele>11.6000003814697265625</ele>
        <time>2026-09-14T09:09:14.000Z</time>
        <extensions>
          <ns3:TrackPointExtension>
            <ns3:hr>151</ns3:hr>
            <ns3:cad>82</ns3:cad>
          </ns3:TrackPointExtension>
        </extensions>
      </trkpt>
      <trkpt lat="37.51944151706993579864501953125" lon="127.09141929633915424346923828125">
        <ele>11.80000019073486328125</ele>
        <time>2026-09-14T09:09:15.000Z</time>
        <extensions>
          <ns3:TrackPointExtension>
            <ns3:hr>151</ns3:hr>
            <ns3:cad>82</ns3:cad>
          </ns3:TrackPointExtension>
        </extensions>
      </trkpt>
      <trkpt lat="37.5194330513477325439453125" lon="127.091376297175884246826171875">
        <ele>11.80000019073486328125</ele>
        <time>2026-09-14T09:09:16.000Z</time>
        <extensions>
          <ns3:TrackPointExtension>
            <ns3:hr>151</ns3:hr>
            <ns3:cad>82</ns3:cad>
          </ns3:TrackPointExtension>
        </extensions>
      </trkpt>
      <trkpt lat="37.519420646131038665771484375" lon="127.09134805016219615936279296875">
        <ele>12</ele>
        <time>2026-09-14T09:09:17.000Z</time>
        <extensions>
          <ns3:TrackPointExtension>
            <ns3:hr>152</ns3:hr>
            <ns3:cad>82</ns3:cad>
          </ns3:TrackPointExtension>
        </extensions>
      </trkpt>
      <trkpt lat="37.51940530724823474884033203125" lon="127.0913020335137844085693359375">
        <ele>12</ele>
        <time>2026-09-14T09:09:18.000Z</time>
        <extensions>
          <ns3:TrackPointExtension>
            <ns3:hr>151</ns3:hr>
            <ns3:cad>84</ns3:cad>
          </ns3:TrackPointExtension>
        </extensions>
      </trkpt>
      <trkpt lat="37.5193941593170166015625" lon="127.09126523695886135101318359375">
        <ele>12</ele>
        <time>2026-09-14T09:09:19.000Z</time>
        <extensions>
          <ns3:TrackPointExtension>
            <ns3:hr>151</ns3:hr>
            <ns3:cad>85</ns3:cad>
          </ns3:TrackPointExtension>
        </extensions>
      </trkpt>
      <trkpt lat="37.51938301138579845428466796875" lon="127.09123388864099979400634765625">
        <ele>12</ele>
        <time>2026-09-14T09:09:20.000Z</time>
        <extensions>
          <ns3:TrackPointExtension>
            <ns3:hr>152</ns3:hr>
            <ns3:cad>85</ns3:cad>
          </ns3:TrackPointExtension>
        </extensions>
      </trkpt>
      <trkpt lat="37.5193735398352146148681640625" lon="127.09118812344968318939208984375">
        <ele>12</ele>
        <time>2026-09-14T09:09:21.000Z</time>
        <extensions>
          <ns3:TrackPointExtension>
            <ns3:hr>152</ns3:hr>
            <ns3:cad>84</ns3:cad>
          </ns3:TrackPointExtension>
        </extensions>
      </trkpt>
      <trkpt lat="37.51936205662786960601806640625" lon="127.0911655761301517486572265625">
        <ele>12</ele>
        <time>2026-09-14T09:09:22.000Z</time>
        <extensions>
          <ns3:TrackPointExtension>
            <ns3:hr>151</ns3:hr>
            <ns3:cad>84</ns3:cad>
          </ns3:TrackPointExtension>
        </extensions>
      </trkpt>
      <trkpt lat="37.5193477235734462738037109375" lon="127.09112928248941898345947265625">
        <ele>12</ele>
        <time>2026-09-14T09:09:23.000Z</time>
        <extensions>
          <ns3:TrackPointExtension>
            <ns3:hr>151</ns3:hr>
            <ns3:cad>84</ns3:cad>
          </ns3:TrackPointExtension>
        </extensions>
      </trkpt>
      <trkpt lat="37.51933984458446502685546875" lon="127.09109365940093994140625">
        <ele>12</ele>
        <time>2026-09-14T09:09:24.000Z</time>
        <extensions>
          <ns3:TrackPointExtension>
            <ns3:hr>152</ns3:hr>
            <ns3:cad>83</ns3:cad>
          </ns3:TrackPointExtension>
        </extensions>
      </trkpt>
      <trkpt lat="37.51932836137712001800537109375" lon="127.0910649932920932769775390625">
        <ele>12</ele>
        <time>2026-09-14T09:09:25.000Z</time>
        <extensions>
          <ns3:TrackPointExtension>
            <ns3:hr>152</ns3:hr>
            <ns3:cad>83</ns3:cad>
          </ns3:TrackPointExtension>
        </extensions>
      </trkpt>
      <trkpt lat="37.51931796781718730926513671875" lon="127.091020904481410980224609375">
        <ele>12</ele>
        <time>2026-09-14T09:09:26.000Z</time>
        <extensions>
          <ns3:TrackPointExtension>
            <ns3:hr>152</ns3:hr>
            <ns3:cad>83</ns3:cad>
          </ns3:TrackPointExtension>
        </extensions>
      </trkpt>
      <trkpt lat="37.51930807717144489288330078125" lon="127.0909949205815792083740234375">
        <ele>12</ele>
        <time>2026-09-14T09:09:27.000Z</time>
        <extensions>
          <ns3:TrackPointExtension>
            <ns3:hr>152</ns3:hr>
            <ns3:cad>83</ns3:cad>
          </ns3:TrackPointExtension>
        </extensions>
      </trkpt>
      <trkpt lat="37.51929651014506816864013671875" lon="127.0909546874463558197021484375">
        <ele>11.80000019073486328125</ele>
        <time>2026-09-14T09:09:28.000Z</time>
        <extensions>
          <ns3:TrackPointExtension>
            <ns3:hr>151</ns3:hr>
            <ns3:cad>84</ns3:cad>
          </ns3:TrackPointExtension>
        </extensions>
      </trkpt>
      <trkpt lat="37.5192900560796260833740234375" lon="127.09091688506305217742919921875">
        <ele>11.80000019073486328125</ele>
        <time>2026-09-14T09:09:29.000Z</time>
        <extensions>
          <ns3:TrackPointExtension>
            <ns3:hr>152</ns3:hr>
            <ns3:cad>84</ns3:cad>
          </ns3:TrackPointExtension>
        </extensions>
      </trkpt>
      <trkpt lat="37.5192803330719470977783203125" lon="127.09088419564068317413330078125">
        <ele>11.80000019073486328125</ele>
        <time>2026-09-14T09:09:30.000Z</time>
        <extensions>
          <ns3:TrackPointExtension>
            <ns3:hr>152</ns3:hr>
            <ns3:cad>84</ns3:cad>
          </ns3:TrackPointExtension>
        </extensions>
      </trkpt>
      <trkpt lat="37.5192748010158538818359375" lon="127.09083415567874908447265625">
        <ele>11.80000019073486328125</ele>
        <time>2026-09-14T09:09:31.000Z</time>
        <extensions>
          <ns3:TrackPointExtension>
            <ns3:hr>151</ns3:hr>
            <ns3:cad>84</ns3:cad>
          </ns3:TrackPointExtension>
        </extensions>
      </trkpt>
      <trkpt lat="37.51926608383655548095703125" lon="127.0908038131892681121826171875">
        <ele>11.80000019073486328125</ele>
        <time>2026-09-14T09:09:32.000Z</time>
        <extensions>
          <ns3:TrackPointExtension>
            <ns3:hr>152</ns3:hr>
            <ns3:cad>84</ns3:cad>
          </ns3:TrackPointExtension>
        </extensions>
      </trkpt>
      <trkpt lat="37.51925141550600528717041015625" lon="127.090760059654712677001953125">
        <ele>12</ele>
        <time>2026-09-14T09:09:33.000Z</time>
        <extensions>
          <ns3:TrackPointExtension>
            <ns3:hr>151</ns3:hr>
            <ns3:cad>84</ns3:cad>
          </ns3:TrackPointExtension>
        </extensions>
      </trkpt>
      <trkpt lat="37.51924462616443634033203125" lon="127.0907220058143138885498046875">
        <ele>12</ele>
        <time>2026-09-14T09:09:34.000Z</time>
        <extensions>
          <ns3:TrackPointExtension>
            <ns3:hr>151</ns3:hr>
            <ns3:cad>84</ns3:cad>
          </ns3:TrackPointExtension>
        </extensions>
      </trkpt>
      <trkpt lat="37.5192364118993282318115234375" lon="127.09069560281932353973388671875">
        <ele>12.19999980926513671875</ele>
        <time>2026-09-14T09:09:35.000Z</time>
        <extensions>
          <ns3:TrackPointExtension>
            <ns3:hr>151</ns3:hr>
            <ns3:cad>84</ns3:cad>
          </ns3:TrackPointExtension>
        </extensions>
      </trkpt>
      <trkpt lat="37.5192293711006641387939453125" lon="127.0906532742083072662353515625">
        <ele>12.19999980926513671875</ele>
        <time>2026-09-14T09:09:36.000Z</time>
        <extensions>
          <ns3:TrackPointExtension>
            <ns3:hr>152</ns3:hr>
            <ns3:cad>84</ns3:cad>
          </ns3:TrackPointExtension>
        </extensions>
      </trkpt>
      <trkpt lat="37.51921369694173336029052734375" lon="127.09062360227108001708984375">
        <ele>12.19999980926513671875</ele>
        <time>2026-09-14T09:09:37.000Z</time>
        <extensions>
          <ns3:TrackPointExtension>
            <ns3:hr>151</ns3:hr>
            <ns3:cad>84</ns3:cad>
          </ns3:TrackPointExtension>
        </extensions>
      </trkpt>
      <trkpt lat="37.51920078881084918975830078125" lon="127.09057892672717571258544921875">
        <ele>12.19999980926513671875</ele>
        <time>2026-09-14T09:09:38.000Z</time>
        <extensions>
          <ns3:TrackPointExtension>
            <ns3:hr>151</ns3:hr>
            <ns3:cad>84</ns3:cad>
          </ns3:TrackPointExtension>
        </extensions>
      </trkpt>
      <trkpt lat="37.51919726841151714324951171875" lon="127.09053969942033290863037109375">
        <ele>12</ele>
        <time>2026-09-14T09:09:39.000Z</time>
        <extensions>
          <ns3:TrackPointExtension>
            <ns3:hr>152</ns3:hr>
            <ns3:cad>84</ns3:cad>
          </ns3:TrackPointExtension>
        </extensions>
      </trkpt>
      <trkpt lat="37.51918637193739414215087890625" lon="127.0905060879886150360107421875">
        <ele>12</ele>
        <time>2026-09-14T09:09:40.000Z</time>
        <extensions>
          <ns3:TrackPointExtension>
            <ns3:hr>151</ns3:hr>
            <ns3:cad>84</ns3:cad>
          </ns3:TrackPointExtension>
        </extensions>
      </trkpt>
      <trkpt lat="37.519175224006175994873046875" lon="127.09045864641666412353515625">
        <ele>12</ele>
        <time>2026-09-14T09:09:41.000Z</time>
        <extensions>
          <ns3:TrackPointExtension>
            <ns3:hr>151</ns3:hr>
            <ns3:cad>83</ns3:cad>
          </ns3:TrackPointExtension>
        </extensions>
      </trkpt>
      <trkpt lat="37.51916390843689441680908203125" lon="127.0904316566884517669677734375">
        <ele>11.80000019073486328125</ele>
        <time>2026-09-14T09:09:42.000Z</time>
        <extensions>
          <ns3:TrackPointExtension>
            <ns3:hr>151</ns3:hr>
            <ns3:cad>84</ns3:cad>
          </ns3:TrackPointExtension>
        </extensions>
      </trkpt>
      <trkpt lat="37.519147396087646484375" lon="127.0903924293816089630126953125">
        <ele>11.80000019073486328125</ele>
        <time>2026-09-14T09:09:43.000Z</time>
        <extensions>
          <ns3:TrackPointExtension>
            <ns3:hr>151</ns3:hr>
            <ns3:cad>84</ns3:cad>
          </ns3:TrackPointExtension>
        </extensions>
      </trkpt>
      <trkpt lat="37.51914203166961669921875" lon="127.0903548784554004669189453125">
        <ele>11.80000019073486328125</ele>
        <time>2026-09-14T09:09:44.000Z</time>
        <extensions>
          <ns3:TrackPointExtension>
            <ns3:hr>151</ns3:hr>
            <ns3:cad>84</ns3:cad>
          </ns3:TrackPointExtension>
        </extensions>
      </trkpt>
      <trkpt lat="37.51913021318614482879638671875" lon="127.09032814018428325653076171875">
        <ele>11.80000019073486328125</ele>
        <time>2026-09-14T09:09:45.000Z</time>
        <extensions>
          <ns3:TrackPointExtension>
            <ns3:hr>151</ns3:hr>
            <ns3:cad>84</ns3:cad>
          </ns3:TrackPointExtension>
        </extensions>
      </trkpt>
      <trkpt lat="37.51912099309265613555908203125" lon="127.09028237499296665191650390625">
        <ele>11.80000019073486328125</ele>
        <time>2026-09-14T09:09:46.000Z</time>
        <extensions>
          <ns3:TrackPointExtension>
            <ns3:hr>151</ns3:hr>
            <ns3:cad>84</ns3:cad>
          </ns3:TrackPointExtension>
        </extensions>
      </trkpt>
      <trkpt lat="37.51911210827529430389404296875" lon="127.09025437943637371063232421875">
        <ele>11.80000019073486328125</ele>
        <time>2026-09-14T09:09:47.000Z</time>
        <extensions>
          <ns3:TrackPointExtension>
            <ns3:hr>151</ns3:hr>
            <ns3:cad>84</ns3:cad>
          </ns3:TrackPointExtension>
        </extensions>
      </trkpt>
      <trkpt lat="37.5191002897918224334716796875" lon="127.0902133919298648834228515625">
        <ele>11.80000019073486328125</ele>
        <time>2026-09-14T09:09:48.000Z</time>
        <extensions>
          <ns3:TrackPointExtension>
            <ns3:hr>151</ns3:hr>
            <ns3:cad>84</ns3:cad>
          </ns3:TrackPointExtension>
        </extensions>
      </trkpt>
      <trkpt lat="37.51909366808831691741943359375" lon="127.09017776884138584136962890625">
        <ele>12</ele>
        <time>2026-09-14T09:09:49.000Z</time>
        <extensions>
          <ns3:TrackPointExtension>
            <ns3:hr>151</ns3:hr>
            <ns3:cad>84</ns3:cad>
          </ns3:TrackPointExtension>
        </extensions>
      </trkpt>
      <trkpt lat="37.5190816819667816162109375" lon="127.0901454985141754150390625">
        <ele>12.19999980926513671875</ele>
        <time>2026-09-14T09:09:50.000Z</time>
        <extensions>
          <ns3:TrackPointExtension>
            <ns3:hr>151</ns3:hr>
            <ns3:cad>84</ns3:cad>
          </ns3:TrackPointExtension>
        </extensions>
      </trkpt>
      <trkpt lat="37.51908478327095508575439453125" lon="127.09009411744773387908935546875">
        <ele>12.19999980926513671875</ele>
        <time>2026-09-14T09:09:51.000Z</time>
        <extensions>
          <ns3:TrackPointExtension>
            <ns3:hr>152</ns3:hr>
            <ns3:cad>83</ns3:cad>
          </ns3:TrackPointExtension>
        </extensions>
      </trkpt>
      <trkpt lat="37.51907740719616413116455078125" lon="127.09006528370082378387451171875">
        <ele>12</ele>
        <time>2026-09-14T09:09:52.000Z</time>
        <extensions>
          <ns3:TrackPointExtension>
            <ns3:hr>151</ns3:hr>
            <ns3:cad>83</ns3:cad>
          </ns3:TrackPointExtension>
        </extensions>
      </trkpt>
      <trkpt lat="37.5190721265971660614013671875" lon="127.09001935087144374847412109375">
        <ele>11.80000019073486328125</ele>
        <time>2026-09-14T09:09:53.000Z</time>
        <extensions>
          <ns3:TrackPointExtension>
            <ns3:hr>151</ns3:hr>
            <ns3:cad>84</ns3:cad>
          </ns3:TrackPointExtension>
        </extensions>
      </trkpt>
      <trkpt lat="37.519069276750087738037109375" lon="127.0899780280888080596923828125">
        <ele>11.80000019073486328125</ele>
        <time>2026-09-14T09:09:54.000Z</time>
        <extensions>
          <ns3:TrackPointExtension>
            <ns3:hr>151</ns3:hr>
            <ns3:cad>84</ns3:cad>
          </ns3:TrackPointExtension>
        </extensions>
      </trkpt>
      <trkpt lat="37.51906148158013820648193359375" lon="127.08994542248547077178955078125">
        <ele>11.80000019073486328125</ele>
        <time>2026-09-14T09:09:55.000Z</time>
        <extensions>
          <ns3:TrackPointExtension>
            <ns3:hr>152</ns3:hr>
            <ns3:cad>84</ns3:cad>
          </ns3:TrackPointExtension>
        </extensions>
      </trkpt>
      <trkpt lat="37.51905645243823528289794921875" lon="127.089897729456424713134765625">
        <ele>11.80000019073486328125</ele>
        <time>2026-09-14T09:09:56.000Z</time>
        <extensions>
          <ns3:TrackPointExtension>
            <ns3:hr>151</ns3:hr>
            <ns3:cad>84</ns3:cad>
          </ns3:TrackPointExtension>
        </extensions>
      </trkpt>
      <trkpt lat="37.51904924400150775909423828125" lon="127.089869566261768341064453125">
        <ele>11.80000019073486328125</ele>
        <time>2026-09-14T09:09:57.000Z</time>
        <extensions>
          <ns3:TrackPointExtension>
            <ns3:hr>151</ns3:hr>
            <ns3:cad>84</ns3:cad>
          </ns3:TrackPointExtension>
        </extensions>
      </trkpt>
      <trkpt lat="37.5190365873277187347412109375" lon="127.0898241363465785980224609375">
        <ele>12</ele>
        <time>2026-09-14T09:09:58.000Z</time>
        <extensions>
          <ns3:TrackPointExtension>
            <ns3:hr>152</ns3:hr>
            <ns3:cad>84</ns3:cad>
          </ns3:TrackPointExtension>
        </extensions>
      </trkpt>
      <trkpt lat="37.51903147436678409576416015625" lon="127.089783735573291778564453125">
        <ele>12</ele>
        <time>2026-09-14T09:09:59.000Z</time>
        <extensions>
          <ns3:TrackPointExtension>
            <ns3:hr>152</ns3:hr>
            <ns3:cad>83</ns3:cad>
          </ns3:TrackPointExtension>
        </extensions>
      </trkpt>
      <trkpt lat="37.519020996987819671630859375" lon="127.0897517167031764984130859375">
        <ele>11.80000019073486328125</ele>
        <time>2026-09-14T09:10:00.000Z</time>
        <extensions>
          <ns3:TrackPointExtension>
            <ns3:hr>152</ns3:hr>
            <ns3:cad>83</ns3:cad>
          </ns3:TrackPointExtension>
        </extensions>
      </trkpt>
      <trkpt lat="37.519017644226551055908203125" lon="127.0897067897021770477294921875">
        <ele>11.6000003814697265625</ele>
        <time>2026-09-14T09:10:01.000Z</time>
        <extensions>
          <ns3:TrackPointExtension>
            <ns3:hr>152</ns3:hr>
            <ns3:cad>83</ns3:cad>
          </ns3:TrackPointExtension>
        </extensions>
      </trkpt>
      <trkpt lat="37.5190064124763011932373046875" lon="127.08967518992722034454345703125">
        <ele>11.6000003814697265625</ele>
        <time>2026-09-14T09:10:02.000Z</time>
        <extensions>
          <ns3:TrackPointExtension>
            <ns3:hr>151</ns3:hr>
            <ns3:cad>83</ns3:cad>
          </ns3:TrackPointExtension>
        </extensions>
      </trkpt>
      <trkpt lat="37.5189976952970027923583984375" lon="127.089626155793666839599609375">
        <ele>11.6000003814697265625</ele>
        <time>2026-09-14T09:10:03.000Z</time>
        <extensions>
          <ns3:TrackPointExtension>
            <ns3:hr>152</ns3:hr>
            <ns3:cad>85</ns3:cad>
          </ns3:TrackPointExtension>
        </extensions>
      </trkpt>
      <trkpt lat="37.518989145755767822265625" lon="127.08958868868649005889892578125">
        <ele>11.80000019073486328125</ele>
        <time>2026-09-14T09:10:04.000Z</time>
        <extensions>
          <ns3:TrackPointExtension>
            <ns3:hr>151</ns3:hr>
            <ns3:cad>85</ns3:cad>
          </ns3:TrackPointExtension>
        </extensions>
      </trkpt>
      <trkpt lat="37.5189769081771373748779296875" lon="127.0895498804748058319091796875">
        <ele>11.80000019073486328125</ele>
        <time>2026-09-14T09:10:05.000Z</time>
        <extensions>
          <ns3:TrackPointExtension>
            <ns3:hr>151</ns3:hr>
            <ns3:cad>84</ns3:cad>
          </ns3:TrackPointExtension>
        </extensions>
      </trkpt>
      <trkpt lat="37.51896995119750499725341796875" lon="127.089500091969966888427734375">
        <ele>11.80000019073486328125</ele>
        <time>2026-09-14T09:10:06.000Z</time>
        <extensions>
          <ns3:TrackPointExtension>
            <ns3:hr>151</ns3:hr>
            <ns3:cad>84</ns3:cad>
          </ns3:TrackPointExtension>
        </extensions>
      </trkpt>
      <trkpt lat="37.51896140165627002716064453125" lon="127.0894724316895008087158203125">
        <ele>12</ele>
        <time>2026-09-14T09:10:07.000Z</time>
        <extensions>
          <ns3:TrackPointExtension>
            <ns3:hr>152</ns3:hr>
            <ns3:cad>84</ns3:cad>
          </ns3:TrackPointExtension>
        </extensions>
      </trkpt>
      <trkpt lat="37.51895905472338199615478515625" lon="127.08942591212689876556396484375">
        <ele>12</ele>
        <time>2026-09-14T09:10:08.000Z</time>
        <extensions>
          <ns3:TrackPointExtension>
            <ns3:hr>151</ns3:hr>
            <ns3:cad>84</ns3:cad>
          </ns3:TrackPointExtension>
        </extensions>
      </trkpt>
      <trkpt lat="37.5189567916095256805419921875" lon="127.08938836120069026947021484375">
        <ele>12</ele>
        <time>2026-09-14T09:10:09.000Z</time>
        <extensions>
          <ns3:TrackPointExtension>
            <ns3:hr>151</ns3:hr>
            <ns3:cad>84</ns3:cad>
          </ns3:TrackPointExtension>
        </extensions>
      </trkpt>
      <trkpt lat="37.5189520977437496185302734375" lon="127.08935248665511608123779296875">
        <ele>12</ele>
        <time>2026-09-14T09:10:10.000Z</time>
        <extensions>
          <ns3:TrackPointExtension>
            <ns3:hr>152</ns3:hr>
            <ns3:cad>84</ns3:cad>
          </ns3:TrackPointExtension>
        </extensions>
      </trkpt>
      <trkpt lat="37.51895201392471790313720703125" lon="127.08930873312056064605712890625">
        <ele>12</ele>
        <time>2026-09-14T09:10:11.000Z</time>
        <extensions>
          <ns3:TrackPointExtension>
            <ns3:hr>152</ns3:hr>
            <ns3:cad>84</ns3:cad>
          </ns3:TrackPointExtension>
        </extensions>
      </trkpt>
      <trkpt lat="37.5189450569450855255126953125" lon="127.0892737805843353271484375">
        <ele>12</ele>
        <time>2026-09-14T09:10:12.000Z</time>
        <extensions>
          <ns3:TrackPointExtension>
            <ns3:hr>152</ns3:hr>
            <ns3:cad>84</ns3:cad>
          </ns3:TrackPointExtension>
        </extensions>
      </trkpt>
      <trkpt lat="37.5189413689076900482177734375" lon="127.08922206424176692962646484375">
        <ele>12</ele>
        <time>2026-09-14T09:10:13.000Z</time>
        <extensions>
          <ns3:TrackPointExtension>
            <ns3:hr>151</ns3:hr>
            <ns3:cad>85</ns3:cad>
          </ns3:TrackPointExtension>
        </extensions>
      </trkpt>
      <trkpt lat="37.5189363397657871246337890625" lon="127.08918635733425617218017578125">
        <ele>11.80000019073486328125</ele>
        <time>2026-09-14T09:10:14.000Z</time>
        <extensions>
          <ns3:TrackPointExtension>
            <ns3:hr>152</ns3:hr>
            <ns3:cad>85</ns3:cad>
          </ns3:TrackPointExtension>
        </extensions>
      </trkpt>
      <trkpt lat="37.518929131329059600830078125" lon="127.08914260379970073699951171875">
        <ele>11.80000019073486328125</ele>
        <time>2026-09-14T09:10:15.000Z</time>
        <extensions>
          <ns3:TrackPointExtension>
            <ns3:hr>152</ns3:hr>
            <ns3:cad>85</ns3:cad>
          </ns3:TrackPointExtension>
        </extensions>
      </trkpt>
      <trkpt lat="37.518929131329059600830078125" lon="127.0891002751886844635009765625">
        <ele>11.80000019073486328125</ele>
        <time>2026-09-14T09:10:16.000Z</time>
        <extensions>
          <ns3:TrackPointExtension>
            <ns3:hr>152</ns3:hr>
            <ns3:cad>85</ns3:cad>
          </ns3:TrackPointExtension>
        </extensions>
      </trkpt>
      <trkpt lat="37.5189195759594440460205078125" lon="127.0890697650611400604248046875">
        <ele>11.80000019073486328125</ele>
        <time>2026-09-14T09:10:17.000Z</time>
        <extensions>
          <ns3:TrackPointExtension>
            <ns3:hr>151</ns3:hr>
            <ns3:cad>85</ns3:cad>
          </ns3:TrackPointExtension>
        </extensions>
      </trkpt>
      <trkpt lat="37.51891714520752429962158203125" lon="127.0890270173549652099609375">
        <ele>11.80000019073486328125</ele>
        <time>2026-09-14T09:10:18.000Z</time>
        <extensions>
          <ns3:TrackPointExtension>
            <ns3:hr>152</ns3:hr>
            <ns3:cad>84</ns3:cad>
          </ns3:TrackPointExtension>
        </extensions>
      </trkpt>
      <trkpt lat="37.51890926621854305267333984375" lon="127.0889929868280887603759765625">
        <ele>11.80000019073486328125</ele>
        <time>2026-09-14T09:10:19.000Z</time>
        <extensions>
          <ns3:TrackPointExtension>
            <ns3:hr>152</ns3:hr>
            <ns3:cad>84</ns3:cad>
          </ns3:TrackPointExtension>
        </extensions>
      </trkpt>
      <trkpt lat="37.518901638686656951904296875" lon="127.088954262435436248779296875">
        <ele>11.80000019073486328125</ele>
        <time>2026-09-14T09:10:20.000Z</time>
        <extensions>
          <ns3:TrackPointExtension>
            <ns3:hr>151</ns3:hr>
            <ns3:cad>84</ns3:cad>
          </ns3:TrackPointExtension>
        </extensions>
      </trkpt>
      <trkpt lat="37.51889887265861034393310546875" lon="127.088912688195705413818359375">
        <ele>11.80000019073486328125</ele>
        <time>2026-09-14T09:10:21.000Z</time>
        <extensions>
          <ns3:TrackPointExtension>
            <ns3:hr>152</ns3:hr>
            <ns3:cad>84</ns3:cad>
          </ns3:TrackPointExtension>
        </extensions>
      </trkpt>
      <trkpt lat="37.518886886537075042724609375" lon="127.08888209424912929534912109375">
        <ele>11.80000019073486328125</ele>
        <time>2026-09-14T09:10:22.000Z</time>
        <extensions>
          <ns3:TrackPointExtension>
            <ns3:hr>151</ns3:hr>
            <ns3:cad>84</ns3:cad>
          </ns3:TrackPointExtension>
        </extensions>
      </trkpt>
      <trkpt lat="37.5188850425183773040771484375" lon="127.0888404361903667449951171875">
        <ele>11.6000003814697265625</ele>
        <time>2026-09-14T09:10:23.000Z</time>
        <extensions>
          <ns3:TrackPointExtension>
            <ns3:hr>151</ns3:hr>
            <ns3:cad>84</ns3:cad>
          </ns3:TrackPointExtension>
        </extensions>
      </trkpt>
      <trkpt lat="37.51887858845293521881103515625" lon="127.08880531601607799530029296875">
        <ele>11.6000003814697265625</ele>
        <time>2026-09-14T09:10:24.000Z</time>
        <extensions>
          <ns3:TrackPointExtension>
            <ns3:hr>151</ns3:hr>
            <ns3:cad>84</ns3:cad>
          </ns3:TrackPointExtension>
        </extensions>
      </trkpt>
      <trkpt lat="37.518873475492000579833984375" lon="127.08875921554863452911376953125">
        <ele>11.6000003814697265625</ele>
        <time>2026-09-14T09:10:25.000Z</time>
        <extensions>
          <ns3:TrackPointExtension>
            <ns3:hr>151</ns3:hr>
            <ns3:cad>84</ns3:cad>
          </ns3:TrackPointExtension>
        </extensions>
      </trkpt>
      <trkpt lat="37.518871128559112548828125" lon="127.08871898241341114044189453125">
        <ele>11.6000003814697265625</ele>
        <time>2026-09-14T09:10:26.000Z</time>
        <extensions>
          <ns3:TrackPointExtension>
            <ns3:hr>151</ns3:hr>
            <ns3:cad>84</ns3:cad>
          </ns3:TrackPointExtension>
        </extensions>
      </trkpt>
      <trkpt lat="37.51886333338916301727294921875" lon="127.0886845327913761138916015625">
        <ele>11.80000019073486328125</ele>
        <time>2026-09-14T09:10:27.000Z</time>
        <extensions>
          <ns3:TrackPointExtension>
            <ns3:hr>150</ns3:hr>
            <ns3:cad>84</ns3:cad>
          </ns3:TrackPointExtension>
        </extensions>
      </trkpt>
      <trkpt lat="37.5188545323908329010009765625" lon="127.0886409468948841094970703125">
        <ele>11.80000019073486328125</ele>
        <time>2026-09-14T09:10:28.000Z</time>
        <extensions>
          <ns3:TrackPointExtension>
            <ns3:hr>150</ns3:hr>
            <ns3:cad>84</ns3:cad>
          </ns3:TrackPointExtension>
        </extensions>
      </trkpt>
      <trkpt lat="37.5188434682786464691162109375" lon="127.08861353807151317596435546875">
        <ele>12</ele>
        <time>2026-09-14T09:10:29.000Z</time>
        <extensions>
          <ns3:TrackPointExtension>
            <ns3:hr>150</ns3:hr>
            <ns3:cad>84</ns3:cad>
          </ns3:TrackPointExtension>
        </extensions>
      </trkpt>
      <trkpt lat="37.5188347510993480682373046875" lon="127.08856995217502117156982421875">
        <ele>12</ele>
        <time>2026-09-14T09:10:30.000Z</time>
        <extensions>
          <ns3:TrackPointExtension>
            <ns3:hr>150</ns3:hr>
            <ns3:cad>84</ns3:cad>
          </ns3:TrackPointExtension>
        </extensions>
      </trkpt>
      <trkpt lat="37.5188240222632884979248046875" lon="127.08853659220039844512939453125">
        <ele>11.80000019073486328125</ele>
        <time>2026-09-14T09:10:31.000Z</time>
        <extensions>
          <ns3:TrackPointExtension>
            <ns3:hr>150</ns3:hr>
            <ns3:cad>85</ns3:cad>
          </ns3:TrackPointExtension>
        </extensions>
      </trkpt>
      <trkpt lat="37.5188116170465946197509765625" lon="127.088499963283538818359375">
        <ele>11.80000019073486328125</ele>
        <time>2026-09-14T09:10:32.000Z</time>
        <extensions>
          <ns3:TrackPointExtension>
            <ns3:hr>150</ns3:hr>
            <ns3:cad>85</ns3:cad>
          </ns3:TrackPointExtension>
        </extensions>
      </trkpt>
      <trkpt lat="37.51880885101854801177978515625" lon="127.08845377899706363677978515625">
        <ele>11.80000019073486328125</ele>
        <time>2026-09-14T09:10:33.000Z</time>
        <extensions>
          <ns3:TrackPointExtension>
            <ns3:hr>150</ns3:hr>
            <ns3:cad>84</ns3:cad>
          </ns3:TrackPointExtension>
        </extensions>
      </trkpt>
      <trkpt lat="37.5188018940389156341552734375" lon="127.08842008374631404876708984375">
        <ele>11.80000019073486328125</ele>
        <time>2026-09-14T09:10:34.000Z</time>
        <extensions>
          <ns3:TrackPointExtension>
            <ns3:hr>150</ns3:hr>
            <ns3:cad>84</ns3:cad>
          </ns3:TrackPointExtension>
        </extensions>
      </trkpt>
      <trkpt lat="37.51880281604826450347900390625" lon="127.08836786448955535888671875">
        <ele>11.80000019073486328125</ele>
        <time>2026-09-14T09:10:35.000Z</time>
        <extensions>
          <ns3:TrackPointExtension>
            <ns3:hr>151</ns3:hr>
            <ns3:cad>84</ns3:cad>
          </ns3:TrackPointExtension>
        </extensions>
      </trkpt>
      <trkpt lat="37.51879208721220493316650390625" lon="127.0883338339626789093017578125">
        <ele>11.80000019073486328125</ele>
        <time>2026-09-14T09:10:36.000Z</time>
        <extensions>
          <ns3:TrackPointExtension>
            <ns3:hr>151</ns3:hr>
            <ns3:cad>84</ns3:cad>
          </ns3:TrackPointExtension>
        </extensions>
      </trkpt>
      <trkpt lat="37.51878420822322368621826171875" lon="127.088290415704250335693359375">
        <ele>11.80000019073486328125</ele>
        <time>2026-09-14T09:10:37.000Z</time>
        <extensions>
          <ns3:TrackPointExtension>
            <ns3:hr>151</ns3:hr>
            <ns3:cad>84</ns3:cad>
          </ns3:TrackPointExtension>
        </extensions>
      </trkpt>
      <trkpt lat="37.518784292042255401611328125" lon="127.0882486738264560699462890625">
        <ele>11.80000019073486328125</ele>
        <time>2026-09-14T09:10:38.000Z</time>
        <extensions>
          <ns3:TrackPointExtension>
            <ns3:hr>151</ns3:hr>
            <ns3:cad>84</ns3:cad>
          </ns3:TrackPointExtension>
        </extensions>
      </trkpt>
      <trkpt lat="37.518777586519718170166015625" lon="127.088211961090564727783203125">
        <ele>12</ele>
        <time>2026-09-14T09:10:39.000Z</time>
        <extensions>
          <ns3:TrackPointExtension>
            <ns3:hr>150</ns3:hr>
            <ns3:cad>84</ns3:cad>
          </ns3:TrackPointExtension>
        </extensions>
      </trkpt>
      <trkpt lat="37.51877984963357448577880859375" lon="127.08816275931894779205322265625">
        <ele>12</ele>
        <time>2026-09-14T09:10:40.000Z</time>
        <extensions>
          <ns3:TrackPointExtension>
            <ns3:hr>151</ns3:hr>
            <ns3:cad>85</ns3:cad>
          </ns3:TrackPointExtension>
        </extensions>
      </trkpt>
      <trkpt lat="37.5187733955681324005126953125" lon="127.08813543431460857391357421875">
        <ele>11.80000019073486328125</ele>
        <time>2026-09-14T09:10:41.000Z</time>
        <extensions>
          <ns3:TrackPointExtension>
            <ns3:hr>151</ns3:hr>
            <ns3:cad>85</ns3:cad>
          </ns3:TrackPointExtension>
        </extensions>
      </trkpt>
      <trkpt lat="37.51876794733107089996337890625" lon="127.0880897529423236846923828125">
        <ele>12</ele>
        <time>2026-09-14T09:10:42.000Z</time>
        <extensions>
          <ns3:TrackPointExtension>
            <ns3:hr>150</ns3:hr>
            <ns3:cad>85</ns3:cad>
          </ns3:TrackPointExtension>
        </extensions>
      </trkpt>
      <trkpt lat="37.51876476220786571502685546875" lon="127.08805044181644916534423828125">
        <ele>12</ele>
        <time>2026-09-14T09:10:43.000Z</time>
        <extensions>
          <ns3:TrackPointExtension>
            <ns3:hr>151</ns3:hr>
            <ns3:cad>85</ns3:cad>
          </ns3:TrackPointExtension>
        </extensions>
      </trkpt>
      <trkpt lat="37.51876182854175567626953125" lon="127.088018171489238739013671875">
        <ele>12</ele>
        <time>2026-09-14T09:10:44.000Z</time>
        <extensions>
          <ns3:TrackPointExtension>
            <ns3:hr>151</ns3:hr>
            <ns3:cad>84</ns3:cad>
          </ns3:TrackPointExtension>
        </extensions>
      </trkpt>
      <trkpt lat="37.51876358874142169952392578125" lon="127.08797399885952472686767578125">
        <ele>12</ele>
        <time>2026-09-14T09:10:45.000Z</time>
        <extensions>
          <ns3:TrackPointExtension>
            <ns3:hr>150</ns3:hr>
            <ns3:cad>84</ns3:cad>
          </ns3:TrackPointExtension>
        </extensions>
      </trkpt>
      <trkpt lat="37.51875520683825016021728515625" lon="127.0879432372748851776123046875">
        <ele>12</ele>
        <time>2026-09-14T09:10:46.000Z</time>
        <extensions>
          <ns3:TrackPointExtension>
            <ns3:hr>151</ns3:hr>
            <ns3:cad>84</ns3:cad>
          </ns3:TrackPointExtension>
        </extensions>
      </trkpt>
      <trkpt lat="37.51874816603958606719970703125" lon="127.08789722062647342681884765625">
        <ele>12</ele>
        <time>2026-09-14T09:10:47.000Z</time>
        <extensions>
          <ns3:TrackPointExtension>
            <ns3:hr>150</ns3:hr>
            <ns3:cad>84</ns3:cad>
          </ns3:TrackPointExtension>
        </extensions>
      </trkpt>
      <trkpt lat="37.51874581910669803619384765625" lon="127.0878600887954235076904296875">
        <ele>12</ele>
        <time>2026-09-14T09:10:48.000Z</time>
        <extensions>
          <ns3:TrackPointExtension>
            <ns3:hr>150</ns3:hr>
            <ns3:cad>84</ns3:cad>
          </ns3:TrackPointExtension>
        </extensions>
      </trkpt>
      <trkpt lat="37.51874296925961971282958984375" lon="127.0878238789737224578857421875">
        <ele>11.80000019073486328125</ele>
        <time>2026-09-14T09:10:49.000Z</time>
        <extensions>
          <ns3:TrackPointExtension>
            <ns3:hr>150</ns3:hr>
            <ns3:cad>84</ns3:cad>
          </ns3:TrackPointExtension>
        </extensions>
      </trkpt>
      <trkpt lat="37.51874573528766632080078125" lon="127.08778004162013530731201171875">
        <ele>11.80000019073486328125</ele>
        <time>2026-09-14T09:10:50.000Z</time>
        <extensions>
          <ns3:TrackPointExtension>
            <ns3:hr>150</ns3:hr>
            <ns3:cad>84</ns3:cad>
          </ns3:TrackPointExtension>
        </extensions>
      </trkpt>
      <trkpt lat="37.51874037086963653564453125" lon="127.08775154314935207366943359375">
        <ele>11.80000019073486328125</ele>
        <time>2026-09-14T09:10:51.000Z</time>
        <extensions>
          <ns3:TrackPointExtension>
            <ns3:hr>150</ns3:hr>
            <ns3:cad>84</ns3:cad>
          </ns3:TrackPointExtension>
        </extensions>
      </trkpt>
      <trkpt lat="37.5187331624329090118408203125" lon="127.08770175464451313018798828125">
        <ele>11.80000019073486328125</ele>
        <time>2026-09-14T09:10:52.000Z</time>
        <extensions>
          <ns3:TrackPointExtension>
            <ns3:hr>150</ns3:hr>
            <ns3:cad>84</ns3:cad>
          </ns3:TrackPointExtension>
        </extensions>
      </trkpt>
      <trkpt lat="37.5187249481678009033203125" lon="127.0876629464328289031982421875">
        <ele>11.80000019073486328125</ele>
        <time>2026-09-14T09:10:53.000Z</time>
        <extensions>
          <ns3:TrackPointExtension>
            <ns3:hr>150</ns3:hr>
            <ns3:cad>84</ns3:cad>
          </ns3:TrackPointExtension>
        </extensions>
      </trkpt>
      <trkpt lat="37.51871933229267597198486328125" lon="127.0876287482678890228271484375">
        <ele>12</ele>
        <time>2026-09-14T09:10:54.000Z</time>
        <extensions>
          <ns3:TrackPointExtension>
            <ns3:hr>150</ns3:hr>
            <ns3:cad>84</ns3:cad>
          </ns3:TrackPointExtension>
        </extensions>
      </trkpt>
      <trkpt lat="37.51872033812105655670166015625" lon="127.087585665285587310791015625">
        <ele>12</ele>
        <time>2026-09-14T09:10:55.000Z</time>
        <extensions>
          <ns3:TrackPointExtension>
            <ns3:hr>150</ns3:hr>
            <ns3:cad>84</ns3:cad>
          </ns3:TrackPointExtension>
        </extensions>
      </trkpt>
      <trkpt lat="37.51871095038950443267822265625" lon="127.087555825710296630859375">
        <ele>11.80000019073486328125</ele>
        <time>2026-09-14T09:10:56.000Z</time>
        <extensions>
          <ns3:TrackPointExtension>
            <ns3:hr>149</ns3:hr>
            <ns3:cad>84</ns3:cad>
          </ns3:TrackPointExtension>
        </extensions>
      </trkpt>
      <trkpt lat="37.518704831600189208984375" lon="127.08750897087156772613525390625">
        <ele>11.80000019073486328125</ele>
        <time>2026-09-14T09:10:57.000Z</time>
        <extensions>
          <ns3:TrackPointExtension>
            <ns3:hr>149</ns3:hr>
            <ns3:cad>84</ns3:cad>
          </ns3:TrackPointExtension>
        </extensions>
      </trkpt>
      <trkpt lat="37.51869971863925457000732421875" lon="127.0874745212495326995849609375">
        <ele>11.80000019073486328125</ele>
        <time>2026-09-14T09:10:58.000Z</time>
        <extensions>
          <ns3:TrackPointExtension>
            <ns3:hr>149</ns3:hr>
            <ns3:cad>84</ns3:cad>
          </ns3:TrackPointExtension>
        </extensions>
      </trkpt>
      <trkpt lat="37.51869116909801959991455078125" lon="127.087436132133007049560546875">
        <ele>11.80000019073486328125</ele>
        <time>2026-09-14T09:10:59.000Z</time>
        <extensions>
          <ns3:TrackPointExtension>
            <ns3:hr>149</ns3:hr>
            <ns3:cad>84</ns3:cad>
          </ns3:TrackPointExtension>
        </extensions>
      </trkpt>
      <trkpt lat="37.51868764869868755340576171875" lon="127.08739397116005420684814453125">
        <ele>11.80000019073486328125</ele>
        <time>2026-09-14T09:11:00.000Z</time>
        <extensions>
          <ns3:TrackPointExtension>
            <ns3:hr>149</ns3:hr>
            <ns3:cad>84</ns3:cad>
          </ns3:TrackPointExtension>
        </extensions>
      </trkpt>
      <trkpt lat="37.518679015338420867919921875" lon="127.08736614324152469635009765625">
        <ele>11.80000019073486328125</ele>
        <time>2026-09-14T09:11:01.000Z</time>
        <extensions>
          <ns3:TrackPointExtension>
            <ns3:hr>148</ns3:hr>
            <ns3:cad>84</ns3:cad>
          </ns3:TrackPointExtension>
        </extensions>
      </trkpt>
      <trkpt lat="37.51867474056780338287353515625" lon="127.087320797145366668701171875">
        <ele>12</ele>
        <time>2026-09-14T09:11:02.000Z</time>
        <extensions>
          <ns3:TrackPointExtension>
            <ns3:hr>149</ns3:hr>
            <ns3:cad>84</ns3:cad>
          </ns3:TrackPointExtension>
        </extensions>
      </trkpt>
      <trkpt lat="37.518677003681659698486328125" lon="127.087286598980426788330078125">
        <ele>12</ele>
        <time>2026-09-14T09:11:03.000Z</time>
        <extensions>
          <ns3:TrackPointExtension>
            <ns3:hr>149</ns3:hr>
            <ns3:cad>84</ns3:cad>
          </ns3:TrackPointExtension>
        </extensions>
      </trkpt>
      <trkpt lat="37.51866526901721954345703125" lon="127.08724343217909336090087890625">
        <ele>12</ele>
        <time>2026-09-14T09:11:04.000Z</time>
        <extensions>
          <ns3:TrackPointExtension>
            <ns3:hr>149</ns3:hr>
            <ns3:cad>84</ns3:cad>
          </ns3:TrackPointExtension>
        </extensions>
      </trkpt>
      <trkpt lat="37.51866082660853862762451171875" lon="127.087200097739696502685546875">
        <ele>12.19999980926513671875</ele>
        <time>2026-09-14T09:11:05.000Z</time>
        <extensions>
          <ns3:TrackPointExtension>
            <ns3:hr>149</ns3:hr>
            <ns3:cad>84</ns3:cad>
          </ns3:TrackPointExtension>
        </extensions>
      </trkpt>
      <trkpt lat="37.51865747384727001190185546875" lon="127.0871710963547229766845703125">
        <ele>12.3999996185302734375</ele>
        <time>2026-09-14T09:11:06.000Z</time>
        <extensions>
          <ns3:TrackPointExtension>
            <ns3:hr>149</ns3:hr>
            <ns3:cad>84</ns3:cad>
          </ns3:TrackPointExtension>
        </extensions>
      </trkpt>
      <trkpt lat="37.51865814439952373504638671875" lon="127.0871197991073131561279296875">
        <ele>12.3999996185302734375</ele>
        <time>2026-09-14T09:11:07.000Z</time>
        <extensions>
          <ns3:TrackPointExtension>
            <ns3:hr>149</ns3:hr>
            <ns3:cad>84</ns3:cad>
          </ns3:TrackPointExtension>
        </extensions>
      </trkpt>
      <trkpt lat="37.51864892430603504180908203125" lon="127.0870819129049777984619140625">
        <ele>12.6000003814697265625</ele>
        <time>2026-09-14T09:11:08.000Z</time>
        <extensions>
          <ns3:TrackPointExtension>
            <ns3:hr>149</ns3:hr>
            <ns3:cad>84</ns3:cad>
          </ns3:TrackPointExtension>
        </extensions>
      </trkpt>
      <trkpt lat="37.5186469964683055877685546875" lon="127.08704746328294277191162109375">
        <ele>12.6000003814697265625</ele>
        <time>2026-09-14T09:11:09.000Z</time>
        <extensions>
          <ns3:TrackPointExtension>
            <ns3:hr>149</ns3:hr>
            <ns3:cad>84</ns3:cad>
          </ns3:TrackPointExtension>
        </extensions>
      </trkpt>
      <trkpt lat="37.51865076832473278045654296875" lon="127.0870044641196727752685546875">
        <ele>12.3999996185302734375</ele>
        <time>2026-09-14T09:11:10.000Z</time>
        <extensions>
          <ns3:TrackPointExtension>
            <ns3:hr>149</ns3:hr>
            <ns3:cad>84</ns3:cad>
          </ns3:TrackPointExtension>
        </extensions>
      </trkpt>
      <trkpt lat="37.5186493434011936187744140625" lon="127.0869813300669193267822265625">
        <ele>12.19999980926513671875</ele>
        <time>2026-09-14T09:11:11.000Z</time>
        <extensions>
          <ns3:TrackPointExtension>
            <ns3:hr>149</ns3:hr>
            <ns3:cad>84</ns3:cad>
          </ns3:TrackPointExtension>
        </extensions>
      </trkpt>
      <trkpt lat="37.5186456553637981414794921875" lon="127.0869323797523975372314453125">
        <ele>12</ele>
        <time>2026-09-14T09:11:12.000Z</time>
        <extensions>
          <ns3:TrackPointExtension>
            <ns3:hr>150</ns3:hr>
            <ns3:cad>83</ns3:cad>
          </ns3:TrackPointExtension>
        </extensions>
      </trkpt>
      <trkpt lat="37.5186337530612945556640625" lon="127.08689742721617221832275390625">
        <ele>11.80000019073486328125</ele>
        <time>2026-09-14T09:11:13.000Z</time>
        <extensions>
          <ns3:TrackPointExtension>
            <ns3:hr>149</ns3:hr>
            <ns3:cad>83</ns3:cad>
          </ns3:TrackPointExtension>
        </extensions>
      </trkpt>
      <trkpt lat="37.51862595789134502410888671875" lon="127.0868542604148387908935546875">
        <ele>11.80000019073486328125</ele>
        <time>2026-09-14T09:11:14.000Z</time>
        <extensions>
          <ns3:TrackPointExtension>
            <ns3:hr>149</ns3:hr>
            <ns3:cad>83</ns3:cad>
          </ns3:TrackPointExtension>
        </extensions>
      </trkpt>
      <trkpt lat="37.5186238624155521392822265625" lon="127.08680807612836360931396484375">
        <ele>11.80000019073486328125</ele>
        <time>2026-09-14T09:11:15.000Z</time>
        <extensions>
          <ns3:TrackPointExtension>
            <ns3:hr>149</ns3:hr>
            <ns3:cad>83</ns3:cad>
          </ns3:TrackPointExtension>
        </extensions>
      </trkpt>
      <trkpt lat="37.51861036755144596099853515625" lon="127.08678259514272212982177734375">
        <ele>11.80000019073486328125</ele>
        <time>2026-09-14T09:11:16.000Z</time>
        <extensions>
          <ns3:TrackPointExtension>
            <ns3:hr>149</ns3:hr>
            <ns3:cad>83</ns3:cad>
          </ns3:TrackPointExtension>
        </extensions>
      </trkpt>
      <trkpt lat="37.5186044164001941680908203125" lon="127.0867362432181835174560546875">
        <ele>11.80000019073486328125</ele>
        <time>2026-09-14T09:11:17.000Z</time>
        <extensions>
          <ns3:TrackPointExtension>
            <ns3:hr>150</ns3:hr>
            <ns3:cad>84</ns3:cad>
          </ns3:TrackPointExtension>
        </extensions>
      </trkpt>
      <trkpt lat="37.5185883231461048126220703125" lon="127.08670682273805141448974609375">
        <ele>11.80000019073486328125</ele>
        <time>2026-09-14T09:11:18.000Z</time>
        <extensions>
          <ns3:TrackPointExtension>
            <ns3:hr>149</ns3:hr>
            <ns3:cad>84</ns3:cad>
          </ns3:TrackPointExtension>
        </extensions>
      </trkpt>
      <trkpt lat="37.5185752473771572113037109375" lon="127.08666491322219371795654296875">
        <ele>11.80000019073486328125</ele>
        <time>2026-09-14T09:11:19.000Z</time>
        <extensions>
          <ns3:TrackPointExtension>
            <ns3:hr>149</ns3:hr>
            <ns3:cad>84</ns3:cad>
          </ns3:TrackPointExtension>
        </extensions>
      </trkpt>
      <trkpt lat="37.518570385873317718505859375" lon="127.086619399487972259521484375">
        <ele>11.80000019073486328125</ele>
        <time>2026-09-14T09:11:20.000Z</time>
        <extensions>
          <ns3:TrackPointExtension>
            <ns3:hr>149</ns3:hr>
            <ns3:cad>84</ns3:cad>
          </ns3:TrackPointExtension>
        </extensions>
      </trkpt>
      <trkpt lat="37.5185693800449371337890625" lon="127.08659282885491847991943359375">
        <ele>12</ele>
        <time>2026-09-14T09:11:21.000Z</time>
        <extensions>
          <ns3:TrackPointExtension>
            <ns3:hr>149</ns3:hr>
            <ns3:cad>84</ns3:cad>
          </ns3:TrackPointExtension>
        </extensions>
      </trkpt>
      <trkpt lat="37.51856896094977855682373046875" lon="127.086549662053585052490234375">
        <ele>12</ele>
        <time>2026-09-14T09:11:22.000Z</time>
        <extensions>
          <ns3:TrackPointExtension>
            <ns3:hr>149</ns3:hr>
            <ns3:cad>84</ns3:cad>
          </ns3:TrackPointExtension>
        </extensions>
      </trkpt>
      <trkpt lat="37.51856275834143161773681640625" lon="127.08651688881218433380126953125">
        <ele>12</ele>
        <time>2026-09-14T09:11:23.000Z</time>
        <extensions>
          <ns3:TrackPointExtension>
            <ns3:hr>149</ns3:hr>
            <ns3:cad>84</ns3:cad>
          </ns3:TrackPointExtension>
        </extensions>
      </trkpt>
      <trkpt lat="37.5185568071901798248291015625" lon="127.086473889648914337158203125">
        <ele>11.80000019073486328125</ele>
        <time>2026-09-14T09:11:24.000Z</time>
        <extensions>
          <ns3:TrackPointExtension>
            <ns3:hr>149</ns3:hr>
            <ns3:cad>84</ns3:cad>
          </ns3:TrackPointExtension>
        </extensions>
      </trkpt>
      <trkpt lat="37.51855571754276752471923828125" lon="127.08642904646694660186767578125">
        <ele>11.6000003814697265625</ele>
        <time>2026-09-14T09:11:25.000Z</time>
        <extensions>
          <ns3:TrackPointExtension>
            <ns3:hr>149</ns3:hr>
            <ns3:cad>83</ns3:cad>
          </ns3:TrackPointExtension>
        </extensions>
      </trkpt>
      <trkpt lat="37.51854901202023029327392578125" lon="127.086393423378467559814453125">
        <ele>11.6000003814697265625</ele>
        <time>2026-09-14T09:11:26.000Z</time>
        <extensions>
          <ns3:TrackPointExtension>
            <ns3:hr>149</ns3:hr>
            <ns3:cad>83</ns3:cad>
          </ns3:TrackPointExtension>
        </extensions>
      </trkpt>
      <trkpt lat="37.5185479223728179931640625" lon="127.086342461407184600830078125">
        <ele>11.6000003814697265625</ele>
        <time>2026-09-14T09:11:27.000Z</time>
        <extensions>
          <ns3:TrackPointExtension>
            <ns3:hr>149</ns3:hr>
            <ns3:cad>83</ns3:cad>
          </ns3:TrackPointExtension>
        </extensions>
      </trkpt>
      <trkpt lat="37.5185390375554561614990234375" lon="127.08631086163222789764404296875">
        <ele>11.80000019073486328125</ele>
        <time>2026-09-14T09:11:28.000Z</time>
        <extensions>
          <ns3:TrackPointExtension>
            <ns3:hr>149</ns3:hr>
            <ns3:cad>83</ns3:cad>
          </ns3:TrackPointExtension>
        </extensions>
      </trkpt>
      <trkpt lat="37.51853107474744319915771484375" lon="127.08626342006027698516845703125">
        <ele>12</ele>
        <time>2026-09-14T09:11:29.000Z</time>
        <extensions>
          <ns3:TrackPointExtension>
            <ns3:hr>149</ns3:hr>
            <ns3:cad>84</ns3:cad>
          </ns3:TrackPointExtension>
        </extensions>
      </trkpt>
      <trkpt lat="37.51853048801422119140625" lon="127.086222432553768157958984375">
        <ele>12</ele>
        <time>2026-09-14T09:11:30.000Z</time>
        <extensions>
          <ns3:TrackPointExtension>
            <ns3:hr>149</ns3:hr>
            <ns3:cad>84</ns3:cad>
          </ns3:TrackPointExtension>
        </extensions>
      </trkpt>
      <trkpt lat="37.51852487213909626007080078125" lon="127.086193263530731201171875">
        <ele>12</ele>
        <time>2026-09-14T09:11:31.000Z</time>
        <extensions>
          <ns3:TrackPointExtension>
            <ns3:hr>148</ns3:hr>
            <ns3:cad>84</ns3:cad>
          </ns3:TrackPointExtension>
        </extensions>
      </trkpt>
      <trkpt lat="37.5185219384729862213134765625" lon="127.08614842034876346588134765625">
        <ele>11.80000019073486328125</ele>
        <time>2026-09-14T09:11:32.000Z</time>
        <extensions>
          <ns3:TrackPointExtension>
            <ns3:hr>149</ns3:hr>
            <ns3:cad>84</ns3:cad>
          </ns3:TrackPointExtension>
        </extensions>
      </trkpt>
      <trkpt lat="37.5185184180736541748046875" lon="127.08611522801220417022705078125">
        <ele>11.6000003814697265625</ele>
        <time>2026-09-14T09:11:33.000Z</time>
        <extensions>
          <ns3:TrackPointExtension>
            <ns3:hr>149</ns3:hr>
            <ns3:cad>84</ns3:cad>
          </ns3:TrackPointExtension>
        </extensions>
      </trkpt>
      <trkpt lat="37.51850911416113376617431640625" lon="127.08606518805027008056640625">
        <ele>11.80000019073486328125</ele>
        <time>2026-09-14T09:11:34.000Z</time>
        <extensions>
          <ns3:TrackPointExtension>
            <ns3:hr>149</ns3:hr>
            <ns3:cad>84</ns3:cad>
          </ns3:TrackPointExtension>
        </extensions>
      </trkpt>
      <trkpt lat="37.51850374974310398101806640625" lon="127.08602688275277614593505859375">
        <ele>11.80000019073486328125</ele>
        <time>2026-09-14T09:11:35.000Z</time>
        <extensions>
          <ns3:TrackPointExtension>
            <ns3:hr>149</ns3:hr>
            <ns3:cad>85</ns3:cad>
          </ns3:TrackPointExtension>
        </extensions>
      </trkpt>
      <trkpt lat="37.51850106753408908843994140625" lon="127.08599100820720195770263671875">
        <ele>12</ele>
        <time>2026-09-14T09:11:36.000Z</time>
        <extensions>
          <ns3:TrackPointExtension>
            <ns3:hr>149</ns3:hr>
            <ns3:cad>85</ns3:cad>
          </ns3:TrackPointExtension>
        </extensions>
      </trkpt>
      <trkpt lat="37.518506683409214019775390625" lon="127.08594440482556819915771484375">
        <ele>12</ele>
        <time>2026-09-14T09:11:37.000Z</time>
        <extensions>
          <ns3:TrackPointExtension>
            <ns3:hr>149</ns3:hr>
            <ns3:cad>84</ns3:cad>
          </ns3:TrackPointExtension>
        </extensions>
      </trkpt>
      <trkpt lat="37.51850257627665996551513671875" lon="127.08591490052640438079833984375">
        <ele>12</ele>
        <time>2026-09-14T09:11:38.000Z</time>
        <extensions>
          <ns3:TrackPointExtension>
            <ns3:hr>149</ns3:hr>
            <ns3:cad>84</ns3:cad>
          </ns3:TrackPointExtension>
        </extensions>
      </trkpt>
      <trkpt lat="37.51850056461989879608154296875" lon="127.0858658663928508758544921875">
        <ele>12</ele>
        <time>2026-09-14T09:11:39.000Z</time>
        <extensions>
          <ns3:TrackPointExtension>
            <ns3:hr>149</ns3:hr>
            <ns3:cad>84</ns3:cad>
          </ns3:TrackPointExtension>
        </extensions>
      </trkpt>
      <trkpt lat="37.51849285326898097991943359375" lon="127.0858283154666423797607421875">
        <ele>12.19999980926513671875</ele>
        <time>2026-09-14T09:11:40.000Z</time>
        <extensions>
          <ns3:TrackPointExtension>
            <ns3:hr>149</ns3:hr>
            <ns3:cad>84</ns3:cad>
          </ns3:TrackPointExtension>
        </extensions>
      </trkpt>
      <trkpt lat="37.5184887461364269256591796875" lon="127.0857957936823368072509765625">
        <ele>12.3999996185302734375</ele>
        <time>2026-09-14T09:11:41.000Z</time>
        <extensions>
          <ns3:TrackPointExtension>
            <ns3:hr>149</ns3:hr>
            <ns3:cad>84</ns3:cad>
          </ns3:TrackPointExtension>
        </extensions>
      </trkpt>
      <trkpt lat="37.5184910930693149566650390625" lon="127.08574977703392505645751953125">
        <ele>12.6000003814697265625</ele>
        <time>2026-09-14T09:11:42.000Z</time>
        <extensions>
          <ns3:TrackPointExtension>
            <ns3:hr>150</ns3:hr>
            <ns3:cad>84</ns3:cad>
          </ns3:TrackPointExtension>
        </extensions>
      </trkpt>
      <trkpt lat="37.51848229207098484039306640625" lon="127.08571792580187320709228515625">
        <ele>12.6000003814697265625</ele>
        <time>2026-09-14T09:11:43.000Z</time>
        <extensions>
          <ns3:TrackPointExtension>
            <ns3:hr>150</ns3:hr>
            <ns3:cad>84</ns3:cad>
          </ns3:TrackPointExtension>
        </extensions>
      </trkpt>
      <trkpt lat="37.5184770114719867706298828125" lon="127.08567366935312747955322265625">
        <ele>12.6000003814697265625</ele>
        <time>2026-09-14T09:11:44.000Z</time>
        <extensions>
          <ns3:TrackPointExtension>
            <ns3:hr>150</ns3:hr>
            <ns3:cad>85</ns3:cad>
          </ns3:TrackPointExtension>
        </extensions>
      </trkpt>
      <trkpt lat="37.5184726528823375701904296875" lon="127.08563779480755329132080078125">
        <ele>12.6000003814697265625</ele>
        <time>2026-09-14T09:11:45.000Z</time>
        <extensions>
          <ns3:TrackPointExtension>
            <ns3:hr>150</ns3:hr>
            <ns3:cad>85</ns3:cad>
          </ns3:TrackPointExtension>
        </extensions>
      </trkpt>
      <trkpt lat="37.51846452243626117706298828125" lon="127.085604183375835418701171875">
        <ele>12.3999996185302734375</ele>
        <time>2026-09-14T09:11:46.000Z</time>
        <extensions>
          <ns3:TrackPointExtension>
            <ns3:hr>150</ns3:hr>
            <ns3:cad>83</ns3:cad>
          </ns3:TrackPointExtension>
        </extensions>
      </trkpt>
      <trkpt lat="37.51845630817115306854248046875" lon="127.0855589210987091064453125">
        <ele>12.3999996185302734375</ele>
        <time>2026-09-14T09:11:47.000Z</time>
        <extensions>
          <ns3:TrackPointExtension>
            <ns3:hr>150</ns3:hr>
            <ns3:cad>83</ns3:cad>
          </ns3:TrackPointExtension>
        </extensions>
      </trkpt>
      <trkpt lat="37.5184428133070468902587890625" lon="127.08552799187600612640380859375">
        <ele>12.3999996185302734375</ele>
        <time>2026-09-14T09:11:48.000Z</time>
        <extensions>
          <ns3:TrackPointExtension>
            <ns3:hr>150</ns3:hr>
            <ns3:cad>83</ns3:cad>
          </ns3:TrackPointExtension>
        </extensions>
      </trkpt>
      <trkpt lat="37.5184384547173976898193359375" lon="127.0854826457798480987548828125">
        <ele>12.3999996185302734375</ele>
        <time>2026-09-14T09:11:49.000Z</time>
        <extensions>
          <ns3:TrackPointExtension>
            <ns3:hr>151</ns3:hr>
            <ns3:cad>83</ns3:cad>
          </ns3:TrackPointExtension>
        </extensions>
      </trkpt>
      <trkpt lat="37.51843049190938472747802734375" lon="127.08544467575848102569580078125">
        <ele>12.3999996185302734375</ele>
        <time>2026-09-14T09:11:50.000Z</time>
        <extensions>
          <ns3:TrackPointExtension>
            <ns3:hr>151</ns3:hr>
            <ns3:cad>84</ns3:cad>
          </ns3:TrackPointExtension>
        </extensions>
      </trkpt>
      <trkpt lat="37.5184253789484500885009765625" lon="127.085409723222255706787109375">
        <ele>12.3999996185302734375</ele>
        <time>2026-09-14T09:11:51.000Z</time>
        <extensions>
          <ns3:TrackPointExtension>
            <ns3:hr>151</ns3:hr>
            <ns3:cad>84</ns3:cad>
          </ns3:TrackPointExtension>
        </extensions>
      </trkpt>
      <trkpt lat="37.51842780970036983489990234375" lon="127.08536253310739994049072265625">
        <ele>12.6000003814697265625</ele>
        <time>2026-09-14T09:11:52.000Z</time>
        <extensions>
          <ns3:TrackPointExtension>
            <ns3:hr>151</ns3:hr>
            <ns3:cad>84</ns3:cad>
          </ns3:TrackPointExtension>
        </extensions>
      </trkpt>
      <trkpt lat="37.5184226967394351959228515625" lon="127.085328586399555206298828125">
        <ele>12.6000003814697265625</ele>
        <time>2026-09-14T09:11:53.000Z</time>
        <extensions>
          <ns3:TrackPointExtension>
            <ns3:hr>150</ns3:hr>
            <ns3:cad>84</ns3:cad>
          </ns3:TrackPointExtension>
        </extensions>
      </trkpt>
      <trkpt lat="37.51841791905462741851806640625" lon="127.08528676070272922515869140625">
        <ele>12.6000003814697265625</ele>
        <time>2026-09-14T09:11:54.000Z</time>
        <extensions>
          <ns3:TrackPointExtension>
            <ns3:hr>151</ns3:hr>
            <ns3:cad>84</ns3:cad>
          </ns3:TrackPointExtension>
        </extensions>
      </trkpt>
      <trkpt lat="37.518410123884677886962890625" lon="127.0852519758045673370361328125">
        <ele>12.3999996185302734375</ele>
        <time>2026-09-14T09:11:55.000Z</time>
        <extensions>
          <ns3:TrackPointExtension>
            <ns3:hr>151</ns3:hr>
            <ns3:cad>84</ns3:cad>
          </ns3:TrackPointExtension>
        </extensions>
      </trkpt>
      <trkpt lat="37.5184025801718235015869140625" lon="127.0852174423635005950927734375">
        <ele>12.3999996185302734375</ele>
        <time>2026-09-14T09:11:56.000Z</time>
        <extensions>
          <ns3:TrackPointExtension>
            <ns3:hr>150</ns3:hr>
            <ns3:cad>83</ns3:cad>
          </ns3:TrackPointExtension>
        </extensions>
      </trkpt>
      <trkpt lat="37.5184072740375995635986328125" lon="127.08517477847635746002197265625">
        <ele>12.3999996185302734375</ele>
        <time>2026-09-14T09:11:57.000Z</time>
        <extensions>
          <ns3:TrackPointExtension>
            <ns3:hr>150</ns3:hr>
            <ns3:cad>83</ns3:cad>
          </ns3:TrackPointExtension>
        </extensions>
      </trkpt>
      <trkpt lat="37.51840149052441120147705078125" lon="127.08514443598687648773193359375">
        <ele>12.19999980926513671875</ele>
        <time>2026-09-14T09:11:58.000Z</time>
        <extensions>
          <ns3:TrackPointExtension>
            <ns3:hr>149</ns3:hr>
            <ns3:cad>84</ns3:cad>
          </ns3:TrackPointExtension>
        </extensions>
      </trkpt>
      <trkpt lat="37.51840065233409404754638671875" lon="127.0851000957190990447998046875">
        <ele>12.19999980926513671875</ele>
        <time>2026-09-14T09:11:59.000Z</time>
        <extensions>
          <ns3:TrackPointExtension>
            <ns3:hr>148</ns3:hr>
            <ns3:cad>84</ns3:cad>
          </ns3:TrackPointExtension>
        </extensions>
      </trkpt>
      <trkpt lat="37.51840014941990375518798828125" lon="127.085065059363842010498046875">
        <ele>12.3999996185302734375</ele>
        <time>2026-09-14T09:12:00.000Z</time>
        <extensions>
          <ns3:TrackPointExtension>
            <ns3:hr>148</ns3:hr>
            <ns3:cad>85</ns3:cad>
          </ns3:TrackPointExtension>
        </extensions>
      </trkpt>
      <trkpt lat="37.518394701182842254638671875" lon="127.0850320346653461456298828125">
        <ele>12.3999996185302734375</ele>
        <time>2026-09-14T09:12:01.000Z</time>
        <extensions>
          <ns3:TrackPointExtension>
            <ns3:hr>148</ns3:hr>
            <ns3:cad>85</ns3:cad>
          </ns3:TrackPointExtension>
        </extensions>
      </trkpt>
      <trkpt lat="37.51839964650571346282958984375" lon="127.08498920314013957977294921875">
        <ele>12.3999996185302734375</ele>
        <time>2026-09-14T09:12:02.000Z</time>
        <extensions>
          <ns3:TrackPointExtension>
            <ns3:hr>148</ns3:hr>
            <ns3:cad>84</ns3:cad>
          </ns3:TrackPointExtension>
        </extensions>
      </trkpt>
      <trkpt lat="37.51838992349803447723388671875" lon="127.084961794316768646240234375">
        <ele>12.3999996185302734375</ele>
        <time>2026-09-14T09:12:03.000Z</time>
        <extensions>
          <ns3:TrackPointExtension>
            <ns3:hr>148</ns3:hr>
            <ns3:cad>84</ns3:cad>
          </ns3:TrackPointExtension>
        </extensions>
      </trkpt>
      <trkpt lat="37.51838305033743381500244140625" lon="127.08491913042962551116943359375">
        <ele>12.19999980926513671875</ele>
        <time>2026-09-14T09:12:04.000Z</time>
        <extensions>
          <ns3:TrackPointExtension>
            <ns3:hr>148</ns3:hr>
            <ns3:cad>84</ns3:cad>
          </ns3:TrackPointExtension>
        </extensions>
      </trkpt>
      <trkpt lat="37.5183791108429431915283203125" lon="127.0848814956843852996826171875">
        <ele>12.3999996185302734375</ele>
        <time>2026-09-14T09:12:05.000Z</time>
        <extensions>
          <ns3:TrackPointExtension>
            <ns3:hr>148</ns3:hr>
            <ns3:cad>84</ns3:cad>
          </ns3:TrackPointExtension>
        </extensions>
      </trkpt>
      <trkpt lat="37.51837265677750110626220703125" lon="127.08483866415917873382568359375">
        <ele>12.3999996185302734375</ele>
        <time>2026-09-14T09:12:06.000Z</time>
        <extensions>
          <ns3:TrackPointExtension>
            <ns3:hr>148</ns3:hr>
            <ns3:cad>84</ns3:cad>
          </ns3:TrackPointExtension>
        </extensions>
      </trkpt>
      <trkpt lat="37.51837500371038913726806640625" lon="127.0847904682159423828125">
        <ele>12.3999996185302734375</ele>
        <time>2026-09-14T09:12:07.000Z</time>
        <extensions>
          <ns3:TrackPointExtension>
            <ns3:hr>148</ns3:hr>
            <ns3:cad>84</ns3:cad>
          </ns3:TrackPointExtension>
        </extensions>
      </trkpt>
      <trkpt lat="37.5183663703501224517822265625" lon="127.08476222120225429534912109375">
        <ele>12.80000019073486328125</ele>
        <time>2026-09-14T09:12:08.000Z</time>
        <extensions>
          <ns3:TrackPointExtension>
            <ns3:hr>149</ns3:hr>
            <ns3:cad>85</ns3:cad>
          </ns3:TrackPointExtension>
        </extensions>
      </trkpt>
      <trkpt lat="37.5183650292456150054931640625" lon="127.08471871912479400634765625">
        <ele>13</ele>
        <time>2026-09-14T09:12:09.000Z</time>
        <extensions>
          <ns3:TrackPointExtension>
            <ns3:hr>148</ns3:hr>
            <ns3:cad>85</ns3:cad>
          </ns3:TrackPointExtension>
        </extensions>
      </trkpt>
      <trkpt lat="37.51836217939853668212890625" lon="127.08468426950275897979736328125">
        <ele>13</ele>
        <time>2026-09-14T09:12:10.000Z</time>
        <extensions>
          <ns3:TrackPointExtension>
            <ns3:hr>149</ns3:hr>
            <ns3:cad>85</ns3:cad>
          </ns3:TrackPointExtension>
        </extensions>
      </trkpt>
      <trkpt lat="37.51835547387599945068359375" lon="127.08464537747204303741455078125">
        <ele>12.80000019073486328125</ele>
        <time>2026-09-14T09:12:11.000Z</time>
        <extensions>
          <ns3:TrackPointExtension>
            <ns3:hr>149</ns3:hr>
            <ns3:cad>85</ns3:cad>
          </ns3:TrackPointExtension>
        </extensions>
      </trkpt>
      <trkpt lat="37.5183576531708240509033203125" lon="127.08460246212780475616455078125">
        <ele>12.80000019073486328125</ele>
        <time>2026-09-14T09:12:12.000Z</time>
        <extensions>
          <ns3:TrackPointExtension>
            <ns3:hr>149</ns3:hr>
            <ns3:cad>85</ns3:cad>
          </ns3:TrackPointExtension>
        </extensions>
      </trkpt>
      <trkpt lat="37.518352456390857696533203125" lon="127.084573544561862945556640625">
        <ele>12.80000019073486328125</ele>
        <time>2026-09-14T09:12:13.000Z</time>
        <extensions>
          <ns3:TrackPointExtension>
            <ns3:hr>149</ns3:hr>
            <ns3:cad>84</ns3:cad>
          </ns3:TrackPointExtension>
        </extensions>
      </trkpt>
      <trkpt lat="37.51835086382925510406494140625" lon="127.08452585153281688690185546875">
        <ele>12.6000003814697265625</ele>
        <time>2026-09-14T09:12:14.000Z</time>
        <extensions>
          <ns3:TrackPointExtension>
            <ns3:hr>149</ns3:hr>
            <ns3:cad>84</ns3:cad>
          </ns3:TrackPointExtension>
        </extensions>
      </trkpt>
      <trkpt lat="37.51834667287766933441162109375" lon="127.08449542522430419921875">
        <ele>12.3999996185302734375</ele>
        <time>2026-09-14T09:12:15.000Z</time>
        <extensions>
          <ns3:TrackPointExtension>
            <ns3:hr>150</ns3:hr>
            <ns3:cad>84</ns3:cad>
          </ns3:TrackPointExtension>
        </extensions>
      </trkpt>
      <trkpt lat="37.51834248192608356475830078125" lon="127.0844577066600322723388671875">
        <ele>12.3999996185302734375</ele>
        <time>2026-09-14T09:12:16.000Z</time>
        <extensions>
          <ns3:TrackPointExtension>
            <ns3:hr>151</ns3:hr>
            <ns3:cad>84</ns3:cad>
          </ns3:TrackPointExtension>
        </extensions>
      </trkpt>
      <trkpt lat="37.51834684051573276519775390625" lon="127.0844157971441745758056640625">
        <ele>12.6000003814697265625</ele>
        <time>2026-09-14T09:12:17.000Z</time>
        <extensions>
          <ns3:TrackPointExtension>
            <ns3:hr>151</ns3:hr>
            <ns3:cad>84</ns3:cad>
          </ns3:TrackPointExtension>
        </extensions>
      </trkpt>
      <trkpt lat="37.5183412246406078338623046875" lon="127.0843826048076152801513671875">
        <ele>12.80000019073486328125</ele>
        <time>2026-09-14T09:12:18.000Z</time>
        <extensions>
          <ns3:TrackPointExtension>
            <ns3:hr>152</ns3:hr>
            <ns3:cad>84</ns3:cad>
          </ns3:TrackPointExtension>
        </extensions>
      </trkpt>
      <trkpt lat="37.5183392129838466644287109375" lon="127.084336839616298675537109375">
        <ele>12.80000019073486328125</ele>
        <time>2026-09-14T09:12:19.000Z</time>
        <extensions>
          <ns3:TrackPointExtension>
            <ns3:hr>152</ns3:hr>
            <ns3:cad>84</ns3:cad>
          </ns3:TrackPointExtension>
        </extensions>
      </trkpt>
      <trkpt lat="37.51833669841289520263671875" lon="127.08430607803165912628173828125">
        <ele>12.80000019073486328125</ele>
        <time>2026-09-14T09:12:20.000Z</time>
        <extensions>
          <ns3:TrackPointExtension>
            <ns3:hr>152</ns3:hr>
            <ns3:cad>84</ns3:cad>
          </ns3:TrackPointExtension>
        </extensions>
      </trkpt>
      <trkpt lat="37.51833074726164340972900390625" lon="127.08426400087773799896240234375">
        <ele>12.80000019073486328125</ele>
        <time>2026-09-14T09:12:21.000Z</time>
        <extensions>
          <ns3:TrackPointExtension>
            <ns3:hr>152</ns3:hr>
            <ns3:cad>84</ns3:cad>
          </ns3:TrackPointExtension>
        </extensions>
      </trkpt>
      <trkpt lat="37.51833309419453144073486328125" lon="127.08422527648508548736572265625">
        <ele>12.80000019073486328125</ele>
        <time>2026-09-14T09:12:22.000Z</time>
        <extensions>
          <ns3:TrackPointExtension>
            <ns3:hr>153</ns3:hr>
            <ns3:cad>84</ns3:cad>
          </ns3:TrackPointExtension>
        </extensions>
      </trkpt>
      <trkpt lat="37.5183281488716602325439453125" lon="127.08419501781463623046875">
        <ele>12.80000019073486328125</ele>
        <time>2026-09-14T09:12:23.000Z</time>
        <extensions>
          <ns3:TrackPointExtension>
            <ns3:hr>153</ns3:hr>
            <ns3:cad>84</ns3:cad>
          </ns3:TrackPointExtension>
        </extensions>
      </trkpt>
      <trkpt lat="37.5183274783194065093994140625" lon="127.08414732478559017181396484375">
        <ele>12.6000003814697265625</ele>
        <time>2026-09-14T09:12:24.000Z</time>
        <extensions>
          <ns3:TrackPointExtension>
            <ns3:hr>153</ns3:hr>
            <ns3:cad>84</ns3:cad>
          </ns3:TrackPointExtension>
        </extensions>
      </trkpt>
      <trkpt lat="37.5183211080729961395263671875" lon="127.0841197483241558074951171875">
        <ele>12.6000003814697265625</ele>
        <time>2026-09-14T09:12:25.000Z</time>
        <extensions>
          <ns3:TrackPointExtension>
            <ns3:hr>153</ns3:hr>
            <ns3:cad>84</ns3:cad>
          </ns3:TrackPointExtension>
        </extensions>
      </trkpt>
      <trkpt lat="37.51831599511206150054931640625" lon="127.0840744860470294952392578125">
        <ele>12.6000003814697265625</ele>
        <time>2026-09-14T09:12:26.000Z</time>
        <extensions>
          <ns3:TrackPointExtension>
            <ns3:hr>153</ns3:hr>
            <ns3:cad>84</ns3:cad>
          </ns3:TrackPointExtension>
        </extensions>
      </trkpt>
      <trkpt lat="37.51831381581723690032958984375" lon="127.0840352587401866912841796875">
        <ele>12.3999996185302734375</ele>
        <time>2026-09-14T09:12:27.000Z</time>
        <extensions>
          <ns3:TrackPointExtension>
            <ns3:hr>153</ns3:hr>
            <ns3:cad>84</ns3:cad>
          </ns3:TrackPointExtension>
        </extensions>
      </trkpt>
      <trkpt lat="37.51831180416047573089599609375" lon="127.0840034075081348419189453125">
        <ele>12.3999996185302734375</ele>
        <time>2026-09-14T09:12:28.000Z</time>
        <extensions>
          <ns3:TrackPointExtension>
            <ns3:hr>153</ns3:hr>
            <ns3:cad>84</ns3:cad>
          </ns3:TrackPointExtension>
        </extensions>
      </trkpt>
      <trkpt lat="37.51831716857850551605224609375" lon="127.0839551277458667755126953125">
        <ele>12.19999980926513671875</ele>
        <time>2026-09-14T09:12:29.000Z</time>
        <extensions>
          <ns3:TrackPointExtension>
            <ns3:hr>153</ns3:hr>
            <ns3:cad>84</ns3:cad>
          </ns3:TrackPointExtension>
        </extensions>
      </trkpt>
      <trkpt lat="37.5183107145130634307861328125" lon="127.0839262939989566802978515625">
        <ele>12.19999980926513671875</ele>
        <time>2026-09-14T09:12:30.000Z</time>
        <extensions>
          <ns3:TrackPointExtension>
            <ns3:hr>153</ns3:hr>
            <ns3:cad>85</ns3:cad>
          </ns3:TrackPointExtension>
        </extensions>
      </trkpt>
      <trkpt lat="37.5183100439608097076416015625" lon="127.083879522979259490966796875">
        <ele>12.3999996185302734375</ele>
        <time>2026-09-14T09:12:31.000Z</time>
        <extensions>
          <ns3:TrackPointExtension>
            <ns3:hr>153</ns3:hr>
            <ns3:cad>85</ns3:cad>
          </ns3:TrackPointExtension>
        </extensions>
      </trkpt>
      <trkpt lat="37.51830794848501682281494140625" lon="127.0838444866240024566650390625">
        <ele>12.3999996185302734375</ele>
        <time>2026-09-14T09:12:32.000Z</time>
        <extensions>
          <ns3:TrackPointExtension>
            <ns3:hr>153</ns3:hr>
            <ns3:cad>84</ns3:cad>
          </ns3:TrackPointExtension>
        </extensions>
      </trkpt>
      <trkpt lat="37.51830543391406536102294921875" lon="127.0838039182126522064208984375">
        <ele>12.3999996185302734375</ele>
        <time>2026-09-14T09:12:33.000Z</time>
        <extensions>
          <ns3:TrackPointExtension>
            <ns3:hr>153</ns3:hr>
            <ns3:cad>84</ns3:cad>
          </ns3:TrackPointExtension>
        </extensions>
      </trkpt>
      <trkpt lat="37.5183076970279216766357421875" lon="127.0837610028684139251708984375">
        <ele>12.3999996185302734375</ele>
        <time>2026-09-14T09:12:34.000Z</time>
        <extensions>
          <ns3:TrackPointExtension>
            <ns3:hr>154</ns3:hr>
            <ns3:cad>84</ns3:cad>
          </ns3:TrackPointExtension>
        </extensions>
      </trkpt>
      <trkpt lat="37.51830040477216243743896484375" lon="127.083732672035694122314453125">
        <ele>12.3999996185302734375</ele>
        <time>2026-09-14T09:12:35.000Z</time>
        <extensions>
          <ns3:TrackPointExtension>
            <ns3:hr>153</ns3:hr>
            <ns3:cad>84</ns3:cad>
          </ns3:TrackPointExtension>
        </extensions>
      </trkpt>
      <trkpt lat="37.518300153315067291259765625" lon="127.0836832188069820404052734375">
        <ele>12.3999996185302734375</ele>
        <time>2026-09-14T09:12:36.000Z</time>
        <extensions>
          <ns3:TrackPointExtension>
            <ns3:hr>153</ns3:hr>
            <ns3:cad>84</ns3:cad>
          </ns3:TrackPointExtension>
        </extensions>
      </trkpt>
      <trkpt lat="37.5182932801544666290283203125" lon="127.08365027792751789093017578125">
        <ele>12.3999996185302734375</ele>
        <time>2026-09-14T09:12:37.000Z</time>
        <extensions>
          <ns3:TrackPointExtension>
            <ns3:hr>154</ns3:hr>
            <ns3:cad>84</ns3:cad>
          </ns3:TrackPointExtension>
        </extensions>
      </trkpt>
      <trkpt lat="37.518288083374500274658203125" lon="127.08360551856458187103271484375">
        <ele>12.19999980926513671875</ele>
        <time>2026-09-14T09:12:38.000Z</time>
        <extensions>
          <ns3:TrackPointExtension>
            <ns3:hr>153</ns3:hr>
            <ns3:cad>84</ns3:cad>
          </ns3:TrackPointExtension>
        </extensions>
      </trkpt>
      <trkpt lat="37.51828984357416629791259765625" lon="127.08356511779129505157470703125">
        <ele>12.19999980926513671875</ele>
        <time>2026-09-14T09:12:39.000Z</time>
        <extensions>
          <ns3:TrackPointExtension>
            <ns3:hr>153</ns3:hr>
            <ns3:cad>84</ns3:cad>
          </ns3:TrackPointExtension>
        </extensions>
      </trkpt>
      <trkpt lat="37.51828833483159542083740234375" lon="127.0835316739976406097412109375">
        <ele>12.19999980926513671875</ele>
        <time>2026-09-14T09:12:40.000Z</time>
        <extensions>
          <ns3:TrackPointExtension>
            <ns3:hr>154</ns3:hr>
            <ns3:cad>84</ns3:cad>
          </ns3:TrackPointExtension>
        </extensions>
      </trkpt>
      <trkpt lat="37.51828900538384914398193359375" lon="127.0834887586534023284912109375">
        <ele>12.19999980926513671875</ele>
        <time>2026-09-14T09:12:41.000Z</time>
        <extensions>
          <ns3:TrackPointExtension>
            <ns3:hr>153</ns3:hr>
            <ns3:cad>84</ns3:cad>
          </ns3:TrackPointExtension>
        </extensions>
      </trkpt>
      <trkpt lat="37.51828347332775592803955078125" lon="127.0834582485258579254150390625">
        <ele>12.19999980926513671875</ele>
        <time>2026-09-14T09:12:42.000Z</time>
        <extensions>
          <ns3:TrackPointExtension>
            <ns3:hr>153</ns3:hr>
            <ns3:cad>84</ns3:cad>
          </ns3:TrackPointExtension>
        </extensions>
      </trkpt>
      <trkpt lat="37.5182734988629817962646484375" lon="127.0834136568009853363037109375">
        <ele>12.19999980926513671875</ele>
        <time>2026-09-14T09:12:43.000Z</time>
        <extensions>
          <ns3:TrackPointExtension>
            <ns3:hr>154</ns3:hr>
            <ns3:cad>84</ns3:cad>
          </ns3:TrackPointExtension>
        </extensions>
      </trkpt>
      <trkpt lat="37.51827090047299861907958984375" lon="127.083371244370937347412109375">
        <ele>12.19999980926513671875</ele>
        <time>2026-09-14T09:12:44.000Z</time>
        <extensions>
          <ns3:TrackPointExtension>
            <ns3:hr>153</ns3:hr>
            <ns3:cad>84</ns3:cad>
          </ns3:TrackPointExtension>
        </extensions>
      </trkpt>
      <trkpt lat="37.51826419495046138763427734375" lon="127.0833321847021579742431640625">
        <ele>12.19999980926513671875</ele>
        <time>2026-09-14T09:12:45.000Z</time>
        <extensions>
          <ns3:TrackPointExtension>
            <ns3:hr>153</ns3:hr>
            <ns3:cad>84</ns3:cad>
          </ns3:TrackPointExtension>
        </extensions>
      </trkpt>
      <trkpt lat="37.51826788298785686492919921875" lon="127.083283402025699615478515625">
        <ele>12.19999980926513671875</ele>
        <time>2026-09-14T09:12:46.000Z</time>
        <extensions>
          <ns3:TrackPointExtension>
            <ns3:hr>154</ns3:hr>
            <ns3:cad>84</ns3:cad>
          </ns3:TrackPointExtension>
        </extensions>
      </trkpt>
      <trkpt lat="37.518263272941112518310546875" lon="127.08325163461267948150634765625">
        <ele>12.19999980926513671875</ele>
        <time>2026-09-14T09:12:47.000Z</time>
        <extensions>
          <ns3:TrackPointExtension>
            <ns3:hr>153</ns3:hr>
            <ns3:cad>84</ns3:cad>
          </ns3:TrackPointExtension>
        </extensions>
      </trkpt>
      <trkpt lat="37.5182610936462879180908203125" lon="127.0831990800797939300537109375">
        <ele>12.3999996185302734375</ele>
        <time>2026-09-14T09:12:48.000Z</time>
        <extensions>
          <ns3:TrackPointExtension>
            <ns3:hr>152</ns3:hr>
            <ns3:cad>84</ns3:cad>
          </ns3:TrackPointExtension>
        </extensions>
      </trkpt>
      <trkpt lat="37.51825832761824131011962890625" lon="127.08316060714423656463623046875">
        <ele>12.3999996185302734375</ele>
        <time>2026-09-14T09:12:49.000Z</time>
        <extensions>
          <ns3:TrackPointExtension>
            <ns3:hr>152</ns3:hr>
            <ns3:cad>84</ns3:cad>
          </ns3:TrackPointExtension>
        </extensions>
      </trkpt>
      <trkpt lat="37.5182523764669895172119140625" lon="127.08312154747545719146728515625">
        <ele>12.19999980926513671875</ele>
        <time>2026-09-14T09:12:50.000Z</time>
        <extensions>
          <ns3:TrackPointExtension>
            <ns3:hr>152</ns3:hr>
            <ns3:cad>84</ns3:cad>
          </ns3:TrackPointExtension>
        </extensions>
      </trkpt>
      <trkpt lat="37.51825631596148014068603515625" lon="127.0830790512263774871826171875">
        <ele>12.19999980926513671875</ele>
        <time>2026-09-14T09:12:51.000Z</time>
        <extensions>
          <ns3:TrackPointExtension>
            <ns3:hr>152</ns3:hr>
            <ns3:cad>84</ns3:cad>
          </ns3:TrackPointExtension>
        </extensions>
      </trkpt>
      <trkpt lat="37.518250532448291778564453125" lon="127.0830545760691165924072265625">
        <ele>12.19999980926513671875</ele>
        <time>2026-09-14T09:12:52.000Z</time>
        <extensions>
          <ns3:TrackPointExtension>
            <ns3:hr>152</ns3:hr>
            <ns3:cad>84</ns3:cad>
          </ns3:TrackPointExtension>
        </extensions>
      </trkpt>
      <trkpt lat="37.51824893988668918609619140625" lon="127.08301375620067119598388671875">
        <ele>12</ele>
        <time>2026-09-14T09:12:53.000Z</time>
        <extensions>
          <ns3:TrackPointExtension>
            <ns3:hr>152</ns3:hr>
            <ns3:cad>84</ns3:cad>
          </ns3:TrackPointExtension>
        </extensions>
      </trkpt>
      <trkpt lat="37.5182476826012134552001953125" lon="127.0829838328063488006591796875">
        <ele>12</ele>
        <time>2026-09-14T09:12:54.000Z</time>
        <extensions>
          <ns3:TrackPointExtension>
            <ns3:hr>151</ns3:hr>
            <ns3:cad>84</ns3:cad>
          </ns3:TrackPointExtension>
        </extensions>
      </trkpt>
      <trkpt lat="37.51824676059186458587646484375" lon="127.0829439349472522735595703125">
        <ele>12</ele>
        <time>2026-09-14T09:12:55.000Z</time>
        <extensions>
          <ns3:TrackPointExtension>
            <ns3:hr>152</ns3:hr>
            <ns3:cad>84</ns3:cad>
          </ns3:TrackPointExtension>
        </extensions>
      </trkpt>
      <trkpt lat="37.51824893988668918609619140625" lon="127.0829006843268871307373046875">
        <ele>12</ele>
        <time>2026-09-14T09:12:56.000Z</time>
        <extensions>
          <ns3:TrackPointExtension>
            <ns3:hr>152</ns3:hr>
            <ns3:cad>84</ns3:cad>
          </ns3:TrackPointExtension>
        </extensions>
      </trkpt>
      <trkpt lat="37.51824525184929370880126953125" lon="127.0828681625425815582275390625">
        <ele>12</ele>
        <time>2026-09-14T09:12:57.000Z</time>
        <extensions>
          <ns3:TrackPointExtension>
            <ns3:hr>152</ns3:hr>
            <ns3:cad>84</ns3:cad>
          </ns3:TrackPointExtension>
        </extensions>
      </trkpt>
      <trkpt lat="37.51824810169637203216552734375" lon="127.082823403179645538330078125">
        <ele>12</ele>
        <time>2026-09-14T09:12:58.000Z</time>
        <extensions>
          <ns3:TrackPointExtension>
            <ns3:hr>152</ns3:hr>
            <ns3:cad>84</ns3:cad>
          </ns3:TrackPointExtension>
        </extensions>
      </trkpt>
      <trkpt lat="37.5182470120489597320556640625" lon="127.08279297687113285064697265625">
        <ele>12</ele>
        <time>2026-09-14T09:12:59.000Z</time>
        <extensions>
          <ns3:TrackPointExtension>
            <ns3:hr>151</ns3:hr>
            <ns3:cad>84</ns3:cad>
          </ns3:TrackPointExtension>
        </extensions>
      </trkpt>
      <trkpt lat="37.51824374310672283172607421875" lon="127.0827585272490978240966796875">
        <ele>12</ele>
        <time>2026-09-14T09:13:00.000Z</time>
        <extensions>
          <ns3:TrackPointExtension>
            <ns3:hr>152</ns3:hr>
            <ns3:cad>84</ns3:cad>
          </ns3:TrackPointExtension>
        </extensions>
      </trkpt>
      <trkpt lat="37.51824826933443546295166015625" lon="127.08271821029484272003173828125">
        <ele>12</ele>
        <time>2026-09-14T09:13:01.000Z</time>
        <extensions>
          <ns3:TrackPointExtension>
            <ns3:hr>152</ns3:hr>
            <ns3:cad>84</ns3:cad>
          </ns3:TrackPointExtension>
        </extensions>
      </trkpt>
      <trkpt lat="37.5182443298399448394775390625" lon="127.082684598863124847412109375">
        <ele>12</ele>
        <time>2026-09-14T09:13:02.000Z</time>
        <extensions>
          <ns3:TrackPointExtension>
            <ns3:hr>151</ns3:hr>
            <ns3:cad>84</ns3:cad>
          </ns3:TrackPointExtension>
        </extensions>
      </trkpt>
      <trkpt lat="37.51824089325964450836181640625" lon="127.08263422362506389617919921875">
        <ele>12</ele>
        <time>2026-09-14T09:13:03.000Z</time>
        <extensions>
          <ns3:TrackPointExtension>
            <ns3:hr>152</ns3:hr>
            <ns3:cad>84</ns3:cad>
          </ns3:TrackPointExtension>
        </extensions>
      </trkpt>
      <trkpt lat="37.51823485828936100006103515625" lon="127.0826004445552825927734375">
        <ele>12</ele>
        <time>2026-09-14T09:13:04.000Z</time>
        <extensions>
          <ns3:TrackPointExtension>
            <ns3:hr>152</ns3:hr>
            <ns3:cad>84</ns3:cad>
          </ns3:TrackPointExtension>
        </extensions>
      </trkpt>
      <trkpt lat="37.518229745328426361083984375" lon="127.08256213925778865814208984375">
        <ele>12.19999980926513671875</ele>
        <time>2026-09-14T09:13:05.000Z</time>
        <extensions>
          <ns3:TrackPointExtension>
            <ns3:hr>151</ns3:hr>
            <ns3:cad>84</ns3:cad>
          </ns3:TrackPointExtension>
        </extensions>
      </trkpt>
      <trkpt lat="37.5182322598993778228759765625" lon="127.0825245045125484466552734375">
        <ele>12.19999980926513671875</ele>
        <time>2026-09-14T09:13:06.000Z</time>
        <extensions>
          <ns3:TrackPointExtension>
            <ns3:hr>151</ns3:hr>
            <ns3:cad>84</ns3:cad>
          </ns3:TrackPointExtension>
        </extensions>
      </trkpt>
      <trkpt lat="37.51822882331907749176025390625" lon="127.08249122835695743560791015625">
        <ele>12.19999980926513671875</ele>
        <time>2026-09-14T09:13:07.000Z</time>
        <extensions>
          <ns3:TrackPointExtension>
            <ns3:hr>151</ns3:hr>
            <ns3:cad>84</ns3:cad>
          </ns3:TrackPointExtension>
        </extensions>
      </trkpt>
      <trkpt lat="37.51823343336582183837890625" lon="127.08244311623275279998779296875">
        <ele>12.19999980926513671875</ele>
        <time>2026-09-14T09:13:08.000Z</time>
        <extensions>
          <ns3:TrackPointExtension>
            <ns3:hr>151</ns3:hr>
            <ns3:cad>84</ns3:cad>
          </ns3:TrackPointExtension>
        </extensions>
      </trkpt>
      <trkpt lat="37.51823167316615581512451171875" lon="127.0824145339429378509521484375">
        <ele>12.19999980926513671875</ele>
        <time>2026-09-14T09:13:09.000Z</time>
        <extensions>
          <ns3:TrackPointExtension>
            <ns3:hr>152</ns3:hr>
            <ns3:cad>84</ns3:cad>
          </ns3:TrackPointExtension>
        </extensions>
      </trkpt>
      <trkpt lat="37.51823234371840953826904296875" lon="127.08237036131322383880615234375">
        <ele>12.19999980926513671875</ele>
        <time>2026-09-14T09:13:10.000Z</time>
        <extensions>
          <ns3:TrackPointExtension>
            <ns3:hr>151</ns3:hr>
            <ns3:cad>84</ns3:cad>
          </ns3:TrackPointExtension>
        </extensions>
      </trkpt>
      <trkpt lat="37.5182372890412807464599609375" lon="127.0823266915977001190185546875">
        <ele>12.3999996185302734375</ele>
        <time>2026-09-14T09:13:11.000Z</time>
        <extensions>
          <ns3:TrackPointExtension>
            <ns3:hr>151</ns3:hr>
            <ns3:cad>84</ns3:cad>
          </ns3:TrackPointExtension>
        </extensions>
      </trkpt>
      <trkpt lat="37.5182362832129001617431640625" lon="127.08229936659336090087890625">
        <ele>12.3999996185302734375</ele>
        <time>2026-09-14T09:13:12.000Z</time>
        <extensions>
          <ns3:TrackPointExtension>
            <ns3:hr>152</ns3:hr>
            <ns3:cad>84</ns3:cad>
          </ns3:TrackPointExtension>
        </extensions>
      </trkpt>
      <trkpt lat="37.5182453356683254241943359375" lon="127.08225787617266178131103515625">
        <ele>12.6000003814697265625</ele>
        <time>2026-09-14T09:13:13.000Z</time>
        <extensions>
          <ns3:TrackPointExtension>
            <ns3:hr>151</ns3:hr>
            <ns3:cad>84</ns3:cad>
          </ns3:TrackPointExtension>
        </extensions>
      </trkpt>
      <trkpt lat="37.5182450003921985626220703125" lon="127.08222736604511737823486328125">
        <ele>12.6000003814697265625</ele>
        <time>2026-09-14T09:13:14.000Z</time>
        <extensions>
          <ns3:TrackPointExtension>
            <ns3:hr>152</ns3:hr>
            <ns3:cad>84</ns3:cad>
          </ns3:TrackPointExtension>
        </extensions>
      </trkpt>
      <trkpt lat="37.518245168030261993408203125" lon="127.082181014120578765869140625">
        <ele>12.3999996185302734375</ele>
        <time>2026-09-14T09:13:15.000Z</time>
        <extensions>
          <ns3:TrackPointExtension>
            <ns3:hr>152</ns3:hr>
            <ns3:cad>84</ns3:cad>
          </ns3:TrackPointExtension>
        </extensions>
      </trkpt>
      <trkpt lat="37.518248520791530609130859375" lon="127.082142792642116546630859375">
        <ele>12.3999996185302734375</ele>
        <time>2026-09-14T09:13:16.000Z</time>
        <extensions>
          <ns3:TrackPointExtension>
            <ns3:hr>152</ns3:hr>
            <ns3:cad>84</ns3:cad>
          </ns3:TrackPointExtension>
        </extensions>
      </trkpt>
      <trkpt lat="37.51824793405830860137939453125" lon="127.08211102522909641265869140625">
        <ele>12.3999996185302734375</ele>
        <time>2026-09-14T09:13:17.000Z</time>
        <extensions>
          <ns3:TrackPointExtension>
            <ns3:hr>151</ns3:hr>
            <ns3:cad>84</ns3:cad>
          </ns3:TrackPointExtension>
        </extensions>
      </trkpt>
      <trkpt lat="37.51824927516281604766845703125" lon="127.08206542767584323883056640625">
        <ele>12.19999980926513671875</ele>
        <time>2026-09-14T09:13:18.000Z</time>
        <extensions>
          <ns3:TrackPointExtension>
            <ns3:hr>152</ns3:hr>
            <ns3:cad>84</ns3:cad>
          </ns3:TrackPointExtension>
        </extensions>
      </trkpt>
      <trkpt lat="37.51824282109737396240234375" lon="127.0820410363376140594482421875">
        <ele>12.19999980926513671875</ele>
        <time>2026-09-14T09:13:19.000Z</time>
        <extensions>
          <ns3:TrackPointExtension>
            <ns3:hr>152</ns3:hr>
            <ns3:cad>84</ns3:cad>
          </ns3:TrackPointExtension>
        </extensions>
      </trkpt>
      <trkpt lat="37.51824022270739078521728515625" lon="127.08200105465948581695556640625">
        <ele>12</ele>
        <time>2026-09-14T09:13:20.000Z</time>
        <extensions>
          <ns3:TrackPointExtension>
            <ns3:hr>151</ns3:hr>
            <ns3:cad>84</ns3:cad>
          </ns3:TrackPointExtension>
        </extensions>
      </trkpt>
      <trkpt lat="37.51824072562158107757568359375" lon="127.08196383900940418243408203125">
        <ele>12</ele>
        <time>2026-09-14T09:13:21.000Z</time>
        <extensions>
          <ns3:TrackPointExtension>
            <ns3:hr>152</ns3:hr>
            <ns3:cad>84</ns3:cad>
          </ns3:TrackPointExtension>
        </extensions>
      </trkpt>
      <trkpt lat="37.51824282109737396240234375" lon="127.08193383179605007171630859375">
        <ele>12</ele>
        <time>2026-09-14T09:13:22.000Z</time>
        <extensions>
          <ns3:TrackPointExtension>
            <ns3:hr>152</ns3:hr>
            <ns3:cad>83</ns3:cad>
          </ns3:TrackPointExtension>
        </extensions>
      </trkpt>
      <trkpt lat="37.51824843697249889373779296875" lon="127.08188789896667003631591796875">
        <ele>12</ele>
        <time>2026-09-14T09:13:23.000Z</time>
        <extensions>
          <ns3:TrackPointExtension>
            <ns3:hr>151</ns3:hr>
            <ns3:cad>83</ns3:cad>
          </ns3:TrackPointExtension>
        </extensions>
      </trkpt>
      <trkpt lat="37.51824282109737396240234375" lon="127.08185688592493534088134765625">
        <ele>12.19999980926513671875</ele>
        <time>2026-09-14T09:13:24.000Z</time>
        <extensions>
          <ns3:TrackPointExtension>
            <ns3:hr>152</ns3:hr>
            <ns3:cad>84</ns3:cad>
          </ns3:TrackPointExtension>
        </extensions>
      </trkpt>
      <trkpt lat="37.51824391074478626251220703125" lon="127.08182050846517086029052734375">
        <ele>12.19999980926513671875</ele>
        <time>2026-09-14T09:13:25.000Z</time>
        <extensions>
          <ns3:TrackPointExtension>
            <ns3:hr>152</ns3:hr>
            <ns3:cad>84</ns3:cad>
          </ns3:TrackPointExtension>
        </extensions>
      </trkpt>
      <trkpt lat="37.5182470120489597320556640625" lon="127.08178765140473842620849609375">
        <ele>12.19999980926513671875</ele>
        <time>2026-09-14T09:13:26.000Z</time>
        <extensions>
          <ns3:TrackPointExtension>
            <ns3:hr>151</ns3:hr>
            <ns3:cad>84</ns3:cad>
          </ns3:TrackPointExtension>
        </extensions>
      </trkpt>
      <trkpt lat="37.51824223436415195465087890625" lon="127.081758566200733184814453125">
        <ele>12.19999980926513671875</ele>
        <time>2026-09-14T09:13:27.000Z</time>
        <extensions>
          <ns3:TrackPointExtension>
            <ns3:hr>151</ns3:hr>
            <ns3:cad>83</ns3:cad>
          </ns3:TrackPointExtension>
        </extensions>
      </trkpt>
      <trkpt lat="37.518251203000545501708984375" lon="127.08171925507485866546630859375">
        <ele>12.19999980926513671875</ele>
        <time>2026-09-14T09:13:28.000Z</time>
        <extensions>
          <ns3:TrackPointExtension>
            <ns3:hr>151</ns3:hr>
            <ns3:cad>83</ns3:cad>
          </ns3:TrackPointExtension>
        </extensions>
      </trkpt>
      <trkpt lat="37.51825095154345035552978515625" lon="127.08168958313763141632080078125">
        <ele>12.19999980926513671875</ele>
        <time>2026-09-14T09:13:29.000Z</time>
        <extensions>
          <ns3:TrackPointExtension>
            <ns3:hr>152</ns3:hr>
            <ns3:cad>83</ns3:cad>
          </ns3:TrackPointExtension>
        </extensions>
      </trkpt>
      <trkpt lat="37.51824826933443546295166015625" lon="127.081644572317600250244140625">
        <ele>12.19999980926513671875</ele>
        <time>2026-09-14T09:13:30.000Z</time>
        <extensions>
          <ns3:TrackPointExtension>
            <ns3:hr>151</ns3:hr>
            <ns3:cad>83</ns3:cad>
          </ns3:TrackPointExtension>
        </extensions>
      </trkpt>
      <trkpt lat="37.51824961043894290924072265625" lon="127.08160241134464740753173828125">
        <ele>12.19999980926513671875</ele>
        <time>2026-09-14T09:13:31.000Z</time>
        <extensions>
          <ns3:TrackPointExtension>
            <ns3:hr>151</ns3:hr>
            <ns3:cad>83</ns3:cad>
          </ns3:TrackPointExtension>
        </extensions>
      </trkpt>
      <trkpt lat="37.51824944280087947845458984375" lon="127.0815649442374706268310546875">
        <ele>12.19999980926513671875</ele>
        <time>2026-09-14T09:13:32.000Z</time>
        <extensions>
          <ns3:TrackPointExtension>
            <ns3:hr>151</ns3:hr>
            <ns3:cad>83</ns3:cad>
          </ns3:TrackPointExtension>
        </extensions>
      </trkpt>
      <trkpt lat="37.518260590732097625732421875" lon="127.0815156586468219757080078125">
        <ele>12.19999980926513671875</ele>
        <time>2026-09-14T09:13:33.000Z</time>
        <extensions>
          <ns3:TrackPointExtension>
            <ns3:hr>151</ns3:hr>
            <ns3:cad>83</ns3:cad>
          </ns3:TrackPointExtension>
        </extensions>
      </trkpt>
      <trkpt lat="37.51826352439820766448974609375" lon="127.08147819153964519500732421875">
        <ele>12.19999980926513671875</ele>
        <time>2026-09-14T09:13:34.000Z</time>
        <extensions>
          <ns3:TrackPointExtension>
            <ns3:hr>151</ns3:hr>
            <ns3:cad>83</ns3:cad>
          </ns3:TrackPointExtension>
        </extensions>
      </trkpt>
      <trkpt lat="37.5182617641985416412353515625" lon="127.08143359981477260589599609375">
        <ele>12</ele>
        <time>2026-09-14T09:13:35.000Z</time>
        <extensions>
          <ns3:TrackPointExtension>
            <ns3:hr>151</ns3:hr>
            <ns3:cad>83</ns3:cad>
          </ns3:TrackPointExtension>
        </extensions>
      </trkpt>
      <trkpt lat="37.51826302148401737213134765625" lon="127.08139923401176929473876953125">
        <ele>12</ele>
        <time>2026-09-14T09:13:36.000Z</time>
        <extensions>
          <ns3:TrackPointExtension>
            <ns3:hr>151</ns3:hr>
            <ns3:cad>83</ns3:cad>
          </ns3:TrackPointExtension>
        </extensions>
      </trkpt>
      <trkpt lat="37.5182590819895267486572265625" lon="127.08137274719774723052978515625">
        <ele>12</ele>
        <time>2026-09-14T09:13:37.000Z</time>
        <extensions>
          <ns3:TrackPointExtension>
            <ns3:hr>151</ns3:hr>
            <ns3:cad>83</ns3:cad>
          </ns3:TrackPointExtension>
        </extensions>
      </trkpt>
      <trkpt lat="37.51825623214244842529296875" lon="127.0813263952732086181640625">
        <ele>12</ele>
        <time>2026-09-14T09:13:38.000Z</time>
        <extensions>
          <ns3:TrackPointExtension>
            <ns3:hr>151</ns3:hr>
            <ns3:cad>83</ns3:cad>
          </ns3:TrackPointExtension>
        </extensions>
      </trkpt>
      <trkpt lat="37.51825279556214809417724609375" lon="127.08129823207855224609375">
        <ele>12.19999980926513671875</ele>
        <time>2026-09-14T09:13:39.000Z</time>
        <extensions>
          <ns3:TrackPointExtension>
            <ns3:hr>151</ns3:hr>
            <ns3:cad>83</ns3:cad>
          </ns3:TrackPointExtension>
        </extensions>
      </trkpt>
      <trkpt lat="37.5182496942579746246337890625" lon="127.0812574960291385650634765625">
        <ele>12.3999996185302734375</ele>
        <time>2026-09-14T09:13:40.000Z</time>
        <extensions>
          <ns3:TrackPointExtension>
            <ns3:hr>151</ns3:hr>
            <ns3:cad>83</ns3:cad>
          </ns3:TrackPointExtension>
        </extensions>
      </trkpt>
      <trkpt lat="37.518252544105052947998046875" lon="127.0812206156551837921142578125">
        <ele>12.3999996185302734375</ele>
        <time>2026-09-14T09:13:41.000Z</time>
        <extensions>
          <ns3:TrackPointExtension>
            <ns3:hr>151</ns3:hr>
            <ns3:cad>83</ns3:cad>
          </ns3:TrackPointExtension>
        </extensions>
      </trkpt>
      <trkpt lat="37.51825396902859210968017578125" lon="127.0811894349753856658935546875">
        <ele>12.3999996185302734375</ele>
        <time>2026-09-14T09:13:42.000Z</time>
        <extensions>
          <ns3:TrackPointExtension>
            <ns3:hr>150</ns3:hr>
            <ns3:cad>83</ns3:cad>
          </ns3:TrackPointExtension>
        </extensions>
      </trkpt>
      <trkpt lat="37.518265955150127410888671875" lon="127.0811391435563564300537109375">
        <ele>12.3999996185302734375</ele>
        <time>2026-09-14T09:13:43.000Z</time>
        <extensions>
          <ns3:TrackPointExtension>
            <ns3:hr>150</ns3:hr>
            <ns3:cad>83</ns3:cad>
          </ns3:TrackPointExtension>
        </extensions>
      </trkpt>
      <trkpt lat="37.518263272941112518310546875" lon="127.0811106450855731964111328125">
        <ele>12.3999996185302734375</ele>
        <time>2026-09-14T09:13:44.000Z</time>
        <extensions>
          <ns3:TrackPointExtension>
            <ns3:hr>150</ns3:hr>
            <ns3:cad>83</ns3:cad>
          </ns3:TrackPointExtension>
        </extensions>
      </trkpt>
      <trkpt lat="37.518263943493366241455078125" lon="127.0810673944652080535888671875">
        <ele>12.3999996185302734375</ele>
        <time>2026-09-14T09:13:45.000Z</time>
        <extensions>
          <ns3:TrackPointExtension>
            <ns3:hr>151</ns3:hr>
            <ns3:cad>83</ns3:cad>
          </ns3:TrackPointExtension>
        </extensions>
      </trkpt>
      <trkpt lat="37.518266625702381134033203125" lon="127.08102741278707981109619140625">
        <ele>12.3999996185302734375</ele>
        <time>2026-09-14T09:13:46.000Z</time>
        <extensions>
          <ns3:TrackPointExtension>
            <ns3:hr>150</ns3:hr>
            <ns3:cad>83</ns3:cad>
          </ns3:TrackPointExtension>
        </extensions>
      </trkpt>
      <trkpt lat="37.51826696097850799560546875" lon="127.08099103532731533050537109375">
        <ele>12.3999996185302734375</ele>
        <time>2026-09-14T09:13:47.000Z</time>
        <extensions>
          <ns3:TrackPointExtension>
            <ns3:hr>150</ns3:hr>
            <ns3:cad>83</ns3:cad>
          </ns3:TrackPointExtension>
        </extensions>
      </trkpt>
      <trkpt lat="37.5182751752436161041259765625" lon="127.08094476722180843353271484375">
        <ele>12.3999996185302734375</ele>
        <time>2026-09-14T09:13:48.000Z</time>
        <extensions>
          <ns3:TrackPointExtension>
            <ns3:hr>150</ns3:hr>
            <ns3:cad>83</ns3:cad>
          </ns3:TrackPointExtension>
        </extensions>
      </trkpt>
      <trkpt lat="37.51826905645430088043212890625" lon="127.08091224543750286102294921875">
        <ele>12.6000003814697265625</ele>
        <time>2026-09-14T09:13:49.000Z</time>
        <extensions>
          <ns3:TrackPointExtension>
            <ns3:hr>150</ns3:hr>
            <ns3:cad>84</ns3:cad>
          </ns3:TrackPointExtension>
        </extensions>
      </trkpt>
      <trkpt lat="37.5182664580643177032470703125" lon="127.08087083883583545684814453125">
        <ele>12.6000003814697265625</ele>
        <time>2026-09-14T09:13:50.000Z</time>
        <extensions>
          <ns3:TrackPointExtension>
            <ns3:hr>151</ns3:hr>
            <ns3:cad>84</ns3:cad>
          </ns3:TrackPointExtension>
        </extensions>
      </trkpt>
      <trkpt lat="37.51826696097850799560546875" lon="127.08084024488925933837890625">
        <ele>12.6000003814697265625</ele>
        <time>2026-09-14T09:13:51.000Z</time>
        <extensions>
          <ns3:TrackPointExtension>
            <ns3:hr>150</ns3:hr>
            <ns3:cad>85</ns3:cad>
          </ns3:TrackPointExtension>
        </extensions>
      </trkpt>
      <trkpt lat="37.518261931836605072021484375" lon="127.08081476390361785888671875">
        <ele>12.6000003814697265625</ele>
        <time>2026-09-14T09:13:52.000Z</time>
        <extensions>
          <ns3:TrackPointExtension>
            <ns3:hr>150</ns3:hr>
            <ns3:cad>85</ns3:cad>
          </ns3:TrackPointExtension>
        </extensions>
      </trkpt>
      <trkpt lat="37.518266625702381134033203125" lon="127.08077210001647472381591796875">
        <ele>12.6000003814697265625</ele>
        <time>2026-09-14T09:13:53.000Z</time>
        <extensions>
          <ns3:TrackPointExtension>
            <ns3:hr>150</ns3:hr>
            <ns3:cad>84</ns3:cad>
          </ns3:TrackPointExtension>
        </extensions>
      </trkpt>
      <trkpt lat="37.5182614289224147796630859375" lon="127.0807445235550403594970703125">
        <ele>12.3999996185302734375</ele>
        <time>2026-09-14T09:13:54.000Z</time>
        <extensions>
          <ns3:TrackPointExtension>
            <ns3:hr>150</ns3:hr>
            <ns3:cad>84</ns3:cad>
          </ns3:TrackPointExtension>
        </extensions>
      </trkpt>
      <trkpt lat="37.51826302148401737213134765625" lon="127.080702446401119232177734375">
        <ele>12.3999996185302734375</ele>
        <time>2026-09-14T09:13:55.000Z</time>
        <extensions>
          <ns3:TrackPointExtension>
            <ns3:hr>150</ns3:hr>
            <ns3:cad>84</ns3:cad>
          </ns3:TrackPointExtension>
        </extensions>
      </trkpt>
      <trkpt lat="37.51827358268201351165771484375" lon="127.0806603692471981048583984375">
        <ele>12.3999996185302734375</ele>
        <time>2026-09-14T09:13:56.000Z</time>
        <extensions>
          <ns3:TrackPointExtension>
            <ns3:hr>150</ns3:hr>
            <ns3:cad>84</ns3:cad>
          </ns3:TrackPointExtension>
        </extensions>
      </trkpt>
      <trkpt lat="37.51827525906264781951904296875" lon="127.08062809891998767852783203125">
        <ele>12.19999980926513671875</ele>
        <time>2026-09-14T09:13:57.000Z</time>
        <extensions>
          <ns3:TrackPointExtension>
            <ns3:hr>149</ns3:hr>
            <ns3:cad>84</ns3:cad>
          </ns3:TrackPointExtension>
        </extensions>
      </trkpt>
      <trkpt lat="37.51828573644161224365234375" lon="127.08058652468025684356689453125">
        <ele>12.19999980926513671875</ele>
        <time>2026-09-14T09:13:58.000Z</time>
        <extensions>
          <ns3:TrackPointExtension>
            <ns3:hr>149</ns3:hr>
            <ns3:cad>84</ns3:cad>
          </ns3:TrackPointExtension>
        </extensions>
      </trkpt>
      <trkpt lat="37.5182877480983734130859375" lon="127.08056154660880565643310546875">
        <ele>12.19999980926513671875</ele>
        <time>2026-09-14T09:13:59.000Z</time>
        <extensions>
          <ns3:TrackPointExtension>
            <ns3:hr>149</ns3:hr>
            <ns3:cad>85</ns3:cad>
          </ns3:TrackPointExtension>
        </extensions>
      </trkpt>
      <trkpt lat="37.5182932801544666290283203125" lon="127.08051444031298160552978515625">
        <ele>12.19999980926513671875</ele>
        <time>2026-09-14T09:14:00.000Z</time>
        <extensions>
          <ns3:TrackPointExtension>
            <ns3:hr>150</ns3:hr>
            <ns3:cad>85</ns3:cad>
          </ns3:TrackPointExtension>
        </extensions>
      </trkpt>
      <trkpt lat="37.51829319633543491363525390625" lon="127.080479823052883148193359375">
        <ele>12.3999996185302734375</ele>
        <time>2026-09-14T09:14:01.000Z</time>
        <extensions>
          <ns3:TrackPointExtension>
            <ns3:hr>150</ns3:hr>
            <ns3:cad>85</ns3:cad>
          </ns3:TrackPointExtension>
        </extensions>
      </trkpt>
      <trkpt lat="37.51829604618251323699951171875" lon="127.08044704981148242950439453125">
        <ele>12.6000003814697265625</ele>
        <time>2026-09-14T09:14:02.000Z</time>
        <extensions>
          <ns3:TrackPointExtension>
            <ns3:hr>149</ns3:hr>
            <ns3:cad>85</ns3:cad>
          </ns3:TrackPointExtension>
        </extensions>
      </trkpt>
      <trkpt lat="37.5183033384382724761962890625" lon="127.08040572702884674072265625">
        <ele>12.6000003814697265625</ele>
        <time>2026-09-14T09:14:03.000Z</time>
        <extensions>
          <ns3:TrackPointExtension>
            <ns3:hr>149</ns3:hr>
            <ns3:cad>85</ns3:cad>
          </ns3:TrackPointExtension>
        </extensions>
      </trkpt>
      <trkpt lat="37.51830291934311389923095703125" lon="127.08038267679512500762939453125">
        <ele>12.6000003814697265625</ele>
        <time>2026-09-14T09:14:04.000Z</time>
        <extensions>
          <ns3:TrackPointExtension>
            <ns3:hr>149</ns3:hr>
            <ns3:cad>85</ns3:cad>
          </ns3:TrackPointExtension>
        </extensions>
      </trkpt>
      <trkpt lat="37.51830518245697021484375" lon="127.08033791743218898773193359375">
        <ele>12.3999996185302734375</ele>
        <time>2026-09-14T09:14:05.000Z</time>
        <extensions>
          <ns3:TrackPointExtension>
            <ns3:hr>150</ns3:hr>
            <ns3:cad>85</ns3:cad>
          </ns3:TrackPointExtension>
        </extensions>
      </trkpt>
      <trkpt lat="37.51830426044762134552001953125" lon="127.08030112087726593017578125">
        <ele>12.3999996185302734375</ele>
        <time>2026-09-14T09:14:06.000Z</time>
        <extensions>
          <ns3:TrackPointExtension>
            <ns3:hr>149</ns3:hr>
            <ns3:cad>85</ns3:cad>
          </ns3:TrackPointExtension>
        </extensions>
      </trkpt>
      <trkpt lat="37.51830660738050937652587890625" lon="127.08026432432234287261962890625">
        <ele>12.19999980926513671875</ele>
        <time>2026-09-14T09:14:07.000Z</time>
        <extensions>
          <ns3:TrackPointExtension>
            <ns3:hr>149</ns3:hr>
            <ns3:cad>85</ns3:cad>
          </ns3:TrackPointExtension>
        </extensions>
      </trkpt>
      <trkpt lat="37.5183180905878543853759765625" lon="127.08022258244454860687255859375">
        <ele>12.19999980926513671875</ele>
        <time>2026-09-14T09:14:08.000Z</time>
        <extensions>
          <ns3:TrackPointExtension>
            <ns3:hr>149</ns3:hr>
            <ns3:cad>84</ns3:cad>
          </ns3:TrackPointExtension>
        </extensions>
      </trkpt>
      <trkpt lat="37.51831767149269580841064453125" lon="127.08019408397376537322998046875">
        <ele>12.19999980926513671875</ele>
        <time>2026-09-14T09:14:09.000Z</time>
        <extensions>
          <ns3:TrackPointExtension>
            <ns3:hr>149</ns3:hr>
            <ns3:cad>84</ns3:cad>
          </ns3:TrackPointExtension>
        </extensions>
      </trkpt>
      <trkpt lat="37.5183212757110595703125" lon="127.08015267737209796905517578125">
        <ele>12.19999980926513671875</ele>
        <time>2026-09-14T09:14:10.000Z</time>
        <extensions>
          <ns3:TrackPointExtension>
            <ns3:hr>149</ns3:hr>
            <ns3:cad>84</ns3:cad>
          </ns3:TrackPointExtension>
        </extensions>
      </trkpt>
      <trkpt lat="37.5183278135955333709716796875" lon="127.08012317307293415069580078125">
        <ele>12</ele>
        <time>2026-09-14T09:14:11.000Z</time>
        <extensions>
          <ns3:TrackPointExtension>
            <ns3:hr>149</ns3:hr>
            <ns3:cad>84</ns3:cad>
          </ns3:TrackPointExtension>
        </extensions>
      </trkpt>
      <trkpt lat="37.5183331780135631561279296875" lon="127.08008981309831142425537109375">
        <ele>12.19999980926513671875</ele>
        <time>2026-09-14T09:14:12.000Z</time>
        <extensions>
          <ns3:TrackPointExtension>
            <ns3:hr>149</ns3:hr>
            <ns3:cad>84</ns3:cad>
          </ns3:TrackPointExtension>
        </extensions>
      </trkpt>
      <trkpt lat="37.51834130845963954925537109375" lon="127.0800523459911346435546875">
        <ele>12.19999980926513671875</ele>
        <time>2026-09-14T09:14:13.000Z</time>
        <extensions>
          <ns3:TrackPointExtension>
            <ns3:hr>149</ns3:hr>
            <ns3:cad>84</ns3:cad>
          </ns3:TrackPointExtension>
        </extensions>
      </trkpt>
      <trkpt lat="37.51834063790738582611083984375" lon="127.08002259023487567901611328125">
        <ele>12.19999980926513671875</ele>
        <time>2026-09-14T09:14:14.000Z</time>
        <extensions>
          <ns3:TrackPointExtension>
            <ns3:hr>149</ns3:hr>
            <ns3:cad>84</ns3:cad>
          </ns3:TrackPointExtension>
        </extensions>
      </trkpt>
      <trkpt lat="37.51835019327700138092041015625" lon="127.0799732208251953125">
        <ele>12.3999996185302734375</ele>
        <time>2026-09-14T09:14:15.000Z</time>
        <extensions>
          <ns3:TrackPointExtension>
            <ns3:hr>149</ns3:hr>
            <ns3:cad>84</ns3:cad>
          </ns3:TrackPointExtension>
        </extensions>
      </trkpt>
      <trkpt lat="37.518345750868320465087890625" lon="127.07994262687861919403076171875">
        <ele>12.3999996185302734375</ele>
        <time>2026-09-14T09:14:16.000Z</time>
        <extensions>
          <ns3:TrackPointExtension>
            <ns3:hr>149</ns3:hr>
            <ns3:cad>84</ns3:cad>
          </ns3:TrackPointExtension>
        </extensions>
      </trkpt>
      <trkpt lat="37.51834818162024021148681640625" lon="127.07990440540015697479248046875">
        <ele>12.19999980926513671875</ele>
        <time>2026-09-14T09:14:17.000Z</time>
        <extensions>
          <ns3:TrackPointExtension>
            <ns3:hr>149</ns3:hr>
            <ns3:cad>84</ns3:cad>
          </ns3:TrackPointExtension>
        </extensions>
      </trkpt>
      <trkpt lat="37.51835371367633342742919921875" lon="127.07986718975007534027099609375">
        <ele>12</ele>
        <time>2026-09-14T09:14:18.000Z</time>
        <extensions>
          <ns3:TrackPointExtension>
            <ns3:hr>149</ns3:hr>
            <ns3:cad>84</ns3:cad>
          </ns3:TrackPointExtension>
        </extensions>
      </trkpt>
      <trkpt lat="37.5183553062379360198974609375" lon="127.07983533851802349090576171875">
        <ele>12</ele>
        <time>2026-09-14T09:14:19.000Z</time>
        <extensions>
          <ns3:TrackPointExtension>
            <ns3:hr>148</ns3:hr>
            <ns3:cad>84</ns3:cad>
          </ns3:TrackPointExtension>
        </extensions>
      </trkpt>
      <trkpt lat="37.518365196883678436279296875" lon="127.07978990860283374786376953125">
        <ele>12.19999980926513671875</ele>
        <time>2026-09-14T09:14:20.000Z</time>
        <extensions>
          <ns3:TrackPointExtension>
            <ns3:hr>149</ns3:hr>
            <ns3:cad>85</ns3:cad>
          </ns3:TrackPointExtension>
        </extensions>
      </trkpt>
      <trkpt lat="37.51836360432207584381103515625" lon="127.0797604881227016448974609375">
        <ele>12.19999980926513671875</ele>
        <time>2026-09-14T09:14:21.000Z</time>
        <extensions>
          <ns3:TrackPointExtension>
            <ns3:hr>148</ns3:hr>
            <ns3:cad>85</ns3:cad>
          </ns3:TrackPointExtension>
        </extensions>
      </trkpt>
      <trkpt lat="37.51836628653109073638916015625" lon="127.0797197520732879638671875">
        <ele>12.19999980926513671875</ele>
        <time>2026-09-14T09:14:22.000Z</time>
        <extensions>
          <ns3:TrackPointExtension>
            <ns3:hr>148</ns3:hr>
            <ns3:cad>84</ns3:cad>
          </ns3:TrackPointExtension>
        </extensions>
      </trkpt>
      <trkpt lat="37.5183737464249134063720703125" lon="127.0796833746135234832763671875">
        <ele>12.19999980926513671875</ele>
        <time>2026-09-14T09:14:23.000Z</time>
        <extensions>
          <ns3:TrackPointExtension>
            <ns3:hr>148</ns3:hr>
            <ns3:cad>83</ns3:cad>
          </ns3:TrackPointExtension>
        </extensions>
      </trkpt>
      <trkpt lat="37.51837416552007198333740234375" lon="127.0796498470008373260498046875">
        <ele>12.19999980926513671875</ele>
        <time>2026-09-14T09:14:24.000Z</time>
        <extensions>
          <ns3:TrackPointExtension>
            <ns3:hr>148</ns3:hr>
            <ns3:cad>83</ns3:cad>
          </ns3:TrackPointExtension>
        </extensions>
      </trkpt>
      <trkpt lat="37.518387325108051300048828125" lon="127.07960148341953754425048828125">
        <ele>12.19999980926513671875</ele>
        <time>2026-09-14T09:14:25.000Z</time>
        <extensions>
          <ns3:TrackPointExtension>
            <ns3:hr>148</ns3:hr>
            <ns3:cad>84</ns3:cad>
          </ns3:TrackPointExtension>
        </extensions>
      </trkpt>
      <trkpt lat="37.5183843076229095458984375" lon="127.079573906958103179931640625">
        <ele>12.19999980926513671875</ele>
        <time>2026-09-14T09:14:26.000Z</time>
        <extensions>
          <ns3:TrackPointExtension>
            <ns3:hr>148</ns3:hr>
            <ns3:cad>84</ns3:cad>
          </ns3:TrackPointExtension>
        </extensions>
      </trkpt>
      <trkpt lat="37.518388666212558746337890625" lon="127.0795301534235477447509765625">
        <ele>12</ele>
        <time>2026-09-14T09:14:27.000Z</time>
        <extensions>
          <ns3:TrackPointExtension>
            <ns3:hr>148</ns3:hr>
            <ns3:cad>84</ns3:cad>
          </ns3:TrackPointExtension>
        </extensions>
      </trkpt>
      <trkpt lat="37.51839629374444484710693359375" lon="127.07949587143957614898681640625">
        <ele>12.19999980926513671875</ele>
        <time>2026-09-14T09:14:28.000Z</time>
        <extensions>
          <ns3:TrackPointExtension>
            <ns3:hr>148</ns3:hr>
            <ns3:cad>84</ns3:cad>
          </ns3:TrackPointExtension>
        </extensions>
      </trkpt>
      <trkpt lat="37.5184030830860137939453125" lon="127.07946360111236572265625">
        <ele>12.19999980926513671875</ele>
        <time>2026-09-14T09:14:29.000Z</time>
        <extensions>
          <ns3:TrackPointExtension>
            <ns3:hr>148</ns3:hr>
            <ns3:cad>84</ns3:cad>
          </ns3:TrackPointExtension>
        </extensions>
      </trkpt>
      <trkpt lat="37.51841959543526172637939453125" lon="127.07941607572138309478759765625">
        <ele>12.19999980926513671875</ele>
        <time>2026-09-14T09:14:30.000Z</time>
        <extensions>
          <ns3:TrackPointExtension>
            <ns3:hr>148</ns3:hr>
            <ns3:cad>84</ns3:cad>
          </ns3:TrackPointExtension>
        </extensions>
      </trkpt>
      <trkpt lat="37.5184226967394351959228515625" lon="127.07938808016479015350341796875">
        <ele>12</ele>
        <time>2026-09-14T09:14:31.000Z</time>
        <extensions>
          <ns3:TrackPointExtension>
            <ns3:hr>147</ns3:hr>
            <ns3:cad>84</ns3:cad>
          </ns3:TrackPointExtension>
        </extensions>
      </trkpt>
      <trkpt lat="37.518426887691020965576171875" lon="127.07933912985026836395263671875">
        <ele>12</ele>
        <time>2026-09-14T09:14:32.000Z</time>
        <extensions>
          <ns3:TrackPointExtension>
            <ns3:hr>148</ns3:hr>
            <ns3:cad>84</ns3:cad>
          </ns3:TrackPointExtension>
        </extensions>
      </trkpt>
      <trkpt lat="37.5184290669858455657958984375" lon="127.07930468022823333740234375">
        <ele>12</ele>
        <time>2026-09-14T09:14:33.000Z</time>
        <extensions>
          <ns3:TrackPointExtension>
            <ns3:hr>148</ns3:hr>
            <ns3:cad>84</ns3:cad>
          </ns3:TrackPointExtension>
        </extensions>
      </trkpt>
      <trkpt lat="37.51843216829001903533935546875" lon="127.07927173934876918792724609375">
        <ele>11.80000019073486328125</ele>
        <time>2026-09-14T09:14:34.000Z</time>
        <extensions>
          <ns3:TrackPointExtension>
            <ns3:hr>148</ns3:hr>
            <ns3:cad>84</ns3:cad>
          </ns3:TrackPointExtension>
        </extensions>
      </trkpt>
      <trkpt lat="37.5184401310980319976806640625" lon="127.0792320929467678070068359375">
        <ele>11.80000019073486328125</ele>
        <time>2026-09-14T09:14:35.000Z</time>
        <extensions>
          <ns3:TrackPointExtension>
            <ns3:hr>148</ns3:hr>
            <ns3:cad>84</ns3:cad>
          </ns3:TrackPointExtension>
        </extensions>
      </trkpt>
      <trkpt lat="37.5184401310980319976806640625" lon="127.07920602522790431976318359375">
        <ele>12</ele>
        <time>2026-09-14T09:14:36.000Z</time>
        <extensions>
          <ns3:TrackPointExtension>
            <ns3:hr>148</ns3:hr>
            <ns3:cad>84</ns3:cad>
          </ns3:TrackPointExtension>
        </extensions>
      </trkpt>
      <trkpt lat="37.51844977028667926788330078125" lon="127.07916922867298126220703125">
        <ele>12.19999980926513671875</ele>
        <time>2026-09-14T09:14:37.000Z</time>
        <extensions>
          <ns3:TrackPointExtension>
            <ns3:hr>148</ns3:hr>
            <ns3:cad>85</ns3:cad>
          </ns3:TrackPointExtension>
        </extensions>
      </trkpt>
      <trkpt lat="37.5184491835534572601318359375" lon="127.07913695834577083587646484375">
        <ele>12.19999980926513671875</ele>
        <time>2026-09-14T09:14:38.000Z</time>
        <extensions>
          <ns3:TrackPointExtension>
            <ns3:hr>148</ns3:hr>
            <ns3:cad>85</ns3:cad>
          </ns3:TrackPointExtension>
        </extensions>
      </trkpt>
      <trkpt lat="37.51845127902925014495849609375" lon="127.07909923978149890899658203125">
        <ele>12.19999980926513671875</ele>
        <time>2026-09-14T09:14:39.000Z</time>
        <extensions>
          <ns3:TrackPointExtension>
            <ns3:hr>148</ns3:hr>
            <ns3:cad>85</ns3:cad>
          </ns3:TrackPointExtension>
        </extensions>
      </trkpt>
      <trkpt lat="37.51846686936914920806884765625" lon="127.07905515097081661224365234375">
        <ele>12.3999996185302734375</ele>
        <time>2026-09-14T09:14:40.000Z</time>
        <extensions>
          <ns3:TrackPointExtension>
            <ns3:hr>149</ns3:hr>
            <ns3:cad>84</ns3:cad>
          </ns3:TrackPointExtension>
        </extensions>
      </trkpt>
      <trkpt lat="37.5184686295688152313232421875" lon="127.07902212627232074737548828125">
        <ele>12.19999980926513671875</ele>
        <time>2026-09-14T09:14:41.000Z</time>
        <extensions>
          <ns3:TrackPointExtension>
            <ns3:hr>149</ns3:hr>
            <ns3:cad>84</ns3:cad>
          </ns3:TrackPointExtension>
        </extensions>
      </trkpt>
      <trkpt lat="37.51847893930971622467041015625" lon="127.07897703163325786590576171875">
        <ele>11.80000019073486328125</ele>
        <time>2026-09-14T09:14:42.000Z</time>
        <extensions>
          <ns3:TrackPointExtension>
            <ns3:hr>149</ns3:hr>
            <ns3:cad>84</ns3:cad>
          </ns3:TrackPointExtension>
        </extensions>
      </trkpt>
      <trkpt lat="37.518481872975826263427734375" lon="127.07894585095345973968505859375">
        <ele>11.80000019073486328125</ele>
        <time>2026-09-14T09:14:43.000Z</time>
        <extensions>
          <ns3:TrackPointExtension>
            <ns3:hr>150</ns3:hr>
            <ns3:cad>83</ns3:cad>
          </ns3:TrackPointExtension>
        </extensions>
      </trkpt>
      <trkpt lat="37.5184853933751583099365234375" lon="127.07890762947499752044677734375">
        <ele>11.6000003814697265625</ele>
        <time>2026-09-14T09:14:44.000Z</time>
        <extensions>
          <ns3:TrackPointExtension>
            <ns3:hr>150</ns3:hr>
            <ns3:cad>83</ns3:cad>
          </ns3:TrackPointExtension>
        </extensions>
      </trkpt>
      <trkpt lat="37.5184984691441059112548828125" lon="127.07886856980621814727783203125">
        <ele>11.6000003814697265625</ele>
        <time>2026-09-14T09:14:45.000Z</time>
        <extensions>
          <ns3:TrackPointExtension>
            <ns3:hr>150</ns3:hr>
            <ns3:cad>84</ns3:cad>
          </ns3:TrackPointExtension>
        </extensions>
      </trkpt>
      <trkpt lat="37.51850031316280364990234375" lon="127.07883797585964202880859375">
        <ele>11.80000019073486328125</ele>
        <time>2026-09-14T09:14:46.000Z</time>
        <extensions>
          <ns3:TrackPointExtension>
            <ns3:hr>150</ns3:hr>
            <ns3:cad>84</ns3:cad>
          </ns3:TrackPointExtension>
        </extensions>
      </trkpt>
      <trkpt lat="37.51851028762757778167724609375" lon="127.078790031373500823974609375">
        <ele>12</ele>
        <time>2026-09-14T09:14:47.000Z</time>
        <extensions>
          <ns3:TrackPointExtension>
            <ns3:hr>151</ns3:hr>
            <ns3:cad>84</ns3:cad>
          </ns3:TrackPointExtension>
        </extensions>
      </trkpt>
      <trkpt lat="37.51850777305662631988525390625" lon="127.07876178435981273651123046875">
        <ele>12.19999980926513671875</ele>
        <time>2026-09-14T09:14:48.000Z</time>
        <extensions>
          <ns3:TrackPointExtension>
            <ns3:hr>151</ns3:hr>
            <ns3:cad>84</ns3:cad>
          </ns3:TrackPointExtension>
        </extensions>
      </trkpt>
      <trkpt lat="37.518514730036258697509765625" lon="127.0787174440920352935791015625">
        <ele>12.3999996185302734375</ele>
        <time>2026-09-14T09:14:49.000Z</time>
        <extensions>
          <ns3:TrackPointExtension>
            <ns3:hr>151</ns3:hr>
            <ns3:cad>84</ns3:cad>
          </ns3:TrackPointExtension>
        </extensions>
      </trkpt>
      <trkpt lat="37.5185232795774936676025390625" lon="127.07867964170873165130615234375">
        <ele>12.6000003814697265625</ele>
        <time>2026-09-14T09:14:50.000Z</time>
        <extensions>
          <ns3:TrackPointExtension>
            <ns3:hr>151</ns3:hr>
            <ns3:cad>84</ns3:cad>
          </ns3:TrackPointExtension>
        </extensions>
      </trkpt>
      <trkpt lat="37.51852436922490596771240234375" lon="127.0786473713815212249755859375">
        <ele>12.6000003814697265625</ele>
        <time>2026-09-14T09:14:51.000Z</time>
        <extensions>
          <ns3:TrackPointExtension>
            <ns3:hr>151</ns3:hr>
            <ns3:cad>84</ns3:cad>
          </ns3:TrackPointExtension>
        </extensions>
      </trkpt>
      <trkpt lat="37.51853627152740955352783203125" lon="127.07860252819955348968505859375">
        <ele>12.3999996185302734375</ele>
        <time>2026-09-14T09:14:52.000Z</time>
        <extensions>
          <ns3:TrackPointExtension>
            <ns3:hr>150</ns3:hr>
            <ns3:cad>84</ns3:cad>
          </ns3:TrackPointExtension>
        </extensions>
      </trkpt>
      <trkpt lat="37.51853476278483867645263671875" lon="127.07857134751975536346435546875">
        <ele>12.19999980926513671875</ele>
        <time>2026-09-14T09:14:53.000Z</time>
        <extensions>
          <ns3:TrackPointExtension>
            <ns3:hr>151</ns3:hr>
            <ns3:cad>84</ns3:cad>
          </ns3:TrackPointExtension>
        </extensions>
      </trkpt>
      <trkpt lat="37.51854197122156620025634765625" lon="127.0785337127745151519775390625">
        <ele>12</ele>
        <time>2026-09-14T09:14:54.000Z</time>
        <extensions>
          <ns3:TrackPointExtension>
            <ns3:hr>151</ns3:hr>
            <ns3:cad>84</ns3:cad>
          </ns3:TrackPointExtension>
        </extensions>
      </trkpt>
      <trkpt lat="37.5185484252870082855224609375" lon="127.078499682247638702392578125">
        <ele>12</ele>
        <time>2026-09-14T09:14:55.000Z</time>
        <extensions>
          <ns3:TrackPointExtension>
            <ns3:hr>151</ns3:hr>
            <ns3:cad>84</ns3:cad>
          </ns3:TrackPointExtension>
        </extensions>
      </trkpt>
      <trkpt lat="37.51855253241956233978271484375" lon="127.0784663222730159759521484375">
        <ele>11.80000019073486328125</ele>
        <time>2026-09-14T09:14:56.000Z</time>
        <extensions>
          <ns3:TrackPointExtension>
            <ns3:hr>151</ns3:hr>
            <ns3:cad>84</ns3:cad>
          </ns3:TrackPointExtension>
        </extensions>
      </trkpt>
      <trkpt lat="37.51856208778917789459228515625" lon="127.07842248491942882537841796875">
        <ele>11.80000019073486328125</ele>
        <time>2026-09-14T09:14:57.000Z</time>
        <extensions>
          <ns3:TrackPointExtension>
            <ns3:hr>151</ns3:hr>
            <ns3:cad>84</ns3:cad>
          </ns3:TrackPointExtension>
        </extensions>
      </trkpt>
      <trkpt lat="37.518563009798526763916015625" lon="127.07839365117251873016357421875">
        <ele>11.80000019073486328125</ele>
        <time>2026-09-14T09:14:58.000Z</time>
        <extensions>
          <ns3:TrackPointExtension>
            <ns3:hr>151</ns3:hr>
            <ns3:cad>84</ns3:cad>
          </ns3:TrackPointExtension>
        </extensions>
      </trkpt>
      <trkpt lat="37.5185658596456050872802734375" lon="127.0783523283898830413818359375">
        <ele>11.80000019073486328125</ele>
        <time>2026-09-14T09:14:59.000Z</time>
        <extensions>
          <ns3:TrackPointExtension>
            <ns3:hr>150</ns3:hr>
            <ns3:cad>84</ns3:cad>
          </ns3:TrackPointExtension>
        </extensions>
      </trkpt>
      <trkpt lat="37.51857046969234943389892578125" lon="127.07831905223429203033447265625">
        <ele>12</ele>
        <time>2026-09-14T09:15:00.000Z</time>
        <extensions>
          <ns3:TrackPointExtension>
            <ns3:hr>151</ns3:hr>
            <ns3:cad>84</ns3:cad>
          </ns3:TrackPointExtension>
        </extensions>
      </trkpt>
      <trkpt lat="37.5185759179294109344482421875" lon="127.078282423317432403564453125">
        <ele>12</ele>
        <time>2026-09-14T09:15:01.000Z</time>
        <extensions>
          <ns3:TrackPointExtension>
            <ns3:hr>151</ns3:hr>
            <ns3:cad>84</ns3:cad>
          </ns3:TrackPointExtension>
        </extensions>
      </trkpt>
      <trkpt lat="37.51858740113675594329833984375" lon="127.07823975943028926849365234375">
        <ele>12</ele>
        <time>2026-09-14T09:15:02.000Z</time>
        <extensions>
          <ns3:TrackPointExtension>
            <ns3:hr>151</ns3:hr>
            <ns3:cad>84</ns3:cad>
          </ns3:TrackPointExtension>
        </extensions>
      </trkpt>
      <trkpt lat="37.51859159208834171295166015625" lon="127.07820941694080829620361328125">
        <ele>11.80000019073486328125</ele>
        <time>2026-09-14T09:15:03.000Z</time>
        <extensions>
          <ns3:TrackPointExtension>
            <ns3:hr>151</ns3:hr>
            <ns3:cad>84</ns3:cad>
          </ns3:TrackPointExtension>
        </extensions>
      </trkpt>
      <trkpt lat="37.51859645359218120574951171875" lon="127.07816499285399913787841796875">
        <ele>11.80000019073486328125</ele>
        <time>2026-09-14T09:15:04.000Z</time>
        <extensions>
          <ns3:TrackPointExtension>
            <ns3:hr>150</ns3:hr>
            <ns3:cad>84</ns3:cad>
          </ns3:TrackPointExtension>
        </extensions>
      </trkpt>
      <trkpt lat="37.51859662123024463653564453125" lon="127.07813381217420101165771484375">
        <ele>11.80000019073486328125</ele>
        <time>2026-09-14T09:15:05.000Z</time>
        <extensions>
          <ns3:TrackPointExtension>
            <ns3:hr>151</ns3:hr>
            <ns3:cad>84</ns3:cad>
          </ns3:TrackPointExtension>
        </extensions>
      </trkpt>
      <trkpt lat="37.5186010636389255523681640625" lon="127.07809709943830966949462890625">
        <ele>11.80000019073486328125</ele>
        <time>2026-09-14T09:15:06.000Z</time>
        <extensions>
          <ns3:TrackPointExtension>
            <ns3:hr>151</ns3:hr>
            <ns3:cad>84</ns3:cad>
          </ns3:TrackPointExtension>
        </extensions>
      </trkpt>
      <trkpt lat="37.51861036755144596099853515625" lon="127.0780562795698642730712890625">
        <ele>11.80000019073486328125</ele>
        <time>2026-09-14T09:15:07.000Z</time>
        <extensions>
          <ns3:TrackPointExtension>
            <ns3:hr>151</ns3:hr>
            <ns3:cad>84</ns3:cad>
          </ns3:TrackPointExtension>
        </extensions>
      </trkpt>
      <trkpt lat="37.5186111219227313995361328125" lon="127.07802392542362213134765625">
        <ele>12</ele>
        <time>2026-09-14T09:15:08.000Z</time>
        <extensions>
          <ns3:TrackPointExtension>
            <ns3:hr>150</ns3:hr>
            <ns3:cad>84</ns3:cad>
          </ns3:TrackPointExtension>
        </extensions>
      </trkpt>
      <trkpt lat="37.51862109638750553131103515625" lon="127.07798059098422527313232421875">
        <ele>12</ele>
        <time>2026-09-14T09:15:09.000Z</time>
        <extensions>
          <ns3:TrackPointExtension>
            <ns3:hr>151</ns3:hr>
            <ns3:cad>84</ns3:cad>
          </ns3:TrackPointExtension>
        </extensions>
      </trkpt>
      <trkpt lat="37.51862126402556896209716796875" lon="127.07795209251344203948974609375">
        <ele>12</ele>
        <time>2026-09-14T09:15:10.000Z</time>
        <extensions>
          <ns3:TrackPointExtension>
            <ns3:hr>151</ns3:hr>
            <ns3:cad>84</ns3:cad>
          </ns3:TrackPointExtension>
        </extensions>
      </trkpt>
      <trkpt lat="37.51862042583525180816650390625" lon="127.07791202701628208160400390625">
        <ele>12</ele>
        <time>2026-09-14T09:15:11.000Z</time>
        <extensions>
          <ns3:TrackPointExtension>
            <ns3:hr>151</ns3:hr>
            <ns3:cad>84</ns3:cad>
          </ns3:TrackPointExtension>
        </extensions>
      </trkpt>
      <trkpt lat="37.5186305679380893707275390625" lon="127.07787430845201015472412109375">
        <ele>12</ele>
        <time>2026-09-14T09:15:12.000Z</time>
        <extensions>
          <ns3:TrackPointExtension>
            <ns3:hr>150</ns3:hr>
            <ns3:cad>84</ns3:cad>
          </ns3:TrackPointExtension>
        </extensions>
      </trkpt>
      <trkpt lat="37.51863350160419940948486328125" lon="127.07784346304833889007568359375">
        <ele>12.19999980926513671875</ele>
        <time>2026-09-14T09:15:13.000Z</time>
        <extensions>
          <ns3:TrackPointExtension>
            <ns3:hr>151</ns3:hr>
            <ns3:cad>84</ns3:cad>
          </ns3:TrackPointExtension>
        </extensions>
      </trkpt>
      <trkpt lat="37.51864607445895671844482421875" lon="127.0777994580566883087158203125">
        <ele>12.19999980926513671875</ele>
        <time>2026-09-14T09:15:14.000Z</time>
        <extensions>
          <ns3:TrackPointExtension>
            <ns3:hr>150</ns3:hr>
            <ns3:cad>84</ns3:cad>
          </ns3:TrackPointExtension>
        </extensions>
      </trkpt>
      <trkpt lat="37.51864573918282985687255859375" lon="127.077766768634319305419921875">
        <ele>12.3999996185302734375</ele>
        <time>2026-09-14T09:15:15.000Z</time>
        <extensions>
          <ns3:TrackPointExtension>
            <ns3:hr>150</ns3:hr>
            <ns3:cad>84</ns3:cad>
          </ns3:TrackPointExtension>
        </extensions>
      </trkpt>
      <trkpt lat="37.51865328289568424224853515625" lon="127.077727876603603363037109375">
        <ele>12.3999996185302734375</ele>
        <time>2026-09-14T09:15:16.000Z</time>
        <extensions>
          <ns3:TrackPointExtension>
            <ns3:hr>150</ns3:hr>
            <ns3:cad>84</ns3:cad>
          </ns3:TrackPointExtension>
        </extensions>
      </trkpt>
      <trkpt lat="37.51866258680820465087890625" lon="127.0776893198490142822265625">
        <ele>12.19999980926513671875</ele>
        <time>2026-09-14T09:15:17.000Z</time>
        <extensions>
          <ns3:TrackPointExtension>
            <ns3:hr>151</ns3:hr>
            <ns3:cad>84</ns3:cad>
          </ns3:TrackPointExtension>
        </extensions>
      </trkpt>
      <trkpt lat="37.51866719685494899749755859375" lon="127.07765738479793071746826171875">
        <ele>12.19999980926513671875</ele>
        <time>2026-09-14T09:15:18.000Z</time>
        <extensions>
          <ns3:TrackPointExtension>
            <ns3:hr>150</ns3:hr>
            <ns3:cad>84</ns3:cad>
          </ns3:TrackPointExtension>
        </extensions>
      </trkpt>
      <trkpt lat="37.5186788477003574371337890625" lon="127.077609188854694366455078125">
        <ele>12.19999980926513671875</ele>
        <time>2026-09-14T09:15:19.000Z</time>
        <extensions>
          <ns3:TrackPointExtension>
            <ns3:hr>150</ns3:hr>
            <ns3:cad>83</ns3:cad>
          </ns3:TrackPointExtension>
        </extensions>
      </trkpt>
      <trkpt lat="37.5186801888048648834228515625" lon="127.07757524214684963226318359375">
        <ele>12.19999980926513671875</ele>
        <time>2026-09-14T09:15:20.000Z</time>
        <extensions>
          <ns3:TrackPointExtension>
            <ns3:hr>151</ns3:hr>
            <ns3:cad>83</ns3:cad>
          </ns3:TrackPointExtension>
        </extensions>
      </trkpt>
      <trkpt lat="37.51868295483291149139404296875" lon="127.077538110315799713134765625">
        <ele>12</ele>
        <time>2026-09-14T09:15:21.000Z</time>
        <extensions>
          <ns3:TrackPointExtension>
            <ns3:hr>150</ns3:hr>
            <ns3:cad>83</ns3:cad>
          </ns3:TrackPointExtension>
        </extensions>
      </trkpt>
      <trkpt lat="37.51868882216513156890869140625" lon="127.0775017328560352325439453125">
        <ele>12</ele>
        <time>2026-09-14T09:15:22.000Z</time>
        <extensions>
          <ns3:TrackPointExtension>
            <ns3:hr>150</ns3:hr>
            <ns3:cad>84</ns3:cad>
          </ns3:TrackPointExtension>
        </extensions>
      </trkpt>
      <trkpt lat="37.5186929292976856231689453125" lon="127.0774732343852519989013671875">
        <ele>12</ele>
        <time>2026-09-14T09:15:23.000Z</time>
        <extensions>
          <ns3:TrackPointExtension>
            <ns3:hr>150</ns3:hr>
            <ns3:cad>84</ns3:cad>
          </ns3:TrackPointExtension>
        </extensions>
      </trkpt>
      <trkpt lat="37.5187046639621257781982421875" lon="127.07743241451680660247802734375">
        <ele>12</ele>
        <time>2026-09-14T09:15:24.000Z</time>
        <extensions>
          <ns3:TrackPointExtension>
            <ns3:hr>150</ns3:hr>
            <ns3:cad>84</ns3:cad>
          </ns3:TrackPointExtension>
        </extensions>
      </trkpt>
      <trkpt lat="37.518704496324062347412109375" lon="127.07740173675119876861572265625">
        <ele>11.80000019073486328125</ele>
        <time>2026-09-14T09:15:25.000Z</time>
        <extensions>
          <ns3:TrackPointExtension>
            <ns3:hr>150</ns3:hr>
            <ns3:cad>84</ns3:cad>
          </ns3:TrackPointExtension>
        </extensions>
      </trkpt>
      <trkpt lat="37.518709860742092132568359375" lon="127.07736410200595855712890625">
        <ele>11.80000019073486328125</ele>
        <time>2026-09-14T09:15:26.000Z</time>
        <extensions>
          <ns3:TrackPointExtension>
            <ns3:hr>150</ns3:hr>
            <ns3:cad>84</ns3:cad>
          </ns3:TrackPointExtension>
        </extensions>
      </trkpt>
      <trkpt lat="37.51871899701654911041259765625" lon="127.0773294009268283843994140625">
        <ele>11.80000019073486328125</ele>
        <time>2026-09-14T09:15:27.000Z</time>
        <extensions>
          <ns3:TrackPointExtension>
            <ns3:hr>151</ns3:hr>
            <ns3:cad>85</ns3:cad>
          </ns3:TrackPointExtension>
        </extensions>
      </trkpt>
      <trkpt lat="37.51872100867331027984619140625" lon="127.0772972144186496734619140625">
        <ele>11.6000003814697265625</ele>
        <time>2026-09-14T09:15:28.000Z</time>
        <extensions>
          <ns3:TrackPointExtension>
            <ns3:hr>150</ns3:hr>
            <ns3:cad>85</ns3:cad>
          </ns3:TrackPointExtension>
        </extensions>
      </trkpt>
      <trkpt lat="37.518734671175479888916015625" lon="127.077249102294445037841796875">
        <ele>11.6000003814697265625</ele>
        <time>2026-09-14T09:15:29.000Z</time>
        <extensions>
          <ns3:TrackPointExtension>
            <ns3:hr>150</ns3:hr>
            <ns3:cad>84</ns3:cad>
          </ns3:TrackPointExtension>
        </extensions>
      </trkpt>
      <trkpt lat="37.5187375210225582122802734375" lon="127.07721297629177570343017578125">
        <ele>11.6000003814697265625</ele>
        <time>2026-09-14T09:15:30.000Z</time>
        <extensions>
          <ns3:TrackPointExtension>
            <ns3:hr>150</ns3:hr>
            <ns3:cad>84</ns3:cad>
          </ns3:TrackPointExtension>
        </extensions>
      </trkpt>
      <trkpt lat="37.51874313689768314361572265625" lon="127.07717207260429859161376953125">
        <ele>11.6000003814697265625</ele>
        <time>2026-09-14T09:15:31.000Z</time>
        <extensions>
          <ns3:TrackPointExtension>
            <ns3:hr>150</ns3:hr>
            <ns3:cad>84</ns3:cad>
          </ns3:TrackPointExtension>
        </extensions>
      </trkpt>
      <trkpt lat="37.5187505967915058135986328125" lon="127.07713116891682147979736328125">
        <ele>11.80000019073486328125</ele>
        <time>2026-09-14T09:15:32.000Z</time>
        <extensions>
          <ns3:TrackPointExtension>
            <ns3:hr>150</ns3:hr>
            <ns3:cad>83</ns3:cad>
          </ns3:TrackPointExtension>
        </extensions>
      </trkpt>
      <trkpt lat="37.518755458295345306396484375" lon="127.0770947076380252838134765625">
        <ele>11.80000019073486328125</ele>
        <time>2026-09-14T09:15:33.000Z</time>
        <extensions>
          <ns3:TrackPointExtension>
            <ns3:hr>150</ns3:hr>
            <ns3:cad>83</ns3:cad>
          </ns3:TrackPointExtension>
        </extensions>
      </trkpt>
      <trkpt lat="37.51876811496913433074951171875" lon="127.07704751752316951751708984375">
        <ele>11.80000019073486328125</ele>
        <time>2026-09-14T09:15:34.000Z</time>
        <extensions>
          <ns3:TrackPointExtension>
            <ns3:hr>151</ns3:hr>
            <ns3:cad>83</ns3:cad>
          </ns3:TrackPointExtension>
        </extensions>
      </trkpt>
      <trkpt lat="37.51877180300652980804443359375" lon="127.07701214589178562164306640625">
        <ele>11.80000019073486328125</ele>
        <time>2026-09-14T09:15:35.000Z</time>
        <extensions>
          <ns3:TrackPointExtension>
            <ns3:hr>150</ns3:hr>
            <ns3:cad>84</ns3:cad>
          </ns3:TrackPointExtension>
        </extensions>
      </trkpt>
      <trkpt lat="37.5187797658145427703857421875" lon="127.07696923054754734039306640625">
        <ele>11.80000019073486328125</ele>
        <time>2026-09-14T09:15:36.000Z</time>
        <extensions>
          <ns3:TrackPointExtension>
            <ns3:hr>150</ns3:hr>
            <ns3:cad>84</ns3:cad>
          </ns3:TrackPointExtension>
        </extensions>
      </trkpt>
      <trkpt lat="37.51878605224192142486572265625" lon="127.0769354514777660369873046875">
        <ele>11.80000019073486328125</ele>
        <time>2026-09-14T09:15:37.000Z</time>
        <extensions>
          <ns3:TrackPointExtension>
            <ns3:hr>150</ns3:hr>
            <ns3:cad>85</ns3:cad>
          </ns3:TrackPointExtension>
        </extensions>
      </trkpt>
      <trkpt lat="37.5187931768596172332763671875" lon="127.07690049894154071807861328125">
        <ele>11.80000019073486328125</ele>
        <time>2026-09-14T09:15:38.000Z</time>
        <extensions>
          <ns3:TrackPointExtension>
            <ns3:hr>150</ns3:hr>
            <ns3:cad>85</ns3:cad>
          </ns3:TrackPointExtension>
        </extensions>
      </trkpt>
      <trkpt lat="37.51880885101854801177978515625" lon="127.07685691304504871368408203125">
        <ele>11.80000019073486328125</ele>
        <time>2026-09-14T09:15:39.000Z</time>
        <extensions>
          <ns3:TrackPointExtension>
            <ns3:hr>150</ns3:hr>
            <ns3:cad>85</ns3:cad>
          </ns3:TrackPointExtension>
        </extensions>
      </trkpt>
      <trkpt lat="37.51881404779851436614990234375" lon="127.07682422362267971038818359375">
        <ele>11.80000019073486328125</ele>
        <time>2026-09-14T09:15:40.000Z</time>
        <extensions>
          <ns3:TrackPointExtension>
            <ns3:hr>150</ns3:hr>
            <ns3:cad>85</ns3:cad>
          </ns3:TrackPointExtension>
        </extensions>
      </trkpt>
      <trkpt lat="37.51882209442555904388427734375" lon="127.07677544094622135162353515625">
        <ele>11.6000003814697265625</ele>
        <time>2026-09-14T09:15:41.000Z</time>
        <extensions>
          <ns3:TrackPointExtension>
            <ns3:hr>150</ns3:hr>
            <ns3:cad>85</ns3:cad>
          </ns3:TrackPointExtension>
        </extensions>
      </trkpt>
      <trkpt lat="37.51882393844425678253173828125" lon="127.0767369680106639862060546875">
        <ele>11.6000003814697265625</ele>
        <time>2026-09-14T09:15:42.000Z</time>
        <extensions>
          <ns3:TrackPointExtension>
            <ns3:hr>150</ns3:hr>
            <ns3:cad>85</ns3:cad>
          </ns3:TrackPointExtension>
        </extensions>
      </trkpt>
      <trkpt lat="37.51882997341454029083251953125" lon="127.07669765688478946685791015625">
        <ele>11.6000003814697265625</ele>
        <time>2026-09-14T09:15:43.000Z</time>
        <extensions>
          <ns3:TrackPointExtension>
            <ns3:hr>150</ns3:hr>
            <ns3:cad>85</ns3:cad>
          </ns3:TrackPointExtension>
        </extensions>
      </trkpt>
      <trkpt lat="37.51883969642221927642822265625" lon="127.07665926776826381683349609375">
        <ele>11.6000003814697265625</ele>
        <time>2026-09-14T09:15:44.000Z</time>
        <extensions>
          <ns3:TrackPointExtension>
            <ns3:hr>150</ns3:hr>
            <ns3:cad>84</ns3:cad>
          </ns3:TrackPointExtension>
        </extensions>
      </trkpt>
      <trkpt lat="37.5188424624502658843994140625" lon="127.0766280032694339752197265625">
        <ele>11.6000003814697265625</ele>
        <time>2026-09-14T09:15:45.000Z</time>
        <extensions>
          <ns3:TrackPointExtension>
            <ns3:hr>150</ns3:hr>
            <ns3:cad>84</ns3:cad>
          </ns3:TrackPointExtension>
        </extensions>
      </trkpt>
      <trkpt lat="37.518858723342418670654296875" lon="127.0765817351639270782470703125">
        <ele>11.80000019073486328125</ele>
        <time>2026-09-14T09:15:46.000Z</time>
        <extensions>
          <ns3:TrackPointExtension>
            <ns3:hr>149</ns3:hr>
            <ns3:cad>84</ns3:cad>
          </ns3:TrackPointExtension>
        </extensions>
      </trkpt>
      <trkpt lat="37.518859393894672393798828125" lon="127.0765505544841289520263671875">
        <ele>11.80000019073486328125</ele>
        <time>2026-09-14T09:15:47.000Z</time>
        <extensions>
          <ns3:TrackPointExtension>
            <ns3:hr>149</ns3:hr>
            <ns3:cad>84</ns3:cad>
          </ns3:TrackPointExtension>
        </extensions>
      </trkpt>
      <trkpt lat="37.51886417157948017120361328125" lon="127.07651375792920589447021484375">
        <ele>11.6000003814697265625</ele>
        <time>2026-09-14T09:15:48.000Z</time>
        <extensions>
          <ns3:TrackPointExtension>
            <ns3:hr>149</ns3:hr>
            <ns3:cad>84</ns3:cad>
          </ns3:TrackPointExtension>
        </extensions>
      </trkpt>
      <trkpt lat="37.51886970363557338714599609375" lon="127.07647922448813915252685546875">
        <ele>11.80000019073486328125</ele>
        <time>2026-09-14T09:15:49.000Z</time>
        <extensions>
          <ns3:TrackPointExtension>
            <ns3:hr>149</ns3:hr>
            <ns3:cad>84</ns3:cad>
          </ns3:TrackPointExtension>
        </extensions>
      </trkpt>
      <trkpt lat="37.5188712961971759796142578125" lon="127.07644871436059474945068359375">
        <ele>11.80000019073486328125</ele>
        <time>2026-09-14T09:15:50.000Z</time>
        <extensions>
          <ns3:TrackPointExtension>
            <ns3:hr>149</ns3:hr>
            <ns3:cad>84</ns3:cad>
          </ns3:TrackPointExtension>
        </extensions>
      </trkpt>
      <trkpt lat="37.51888529397547245025634765625" lon="127.076402865350246429443359375">
        <ele>11.80000019073486328125</ele>
        <time>2026-09-14T09:15:51.000Z</time>
        <extensions>
          <ns3:TrackPointExtension>
            <ns3:hr>149</ns3:hr>
            <ns3:cad>85</ns3:cad>
          </ns3:TrackPointExtension>
        </extensions>
      </trkpt>
      <trkpt lat="37.51888747327029705047607421875" lon="127.0763718523085117340087890625">
        <ele>11.80000019073486328125</ele>
        <time>2026-09-14T09:15:52.000Z</time>
        <extensions>
          <ns3:TrackPointExtension>
            <ns3:hr>149</ns3:hr>
            <ns3:cad>85</ns3:cad>
          </ns3:TrackPointExtension>
        </extensions>
      </trkpt>
      <trkpt lat="37.5188927538692951202392578125" lon="127.07632340490818023681640625">
        <ele>11.80000019073486328125</ele>
        <time>2026-09-14T09:15:53.000Z</time>
        <extensions>
          <ns3:TrackPointExtension>
            <ns3:hr>149</ns3:hr>
            <ns3:cad>85</ns3:cad>
          </ns3:TrackPointExtension>
        </extensions>
      </trkpt>
      <trkpt lat="37.51889099366962909698486328125" lon="127.07628828473389148712158203125">
        <ele>11.80000019073486328125</ele>
        <time>2026-09-14T09:15:54.000Z</time>
        <extensions>
          <ns3:TrackPointExtension>
            <ns3:hr>148</ns3:hr>
            <ns3:cad>85</ns3:cad>
          </ns3:TrackPointExtension>
        </extensions>
      </trkpt>
      <trkpt lat="37.51889526844024658203125" lon="127.076250649988651275634765625">
        <ele>11.6000003814697265625</ele>
        <time>2026-09-14T09:15:55.000Z</time>
        <extensions>
          <ns3:TrackPointExtension>
            <ns3:hr>148</ns3:hr>
            <ns3:cad>85</ns3:cad>
          </ns3:TrackPointExtension>
        </extensions>
      </trkpt>
      <trkpt lat="37.518904991447925567626953125" lon="127.07620848901569843292236328125">
        <ele>11.3999996185302734375</ele>
        <time>2026-09-14T09:15:56.000Z</time>
        <extensions>
          <ns3:TrackPointExtension>
            <ns3:hr>148</ns3:hr>
            <ns3:cad>85</ns3:cad>
          </ns3:TrackPointExtension>
        </extensions>
      </trkpt>
      <trkpt lat="37.5189058296382427215576171875" lon="127.07617496140301227569580078125">
        <ele>11.3999996185302734375</ele>
        <time>2026-09-14T09:15:57.000Z</time>
        <extensions>
          <ns3:TrackPointExtension>
            <ns3:hr>148</ns3:hr>
            <ns3:cad>85</ns3:cad>
          </ns3:TrackPointExtension>
        </extensions>
      </trkpt>
      <trkpt lat="37.5189168937504291534423828125" lon="127.07612450234591960906982421875">
        <ele>11.3999996185302734375</ele>
        <time>2026-09-14T09:15:58.000Z</time>
        <extensions>
          <ns3:TrackPointExtension>
            <ns3:hr>149</ns3:hr>
            <ns3:cad>85</ns3:cad>
          </ns3:TrackPointExtension>
        </extensions>
      </trkpt>
      <trkpt lat="37.518917731940746307373046875" lon="127.076090388000011444091796875">
        <ele>11.3999996185302734375</ele>
        <time>2026-09-14T09:15:59.000Z</time>
        <extensions>
          <ns3:TrackPointExtension>
            <ns3:hr>149</ns3:hr>
            <ns3:cad>85</ns3:cad>
          </ns3:TrackPointExtension>
        </extensions>
      </trkpt>
      <trkpt lat="37.5189234316349029541015625" lon="127.0760456286370754241943359375">
        <ele>11.3999996185302734375</ele>
        <time>2026-09-14T09:16:00.000Z</time>
        <extensions>
          <ns3:TrackPointExtension>
            <ns3:hr>148</ns3:hr>
            <ns3:cad>85</ns3:cad>
          </ns3:TrackPointExtension>
        </extensions>
      </trkpt>
      <trkpt lat="37.5189329870045185089111328125" lon="127.07600330002605915069580078125">
        <ele>11.6000003814697265625</ele>
        <time>2026-09-14T09:16:01.000Z</time>
        <extensions>
          <ns3:TrackPointExtension>
            <ns3:hr>147</ns3:hr>
            <ns3:cad>84</ns3:cad>
          </ns3:TrackPointExtension>
        </extensions>
      </trkpt>
      <trkpt lat="37.5189383514225482940673828125" lon="127.07597128115594387054443359375">
        <ele>11.6000003814697265625</ele>
        <time>2026-09-14T09:16:02.000Z</time>
        <extensions>
          <ns3:TrackPointExtension>
            <ns3:hr>148</ns3:hr>
            <ns3:cad>84</ns3:cad>
          </ns3:TrackPointExtension>
        </extensions>
      </trkpt>
      <trkpt lat="37.518951259553432464599609375" lon="127.07593046128749847412109375">
        <ele>11.6000003814697265625</ele>
        <time>2026-09-14T09:16:03.000Z</time>
        <extensions>
          <ns3:TrackPointExtension>
            <ns3:hr>148</ns3:hr>
            <ns3:cad>84</ns3:cad>
          </ns3:TrackPointExtension>
        </extensions>
      </trkpt>
      <trkpt lat="37.5189537741243839263916015625" lon="127.07589986734092235565185546875">
        <ele>11.3999996185302734375</ele>
        <time>2026-09-14T09:16:04.000Z</time>
        <extensions>
          <ns3:TrackPointExtension>
            <ns3:hr>148</ns3:hr>
            <ns3:cad>84</ns3:cad>
          </ns3:TrackPointExtension>
        </extensions>
      </trkpt>
      <trkpt lat="37.51895972527563571929931640625" lon="127.07586047239601612091064453125">
        <ele>11.3999996185302734375</ele>
        <time>2026-09-14T09:16:05.000Z</time>
        <extensions>
          <ns3:TrackPointExtension>
            <ns3:hr>148</ns3:hr>
            <ns3:cad>84</ns3:cad>
          </ns3:TrackPointExtension>
        </extensions>
      </trkpt>
      <trkpt lat="37.51896693371236324310302734375" lon="127.07582258619368076324462890625">
        <ele>11.3999996185302734375</ele>
        <time>2026-09-14T09:16:06.000Z</time>
        <extensions>
          <ns3:TrackPointExtension>
            <ns3:hr>147</ns3:hr>
            <ns3:cad>84</ns3:cad>
          </ns3:TrackPointExtension>
        </extensions>
      </trkpt>
      <trkpt lat="37.51897280104458332061767578125" lon="127.075791656970977783203125">
        <ele>11.6000003814697265625</ele>
        <time>2026-09-14T09:16:07.000Z</time>
        <extensions>
          <ns3:TrackPointExtension>
            <ns3:hr>148</ns3:hr>
            <ns3:cad>85</ns3:cad>
          </ns3:TrackPointExtension>
        </extensions>
      </trkpt>
      <trkpt lat="37.51898889429867267608642578125" lon="127.07574597559869289398193359375">
        <ele>11.6000003814697265625</ele>
        <time>2026-09-14T09:16:08.000Z</time>
        <extensions>
          <ns3:TrackPointExtension>
            <ns3:hr>148</ns3:hr>
            <ns3:cad>85</ns3:cad>
          </ns3:TrackPointExtension>
        </extensions>
      </trkpt>
      <trkpt lat="37.51899006776511669158935546875" lon="127.075711190700531005859375">
        <ele>11.6000003814697265625</ele>
        <time>2026-09-14T09:16:09.000Z</time>
        <extensions>
          <ns3:TrackPointExtension>
            <ns3:hr>148</ns3:hr>
            <ns3:cad>84</ns3:cad>
          </ns3:TrackPointExtension>
        </extensions>
      </trkpt>
      <trkpt lat="37.51899694092571735382080078125" lon="127.0756677724421024322509765625">
        <ele>11.80000019073486328125</ele>
        <time>2026-09-14T09:16:10.000Z</time>
        <extensions>
          <ns3:TrackPointExtension>
            <ns3:hr>148</ns3:hr>
            <ns3:cad>84</ns3:cad>
          </ns3:TrackPointExtension>
        </extensions>
      </trkpt>
      <trkpt lat="37.51900725066661834716796875" lon="127.075629718601703643798828125">
        <ele>11.6000003814697265625</ele>
        <time>2026-09-14T09:16:11.000Z</time>
        <extensions>
          <ns3:TrackPointExtension>
            <ns3:hr>148</ns3:hr>
            <ns3:cad>84</ns3:cad>
          </ns3:TrackPointExtension>
        </extensions>
      </trkpt>
      <trkpt lat="37.51901085488498210906982421875" lon="127.075598537921905517578125">
        <ele>11.6000003814697265625</ele>
        <time>2026-09-14T09:16:12.000Z</time>
        <extensions>
          <ns3:TrackPointExtension>
            <ns3:hr>148</ns3:hr>
            <ns3:cad>84</ns3:cad>
          </ns3:TrackPointExtension>
        </extensions>
      </trkpt>
      <trkpt lat="37.5190221704542636871337890625" lon="127.07555000670254230499267578125">
        <ele>11.6000003814697265625</ele>
        <time>2026-09-14T09:16:13.000Z</time>
        <extensions>
          <ns3:TrackPointExtension>
            <ns3:hr>148</ns3:hr>
            <ns3:cad>84</ns3:cad>
          </ns3:TrackPointExtension>
        </extensions>
      </trkpt>
      <trkpt lat="37.5190238468348979949951171875" lon="127.0755192451179027557373046875">
        <ele>11.6000003814697265625</ele>
        <time>2026-09-14T09:16:14.000Z</time>
        <extensions>
          <ns3:TrackPointExtension>
            <ns3:hr>148</ns3:hr>
            <ns3:cad>84</ns3:cad>
          </ns3:TrackPointExtension>
        </extensions>
      </trkpt>
      <trkpt lat="37.5190295465290546417236328125" lon="127.07548127509653568267822265625">
        <ele>11.6000003814697265625</ele>
        <time>2026-09-14T09:16:15.000Z</time>
        <extensions>
          <ns3:TrackPointExtension>
            <ns3:hr>148</ns3:hr>
            <ns3:cad>85</ns3:cad>
          </ns3:TrackPointExtension>
        </extensions>
      </trkpt>
      <trkpt lat="37.51903801225125789642333984375" lon="127.07544540055096149444580078125">
        <ele>11.6000003814697265625</ele>
        <time>2026-09-14T09:16:16.000Z</time>
        <extensions>
          <ns3:TrackPointExtension>
            <ns3:hr>148</ns3:hr>
            <ns3:cad>84</ns3:cad>
          </ns3:TrackPointExtension>
        </extensions>
      </trkpt>
      <trkpt lat="37.51904287375509738922119140625" lon="127.07541279494762420654296875">
        <ele>11.6000003814697265625</ele>
        <time>2026-09-14T09:16:17.000Z</time>
        <extensions>
          <ns3:TrackPointExtension>
            <ns3:hr>148</ns3:hr>
            <ns3:cad>84</ns3:cad>
          </ns3:TrackPointExtension>
        </extensions>
      </trkpt>
      <trkpt lat="37.51905511133372783660888671875" lon="127.0753705501556396484375">
        <ele>11.3999996185302734375</ele>
        <time>2026-09-14T09:16:18.000Z</time>
        <extensions>
          <ns3:TrackPointExtension>
            <ns3:hr>148</ns3:hr>
            <ns3:cad>84</ns3:cad>
          </ns3:TrackPointExtension>
        </extensions>
      </trkpt>
      <trkpt lat="37.51905879937112331390380859375" lon="127.0753422193229198455810546875">
        <ele>11.3999996185302734375</ele>
        <time>2026-09-14T09:16:19.000Z</time>
        <extensions>
          <ns3:TrackPointExtension>
            <ns3:hr>148</ns3:hr>
            <ns3:cad>83</ns3:cad>
          </ns3:TrackPointExtension>
        </extensions>
      </trkpt>
      <trkpt lat="37.5190664269030094146728515625" lon="127.07529502920806407928466796875">
        <ele>11.3999996185302734375</ele>
        <time>2026-09-14T09:16:20.000Z</time>
        <extensions>
          <ns3:TrackPointExtension>
            <ns3:hr>148</ns3:hr>
            <ns3:cad>83</ns3:cad>
          </ns3:TrackPointExtension>
        </extensions>
      </trkpt>
      <trkpt lat="37.51906986348330974578857421875" lon="127.0752630941569805145263671875">
        <ele>11.6000003814697265625</ele>
        <time>2026-09-14T09:16:21.000Z</time>
        <extensions>
          <ns3:TrackPointExtension>
            <ns3:hr>148</ns3:hr>
            <ns3:cad>84</ns3:cad>
          </ns3:TrackPointExtension>
        </extensions>
      </trkpt>
      <trkpt lat="37.519074976444244384765625" lon="127.0752309076488018035888671875">
        <ele>11.6000003814697265625</ele>
        <time>2026-09-14T09:16:22.000Z</time>
        <extensions>
          <ns3:TrackPointExtension>
            <ns3:hr>148</ns3:hr>
            <ns3:cad>84</ns3:cad>
          </ns3:TrackPointExtension>
        </extensions>
      </trkpt>
      <trkpt lat="37.51908637583255767822265625" lon="127.07518992014229297637939453125">
        <ele>11.6000003814697265625</ele>
        <time>2026-09-14T09:16:23.000Z</time>
        <extensions>
          <ns3:TrackPointExtension>
            <ns3:hr>148</ns3:hr>
            <ns3:cad>84</ns3:cad>
          </ns3:TrackPointExtension>
        </extensions>
      </trkpt>
      <trkpt lat="37.51908746547996997833251953125" lon="127.07516192458570003509521484375">
        <ele>11.80000019073486328125</ele>
        <time>2026-09-14T09:16:24.000Z</time>
        <extensions>
          <ns3:TrackPointExtension>
            <ns3:hr>148</ns3:hr>
            <ns3:cad>84</ns3:cad>
          </ns3:TrackPointExtension>
        </extensions>
      </trkpt>
      <trkpt lat="37.519094757735729217529296875" lon="127.075116075575351715087890625">
        <ele>11.80000019073486328125</ele>
        <time>2026-09-14T09:16:25.000Z</time>
        <extensions>
          <ns3:TrackPointExtension>
            <ns3:hr>148</ns3:hr>
            <ns3:cad>84</ns3:cad>
          </ns3:TrackPointExtension>
        </extensions>
      </trkpt>
      <trkpt lat="37.51909576356410980224609375" lon="127.0750822126865386962890625">
        <ele>11.6000003814697265625</ele>
        <time>2026-09-14T09:16:26.000Z</time>
        <extensions>
          <ns3:TrackPointExtension>
            <ns3:hr>148</ns3:hr>
            <ns3:cad>84</ns3:cad>
          </ns3:TrackPointExtension>
        </extensions>
      </trkpt>
      <trkpt lat="37.5190996192395687103271484375" lon="127.0750461705029010772705078125">
        <ele>11.80000019073486328125</ele>
        <time>2026-09-14T09:16:27.000Z</time>
        <extensions>
          <ns3:TrackPointExtension>
            <ns3:hr>148</ns3:hr>
            <ns3:cad>84</ns3:cad>
          </ns3:TrackPointExtension>
        </extensions>
      </trkpt>
      <trkpt lat="37.51911453902721405029296875" lon="127.07500107586383819580078125">
        <ele>11.80000019073486328125</ele>
        <time>2026-09-14T09:16:28.000Z</time>
        <extensions>
          <ns3:TrackPointExtension>
            <ns3:hr>148</ns3:hr>
            <ns3:cad>84</ns3:cad>
          </ns3:TrackPointExtension>
        </extensions>
      </trkpt>
      <trkpt lat="37.5191170535981655120849609375" lon="127.07497115246951580047607421875">
        <ele>11.80000019073486328125</ele>
        <time>2026-09-14T09:16:29.000Z</time>
        <extensions>
          <ns3:TrackPointExtension>
            <ns3:hr>149</ns3:hr>
            <ns3:cad>84</ns3:cad>
          </ns3:TrackPointExtension>
        </extensions>
      </trkpt>
      <trkpt lat="37.51912686042487621307373046875" lon="127.07492907531559467315673828125">
        <ele>11.80000019073486328125</ele>
        <time>2026-09-14T09:16:30.000Z</time>
        <extensions>
          <ns3:TrackPointExtension>
            <ns3:hr>149</ns3:hr>
            <ns3:cad>84</ns3:cad>
          </ns3:TrackPointExtension>
        </extensions>
      </trkpt>
      <trkpt lat="37.51912870444357395172119140625" lon="127.07489311695098876953125">
        <ele>11.80000019073486328125</ele>
        <time>2026-09-14T09:16:31.000Z</time>
        <extensions>
          <ns3:TrackPointExtension>
            <ns3:hr>149</ns3:hr>
            <ns3:cad>84</ns3:cad>
          </ns3:TrackPointExtension>
        </extensions>
      </trkpt>
      <trkpt lat="37.519132979214191436767578125" lon="127.0748627744615077972412109375">
        <ele>11.6000003814697265625</ele>
        <time>2026-09-14T09:16:32.000Z</time>
        <extensions>
          <ns3:TrackPointExtension>
            <ns3:hr>149</ns3:hr>
            <ns3:cad>84</ns3:cad>
          </ns3:TrackPointExtension>
        </extensions>
      </trkpt>
      <trkpt lat="37.5191485695540904998779296875" lon="127.07481659017503261566162109375">
        <ele>11.6000003814697265625</ele>
        <time>2026-09-14T09:16:33.000Z</time>
        <extensions>
          <ns3:TrackPointExtension>
            <ns3:hr>150</ns3:hr>
            <ns3:cad>84</ns3:cad>
          </ns3:TrackPointExtension>
        </extensions>
      </trkpt>
      <trkpt lat="37.51915208995342254638671875" lon="127.074783481657505035400390625">
        <ele>11.6000003814697265625</ele>
        <time>2026-09-14T09:16:34.000Z</time>
        <extensions>
          <ns3:TrackPointExtension>
            <ns3:hr>150</ns3:hr>
            <ns3:cad>84</ns3:cad>
          </ns3:TrackPointExtension>
        </extensions>
      </trkpt>
      <trkpt lat="37.51915921457111835479736328125" lon="127.074738554656505584716796875">
        <ele>11.6000003814697265625</ele>
        <time>2026-09-14T09:16:35.000Z</time>
        <extensions>
          <ns3:TrackPointExtension>
            <ns3:hr>150</ns3:hr>
            <ns3:cad>84</ns3:cad>
          </ns3:TrackPointExtension>
        </extensions>
      </trkpt>
      <trkpt lat="37.51915670000016689300537109375" lon="127.07470628432929515838623046875">
        <ele>11.3999996185302734375</ele>
        <time>2026-09-14T09:16:36.000Z</time>
        <extensions>
          <ns3:TrackPointExtension>
            <ns3:hr>150</ns3:hr>
            <ns3:cad>84</ns3:cad>
          </ns3:TrackPointExtension>
        </extensions>
      </trkpt>
      <trkpt lat="37.51915971748530864715576171875" lon="127.07466848194599151611328125">
        <ele>11.3999996185302734375</ele>
        <time>2026-09-14T09:16:37.000Z</time>
        <extensions>
          <ns3:TrackPointExtension>
            <ns3:hr>150</ns3:hr>
            <ns3:cad>84</ns3:cad>
          </ns3:TrackPointExtension>
        </extensions>
      </trkpt>
      <trkpt lat="37.51917262561619281768798828125" lon="127.07462632097303867340087890625">
        <ele>11.3999996185302734375</ele>
        <time>2026-09-14T09:16:38.000Z</time>
        <extensions>
          <ns3:TrackPointExtension>
            <ns3:hr>150</ns3:hr>
            <ns3:cad>84</ns3:cad>
          </ns3:TrackPointExtension>
        </extensions>
      </trkpt>
      <trkpt lat="37.5191723741590976715087890625" lon="127.07459782250225543975830078125">
        <ele>11.19999980926513671875</ele>
        <time>2026-09-14T09:16:39.000Z</time>
        <extensions>
          <ns3:TrackPointExtension>
            <ns3:hr>150</ns3:hr>
            <ns3:cad>84</ns3:cad>
          </ns3:TrackPointExtension>
        </extensions>
      </trkpt>
      <trkpt lat="37.51918083988130092620849609375" lon="127.07455457188189029693603515625">
        <ele>11.3999996185302734375</ele>
        <time>2026-09-14T09:16:40.000Z</time>
        <extensions>
          <ns3:TrackPointExtension>
            <ns3:hr>150</ns3:hr>
            <ns3:cad>84</ns3:cad>
          </ns3:TrackPointExtension>
        </extensions>
      </trkpt>
      <trkpt lat="37.5191881321370601654052734375" lon="127.07451987080276012420654296875">
        <ele>11.3999996185302734375</ele>
        <time>2026-09-14T09:16:41.000Z</time>
        <extensions>
          <ns3:TrackPointExtension>
            <ns3:hr>150</ns3:hr>
            <ns3:cad>84</ns3:cad>
          </ns3:TrackPointExtension>
        </extensions>
      </trkpt>
      <trkpt lat="37.5191941671073436737060546875" lon="127.074486427009105682373046875">
        <ele>11.6000003814697265625</ele>
        <time>2026-09-14T09:16:42.000Z</time>
        <extensions>
          <ns3:TrackPointExtension>
            <ns3:hr>150</ns3:hr>
            <ns3:cad>84</ns3:cad>
          </ns3:TrackPointExtension>
        </extensions>
      </trkpt>
      <trkpt lat="37.519207410514354705810546875" lon="127.07444460131227970123291015625">
        <ele>11.6000003814697265625</ele>
        <time>2026-09-14T09:16:43.000Z</time>
        <extensions>
          <ns3:TrackPointExtension>
            <ns3:hr>150</ns3:hr>
            <ns3:cad>84</ns3:cad>
          </ns3:TrackPointExtension>
        </extensions>
      </trkpt>
      <trkpt lat="37.51920548267662525177001953125" lon="127.07441710866987705230712890625">
        <ele>11.6000003814697265625</ele>
        <time>2026-09-14T09:16:44.000Z</time>
        <extensions>
          <ns3:TrackPointExtension>
            <ns3:hr>150</ns3:hr>
            <ns3:cad>84</ns3:cad>
          </ns3:TrackPointExtension>
        </extensions>
      </trkpt>
      <trkpt lat="37.5192126072943210601806640625" lon="127.074372768402099609375">
        <ele>11.3999996185302734375</ele>
        <time>2026-09-14T09:16:45.000Z</time>
        <extensions>
          <ns3:TrackPointExtension>
            <ns3:hr>150</ns3:hr>
            <ns3:cad>84</ns3:cad>
          </ns3:TrackPointExtension>
        </extensions>
      </trkpt>
      <trkpt lat="37.519216127693653106689453125" lon="127.07433261908590793609619140625">
        <ele>11.3999996185302734375</ele>
        <time>2026-09-14T09:16:46.000Z</time>
        <extensions>
          <ns3:TrackPointExtension>
            <ns3:hr>150</ns3:hr>
            <ns3:cad>84</ns3:cad>
          </ns3:TrackPointExtension>
        </extensions>
      </trkpt>
      <trkpt lat="37.5192183069884777069091796875" lon="127.07429138012230396270751953125">
        <ele>11.19999980926513671875</ele>
        <time>2026-09-14T09:16:47.000Z</time>
        <extensions>
          <ns3:TrackPointExtension>
            <ns3:hr>149</ns3:hr>
            <ns3:cad>84</ns3:cad>
          </ns3:TrackPointExtension>
        </extensions>
      </trkpt>
      <trkpt lat="37.51923121511936187744140625" lon="127.0742505602538585662841796875">
        <ele>11</ele>
        <time>2026-09-14T09:16:48.000Z</time>
        <extensions>
          <ns3:TrackPointExtension>
            <ns3:hr>150</ns3:hr>
            <ns3:cad>84</ns3:cad>
          </ns3:TrackPointExtension>
        </extensions>
      </trkpt>
      <trkpt lat="37.5192411057651042938232421875" lon="127.07422164268791675567626953125">
        <ele>11</ele>
        <time>2026-09-14T09:16:49.000Z</time>
        <extensions>
          <ns3:TrackPointExtension>
            <ns3:hr>150</ns3:hr>
            <ns3:cad>84</ns3:cad>
          </ns3:TrackPointExtension>
        </extensions>
      </trkpt>
      <trkpt lat="37.5192494876682758331298828125" lon="127.0741814933717250823974609375">
        <ele>11</ele>
        <time>2026-09-14T09:16:50.000Z</time>
        <extensions>
          <ns3:TrackPointExtension>
            <ns3:hr>150</ns3:hr>
            <ns3:cad>84</ns3:cad>
          </ns3:TrackPointExtension>
        </extensions>
      </trkpt>
      <trkpt lat="37.51925946213304996490478515625" lon="127.07414687611162662506103515625">
        <ele>11</ele>
        <time>2026-09-14T09:16:51.000Z</time>
        <extensions>
          <ns3:TrackPointExtension>
            <ns3:hr>150</ns3:hr>
            <ns3:cad>84</ns3:cad>
          </ns3:TrackPointExtension>
        </extensions>
      </trkpt>
      <trkpt lat="37.519267760217189788818359375" lon="127.07411485724151134490966796875">
        <ele>11</ele>
        <time>2026-09-14T09:16:52.000Z</time>
        <extensions>
          <ns3:TrackPointExtension>
            <ns3:hr>149</ns3:hr>
            <ns3:cad>84</ns3:cad>
          </ns3:TrackPointExtension>
        </extensions>
      </trkpt>
      <trkpt lat="37.51928410492837429046630859375" lon="127.074075378477573394775390625">
        <ele>11</ele>
        <time>2026-09-14T09:16:53.000Z</time>
        <extensions>
          <ns3:TrackPointExtension>
            <ns3:hr>150</ns3:hr>
            <ns3:cad>84</ns3:cad>
          </ns3:TrackPointExtension>
        </extensions>
      </trkpt>
      <trkpt lat="37.51928150653839111328125" lon="127.074045203626155853271484375">
        <ele>11</ele>
        <time>2026-09-14T09:16:54.000Z</time>
        <extensions>
          <ns3:TrackPointExtension>
            <ns3:hr>150</ns3:hr>
            <ns3:cad>84</ns3:cad>
          </ns3:TrackPointExtension>
        </extensions>
      </trkpt>
      <trkpt lat="37.51928561367094516754150390625" lon="127.0740007795393466949462890625">
        <ele>11</ele>
        <time>2026-09-14T09:16:55.000Z</time>
        <extensions>
          <ns3:TrackPointExtension>
            <ns3:hr>150</ns3:hr>
            <ns3:cad>84</ns3:cad>
          </ns3:TrackPointExtension>
        </extensions>
      </trkpt>
      <trkpt lat="37.51928779296576976776123046875" lon="127.07396306097507476806640625">
        <ele>11</ele>
        <time>2026-09-14T09:16:56.000Z</time>
        <extensions>
          <ns3:TrackPointExtension>
            <ns3:hr>150</ns3:hr>
            <ns3:cad>84</ns3:cad>
          </ns3:TrackPointExtension>
        </extensions>
      </trkpt>
      <trkpt lat="37.5192924030125141143798828125" lon="127.07393146120011806488037109375">
        <ele>11</ele>
        <time>2026-09-14T09:16:57.000Z</time>
        <extensions>
          <ns3:TrackPointExtension>
            <ns3:hr>149</ns3:hr>
            <ns3:cad>84</ns3:cad>
          </ns3:TrackPointExtension>
        </extensions>
      </trkpt>
      <trkpt lat="37.519307322800159454345703125" lon="127.07388971932232379913330078125">
        <ele>11</ele>
        <time>2026-09-14T09:16:58.000Z</time>
        <extensions>
          <ns3:TrackPointExtension>
            <ns3:hr>150</ns3:hr>
            <ns3:cad>84</ns3:cad>
          </ns3:TrackPointExtension>
        </extensions>
      </trkpt>
      <trkpt lat="37.519310675561428070068359375" lon="127.073860131204128265380859375">
        <ele>11.19999980926513671875</ele>
        <time>2026-09-14T09:16:59.000Z</time>
        <extensions>
          <ns3:TrackPointExtension>
            <ns3:hr>150</ns3:hr>
            <ns3:cad>84</ns3:cad>
          </ns3:TrackPointExtension>
        </extensions>
      </trkpt>
      <trkpt lat="37.519319057464599609375" lon="127.0738173834979534149169921875">
        <ele>11.19999980926513671875</ele>
        <time>2026-09-14T09:17:00.000Z</time>
        <extensions>
          <ns3:TrackPointExtension>
            <ns3:hr>150</ns3:hr>
            <ns3:cad>84</ns3:cad>
          </ns3:TrackPointExtension>
        </extensions>
      </trkpt>
      <trkpt lat="37.51932911574840545654296875" lon="127.0737788267433643341064453125">
        <ele>11.19999980926513671875</ele>
        <time>2026-09-14T09:17:01.000Z</time>
        <extensions>
          <ns3:TrackPointExtension>
            <ns3:hr>149</ns3:hr>
            <ns3:cad>84</ns3:cad>
          </ns3:TrackPointExtension>
        </extensions>
      </trkpt>
      <trkpt lat="37.51933389343321323394775390625" lon="127.07374789752066135406494140625">
        <ele>11</ele>
        <time>2026-09-14T09:17:02.000Z</time>
        <extensions>
          <ns3:TrackPointExtension>
            <ns3:hr>149</ns3:hr>
            <ns3:cad>84</ns3:cad>
          </ns3:TrackPointExtension>
        </extensions>
      </trkpt>
      <trkpt lat="37.51934981904923915863037109375" lon="127.0737047307193279266357421875">
        <ele>11</ele>
        <time>2026-09-14T09:17:03.000Z</time>
        <extensions>
          <ns3:TrackPointExtension>
            <ns3:hr>149</ns3:hr>
            <ns3:cad>84</ns3:cad>
          </ns3:TrackPointExtension>
        </extensions>
      </trkpt>
      <trkpt lat="37.5193493999540805816650390625" lon="127.0736712031066417694091796875">
        <ele>11</ele>
        <time>2026-09-14T09:17:04.000Z</time>
        <extensions>
          <ns3:TrackPointExtension>
            <ns3:hr>149</ns3:hr>
            <ns3:cad>84</ns3:cad>
          </ns3:TrackPointExtension>
        </extensions>
      </trkpt>
      <trkpt lat="37.5193561054766178131103515625" lon="127.07362736575305461883544921875">
        <ele>11</ele>
        <time>2026-09-14T09:17:05.000Z</time>
        <extensions>
          <ns3:TrackPointExtension>
            <ns3:hr>149</ns3:hr>
            <ns3:cad>84</ns3:cad>
          </ns3:TrackPointExtension>
        </extensions>
      </trkpt>
      <trkpt lat="37.5193633139133453369140625" lon="127.073589228093624114990234375">
        <ele>11</ele>
        <time>2026-09-14T09:17:06.000Z</time>
        <extensions>
          <ns3:TrackPointExtension>
            <ns3:hr>149</ns3:hr>
            <ns3:cad>84</ns3:cad>
          </ns3:TrackPointExtension>
        </extensions>
      </trkpt>
      <trkpt lat="37.5193628109991550445556640625" lon="127.07356072962284088134765625">
        <ele>11</ele>
        <time>2026-09-14T09:17:07.000Z</time>
        <extensions>
          <ns3:TrackPointExtension>
            <ns3:hr>149</ns3:hr>
            <ns3:cad>84</ns3:cad>
          </ns3:TrackPointExtension>
        </extensions>
      </trkpt>
      <trkpt lat="37.5193705223500728607177734375" lon="127.07351781427860260009765625">
        <ele>11.19999980926513671875</ele>
        <time>2026-09-14T09:17:08.000Z</time>
        <extensions>
          <ns3:TrackPointExtension>
            <ns3:hr>150</ns3:hr>
            <ns3:cad>84</ns3:cad>
          </ns3:TrackPointExtension>
        </extensions>
      </trkpt>
      <trkpt lat="37.5193648226559162139892578125" lon="127.07349224947392940521240234375">
        <ele>11.19999980926513671875</ele>
        <time>2026-09-14T09:17:09.000Z</time>
        <extensions>
          <ns3:TrackPointExtension>
            <ns3:hr>149</ns3:hr>
            <ns3:cad>84</ns3:cad>
          </ns3:TrackPointExtension>
        </extensions>
      </trkpt>
      <trkpt lat="37.5193698517978191375732421875" lon="127.0734567940235137939453125">
        <ele>11.19999980926513671875</ele>
        <time>2026-09-14T09:17:10.000Z</time>
        <extensions>
          <ns3:TrackPointExtension>
            <ns3:hr>150</ns3:hr>
            <ns3:cad>83</ns3:cad>
          </ns3:TrackPointExtension>
        </extensions>
      </trkpt>
      <trkpt lat="37.5193846039474010467529296875" lon="127.07341731525957584381103515625">
        <ele>11</ele>
        <time>2026-09-14T09:17:11.000Z</time>
        <extensions>
          <ns3:TrackPointExtension>
            <ns3:hr>150</ns3:hr>
            <ns3:cad>83</ns3:cad>
          </ns3:TrackPointExtension>
        </extensions>
      </trkpt>
      <trkpt lat="37.51938879489898681640625" lon="127.07338512875139713287353515625">
        <ele>11</ele>
        <time>2026-09-14T09:17:12.000Z</time>
        <extensions>
          <ns3:TrackPointExtension>
            <ns3:hr>150</ns3:hr>
            <ns3:cad>83</ns3:cad>
          </ns3:TrackPointExtension>
        </extensions>
      </trkpt>
      <trkpt lat="37.51940153539180755615234375" lon="127.07334036938846111297607421875">
        <ele>10.80000019073486328125</ele>
        <time>2026-09-14T09:17:13.000Z</time>
        <extensions>
          <ns3:TrackPointExtension>
            <ns3:hr>149</ns3:hr>
            <ns3:cad>83</ns3:cad>
          </ns3:TrackPointExtension>
        </extensions>
      </trkpt>
      <trkpt lat="37.51940245740115642547607421875" lon="127.073307596147060394287109375">
        <ele>10.80000019073486328125</ele>
        <time>2026-09-14T09:17:14.000Z</time>
        <extensions>
          <ns3:TrackPointExtension>
            <ns3:hr>150</ns3:hr>
            <ns3:cad>83</ns3:cad>
          </ns3:TrackPointExtension>
        </extensions>
      </trkpt>
      <trkpt lat="37.51940815709531307220458984375" lon="127.0732715539634227752685546875">
        <ele>10.80000019073486328125</ele>
        <time>2026-09-14T09:17:15.000Z</time>
        <extensions>
          <ns3:TrackPointExtension>
            <ns3:hr>150</ns3:hr>
            <ns3:cad>83</ns3:cad>
          </ns3:TrackPointExtension>
        </extensions>
      </trkpt>
      <trkpt lat="37.51942098140716552734375" lon="127.07323157228529453277587890625">
        <ele>11</ele>
        <time>2026-09-14T09:17:16.000Z</time>
        <extensions>
          <ns3:TrackPointExtension>
            <ns3:hr>150</ns3:hr>
            <ns3:cad>83</ns3:cad>
          </ns3:TrackPointExtension>
        </extensions>
      </trkpt>
      <trkpt lat="37.51942726783454418182373046875" lon="127.07319770939648151397705078125">
        <ele>11</ele>
        <time>2026-09-14T09:17:17.000Z</time>
        <extensions>
          <ns3:TrackPointExtension>
            <ns3:hr>149</ns3:hr>
            <ns3:cad>84</ns3:cad>
          </ns3:TrackPointExtension>
        </extensions>
      </trkpt>
      <trkpt lat="37.5194399245083332061767578125" lon="127.073155380785465240478515625">
        <ele>11.19999980926513671875</ele>
        <time>2026-09-14T09:17:18.000Z</time>
        <extensions>
          <ns3:TrackPointExtension>
            <ns3:hr>150</ns3:hr>
            <ns3:cad>84</ns3:cad>
          </ns3:TrackPointExtension>
        </extensions>
      </trkpt>
      <trkpt lat="37.51944151706993579864501953125" lon="127.073120176792144775390625">
        <ele>11.19999980926513671875</ele>
        <time>2026-09-14T09:17:19.000Z</time>
        <extensions>
          <ns3:TrackPointExtension>
            <ns3:hr>150</ns3:hr>
            <ns3:cad>84</ns3:cad>
          </ns3:TrackPointExtension>
        </extensions>
      </trkpt>
      <trkpt lat="37.51944654621183872222900390625" lon="127.07307650707662105560302734375">
        <ele>11</ele>
        <time>2026-09-14T09:17:20.000Z</time>
        <extensions>
          <ns3:TrackPointExtension>
            <ns3:hr>149</ns3:hr>
            <ns3:cad>84</ns3:cad>
          </ns3:TrackPointExtension>
        </extensions>
      </trkpt>
      <trkpt lat="37.519453503191471099853515625" lon="127.0730365253984928131103515625">
        <ele>11</ele>
        <time>2026-09-14T09:17:21.000Z</time>
        <extensions>
          <ns3:TrackPointExtension>
            <ns3:hr>149</ns3:hr>
            <ns3:cad>84</ns3:cad>
          </ns3:TrackPointExtension>
        </extensions>
      </trkpt>
      <trkpt lat="37.5194570235908031463623046875" lon="127.07300794310867786407470703125">
        <ele>11</ele>
        <time>2026-09-14T09:17:22.000Z</time>
        <extensions>
          <ns3:TrackPointExtension>
            <ns3:hr>149</ns3:hr>
            <ns3:cad>84</ns3:cad>
          </ns3:TrackPointExtension>
        </extensions>
      </trkpt>
      <trkpt lat="37.519471608102321624755859375" lon="127.07296201027929782867431640625">
        <ele>11</ele>
        <time>2026-09-14T09:17:23.000Z</time>
        <extensions>
          <ns3:TrackPointExtension>
            <ns3:hr>149</ns3:hr>
            <ns3:cad>84</ns3:cad>
          </ns3:TrackPointExtension>
        </extensions>
      </trkpt>
      <trkpt lat="37.51946968026459217071533203125" lon="127.072928734123706817626953125">
        <ele>10.80000019073486328125</ele>
        <time>2026-09-14T09:17:24.000Z</time>
        <extensions>
          <ns3:TrackPointExtension>
            <ns3:hr>150</ns3:hr>
            <ns3:cad>84</ns3:cad>
          </ns3:TrackPointExtension>
        </extensions>
      </trkpt>
      <trkpt lat="37.51947303302586078643798828125" lon="127.07288690842688083648681640625">
        <ele>10.80000019073486328125</ele>
        <time>2026-09-14T09:17:25.000Z</time>
        <extensions>
          <ns3:TrackPointExtension>
            <ns3:hr>149</ns3:hr>
            <ns3:cad>84</ns3:cad>
          </ns3:TrackPointExtension>
        </extensions>
      </trkpt>
      <trkpt lat="37.51948677934706211090087890625" lon="127.07284650765359401702880859375">
        <ele>10.80000019073486328125</ele>
        <time>2026-09-14T09:17:26.000Z</time>
        <extensions>
          <ns3:TrackPointExtension>
            <ns3:hr>149</ns3:hr>
            <ns3:cad>84</ns3:cad>
          </ns3:TrackPointExtension>
        </extensions>
      </trkpt>
      <trkpt lat="37.519487030804157257080078125" lon="127.07281616516411304473876953125">
        <ele>10.80000019073486328125</ele>
        <time>2026-09-14T09:17:27.000Z</time>
        <extensions>
          <ns3:TrackPointExtension>
            <ns3:hr>150</ns3:hr>
            <ns3:cad>84</ns3:cad>
          </ns3:TrackPointExtension>
        </extensions>
      </trkpt>
      <trkpt lat="37.51948929391801357269287109375" lon="127.07276553846895694732666015625">
        <ele>10.80000019073486328125</ele>
        <time>2026-09-14T09:17:28.000Z</time>
        <extensions>
          <ns3:TrackPointExtension>
            <ns3:hr>149</ns3:hr>
            <ns3:cad>84</ns3:cad>
          </ns3:TrackPointExtension>
        </extensions>
      </trkpt>
      <trkpt lat="37.51949314959347248077392578125" lon="127.0727361179888248443603515625">
        <ele>10.80000019073486328125</ele>
        <time>2026-09-14T09:17:29.000Z</time>
        <extensions>
          <ns3:TrackPointExtension>
            <ns3:hr>149</ns3:hr>
            <ns3:cad>84</ns3:cad>
          </ns3:TrackPointExtension>
        </extensions>
      </trkpt>
      <trkpt lat="37.51950404606759548187255859375" lon="127.07269311882555484771728515625">
        <ele>10.6000003814697265625</ele>
        <time>2026-09-14T09:17:30.000Z</time>
        <extensions>
          <ns3:TrackPointExtension>
            <ns3:hr>150</ns3:hr>
            <ns3:cad>84</ns3:cad>
          </ns3:TrackPointExtension>
        </extensions>
      </trkpt>
      <trkpt lat="37.51951091922819614410400390625" lon="127.07265573553740978240966796875">
        <ele>10.6000003814697265625</ele>
        <time>2026-09-14T09:17:31.000Z</time>
        <extensions>
          <ns3:TrackPointExtension>
            <ns3:hr>149</ns3:hr>
            <ns3:cad>84</ns3:cad>
          </ns3:TrackPointExtension>
        </extensions>
      </trkpt>
      <trkpt lat="37.5195163674652576446533203125" lon="127.07262321375310420989990234375">
        <ele>10.3999996185302734375</ele>
        <time>2026-09-14T09:17:32.000Z</time>
        <extensions>
          <ns3:TrackPointExtension>
            <ns3:hr>149</ns3:hr>
            <ns3:cad>84</ns3:cad>
          </ns3:TrackPointExtension>
        </extensions>
      </trkpt>
      <trkpt lat="37.51953338272869586944580078125" lon="127.0725782029330730438232421875">
        <ele>10</ele>
        <time>2026-09-14T09:17:33.000Z</time>
        <extensions>
          <ns3:TrackPointExtension>
            <ns3:hr>150</ns3:hr>
            <ns3:cad>84</ns3:cad>
          </ns3:TrackPointExtension>
        </extensions>
      </trkpt>
      <trkpt lat="37.51953589729964733123779296875" lon="127.0725440047681331634521484375">
        <ele>9.80000019073486328125</ele>
        <time>2026-09-14T09:17:34.000Z</time>
        <extensions>
          <ns3:TrackPointExtension>
            <ns3:hr>149</ns3:hr>
            <ns3:cad>84</ns3:cad>
          </ns3:TrackPointExtension>
        </extensions>
      </trkpt>
      <trkpt lat="37.51953832805156707763671875" lon="127.0724965631961822509765625">
        <ele>9.80000019073486328125</ele>
        <time>2026-09-14T09:17:35.000Z</time>
        <extensions>
          <ns3:TrackPointExtension>
            <ns3:hr>149</ns3:hr>
            <ns3:cad>84</ns3:cad>
          </ns3:TrackPointExtension>
        </extensions>
      </trkpt>
      <trkpt lat="37.5195430219173431396484375" lon="127.0724581740796566009521484375">
        <ele>9.3999996185302734375</ele>
        <time>2026-09-14T09:17:36.000Z</time>
        <extensions>
          <ns3:TrackPointExtension>
            <ns3:hr>149</ns3:hr>
            <ns3:cad>84</ns3:cad>
          </ns3:TrackPointExtension>
        </extensions>
      </trkpt>
      <trkpt lat="37.519546709954738616943359375" lon="127.07242489792406558990478515625">
        <ele>9.3999996185302734375</ele>
        <time>2026-09-14T09:17:37.000Z</time>
        <extensions>
          <ns3:TrackPointExtension>
            <ns3:hr>149</ns3:hr>
            <ns3:cad>84</ns3:cad>
          </ns3:TrackPointExtension>
        </extensions>
      </trkpt>
      <trkpt lat="37.5195592828094959259033203125" lon="127.072382234036922454833984375">
        <ele>9.6000003814697265625</ele>
        <time>2026-09-14T09:17:38.000Z</time>
        <extensions>
          <ns3:TrackPointExtension>
            <ns3:hr>149</ns3:hr>
            <ns3:cad>84</ns3:cad>
          </ns3:TrackPointExtension>
        </extensions>
      </trkpt>
      <trkpt lat="37.5195599533617496490478515625" lon="127.0723485387861728668212890625">
        <ele>9.6000003814697265625</ele>
        <time>2026-09-14T09:17:39.000Z</time>
        <extensions>
          <ns3:TrackPointExtension>
            <ns3:hr>149</ns3:hr>
            <ns3:cad>85</ns3:cad>
          </ns3:TrackPointExtension>
        </extensions>
      </trkpt>
      <trkpt lat="37.51956623978912830352783203125" lon="127.07230285741388797760009765625">
        <ele>9.3999996185302734375</ele>
        <time>2026-09-14T09:17:40.000Z</time>
        <extensions>
          <ns3:TrackPointExtension>
            <ns3:hr>149</ns3:hr>
            <ns3:cad>84</ns3:cad>
          </ns3:TrackPointExtension>
        </extensions>
      </trkpt>
      <trkpt lat="37.5195703469216823577880859375" lon="127.0722680725157260894775390625">
        <ele>9.6000003814697265625</ele>
        <time>2026-09-14T09:17:41.000Z</time>
        <extensions>
          <ns3:TrackPointExtension>
            <ns3:hr>149</ns3:hr>
            <ns3:cad>84</ns3:cad>
          </ns3:TrackPointExtension>
        </extensions>
      </trkpt>
      <trkpt lat="37.51957596279680728912353515625" lon="127.07223144359886646270751953125">
        <ele>9.6000003814697265625</ele>
        <time>2026-09-14T09:17:42.000Z</time>
        <extensions>
          <ns3:TrackPointExtension>
            <ns3:hr>149</ns3:hr>
            <ns3:cad>84</ns3:cad>
          </ns3:TrackPointExtension>
        </extensions>
      </trkpt>
      <trkpt lat="37.519591636955738067626953125" lon="127.0721902884542942047119140625">
        <ele>9.3999996185302734375</ele>
        <time>2026-09-14T09:17:43.000Z</time>
        <extensions>
          <ns3:TrackPointExtension>
            <ns3:hr>148</ns3:hr>
            <ns3:cad>84</ns3:cad>
          </ns3:TrackPointExtension>
        </extensions>
      </trkpt>
      <trkpt lat="37.51959121786057949066162109375" lon="127.07215550355613231658935546875">
        <ele>9.19999980926513671875</ele>
        <time>2026-09-14T09:17:44.000Z</time>
        <extensions>
          <ns3:TrackPointExtension>
            <ns3:hr>149</ns3:hr>
            <ns3:cad>84</ns3:cad>
          </ns3:TrackPointExtension>
        </extensions>
      </trkpt>
      <trkpt lat="37.51959842629730701446533203125" lon="127.07210655324161052703857421875">
        <ele>9.19999980926513671875</ele>
        <time>2026-09-14T09:17:45.000Z</time>
        <extensions>
          <ns3:TrackPointExtension>
            <ns3:hr>149</ns3:hr>
            <ns3:cad>84</ns3:cad>
          </ns3:TrackPointExtension>
        </extensions>
      </trkpt>
      <trkpt lat="37.5195995159447193145751953125" lon="127.07207738421857357025146484375">
        <ele>9.19999980926513671875</ele>
        <time>2026-09-14T09:17:46.000Z</time>
        <extensions>
          <ns3:TrackPointExtension>
            <ns3:hr>148</ns3:hr>
            <ns3:cad>84</ns3:cad>
          </ns3:TrackPointExtension>
        </extensions>
      </trkpt>
      <trkpt lat="37.51960194669663906097412109375" lon="127.0720441080629825592041015625">
        <ele>9</ele>
        <time>2026-09-14T09:17:47.000Z</time>
        <extensions>
          <ns3:TrackPointExtension>
            <ns3:hr>148</ns3:hr>
            <ns3:cad>84</ns3:cad>
          </ns3:TrackPointExtension>
        </extensions>
      </trkpt>
      <trkpt lat="37.519616782665252685546875" lon="127.07200161181390285491943359375">
        <ele>9</ele>
        <time>2026-09-14T09:17:48.000Z</time>
        <extensions>
          <ns3:TrackPointExtension>
            <ns3:hr>148</ns3:hr>
            <ns3:cad>84</ns3:cad>
          </ns3:TrackPointExtension>
        </extensions>
      </trkpt>
      <trkpt lat="37.5196176208555698394775390625" lon="127.07197529263794422149658203125">
        <ele>8.80000019073486328125</ele>
        <time>2026-09-14T09:17:49.000Z</time>
        <extensions>
          <ns3:TrackPointExtension>
            <ns3:hr>149</ns3:hr>
            <ns3:cad>84</ns3:cad>
          </ns3:TrackPointExtension>
        </extensions>
      </trkpt>
      <trkpt lat="37.51962558366358280181884765625" lon="127.07193120382726192474365234375">
        <ele>8.80000019073486328125</ele>
        <time>2026-09-14T09:17:50.000Z</time>
        <extensions>
          <ns3:TrackPointExtension>
            <ns3:hr>148</ns3:hr>
            <ns3:cad>84</ns3:cad>
          </ns3:TrackPointExtension>
        </extensions>
      </trkpt>
      <trkpt lat="37.51963010989129543304443359375" lon="127.0718944072723388671875">
        <ele>8.6000003814697265625</ele>
        <time>2026-09-14T09:17:51.000Z</time>
        <extensions>
          <ns3:TrackPointExtension>
            <ns3:hr>148</ns3:hr>
            <ns3:cad>84</ns3:cad>
          </ns3:TrackPointExtension>
        </extensions>
      </trkpt>
      <trkpt lat="37.519632875919342041015625" lon="127.07185375504195690155029296875">
        <ele>8.3999996185302734375</ele>
        <time>2026-09-14T09:17:52.000Z</time>
        <extensions>
          <ns3:TrackPointExtension>
            <ns3:hr>149</ns3:hr>
            <ns3:cad>84</ns3:cad>
          </ns3:TrackPointExtension>
        </extensions>
      </trkpt>
      <trkpt lat="37.519645281136035919189453125" lon="127.071806900203227996826171875">
        <ele>8.3999996185302734375</ele>
        <time>2026-09-14T09:17:53.000Z</time>
        <extensions>
          <ns3:TrackPointExtension>
            <ns3:hr>149</ns3:hr>
            <ns3:cad>84</ns3:cad>
          </ns3:TrackPointExtension>
        </extensions>
      </trkpt>
      <trkpt lat="37.5196449458599090576171875" lon="127.07177630625665187835693359375">
        <ele>8.19999980926513671875</ele>
        <time>2026-09-14T09:17:54.000Z</time>
        <extensions>
          <ns3:TrackPointExtension>
            <ns3:hr>149</ns3:hr>
            <ns3:cad>84</ns3:cad>
          </ns3:TrackPointExtension>
        </extensions>
      </trkpt>
      <trkpt lat="37.51965039409697055816650390625" lon="127.071731798350811004638671875">
        <ele>8.19999980926513671875</ele>
        <time>2026-09-14T09:17:55.000Z</time>
        <extensions>
          <ns3:TrackPointExtension>
            <ns3:hr>149</ns3:hr>
            <ns3:cad>84</ns3:cad>
          </ns3:TrackPointExtension>
        </extensions>
      </trkpt>
      <trkpt lat="37.5196529924869537353515625" lon="127.0716972649097442626953125">
        <ele>8</ele>
        <time>2026-09-14T09:17:56.000Z</time>
        <extensions>
          <ns3:TrackPointExtension>
            <ns3:hr>148</ns3:hr>
            <ns3:cad>85</ns3:cad>
          </ns3:TrackPointExtension>
        </extensions>
      </trkpt>
      <trkpt lat="37.5196602009236812591552734375" lon="127.071661390364170074462890625">
        <ele>8</ele>
        <time>2026-09-14T09:17:57.000Z</time>
        <extensions>
          <ns3:TrackPointExtension>
            <ns3:hr>149</ns3:hr>
            <ns3:cad>85</ns3:cad>
          </ns3:TrackPointExtension>
        </extensions>
      </trkpt>
      <trkpt lat="37.5196762941777706146240234375" lon="127.0716179721057415008544921875">
        <ele>7.80000019073486328125</ele>
        <time>2026-09-14T09:17:58.000Z</time>
        <extensions>
          <ns3:TrackPointExtension>
            <ns3:hr>149</ns3:hr>
            <ns3:cad>84</ns3:cad>
          </ns3:TrackPointExtension>
        </extensions>
      </trkpt>
      <trkpt lat="37.51968073658645153045654296875" lon="127.071586959064006805419921875">
        <ele>7.80000019073486328125</ele>
        <time>2026-09-14T09:17:59.000Z</time>
        <extensions>
          <ns3:TrackPointExtension>
            <ns3:hr>149</ns3:hr>
            <ns3:cad>84</ns3:cad>
          </ns3:TrackPointExtension>
        </extensions>
      </trkpt>
      <trkpt lat="37.519691884517669677734375" lon="127.07154278643429279327392578125">
        <ele>7.80000019073486328125</ele>
        <time>2026-09-14T09:18:00.000Z</time>
        <extensions>
          <ns3:TrackPointExtension>
            <ns3:hr>149</ns3:hr>
            <ns3:cad>84</ns3:cad>
          </ns3:TrackPointExtension>
        </extensions>
      </trkpt>
      <trkpt lat="37.519696243107318878173828125" lon="127.07150976173579692840576171875">
        <ele>7.80000019073486328125</ele>
        <time>2026-09-14T09:18:01.000Z</time>
        <extensions>
          <ns3:TrackPointExtension>
            <ns3:hr>148</ns3:hr>
            <ns3:cad>84</ns3:cad>
          </ns3:TrackPointExtension>
        </extensions>
      </trkpt>
      <trkpt lat="37.5197041220963001251220703125" lon="127.07148126326501369476318359375">
        <ele>7.80000019073486328125</ele>
        <time>2026-09-14T09:18:02.000Z</time>
        <extensions>
          <ns3:TrackPointExtension>
            <ns3:hr>149</ns3:hr>
            <ns3:cad>84</ns3:cad>
          </ns3:TrackPointExtension>
        </extensions>
      </trkpt>
      <trkpt lat="37.519719712436199188232421875" lon="127.071438096463680267333984375">
        <ele>7.599999904632568359375</ele>
        <time>2026-09-14T09:18:03.000Z</time>
        <extensions>
          <ns3:TrackPointExtension>
            <ns3:hr>149</ns3:hr>
            <ns3:cad>83</ns3:cad>
          </ns3:TrackPointExtension>
        </extensions>
      </trkpt>
      <trkpt lat="37.51971996389329433441162109375" lon="127.0714077539741992950439453125">
        <ele>7.599999904632568359375</ele>
        <time>2026-09-14T09:18:04.000Z</time>
        <extensions>
          <ns3:TrackPointExtension>
            <ns3:hr>149</ns3:hr>
            <ns3:cad>83</ns3:cad>
          </ns3:TrackPointExtension>
        </extensions>
      </trkpt>
      <trkpt lat="37.51973220147192478179931640625" lon="127.07136190496385097503662109375">
        <ele>7.599999904632568359375</ele>
        <time>2026-09-14T09:18:05.000Z</time>
        <extensions>
          <ns3:TrackPointExtension>
            <ns3:hr>149</ns3:hr>
            <ns3:cad>83</ns3:cad>
          </ns3:TrackPointExtension>
        </extensions>
      </trkpt>
      <trkpt lat="37.51973538659512996673583984375" lon="127.07132955081760883331298828125">
        <ele>7.599999904632568359375</ele>
        <time>2026-09-14T09:18:06.000Z</time>
        <extensions>
          <ns3:TrackPointExtension>
            <ns3:hr>149</ns3:hr>
            <ns3:cad>83</ns3:cad>
          </ns3:TrackPointExtension>
        </extensions>
      </trkpt>
      <trkpt lat="37.51973790116608142852783203125" lon="127.0712971128523349761962890625">
        <ele>7.599999904632568359375</ele>
        <time>2026-09-14T09:18:07.000Z</time>
        <extensions>
          <ns3:TrackPointExtension>
            <ns3:hr>148</ns3:hr>
            <ns3:cad>83</ns3:cad>
          </ns3:TrackPointExtension>
        </extensions>
      </trkpt>
      <trkpt lat="37.51975265331566333770751953125" lon="127.0712562091648578643798828125">
        <ele>7.599999904632568359375</ele>
        <time>2026-09-14T09:18:08.000Z</time>
        <extensions>
          <ns3:TrackPointExtension>
            <ns3:hr>149</ns3:hr>
            <ns3:cad>84</ns3:cad>
          </ns3:TrackPointExtension>
        </extensions>
      </trkpt>
      <trkpt lat="37.51975365914404392242431640625" lon="127.0712225139141082763671875">
        <ele>7.599999904632568359375</ele>
        <time>2026-09-14T09:18:09.000Z</time>
        <extensions>
          <ns3:TrackPointExtension>
            <ns3:hr>149</ns3:hr>
            <ns3:cad>84</ns3:cad>
          </ns3:TrackPointExtension>
        </extensions>
      </trkpt>
      <trkpt lat="37.5197656452655792236328125" lon="127.07117767073214054107666015625">
        <ele>7.599999904632568359375</ele>
        <time>2026-09-14T09:18:10.000Z</time>
        <extensions>
          <ns3:TrackPointExtension>
            <ns3:hr>149</ns3:hr>
            <ns3:cad>84</ns3:cad>
          </ns3:TrackPointExtension>
        </extensions>
      </trkpt>
      <trkpt lat="37.519768662750720977783203125" lon="127.0711459033191204071044921875">
        <ele>7.400000095367431640625</ele>
        <time>2026-09-14T09:18:11.000Z</time>
        <extensions>
          <ns3:TrackPointExtension>
            <ns3:hr>149</ns3:hr>
            <ns3:cad>84</ns3:cad>
          </ns3:TrackPointExtension>
        </extensions>
      </trkpt>
      <trkpt lat="37.51977092586457729339599609375" lon="127.071112878620624542236328125">
        <ele>7.400000095367431640625</ele>
        <time>2026-09-14T09:18:12.000Z</time>
        <extensions>
          <ns3:TrackPointExtension>
            <ns3:hr>149</ns3:hr>
            <ns3:cad>84</ns3:cad>
          </ns3:TrackPointExtension>
        </extensions>
      </trkpt>
      <trkpt lat="37.5197819061577320098876953125" lon="127.07107004709541797637939453125">
        <ele>7.19999980926513671875</ele>
        <time>2026-09-14T09:18:13.000Z</time>
        <extensions>
          <ns3:TrackPointExtension>
            <ns3:hr>148</ns3:hr>
            <ns3:cad>84</ns3:cad>
          </ns3:TrackPointExtension>
        </extensions>
      </trkpt>
      <trkpt lat="37.51978333108127117156982421875" lon="127.07104356028139591217041015625">
        <ele>7.19999980926513671875</ele>
        <time>2026-09-14T09:18:14.000Z</time>
        <extensions>
          <ns3:TrackPointExtension>
            <ns3:hr>149</ns3:hr>
            <ns3:cad>84</ns3:cad>
          </ns3:TrackPointExtension>
        </extensions>
      </trkpt>
      <trkpt lat="37.5197902880609035491943359375" lon="127.0709993876516819000244140625">
        <ele>7.19999980926513671875</ele>
        <time>2026-09-14T09:18:15.000Z</time>
        <extensions>
          <ns3:TrackPointExtension>
            <ns3:hr>149</ns3:hr>
            <ns3:cad>84</ns3:cad>
          </ns3:TrackPointExtension>
        </extensions>
      </trkpt>
      <trkpt lat="37.5198013521730899810791015625" lon="127.070960663259029388427734375">
        <ele>7</ele>
        <time>2026-09-14T09:18:16.000Z</time>
        <extensions>
          <ns3:TrackPointExtension>
            <ns3:hr>148</ns3:hr>
            <ns3:cad>84</ns3:cad>
          </ns3:TrackPointExtension>
        </extensions>
      </trkpt>
      <trkpt lat="37.5198057107627391815185546875" lon="127.0709274709224700927734375">
        <ele>7</ele>
        <time>2026-09-14T09:18:17.000Z</time>
        <extensions>
          <ns3:TrackPointExtension>
            <ns3:hr>148</ns3:hr>
            <ns3:cad>84</ns3:cad>
          </ns3:TrackPointExtension>
        </extensions>
      </trkpt>
      <trkpt lat="37.519818283617496490478515625" lon="127.0708817057311534881591796875">
        <ele>6.80000019073486328125</ele>
        <time>2026-09-14T09:18:18.000Z</time>
        <extensions>
          <ns3:TrackPointExtension>
            <ns3:hr>148</ns3:hr>
            <ns3:cad>83</ns3:cad>
          </ns3:TrackPointExtension>
        </extensions>
      </trkpt>
      <trkpt lat="37.51981702633202075958251953125" lon="127.0708496868610382080078125">
        <ele>6.80000019073486328125</ele>
        <time>2026-09-14T09:18:19.000Z</time>
        <extensions>
          <ns3:TrackPointExtension>
            <ns3:hr>148</ns3:hr>
            <ns3:cad>83</ns3:cad>
          </ns3:TrackPointExtension>
        </extensions>
      </trkpt>
      <trkpt lat="37.5198219716548919677734375" lon="127.0708096213638782501220703125">
        <ele>6.599999904632568359375</ele>
        <time>2026-09-14T09:18:20.000Z</time>
        <extensions>
          <ns3:TrackPointExtension>
            <ns3:hr>149</ns3:hr>
            <ns3:cad>83</ns3:cad>
          </ns3:TrackPointExtension>
        </extensions>
      </trkpt>
      <trkpt lat="37.5198191218078136444091796875" lon="127.0707787759602069854736328125">
        <ele>6.599999904632568359375</ele>
        <time>2026-09-14T09:18:21.000Z</time>
        <extensions>
          <ns3:TrackPointExtension>
            <ns3:hr>148</ns3:hr>
            <ns3:cad>83</ns3:cad>
          </ns3:TrackPointExtension>
        </extensions>
      </trkpt>
      <trkpt lat="37.5198228098452091217041015625" lon="127.0707459188997745513916015625">
        <ele>6.599999904632568359375</ele>
        <time>2026-09-14T09:18:22.000Z</time>
        <extensions>
          <ns3:TrackPointExtension>
            <ns3:hr>148</ns3:hr>
            <ns3:cad>83</ns3:cad>
          </ns3:TrackPointExtension>
        </extensions>
      </trkpt>
      <trkpt lat="37.51983605325222015380859375" lon="127.07070392556488513946533203125">
        <ele>6.599999904632568359375</ele>
        <time>2026-09-14T09:18:23.000Z</time>
        <extensions>
          <ns3:TrackPointExtension>
            <ns3:hr>149</ns3:hr>
            <ns3:cad>83</ns3:cad>
          </ns3:TrackPointExtension>
        </extensions>
      </trkpt>
      <trkpt lat="37.51983798108994960784912109375" lon="127.07067341543734073638916015625">
        <ele>6.80000019073486328125</ele>
        <time>2026-09-14T09:18:24.000Z</time>
        <extensions>
          <ns3:TrackPointExtension>
            <ns3:hr>148</ns3:hr>
            <ns3:cad>83</ns3:cad>
          </ns3:TrackPointExtension>
        </extensions>
      </trkpt>
      <trkpt lat="37.519837729632854461669921875" lon="127.07063519395887851715087890625">
        <ele>6.80000019073486328125</ele>
        <time>2026-09-14T09:18:25.000Z</time>
        <extensions>
          <ns3:TrackPointExtension>
            <ns3:hr>148</ns3:hr>
            <ns3:cad>83</ns3:cad>
          </ns3:TrackPointExtension>
        </extensions>
      </trkpt>
      <trkpt lat="37.51984116621315479278564453125" lon="127.070597894489765167236328125">
        <ele>6.80000019073486328125</ele>
        <time>2026-09-14T09:18:26.000Z</time>
        <extensions>
          <ns3:TrackPointExtension>
            <ns3:hr>148</ns3:hr>
            <ns3:cad>83</ns3:cad>
          </ns3:TrackPointExtension>
        </extensions>
      </trkpt>
      <trkpt lat="37.519844435155391693115234375" lon="127.0705645345151424407958984375">
        <ele>6.80000019073486328125</ele>
        <time>2026-09-14T09:18:27.000Z</time>
        <extensions>
          <ns3:TrackPointExtension>
            <ns3:hr>148</ns3:hr>
            <ns3:cad>83</ns3:cad>
          </ns3:TrackPointExtension>
        </extensions>
      </trkpt>
      <trkpt lat="37.519857175648212432861328125" lon="127.0705263130366802215576171875">
        <ele>6.80000019073486328125</ele>
        <time>2026-09-14T09:18:28.000Z</time>
        <extensions>
          <ns3:TrackPointExtension>
            <ns3:hr>148</ns3:hr>
            <ns3:cad>83</ns3:cad>
          </ns3:TrackPointExtension>
        </extensions>
      </trkpt>
      <trkpt lat="37.519858181476593017578125" lon="127.070493958890438079833984375">
        <ele>6.80000019073486328125</ele>
        <time>2026-09-14T09:18:29.000Z</time>
        <extensions>
          <ns3:TrackPointExtension>
            <ns3:hr>148</ns3:hr>
            <ns3:cad>83</ns3:cad>
          </ns3:TrackPointExtension>
        </extensions>
      </trkpt>
      <trkpt lat="37.5198640488088130950927734375" lon="127.07045364193618297576904296875">
        <ele>6.80000019073486328125</ele>
        <time>2026-09-14T09:18:30.000Z</time>
        <extensions>
          <ns3:TrackPointExtension>
            <ns3:hr>148</ns3:hr>
            <ns3:cad>84</ns3:cad>
          </ns3:TrackPointExtension>
        </extensions>
      </trkpt>
      <trkpt lat="37.51986916176974773406982421875" lon="127.07041894085705280303955078125">
        <ele>6.599999904632568359375</ele>
        <time>2026-09-14T09:18:31.000Z</time>
        <extensions>
          <ns3:TrackPointExtension>
            <ns3:hr>148</ns3:hr>
            <ns3:cad>84</ns3:cad>
          </ns3:TrackPointExtension>
        </extensions>
      </trkpt>
      <trkpt lat="37.5198700837790966033935546875" lon="127.0703937113285064697265625">
        <ele>6.599999904632568359375</ele>
        <time>2026-09-14T09:18:32.000Z</time>
        <extensions>
          <ns3:TrackPointExtension>
            <ns3:hr>147</ns3:hr>
            <ns3:cad>84</ns3:cad>
          </ns3:TrackPointExtension>
        </extensions>
      </trkpt>
      <trkpt lat="37.51988274045288562774658203125" lon="127.070353813469409942626953125">
        <ele>6.599999904632568359375</ele>
        <time>2026-09-14T09:18:33.000Z</time>
        <extensions>
          <ns3:TrackPointExtension>
            <ns3:hr>147</ns3:hr>
            <ns3:cad>84</ns3:cad>
          </ns3:TrackPointExtension>
        </extensions>
      </trkpt>
      <trkpt lat="37.51988408155739307403564453125" lon="127.0703254826366901397705078125">
        <ele>6.599999904632568359375</ele>
        <time>2026-09-14T09:18:34.000Z</time>
        <extensions>
          <ns3:TrackPointExtension>
            <ns3:hr>147</ns3:hr>
            <ns3:cad>84</ns3:cad>
          </ns3:TrackPointExtension>
        </extensions>
      </trkpt>
      <trkpt lat="37.51988911069929599761962890625" lon="127.070289440453052520751953125">
        <ele>6.599999904632568359375</ele>
        <time>2026-09-14T09:18:35.000Z</time>
        <extensions>
          <ns3:TrackPointExtension>
            <ns3:hr>147</ns3:hr>
            <ns3:cad>84</ns3:cad>
          </ns3:TrackPointExtension>
        </extensions>
      </trkpt>
      <trkpt lat="37.519904114305973052978515625" lon="127.07024778239428997039794921875">
        <ele>6.599999904632568359375</ele>
        <time>2026-09-14T09:18:36.000Z</time>
        <extensions>
          <ns3:TrackPointExtension>
            <ns3:hr>147</ns3:hr>
            <ns3:cad>84</ns3:cad>
          </ns3:TrackPointExtension>
        </extensions>
      </trkpt>
      <trkpt lat="37.51990587450563907623291015625" lon="127.070214338600635528564453125">
        <ele>6.599999904632568359375</ele>
        <time>2026-09-14T09:18:37.000Z</time>
        <extensions>
          <ns3:TrackPointExtension>
            <ns3:hr>146</ns3:hr>
            <ns3:cad>84</ns3:cad>
          </ns3:TrackPointExtension>
        </extensions>
      </trkpt>
      <trkpt lat="37.5199136696755886077880859375" lon="127.07016714848577976226806640625">
        <ele>6.599999904632568359375</ele>
        <time>2026-09-14T09:18:38.000Z</time>
        <extensions>
          <ns3:TrackPointExtension>
            <ns3:hr>146</ns3:hr>
            <ns3:cad>84</ns3:cad>
          </ns3:TrackPointExtension>
        </extensions>
      </trkpt>
      <trkpt lat="37.519917525351047515869140625" lon="127.07013160921633243560791015625">
        <ele>6.599999904632568359375</ele>
        <time>2026-09-14T09:18:39.000Z</time>
        <extensions>
          <ns3:TrackPointExtension>
            <ns3:hr>146</ns3:hr>
            <ns3:cad>83</ns3:cad>
          </ns3:TrackPointExtension>
        </extensions>
      </trkpt>
      <trkpt lat="37.5199257396161556243896484375" lon="127.0700948126614093780517578125">
        <ele>6.599999904632568359375</ele>
        <time>2026-09-14T09:18:40.000Z</time>
        <extensions>
          <ns3:TrackPointExtension>
            <ns3:hr>147</ns3:hr>
            <ns3:cad>83</ns3:cad>
          </ns3:TrackPointExtension>
        </extensions>
      </trkpt>
      <trkpt lat="37.5199384801089763641357421875" lon="127.07005533389747142791748046875">
        <ele>6.599999904632568359375</ele>
        <time>2026-09-14T09:18:41.000Z</time>
        <extensions>
          <ns3:TrackPointExtension>
            <ns3:hr>147</ns3:hr>
            <ns3:cad>83</ns3:cad>
          </ns3:TrackPointExtension>
        </extensions>
      </trkpt>
      <trkpt lat="37.51994191668927669525146484375" lon="127.0700287632644176483154296875">
        <ele>6.599999904632568359375</ele>
        <time>2026-09-14T09:18:42.000Z</time>
        <extensions>
          <ns3:TrackPointExtension>
            <ns3:hr>147</ns3:hr>
            <ns3:cad>83</ns3:cad>
          </ns3:TrackPointExtension>
        </extensions>
      </trkpt>
      <trkpt lat="37.519951052963733673095703125" lon="127.06998693756759166717529296875">
        <ele>6.80000019073486328125</ele>
        <time>2026-09-14T09:18:43.000Z</time>
        <extensions>
          <ns3:TrackPointExtension>
            <ns3:hr>147</ns3:hr>
            <ns3:cad>83</ns3:cad>
          </ns3:TrackPointExtension>
        </extensions>
      </trkpt>
      <trkpt lat="37.51995096914470195770263671875" lon="127.069951482117176055908203125">
        <ele>6.80000019073486328125</ele>
        <time>2026-09-14T09:18:44.000Z</time>
        <extensions>
          <ns3:TrackPointExtension>
            <ns3:hr>146</ns3:hr>
            <ns3:cad>83</ns3:cad>
          </ns3:TrackPointExtension>
        </extensions>
      </trkpt>
      <trkpt lat="37.5199569202959537506103515625" lon="127.0699130930006504058837890625">
        <ele>6.80000019073486328125</ele>
        <time>2026-09-14T09:18:45.000Z</time>
        <extensions>
          <ns3:TrackPointExtension>
            <ns3:hr>147</ns3:hr>
            <ns3:cad>83</ns3:cad>
          </ns3:TrackPointExtension>
        </extensions>
      </trkpt>
      <trkpt lat="37.5199683196842670440673828125" lon="127.0698721893131732940673828125">
        <ele>6.599999904632568359375</ele>
        <time>2026-09-14T09:18:46.000Z</time>
        <extensions>
          <ns3:TrackPointExtension>
            <ns3:hr>147</ns3:hr>
            <ns3:cad>83</ns3:cad>
          </ns3:TrackPointExtension>
        </extensions>
      </trkpt>
      <trkpt lat="37.5199756957590579986572265625" lon="127.06984587013721466064453125">
        <ele>6.599999904632568359375</ele>
        <time>2026-09-14T09:18:47.000Z</time>
        <extensions>
          <ns3:TrackPointExtension>
            <ns3:hr>147</ns3:hr>
            <ns3:cad>83</ns3:cad>
          </ns3:TrackPointExtension>
        </extensions>
      </trkpt>
      <trkpt lat="37.51998667605221271514892578125" lon="127.0698001049458980560302734375">
        <ele>6.599999904632568359375</ele>
        <time>2026-09-14T09:18:48.000Z</time>
        <extensions>
          <ns3:TrackPointExtension>
            <ns3:hr>147</ns3:hr>
            <ns3:cad>84</ns3:cad>
          </ns3:TrackPointExtension>
        </extensions>
      </trkpt>
      <trkpt lat="37.5199864245951175689697265625" lon="127.06976699642837047576904296875">
        <ele>6.80000019073486328125</ele>
        <time>2026-09-14T09:18:49.000Z</time>
        <extensions>
          <ns3:TrackPointExtension>
            <ns3:hr>146</ns3:hr>
            <ns3:cad>84</ns3:cad>
          </ns3:TrackPointExtension>
        </extensions>
      </trkpt>
      <trkpt lat="37.519992291927337646484375" lon="127.069728858768939971923828125">
        <ele>6.80000019073486328125</ele>
        <time>2026-09-14T09:18:50.000Z</time>
        <extensions>
          <ns3:TrackPointExtension>
            <ns3:hr>147</ns3:hr>
            <ns3:cad>84</ns3:cad>
          </ns3:TrackPointExtension>
        </extensions>
      </trkpt>
      <trkpt lat="37.52000243403017520904541015625" lon="127.06968921236693859100341796875">
        <ele>6.80000019073486328125</ele>
        <time>2026-09-14T09:18:51.000Z</time>
        <extensions>
          <ns3:TrackPointExtension>
            <ns3:hr>147</ns3:hr>
            <ns3:cad>84</ns3:cad>
          </ns3:TrackPointExtension>
        </extensions>
      </trkpt>
      <trkpt lat="37.52000561915338039398193359375" lon="127.0696613006293773651123046875">
        <ele>6.80000019073486328125</ele>
        <time>2026-09-14T09:18:52.000Z</time>
        <extensions>
          <ns3:TrackPointExtension>
            <ns3:hr>147</ns3:hr>
            <ns3:cad>84</ns3:cad>
          </ns3:TrackPointExtension>
        </extensions>
      </trkpt>
      <trkpt lat="37.520013414323329925537109375" lon="127.06961846910417079925537109375">
        <ele>6.599999904632568359375</ele>
        <time>2026-09-14T09:18:53.000Z</time>
        <extensions>
          <ns3:TrackPointExtension>
            <ns3:hr>147</ns3:hr>
            <ns3:cad>83</ns3:cad>
          </ns3:TrackPointExtension>
        </extensions>
      </trkpt>
      <trkpt lat="37.5200132466852664947509765625" lon="127.06958712078630924224853515625">
        <ele>6.599999904632568359375</ele>
        <time>2026-09-14T09:18:54.000Z</time>
        <extensions>
          <ns3:TrackPointExtension>
            <ns3:hr>147</ns3:hr>
            <ns3:cad>83</ns3:cad>
          </ns3:TrackPointExtension>
        </extensions>
      </trkpt>
      <trkpt lat="37.52001903019845485687255859375" lon="127.069553844630718231201171875">
        <ele>6.599999904632568359375</ele>
        <time>2026-09-14T09:18:55.000Z</time>
        <extensions>
          <ns3:TrackPointExtension>
            <ns3:hr>147</ns3:hr>
            <ns3:cad>83</ns3:cad>
          </ns3:TrackPointExtension>
        </extensions>
      </trkpt>
      <trkpt lat="37.52003252506256103515625" lon="127.069512270390987396240234375">
        <ele>6.599999904632568359375</ele>
        <time>2026-09-14T09:18:56.000Z</time>
        <extensions>
          <ns3:TrackPointExtension>
            <ns3:hr>147</ns3:hr>
            <ns3:cad>84</ns3:cad>
          </ns3:TrackPointExtension>
        </extensions>
      </trkpt>
      <trkpt lat="37.52003445290029048919677734375" lon="127.06948704086244106292724609375">
        <ele>6.599999904632568359375</ele>
        <time>2026-09-14T09:18:57.000Z</time>
        <extensions>
          <ns3:TrackPointExtension>
            <ns3:hr>147</ns3:hr>
            <ns3:cad>84</ns3:cad>
          </ns3:TrackPointExtension>
        </extensions>
      </trkpt>
      <trkpt lat="37.520040906965732574462890625" lon="127.06944412551820278167724609375">
        <ele>6.599999904632568359375</ele>
        <time>2026-09-14T09:18:58.000Z</time>
        <extensions>
          <ns3:TrackPointExtension>
            <ns3:hr>147</ns3:hr>
            <ns3:cad>84</ns3:cad>
          </ns3:TrackPointExtension>
        </extensions>
      </trkpt>
      <trkpt lat="37.52004518173635005950927734375" lon="127.06941210664808750152587890625">
        <ele>6.599999904632568359375</ele>
        <time>2026-09-14T09:18:59.000Z</time>
        <extensions>
          <ns3:TrackPointExtension>
            <ns3:hr>146</ns3:hr>
            <ns3:cad>84</ns3:cad>
          </ns3:TrackPointExtension>
        </extensions>
      </trkpt>
      <trkpt lat="37.52005088143050670623779296875" lon="127.0693826861679553985595703125">
        <ele>6.599999904632568359375</ele>
        <time>2026-09-14T09:19:00.000Z</time>
        <extensions>
          <ns3:TrackPointExtension>
            <ns3:hr>146</ns3:hr>
            <ns3:cad>83</ns3:cad>
          </ns3:TrackPointExtension>
        </extensions>
      </trkpt>
      <trkpt lat="37.5200628675520420074462890625" lon="127.06934387795627117156982421875">
        <ele>6.400000095367431640625</ele>
        <time>2026-09-14T09:19:01.000Z</time>
        <extensions>
          <ns3:TrackPointExtension>
            <ns3:hr>146</ns3:hr>
            <ns3:cad>83</ns3:cad>
          </ns3:TrackPointExtension>
        </extensions>
      </trkpt>
      <trkpt lat="37.52006278373301029205322265625" lon="127.069317139685153961181640625">
        <ele>6.400000095367431640625</ele>
        <time>2026-09-14T09:19:02.000Z</time>
        <extensions>
          <ns3:TrackPointExtension>
            <ns3:hr>147</ns3:hr>
            <ns3:cad>83</ns3:cad>
          </ns3:TrackPointExtension>
        </extensions>
      </trkpt>
      <trkpt lat="37.5200665555894374847412109375" lon="127.06927229650318622589111328125">
        <ele>6.400000095367431640625</ele>
        <time>2026-09-14T09:19:03.000Z</time>
        <extensions>
          <ns3:TrackPointExtension>
            <ns3:hr>147</ns3:hr>
            <ns3:cad>83</ns3:cad>
          </ns3:TrackPointExtension>
        </extensions>
      </trkpt>
      <trkpt lat="37.52007074654102325439453125" lon="127.069240696728229522705078125">
        <ele>6.400000095367431640625</ele>
        <time>2026-09-14T09:19:04.000Z</time>
        <extensions>
          <ns3:TrackPointExtension>
            <ns3:hr>147</ns3:hr>
            <ns3:cad>83</ns3:cad>
          </ns3:TrackPointExtension>
        </extensions>
      </trkpt>
      <trkpt lat="37.5200746022164821624755859375" lon="127.06920884549617767333984375">
        <ele>6.599999904632568359375</ele>
        <time>2026-09-14T09:19:05.000Z</time>
        <extensions>
          <ns3:TrackPointExtension>
            <ns3:hr>147</ns3:hr>
            <ns3:cad>83</ns3:cad>
          </ns3:TrackPointExtension>
        </extensions>
      </trkpt>
      <trkpt lat="37.52008977346122264862060546875" lon="127.06916266120970249176025390625">
        <ele>6.599999904632568359375</ele>
        <time>2026-09-14T09:19:06.000Z</time>
        <extensions>
          <ns3:TrackPointExtension>
            <ns3:hr>147</ns3:hr>
            <ns3:cad>83</ns3:cad>
          </ns3:TrackPointExtension>
        </extensions>
      </trkpt>
      <trkpt lat="37.5200917012989521026611328125" lon="127.06912703812122344970703125">
        <ele>6.599999904632568359375</ele>
        <time>2026-09-14T09:19:07.000Z</time>
        <extensions>
          <ns3:TrackPointExtension>
            <ns3:hr>147</ns3:hr>
            <ns3:cad>84</ns3:cad>
          </ns3:TrackPointExtension>
        </extensions>
      </trkpt>
      <trkpt lat="37.52010050229728221893310546875" lon="127.06907783634960651397705078125">
        <ele>6.599999904632568359375</ele>
        <time>2026-09-14T09:19:08.000Z</time>
        <extensions>
          <ns3:TrackPointExtension>
            <ns3:hr>147</ns3:hr>
            <ns3:cad>84</ns3:cad>
          </ns3:TrackPointExtension>
        </extensions>
      </trkpt>
      <trkpt lat="37.5201022624969482421875" lon="127.0690356753766536712646484375">
        <ele>6.599999904632568359375</ele>
        <time>2026-09-14T09:19:09.000Z</time>
        <extensions>
          <ns3:TrackPointExtension>
            <ns3:hr>147</ns3:hr>
            <ns3:cad>84</ns3:cad>
          </ns3:TrackPointExtension>
        </extensions>
      </trkpt>
      <trkpt lat="37.52010754309594631195068359375" lon="127.06899904645979404449462890625">
        <ele>6.80000019073486328125</ele>
        <time>2026-09-14T09:19:10.000Z</time>
        <extensions>
          <ns3:TrackPointExtension>
            <ns3:hr>147</ns3:hr>
            <ns3:cad>84</ns3:cad>
          </ns3:TrackPointExtension>
        </extensions>
      </trkpt>
      <trkpt lat="37.5201269052922725677490234375" lon="127.06895479001104831695556640625">
        <ele>6.80000019073486328125</ele>
        <time>2026-09-14T09:19:11.000Z</time>
        <extensions>
          <ns3:TrackPointExtension>
            <ns3:hr>147</ns3:hr>
            <ns3:cad>83</ns3:cad>
          </ns3:TrackPointExtension>
        </extensions>
      </trkpt>
      <trkpt lat="37.52012833021581172943115234375" lon="127.06892721354961395263671875">
        <ele>6.80000019073486328125</ele>
        <time>2026-09-14T09:19:12.000Z</time>
        <extensions>
          <ns3:TrackPointExtension>
            <ns3:hr>147</ns3:hr>
            <ns3:cad>83</ns3:cad>
          </ns3:TrackPointExtension>
        </extensions>
      </trkpt>
      <trkpt lat="37.520132772624492645263671875" lon="127.06888538785278797149658203125">
        <ele>6.80000019073486328125</ele>
        <time>2026-09-14T09:19:13.000Z</time>
        <extensions>
          <ns3:TrackPointExtension>
            <ns3:hr>147</ns3:hr>
            <ns3:cad>83</ns3:cad>
          </ns3:TrackPointExtension>
        </extensions>
      </trkpt>
      <trkpt lat="37.52013805322349071502685546875" lon="127.0688532851636409759521484375">
        <ele>6.80000019073486328125</ele>
        <time>2026-09-14T09:19:14.000Z</time>
        <extensions>
          <ns3:TrackPointExtension>
            <ns3:hr>147</ns3:hr>
            <ns3:cad>83</ns3:cad>
          </ns3:TrackPointExtension>
        </extensions>
      </trkpt>
      <trkpt lat="37.5201409868896007537841796875" lon="127.068828977644443511962890625">
        <ele>6.80000019073486328125</ele>
        <time>2026-09-14T09:19:15.000Z</time>
        <extensions>
          <ns3:TrackPointExtension>
            <ns3:hr>147</ns3:hr>
            <ns3:cad>83</ns3:cad>
          </ns3:TrackPointExtension>
        </extensions>
      </trkpt>
      <trkpt lat="37.5201533921062946319580078125" lon="127.0687909238040447235107421875">
        <ele>6.80000019073486328125</ele>
        <time>2026-09-14T09:19:16.000Z</time>
        <extensions>
          <ns3:TrackPointExtension>
            <ns3:hr>147</ns3:hr>
            <ns3:cad>83</ns3:cad>
          </ns3:TrackPointExtension>
        </extensions>
      </trkpt>
      <trkpt lat="37.52015255391597747802734375" lon="127.0687651075422763824462890625">
        <ele>6.80000019073486328125</ele>
        <time>2026-09-14T09:19:17.000Z</time>
        <extensions>
          <ns3:TrackPointExtension>
            <ns3:hr>147</ns3:hr>
            <ns3:cad>84</ns3:cad>
          </ns3:TrackPointExtension>
        </extensions>
      </trkpt>
      <trkpt lat="37.52015582285821437835693359375" lon="127.06872629933059215545654296875">
        <ele>6.80000019073486328125</ele>
        <time>2026-09-14T09:19:18.000Z</time>
        <extensions>
          <ns3:TrackPointExtension>
            <ns3:hr>147</ns3:hr>
            <ns3:cad>84</ns3:cad>
          </ns3:TrackPointExtension>
        </extensions>
      </trkpt>
      <trkpt lat="37.520163618028163909912109375" lon="127.06869159825146198272705078125">
        <ele>6.80000019073486328125</ele>
        <time>2026-09-14T09:19:19.000Z</time>
        <extensions>
          <ns3:TrackPointExtension>
            <ns3:hr>147</ns3:hr>
            <ns3:cad>83</ns3:cad>
          </ns3:TrackPointExtension>
        </extensions>
      </trkpt>
      <trkpt lat="37.52016722224652767181396484375" lon="127.0686618424952030181884765625">
        <ele>6.80000019073486328125</ele>
        <time>2026-09-14T09:19:20.000Z</time>
        <extensions>
          <ns3:TrackPointExtension>
            <ns3:hr>147</ns3:hr>
            <ns3:cad>83</ns3:cad>
          </ns3:TrackPointExtension>
        </extensions>
      </trkpt>
      <trkpt lat="37.52018415369093418121337890625" lon="127.06861875951290130615234375">
        <ele>6.599999904632568359375</ele>
        <time>2026-09-14T09:19:21.000Z</time>
        <extensions>
          <ns3:TrackPointExtension>
            <ns3:hr>147</ns3:hr>
            <ns3:cad>83</ns3:cad>
          </ns3:TrackPointExtension>
        </extensions>
      </trkpt>
      <trkpt lat="37.52018750645220279693603515625" lon="127.06858732737600803375244140625">
        <ele>6.599999904632568359375</ele>
        <time>2026-09-14T09:19:22.000Z</time>
        <extensions>
          <ns3:TrackPointExtension>
            <ns3:hr>147</ns3:hr>
            <ns3:cad>83</ns3:cad>
          </ns3:TrackPointExtension>
        </extensions>
      </trkpt>
      <trkpt lat="37.5201936252415180206298828125" lon="127.06854231655597686767578125">
        <ele>6.599999904632568359375</ele>
        <time>2026-09-14T09:19:23.000Z</time>
        <extensions>
          <ns3:TrackPointExtension>
            <ns3:hr>147</ns3:hr>
            <ns3:cad>83</ns3:cad>
          </ns3:TrackPointExtension>
        </extensions>
      </trkpt>
      <trkpt lat="37.52020024694502353668212890625" lon="127.06850208342075347900390625">
        <ele>6.599999904632568359375</ele>
        <time>2026-09-14T09:19:24.000Z</time>
        <extensions>
          <ns3:TrackPointExtension>
            <ns3:hr>147</ns3:hr>
            <ns3:cad>83</ns3:cad>
          </ns3:TrackPointExtension>
        </extensions>
      </trkpt>
      <trkpt lat="37.52020527608692646026611328125" lon="127.068463861942291259765625">
        <ele>6.599999904632568359375</ele>
        <time>2026-09-14T09:19:25.000Z</time>
        <extensions>
          <ns3:TrackPointExtension>
            <ns3:hr>147</ns3:hr>
            <ns3:cad>84</ns3:cad>
          </ns3:TrackPointExtension>
        </extensions>
      </trkpt>
      <trkpt lat="37.52021634019911289215087890625" lon="127.0684201084077358245849609375">
        <ele>6.400000095367431640625</ele>
        <time>2026-09-14T09:19:26.000Z</time>
        <extensions>
          <ns3:TrackPointExtension>
            <ns3:hr>147</ns3:hr>
            <ns3:cad>84</ns3:cad>
          </ns3:TrackPointExtension>
        </extensions>
      </trkpt>
      <trkpt lat="37.52021550200879573822021484375" lon="127.06838482059538364410400390625">
        <ele>6.400000095367431640625</ele>
        <time>2026-09-14T09:19:27.000Z</time>
        <extensions>
          <ns3:TrackPointExtension>
            <ns3:hr>147</ns3:hr>
            <ns3:cad>84</ns3:cad>
          </ns3:TrackPointExtension>
        </extensions>
      </trkpt>
      <trkpt lat="37.520221285521984100341796875" lon="127.06834173761308193206787109375">
        <ele>6.19999980926513671875</ele>
        <time>2026-09-14T09:19:28.000Z</time>
        <extensions>
          <ns3:TrackPointExtension>
            <ns3:hr>147</ns3:hr>
            <ns3:cad>84</ns3:cad>
          </ns3:TrackPointExtension>
        </extensions>
      </trkpt>
      <trkpt lat="37.52022765576839447021484375" lon="127.0683034323155879974365234375">
        <ele>6.19999980926513671875</ele>
        <time>2026-09-14T09:19:29.000Z</time>
        <extensions>
          <ns3:TrackPointExtension>
            <ns3:hr>147</ns3:hr>
            <ns3:cad>84</ns3:cad>
          </ns3:TrackPointExtension>
        </extensions>
      </trkpt>
      <trkpt lat="37.5202325172722339630126953125" lon="127.06826739013195037841796875">
        <ele>6.19999980926513671875</ele>
        <time>2026-09-14T09:19:30.000Z</time>
        <extensions>
          <ns3:TrackPointExtension>
            <ns3:hr>147</ns3:hr>
            <ns3:cad>84</ns3:cad>
          </ns3:TrackPointExtension>
        </extensions>
      </trkpt>
      <trkpt lat="37.52024483866989612579345703125" lon="127.06821902655065059661865234375">
        <ele>6.19999980926513671875</ele>
        <time>2026-09-14T09:19:31.000Z</time>
        <extensions>
          <ns3:TrackPointExtension>
            <ns3:hr>147</ns3:hr>
            <ns3:cad>84</ns3:cad>
          </ns3:TrackPointExtension>
        </extensions>
      </trkpt>
      <trkpt lat="37.52024416811764240264892578125" lon="127.0681889355182647705078125">
        <ele>6.19999980926513671875</ele>
        <time>2026-09-14T09:19:32.000Z</time>
        <extensions>
          <ns3:TrackPointExtension>
            <ns3:hr>147</ns3:hr>
            <ns3:cad>83</ns3:cad>
          </ns3:TrackPointExtension>
        </extensions>
      </trkpt>
      <trkpt lat="37.52024240791797637939453125" lon="127.06814132630825042724609375">
        <ele>6.400000095367431640625</ele>
        <time>2026-09-14T09:19:33.000Z</time>
        <extensions>
          <ns3:TrackPointExtension>
            <ns3:hr>147</ns3:hr>
            <ns3:cad>83</ns3:cad>
          </ns3:TrackPointExtension>
        </extensions>
      </trkpt>
      <trkpt lat="37.52024098299443721771240234375" lon="127.06810402683913707733154296875">
        <ele>6.400000095367431640625</ele>
        <time>2026-09-14T09:19:34.000Z</time>
        <extensions>
          <ns3:TrackPointExtension>
            <ns3:hr>147</ns3:hr>
            <ns3:cad>83</ns3:cad>
          </ns3:TrackPointExtension>
        </extensions>
      </trkpt>
      <trkpt lat="37.52023176290094852447509765625" lon="127.06807083450257778167724609375">
        <ele>6.400000095367431640625</ele>
        <time>2026-09-14T09:19:35.000Z</time>
        <extensions>
          <ns3:TrackPointExtension>
            <ns3:hr>147</ns3:hr>
            <ns3:cad>83</ns3:cad>
          </ns3:TrackPointExtension>
        </extensions>
      </trkpt>
      <trkpt lat="37.5202214531600475311279296875" lon="127.06802641041576862335205078125">
        <ele>6.599999904632568359375</ele>
        <time>2026-09-14T09:19:36.000Z</time>
        <extensions>
          <ns3:TrackPointExtension>
            <ns3:hr>148</ns3:hr>
            <ns3:cad>84</ns3:cad>
          </ns3:TrackPointExtension>
        </extensions>
      </trkpt>
      <trkpt lat="37.520205862820148468017578125" lon="127.06799623556435108184814453125">
        <ele>6.599999904632568359375</ele>
        <time>2026-09-14T09:19:37.000Z</time>
        <extensions>
          <ns3:TrackPointExtension>
            <ns3:hr>147</ns3:hr>
            <ns3:cad>84</ns3:cad>
          </ns3:TrackPointExtension>
        </extensions>
      </trkpt>
      <trkpt lat="37.520185075700283050537109375" lon="127.0679540745913982391357421875">
        <ele>6.599999904632568359375</ele>
        <time>2026-09-14T09:19:38.000Z</time>
        <extensions>
          <ns3:TrackPointExtension>
            <ns3:hr>147</ns3:hr>
            <ns3:cad>84</ns3:cad>
          </ns3:TrackPointExtension>
        </extensions>
      </trkpt>
      <trkpt lat="37.52016705460846424102783203125" lon="127.06792540848255157470703125">
        <ele>6.400000095367431640625</ele>
        <time>2026-09-14T09:19:39.000Z</time>
        <extensions>
          <ns3:TrackPointExtension>
            <ns3:hr>147</ns3:hr>
            <ns3:cad>84</ns3:cad>
          </ns3:TrackPointExtension>
        </extensions>
      </trkpt>
      <trkpt lat="37.52014425583183765411376953125" lon="127.0679019391536712646484375">
        <ele>6.400000095367431640625</ele>
        <time>2026-09-14T09:19:40.000Z</time>
        <extensions>
          <ns3:TrackPointExtension>
            <ns3:hr>147</ns3:hr>
            <ns3:cad>83</ns3:cad>
          </ns3:TrackPointExtension>
        </extensions>
      </trkpt>
      <trkpt lat="37.52011877484619617462158203125" lon="127.06786916591227054595947265625">
        <ele>6.599999904632568359375</ele>
        <time>2026-09-14T09:19:41.000Z</time>
        <extensions>
          <ns3:TrackPointExtension>
            <ns3:hr>147</ns3:hr>
            <ns3:cad>83</ns3:cad>
          </ns3:TrackPointExtension>
        </extensions>
      </trkpt>
      <trkpt lat="37.52009798772633075714111328125" lon="127.06785508431494235992431640625">
        <ele>6.599999904632568359375</ele>
        <time>2026-09-14T09:19:42.000Z</time>
        <extensions>
          <ns3:TrackPointExtension>
            <ns3:hr>148</ns3:hr>
            <ns3:cad>84</ns3:cad>
          </ns3:TrackPointExtension>
        </extensions>
      </trkpt>
      <trkpt lat="37.52007015980780124664306640625" lon="127.0678353868424892425537109375">
        <ele>6.80000019073486328125</ele>
        <time>2026-09-14T09:19:43.000Z</time>
        <extensions>
          <ns3:TrackPointExtension>
            <ns3:hr>147</ns3:hr>
            <ns3:cad>84</ns3:cad>
          </ns3:TrackPointExtension>
        </extensions>
      </trkpt>
      <trkpt lat="37.520047612488269805908203125" lon="127.06782138906419277191162109375">
        <ele>6.80000019073486328125</ele>
        <time>2026-09-14T09:19:44.000Z</time>
        <extensions>
          <ns3:TrackPointExtension>
            <ns3:hr>147</ns3:hr>
            <ns3:cad>84</ns3:cad>
          </ns3:TrackPointExtension>
        </extensions>
      </trkpt>
      <trkpt lat="37.52002514898777008056640625" lon="127.0678162761032581329345703125">
        <ele>6.80000019073486328125</ele>
        <time>2026-09-14T09:19:45.000Z</time>
        <extensions>
          <ns3:TrackPointExtension>
            <ns3:hr>148</ns3:hr>
            <ns3:cad>84</ns3:cad>
          </ns3:TrackPointExtension>
        </extensions>
      </trkpt>
      <trkpt lat="37.5199944712221622467041015625" lon="127.06780211068689823150634765625">
        <ele>6.80000019073486328125</ele>
        <time>2026-09-14T09:19:46.000Z</time>
        <extensions>
          <ns3:TrackPointExtension>
            <ns3:hr>148</ns3:hr>
            <ns3:cad>83</ns3:cad>
          </ns3:TrackPointExtension>
        </extensions>
      </trkpt>
      <trkpt lat="37.51996521838009357452392578125" lon="127.0678058825433254241943359375">
        <ele>6.599999904632568359375</ele>
        <time>2026-09-14T09:19:47.000Z</time>
        <extensions>
          <ns3:TrackPointExtension>
            <ns3:hr>148</ns3:hr>
            <ns3:cad>83</ns3:cad>
          </ns3:TrackPointExtension>
        </extensions>
      </trkpt>
      <trkpt lat="37.51993571408092975616455078125" lon="127.0678035356104373931884765625">
        <ele>6.599999904632568359375</ele>
        <time>2026-09-14T09:19:48.000Z</time>
        <extensions>
          <ns3:TrackPointExtension>
            <ns3:hr>148</ns3:hr>
            <ns3:cad>83</ns3:cad>
          </ns3:TrackPointExtension>
        </extensions>
      </trkpt>
      <trkpt lat="37.51990319229662418365478515625" lon="127.067798674106597900390625">
        <ele>6.599999904632568359375</ele>
        <time>2026-09-14T09:19:49.000Z</time>
        <extensions>
          <ns3:TrackPointExtension>
            <ns3:hr>147</ns3:hr>
            <ns3:cad>83</ns3:cad>
          </ns3:TrackPointExtension>
        </extensions>
      </trkpt>
      <trkpt lat="37.51987553201615810394287109375" lon="127.06780043430626392364501953125">
        <ele>6.599999904632568359375</ele>
        <time>2026-09-14T09:19:50.000Z</time>
        <extensions>
          <ns3:TrackPointExtension>
            <ns3:hr>148</ns3:hr>
            <ns3:cad>83</ns3:cad>
          </ns3:TrackPointExtension>
        </extensions>
      </trkpt>
      <trkpt lat="37.51984133385121822357177734375" lon="127.067805044353008270263671875">
        <ele>6.599999904632568359375</ele>
        <time>2026-09-14T09:19:51.000Z</time>
        <extensions>
          <ns3:TrackPointExtension>
            <ns3:hr>148</ns3:hr>
            <ns3:cad>83</ns3:cad>
          </ns3:TrackPointExtension>
        </extensions>
      </trkpt>
      <trkpt lat="37.51981350593268871307373046875" lon="127.067805044353008270263671875">
        <ele>6.80000019073486328125</ele>
        <time>2026-09-14T09:19:52.000Z</time>
        <extensions>
          <ns3:TrackPointExtension>
            <ns3:hr>147</ns3:hr>
            <ns3:cad>83</ns3:cad>
          </ns3:TrackPointExtension>
        </extensions>
      </trkpt>
      <trkpt lat="37.51978064887225627899169921875" lon="127.0678080618381500244140625">
        <ele>6.80000019073486328125</ele>
        <time>2026-09-14T09:19:53.000Z</time>
        <extensions>
          <ns3:TrackPointExtension>
            <ns3:hr>148</ns3:hr>
            <ns3:cad>83</ns3:cad>
          </ns3:TrackPointExtension>
        </extensions>
      </trkpt>
      <trkpt lat="37.51974980346858501434326171875" lon="127.06780663691461086273193359375">
        <ele>6.80000019073486328125</ele>
        <time>2026-09-14T09:19:54.000Z</time>
        <extensions>
          <ns3:TrackPointExtension>
            <ns3:hr>148</ns3:hr>
            <ns3:cad>83</ns3:cad>
          </ns3:TrackPointExtension>
        </extensions>
      </trkpt>
      <trkpt lat="37.51972247846424579620361328125" lon="127.06781208515167236328125">
        <ele>6.80000019073486328125</ele>
        <time>2026-09-14T09:19:55.000Z</time>
        <extensions>
          <ns3:TrackPointExtension>
            <ns3:hr>147</ns3:hr>
            <ns3:cad>83</ns3:cad>
          </ns3:TrackPointExtension>
        </extensions>
      </trkpt>
      <trkpt lat="37.51968719065189361572265625" lon="127.0678085647523403167724609375">
        <ele>6.80000019073486328125</ele>
        <time>2026-09-14T09:19:56.000Z</time>
        <extensions>
          <ns3:TrackPointExtension>
            <ns3:hr>148</ns3:hr>
            <ns3:cad>83</ns3:cad>
          </ns3:TrackPointExtension>
        </extensions>
      </trkpt>
      <trkpt lat="37.51965944655239582061767578125" lon="127.0678099058568477630615234375">
        <ele>6.80000019073486328125</ele>
        <time>2026-09-14T09:19:57.000Z</time>
        <extensions>
          <ns3:TrackPointExtension>
            <ns3:hr>147</ns3:hr>
            <ns3:cad>84</ns3:cad>
          </ns3:TrackPointExtension>
        </extensions>
      </trkpt>
      <trkpt lat="37.51962759532034397125244140625" lon="127.067815773189067840576171875">
        <ele>6.80000019073486328125</ele>
        <time>2026-09-14T09:19:58.000Z</time>
        <extensions>
          <ns3:TrackPointExtension>
            <ns3:hr>148</ns3:hr>
            <ns3:cad>84</ns3:cad>
          </ns3:TrackPointExtension>
        </extensions>
      </trkpt>
      <trkpt lat="37.519597001373767852783203125" lon="127.06781719811260700225830078125">
        <ele>6.80000019073486328125</ele>
        <time>2026-09-14T09:19:59.000Z</time>
        <extensions>
          <ns3:TrackPointExtension>
            <ns3:hr>148</ns3:hr>
            <ns3:cad>84</ns3:cad>
          </ns3:TrackPointExtension>
        </extensions>
      </trkpt>
      <trkpt lat="37.5195706821978092193603515625" lon="127.0678290165960788726806640625">
        <ele>6.80000019073486328125</ele>
        <time>2026-09-14T09:20:00.000Z</time>
        <extensions>
          <ns3:TrackPointExtension>
            <ns3:hr>148</ns3:hr>
            <ns3:cad>84</ns3:cad>
          </ns3:TrackPointExtension>
        </extensions>
      </trkpt>
      <trkpt lat="37.5195294432342052459716796875" lon="127.06783446483314037322998046875">
        <ele>6.599999904632568359375</ele>
        <time>2026-09-14T09:20:01.000Z</time>
        <extensions>
          <ns3:TrackPointExtension>
            <ns3:hr>148</ns3:hr>
            <ns3:cad>84</ns3:cad>
          </ns3:TrackPointExtension>
        </extensions>
      </trkpt>
      <trkpt lat="37.51950572244822978973388671875" lon="127.06784871406853199005126953125">
        <ele>6.599999904632568359375</ele>
        <time>2026-09-14T09:20:02.000Z</time>
        <extensions>
          <ns3:TrackPointExtension>
            <ns3:hr>148</ns3:hr>
            <ns3:cad>84</ns3:cad>
          </ns3:TrackPointExtension>
        </extensions>
      </trkpt>
      <trkpt lat="37.51946599222719669342041015625" lon="127.0678590238094329833984375">
        <ele>6.599999904632568359375</ele>
        <time>2026-09-14T09:20:03.000Z</time>
        <extensions>
          <ns3:TrackPointExtension>
            <ns3:hr>148</ns3:hr>
            <ns3:cad>84</ns3:cad>
          </ns3:TrackPointExtension>
        </extensions>
      </trkpt>
      <trkpt lat="37.5194328837096691131591796875" lon="127.06786598078906536102294921875">
        <ele>6.599999904632568359375</ele>
        <time>2026-09-14T09:20:04.000Z</time>
        <extensions>
          <ns3:TrackPointExtension>
            <ns3:hr>148</ns3:hr>
            <ns3:cad>84</ns3:cad>
          </ns3:TrackPointExtension>
        </extensions>
      </trkpt>
      <trkpt lat="37.51940161921083927154541015625" lon="127.0678762905299663543701171875">
        <ele>6.599999904632568359375</ele>
        <time>2026-09-14T09:20:05.000Z</time>
        <extensions>
          <ns3:TrackPointExtension>
            <ns3:hr>148</ns3:hr>
            <ns3:cad>84</ns3:cad>
          </ns3:TrackPointExtension>
        </extensions>
      </trkpt>
      <trkpt lat="37.51936457119882106781005859375" lon="127.06787838600575923919677734375">
        <ele>6.599999904632568359375</ele>
        <time>2026-09-14T09:20:06.000Z</time>
        <extensions>
          <ns3:TrackPointExtension>
            <ns3:hr>148</ns3:hr>
            <ns3:cad>84</ns3:cad>
          </ns3:TrackPointExtension>
        </extensions>
      </trkpt>
      <trkpt lat="37.5193386711180210113525390625" lon="127.067886851727962493896484375">
        <ele>6.599999904632568359375</ele>
        <time>2026-09-14T09:20:07.000Z</time>
        <extensions>
          <ns3:TrackPointExtension>
            <ns3:hr>148</ns3:hr>
            <ns3:cad>84</ns3:cad>
          </ns3:TrackPointExtension>
        </extensions>
      </trkpt>
      <trkpt lat="37.51930640079081058502197265625" lon="127.0678965747356414794921875">
        <ele>6.599999904632568359375</ele>
        <time>2026-09-14T09:20:08.000Z</time>
        <extensions>
          <ns3:TrackPointExtension>
            <ns3:hr>148</ns3:hr>
            <ns3:cad>84</ns3:cad>
          </ns3:TrackPointExtension>
        </extensions>
      </trkpt>
      <trkpt lat="37.5192732922732830047607421875" lon="127.06791493110358715057373046875">
        <ele>6.400000095367431640625</ele>
        <time>2026-09-14T09:20:09.000Z</time>
        <extensions>
          <ns3:TrackPointExtension>
            <ns3:hr>148</ns3:hr>
            <ns3:cad>84</ns3:cad>
          </ns3:TrackPointExtension>
        </extensions>
      </trkpt>
      <trkpt lat="37.51924755983054637908935546875" lon="127.06793722696602344512939453125">
        <ele>6.400000095367431640625</ele>
        <time>2026-09-14T09:20:10.000Z</time>
        <extensions>
          <ns3:TrackPointExtension>
            <ns3:hr>149</ns3:hr>
            <ns3:cad>84</ns3:cad>
          </ns3:TrackPointExtension>
        </extensions>
      </trkpt>
      <trkpt lat="37.51922023482620716094970703125" lon="127.0679631270468235015869140625">
        <ele>6.19999980926513671875</ele>
        <time>2026-09-14T09:20:11.000Z</time>
        <extensions>
          <ns3:TrackPointExtension>
            <ns3:hr>148</ns3:hr>
            <ns3:cad>84</ns3:cad>
          </ns3:TrackPointExtension>
        </extensions>
      </trkpt>
      <trkpt lat="37.519205398857593536376953125" lon="127.0679958164691925048828125">
        <ele>6.19999980926513671875</ele>
        <time>2026-09-14T09:20:12.000Z</time>
        <extensions>
          <ns3:TrackPointExtension>
            <ns3:hr>149</ns3:hr>
            <ns3:cad>84</ns3:cad>
          </ns3:TrackPointExtension>
        </extensions>
      </trkpt>
      <trkpt lat="37.519187964498996734619140625" lon="127.06804065965116024017333984375">
        <ele>6.19999980926513671875</ele>
        <time>2026-09-14T09:20:13.000Z</time>
        <extensions>
          <ns3:TrackPointExtension>
            <ns3:hr>149</ns3:hr>
            <ns3:cad>84</ns3:cad>
          </ns3:TrackPointExtension>
        </extensions>
      </trkpt>
      <trkpt lat="37.51917715184390544891357421875" lon="127.06807720474898815155029296875">
        <ele>6.19999980926513671875</ele>
        <time>2026-09-14T09:20:14.000Z</time>
        <extensions>
          <ns3:TrackPointExtension>
            <ns3:hr>149</ns3:hr>
            <ns3:cad>84</ns3:cad>
          </ns3:TrackPointExtension>
        </extensions>
      </trkpt>
      <trkpt lat="37.51917245797812938690185546875" lon="127.06811240874230861663818359375">
        <ele>6.19999980926513671875</ele>
        <time>2026-09-14T09:20:15.000Z</time>
        <extensions>
          <ns3:TrackPointExtension>
            <ns3:hr>148</ns3:hr>
            <ns3:cad>83</ns3:cad>
          </ns3:TrackPointExtension>
        </extensions>
      </trkpt>
      <trkpt lat="37.5191653333604335784912109375" lon="127.068154402077198028564453125">
        <ele>6.19999980926513671875</ele>
        <time>2026-09-14T09:20:16.000Z</time>
        <extensions>
          <ns3:TrackPointExtension>
            <ns3:hr>149</ns3:hr>
            <ns3:cad>83</ns3:cad>
          </ns3:TrackPointExtension>
        </extensions>
      </trkpt>
      <trkpt lat="37.51916022039949893951416015625" lon="127.06818851642310619354248046875">
        <ele>6.19999980926513671875</ele>
        <time>2026-09-14T09:20:17.000Z</time>
        <extensions>
          <ns3:TrackPointExtension>
            <ns3:hr>149</ns3:hr>
            <ns3:cad>84</ns3:cad>
          </ns3:TrackPointExtension>
        </extensions>
      </trkpt>
      <trkpt lat="37.519150078296661376953125" lon="127.06823126412928104400634765625">
        <ele>6.19999980926513671875</ele>
        <time>2026-09-14T09:20:18.000Z</time>
        <extensions>
          <ns3:TrackPointExtension>
            <ns3:hr>149</ns3:hr>
            <ns3:cad>84</ns3:cad>
          </ns3:TrackPointExtension>
        </extensions>
      </trkpt>
      <trkpt lat="37.51914178021252155303955078125" lon="127.06826361827552318572998046875">
        <ele>6.400000095367431640625</ele>
        <time>2026-09-14T09:20:19.000Z</time>
        <extensions>
          <ns3:TrackPointExtension>
            <ns3:hr>149</ns3:hr>
            <ns3:cad>84</ns3:cad>
          </ns3:TrackPointExtension>
        </extensions>
      </trkpt>
      <trkpt lat="37.5191388465464115142822265625" lon="127.06829362548887729644775390625">
        <ele>6.400000095367431640625</ele>
        <time>2026-09-14T09:20:20.000Z</time>
        <extensions>
          <ns3:TrackPointExtension>
            <ns3:hr>150</ns3:hr>
            <ns3:cad>84</ns3:cad>
          </ns3:TrackPointExtension>
        </extensions>
      </trkpt>
      <trkpt lat="37.51913323067128658294677734375" lon="127.06833234988152980804443359375">
        <ele>6.400000095367431640625</ele>
        <time>2026-09-14T09:20:21.000Z</time>
        <extensions>
          <ns3:TrackPointExtension>
            <ns3:hr>150</ns3:hr>
            <ns3:cad>83</ns3:cad>
          </ns3:TrackPointExtension>
        </extensions>
      </trkpt>
      <trkpt lat="37.5191348232328891754150390625" lon="127.06835883669555187225341796875">
        <ele>6.599999904632568359375</ele>
        <time>2026-09-14T09:20:22.000Z</time>
        <extensions>
          <ns3:TrackPointExtension>
            <ns3:hr>150</ns3:hr>
            <ns3:cad>83</ns3:cad>
          </ns3:TrackPointExtension>
        </extensions>
      </trkpt>
      <trkpt lat="37.51912929117679595947265625" lon="127.0683909393846988677978515625">
        <ele>6.599999904632568359375</ele>
        <time>2026-09-14T09:20:23.000Z</time>
        <extensions>
          <ns3:TrackPointExtension>
            <ns3:hr>150</ns3:hr>
            <ns3:cad>83</ns3:cad>
          </ns3:TrackPointExtension>
        </extensions>
      </trkpt>
      <trkpt lat="37.51911990344524383544921875" lon="127.068423964083194732666015625">
        <ele>6.599999904632568359375</ele>
        <time>2026-09-14T09:20:24.000Z</time>
        <extensions>
          <ns3:TrackPointExtension>
            <ns3:hr>150</ns3:hr>
            <ns3:cad>83</ns3:cad>
          </ns3:TrackPointExtension>
        </extensions>
      </trkpt>
      <trkpt lat="37.5191180594265460968017578125" lon="127.0684596709907054901123046875">
        <ele>6.599999904632568359375</ele>
        <time>2026-09-14T09:20:25.000Z</time>
        <extensions>
          <ns3:TrackPointExtension>
            <ns3:hr>150</ns3:hr>
            <ns3:cad>83</ns3:cad>
          </ns3:TrackPointExtension>
        </extensions>
      </trkpt>
      <trkpt lat="37.5191173888742923736572265625" lon="127.06849445588886737823486328125">
        <ele>6.599999904632568359375</ele>
        <time>2026-09-14T09:20:26.000Z</time>
        <extensions>
          <ns3:TrackPointExtension>
            <ns3:hr>150</ns3:hr>
            <ns3:cad>83</ns3:cad>
          </ns3:TrackPointExtension>
        </extensions>
      </trkpt>
      <trkpt lat="37.51912116073071956634521484375" lon="127.06852697767317295074462890625">
        <ele>6.599999904632568359375</ele>
        <time>2026-09-14T09:20:27.000Z</time>
        <extensions>
          <ns3:TrackPointExtension>
            <ns3:hr>150</ns3:hr>
            <ns3:cad>83</ns3:cad>
          </ns3:TrackPointExtension>
        </extensions>
      </trkpt>
      <trkpt lat="37.51912870444357395172119140625" lon="127.06856301985681056976318359375">
        <ele>6.599999904632568359375</ele>
        <time>2026-09-14T09:20:28.000Z</time>
        <extensions>
          <ns3:TrackPointExtension>
            <ns3:hr>150</ns3:hr>
            <ns3:cad>83</ns3:cad>
          </ns3:TrackPointExtension>
        </extensions>
      </trkpt>
      <trkpt lat="37.5191398523747920989990234375" lon="127.06859855912625789642333984375">
        <ele>6.80000019073486328125</ele>
        <time>2026-09-14T09:20:29.000Z</time>
        <extensions>
          <ns3:TrackPointExtension>
            <ns3:hr>150</ns3:hr>
            <ns3:cad>83</ns3:cad>
          </ns3:TrackPointExtension>
        </extensions>
      </trkpt>
      <trkpt lat="37.51914697699248790740966796875" lon="127.06862420774996280670166015625">
        <ele>6.80000019073486328125</ele>
        <time>2026-09-14T09:20:30.000Z</time>
        <extensions>
          <ns3:TrackPointExtension>
            <ns3:hr>150</ns3:hr>
            <ns3:cad>83</ns3:cad>
          </ns3:TrackPointExtension>
        </extensions>
      </trkpt>
      <trkpt lat="37.51914672553539276123046875" lon="127.06867282278835773468017578125">
        <ele>6.80000019073486328125</ele>
        <time>2026-09-14T09:20:31.000Z</time>
        <extensions>
          <ns3:TrackPointExtension>
            <ns3:hr>150</ns3:hr>
            <ns3:cad>84</ns3:cad>
          </ns3:TrackPointExtension>
        </extensions>
      </trkpt>
      <trkpt lat="37.5191472284495830535888671875" lon="127.0687064342200756072998046875">
        <ele>7</ele>
        <time>2026-09-14T09:20:32.000Z</time>
        <extensions>
          <ns3:TrackPointExtension>
            <ns3:hr>150</ns3:hr>
            <ns3:cad>84</ns3:cad>
          </ns3:TrackPointExtension>
        </extensions>
      </trkpt>
      <trkpt lat="37.5191425345838069915771484375" lon="127.06874691881239414215087890625">
        <ele>6.80000019073486328125</ele>
        <time>2026-09-14T09:20:33.000Z</time>
        <extensions>
          <ns3:TrackPointExtension>
            <ns3:hr>150</ns3:hr>
            <ns3:cad>84</ns3:cad>
          </ns3:TrackPointExtension>
        </extensions>
      </trkpt>
      <trkpt lat="37.51913071610033512115478515625" lon="127.068786732852458953857421875">
        <ele>6.80000019073486328125</ele>
        <time>2026-09-14T09:20:34.000Z</time>
        <extensions>
          <ns3:TrackPointExtension>
            <ns3:hr>150</ns3:hr>
            <ns3:cad>84</ns3:cad>
          </ns3:TrackPointExtension>
        </extensions>
      </trkpt>
      <trkpt lat="37.51912987791001796722412109375" lon="127.06881766207516193389892578125">
        <ele>6.80000019073486328125</ele>
        <time>2026-09-14T09:20:35.000Z</time>
        <extensions>
          <ns3:TrackPointExtension>
            <ns3:hr>150</ns3:hr>
            <ns3:cad>83</ns3:cad>
          </ns3:TrackPointExtension>
        </extensions>
      </trkpt>
      <trkpt lat="37.5191183947026729583740234375" lon="127.0688666962087154388427734375">
        <ele>6.80000019073486328125</ele>
        <time>2026-09-14T09:20:36.000Z</time>
        <extensions>
          <ns3:TrackPointExtension>
            <ns3:hr>151</ns3:hr>
            <ns3:cad>83</ns3:cad>
          </ns3:TrackPointExtension>
        </extensions>
      </trkpt>
      <trkpt lat="37.51911629922688007354736328125" lon="127.0689022354781627655029296875">
        <ele>7</ele>
        <time>2026-09-14T09:20:37.000Z</time>
        <extensions>
          <ns3:TrackPointExtension>
            <ns3:hr>150</ns3:hr>
            <ns3:cad>83</ns3:cad>
          </ns3:TrackPointExtension>
        </extensions>
      </trkpt>
      <trkpt lat="37.519112527370452880859375" lon="127.068944983184337615966796875">
        <ele>7</ele>
        <time>2026-09-14T09:20:38.000Z</time>
        <extensions>
          <ns3:TrackPointExtension>
            <ns3:hr>150</ns3:hr>
            <ns3:cad>84</ns3:cad>
          </ns3:TrackPointExtension>
        </extensions>
      </trkpt>
      <trkpt lat="37.51910221762955188751220703125" lon="127.0689803548157215118408203125">
        <ele>7</ele>
        <time>2026-09-14T09:20:39.000Z</time>
        <extensions>
          <ns3:TrackPointExtension>
            <ns3:hr>151</ns3:hr>
            <ns3:cad>84</ns3:cad>
          </ns3:TrackPointExtension>
        </extensions>
      </trkpt>
      <trkpt lat="37.5191002897918224334716796875" lon="127.06900474615395069122314453125">
        <ele>7.19999980926513671875</ele>
        <time>2026-09-14T09:20:40.000Z</time>
        <extensions>
          <ns3:TrackPointExtension>
            <ns3:hr>151</ns3:hr>
            <ns3:cad>84</ns3:cad>
          </ns3:TrackPointExtension>
        </extensions>
      </trkpt>
      <trkpt lat="37.51909174025058746337890625" lon="127.06904866732656955718994140625">
        <ele>7.19999980926513671875</ele>
        <time>2026-09-14T09:20:41.000Z</time>
        <extensions>
          <ns3:TrackPointExtension>
            <ns3:hr>151</ns3:hr>
            <ns3:cad>84</ns3:cad>
          </ns3:TrackPointExtension>
        </extensions>
      </trkpt>
      <trkpt lat="37.51908411271870136260986328125" lon="127.06907917745411396026611328125">
        <ele>7.19999980926513671875</ele>
        <time>2026-09-14T09:20:42.000Z</time>
        <extensions>
          <ns3:TrackPointExtension>
            <ns3:hr>151</ns3:hr>
            <ns3:cad>84</ns3:cad>
          </ns3:TrackPointExtension>
        </extensions>
      </trkpt>
      <trkpt lat="37.5190761499106884002685546875" lon="127.0691151358187198638916015625">
        <ele>7.19999980926513671875</ele>
        <time>2026-09-14T09:20:43.000Z</time>
        <extensions>
          <ns3:TrackPointExtension>
            <ns3:hr>151</ns3:hr>
            <ns3:cad>83</ns3:cad>
          </ns3:TrackPointExtension>
        </extensions>
      </trkpt>
      <trkpt lat="37.51905963756144046783447265625" lon="127.06915159709751605987548828125">
        <ele>7.19999980926513671875</ele>
        <time>2026-09-14T09:20:44.000Z</time>
        <extensions>
          <ns3:TrackPointExtension>
            <ns3:hr>151</ns3:hr>
            <ns3:cad>83</ns3:cad>
          </ns3:TrackPointExtension>
        </extensions>
      </trkpt>
      <trkpt lat="37.519053183495998382568359375" lon="127.06918177194893360137939453125">
        <ele>7.19999980926513671875</ele>
        <time>2026-09-14T09:20:45.000Z</time>
        <extensions>
          <ns3:TrackPointExtension>
            <ns3:hr>150</ns3:hr>
            <ns3:cad>84</ns3:cad>
          </ns3:TrackPointExtension>
        </extensions>
      </trkpt>
      <trkpt lat="37.5190322287380695343017578125" lon="127.06921848468482494354248046875">
        <ele>7.400000095367431640625</ele>
        <time>2026-09-14T09:20:46.000Z</time>
        <extensions>
          <ns3:TrackPointExtension>
            <ns3:hr>150</ns3:hr>
            <ns3:cad>84</ns3:cad>
          </ns3:TrackPointExtension>
        </extensions>
      </trkpt>
      <trkpt lat="37.51901035197079181671142578125" lon="127.069247402250766754150390625">
        <ele>7.400000095367431640625</ele>
        <time>2026-09-14T09:20:47.000Z</time>
        <extensions>
          <ns3:TrackPointExtension>
            <ns3:hr>150</ns3:hr>
            <ns3:cad>84</ns3:cad>
          </ns3:TrackPointExtension>
        </extensions>
      </trkpt>
      <trkpt lat="37.5189775787293910980224609375" lon="127.06924974918365478515625">
        <ele>7.599999904632568359375</ele>
        <time>2026-09-14T09:20:48.000Z</time>
        <extensions>
          <ns3:TrackPointExtension>
            <ns3:hr>150</ns3:hr>
            <ns3:cad>84</ns3:cad>
          </ns3:TrackPointExtension>
        </extensions>
      </trkpt>
      <trkpt lat="37.51894958317279815673828125" lon="127.06922954879701137542724609375">
        <ele>7.599999904632568359375</ele>
        <time>2026-09-14T09:20:49.000Z</time>
        <extensions>
          <ns3:TrackPointExtension>
            <ns3:hr>150</ns3:hr>
            <ns3:cad>84</ns3:cad>
          </ns3:TrackPointExtension>
        </extensions>
      </trkpt>
      <trkpt lat="37.51892720349133014678955078125" lon="127.06921999342739582061767578125">
        <ele>7.599999904632568359375</ele>
        <time>2026-09-14T09:20:50.000Z</time>
        <extensions>
          <ns3:TrackPointExtension>
            <ns3:hr>150</ns3:hr>
            <ns3:cad>84</ns3:cad>
          </ns3:TrackPointExtension>
        </extensions>
      </trkpt>
      <trkpt lat="37.5188957713544368743896484375" lon="127.06919417716562747955322265625">
        <ele>7.599999904632568359375</ele>
        <time>2026-09-14T09:20:51.000Z</time>
        <extensions>
          <ns3:TrackPointExtension>
            <ns3:hr>151</ns3:hr>
            <ns3:cad>83</ns3:cad>
          </ns3:TrackPointExtension>
        </extensions>
      </trkpt>
      <trkpt lat="37.51887138001620769500732421875" lon="127.0691731385886669158935546875">
        <ele>7.400000095367431640625</ele>
        <time>2026-09-14T09:20:52.000Z</time>
        <extensions>
          <ns3:TrackPointExtension>
            <ns3:hr>150</ns3:hr>
            <ns3:cad>83</ns3:cad>
          </ns3:TrackPointExtension>
        </extensions>
      </trkpt>
      <trkpt lat="37.5188370980322360992431640625" lon="127.0691396109759807586669921875">
        <ele>7.599999904632568359375</ele>
        <time>2026-09-14T09:20:53.000Z</time>
        <extensions>
          <ns3:TrackPointExtension>
            <ns3:hr>151</ns3:hr>
            <ns3:cad>83</ns3:cad>
          </ns3:TrackPointExtension>
        </extensions>
      </trkpt>
      <trkpt lat="37.51881253905594348907470703125" lon="127.0691201649606227874755859375">
        <ele>7.599999904632568359375</ele>
        <time>2026-09-14T09:20:54.000Z</time>
        <extensions>
          <ns3:TrackPointExtension>
            <ns3:hr>151</ns3:hr>
            <ns3:cad>83</ns3:cad>
          </ns3:TrackPointExtension>
        </extensions>
      </trkpt>
      <trkpt lat="37.51878705807030200958251953125" lon="127.06910633482038974761962890625">
        <ele>7.599999904632568359375</ele>
        <time>2026-09-14T09:20:55.000Z</time>
        <extensions>
          <ns3:TrackPointExtension>
            <ns3:hr>151</ns3:hr>
            <ns3:cad>84</ns3:cad>
          </ns3:TrackPointExtension>
        </extensions>
      </trkpt>
      <trkpt lat="37.5187579728662967681884765625" lon="127.06908278167247772216796875">
        <ele>7.599999904632568359375</ele>
        <time>2026-09-14T09:20:56.000Z</time>
        <extensions>
          <ns3:TrackPointExtension>
            <ns3:hr>151</ns3:hr>
            <ns3:cad>84</ns3:cad>
          </ns3:TrackPointExtension>
        </extensions>
      </trkpt>
      <trkpt lat="37.51873576082289218902587890625" lon="127.06907716579735279083251953125">
        <ele>7.599999904632568359375</ele>
        <time>2026-09-14T09:20:57.000Z</time>
        <extensions>
          <ns3:TrackPointExtension>
            <ns3:hr>151</ns3:hr>
            <ns3:cad>84</ns3:cad>
          </ns3:TrackPointExtension>
        </extensions>
      </trkpt>
      <trkpt lat="37.51870256848633289337158203125" lon="127.06906559877097606658935546875">
        <ele>7.599999904632568359375</ele>
        <time>2026-09-14T09:20:58.000Z</time>
        <extensions>
          <ns3:TrackPointExtension>
            <ns3:hr>152</ns3:hr>
            <ns3:cad>84</ns3:cad>
          </ns3:TrackPointExtension>
        </extensions>
      </trkpt>
      <trkpt lat="37.51867507584393024444580078125" lon="127.06905336119234561920166015625">
        <ele>7.599999904632568359375</ele>
        <time>2026-09-14T09:20:59.000Z</time>
        <extensions>
          <ns3:TrackPointExtension>
            <ns3:hr>152</ns3:hr>
            <ns3:cad>84</ns3:cad>
          </ns3:TrackPointExtension>
        </extensions>
      </trkpt>
      <trkpt lat="37.51864590682089328765869140625" lon="127.0690487511456012725830078125">
        <ele>7.599999904632568359375</ele>
        <time>2026-09-14T09:21:00.000Z</time>
        <extensions>
          <ns3:TrackPointExtension>
            <ns3:hr>152</ns3:hr>
            <ns3:cad>84</ns3:cad>
          </ns3:TrackPointExtension>
        </extensions>
      </trkpt>
      <trkpt lat="37.51861841417849063873291015625" lon="127.0690303109586238861083984375">
        <ele>7.599999904632568359375</ele>
        <time>2026-09-14T09:21:01.000Z</time>
        <extensions>
          <ns3:TrackPointExtension>
            <ns3:hr>152</ns3:hr>
            <ns3:cad>84</ns3:cad>
          </ns3:TrackPointExtension>
        </extensions>
      </trkpt>
      <trkpt lat="37.51859511248767375946044921875" lon="127.06902603618800640106201171875">
        <ele>7.599999904632568359375</ele>
        <time>2026-09-14T09:21:02.000Z</time>
        <extensions>
          <ns3:TrackPointExtension>
            <ns3:hr>152</ns3:hr>
            <ns3:cad>84</ns3:cad>
          </ns3:TrackPointExtension>
        </extensions>
      </trkpt>
      <trkpt lat="37.51856242306530475616455078125" lon="127.0690158940851688385009765625">
        <ele>7.599999904632568359375</ele>
        <time>2026-09-14T09:21:03.000Z</time>
        <extensions>
          <ns3:TrackPointExtension>
            <ns3:hr>152</ns3:hr>
            <ns3:cad>84</ns3:cad>
          </ns3:TrackPointExtension>
        </extensions>
      </trkpt>
      <trkpt lat="37.51853191293776035308837890625" lon="127.0690081827342510223388671875">
        <ele>7.400000095367431640625</ele>
        <time>2026-09-14T09:21:04.000Z</time>
        <extensions>
          <ns3:TrackPointExtension>
            <ns3:hr>153</ns3:hr>
            <ns3:cad>84</ns3:cad>
          </ns3:TrackPointExtension>
        </extensions>
      </trkpt>
      <trkpt lat="37.5185021571815013885498046875" lon="127.0689998008310794830322265625">
        <ele>7.599999904632568359375</ele>
        <time>2026-09-14T09:21:05.000Z</time>
        <extensions>
          <ns3:TrackPointExtension>
            <ns3:hr>153</ns3:hr>
            <ns3:cad>84</ns3:cad>
          </ns3:TrackPointExtension>
        </extensions>
      </trkpt>
      <trkpt lat="37.5184726528823375701904296875" lon="127.06898647360503673553466796875">
        <ele>7.400000095367431640625</ele>
        <time>2026-09-14T09:21:06.000Z</time>
        <extensions>
          <ns3:TrackPointExtension>
            <ns3:hr>153</ns3:hr>
            <ns3:cad>84</ns3:cad>
          </ns3:TrackPointExtension>
        </extensions>
      </trkpt>
      <trkpt lat="37.51843887381255626678466796875" lon="127.06897926516830921173095703125">
        <ele>7.400000095367431640625</ele>
        <time>2026-09-14T09:21:07.000Z</time>
        <extensions>
          <ns3:TrackPointExtension>
            <ns3:hr>153</ns3:hr>
            <ns3:cad>84</ns3:cad>
          </ns3:TrackPointExtension>
        </extensions>
      </trkpt>
      <trkpt lat="37.51841004006564617156982421875" lon="127.0689729787409305572509765625">
        <ele>7.400000095367431640625</ele>
        <time>2026-09-14T09:21:08.000Z</time>
        <extensions>
          <ns3:TrackPointExtension>
            <ns3:hr>153</ns3:hr>
            <ns3:cad>84</ns3:cad>
          </ns3:TrackPointExtension>
        </extensions>
      </trkpt>
      <trkpt lat="37.51839009113609790802001953125" lon="127.06897323019802570343017578125">
        <ele>7.400000095367431640625</ele>
        <time>2026-09-14T09:21:09.000Z</time>
        <extensions>
          <ns3:TrackPointExtension>
            <ns3:hr>153</ns3:hr>
            <ns3:cad>84</ns3:cad>
          </ns3:TrackPointExtension>
        </extensions>
      </trkpt>
      <trkpt lat="37.51836343668401241302490234375" lon="127.0689682848751544952392578125">
        <ele>7.599999904632568359375</ele>
        <time>2026-09-14T09:21:10.000Z</time>
        <extensions>
          <ns3:TrackPointExtension>
            <ns3:hr>153</ns3:hr>
            <ns3:cad>84</ns3:cad>
          </ns3:TrackPointExtension>
        </extensions>
      </trkpt>
      <trkpt lat="37.51833544112741947174072265625" lon="127.068957723677158355712890625">
        <ele>7.599999904632568359375</ele>
        <time>2026-09-14T09:21:11.000Z</time>
        <extensions>
          <ns3:TrackPointExtension>
            <ns3:hr>153</ns3:hr>
            <ns3:cad>84</ns3:cad>
          </ns3:TrackPointExtension>
        </extensions>
      </trkpt>
      <trkpt lat="37.51830895431339740753173828125" lon="127.0689558796584606170654296875">
        <ele>7.80000019073486328125</ele>
        <time>2026-09-14T09:21:12.000Z</time>
        <extensions>
          <ns3:TrackPointExtension>
            <ns3:hr>153</ns3:hr>
            <ns3:cad>85</ns3:cad>
          </ns3:TrackPointExtension>
        </extensions>
      </trkpt>
      <trkpt lat="37.51827559433877468109130859375" lon="127.06894791685044765472412109375">
        <ele>7.599999904632568359375</ele>
        <time>2026-09-14T09:21:13.000Z</time>
        <extensions>
          <ns3:TrackPointExtension>
            <ns3:hr>153</ns3:hr>
            <ns3:cad>85</ns3:cad>
          </ns3:TrackPointExtension>
        </extensions>
      </trkpt>
      <trkpt lat="37.5182473473250865936279296875" lon="127.0689411275088787078857421875">
        <ele>7.599999904632568359375</ele>
        <time>2026-09-14T09:21:14.000Z</time>
        <extensions>
          <ns3:TrackPointExtension>
            <ns3:hr>153</ns3:hr>
            <ns3:cad>84</ns3:cad>
          </ns3:TrackPointExtension>
        </extensions>
      </trkpt>
      <trkpt lat="37.51821960322558879852294921875" lon="127.0689367689192295074462890625">
        <ele>7.599999904632568359375</ele>
        <time>2026-09-14T09:21:15.000Z</time>
        <extensions>
          <ns3:TrackPointExtension>
            <ns3:hr>153</ns3:hr>
            <ns3:cad>84</ns3:cad>
          </ns3:TrackPointExtension>
        </extensions>
      </trkpt>
      <trkpt lat="37.51818272285163402557373046875" lon="127.06892293877899646759033203125">
        <ele>7.400000095367431640625</ele>
        <time>2026-09-14T09:21:16.000Z</time>
        <extensions>
          <ns3:TrackPointExtension>
            <ns3:hr>153</ns3:hr>
            <ns3:cad>84</ns3:cad>
          </ns3:TrackPointExtension>
        </extensions>
      </trkpt>
      <trkpt lat="37.51815590076148509979248046875" lon="127.06891656853258609771728515625">
        <ele>7.599999904632568359375</ele>
        <time>2026-09-14T09:21:17.000Z</time>
        <extensions>
          <ns3:TrackPointExtension>
            <ns3:hr>153</ns3:hr>
            <ns3:cad>84</ns3:cad>
          </ns3:TrackPointExtension>
        </extensions>
      </trkpt>
      <trkpt lat="37.5181187689304351806640625" lon="127.06890768371522426605224609375">
        <ele>7.599999904632568359375</ele>
        <time>2026-09-14T09:21:18.000Z</time>
        <extensions>
          <ns3:TrackPointExtension>
            <ns3:hr>152</ns3:hr>
            <ns3:cad>84</ns3:cad>
          </ns3:TrackPointExtension>
        </extensions>
      </trkpt>
      <trkpt lat="37.51809085719287395477294921875" lon="127.06890583969652652740478515625">
        <ele>7.599999904632568359375</ele>
        <time>2026-09-14T09:21:19.000Z</time>
        <extensions>
          <ns3:TrackPointExtension>
            <ns3:hr>153</ns3:hr>
            <ns3:cad>84</ns3:cad>
          </ns3:TrackPointExtension>
        </extensions>
      </trkpt>
      <trkpt lat="37.5180538929998874664306640625" lon="127.06890282221138477325439453125">
        <ele>7.599999904632568359375</ele>
        <time>2026-09-14T09:21:20.000Z</time>
        <extensions>
          <ns3:TrackPointExtension>
            <ns3:hr>152</ns3:hr>
            <ns3:cad>84</ns3:cad>
          </ns3:TrackPointExtension>
        </extensions>
      </trkpt>
      <trkpt lat="37.51802279613912105560302734375" lon="127.06889360211789608001708984375">
        <ele>7.599999904632568359375</ele>
        <time>2026-09-14T09:21:21.000Z</time>
        <extensions>
          <ns3:TrackPointExtension>
            <ns3:hr>152</ns3:hr>
            <ns3:cad>84</ns3:cad>
          </ns3:TrackPointExtension>
        </extensions>
      </trkpt>
      <trkpt lat="37.5179955549538135528564453125" lon="127.06889091990888118743896484375">
        <ele>7.599999904632568359375</ele>
        <time>2026-09-14T09:21:22.000Z</time>
        <extensions>
          <ns3:TrackPointExtension>
            <ns3:hr>152</ns3:hr>
            <ns3:cad>84</ns3:cad>
          </ns3:TrackPointExtension>
        </extensions>
      </trkpt>
      <trkpt lat="37.51796060241758823394775390625" lon="127.06888438202440738677978515625">
        <ele>7.599999904632568359375</ele>
        <time>2026-09-14T09:21:23.000Z</time>
        <extensions>
          <ns3:TrackPointExtension>
            <ns3:hr>153</ns3:hr>
            <ns3:cad>85</ns3:cad>
          </ns3:TrackPointExtension>
        </extensions>
      </trkpt>
      <trkpt lat="37.517930008471012115478515625" lon="127.0688858069479465484619140625">
        <ele>7.599999904632568359375</ele>
        <time>2026-09-14T09:21:24.000Z</time>
        <extensions>
          <ns3:TrackPointExtension>
            <ns3:hr>152</ns3:hr>
            <ns3:cad>85</ns3:cad>
          </ns3:TrackPointExtension>
        </extensions>
      </trkpt>
      <trkpt lat="37.51789748668670654296875" lon="127.0688908360898494720458984375">
        <ele>7.599999904632568359375</ele>
        <time>2026-09-14T09:21:25.000Z</time>
        <extensions>
          <ns3:TrackPointExtension>
            <ns3:hr>152</ns3:hr>
            <ns3:cad>84</ns3:cad>
          </ns3:TrackPointExtension>
        </extensions>
      </trkpt>
      <trkpt lat="37.5178666412830352783203125" lon="127.06888237036764621734619140625">
        <ele>7.599999904632568359375</ele>
        <time>2026-09-14T09:21:26.000Z</time>
        <extensions>
          <ns3:TrackPointExtension>
            <ns3:hr>152</ns3:hr>
            <ns3:cad>84</ns3:cad>
          </ns3:TrackPointExtension>
        </extensions>
      </trkpt>
      <trkpt lat="37.51784007064998149871826171875" lon="127.0688834600150585174560546875">
        <ele>7.400000095367431640625</ele>
        <time>2026-09-14T09:21:27.000Z</time>
        <extensions>
          <ns3:TrackPointExtension>
            <ns3:hr>153</ns3:hr>
            <ns3:cad>84</ns3:cad>
          </ns3:TrackPointExtension>
        </extensions>
      </trkpt>
      <trkpt lat="37.51780553720891475677490234375" lon="127.06887901760637760162353515625">
        <ele>7.400000095367431640625</ele>
        <time>2026-09-14T09:21:28.000Z</time>
        <extensions>
          <ns3:TrackPointExtension>
            <ns3:hr>152</ns3:hr>
            <ns3:cad>84</ns3:cad>
          </ns3:TrackPointExtension>
        </extensions>
      </trkpt>
      <trkpt lat="37.51778106205165386199951171875" lon="127.0688824541866779327392578125">
        <ele>7.400000095367431640625</ele>
        <time>2026-09-14T09:21:29.000Z</time>
        <extensions>
          <ns3:TrackPointExtension>
            <ns3:hr>152</ns3:hr>
            <ns3:cad>85</ns3:cad>
          </ns3:TrackPointExtension>
        </extensions>
      </trkpt>
      <trkpt lat="37.51774351112544536590576171875" lon="127.068890668451786041259765625">
        <ele>7.19999980926513671875</ele>
        <time>2026-09-14T09:21:30.000Z</time>
        <extensions>
          <ns3:TrackPointExtension>
            <ns3:hr>153</ns3:hr>
            <ns3:cad>85</ns3:cad>
          </ns3:TrackPointExtension>
        </extensions>
      </trkpt>
      <trkpt lat="37.5177139230072498321533203125" lon="127.0688982121646404266357421875">
        <ele>7.19999980926513671875</ele>
        <time>2026-09-14T09:21:31.000Z</time>
        <extensions>
          <ns3:TrackPointExtension>
            <ns3:hr>153</ns3:hr>
            <ns3:cad>85</ns3:cad>
          </ns3:TrackPointExtension>
        </extensions>
      </trkpt>
      <trkpt lat="37.51768701709806919097900390625" lon="127.06890868954360485076904296875">
        <ele>7.19999980926513671875</ele>
        <time>2026-09-14T09:21:32.000Z</time>
        <extensions>
          <ns3:TrackPointExtension>
            <ns3:hr>153</ns3:hr>
            <ns3:cad>85</ns3:cad>
          </ns3:TrackPointExtension>
        </extensions>
      </trkpt>
      <trkpt lat="37.5176535733044147491455078125" lon="127.06890709698200225830078125">
        <ele>7.19999980926513671875</ele>
        <time>2026-09-14T09:21:33.000Z</time>
        <extensions>
          <ns3:TrackPointExtension>
            <ns3:hr>152</ns3:hr>
            <ns3:cad>85</ns3:cad>
          </ns3:TrackPointExtension>
        </extensions>
      </trkpt>
      <trkpt lat="37.51762649975717067718505859375" lon="127.0689099468290805816650390625">
        <ele>7.400000095367431640625</ele>
        <time>2026-09-14T09:21:34.000Z</time>
        <extensions>
          <ns3:TrackPointExtension>
            <ns3:hr>153</ns3:hr>
            <ns3:cad>85</ns3:cad>
          </ns3:TrackPointExtension>
        </extensions>
      </trkpt>
      <trkpt lat="37.5175915472209453582763671875" lon="127.06891288049519062042236328125">
        <ele>7.400000095367431640625</ele>
        <time>2026-09-14T09:21:35.000Z</time>
        <extensions>
          <ns3:TrackPointExtension>
            <ns3:hr>152</ns3:hr>
            <ns3:cad>85</ns3:cad>
          </ns3:TrackPointExtension>
        </extensions>
      </trkpt>
      <trkpt lat="37.51756547950208187103271484375" lon="127.0689149759709835052490234375">
        <ele>7.400000095367431640625</ele>
        <time>2026-09-14T09:21:36.000Z</time>
        <extensions>
          <ns3:TrackPointExtension>
            <ns3:hr>152</ns3:hr>
            <ns3:cad>85</ns3:cad>
          </ns3:TrackPointExtension>
        </extensions>
      </trkpt>
      <trkpt lat="37.51752926968038082122802734375" lon="127.0689189992845058441162109375">
        <ele>7.400000095367431640625</ele>
        <time>2026-09-14T09:21:37.000Z</time>
        <extensions>
          <ns3:TrackPointExtension>
            <ns3:hr>152</ns3:hr>
            <ns3:cad>85</ns3:cad>
          </ns3:TrackPointExtension>
        </extensions>
      </trkpt>
      <trkpt lat="37.51749842427670955657958984375" lon="127.068919837474822998046875">
        <ele>7.400000095367431640625</ele>
        <time>2026-09-14T09:21:38.000Z</time>
        <extensions>
          <ns3:TrackPointExtension>
            <ns3:hr>153</ns3:hr>
            <ns3:cad>84</ns3:cad>
          </ns3:TrackPointExtension>
        </extensions>
      </trkpt>
      <trkpt lat="37.517474032938480377197265625" lon="127.068930901587009429931640625">
        <ele>7.400000095367431640625</ele>
        <time>2026-09-14T09:21:39.000Z</time>
        <extensions>
          <ns3:TrackPointExtension>
            <ns3:hr>152</ns3:hr>
            <ns3:cad>84</ns3:cad>
          </ns3:TrackPointExtension>
        </extensions>
      </trkpt>
      <trkpt lat="37.517438493669033050537109375" lon="127.06893349997699260711669921875">
        <ele>7.19999980926513671875</ele>
        <time>2026-09-14T09:21:40.000Z</time>
        <extensions>
          <ns3:TrackPointExtension>
            <ns3:hr>153</ns3:hr>
            <ns3:cad>84</ns3:cad>
          </ns3:TrackPointExtension>
        </extensions>
      </trkpt>
      <trkpt lat="37.51741401851177215576171875" lon="127.0689384452998638153076171875">
        <ele>7.19999980926513671875</ele>
        <time>2026-09-14T09:21:41.000Z</time>
        <extensions>
          <ns3:TrackPointExtension>
            <ns3:hr>153</ns3:hr>
            <ns3:cad>84</ns3:cad>
          </ns3:TrackPointExtension>
        </extensions>
      </trkpt>
      <trkpt lat="37.51737990416586399078369140625" lon="127.0689434744417667388916015625">
        <ele>7.19999980926513671875</ele>
        <time>2026-09-14T09:21:42.000Z</time>
        <extensions>
          <ns3:TrackPointExtension>
            <ns3:hr>153</ns3:hr>
            <ns3:cad>84</ns3:cad>
          </ns3:TrackPointExtension>
        </extensions>
      </trkpt>
      <trkpt lat="37.51735107041895389556884765625" lon="127.068946994841098785400390625">
        <ele>7.19999980926513671875</ele>
        <time>2026-09-14T09:21:43.000Z</time>
        <extensions>
          <ns3:TrackPointExtension>
            <ns3:hr>152</ns3:hr>
            <ns3:cad>84</ns3:cad>
          </ns3:TrackPointExtension>
        </extensions>
      </trkpt>
      <trkpt lat="37.517321817576885223388671875" lon="127.06895210780203342437744140625">
        <ele>7.400000095367431640625</ele>
        <time>2026-09-14T09:21:44.000Z</time>
        <extensions>
          <ns3:TrackPointExtension>
            <ns3:hr>152</ns3:hr>
            <ns3:cad>84</ns3:cad>
          </ns3:TrackPointExtension>
        </extensions>
      </trkpt>
      <trkpt lat="37.51728527247905731201171875" lon="127.0689578913152217864990234375">
        <ele>7.400000095367431640625</ele>
        <time>2026-09-14T09:21:45.000Z</time>
        <extensions>
          <ns3:TrackPointExtension>
            <ns3:hr>152</ns3:hr>
            <ns3:cad>84</ns3:cad>
          </ns3:TrackPointExtension>
        </extensions>
      </trkpt>
      <trkpt lat="37.517265491187572479248046875" lon="127.0689743198454380035400390625">
        <ele>7.400000095367431640625</ele>
        <time>2026-09-14T09:21:46.000Z</time>
        <extensions>
          <ns3:TrackPointExtension>
            <ns3:hr>152</ns3:hr>
            <ns3:cad>84</ns3:cad>
          </ns3:TrackPointExtension>
        </extensions>
      </trkpt>
      <trkpt lat="37.51722902990877628326416015625" lon="127.06898043863475322723388671875">
        <ele>7.400000095367431640625</ele>
        <time>2026-09-14T09:21:47.000Z</time>
        <extensions>
          <ns3:TrackPointExtension>
            <ns3:hr>153</ns3:hr>
            <ns3:cad>84</ns3:cad>
          </ns3:TrackPointExtension>
        </extensions>
      </trkpt>
      <trkpt lat="37.51719810068607330322265625" lon="127.06898446194827556610107421875">
        <ele>7.400000095367431640625</ele>
        <time>2026-09-14T09:21:48.000Z</time>
        <extensions>
          <ns3:TrackPointExtension>
            <ns3:hr>152</ns3:hr>
            <ns3:cad>84</ns3:cad>
          </ns3:TrackPointExtension>
        </extensions>
      </trkpt>
      <trkpt lat="37.51716784201562404632568359375" lon="127.0689935982227325439453125">
        <ele>7.400000095367431640625</ele>
        <time>2026-09-14T09:21:49.000Z</time>
        <extensions>
          <ns3:TrackPointExtension>
            <ns3:hr>152</ns3:hr>
            <ns3:cad>84</ns3:cad>
          </ns3:TrackPointExtension>
        </extensions>
      </trkpt>
      <trkpt lat="37.5171335600316524505615234375" lon="127.06899150274693965911865234375">
        <ele>7.400000095367431640625</ele>
        <time>2026-09-14T09:21:50.000Z</time>
        <extensions>
          <ns3:TrackPointExtension>
            <ns3:hr>152</ns3:hr>
            <ns3:cad>84</ns3:cad>
          </ns3:TrackPointExtension>
        </extensions>
      </trkpt>
      <trkpt lat="37.5171104259788990020751953125" lon="127.06899837590754032135009765625">
        <ele>7.400000095367431640625</ele>
        <time>2026-09-14T09:21:51.000Z</time>
        <extensions>
          <ns3:TrackPointExtension>
            <ns3:hr>153</ns3:hr>
            <ns3:cad>84</ns3:cad>
          </ns3:TrackPointExtension>
        </extensions>
      </trkpt>
      <trkpt lat="37.51707681454718112945556640625" lon="127.068998627364635467529296875">
        <ele>7.400000095367431640625</ele>
        <time>2026-09-14T09:21:52.000Z</time>
        <extensions>
          <ns3:TrackPointExtension>
            <ns3:hr>152</ns3:hr>
            <ns3:cad>84</ns3:cad>
          </ns3:TrackPointExtension>
        </extensions>
      </trkpt>
      <trkpt lat="37.5170453824102878570556640625" lon="127.06900575198233127593994140625">
        <ele>7.400000095367431640625</ele>
        <time>2026-09-14T09:21:53.000Z</time>
        <extensions>
          <ns3:TrackPointExtension>
            <ns3:hr>152</ns3:hr>
            <ns3:cad>84</ns3:cad>
          </ns3:TrackPointExtension>
        </extensions>
      </trkpt>
      <trkpt lat="37.51701327972114086151123046875" lon="127.069014720618724822998046875">
        <ele>7.400000095367431640625</ele>
        <time>2026-09-14T09:21:54.000Z</time>
        <extensions>
          <ns3:TrackPointExtension>
            <ns3:hr>152</ns3:hr>
            <ns3:cad>84</ns3:cad>
          </ns3:TrackPointExtension>
        </extensions>
      </trkpt>
      <trkpt lat="37.51697991974651813507080078125" lon="127.0690150558948516845703125">
        <ele>7.400000095367431640625</ele>
        <time>2026-09-14T09:21:55.000Z</time>
        <extensions>
          <ns3:TrackPointExtension>
            <ns3:hr>152</ns3:hr>
            <ns3:cad>84</ns3:cad>
          </ns3:TrackPointExtension>
        </extensions>
      </trkpt>
      <trkpt lat="37.51695829443633556365966796875" lon="127.06902536563575267791748046875">
        <ele>7.400000095367431640625</ele>
        <time>2026-09-14T09:21:56.000Z</time>
        <extensions>
          <ns3:TrackPointExtension>
            <ns3:hr>153</ns3:hr>
            <ns3:cad>84</ns3:cad>
          </ns3:TrackPointExtension>
        </extensions>
      </trkpt>
      <trkpt lat="37.51692074351012706756591796875" lon="127.06902754493057727813720703125">
        <ele>7.400000095367431640625</ele>
        <time>2026-09-14T09:21:57.000Z</time>
        <extensions>
          <ns3:TrackPointExtension>
            <ns3:hr>152</ns3:hr>
            <ns3:cad>84</ns3:cad>
          </ns3:TrackPointExtension>
        </extensions>
      </trkpt>
      <trkpt lat="37.5168929994106292724609375" lon="127.06903106532990932464599609375">
        <ele>7.400000095367431640625</ele>
        <time>2026-09-14T09:21:58.000Z</time>
        <extensions>
          <ns3:TrackPointExtension>
            <ns3:hr>152</ns3:hr>
            <ns3:cad>84</ns3:cad>
          </ns3:TrackPointExtension>
        </extensions>
      </trkpt>
      <trkpt lat="37.516861148178577423095703125" lon="127.069035507738590240478515625">
        <ele>7.400000095367431640625</ele>
        <time>2026-09-14T09:21:59.000Z</time>
        <extensions>
          <ns3:TrackPointExtension>
            <ns3:hr>153</ns3:hr>
            <ns3:cad>83</ns3:cad>
          </ns3:TrackPointExtension>
        </extensions>
      </trkpt>
      <trkpt lat="37.51683223061263561248779296875" lon="127.0690383575856685638427734375">
        <ele>7.400000095367431640625</ele>
        <time>2026-09-14T09:22:00.000Z</time>
        <extensions>
          <ns3:TrackPointExtension>
            <ns3:hr>152</ns3:hr>
            <ns3:cad>83</ns3:cad>
          </ns3:TrackPointExtension>
        </extensions>
      </trkpt>
      <trkpt lat="37.5168103538453578948974609375" lon="127.06904984079301357269287109375">
        <ele>7.400000095367431640625</ele>
        <time>2026-09-14T09:22:01.000Z</time>
        <extensions>
          <ns3:TrackPointExtension>
            <ns3:hr>152</ns3:hr>
            <ns3:cad>83</ns3:cad>
          </ns3:TrackPointExtension>
        </extensions>
      </trkpt>
      <trkpt lat="37.51677565276622772216796875" lon="127.0690517686307430267333984375">
        <ele>7.400000095367431640625</ele>
        <time>2026-09-14T09:22:02.000Z</time>
        <extensions>
          <ns3:TrackPointExtension>
            <ns3:hr>152</ns3:hr>
            <ns3:cad>83</ns3:cad>
          </ns3:TrackPointExtension>
        </extensions>
      </trkpt>
      <trkpt lat="37.51675008796155452728271484375" lon="127.06905922852456569671630859375">
        <ele>7.400000095367431640625</ele>
        <time>2026-09-14T09:22:03.000Z</time>
        <extensions>
          <ns3:TrackPointExtension>
            <ns3:hr>152</ns3:hr>
            <ns3:cad>83</ns3:cad>
          </ns3:TrackPointExtension>
        </extensions>
      </trkpt>
      <trkpt lat="37.51671438105404376983642578125" lon="127.06906191073358058929443359375">
        <ele>7.400000095367431640625</ele>
        <time>2026-09-14T09:22:04.000Z</time>
        <extensions>
          <ns3:TrackPointExtension>
            <ns3:hr>152</ns3:hr>
            <ns3:cad>83</ns3:cad>
          </ns3:TrackPointExtension>
        </extensions>
      </trkpt>
      <trkpt lat="37.51668688841164112091064453125" lon="127.06906526349484920501708984375">
        <ele>7.400000095367431640625</ele>
        <time>2026-09-14T09:22:05.000Z</time>
        <extensions>
          <ns3:TrackPointExtension>
            <ns3:hr>152</ns3:hr>
            <ns3:cad>83</ns3:cad>
          </ns3:TrackPointExtension>
        </extensions>
      </trkpt>
      <trkpt lat="37.5166645087301731109619140625" lon="127.06907515414059162139892578125">
        <ele>7.400000095367431640625</ele>
        <time>2026-09-14T09:22:06.000Z</time>
        <extensions>
          <ns3:TrackPointExtension>
            <ns3:hr>152</ns3:hr>
            <ns3:cad>84</ns3:cad>
          </ns3:TrackPointExtension>
        </extensions>
      </trkpt>
      <trkpt lat="37.5166272930800914764404296875" lon="127.06908102147281169891357421875">
        <ele>7.400000095367431640625</ele>
        <time>2026-09-14T09:22:07.000Z</time>
        <extensions>
          <ns3:TrackPointExtension>
            <ns3:hr>151</ns3:hr>
            <ns3:cad>84</ns3:cad>
          </ns3:TrackPointExtension>
        </extensions>
      </trkpt>
      <trkpt lat="37.51660340465605258941650390625" lon="127.06908923573791980743408203125">
        <ele>7.400000095367431640625</ele>
        <time>2026-09-14T09:22:08.000Z</time>
        <extensions>
          <ns3:TrackPointExtension>
            <ns3:hr>151</ns3:hr>
            <ns3:cad>84</ns3:cad>
          </ns3:TrackPointExtension>
        </extensions>
      </trkpt>
      <trkpt lat="37.5165657699108123779296875" lon="127.06909510307013988494873046875">
        <ele>7.400000095367431640625</ele>
        <time>2026-09-14T09:22:09.000Z</time>
        <extensions>
          <ns3:TrackPointExtension>
            <ns3:hr>151</ns3:hr>
            <ns3:cad>84</ns3:cad>
          </ns3:TrackPointExtension>
        </extensions>
      </trkpt>
      <trkpt lat="37.5165300630033016204833984375" lon="127.06909527070820331573486328125">
        <ele>7.19999980926513671875</ele>
        <time>2026-09-14T09:22:10.000Z</time>
        <extensions>
          <ns3:TrackPointExtension>
            <ns3:hr>151</ns3:hr>
            <ns3:cad>84</ns3:cad>
          </ns3:TrackPointExtension>
        </extensions>
      </trkpt>
      <trkpt lat="37.5165015645325183868408203125" lon="127.06910281442105770111083984375">
        <ele>7.400000095367431640625</ele>
        <time>2026-09-14T09:22:11.000Z</time>
        <extensions>
          <ns3:TrackPointExtension>
            <ns3:hr>151</ns3:hr>
            <ns3:cad>84</ns3:cad>
          </ns3:TrackPointExtension>
        </extensions>
      </trkpt>
      <trkpt lat="37.51646610908210277557373046875" lon="127.0691030658781528472900390625">
        <ele>7.400000095367431640625</ele>
        <time>2026-09-14T09:22:12.000Z</time>
        <extensions>
          <ns3:TrackPointExtension>
            <ns3:hr>151</ns3:hr>
            <ns3:cad>84</ns3:cad>
          </ns3:TrackPointExtension>
        </extensions>
      </trkpt>
      <trkpt lat="37.51644364558160305023193359375" lon="127.06910826265811920166015625">
        <ele>7.400000095367431640625</ele>
        <time>2026-09-14T09:22:13.000Z</time>
        <extensions>
          <ns3:TrackPointExtension>
            <ns3:hr>151</ns3:hr>
            <ns3:cad>84</ns3:cad>
          </ns3:TrackPointExtension>
        </extensions>
      </trkpt>
      <trkpt lat="37.51640827395021915435791015625" lon="127.06911496818065643310546875">
        <ele>7.400000095367431640625</ele>
        <time>2026-09-14T09:22:14.000Z</time>
        <extensions>
          <ns3:TrackPointExtension>
            <ns3:hr>151</ns3:hr>
            <ns3:cad>84</ns3:cad>
          </ns3:TrackPointExtension>
        </extensions>
      </trkpt>
      <trkpt lat="37.516378350555896759033203125" lon="127.0691211707890033721923828125">
        <ele>7.599999904632568359375</ele>
        <time>2026-09-14T09:22:15.000Z</time>
        <extensions>
          <ns3:TrackPointExtension>
            <ns3:hr>151</ns3:hr>
            <ns3:cad>84</ns3:cad>
          </ns3:TrackPointExtension>
        </extensions>
      </trkpt>
      <trkpt lat="37.5163493491709232330322265625" lon="127.06913265399634838104248046875">
        <ele>7.599999904632568359375</ele>
        <time>2026-09-14T09:22:16.000Z</time>
        <extensions>
          <ns3:TrackPointExtension>
            <ns3:hr>151</ns3:hr>
            <ns3:cad>84</ns3:cad>
          </ns3:TrackPointExtension>
        </extensions>
      </trkpt>
      <trkpt lat="37.516314648091793060302734375" lon="127.06913282163441181182861328125">
        <ele>7.599999904632568359375</ele>
        <time>2026-09-14T09:22:17.000Z</time>
        <extensions>
          <ns3:TrackPointExtension>
            <ns3:hr>151</ns3:hr>
            <ns3:cad>84</ns3:cad>
          </ns3:TrackPointExtension>
        </extensions>
      </trkpt>
      <trkpt lat="37.516290843486785888671875" lon="127.0691402815282344818115234375">
        <ele>7.599999904632568359375</ele>
        <time>2026-09-14T09:22:18.000Z</time>
        <extensions>
          <ns3:TrackPointExtension>
            <ns3:hr>151</ns3:hr>
            <ns3:cad>84</ns3:cad>
          </ns3:TrackPointExtension>
        </extensions>
      </trkpt>
      <trkpt lat="37.51625823788344860076904296875" lon="127.06914304755628108978271484375">
        <ele>7.400000095367431640625</ele>
        <time>2026-09-14T09:22:19.000Z</time>
        <extensions>
          <ns3:TrackPointExtension>
            <ns3:hr>151</ns3:hr>
            <ns3:cad>84</ns3:cad>
          </ns3:TrackPointExtension>
        </extensions>
      </trkpt>
      <trkpt lat="37.5162276439368724822998046875" lon="127.06914606504142284393310546875">
        <ele>7.599999904632568359375</ele>
        <time>2026-09-14T09:22:20.000Z</time>
        <extensions>
          <ns3:TrackPointExtension>
            <ns3:hr>150</ns3:hr>
            <ns3:cad>84</ns3:cad>
          </ns3:TrackPointExtension>
        </extensions>
      </trkpt>
      <trkpt lat="37.51619855873286724090576171875" lon="127.06915411166846752166748046875">
        <ele>7.599999904632568359375</ele>
        <time>2026-09-14T09:22:21.000Z</time>
        <extensions>
          <ns3:TrackPointExtension>
            <ns3:hr>151</ns3:hr>
            <ns3:cad>84</ns3:cad>
          </ns3:TrackPointExtension>
        </extensions>
      </trkpt>
      <trkpt lat="37.51616402529180049896240234375" lon="127.069142125546932220458984375">
        <ele>7.599999904632568359375</ele>
        <time>2026-09-14T09:22:22.000Z</time>
        <extensions>
          <ns3:TrackPointExtension>
            <ns3:hr>151</ns3:hr>
            <ns3:cad>83</ns3:cad>
          </ns3:TrackPointExtension>
        </extensions>
      </trkpt>
      <trkpt lat="37.516134940087795257568359375" lon="127.06913818605244159698486328125">
        <ele>7.599999904632568359375</ele>
        <time>2026-09-14T09:22:23.000Z</time>
        <extensions>
          <ns3:TrackPointExtension>
            <ns3:hr>150</ns3:hr>
            <ns3:cad>83</ns3:cad>
          </ns3:TrackPointExtension>
        </extensions>
      </trkpt>
      <trkpt lat="37.51609998755156993865966796875" lon="127.06912963651120662689208984375">
        <ele>7.599999904632568359375</ele>
        <time>2026-09-14T09:22:24.000Z</time>
        <extensions>
          <ns3:TrackPointExtension>
            <ns3:hr>151</ns3:hr>
            <ns3:cad>83</ns3:cad>
          </ns3:TrackPointExtension>
        </extensions>
      </trkpt>
      <trkpt lat="37.516070902347564697265625" lon="127.06911890767514705657958984375">
        <ele>7.599999904632568359375</ele>
        <time>2026-09-14T09:22:25.000Z</time>
        <extensions>
          <ns3:TrackPointExtension>
            <ns3:hr>151</ns3:hr>
            <ns3:cad>83</ns3:cad>
          </ns3:TrackPointExtension>
        </extensions>
      </trkpt>
      <trkpt lat="37.51604651100933551788330078125" lon="127.06910566426813602447509765625">
        <ele>7.599999904632568359375</ele>
        <time>2026-09-14T09:22:26.000Z</time>
        <extensions>
          <ns3:TrackPointExtension>
            <ns3:hr>150</ns3:hr>
            <ns3:cad>83</ns3:cad>
          </ns3:TrackPointExtension>
        </extensions>
      </trkpt>
      <trkpt lat="37.51602069474756717681884765625" lon="127.0690863020718097686767578125">
        <ele>7.400000095367431640625</ele>
        <time>2026-09-14T09:22:27.000Z</time>
        <extensions>
          <ns3:TrackPointExtension>
            <ns3:hr>151</ns3:hr>
            <ns3:cad>84</ns3:cad>
          </ns3:TrackPointExtension>
        </extensions>
      </trkpt>
      <trkpt lat="37.5160009972751140594482421875" lon="127.06907968036830425262451171875">
        <ele>7.400000095367431640625</ele>
        <time>2026-09-14T09:22:28.000Z</time>
        <extensions>
          <ns3:TrackPointExtension>
            <ns3:hr>151</ns3:hr>
            <ns3:cad>84</ns3:cad>
          </ns3:TrackPointExtension>
        </extensions>
      </trkpt>
      <trkpt lat="37.51597275026142597198486328125" lon="127.069059647619724273681640625">
        <ele>7.19999980926513671875</ele>
        <time>2026-09-14T09:22:29.000Z</time>
        <extensions>
          <ns3:TrackPointExtension>
            <ns3:hr>151</ns3:hr>
            <ns3:cad>83</ns3:cad>
          </ns3:TrackPointExtension>
        </extensions>
      </trkpt>
      <trkpt lat="37.51595229841768741607666015625" lon="127.069039531052112579345703125">
        <ele>7.19999980926513671875</ele>
        <time>2026-09-14T09:22:30.000Z</time>
        <extensions>
          <ns3:TrackPointExtension>
            <ns3:hr>151</ns3:hr>
            <ns3:cad>83</ns3:cad>
          </ns3:TrackPointExtension>
        </extensions>
      </trkpt>
      <trkpt lat="37.51592949964106082916259765625" lon="127.0690286345779895782470703125">
        <ele>7</ele>
        <time>2026-09-14T09:22:31.000Z</time>
        <extensions>
          <ns3:TrackPointExtension>
            <ns3:hr>151</ns3:hr>
            <ns3:cad>83</ns3:cad>
          </ns3:TrackPointExtension>
        </extensions>
      </trkpt>
      <trkpt lat="37.51589966006577014923095703125" lon="127.0690055005252361297607421875">
        <ele>7</ele>
        <time>2026-09-14T09:22:32.000Z</time>
        <extensions>
          <ns3:TrackPointExtension>
            <ns3:hr>150</ns3:hr>
            <ns3:cad>83</ns3:cad>
          </ns3:TrackPointExtension>
        </extensions>
      </trkpt>
      <trkpt lat="37.51587669365108013153076171875" lon="127.06899334676563739776611328125">
        <ele>7</ele>
        <time>2026-09-14T09:22:33.000Z</time>
        <extensions>
          <ns3:TrackPointExtension>
            <ns3:hr>151</ns3:hr>
            <ns3:cad>83</ns3:cad>
          </ns3:TrackPointExtension>
        </extensions>
      </trkpt>
      <trkpt lat="37.51584601588547229766845703125" lon="127.06897071562707424163818359375">
        <ele>7</ele>
        <time>2026-09-14T09:22:34.000Z</time>
        <extensions>
          <ns3:TrackPointExtension>
            <ns3:hr>150</ns3:hr>
            <ns3:cad>83</ns3:cad>
          </ns3:TrackPointExtension>
        </extensions>
      </trkpt>
      <trkpt lat="37.5158212892711162567138671875" lon="127.06895043142139911651611328125">
        <ele>7</ele>
        <time>2026-09-14T09:22:35.000Z</time>
        <extensions>
          <ns3:TrackPointExtension>
            <ns3:hr>150</ns3:hr>
            <ns3:cad>83</ns3:cad>
          </ns3:TrackPointExtension>
        </extensions>
      </trkpt>
      <trkpt lat="37.5157944671809673309326171875" lon="127.0689324103295803070068359375">
        <ele>7</ele>
        <time>2026-09-14T09:22:36.000Z</time>
        <extensions>
          <ns3:TrackPointExtension>
            <ns3:hr>150</ns3:hr>
            <ns3:cad>83</ns3:cad>
          </ns3:TrackPointExtension>
        </extensions>
      </trkpt>
      <trkpt lat="37.51576244831085205078125" lon="127.06890583969652652740478515625">
        <ele>7.19999980926513671875</ele>
        <time>2026-09-14T09:22:37.000Z</time>
        <extensions>
          <ns3:TrackPointExtension>
            <ns3:hr>150</ns3:hr>
            <ns3:cad>83</ns3:cad>
          </ns3:TrackPointExtension>
        </extensions>
      </trkpt>
      <trkpt lat="37.51573638059198856353759765625" lon="127.06888505257666110992431640625">
        <ele>7.19999980926513671875</ele>
        <time>2026-09-14T09:22:38.000Z</time>
        <extensions>
          <ns3:TrackPointExtension>
            <ns3:hr>150</ns3:hr>
            <ns3:cad>83</ns3:cad>
          </ns3:TrackPointExtension>
        </extensions>
      </trkpt>
      <trkpt lat="37.5157066248357295989990234375" lon="127.06886493600904941558837890625">
        <ele>7</ele>
        <time>2026-09-14T09:22:39.000Z</time>
        <extensions>
          <ns3:TrackPointExtension>
            <ns3:hr>150</ns3:hr>
            <ns3:cad>83</ns3:cad>
          </ns3:TrackPointExtension>
        </extensions>
      </trkpt>
      <trkpt lat="37.51567435450851917266845703125" lon="127.0688428916037082672119140625">
        <ele>6.80000019073486328125</ele>
        <time>2026-09-14T09:22:40.000Z</time>
        <extensions>
          <ns3:TrackPointExtension>
            <ns3:hr>150</ns3:hr>
            <ns3:cad>83</ns3:cad>
          </ns3:TrackPointExtension>
        </extensions>
      </trkpt>
      <trkpt lat="37.51564116217195987701416015625" lon="127.06882520578801631927490234375">
        <ele>6.80000019073486328125</ele>
        <time>2026-09-14T09:22:41.000Z</time>
        <extensions>
          <ns3:TrackPointExtension>
            <ns3:hr>150</ns3:hr>
            <ns3:cad>84</ns3:cad>
          </ns3:TrackPointExtension>
        </extensions>
      </trkpt>
      <trkpt lat="37.5156100653111934661865234375" lon="127.0687932707369327545166015625">
        <ele>6.80000019073486328125</ele>
        <time>2026-09-14T09:22:42.000Z</time>
        <extensions>
          <ns3:TrackPointExtension>
            <ns3:hr>150</ns3:hr>
            <ns3:cad>84</ns3:cad>
          </ns3:TrackPointExtension>
        </extensions>
      </trkpt>
      <trkpt lat="37.51558533869683742523193359375" lon="127.06877625547349452972412109375">
        <ele>6.80000019073486328125</ele>
        <time>2026-09-14T09:22:43.000Z</time>
        <extensions>
          <ns3:TrackPointExtension>
            <ns3:hr>150</ns3:hr>
            <ns3:cad>84</ns3:cad>
          </ns3:TrackPointExtension>
        </extensions>
      </trkpt>
      <trkpt lat="37.51555583439767360687255859375" lon="127.0687449909746646881103515625">
        <ele>6.80000019073486328125</ele>
        <time>2026-09-14T09:22:44.000Z</time>
        <extensions>
          <ns3:TrackPointExtension>
            <ns3:hr>150</ns3:hr>
            <ns3:cad>84</ns3:cad>
          </ns3:TrackPointExtension>
        </extensions>
      </trkpt>
      <trkpt lat="37.515534460544586181640625" lon="127.06871758215129375457763671875">
        <ele>6.80000019073486328125</ele>
        <time>2026-09-14T09:22:45.000Z</time>
        <extensions>
          <ns3:TrackPointExtension>
            <ns3:hr>151</ns3:hr>
            <ns3:cad>84</ns3:cad>
          </ns3:TrackPointExtension>
        </extensions>
      </trkpt>
      <trkpt lat="37.51551358960568904876708984375" lon="127.0686829648911952972412109375">
        <ele>6.80000019073486328125</ele>
        <time>2026-09-14T09:22:46.000Z</time>
        <extensions>
          <ns3:TrackPointExtension>
            <ns3:hr>150</ns3:hr>
            <ns3:cad>84</ns3:cad>
          </ns3:TrackPointExtension>
        </extensions>
      </trkpt>
      <trkpt lat="37.5155037827789783477783203125" lon="127.06864683888852596282958984375">
        <ele>6.599999904632568359375</ele>
        <time>2026-09-14T09:22:47.000Z</time>
        <extensions>
          <ns3:TrackPointExtension>
            <ns3:hr>150</ns3:hr>
            <ns3:cad>84</ns3:cad>
          </ns3:TrackPointExtension>
        </extensions>
      </trkpt>
      <trkpt lat="37.515493892133235931396484375" lon="127.06861968152225017547607421875">
        <ele>6.400000095367431640625</ele>
        <time>2026-09-14T09:22:48.000Z</time>
        <extensions>
          <ns3:TrackPointExtension>
            <ns3:hr>150</ns3:hr>
            <ns3:cad>84</ns3:cad>
          </ns3:TrackPointExtension>
        </extensions>
      </trkpt>
      <trkpt lat="37.51549028791487216949462890625" lon="127.06857760436832904815673828125">
        <ele>6.19999980926513671875</ele>
        <time>2026-09-14T09:22:49.000Z</time>
        <extensions>
          <ns3:TrackPointExtension>
            <ns3:hr>150</ns3:hr>
            <ns3:cad>84</ns3:cad>
          </ns3:TrackPointExtension>
        </extensions>
      </trkpt>
      <trkpt lat="37.51547855325043201446533203125" lon="127.06853887997567653656005859375">
        <ele>6.19999980926513671875</ele>
        <time>2026-09-14T09:22:50.000Z</time>
        <extensions>
          <ns3:TrackPointExtension>
            <ns3:hr>150</ns3:hr>
            <ns3:cad>84</ns3:cad>
          </ns3:TrackPointExtension>
        </extensions>
      </trkpt>
      <trkpt lat="37.51547000370919704437255859375" lon="127.06849412061274051666259765625">
        <ele>6.19999980926513671875</ele>
        <time>2026-09-14T09:22:51.000Z</time>
        <extensions>
          <ns3:TrackPointExtension>
            <ns3:hr>150</ns3:hr>
            <ns3:cad>84</ns3:cad>
          </ns3:TrackPointExtension>
        </extensions>
      </trkpt>
      <trkpt lat="37.51546598039567470550537109375" lon="127.0684526301920413970947265625">
        <ele>6.19999980926513671875</ele>
        <time>2026-09-14T09:22:52.000Z</time>
        <extensions>
          <ns3:TrackPointExtension>
            <ns3:hr>149</ns3:hr>
            <ns3:cad>85</ns3:cad>
          </ns3:TrackPointExtension>
        </extensions>
      </trkpt>
      <trkpt lat="37.51545994542539119720458984375" lon="127.0684196054935455322265625">
        <ele>6.19999980926513671875</ele>
        <time>2026-09-14T09:22:53.000Z</time>
        <extensions>
          <ns3:TrackPointExtension>
            <ns3:hr>149</ns3:hr>
            <ns3:cad>85</ns3:cad>
          </ns3:TrackPointExtension>
        </extensions>
      </trkpt>
      <trkpt lat="37.5154558382928371429443359375" lon="127.06837275065481662750244140625">
        <ele>6.19999980926513671875</ele>
        <time>2026-09-14T09:22:54.000Z</time>
        <extensions>
          <ns3:TrackPointExtension>
            <ns3:hr>149</ns3:hr>
            <ns3:cad>84</ns3:cad>
          </ns3:TrackPointExtension>
        </extensions>
      </trkpt>
      <trkpt lat="37.51545122824609279632568359375" lon="127.068338803946971893310546875">
        <ele>6.400000095367431640625</ele>
        <time>2026-09-14T09:22:55.000Z</time>
        <extensions>
          <ns3:TrackPointExtension>
            <ns3:hr>149</ns3:hr>
            <ns3:cad>84</ns3:cad>
          </ns3:TrackPointExtension>
        </extensions>
      </trkpt>
      <trkpt lat="37.51544603146612644195556640625" lon="127.06829287111759185791015625">
        <ele>6.400000095367431640625</ele>
        <time>2026-09-14T09:22:56.000Z</time>
        <extensions>
          <ns3:TrackPointExtension>
            <ns3:hr>149</ns3:hr>
            <ns3:cad>84</ns3:cad>
          </ns3:TrackPointExtension>
        </extensions>
      </trkpt>
      <trkpt lat="37.515438906848430633544921875" lon="127.0682588405907154083251953125">
        <ele>6.400000095367431640625</ele>
        <time>2026-09-14T09:22:57.000Z</time>
        <extensions>
          <ns3:TrackPointExtension>
            <ns3:hr>149</ns3:hr>
            <ns3:cad>84</ns3:cad>
          </ns3:TrackPointExtension>
        </extensions>
      </trkpt>
      <trkpt lat="37.5154353864490985870361328125" lon="127.0682264864444732666015625">
        <ele>6.599999904632568359375</ele>
        <time>2026-09-14T09:22:58.000Z</time>
        <extensions>
          <ns3:TrackPointExtension>
            <ns3:hr>149</ns3:hr>
            <ns3:cad>84</ns3:cad>
          </ns3:TrackPointExtension>
        </extensions>
      </trkpt>
      <trkpt lat="37.51543865539133548736572265625" lon="127.068179547786712646484375">
        <ele>6.599999904632568359375</ele>
        <time>2026-09-14T09:22:59.000Z</time>
        <extensions>
          <ns3:TrackPointExtension>
            <ns3:hr>149</ns3:hr>
            <ns3:cad>84</ns3:cad>
          </ns3:TrackPointExtension>
        </extensions>
      </trkpt>
      <trkpt lat="37.5154365599155426025390625" lon="127.06815029494464397430419921875">
        <ele>6.599999904632568359375</ele>
        <time>2026-09-14T09:23:00.000Z</time>
        <extensions>
          <ns3:TrackPointExtension>
            <ns3:hr>149</ns3:hr>
            <ns3:cad>84</ns3:cad>
          </ns3:TrackPointExtension>
        </extensions>
      </trkpt>
      <trkpt lat="37.51543278805911540985107421875" lon="127.0681019313633441925048828125">
        <ele>6.80000019073486328125</ele>
        <time>2026-09-14T09:23:01.000Z</time>
        <extensions>
          <ns3:TrackPointExtension>
            <ns3:hr>149</ns3:hr>
            <ns3:cad>84</ns3:cad>
          </ns3:TrackPointExtension>
        </extensions>
      </trkpt>
      <trkpt lat="37.5154236517846584320068359375" lon="127.06806815229356288909912109375">
        <ele>6.80000019073486328125</ele>
        <time>2026-09-14T09:23:02.000Z</time>
        <extensions>
          <ns3:TrackPointExtension>
            <ns3:hr>149</ns3:hr>
            <ns3:cad>84</ns3:cad>
          </ns3:TrackPointExtension>
        </extensions>
      </trkpt>
      <trkpt lat="37.51541585661470890045166015625" lon="127.0680318586528301239013671875">
        <ele>6.80000019073486328125</ele>
        <time>2026-09-14T09:23:03.000Z</time>
        <extensions>
          <ns3:TrackPointExtension>
            <ns3:hr>149</ns3:hr>
            <ns3:cad>84</ns3:cad>
          </ns3:TrackPointExtension>
        </extensions>
      </trkpt>
      <trkpt lat="37.515421472489833831787109375" lon="127.06798969767987728118896484375">
        <ele>6.599999904632568359375</ele>
        <time>2026-09-14T09:23:04.000Z</time>
        <extensions>
          <ns3:TrackPointExtension>
            <ns3:hr>149</ns3:hr>
            <ns3:cad>84</ns3:cad>
          </ns3:TrackPointExtension>
        </extensions>
      </trkpt>
      <trkpt lat="37.51541937701404094696044921875" lon="127.0679594390094280242919921875">
        <ele>6.599999904632568359375</ele>
        <time>2026-09-14T09:23:05.000Z</time>
        <extensions>
          <ns3:TrackPointExtension>
            <ns3:hr>149</ns3:hr>
            <ns3:cad>84</ns3:cad>
          </ns3:TrackPointExtension>
        </extensions>
      </trkpt>
      <trkpt lat="37.51541501842439174652099609375" lon="127.06790721975266933441162109375">
        <ele>6.400000095367431640625</ele>
        <time>2026-09-14T09:23:06.000Z</time>
        <extensions>
          <ns3:TrackPointExtension>
            <ns3:hr>149</ns3:hr>
            <ns3:cad>85</ns3:cad>
          </ns3:TrackPointExtension>
        </extensions>
      </trkpt>
      <trkpt lat="37.51540839672088623046875" lon="127.06787033937871456146240234375">
        <ele>6.400000095367431640625</ele>
        <time>2026-09-14T09:23:07.000Z</time>
        <extensions>
          <ns3:TrackPointExtension>
            <ns3:hr>149</ns3:hr>
            <ns3:cad>85</ns3:cad>
          </ns3:TrackPointExtension>
        </extensions>
      </trkpt>
      <trkpt lat="37.5154005177319049835205078125" lon="127.06782750785350799560546875">
        <ele>6.19999980926513671875</ele>
        <time>2026-09-14T09:23:08.000Z</time>
        <extensions>
          <ns3:TrackPointExtension>
            <ns3:hr>149</ns3:hr>
            <ns3:cad>84</ns3:cad>
          </ns3:TrackPointExtension>
        </extensions>
      </trkpt>
      <trkpt lat="37.51540143974125385284423828125" lon="127.067775540053844451904296875">
        <ele>6.19999980926513671875</ele>
        <time>2026-09-14T09:23:09.000Z</time>
        <extensions>
          <ns3:TrackPointExtension>
            <ns3:hr>149</ns3:hr>
            <ns3:cad>84</ns3:cad>
          </ns3:TrackPointExtension>
        </extensions>
      </trkpt>
      <trkpt lat="37.51540345139801502227783203125" lon="127.06774209626019001007080078125">
        <ele>6.400000095367431640625</ele>
        <time>2026-09-14T09:23:10.000Z</time>
        <extensions>
          <ns3:TrackPointExtension>
            <ns3:hr>149</ns3:hr>
            <ns3:cad>83</ns3:cad>
          </ns3:TrackPointExtension>
        </extensions>
      </trkpt>
      <trkpt lat="37.5154018588364124298095703125" lon="127.06769130192697048187255859375">
        <ele>6.400000095367431640625</ele>
        <time>2026-09-14T09:23:11.000Z</time>
        <extensions>
          <ns3:TrackPointExtension>
            <ns3:hr>149</ns3:hr>
            <ns3:cad>83</ns3:cad>
          </ns3:TrackPointExtension>
        </extensions>
      </trkpt>
      <trkpt lat="37.515392303466796875" lon="127.0676620490849018096923828125">
        <ele>6.599999904632568359375</ele>
        <time>2026-09-14T09:23:12.000Z</time>
        <extensions>
          <ns3:TrackPointExtension>
            <ns3:hr>149</ns3:hr>
            <ns3:cad>83</ns3:cad>
          </ns3:TrackPointExtension>
        </extensions>
      </trkpt>
      <trkpt lat="37.51537981443107128143310546875" lon="127.06763195805251598358154296875">
        <ele>6.599999904632568359375</ele>
        <time>2026-09-14T09:23:13.000Z</time>
        <extensions>
          <ns3:TrackPointExtension>
            <ns3:hr>150</ns3:hr>
            <ns3:cad>84</ns3:cad>
          </ns3:TrackPointExtension>
        </extensions>
      </trkpt>
      <trkpt lat="37.51538400538265705108642578125" lon="127.06758904270827770233154296875">
        <ele>6.599999904632568359375</ele>
        <time>2026-09-14T09:23:14.000Z</time>
        <extensions>
          <ns3:TrackPointExtension>
            <ns3:hr>150</ns3:hr>
            <ns3:cad>84</ns3:cad>
          </ns3:TrackPointExtension>
        </extensions>
      </trkpt>
      <trkpt lat="37.51537897624075412750244140625" lon="127.06755819730460643768310546875">
        <ele>6.400000095367431640625</ele>
        <time>2026-09-14T09:23:15.000Z</time>
        <extensions>
          <ns3:TrackPointExtension>
            <ns3:hr>150</ns3:hr>
            <ns3:cad>84</ns3:cad>
          </ns3:TrackPointExtension>
        </extensions>
      </trkpt>
      <trkpt lat="37.5153669901192188262939453125" lon="127.06752114929258823394775390625">
        <ele>6.400000095367431640625</ele>
        <time>2026-09-14T09:23:16.000Z</time>
        <extensions>
          <ns3:TrackPointExtension>
            <ns3:hr>150</ns3:hr>
            <ns3:cad>84</ns3:cad>
          </ns3:TrackPointExtension>
        </extensions>
      </trkpt>
      <trkpt lat="37.515352405607700347900390625" lon="127.06748678348958492279052734375">
        <ele>6.19999980926513671875</ele>
        <time>2026-09-14T09:23:17.000Z</time>
        <extensions>
          <ns3:TrackPointExtension>
            <ns3:hr>150</ns3:hr>
            <ns3:cad>84</ns3:cad>
          </ns3:TrackPointExtension>
        </extensions>
      </trkpt>
      <trkpt lat="37.5153478793799877166748046875" lon="127.06745543517172336578369140625">
        <ele>6.19999980926513671875</ele>
        <time>2026-09-14T09:23:18.000Z</time>
        <extensions>
          <ns3:TrackPointExtension>
            <ns3:hr>150</ns3:hr>
            <ns3:cad>83</ns3:cad>
          </ns3:TrackPointExtension>
        </extensions>
      </trkpt>
      <trkpt lat="37.5153292715549468994140625" lon="127.0674172975122928619384765625">
        <ele>6.19999980926513671875</ele>
        <time>2026-09-14T09:23:19.000Z</time>
        <extensions>
          <ns3:TrackPointExtension>
            <ns3:hr>150</ns3:hr>
            <ns3:cad>83</ns3:cad>
          </ns3:TrackPointExtension>
        </extensions>
      </trkpt>
      <trkpt lat="37.515308819711208343505859375" lon="127.06741721369326114654541015625">
        <ele>6</ele>
        <time>2026-09-14T09:23:20.000Z</time>
        <extensions>
          <ns3:TrackPointExtension>
            <ns3:hr>151</ns3:hr>
            <ns3:cad>83</ns3:cad>
          </ns3:TrackPointExtension>
        </extensions>
      </trkpt>
      <trkpt lat="37.51527638174593448638916015625" lon="127.0674246735870838165283203125">
        <ele>5.80000019073486328125</ele>
        <time>2026-09-14T09:23:21.000Z</time>
        <extensions>
          <ns3:TrackPointExtension>
            <ns3:hr>150</ns3:hr>
            <ns3:cad>83</ns3:cad>
          </ns3:TrackPointExtension>
        </extensions>
      </trkpt>
      <trkpt lat="37.51524268649518489837646484375" lon="127.06742475740611553192138671875">
        <ele>5.80000019073486328125</ele>
        <time>2026-09-14T09:23:22.000Z</time>
        <extensions>
          <ns3:TrackPointExtension>
            <ns3:hr>150</ns3:hr>
            <ns3:cad>83</ns3:cad>
          </ns3:TrackPointExtension>
        </extensions>
      </trkpt>
      <trkpt lat="37.51521854661405086517333984375" lon="127.06743657588958740234375">
        <ele>5.80000019073486328125</ele>
        <time>2026-09-14T09:23:23.000Z</time>
        <extensions>
          <ns3:TrackPointExtension>
            <ns3:hr>150</ns3:hr>
            <ns3:cad>83</ns3:cad>
          </ns3:TrackPointExtension>
        </extensions>
      </trkpt>
      <trkpt lat="37.51518300734460353851318359375" lon="127.0674370788037776947021484375">
        <ele>5.599999904632568359375</ele>
        <time>2026-09-14T09:23:24.000Z</time>
        <extensions>
          <ns3:TrackPointExtension>
            <ns3:hr>151</ns3:hr>
            <ns3:cad>83</ns3:cad>
          </ns3:TrackPointExtension>
        </extensions>
      </trkpt>
      <trkpt lat="37.51516205258667469024658203125" lon="127.06744537688791751861572265625">
        <ele>5.599999904632568359375</ele>
        <time>2026-09-14T09:23:25.000Z</time>
        <extensions>
          <ns3:TrackPointExtension>
            <ns3:hr>150</ns3:hr>
            <ns3:cad>83</ns3:cad>
          </ns3:TrackPointExtension>
        </extensions>
      </trkpt>
      <trkpt lat="37.51512919552624225616455078125" lon="127.0674494840204715728759765625">
        <ele>5.599999904632568359375</ele>
        <time>2026-09-14T09:23:26.000Z</time>
        <extensions>
          <ns3:TrackPointExtension>
            <ns3:hr>150</ns3:hr>
            <ns3:cad>83</ns3:cad>
          </ns3:TrackPointExtension>
        </extensions>
      </trkpt>
      <trkpt lat="37.515102289617061614990234375" lon="127.0674478076398372650146484375">
        <ele>5.599999904632568359375</ele>
        <time>2026-09-14T09:23:27.000Z</time>
        <extensions>
          <ns3:TrackPointExtension>
            <ns3:hr>150</ns3:hr>
            <ns3:cad>83</ns3:cad>
          </ns3:TrackPointExtension>
        </extensions>
      </trkpt>
      <trkpt lat="37.5150752998888492584228515625" lon="127.06745442934334278106689453125">
        <ele>5.599999904632568359375</ele>
        <time>2026-09-14T09:23:28.000Z</time>
        <extensions>
          <ns3:TrackPointExtension>
            <ns3:hr>150</ns3:hr>
            <ns3:cad>83</ns3:cad>
          </ns3:TrackPointExtension>
        </extensions>
      </trkpt>
      <trkpt lat="37.51503800041973590850830078125" lon="127.067457698285579681396484375">
        <ele>5.599999904632568359375</ele>
        <time>2026-09-14T09:23:29.000Z</time>
        <extensions>
          <ns3:TrackPointExtension>
            <ns3:hr>150</ns3:hr>
            <ns3:cad>83</ns3:cad>
          </ns3:TrackPointExtension>
        </extensions>
      </trkpt>
      <trkpt lat="37.515016458928585052490234375" lon="127.06746381707489490509033203125">
        <ele>5.80000019073486328125</ele>
        <time>2026-09-14T09:23:30.000Z</time>
        <extensions>
          <ns3:TrackPointExtension>
            <ns3:hr>149</ns3:hr>
            <ns3:cad>84</ns3:cad>
          </ns3:TrackPointExtension>
        </extensions>
      </trkpt>
      <trkpt lat="37.5149787403643131256103515625" lon="127.0674689300358295440673828125">
        <ele>5.80000019073486328125</ele>
        <time>2026-09-14T09:23:31.000Z</time>
        <extensions>
          <ns3:TrackPointExtension>
            <ns3:hr>149</ns3:hr>
            <ns3:cad>84</ns3:cad>
          </ns3:TrackPointExtension>
        </extensions>
      </trkpt>
      <trkpt lat="37.5149495713412761688232421875" lon="127.06747689284384250640869140625">
        <ele>5.599999904632568359375</ele>
        <time>2026-09-14T09:23:32.000Z</time>
        <extensions>
          <ns3:TrackPointExtension>
            <ns3:hr>149</ns3:hr>
            <ns3:cad>84</ns3:cad>
          </ns3:TrackPointExtension>
        </extensions>
      </trkpt>
      <trkpt lat="37.51492031849920749664306640625" lon="127.06748460419476032257080078125">
        <ele>5.599999904632568359375</ele>
        <time>2026-09-14T09:23:33.000Z</time>
        <extensions>
          <ns3:TrackPointExtension>
            <ns3:hr>150</ns3:hr>
            <ns3:cad>84</ns3:cad>
          </ns3:TrackPointExtension>
        </extensions>
      </trkpt>
      <trkpt lat="37.51488645561039447784423828125" lon="127.0674826763570308685302734375">
        <ele>5.599999904632568359375</ele>
        <time>2026-09-14T09:23:34.000Z</time>
        <extensions>
          <ns3:TrackPointExtension>
            <ns3:hr>150</ns3:hr>
            <ns3:cad>84</ns3:cad>
          </ns3:TrackPointExtension>
        </extensions>
      </trkpt>
      <trkpt lat="37.514858208596706390380859375" lon="127.06748561002314090728759765625">
        <ele>5.599999904632568359375</ele>
        <time>2026-09-14T09:23:35.000Z</time>
        <extensions>
          <ns3:TrackPointExtension>
            <ns3:hr>150</ns3:hr>
            <ns3:cad>84</ns3:cad>
          </ns3:TrackPointExtension>
        </extensions>
      </trkpt>
      <trkpt lat="37.51481722109019756317138671875" lon="127.06748443655669689178466796875">
        <ele>5.599999904632568359375</ele>
        <time>2026-09-14T09:23:36.000Z</time>
        <extensions>
          <ns3:TrackPointExtension>
            <ns3:hr>150</ns3:hr>
            <ns3:cad>84</ns3:cad>
          </ns3:TrackPointExtension>
        </extensions>
      </trkpt>
      <trkpt lat="37.51478679478168487548828125" lon="127.0674880407750606536865234375">
        <ele>5.599999904632568359375</ele>
        <time>2026-09-14T09:23:37.000Z</time>
        <extensions>
          <ns3:TrackPointExtension>
            <ns3:hr>151</ns3:hr>
            <ns3:cad>84</ns3:cad>
          </ns3:TrackPointExtension>
        </extensions>
      </trkpt>
      <trkpt lat="37.51475787721574306488037109375" lon="127.06749491393566131591796875">
        <ele>5.599999904632568359375</ele>
        <time>2026-09-14T09:23:38.000Z</time>
        <extensions>
          <ns3:TrackPointExtension>
            <ns3:hr>151</ns3:hr>
            <ns3:cad>84</ns3:cad>
          </ns3:TrackPointExtension>
        </extensions>
      </trkpt>
      <trkpt lat="37.5147262774407863616943359375" lon="127.06749348901212215423583984375">
        <ele>5.599999904632568359375</ele>
        <time>2026-09-14T09:23:39.000Z</time>
        <extensions>
          <ns3:TrackPointExtension>
            <ns3:hr>151</ns3:hr>
            <ns3:cad>84</ns3:cad>
          </ns3:TrackPointExtension>
        </extensions>
      </trkpt>
      <trkpt lat="37.51470171846449375152587890625" lon="127.067501284182071685791015625">
        <ele>5.80000019073486328125</ele>
        <time>2026-09-14T09:23:40.000Z</time>
        <extensions>
          <ns3:TrackPointExtension>
            <ns3:hr>152</ns3:hr>
            <ns3:cad>84</ns3:cad>
          </ns3:TrackPointExtension>
        </extensions>
      </trkpt>
      <trkpt lat="37.51466550864279270172119140625" lon="127.06750639714300632476806640625">
        <ele>5.80000019073486328125</ele>
        <time>2026-09-14T09:23:41.000Z</time>
        <extensions>
          <ns3:TrackPointExtension>
            <ns3:hr>152</ns3:hr>
            <ns3:cad>84</ns3:cad>
          </ns3:TrackPointExtension>
        </extensions>
      </trkpt>
      <trkpt lat="37.51463784836232662200927734375" lon="127.06751427613198757171630859375">
        <ele>5.80000019073486328125</ele>
        <time>2026-09-14T09:23:42.000Z</time>
        <extensions>
          <ns3:TrackPointExtension>
            <ns3:hr>152</ns3:hr>
            <ns3:cad>84</ns3:cad>
          </ns3:TrackPointExtension>
        </extensions>
      </trkpt>
      <trkpt lat="37.514610104262828826904296875" lon="127.06752047874033451080322265625">
        <ele>5.80000019073486328125</ele>
        <time>2026-09-14T09:23:43.000Z</time>
        <extensions>
          <ns3:TrackPointExtension>
            <ns3:hr>152</ns3:hr>
            <ns3:cad>84</ns3:cad>
          </ns3:TrackPointExtension>
        </extensions>
      </trkpt>
      <trkpt lat="37.5145797617733478546142578125" lon="127.06751511432230472564697265625">
        <ele>5.599999904632568359375</ele>
        <time>2026-09-14T09:23:44.000Z</time>
        <extensions>
          <ns3:TrackPointExtension>
            <ns3:hr>152</ns3:hr>
            <ns3:cad>84</ns3:cad>
          </ns3:TrackPointExtension>
        </extensions>
      </trkpt>
      <trkpt lat="37.514557801187038421630859375" lon="127.0675219036638736724853515625">
        <ele>5.400000095367431640625</ele>
        <time>2026-09-14T09:23:45.000Z</time>
        <extensions>
          <ns3:TrackPointExtension>
            <ns3:hr>152</ns3:hr>
            <ns3:cad>84</ns3:cad>
          </ns3:TrackPointExtension>
        </extensions>
      </trkpt>
      <trkpt lat="37.51451765187084674835205078125" lon="127.06752165220677852630615234375">
        <ele>5.400000095367431640625</ele>
        <time>2026-09-14T09:23:46.000Z</time>
        <extensions>
          <ns3:TrackPointExtension>
            <ns3:hr>151</ns3:hr>
            <ns3:cad>84</ns3:cad>
          </ns3:TrackPointExtension>
        </extensions>
      </trkpt>
      <trkpt lat="37.51448848284780979156494140625" lon="127.067530117928981781005859375">
        <ele>5.400000095367431640625</ele>
        <time>2026-09-14T09:23:47.000Z</time>
        <extensions>
          <ns3:TrackPointExtension>
            <ns3:hr>152</ns3:hr>
            <ns3:cad>83</ns3:cad>
          </ns3:TrackPointExtension>
        </extensions>
      </trkpt>
      <trkpt lat="37.51445998437702655792236328125" lon="127.067540176212787628173828125">
        <ele>5.400000095367431640625</ele>
        <time>2026-09-14T09:23:48.000Z</time>
        <extensions>
          <ns3:TrackPointExtension>
            <ns3:hr>152</ns3:hr>
            <ns3:cad>83</ns3:cad>
          </ns3:TrackPointExtension>
        </extensions>
      </trkpt>
      <trkpt lat="37.51442863605916500091552734375" lon="127.06753824837505817413330078125">
        <ele>5.599999904632568359375</ele>
        <time>2026-09-14T09:23:49.000Z</time>
        <extensions>
          <ns3:TrackPointExtension>
            <ns3:hr>152</ns3:hr>
            <ns3:cad>83</ns3:cad>
          </ns3:TrackPointExtension>
        </extensions>
      </trkpt>
      <trkpt lat="37.51440566964447498321533203125" lon="127.067544199526309967041015625">
        <ele>5.599999904632568359375</ele>
        <time>2026-09-14T09:23:50.000Z</time>
        <extensions>
          <ns3:TrackPointExtension>
            <ns3:hr>152</ns3:hr>
            <ns3:cad>83</ns3:cad>
          </ns3:TrackPointExtension>
        </extensions>
      </trkpt>
      <trkpt lat="37.5143678672611713409423828125" lon="127.067548893392086029052734375">
        <ele>5.599999904632568359375</ele>
        <time>2026-09-14T09:23:51.000Z</time>
        <extensions>
          <ns3:TrackPointExtension>
            <ns3:hr>152</ns3:hr>
            <ns3:cad>83</ns3:cad>
          </ns3:TrackPointExtension>
        </extensions>
      </trkpt>
      <trkpt lat="37.51433911733329296112060546875" lon="127.06755660474300384521484375">
        <ele>5.599999904632568359375</ele>
        <time>2026-09-14T09:23:52.000Z</time>
        <extensions>
          <ns3:TrackPointExtension>
            <ns3:hr>152</ns3:hr>
            <ns3:cad>83</ns3:cad>
          </ns3:TrackPointExtension>
        </extensions>
      </trkpt>
      <trkpt lat="37.51430810429155826568603515625" lon="127.06756557337939739227294921875">
        <ele>5.599999904632568359375</ele>
        <time>2026-09-14T09:23:53.000Z</time>
        <extensions>
          <ns3:TrackPointExtension>
            <ns3:hr>151</ns3:hr>
            <ns3:cad>83</ns3:cad>
          </ns3:TrackPointExtension>
        </extensions>
      </trkpt>
      <trkpt lat="37.51427759416401386260986328125" lon="127.06756624393165111541748046875">
        <ele>5.599999904632568359375</ele>
        <time>2026-09-14T09:23:54.000Z</time>
        <extensions>
          <ns3:TrackPointExtension>
            <ns3:hr>152</ns3:hr>
            <ns3:cad>83</ns3:cad>
          </ns3:TrackPointExtension>
        </extensions>
      </trkpt>
      <trkpt lat="37.5142548792064189910888671875" lon="127.0675725303590297698974609375">
        <ele>5.599999904632568359375</ele>
        <time>2026-09-14T09:23:55.000Z</time>
        <extensions>
          <ns3:TrackPointExtension>
            <ns3:hr>152</ns3:hr>
            <ns3:cad>83</ns3:cad>
          </ns3:TrackPointExtension>
        </extensions>
      </trkpt>
      <trkpt lat="37.5142163224518299102783203125" lon="127.06757462583482265472412109375">
        <ele>5.599999904632568359375</ele>
        <time>2026-09-14T09:23:56.000Z</time>
        <extensions>
          <ns3:TrackPointExtension>
            <ns3:hr>151</ns3:hr>
            <ns3:cad>84</ns3:cad>
          </ns3:TrackPointExtension>
        </extensions>
      </trkpt>
      <trkpt lat="37.514188997447490692138671875" lon="127.0675812475383281707763671875">
        <ele>5.599999904632568359375</ele>
        <time>2026-09-14T09:23:57.000Z</time>
        <extensions>
          <ns3:TrackPointExtension>
            <ns3:hr>152</ns3:hr>
            <ns3:cad>84</ns3:cad>
          </ns3:TrackPointExtension>
        </extensions>
      </trkpt>
      <trkpt lat="37.5141549669206142425537109375" lon="127.06759055145084857940673828125">
        <ele>5.599999904632568359375</ele>
        <time>2026-09-14T09:23:58.000Z</time>
        <extensions>
          <ns3:TrackPointExtension>
            <ns3:hr>152</ns3:hr>
            <ns3:cad>83</ns3:cad>
          </ns3:TrackPointExtension>
        </extensions>
      </trkpt>
      <trkpt lat="37.514124624431133270263671875" lon="127.0675872825086116790771484375">
        <ele>5.599999904632568359375</ele>
        <time>2026-09-14T09:23:59.000Z</time>
        <extensions>
          <ns3:TrackPointExtension>
            <ns3:hr>151</ns3:hr>
            <ns3:cad>83</ns3:cad>
          </ns3:TrackPointExtension>
        </extensions>
      </trkpt>
      <trkpt lat="37.51409989781677722930908203125" lon="127.06759507767856121063232421875">
        <ele>5.599999904632568359375</ele>
        <time>2026-09-14T09:24:00.000Z</time>
        <extensions>
          <ns3:TrackPointExtension>
            <ns3:hr>151</ns3:hr>
            <ns3:cad>83</ns3:cad>
          </ns3:TrackPointExtension>
        </extensions>
      </trkpt>
      <trkpt lat="37.514060251414775848388671875" lon="127.06759675405919551849365234375">
        <ele>5.599999904632568359375</ele>
        <time>2026-09-14T09:24:01.000Z</time>
        <extensions>
          <ns3:TrackPointExtension>
            <ns3:hr>151</ns3:hr>
            <ns3:cad>84</ns3:cad>
          </ns3:TrackPointExtension>
        </extensions>
      </trkpt>
      <trkpt lat="37.5140332616865634918212890625" lon="127.06760563887655735015869140625">
        <ele>5.80000019073486328125</ele>
        <time>2026-09-14T09:24:02.000Z</time>
        <extensions>
          <ns3:TrackPointExtension>
            <ns3:hr>151</ns3:hr>
            <ns3:cad>84</ns3:cad>
          </ns3:TrackPointExtension>
        </extensions>
      </trkpt>
      <trkpt lat="37.51399998553097248077392578125" lon="127.06761016510426998138427734375">
        <ele>5.80000019073486328125</ele>
        <time>2026-09-14T09:24:03.000Z</time>
        <extensions>
          <ns3:TrackPointExtension>
            <ns3:hr>151</ns3:hr>
            <ns3:cad>84</ns3:cad>
          </ns3:TrackPointExtension>
        </extensions>
      </trkpt>
      <trkpt lat="37.5139698944985866546630859375" lon="127.0676090754568576812744140625">
        <ele>5.80000019073486328125</ele>
        <time>2026-09-14T09:24:04.000Z</time>
        <extensions>
          <ns3:TrackPointExtension>
            <ns3:hr>151</ns3:hr>
            <ns3:cad>84</ns3:cad>
          </ns3:TrackPointExtension>
        </extensions>
      </trkpt>
      <trkpt lat="37.51394215039908885955810546875" lon="127.06761586479842662811279296875">
        <ele>5.80000019073486328125</ele>
        <time>2026-09-14T09:24:05.000Z</time>
        <extensions>
          <ns3:TrackPointExtension>
            <ns3:hr>151</ns3:hr>
            <ns3:cad>84</ns3:cad>
          </ns3:TrackPointExtension>
        </extensions>
      </trkpt>
      <trkpt lat="37.51390568912029266357421875" lon="127.0676130987703800201416015625">
        <ele>5.80000019073486328125</ele>
        <time>2026-09-14T09:24:06.000Z</time>
        <extensions>
          <ns3:TrackPointExtension>
            <ns3:hr>150</ns3:hr>
            <ns3:cad>84</ns3:cad>
          </ns3:TrackPointExtension>
        </extensions>
      </trkpt>
      <trkpt lat="37.51388431526720523834228515625" lon="127.06762097775936126708984375">
        <ele>5.599999904632568359375</ele>
        <time>2026-09-14T09:24:07.000Z</time>
        <extensions>
          <ns3:TrackPointExtension>
            <ns3:hr>150</ns3:hr>
            <ns3:cad>84</ns3:cad>
          </ns3:TrackPointExtension>
        </extensions>
      </trkpt>
      <trkpt lat="37.5138486921787261962890625" lon="127.06762659363448619842529296875">
        <ele>5.599999904632568359375</ele>
        <time>2026-09-14T09:24:08.000Z</time>
        <extensions>
          <ns3:TrackPointExtension>
            <ns3:hr>150</ns3:hr>
            <ns3:cad>84</ns3:cad>
          </ns3:TrackPointExtension>
        </extensions>
      </trkpt>
      <trkpt lat="37.51381843350827693939208984375" lon="127.06763681955635547637939453125">
        <ele>5.599999904632568359375</ele>
        <time>2026-09-14T09:24:09.000Z</time>
        <extensions>
          <ns3:TrackPointExtension>
            <ns3:hr>150</ns3:hr>
            <ns3:cad>84</ns3:cad>
          </ns3:TrackPointExtension>
        </extensions>
      </trkpt>
      <trkpt lat="37.51378892920911312103271484375" lon="127.06764335744082927703857421875">
        <ele>5.599999904632568359375</ele>
        <time>2026-09-14T09:24:10.000Z</time>
        <extensions>
          <ns3:TrackPointExtension>
            <ns3:hr>151</ns3:hr>
            <ns3:cad>84</ns3:cad>
          </ns3:TrackPointExtension>
        </extensions>
      </trkpt>
      <trkpt lat="37.51375506632030010223388671875" lon="127.0676379092037677764892578125">
        <ele>5.599999904632568359375</ele>
        <time>2026-09-14T09:24:11.000Z</time>
        <extensions>
          <ns3:TrackPointExtension>
            <ns3:hr>150</ns3:hr>
            <ns3:cad>84</ns3:cad>
          </ns3:TrackPointExtension>
        </extensions>
      </trkpt>
      <trkpt lat="37.51372925005853176116943359375" lon="127.06764134578406810760498046875">
        <ele>5.599999904632568359375</ele>
        <time>2026-09-14T09:24:12.000Z</time>
        <extensions>
          <ns3:TrackPointExtension>
            <ns3:hr>150</ns3:hr>
            <ns3:cad>84</ns3:cad>
          </ns3:TrackPointExtension>
        </extensions>
      </trkpt>
      <trkpt lat="37.51368801109492778778076171875" lon="127.0676444470882415771484375">
        <ele>5.599999904632568359375</ele>
        <time>2026-09-14T09:24:13.000Z</time>
        <extensions>
          <ns3:TrackPointExtension>
            <ns3:hr>151</ns3:hr>
            <ns3:cad>84</ns3:cad>
          </ns3:TrackPointExtension>
        </extensions>
      </trkpt>
      <trkpt lat="37.51366018317639827728271484375" lon="127.06765358336269855499267578125">
        <ele>5.599999904632568359375</ele>
        <time>2026-09-14T09:24:14.000Z</time>
        <extensions>
          <ns3:TrackPointExtension>
            <ns3:hr>150</ns3:hr>
            <ns3:cad>84</ns3:cad>
          </ns3:TrackPointExtension>
        </extensions>
      </trkpt>
      <trkpt lat="37.51362799666821956634521484375" lon="127.06766548566520214080810546875">
        <ele>5.599999904632568359375</ele>
        <time>2026-09-14T09:24:15.000Z</time>
        <extensions>
          <ns3:TrackPointExtension>
            <ns3:hr>150</ns3:hr>
            <ns3:cad>84</ns3:cad>
          </ns3:TrackPointExtension>
        </extensions>
      </trkpt>
      <trkpt lat="37.51359597779810428619384765625" lon="127.0676603727042675018310546875">
        <ele>5.80000019073486328125</ele>
        <time>2026-09-14T09:24:16.000Z</time>
        <extensions>
          <ns3:TrackPointExtension>
            <ns3:hr>151</ns3:hr>
            <ns3:cad>84</ns3:cad>
          </ns3:TrackPointExtension>
        </extensions>
      </trkpt>
      <trkpt lat="37.5135725922882556915283203125" lon="127.06766565330326557159423828125">
        <ele>5.80000019073486328125</ele>
        <time>2026-09-14T09:24:17.000Z</time>
        <extensions>
          <ns3:TrackPointExtension>
            <ns3:hr>151</ns3:hr>
            <ns3:cad>84</ns3:cad>
          </ns3:TrackPointExtension>
        </extensions>
      </trkpt>
      <trkpt lat="37.51353596337139606475830078125" lon="127.06766950897872447967529296875">
        <ele>6</ele>
        <time>2026-09-14T09:24:18.000Z</time>
        <extensions>
          <ns3:TrackPointExtension>
            <ns3:hr>151</ns3:hr>
            <ns3:cad>84</ns3:cad>
          </ns3:TrackPointExtension>
        </extensions>
      </trkpt>
      <trkpt lat="37.513509728014469146728515625" lon="127.0676778070628643035888671875">
        <ele>6</ele>
        <time>2026-09-14T09:24:19.000Z</time>
        <extensions>
          <ns3:TrackPointExtension>
            <ns3:hr>151</ns3:hr>
            <ns3:cad>84</ns3:cad>
          </ns3:TrackPointExtension>
        </extensions>
      </trkpt>
      <trkpt lat="37.51347628422081470489501953125" lon="127.06768828444182872772216796875">
        <ele>6</ele>
        <time>2026-09-14T09:24:20.000Z</time>
        <extensions>
          <ns3:TrackPointExtension>
            <ns3:hr>151</ns3:hr>
            <ns3:cad>84</ns3:cad>
          </ns3:TrackPointExtension>
        </extensions>
      </trkpt>
      <trkpt lat="37.513445354998111724853515625" lon="127.06768727861344814300537109375">
        <ele>6</ele>
        <time>2026-09-14T09:24:21.000Z</time>
        <extensions>
          <ns3:TrackPointExtension>
            <ns3:hr>151</ns3:hr>
            <ns3:cad>84</ns3:cad>
          </ns3:TrackPointExtension>
        </extensions>
      </trkpt>
      <trkpt lat="37.51342096365988254547119140625" lon="127.0676925592124462127685546875">
        <ele>5.80000019073486328125</ele>
        <time>2026-09-14T09:24:22.000Z</time>
        <extensions>
          <ns3:TrackPointExtension>
            <ns3:hr>151</ns3:hr>
            <ns3:cad>84</ns3:cad>
          </ns3:TrackPointExtension>
        </extensions>
      </trkpt>
      <trkpt lat="37.513381652534008026123046875" lon="127.06769465468823909759521484375">
        <ele>5.80000019073486328125</ele>
        <time>2026-09-14T09:24:23.000Z</time>
        <extensions>
          <ns3:TrackPointExtension>
            <ns3:hr>151</ns3:hr>
            <ns3:cad>84</ns3:cad>
          </ns3:TrackPointExtension>
        </extensions>
      </trkpt>
      <trkpt lat="37.51335642300546169281005859375" lon="127.06770186312496662139892578125">
        <ele>5.80000019073486328125</ele>
        <time>2026-09-14T09:24:24.000Z</time>
        <extensions>
          <ns3:TrackPointExtension>
            <ns3:hr>152</ns3:hr>
            <ns3:cad>84</ns3:cad>
          </ns3:TrackPointExtension>
        </extensions>
      </trkpt>
      <trkpt lat="37.513320632278919219970703125" lon="127.06771024502813816070556640625">
        <ele>5.80000019073486328125</ele>
        <time>2026-09-14T09:24:25.000Z</time>
        <extensions>
          <ns3:TrackPointExtension>
            <ns3:hr>152</ns3:hr>
            <ns3:cad>84</ns3:cad>
          </ns3:TrackPointExtension>
        </extensions>
      </trkpt>
      <trkpt lat="37.513292133808135986328125" lon="127.06771695055067539215087890625">
        <ele>5.80000019073486328125</ele>
        <time>2026-09-14T09:24:26.000Z</time>
        <extensions>
          <ns3:TrackPointExtension>
            <ns3:hr>152</ns3:hr>
            <ns3:cad>84</ns3:cad>
          </ns3:TrackPointExtension>
        </extensions>
      </trkpt>
      <trkpt lat="37.513266988098621368408203125" lon="127.0677250809967517852783203125">
        <ele>5.599999904632568359375</ele>
        <time>2026-09-14T09:24:27.000Z</time>
        <extensions>
          <ns3:TrackPointExtension>
            <ns3:hr>152</ns3:hr>
            <ns3:cad>84</ns3:cad>
          </ns3:TrackPointExtension>
        </extensions>
      </trkpt>
      <trkpt lat="37.51323404721915721893310546875" lon="127.0677249133586883544921875">
        <ele>5.599999904632568359375</ele>
        <time>2026-09-14T09:24:28.000Z</time>
        <extensions>
          <ns3:TrackPointExtension>
            <ns3:hr>151</ns3:hr>
            <ns3:cad>84</ns3:cad>
          </ns3:TrackPointExtension>
        </extensions>
      </trkpt>
      <trkpt lat="37.513213343918323516845703125" lon="127.0677311159670352935791015625">
        <ele>5.80000019073486328125</ele>
        <time>2026-09-14T09:24:29.000Z</time>
        <extensions>
          <ns3:TrackPointExtension>
            <ns3:hr>152</ns3:hr>
            <ns3:cad>84</ns3:cad>
          </ns3:TrackPointExtension>
        </extensions>
      </trkpt>
      <trkpt lat="37.51317881047725677490234375" lon="127.0677358098328113555908203125">
        <ele>5.80000019073486328125</ele>
        <time>2026-09-14T09:24:30.000Z</time>
        <extensions>
          <ns3:TrackPointExtension>
            <ns3:hr>152</ns3:hr>
            <ns3:cad>85</ns3:cad>
          </ns3:TrackPointExtension>
        </extensions>
      </trkpt>
      <trkpt lat="37.513148970901966094970703125" lon="127.06773689948022365570068359375">
        <ele>5.80000019073486328125</ele>
        <time>2026-09-14T09:24:31.000Z</time>
        <extensions>
          <ns3:TrackPointExtension>
            <ns3:hr>152</ns3:hr>
            <ns3:cad>85</ns3:cad>
          </ns3:TrackPointExtension>
        </extensions>
      </trkpt>
      <trkpt lat="37.51312139444053173065185546875" lon="127.06774444319307804107666015625">
        <ele>5.80000019073486328125</ele>
        <time>2026-09-14T09:24:32.000Z</time>
        <extensions>
          <ns3:TrackPointExtension>
            <ns3:hr>152</ns3:hr>
            <ns3:cad>85</ns3:cad>
          </ns3:TrackPointExtension>
        </extensions>
      </trkpt>
      <trkpt lat="37.51308971084654331207275390625" lon="127.0677411742508411407470703125">
        <ele>5.80000019073486328125</ele>
        <time>2026-09-14T09:24:33.000Z</time>
        <extensions>
          <ns3:TrackPointExtension>
            <ns3:hr>152</ns3:hr>
            <ns3:cad>85</ns3:cad>
          </ns3:TrackPointExtension>
        </extensions>
      </trkpt>
      <trkpt lat="37.51306791789829730987548828125" lon="127.0677458681166172027587890625">
        <ele>5.599999904632568359375</ele>
        <time>2026-09-14T09:24:34.000Z</time>
        <extensions>
          <ns3:TrackPointExtension>
            <ns3:hr>152</ns3:hr>
            <ns3:cad>85</ns3:cad>
          </ns3:TrackPointExtension>
        </extensions>
      </trkpt>
      <trkpt lat="37.513026930391788482666015625" lon="127.0677512325346469879150390625">
        <ele>5.80000019073486328125</ele>
        <time>2026-09-14T09:24:35.000Z</time>
        <extensions>
          <ns3:TrackPointExtension>
            <ns3:hr>152</ns3:hr>
            <ns3:cad>84</ns3:cad>
          </ns3:TrackPointExtension>
        </extensions>
      </trkpt>
      <trkpt lat="37.51299683935940265655517578125" lon="127.06775617785751819610595703125">
        <ele>5.80000019073486328125</ele>
        <time>2026-09-14T09:24:36.000Z</time>
        <extensions>
          <ns3:TrackPointExtension>
            <ns3:hr>152</ns3:hr>
            <ns3:cad>84</ns3:cad>
          </ns3:TrackPointExtension>
        </extensions>
      </trkpt>
      <trkpt lat="37.51296649686992168426513671875" lon="127.06776573322713375091552734375">
        <ele>5.80000019073486328125</ele>
        <time>2026-09-14T09:24:37.000Z</time>
        <extensions>
          <ns3:TrackPointExtension>
            <ns3:hr>152</ns3:hr>
            <ns3:cad>84</ns3:cad>
          </ns3:TrackPointExtension>
        </extensions>
      </trkpt>
      <trkpt lat="37.51293581910431385040283203125" lon="127.06775777041912078857421875">
        <ele>5.80000019073486328125</ele>
        <time>2026-09-14T09:24:38.000Z</time>
        <extensions>
          <ns3:TrackPointExtension>
            <ns3:hr>152</ns3:hr>
            <ns3:cad>84</ns3:cad>
          </ns3:TrackPointExtension>
        </extensions>
      </trkpt>
      <trkpt lat="37.5129120983183383941650390625" lon="127.0677626319229602813720703125">
        <ele>5.80000019073486328125</ele>
        <time>2026-09-14T09:24:39.000Z</time>
        <extensions>
          <ns3:TrackPointExtension>
            <ns3:hr>152</ns3:hr>
            <ns3:cad>84</ns3:cad>
          </ns3:TrackPointExtension>
        </extensions>
      </trkpt>
      <trkpt lat="37.51287731342017650604248046875" lon="127.06776154227554798126220703125">
        <ele>5.80000019073486328125</ele>
        <time>2026-09-14T09:24:40.000Z</time>
        <extensions>
          <ns3:TrackPointExtension>
            <ns3:hr>153</ns3:hr>
            <ns3:cad>84</ns3:cad>
          </ns3:TrackPointExtension>
        </extensions>
      </trkpt>
      <trkpt lat="37.51284948550164699554443359375" lon="127.06776984035968780517578125">
        <ele>5.80000019073486328125</ele>
        <time>2026-09-14T09:24:41.000Z</time>
        <extensions>
          <ns3:TrackPointExtension>
            <ns3:hr>152</ns3:hr>
            <ns3:cad>85</ns3:cad>
          </ns3:TrackPointExtension>
        </extensions>
      </trkpt>
      <trkpt lat="37.512813024222850799560546875" lon="127.0677767135202884674072265625">
        <ele>5.599999904632568359375</ele>
        <time>2026-09-14T09:24:42.000Z</time>
        <extensions>
          <ns3:TrackPointExtension>
            <ns3:hr>152</ns3:hr>
            <ns3:cad>84</ns3:cad>
          </ns3:TrackPointExtension>
        </extensions>
      </trkpt>
      <trkpt lat="37.51278050243854522705078125" lon="127.067780904471874237060546875">
        <ele>5.599999904632568359375</ele>
        <time>2026-09-14T09:24:43.000Z</time>
        <extensions>
          <ns3:TrackPointExtension>
            <ns3:hr>152</ns3:hr>
            <ns3:cad>84</ns3:cad>
          </ns3:TrackPointExtension>
        </extensions>
      </trkpt>
      <trkpt lat="37.51275208778679370880126953125" lon="127.0677918009459972381591796875">
        <ele>5.80000019073486328125</ele>
        <time>2026-09-14T09:24:44.000Z</time>
        <extensions>
          <ns3:TrackPointExtension>
            <ns3:hr>152</ns3:hr>
            <ns3:cad>84</ns3:cad>
          </ns3:TrackPointExtension>
        </extensions>
      </trkpt>
      <trkpt lat="37.51271939836442470550537109375" lon="127.0677934773266315460205078125">
        <ele>5.80000019073486328125</ele>
        <time>2026-09-14T09:24:45.000Z</time>
        <extensions>
          <ns3:TrackPointExtension>
            <ns3:hr>152</ns3:hr>
            <ns3:cad>84</ns3:cad>
          </ns3:TrackPointExtension>
        </extensions>
      </trkpt>
      <trkpt lat="37.51269442029297351837158203125" lon="127.06779934465885162353515625">
        <ele>5.80000019073486328125</ele>
        <time>2026-09-14T09:24:46.000Z</time>
        <extensions>
          <ns3:TrackPointExtension>
            <ns3:hr>152</ns3:hr>
            <ns3:cad>84</ns3:cad>
          </ns3:TrackPointExtension>
        </extensions>
      </trkpt>
      <trkpt lat="37.512656785547733306884765625" lon="127.0678028650581836700439453125">
        <ele>5.80000019073486328125</ele>
        <time>2026-09-14T09:24:47.000Z</time>
        <extensions>
          <ns3:TrackPointExtension>
            <ns3:hr>152</ns3:hr>
            <ns3:cad>85</ns3:cad>
          </ns3:TrackPointExtension>
        </extensions>
      </trkpt>
      <trkpt lat="37.51262702979147434234619140625" lon="127.0678156055510044097900390625">
        <ele>5.80000019073486328125</ele>
        <time>2026-09-14T09:24:48.000Z</time>
        <extensions>
          <ns3:TrackPointExtension>
            <ns3:hr>152</ns3:hr>
            <ns3:cad>85</ns3:cad>
          </ns3:TrackPointExtension>
        </extensions>
      </trkpt>
      <trkpt lat="37.51259366981685161590576171875" lon="127.06782256253063678741455078125">
        <ele>5.80000019073486328125</ele>
        <time>2026-09-14T09:24:49.000Z</time>
        <extensions>
          <ns3:TrackPointExtension>
            <ns3:hr>152</ns3:hr>
            <ns3:cad>85</ns3:cad>
          </ns3:TrackPointExtension>
        </extensions>
      </trkpt>
      <trkpt lat="37.51256265677511692047119140625" lon="127.0678196288645267486572265625">
        <ele>5.80000019073486328125</ele>
        <time>2026-09-14T09:24:50.000Z</time>
        <extensions>
          <ns3:TrackPointExtension>
            <ns3:hr>152</ns3:hr>
            <ns3:cad>85</ns3:cad>
          </ns3:TrackPointExtension>
        </extensions>
      </trkpt>
      <trkpt lat="37.51253834925591945648193359375" lon="127.06782750785350799560546875">
        <ele>5.80000019073486328125</ele>
        <time>2026-09-14T09:24:51.000Z</time>
        <extensions>
          <ns3:TrackPointExtension>
            <ns3:hr>151</ns3:hr>
            <ns3:cad>85</ns3:cad>
          </ns3:TrackPointExtension>
        </extensions>
      </trkpt>
      <trkpt lat="37.512501217424869537353515625" lon="127.06783153116703033447265625">
        <ele>5.599999904632568359375</ele>
        <time>2026-09-14T09:24:52.000Z</time>
        <extensions>
          <ns3:TrackPointExtension>
            <ns3:hr>152</ns3:hr>
            <ns3:cad>85</ns3:cad>
          </ns3:TrackPointExtension>
        </extensions>
      </trkpt>
      <trkpt lat="37.51247179694473743438720703125" lon="127.06783513538539409637451171875">
        <ele>5.599999904632568359375</ele>
        <time>2026-09-14T09:24:53.000Z</time>
        <extensions>
          <ns3:TrackPointExtension>
            <ns3:hr>152</ns3:hr>
            <ns3:cad>85</ns3:cad>
          </ns3:TrackPointExtension>
        </extensions>
      </trkpt>
      <trkpt lat="37.5124363414943218231201171875" lon="127.0678397454321384429931640625">
        <ele>5.599999904632568359375</ele>
        <time>2026-09-14T09:24:54.000Z</time>
        <extensions>
          <ns3:TrackPointExtension>
            <ns3:hr>152</ns3:hr>
            <ns3:cad>85</ns3:cad>
          </ns3:TrackPointExtension>
        </extensions>
      </trkpt>
      <trkpt lat="37.512404657900333404541015625" lon="127.06784427165985107421875">
        <ele>5.599999904632568359375</ele>
        <time>2026-09-14T09:24:55.000Z</time>
        <extensions>
          <ns3:TrackPointExtension>
            <ns3:hr>152</ns3:hr>
            <ns3:cad>85</ns3:cad>
          </ns3:TrackPointExtension>
        </extensions>
      </trkpt>
      <trkpt lat="37.5123734772205352783203125" lon="127.0678524859249591827392578125">
        <ele>5.599999904632568359375</ele>
        <time>2026-09-14T09:24:56.000Z</time>
        <extensions>
          <ns3:TrackPointExtension>
            <ns3:hr>151</ns3:hr>
            <ns3:cad>85</ns3:cad>
          </ns3:TrackPointExtension>
        </extensions>
      </trkpt>
      <trkpt lat="37.5123391114175319671630859375" lon="127.0678482949733734130859375">
        <ele>5.599999904632568359375</ele>
        <time>2026-09-14T09:24:57.000Z</time>
        <extensions>
          <ns3:TrackPointExtension>
            <ns3:hr>152</ns3:hr>
            <ns3:cad>85</ns3:cad>
          </ns3:TrackPointExtension>
        </extensions>
      </trkpt>
      <trkpt lat="37.51231404952704906463623046875" lon="127.06785106100142002105712890625">
        <ele>5.599999904632568359375</ele>
        <time>2026-09-14T09:24:58.000Z</time>
        <extensions>
          <ns3:TrackPointExtension>
            <ns3:hr>152</ns3:hr>
            <ns3:cad>85</ns3:cad>
          </ns3:TrackPointExtension>
        </extensions>
      </trkpt>
      <trkpt lat="37.51227348111569881439208984375" lon="127.06785458140075206756591796875">
        <ele>5.80000019073486328125</ele>
        <time>2026-09-14T09:24:59.000Z</time>
        <extensions>
          <ns3:TrackPointExtension>
            <ns3:hr>152</ns3:hr>
            <ns3:cad>85</ns3:cad>
          </ns3:TrackPointExtension>
        </extensions>
      </trkpt>
      <trkpt lat="37.512247748672962188720703125" lon="127.0678588561713695526123046875">
        <ele>5.80000019073486328125</ele>
        <time>2026-09-14T09:25:00.000Z</time>
        <extensions>
          <ns3:TrackPointExtension>
            <ns3:hr>152</ns3:hr>
            <ns3:cad>86</ns3:cad>
          </ns3:TrackPointExtension>
        </extensions>
      </trkpt>
      <trkpt lat="37.51221246086061000823974609375" lon="127.06786572933197021484375">
        <ele>5.80000019073486328125</ele>
        <time>2026-09-14T09:25:01.000Z</time>
        <extensions>
          <ns3:TrackPointExtension>
            <ns3:hr>152</ns3:hr>
            <ns3:cad>86</ns3:cad>
          </ns3:TrackPointExtension>
        </extensions>
      </trkpt>
      <trkpt lat="37.51218010671436786651611328125" lon="127.06787100993096828460693359375">
        <ele>5.80000019073486328125</ele>
        <time>2026-09-14T09:25:02.000Z</time>
        <extensions>
          <ns3:TrackPointExtension>
            <ns3:hr>152</ns3:hr>
            <ns3:cad>86</ns3:cad>
          </ns3:TrackPointExtension>
        </extensions>
      </trkpt>
      <trkpt lat="37.5121496804058551788330078125" lon="127.067880146205425262451171875">
        <ele>5.80000019073486328125</ele>
        <time>2026-09-14T09:25:03.000Z</time>
        <extensions>
          <ns3:TrackPointExtension>
            <ns3:hr>152</ns3:hr>
            <ns3:cad>86</ns3:cad>
          </ns3:TrackPointExtension>
        </extensions>
      </trkpt>
      <trkpt lat="37.512114308774471282958984375" lon="127.06787436269223690032958984375">
        <ele>5.599999904632568359375</ele>
        <time>2026-09-14T09:25:04.000Z</time>
        <extensions>
          <ns3:TrackPointExtension>
            <ns3:hr>152</ns3:hr>
            <ns3:cad>86</ns3:cad>
          </ns3:TrackPointExtension>
        </extensions>
      </trkpt>
      <trkpt lat="37.51208723522722721099853515625" lon="127.067878805100917816162109375">
        <ele>5.599999904632568359375</ele>
        <time>2026-09-14T09:25:05.000Z</time>
        <extensions>
          <ns3:TrackPointExtension>
            <ns3:hr>152</ns3:hr>
            <ns3:cad>86</ns3:cad>
          </ns3:TrackPointExtension>
        </extensions>
      </trkpt>
      <trkpt lat="37.51205094158649444580078125" lon="127.067880816757678985595703125">
        <ele>5.80000019073486328125</ele>
        <time>2026-09-14T09:25:06.000Z</time>
        <extensions>
          <ns3:TrackPointExtension>
            <ns3:hr>152</ns3:hr>
            <ns3:cad>86</ns3:cad>
          </ns3:TrackPointExtension>
        </extensions>
      </trkpt>
      <trkpt lat="37.5120219402015209197998046875" lon="127.0678907074034214019775390625">
        <ele>5.80000019073486328125</ele>
        <time>2026-09-14T09:25:07.000Z</time>
        <extensions>
          <ns3:TrackPointExtension>
            <ns3:hr>151</ns3:hr>
            <ns3:cad>86</ns3:cad>
          </ns3:TrackPointExtension>
        </extensions>
      </trkpt>
      <trkpt lat="37.5119899213314056396484375" lon="127.0678997598588466644287109375">
        <ele>5.80000019073486328125</ele>
        <time>2026-09-14T09:25:08.000Z</time>
        <extensions>
          <ns3:TrackPointExtension>
            <ns3:hr>152</ns3:hr>
            <ns3:cad>86</ns3:cad>
          </ns3:TrackPointExtension>
        </extensions>
      </trkpt>
      <trkpt lat="37.51195547170937061309814453125" lon="127.0679071359336376190185546875">
        <ele>5.80000019073486328125</ele>
        <time>2026-09-14T09:25:09.000Z</time>
        <extensions>
          <ns3:TrackPointExtension>
            <ns3:hr>152</ns3:hr>
            <ns3:cad>86</ns3:cad>
          </ns3:TrackPointExtension>
        </extensions>
      </trkpt>
      <trkpt lat="37.51193267293274402618408203125" lon="127.06792163662612438201904296875">
        <ele>5.80000019073486328125</ele>
        <time>2026-09-14T09:25:10.000Z</time>
        <extensions>
          <ns3:TrackPointExtension>
            <ns3:hr>152</ns3:hr>
            <ns3:cad>86</ns3:cad>
          </ns3:TrackPointExtension>
        </extensions>
      </trkpt>
      <trkpt lat="37.51189361326396465301513671875" lon="127.067921049892902374267578125">
        <ele>5.80000019073486328125</ele>
        <time>2026-09-14T09:25:11.000Z</time>
        <extensions>
          <ns3:TrackPointExtension>
            <ns3:hr>152</ns3:hr>
            <ns3:cad>86</ns3:cad>
          </ns3:TrackPointExtension>
        </extensions>
      </trkpt>
      <trkpt lat="37.51186897046864032745361328125" lon="127.06792985089123249053955078125">
        <ele>5.80000019073486328125</ele>
        <time>2026-09-14T09:25:12.000Z</time>
        <extensions>
          <ns3:TrackPointExtension>
            <ns3:hr>152</ns3:hr>
            <ns3:cad>0</ns3:cad>
          </ns3:TrackPointExtension>
        </extensions>
      </trkpt>
      <trkpt lat="37.51182991079986095428466796875" lon="127.06794326193630695343017578125">
        <ele>5.80000019073486328125</ele>
        <time>2026-09-14T09:25:13.000Z</time>
        <extensions>
          <ns3:TrackPointExtension>
            <ns3:hr>152</ns3:hr>
            <ns3:cad>0</ns3:cad>
          </ns3:TrackPointExtension>
        </extensions>
      </trkpt>
      <trkpt lat="37.51179873012006282806396484375" lon="127.0679540745913982391357421875">
        <ele>5.80000019073486328125</ele>
        <time>2026-09-14T09:25:14.000Z</time>
        <extensions>
          <ns3:TrackPointExtension>
            <ns3:hr>152</ns3:hr>
            <ns3:cad>0</ns3:cad>
          </ns3:TrackPointExtension>
        </extensions>
      </trkpt>
      <trkpt lat="37.51177358441054821014404296875" lon="127.0679691620171070098876953125">
        <ele>5.80000019073486328125</ele>
        <time>2026-09-14T09:25:15.000Z</time>
        <extensions>
          <ns3:TrackPointExtension>
            <ns3:hr>152</ns3:hr>
            <ns3:cad>84</ns3:cad>
          </ns3:TrackPointExtension>
        </extensions>
      </trkpt>
      <trkpt lat="37.51173938624560832977294921875" lon="127.067968659102916717529296875">
        <ele>5.80000019073486328125</ele>
        <time>2026-09-14T09:25:16.000Z</time>
        <extensions>
          <ns3:TrackPointExtension>
            <ns3:hr>152</ns3:hr>
            <ns3:cad>84</ns3:cad>
          </ns3:TrackPointExtension>
        </extensions>
      </trkpt>
      <trkpt lat="37.5117138214409351348876953125" lon="127.06797276623547077178955078125">
        <ele>5.80000019073486328125</ele>
        <time>2026-09-14T09:25:17.000Z</time>
        <extensions>
          <ns3:TrackPointExtension>
            <ns3:hr>152</ns3:hr>
            <ns3:cad>85</ns3:cad>
          </ns3:TrackPointExtension>
        </extensions>
      </trkpt>
      <trkpt lat="37.51167803071439266204833984375" lon="127.06797234714031219482421875">
        <ele>5.80000019073486328125</ele>
        <time>2026-09-14T09:25:18.000Z</time>
        <extensions>
          <ns3:TrackPointExtension>
            <ns3:hr>152</ns3:hr>
            <ns3:cad>85</ns3:cad>
          </ns3:TrackPointExtension>
        </extensions>
      </trkpt>
      <trkpt lat="37.51164819113910198211669921875" lon="127.0679705031216144561767578125">
        <ele>5.80000019073486328125</ele>
        <time>2026-09-14T09:25:19.000Z</time>
        <extensions>
          <ns3:TrackPointExtension>
            <ns3:hr>151</ns3:hr>
            <ns3:cad>85</ns3:cad>
          </ns3:TrackPointExtension>
        </extensions>
      </trkpt>
      <trkpt lat="37.511622123420238494873046875" lon="127.06797963939607143402099609375">
        <ele>5.80000019073486328125</ele>
        <time>2026-09-14T09:25:20.000Z</time>
        <extensions>
          <ns3:TrackPointExtension>
            <ns3:hr>152</ns3:hr>
            <ns3:cad>85</ns3:cad>
          </ns3:TrackPointExtension>
        </extensions>
      </trkpt>
      <trkpt lat="37.51158616505563259124755859375" lon="127.067975364625453948974609375">
        <ele>5.80000019073486328125</ele>
        <time>2026-09-14T09:25:21.000Z</time>
        <extensions>
          <ns3:TrackPointExtension>
            <ns3:hr>152</ns3:hr>
            <ns3:cad>85</ns3:cad>
          </ns3:TrackPointExtension>
        </extensions>
      </trkpt>
      <trkpt lat="37.511563785374164581298828125" lon="127.06798575818538665771484375">
        <ele>5.80000019073486328125</ele>
        <time>2026-09-14T09:25:22.000Z</time>
        <extensions>
          <ns3:TrackPointExtension>
            <ns3:hr>152</ns3:hr>
            <ns3:cad>85</ns3:cad>
          </ns3:TrackPointExtension>
        </extensions>
      </trkpt>
      <trkpt lat="37.51152598299086093902587890625" lon="127.0679931342601776123046875">
        <ele>5.80000019073486328125</ele>
        <time>2026-09-14T09:25:23.000Z</time>
        <extensions>
          <ns3:TrackPointExtension>
            <ns3:hr>152</ns3:hr>
            <ns3:cad>84</ns3:cad>
          </ns3:TrackPointExtension>
        </extensions>
      </trkpt>
      <trkpt lat="37.51149949617683887481689453125" lon="127.0680011808872222900390625">
        <ele>5.599999904632568359375</ele>
        <time>2026-09-14T09:25:24.000Z</time>
        <extensions>
          <ns3:TrackPointExtension>
            <ns3:hr>152</ns3:hr>
            <ns3:cad>84</ns3:cad>
          </ns3:TrackPointExtension>
        </extensions>
      </trkpt>
      <trkpt lat="37.51146747730672359466552734375" lon="127.068009562790393829345703125">
        <ele>5.599999904632568359375</ele>
        <time>2026-09-14T09:25:25.000Z</time>
        <extensions>
          <ns3:TrackPointExtension>
            <ns3:hr>152</ns3:hr>
            <ns3:cad>84</ns3:cad>
          </ns3:TrackPointExtension>
        </extensions>
      </trkpt>
      <trkpt lat="37.51143612898886203765869140625" lon="127.06800813786685466766357421875">
        <ele>5.599999904632568359375</ele>
        <time>2026-09-14T09:25:26.000Z</time>
        <extensions>
          <ns3:TrackPointExtension>
            <ns3:hr>152</ns3:hr>
            <ns3:cad>84</ns3:cad>
          </ns3:TrackPointExtension>
        </extensions>
      </trkpt>
      <trkpt lat="37.5114137493073940277099609375" lon="127.0680134184658527374267578125">
        <ele>5.599999904632568359375</ele>
        <time>2026-09-14T09:25:27.000Z</time>
        <extensions>
          <ns3:TrackPointExtension>
            <ns3:hr>152</ns3:hr>
            <ns3:cad>84</ns3:cad>
          </ns3:TrackPointExtension>
        </extensions>
      </trkpt>
      <trkpt lat="37.51137636601924896240234375" lon="127.06801392138004302978515625">
        <ele>5.80000019073486328125</ele>
        <time>2026-09-14T09:25:28.000Z</time>
        <extensions>
          <ns3:TrackPointExtension>
            <ns3:hr>152</ns3:hr>
            <ns3:cad>84</ns3:cad>
          </ns3:TrackPointExtension>
        </extensions>
      </trkpt>
      <trkpt lat="37.51135365106165409088134765625" lon="127.06802540458738803863525390625">
        <ele>5.80000019073486328125</ele>
        <time>2026-09-14T09:25:29.000Z</time>
        <extensions>
          <ns3:TrackPointExtension>
            <ns3:hr>152</ns3:hr>
            <ns3:cad>84</ns3:cad>
          </ns3:TrackPointExtension>
        </extensions>
      </trkpt>
      <trkpt lat="37.511320374906063079833984375" lon="127.0680378936231136322021484375">
        <ele>5.80000019073486328125</ele>
        <time>2026-09-14T09:25:30.000Z</time>
        <extensions>
          <ns3:TrackPointExtension>
            <ns3:hr>152</ns3:hr>
            <ns3:cad>84</ns3:cad>
          </ns3:TrackPointExtension>
        </extensions>
      </trkpt>
      <trkpt lat="37.511288858950138092041015625" lon="127.0680409111082553863525390625">
        <ele>5.80000019073486328125</ele>
        <time>2026-09-14T09:25:31.000Z</time>
        <extensions>
          <ns3:TrackPointExtension>
            <ns3:hr>152</ns3:hr>
            <ns3:cad>84</ns3:cad>
          </ns3:TrackPointExtension>
        </extensions>
      </trkpt>
      <trkpt lat="37.5112642161548137664794921875" lon="127.0680494606494903564453125">
        <ele>5.80000019073486328125</ele>
        <time>2026-09-14T09:25:32.000Z</time>
        <extensions>
          <ns3:TrackPointExtension>
            <ns3:hr>152</ns3:hr>
            <ns3:cad>84</ns3:cad>
          </ns3:TrackPointExtension>
        </extensions>
      </trkpt>
      <trkpt lat="37.5112296827137470245361328125" lon="127.0680534839630126953125">
        <ele>5.80000019073486328125</ele>
        <time>2026-09-14T09:25:33.000Z</time>
        <extensions>
          <ns3:TrackPointExtension>
            <ns3:hr>152</ns3:hr>
            <ns3:cad>84</ns3:cad>
          </ns3:TrackPointExtension>
        </extensions>
      </trkpt>
      <trkpt lat="37.5112045370042324066162109375" lon="127.06805524416267871856689453125">
        <ele>5.599999904632568359375</ele>
        <time>2026-09-14T09:25:34.000Z</time>
        <extensions>
          <ns3:TrackPointExtension>
            <ns3:hr>152</ns3:hr>
            <ns3:cad>84</ns3:cad>
          </ns3:TrackPointExtension>
        </extensions>
      </trkpt>
      <trkpt lat="37.5111723504960536956787109375" lon="127.06805624999105930328369140625">
        <ele>5.599999904632568359375</ele>
        <time>2026-09-14T09:25:35.000Z</time>
        <extensions>
          <ns3:TrackPointExtension>
            <ns3:hr>152</ns3:hr>
            <ns3:cad>84</ns3:cad>
          </ns3:TrackPointExtension>
        </extensions>
      </trkpt>
      <trkpt lat="37.5111418403685092926025390625" lon="127.0680570043623447418212890625">
        <ele>5.80000019073486328125</ele>
        <time>2026-09-14T09:25:36.000Z</time>
        <extensions>
          <ns3:TrackPointExtension>
            <ns3:hr>152</ns3:hr>
            <ns3:cad>84</ns3:cad>
          </ns3:TrackPointExtension>
        </extensions>
      </trkpt>
      <trkpt lat="37.5111166946589946746826171875" lon="127.0680620335042476654052734375">
        <ele>5.80000019073486328125</ele>
        <time>2026-09-14T09:25:37.000Z</time>
        <extensions>
          <ns3:TrackPointExtension>
            <ns3:hr>152</ns3:hr>
            <ns3:cad>84</ns3:cad>
          </ns3:TrackPointExtension>
        </extensions>
      </trkpt>
      <trkpt lat="37.511076964437961578369140625" lon="127.06805658526718616485595703125">
        <ele>5.599999904632568359375</ele>
        <time>2026-09-14T09:25:38.000Z</time>
        <extensions>
          <ns3:TrackPointExtension>
            <ns3:hr>152</ns3:hr>
            <ns3:cad>84</ns3:cad>
          </ns3:TrackPointExtension>
        </extensions>
      </trkpt>
      <trkpt lat="37.51105676405131816864013671875" lon="127.06805340014398097991943359375">
        <ele>5.80000019073486328125</ele>
        <time>2026-09-14T09:25:39.000Z</time>
        <extensions>
          <ns3:TrackPointExtension>
            <ns3:hr>152</ns3:hr>
            <ns3:cad>84</ns3:cad>
          </ns3:TrackPointExtension>
        </extensions>
      </trkpt>
      <trkpt lat="37.51102256588637828826904296875" lon="127.0680342055857181549072265625">
        <ele>5.80000019073486328125</ele>
        <time>2026-09-14T09:25:40.000Z</time>
        <extensions>
          <ns3:TrackPointExtension>
            <ns3:hr>153</ns3:hr>
            <ns3:cad>84</ns3:cad>
          </ns3:TrackPointExtension>
        </extensions>
      </trkpt>
      <trkpt lat="37.51099549233913421630859375" lon="127.0680221356451511383056640625">
        <ele>5.80000019073486328125</ele>
        <time>2026-09-14T09:25:41.000Z</time>
        <extensions>
          <ns3:TrackPointExtension>
            <ns3:hr>152</ns3:hr>
            <ns3:cad>85</ns3:cad>
          </ns3:TrackPointExtension>
        </extensions>
      </trkpt>
      <trkpt lat="37.5109617970883846282958984375" lon="127.06800478510558605194091796875">
        <ele>5.80000019073486328125</ele>
        <time>2026-09-14T09:25:42.000Z</time>
        <extensions>
          <ns3:TrackPointExtension>
            <ns3:hr>152</ns3:hr>
            <ns3:cad>85</ns3:cad>
          </ns3:TrackPointExtension>
        </extensions>
      </trkpt>
      <trkpt lat="37.51093572936952114105224609375" lon="127.067981064319610595703125">
        <ele>6</ele>
        <time>2026-09-14T09:25:43.000Z</time>
        <extensions>
          <ns3:TrackPointExtension>
            <ns3:hr>152</ns3:hr>
            <ns3:cad>85</ns3:cad>
          </ns3:TrackPointExtension>
        </extensions>
      </trkpt>
      <trkpt lat="37.51090941019356250762939453125" lon="127.06796689890325069427490234375">
        <ele>6.19999980926513671875</ele>
        <time>2026-09-14T09:25:44.000Z</time>
        <extensions>
          <ns3:TrackPointExtension>
            <ns3:hr>152</ns3:hr>
            <ns3:cad>85</ns3:cad>
          </ns3:TrackPointExtension>
        </extensions>
      </trkpt>
      <trkpt lat="37.51087336800992488861083984375" lon="127.067943178117275238037109375">
        <ele>6.19999980926513671875</ele>
        <time>2026-09-14T09:25:45.000Z</time>
        <extensions>
          <ns3:TrackPointExtension>
            <ns3:hr>152</ns3:hr>
            <ns3:cad>85</ns3:cad>
          </ns3:TrackPointExtension>
        </extensions>
      </trkpt>
      <trkpt lat="37.5108491443097591400146484375" lon="127.0679379813373088836669921875">
        <ele>6.400000095367431640625</ele>
        <time>2026-09-14T09:25:46.000Z</time>
        <extensions>
          <ns3:TrackPointExtension>
            <ns3:hr>153</ns3:hr>
            <ns3:cad>85</ns3:cad>
          </ns3:TrackPointExtension>
        </extensions>
      </trkpt>
      <trkpt lat="37.51081720925867557525634765625" lon="127.06793286837637424468994140625">
        <ele>6.599999904632568359375</ele>
        <time>2026-09-14T09:25:47.000Z</time>
        <extensions>
          <ns3:TrackPointExtension>
            <ns3:hr>152</ns3:hr>
            <ns3:cad>85</ns3:cad>
          </ns3:TrackPointExtension>
        </extensions>
      </trkpt>
      <trkpt lat="37.51079189591109752655029296875" lon="127.067920379340648651123046875">
        <ele>6.599999904632568359375</ele>
        <time>2026-09-14T09:25:48.000Z</time>
        <extensions>
          <ns3:TrackPointExtension>
            <ns3:hr>153</ns3:hr>
            <ns3:cad>85</ns3:cad>
          </ns3:TrackPointExtension>
        </extensions>
      </trkpt>
      <trkpt lat="37.51076775602996349334716796875" lon="127.067922055721282958984375">
        <ele>6.599999904632568359375</ele>
        <time>2026-09-14T09:25:49.000Z</time>
        <extensions>
          <ns3:TrackPointExtension>
            <ns3:hr>153</ns3:hr>
            <ns3:cad>84</ns3:cad>
          </ns3:TrackPointExtension>
        </extensions>
      </trkpt>
      <trkpt lat="37.51073121093213558197021484375" lon="127.06791937351226806640625">
        <ele>6.599999904632568359375</ele>
        <time>2026-09-14T09:25:50.000Z</time>
        <extensions>
          <ns3:TrackPointExtension>
            <ns3:hr>153</ns3:hr>
            <ns3:cad>84</ns3:cad>
          </ns3:TrackPointExtension>
        </extensions>
      </trkpt>
      <trkpt lat="37.51070137135684490203857421875" lon="127.06792180426418781280517578125">
        <ele>6.599999904632568359375</ele>
        <time>2026-09-14T09:25:51.000Z</time>
        <extensions>
          <ns3:TrackPointExtension>
            <ns3:hr>153</ns3:hr>
            <ns3:cad>84</ns3:cad>
          </ns3:TrackPointExtension>
        </extensions>
      </trkpt>
      <trkpt lat="37.51066650263965129852294921875" lon="127.06792297773063182830810546875">
        <ele>6.599999904632568359375</ele>
        <time>2026-09-14T09:25:52.000Z</time>
        <extensions>
          <ns3:TrackPointExtension>
            <ns3:hr>153</ns3:hr>
            <ns3:cad>84</ns3:cad>
          </ns3:TrackPointExtension>
        </extensions>
      </trkpt>
      <trkpt lat="37.510632388293743133544921875" lon="127.06792750395834445953369140625">
        <ele>6.599999904632568359375</ele>
        <time>2026-09-14T09:25:53.000Z</time>
        <extensions>
          <ns3:TrackPointExtension>
            <ns3:hr>153</ns3:hr>
            <ns3:cad>84</ns3:cad>
          </ns3:TrackPointExtension>
        </extensions>
      </trkpt>
      <trkpt lat="37.51060464419424533843994140625" lon="127.0679322816431522369384765625">
        <ele>6.80000019073486328125</ele>
        <time>2026-09-14T09:25:54.000Z</time>
        <extensions>
          <ns3:TrackPointExtension>
            <ns3:hr>154</ns3:hr>
            <ns3:cad>84</ns3:cad>
          </ns3:TrackPointExtension>
        </extensions>
      </trkpt>
      <trkpt lat="37.51057304441928863525390625" lon="127.06793119199573993682861328125">
        <ele>7</ele>
        <time>2026-09-14T09:25:55.000Z</time>
        <extensions>
          <ns3:TrackPointExtension>
            <ns3:hr>154</ns3:hr>
            <ns3:cad>84</ns3:cad>
          </ns3:TrackPointExtension>
        </extensions>
      </trkpt>
      <trkpt lat="37.51054429449141025543212890625" lon="127.0679393224418163299560546875">
        <ele>7.400000095367431640625</ele>
        <time>2026-09-14T09:25:56.000Z</time>
        <extensions>
          <ns3:TrackPointExtension>
            <ns3:hr>154</ns3:hr>
            <ns3:cad>84</ns3:cad>
          </ns3:TrackPointExtension>
        </extensions>
      </trkpt>
      <trkpt lat="37.51051445491611957550048828125" lon="127.06794577650725841522216796875">
        <ele>7.599999904632568359375</ele>
        <time>2026-09-14T09:25:57.000Z</time>
        <extensions>
          <ns3:TrackPointExtension>
            <ns3:hr>154</ns3:hr>
            <ns3:cad>84</ns3:cad>
          </ns3:TrackPointExtension>
        </extensions>
      </trkpt>
      <trkpt lat="37.51048813574016094207763671875" lon="127.06794879399240016937255859375">
        <ele>7.80000019073486328125</ele>
        <time>2026-09-14T09:25:58.000Z</time>
        <extensions>
          <ns3:TrackPointExtension>
            <ns3:hr>154</ns3:hr>
            <ns3:cad>84</ns3:cad>
          </ns3:TrackPointExtension>
        </extensions>
      </trkpt>
      <trkpt lat="37.51046215184032917022705078125" lon="127.06795893609523773193359375">
        <ele>8</ele>
        <time>2026-09-14T09:25:59.000Z</time>
        <extensions>
          <ns3:TrackPointExtension>
            <ns3:hr>154</ns3:hr>
            <ns3:cad>84</ns3:cad>
          </ns3:TrackPointExtension>
        </extensions>
      </trkpt>
      <trkpt lat="37.51042560674250125885009765625" lon="127.06795834936201572418212890625">
        <ele>8</ele>
        <time>2026-09-14T09:26:00.000Z</time>
        <extensions>
          <ns3:TrackPointExtension>
            <ns3:hr>154</ns3:hr>
            <ns3:cad>83</ns3:cad>
          </ns3:TrackPointExtension>
        </extensions>
      </trkpt>
      <trkpt lat="37.5104022212326526641845703125" lon="127.0679634623229503631591796875">
        <ele>8</ele>
        <time>2026-09-14T09:26:01.000Z</time>
        <extensions>
          <ns3:TrackPointExtension>
            <ns3:hr>155</ns3:hr>
            <ns3:cad>83</ns3:cad>
          </ns3:TrackPointExtension>
        </extensions>
      </trkpt>
      <trkpt lat="37.51036056317389011383056640625" lon="127.06797092221677303314208984375">
        <ele>8</ele>
        <time>2026-09-14T09:26:02.000Z</time>
        <extensions>
          <ns3:TrackPointExtension>
            <ns3:hr>155</ns3:hr>
            <ns3:cad>83</ns3:cad>
          </ns3:TrackPointExtension>
        </extensions>
      </trkpt>
      <trkpt lat="37.51033256761729717254638671875" lon="127.067974694073200225830078125">
        <ele>8</ele>
        <time>2026-09-14T09:26:03.000Z</time>
        <extensions>
          <ns3:TrackPointExtension>
            <ns3:hr>155</ns3:hr>
            <ns3:cad>83</ns3:cad>
          </ns3:TrackPointExtension>
        </extensions>
      </trkpt>
      <trkpt lat="37.51030775718390941619873046875" lon="127.06797645427286624908447265625">
        <ele>8</ele>
        <time>2026-09-14T09:26:04.000Z</time>
        <extensions>
          <ns3:TrackPointExtension>
            <ns3:hr>155</ns3:hr>
            <ns3:cad>83</ns3:cad>
          </ns3:TrackPointExtension>
        </extensions>
      </trkpt>
      <trkpt lat="37.5102840363979339599609375" lon="127.06797896884381771087646484375">
        <ele>8</ele>
        <time>2026-09-14T09:26:05.000Z</time>
        <extensions>
          <ns3:TrackPointExtension>
            <ns3:hr>155</ns3:hr>
            <ns3:cad>83</ns3:cad>
          </ns3:TrackPointExtension>
        </extensions>
      </trkpt>
      <trkpt lat="37.51026593148708343505859375" lon="127.06797796301543712615966796875">
        <ele>8</ele>
        <time>2026-09-14T09:26:06.000Z</time>
        <extensions>
          <ns3:TrackPointExtension>
            <ns3:hr>156</ns3:hr>
            <ns3:cad>83</ns3:cad>
          </ns3:TrackPointExtension>
        </extensions>
      </trkpt>
      <trkpt lat="37.5102459825575351715087890625" lon="127.0679797232151031494140625">
        <ele>7.80000019073486328125</ele>
        <time>2026-09-14T09:26:07.000Z</time>
        <extensions>
          <ns3:TrackPointExtension>
            <ns3:hr>156</ns3:hr>
            <ns3:cad>83</ns3:cad>
          </ns3:TrackPointExtension>
        </extensions>
      </trkpt>
      <trkpt lat="37.51021320931613445281982421875" lon="127.06797997467219829559326171875">
        <ele>7.80000019073486328125</ele>
        <time>2026-09-14T09:26:08.000Z</time>
        <extensions>
          <ns3:TrackPointExtension>
            <ns3:hr>156</ns3:hr>
            <ns3:cad>83</ns3:cad>
          </ns3:TrackPointExtension>
        </extensions>
      </trkpt>
      <trkpt lat="37.51018571667373180389404296875" lon="127.06798081286251544952392578125">
        <ele>7.80000019073486328125</ele>
        <time>2026-09-14T09:26:09.000Z</time>
        <extensions>
          <ns3:TrackPointExtension>
            <ns3:hr>156</ns3:hr>
            <ns3:cad>83</ns3:cad>
          </ns3:TrackPointExtension>
        </extensions>
      </trkpt>
      <trkpt lat="37.51016761176288127899169921875" lon="127.06797930411994457244873046875">
        <ele>8</ele>
        <time>2026-09-14T09:26:10.000Z</time>
        <extensions>
          <ns3:TrackPointExtension>
            <ns3:hr>156</ns3:hr>
            <ns3:cad>83</ns3:cad>
          </ns3:TrackPointExtension>
        </extensions>
      </trkpt>
      <trkpt lat="37.5101413764059543609619140625" lon="127.0679802261292934417724609375">
        <ele>8</ele>
        <time>2026-09-14T09:26:11.000Z</time>
        <extensions>
          <ns3:TrackPointExtension>
            <ns3:hr>156</ns3:hr>
            <ns3:cad>84</ns3:cad>
          </ns3:TrackPointExtension>
        </extensions>
      </trkpt>
      <trkpt lat="37.5101123750209808349609375" lon="127.06797611899673938751220703125">
        <ele>8</ele>
        <time>2026-09-14T09:26:12.000Z</time>
        <extensions>
          <ns3:TrackPointExtension>
            <ns3:hr>156</ns3:hr>
            <ns3:cad>84</ns3:cad>
          </ns3:TrackPointExtension>
        </extensions>
      </trkpt>
      <trkpt lat="37.51007909886538982391357421875" lon="127.0679376460611820220947265625">
        <ele>8</ele>
        <time>2026-09-14T09:26:13.000Z</time>
        <extensions>
          <ns3:TrackPointExtension>
            <ns3:hr>157</ns3:hr>
            <ns3:cad>84</ns3:cad>
          </ns3:TrackPointExtension>
        </extensions>
      </trkpt>
      <trkpt lat="37.5100458227097988128662109375" lon="127.06790738739073276519775390625">
        <ele>8</ele>
        <time>2026-09-14T09:26:14.000Z</time>
        <extensions>
          <ns3:TrackPointExtension>
            <ns3:hr>156</ns3:hr>
            <ns3:cad>84</ns3:cad>
          </ns3:TrackPointExtension>
        </extensions>
      </trkpt>
      <trkpt lat="37.510016821324825286865234375" lon="127.067879475653171539306640625">
        <ele>8</ele>
        <time>2026-09-14T09:26:15.000Z</time>
        <extensions>
          <ns3:TrackPointExtension>
            <ns3:hr>156</ns3:hr>
            <ns3:cad>84</ns3:cad>
          </ns3:TrackPointExtension>
        </extensions>
      </trkpt>
      <trkpt lat="37.50999125652015209197998046875" lon="127.0678632147610187530517578125">
        <ele>8</ele>
        <time>2026-09-14T09:26:16.000Z</time>
        <extensions>
          <ns3:TrackPointExtension>
            <ns3:hr>156</ns3:hr>
            <ns3:cad>83</ns3:cad>
          </ns3:TrackPointExtension>
        </extensions>
      </trkpt>
      <trkpt lat="37.50996661372482776641845703125" lon="127.0678501389920711517333984375">
        <ele>8</ele>
        <time>2026-09-14T09:26:17.000Z</time>
        <extensions>
          <ns3:TrackPointExtension>
            <ns3:hr>156</ns3:hr>
            <ns3:cad>83</ns3:cad>
          </ns3:TrackPointExtension>
        </extensions>
      </trkpt>
      <trkpt lat="37.50993576832115650177001953125" lon="127.067831195890903472900390625">
        <ele>8</ele>
        <time>2026-09-14T09:26:18.000Z</time>
        <extensions>
          <ns3:TrackPointExtension>
            <ns3:hr>156</ns3:hr>
            <ns3:cad>83</ns3:cad>
          </ns3:TrackPointExtension>
        </extensions>
      </trkpt>
      <trkpt lat="37.50990777276456356048583984375" lon="127.06781803630292415618896484375">
        <ele>8</ele>
        <time>2026-09-14T09:26:19.000Z</time>
        <extensions>
          <ns3:TrackPointExtension>
            <ns3:hr>157</ns3:hr>
            <ns3:cad>83</ns3:cad>
          </ns3:TrackPointExtension>
        </extensions>
      </trkpt>
      <trkpt lat="37.50989503227174282073974609375" lon="127.06744587980210781097412109375">
        <ele>20</ele>
        <time>2026-09-14T09:27:28.000Z</time>
        <extensions>
          <ns3:TrackPointExtension>
            <ns3:hr>143</ns3:hr>
            <ns3:cad>0</ns3:cad>
          </ns3:TrackPointExtension>
        </extensions>
      </trkpt>
      <trkpt lat="37.50989578664302825927734375" lon="127.06743682734668254852294921875">
        <ele>20</ele>
        <time>2026-09-14T09:27:29.000Z</time>
        <extensions>
          <ns3:TrackPointExtension>
            <ns3:hr>143</ns3:hr>
            <ns3:cad>0</ns3:cad>
          </ns3:TrackPointExtension>
        </extensions>
      </trkpt>
      <trkpt lat="37.50988832674920558929443359375" lon="127.06741369329392910003662109375">
        <ele>19.799999237060546875</ele>
        <time>2026-09-14T09:27:30.000Z</time>
        <extensions>
          <ns3:TrackPointExtension>
            <ns3:hr>142</ns3:hr>
            <ns3:cad>0</ns3:cad>
          </ns3:TrackPointExtension>
        </extensions>
      </trkpt>
      <trkpt lat="37.509880699217319488525390625" lon="127.06740413792431354522705078125">
        <ele>19.799999237060546875</ele>
        <time>2026-09-14T09:27:31.000Z</time>
        <extensions>
          <ns3:TrackPointExtension>
            <ns3:hr>142</ns3:hr>
            <ns3:cad>0</ns3:cad>
          </ns3:TrackPointExtension>
        </extensions>
      </trkpt>
      <trkpt lat="37.50986888073384761810302734375" lon="127.067375220358371734619140625">
        <ele>19.6000003814697265625</ele>
        <time>2026-09-14T09:27:32.000Z</time>
        <extensions>
          <ns3:TrackPointExtension>
            <ns3:hr>142</ns3:hr>
            <ns3:cad>0</ns3:cad>
          </ns3:TrackPointExtension>
        </extensions>
      </trkpt>
      <trkpt lat="37.50986267812550067901611328125" lon="127.0673559419810771942138671875">
        <ele>19.6000003814697265625</ele>
        <time>2026-09-14T09:27:33.000Z</time>
        <extensions>
          <ns3:TrackPointExtension>
            <ns3:hr>141</ns3:hr>
            <ns3:cad>0</ns3:cad>
          </ns3:TrackPointExtension>
        </extensions>
      </trkpt>
      <trkpt lat="37.50985815189778804779052734375" lon="127.06733423285186290740966796875">
        <ele>19.6000003814697265625</ele>
        <time>2026-09-14T09:27:34.000Z</time>
        <extensions>
          <ns3:TrackPointExtension>
            <ns3:hr>142</ns3:hr>
            <ns3:cad>83</ns3:cad>
          </ns3:TrackPointExtension>
        </extensions>
      </trkpt>
      <trkpt lat="37.50985077582299709320068359375" lon="127.06730824895203113555908203125">
        <ele>19.6000003814697265625</ele>
        <time>2026-09-14T09:27:35.000Z</time>
        <extensions>
          <ns3:TrackPointExtension>
            <ns3:hr>141</ns3:hr>
            <ns3:cad>83</ns3:cad>
          </ns3:TrackPointExtension>
        </extensions>
      </trkpt>
      <trkpt lat="37.509837448596954345703125" lon="127.06729014404118061065673828125">
        <ele>19.6000003814697265625</ele>
        <time>2026-09-14T09:27:36.000Z</time>
        <extensions>
          <ns3:TrackPointExtension>
            <ns3:hr>142</ns3:hr>
            <ns3:cad>83</ns3:cad>
          </ns3:TrackPointExtension>
        </extensions>
      </trkpt>
      <trkpt lat="37.5098231993615627288818359375" lon="127.0672563649713993072509765625">
        <ele>19.6000003814697265625</ele>
        <time>2026-09-14T09:27:37.000Z</time>
        <extensions>
          <ns3:TrackPointExtension>
            <ns3:hr>142</ns3:hr>
            <ns3:cad>83</ns3:cad>
          </ns3:TrackPointExtension>
        </extensions>
      </trkpt>
      <trkpt lat="37.5098205171525478363037109375" lon="127.0672208257019519805908203125">
        <ele>19.6000003814697265625</ele>
        <time>2026-09-14T09:27:38.000Z</time>
        <extensions>
          <ns3:TrackPointExtension>
            <ns3:hr>142</ns3:hr>
            <ns3:cad>83</ns3:cad>
          </ns3:TrackPointExtension>
        </extensions>
      </trkpt>
      <trkpt lat="37.5098161585628986358642578125" lon="127.067187130451202392578125">
        <ele>19.6000003814697265625</ele>
        <time>2026-09-14T09:27:39.000Z</time>
        <extensions>
          <ns3:TrackPointExtension>
            <ns3:hr>143</ns3:hr>
            <ns3:cad>83</ns3:cad>
          </ns3:TrackPointExtension>
        </extensions>
      </trkpt>
      <trkpt lat="37.5098119676113128662109375" lon="127.06714890897274017333984375">
        <ele>19.6000003814697265625</ele>
        <time>2026-09-14T09:27:40.000Z</time>
        <extensions>
          <ns3:TrackPointExtension>
            <ns3:hr>144</ns3:hr>
            <ns3:cad>83</ns3:cad>
          </ns3:TrackPointExtension>
        </extensions>
      </trkpt>
      <trkpt lat="37.5098007358610630035400390625" lon="127.06711412407457828521728515625">
        <ele>19.6000003814697265625</ele>
        <time>2026-09-14T09:27:41.000Z</time>
        <extensions>
          <ns3:TrackPointExtension>
            <ns3:hr>144</ns3:hr>
            <ns3:cad>82</ns3:cad>
          </ns3:TrackPointExtension>
        </extensions>
      </trkpt>
      <trkpt lat="37.50978874973952770233154296875" lon="127.06708663143217563629150390625">
        <ele>19.6000003814697265625</ele>
        <time>2026-09-14T09:27:42.000Z</time>
        <extensions>
          <ns3:TrackPointExtension>
            <ns3:hr>145</ns3:hr>
            <ns3:cad>82</ns3:cad>
          </ns3:TrackPointExtension>
        </extensions>
      </trkpt>
      <trkpt lat="37.509782798588275909423828125" lon="127.06704958342015743255615234375">
        <ele>19.6000003814697265625</ele>
        <time>2026-09-14T09:27:43.000Z</time>
        <extensions>
          <ns3:TrackPointExtension>
            <ns3:hr>146</ns3:hr>
            <ns3:cad>82</ns3:cad>
          </ns3:TrackPointExtension>
        </extensions>
      </trkpt>
      <trkpt lat="37.50978355295956134796142578125" lon="127.0670169778168201446533203125">
        <ele>19.6000003814697265625</ele>
        <time>2026-09-14T09:27:44.000Z</time>
        <extensions>
          <ns3:TrackPointExtension>
            <ns3:hr>147</ns3:hr>
            <ns3:cad>82</ns3:cad>
          </ns3:TrackPointExtension>
        </extensions>
      </trkpt>
      <trkpt lat="37.509675510227680206298828125" lon="127.06663484685122966766357421875">
        <ele>18.3999996185302734375</ele>
        <time>2026-09-14T09:29:21.000Z</time>
        <extensions>
          <ns3:TrackPointExtension>
            <ns3:hr>111</ns3:hr>
            <ns3:cad>0</ns3:cad>
          </ns3:TrackPointExtension>
        </extensions>
      </trkpt>
      <trkpt lat="37.5096724927425384521484375" lon="127.066633589565753936767578125">
        <ele>18.3999996185302734375</ele>
        <time>2026-09-14T09:29:22.000Z</time>
        <extensions>
          <ns3:TrackPointExtension>
            <ns3:hr>110</ns3:hr>
            <ns3:cad>0</ns3:cad>
          </ns3:TrackPointExtension>
        </extensions>
      </trkpt>
      <trkpt lat="37.50966109335422515869140625" lon="127.06663987599313259124755859375">
        <ele>18.3999996185302734375</ele>
        <time>2026-09-14T09:29:23.000Z</time>
        <extensions>
          <ns3:TrackPointExtension>
            <ns3:hr>109</ns3:hr>
            <ns3:cad>0</ns3:cad>
          </ns3:TrackPointExtension>
        </extensions>
      </trkpt>
      <trkpt lat="37.5096481852233409881591796875" lon="127.066649012267589569091796875">
        <ele>18.3999996185302734375</ele>
        <time>2026-09-14T09:29:24.000Z</time>
        <extensions>
          <ns3:TrackPointExtension>
            <ns3:hr>108</ns3:hr>
            <ns3:cad>0</ns3:cad>
          </ns3:TrackPointExtension>
        </extensions>
      </trkpt>
      <trkpt lat="37.5096297450363636016845703125" lon="127.066658399999141693115234375">
        <ele>18.200000762939453125</ele>
        <time>2026-09-14T09:29:25.000Z</time>
        <extensions>
          <ns3:TrackPointExtension>
            <ns3:hr>107</ns3:hr>
            <ns3:cad>0</ns3:cad>
          </ns3:TrackPointExtension>
        </extensions>
      </trkpt>
      <trkpt lat="37.50960049219429492950439453125" lon="127.0666850544512271881103515625">
        <ele>18</ele>
        <time>2026-09-14T09:29:26.000Z</time>
        <extensions>
          <ns3:TrackPointExtension>
            <ns3:hr>107</ns3:hr>
            <ns3:cad>0</ns3:cad>
          </ns3:TrackPointExtension>
        </extensions>
      </trkpt>
      <trkpt lat="37.509576939046382904052734375" lon="127.06669804640114307403564453125">
        <ele>18</ele>
        <time>2026-09-14T09:29:27.000Z</time>
        <extensions>
          <ns3:TrackPointExtension>
            <ns3:hr>106</ns3:hr>
            <ns3:cad>0</ns3:cad>
          </ns3:TrackPointExtension>
        </extensions>
      </trkpt>
      <trkpt lat="37.50955246388912200927734375" lon="127.0667075179517269134521484375">
        <ele>17.799999237060546875</ele>
        <time>2026-09-14T09:29:28.000Z</time>
        <extensions>
          <ns3:TrackPointExtension>
            <ns3:hr>106</ns3:hr>
            <ns3:cad>0</ns3:cad>
          </ns3:TrackPointExtension>
        </extensions>
      </trkpt>
      <trkpt lat="37.50951700843870639801025390625" lon="127.066724784672260284423828125">
        <ele>17.799999237060546875</ele>
        <time>2026-09-14T09:29:29.000Z</time>
        <extensions>
          <ns3:TrackPointExtension>
            <ns3:hr>107</ns3:hr>
            <ns3:cad>79</ns3:cad>
          </ns3:TrackPointExtension>
        </extensions>
      </trkpt>
      <trkpt lat="37.50948834232985973358154296875" lon="127.0667360164225101470947265625">
        <ele>17.799999237060546875</ele>
        <time>2026-09-14T09:29:30.000Z</time>
        <extensions>
          <ns3:TrackPointExtension>
            <ns3:hr>108</ns3:hr>
            <ns3:cad>79</ns3:cad>
          </ns3:TrackPointExtension>
        </extensions>
      </trkpt>
      <trkpt lat="37.50945833511650562286376953125" lon="127.06674984656274318695068359375">
        <ele>17.799999237060546875</ele>
        <time>2026-09-14T09:29:31.000Z</time>
        <extensions>
          <ns3:TrackPointExtension>
            <ns3:hr>109</ns3:hr>
            <ns3:cad>82</ns3:cad>
          </ns3:TrackPointExtension>
        </extensions>
      </trkpt>
      <trkpt lat="37.509430088102817535400390625" lon="127.0667618326842784881591796875">
        <ele>17.799999237060546875</ele>
        <time>2026-09-14T09:29:32.000Z</time>
        <extensions>
          <ns3:TrackPointExtension>
            <ns3:hr>110</ns3:hr>
            <ns3:cad>82</ns3:cad>
          </ns3:TrackPointExtension>
        </extensions>
      </trkpt>
      <trkpt lat="37.509404607117176055908203125" lon="127.0667812786996364593505859375">
        <ele>17.799999237060546875</ele>
        <time>2026-09-14T09:29:33.000Z</time>
        <extensions>
          <ns3:TrackPointExtension>
            <ns3:hr>111</ns3:hr>
            <ns3:cad>82</ns3:cad>
          </ns3:TrackPointExtension>
        </extensions>
      </trkpt>
      <trkpt lat="37.50936563126742839813232421875" lon="127.06677901558578014373779296875">
        <ele>17.6000003814697265625</ele>
        <time>2026-09-14T09:29:34.000Z</time>
        <extensions>
          <ns3:TrackPointExtension>
            <ns3:hr>112</ns3:hr>
            <ns3:cad>82</ns3:cad>
          </ns3:TrackPointExtension>
        </extensions>
      </trkpt>
      <trkpt lat="37.5093343667685985565185546875" lon="127.066787146031856536865234375">
        <ele>17.6000003814697265625</ele>
        <time>2026-09-14T09:29:35.000Z</time>
        <extensions>
          <ns3:TrackPointExtension>
            <ns3:hr>113</ns3:hr>
            <ns3:cad>82</ns3:cad>
          </ns3:TrackPointExtension>
        </extensions>
      </trkpt>
      <trkpt lat="37.5093023478984832763671875" lon="127.0667950250208377838134765625">
        <ele>17.6000003814697265625</ele>
        <time>2026-09-14T09:29:36.000Z</time>
        <extensions>
          <ns3:TrackPointExtension>
            <ns3:hr>113</ns3:hr>
            <ns3:cad>82</ns3:cad>
          </ns3:TrackPointExtension>
        </extensions>
      </trkpt>
      <trkpt lat="37.50926840119063854217529296875" lon="127.066805250942707061767578125">
        <ele>17.6000003814697265625</ele>
        <time>2026-09-14T09:29:37.000Z</time>
        <extensions>
          <ns3:TrackPointExtension>
            <ns3:hr>114</ns3:hr>
            <ns3:cad>81</ns3:cad>
          </ns3:TrackPointExtension>
        </extensions>
      </trkpt>
      <trkpt lat="37.509239651262760162353515625" lon="127.06680818460881710052490234375">
        <ele>17.3999996185302734375</ele>
        <time>2026-09-14T09:29:38.000Z</time>
        <extensions>
          <ns3:TrackPointExtension>
            <ns3:hr>115</ns3:hr>
            <ns3:cad>81</ns3:cad>
          </ns3:TrackPointExtension>
        </extensions>
      </trkpt>
      <trkpt lat="37.50921408645808696746826171875" lon="127.06681204028427600860595703125">
        <ele>17.3999996185302734375</ele>
        <time>2026-09-14T09:29:39.000Z</time>
        <extensions>
          <ns3:TrackPointExtension>
            <ns3:hr>117</ns3:hr>
            <ns3:cad>81</ns3:cad>
          </ns3:TrackPointExtension>
        </extensions>
      </trkpt>
      <trkpt lat="37.50918240286409854888916015625" lon="127.06679242663085460662841796875">
        <ele>17.3999996185302734375</ele>
        <time>2026-09-14T09:29:40.000Z</time>
        <extensions>
          <ns3:TrackPointExtension>
            <ns3:hr>118</ns3:hr>
            <ns3:cad>83</ns3:cad>
          </ns3:TrackPointExtension>
        </extensions>
      </trkpt>
      <trkpt lat="37.50915281474590301513671875" lon="127.06678538583219051361083984375">
        <ele>17.3999996185302734375</ele>
        <time>2026-09-14T09:29:41.000Z</time>
        <extensions>
          <ns3:TrackPointExtension>
            <ns3:hr>118</ns3:hr>
            <ns3:cad>83</ns3:cad>
          </ns3:TrackPointExtension>
        </extensions>
      </trkpt>
      <trkpt lat="37.50911082141101360321044921875" lon="127.06676258705556392669677734375">
        <ele>17.200000762939453125</ele>
        <time>2026-09-14T09:29:42.000Z</time>
        <extensions>
          <ns3:TrackPointExtension>
            <ns3:hr>119</ns3:hr>
            <ns3:cad>83</ns3:cad>
          </ns3:TrackPointExtension>
        </extensions>
      </trkpt>
      <trkpt lat="37.5090738572180271148681640625" lon="127.06674716435372829437255859375">
        <ele>17.200000762939453125</ele>
        <time>2026-09-14T09:29:43.000Z</time>
        <extensions>
          <ns3:TrackPointExtension>
            <ns3:hr>119</ns3:hr>
            <ns3:cad>82</ns3:cad>
          </ns3:TrackPointExtension>
        </extensions>
      </trkpt>
      <trkpt lat="37.5090319477021694183349609375" lon="127.06673576496541500091552734375">
        <ele>17.200000762939453125</ele>
        <time>2026-09-14T09:29:44.000Z</time>
        <extensions>
          <ns3:TrackPointExtension>
            <ns3:hr>120</ns3:hr>
            <ns3:cad>82</ns3:cad>
          </ns3:TrackPointExtension>
        </extensions>
      </trkpt>
      <trkpt lat="37.508988864719867706298828125" lon="127.0667229406535625457763671875">
        <ele>17.200000762939453125</ele>
        <time>2026-09-14T09:29:45.000Z</time>
        <extensions>
          <ns3:TrackPointExtension>
            <ns3:hr>121</ns3:hr>
            <ns3:cad>82</ns3:cad>
          </ns3:TrackPointExtension>
        </extensions>
      </trkpt>
      <trkpt lat="37.508958019316196441650390625" lon="127.06673241220414638519287109375">
        <ele>17.200000762939453125</ele>
        <time>2026-09-14T09:29:46.000Z</time>
        <extensions>
          <ns3:TrackPointExtension>
            <ns3:hr>121</ns3:hr>
            <ns3:cad>83</ns3:cad>
          </ns3:TrackPointExtension>
        </extensions>
      </trkpt>
      <trkpt lat="37.5089187920093536376953125" lon="127.06673375330865383148193359375">
        <ele>17.3999996185302734375</ele>
        <time>2026-09-14T09:29:47.000Z</time>
        <extensions>
          <ns3:TrackPointExtension>
            <ns3:hr>122</ns3:hr>
            <ns3:cad>83</ns3:cad>
          </ns3:TrackPointExtension>
        </extensions>
      </trkpt>
      <trkpt lat="37.50888903625309467315673828125" lon="127.06675102002918720245361328125">
        <ele>17.3999996185302734375</ele>
        <time>2026-09-14T09:29:48.000Z</time>
        <extensions>
          <ns3:TrackPointExtension>
            <ns3:hr>123</ns3:hr>
            <ns3:cad>83</ns3:cad>
          </ns3:TrackPointExtension>
        </extensions>
      </trkpt>
      <trkpt lat="37.5088552571833133697509765625" lon="127.0667638443410396575927734375">
        <ele>17.3999996185302734375</ele>
        <time>2026-09-14T09:29:49.000Z</time>
        <extensions>
          <ns3:TrackPointExtension>
            <ns3:hr>124</ns3:hr>
            <ns3:cad>83</ns3:cad>
          </ns3:TrackPointExtension>
        </extensions>
      </trkpt>
      <trkpt lat="37.50882147811353206634521484375" lon="127.0667782612144947052001953125">
        <ele>17.3999996185302734375</ele>
        <time>2026-09-14T09:29:50.000Z</time>
        <extensions>
          <ns3:TrackPointExtension>
            <ns3:hr>125</ns3:hr>
            <ns3:cad>83</ns3:cad>
          </ns3:TrackPointExtension>
        </extensions>
      </trkpt>
      <trkpt lat="37.50879633240401744842529296875" lon="127.0667930133640766143798828125">
        <ele>17.3999996185302734375</ele>
        <time>2026-09-14T09:29:51.000Z</time>
        <extensions>
          <ns3:TrackPointExtension>
            <ns3:hr>126</ns3:hr>
            <ns3:cad>83</ns3:cad>
          </ns3:TrackPointExtension>
        </extensions>
      </trkpt>
      <trkpt lat="37.5087647326290607452392578125" lon="127.0668074302375316619873046875">
        <ele>17.3999996185302734375</ele>
        <time>2026-09-14T09:29:52.000Z</time>
        <extensions>
          <ns3:TrackPointExtension>
            <ns3:hr>127</ns3:hr>
            <ns3:cad>84</ns3:cad>
          </ns3:TrackPointExtension>
        </extensions>
      </trkpt>
      <trkpt lat="37.50873983837664127349853515625" lon="127.06682126037776470184326171875">
        <ele>17.3999996185302734375</ele>
        <time>2026-09-14T09:29:53.000Z</time>
        <extensions>
          <ns3:TrackPointExtension>
            <ns3:hr>127</ns3:hr>
            <ns3:cad>84</ns3:cad>
          </ns3:TrackPointExtension>
        </extensions>
      </trkpt>
      <trkpt lat="37.50870346091687679290771484375" lon="127.06684020347893238067626953125">
        <ele>17.3999996185302734375</ele>
        <time>2026-09-14T09:29:54.000Z</time>
        <extensions>
          <ns3:TrackPointExtension>
            <ns3:hr>128</ns3:hr>
            <ns3:cad>84</ns3:cad>
          </ns3:TrackPointExtension>
        </extensions>
      </trkpt>
      <trkpt lat="37.50866758637130260467529296875" lon="127.0668531954288482666015625">
        <ele>17.3999996185302734375</ele>
        <time>2026-09-14T09:29:55.000Z</time>
        <extensions>
          <ns3:TrackPointExtension>
            <ns3:hr>129</ns3:hr>
            <ns3:cad>85</ns3:cad>
          </ns3:TrackPointExtension>
        </extensions>
      </trkpt>
      <trkpt lat="37.50863774679601192474365234375" lon="127.066862247884273529052734375">
        <ele>17.6000003814697265625</ele>
        <time>2026-09-14T09:29:56.000Z</time>
        <extensions>
          <ns3:TrackPointExtension>
            <ns3:hr>129</ns3:hr>
            <ns3:cad>85</ns3:cad>
          </ns3:TrackPointExtension>
        </extensions>
      </trkpt>
      <trkpt lat="37.5086021237075328826904296875" lon="127.0668553747236728668212890625">
        <ele>17.6000003814697265625</ele>
        <time>2026-09-14T09:29:57.000Z</time>
        <extensions>
          <ns3:TrackPointExtension>
            <ns3:hr>130</ns3:hr>
            <ns3:cad>84</ns3:cad>
          </ns3:TrackPointExtension>
        </extensions>
      </trkpt>
      <trkpt lat="37.5085754692554473876953125" lon="127.06684707663953304290771484375">
        <ele>17.6000003814697265625</ele>
        <time>2026-09-14T09:29:58.000Z</time>
        <extensions>
          <ns3:TrackPointExtension>
            <ns3:hr>132</ns3:hr>
            <ns3:cad>84</ns3:cad>
          </ns3:TrackPointExtension>
        </extensions>
      </trkpt>
      <trkpt lat="37.508546300232410430908203125" lon="127.0668218471109867095947265625">
        <ele>17.6000003814697265625</ele>
        <time>2026-09-14T09:29:59.000Z</time>
        <extensions>
          <ns3:TrackPointExtension>
            <ns3:hr>133</ns3:hr>
            <ns3:cad>84</ns3:cad>
          </ns3:TrackPointExtension>
        </extensions>
      </trkpt>
      <trkpt lat="37.50852920114994049072265625" lon="127.0667916722595691680908203125">
        <ele>17.6000003814697265625</ele>
        <time>2026-09-14T09:30:00.000Z</time>
        <extensions>
          <ns3:TrackPointExtension>
            <ns3:hr>135</ns3:hr>
            <ns3:cad>84</ns3:cad>
          </ns3:TrackPointExtension>
        </extensions>
      </trkpt>
      <trkpt lat="37.50852048397064208984375" lon="127.06676627509295940399169921875">
        <ele>17.3999996185302734375</ele>
        <time>2026-09-14T09:30:01.000Z</time>
        <extensions>
          <ns3:TrackPointExtension>
            <ns3:hr>136</ns3:hr>
            <ns3:cad>84</ns3:cad>
          </ns3:TrackPointExtension>
        </extensions>
      </trkpt>
      <trkpt lat="37.5085065700113773345947265625" lon="127.066722773015499114990234375">
        <ele>17.3999996185302734375</ele>
        <time>2026-09-14T09:30:02.000Z</time>
        <extensions>
          <ns3:TrackPointExtension>
            <ns3:hr>136</ns3:hr>
            <ns3:cad>84</ns3:cad>
          </ns3:TrackPointExtension>
        </extensions>
      </trkpt>
      <trkpt lat="37.50850128941237926483154296875" lon="127.06669150851666927337646484375">
        <ele>17.6000003814697265625</ele>
        <time>2026-09-14T09:30:03.000Z</time>
        <extensions>
          <ns3:TrackPointExtension>
            <ns3:hr>136</ns3:hr>
            <ns3:cad>84</ns3:cad>
          </ns3:TrackPointExtension>
        </extensions>
      </trkpt>
      <trkpt lat="37.50849558971822261810302734375" lon="127.06665295176208019256591796875">
        <ele>17.6000003814697265625</ele>
        <time>2026-09-14T09:30:04.000Z</time>
        <extensions>
          <ns3:TrackPointExtension>
            <ns3:hr>136</ns3:hr>
            <ns3:cad>84</ns3:cad>
          </ns3:TrackPointExtension>
        </extensions>
      </trkpt>
      <trkpt lat="37.50848754309117794036865234375" lon="127.06661037169396877288818359375">
        <ele>17.6000003814697265625</ele>
        <time>2026-09-14T09:30:05.000Z</time>
        <extensions>
          <ns3:TrackPointExtension>
            <ns3:hr>137</ns3:hr>
            <ns3:cad>84</ns3:cad>
          </ns3:TrackPointExtension>
        </extensions>
      </trkpt>
      <trkpt lat="37.5084680132567882537841796875" lon="127.066575251519680023193359375">
        <ele>17.799999237060546875</ele>
        <time>2026-09-14T09:30:06.000Z</time>
        <extensions>
          <ns3:TrackPointExtension>
            <ns3:hr>137</ns3:hr>
            <ns3:cad>84</ns3:cad>
          </ns3:TrackPointExtension>
        </extensions>
      </trkpt>
      <trkpt lat="37.5084546022117137908935546875" lon="127.0665234513580799102783203125">
        <ele>17.799999237060546875</ele>
        <time>2026-09-14T09:30:07.000Z</time>
        <extensions>
          <ns3:TrackPointExtension>
            <ns3:hr>137</ns3:hr>
            <ns3:cad>84</ns3:cad>
          </ns3:TrackPointExtension>
        </extensions>
      </trkpt>
      <trkpt lat="37.5084478966891765594482421875" lon="127.06649235449731349945068359375">
        <ele>17.799999237060546875</ele>
        <time>2026-09-14T09:30:08.000Z</time>
        <extensions>
          <ns3:TrackPointExtension>
            <ns3:hr>137</ns3:hr>
            <ns3:cad>84</ns3:cad>
          </ns3:TrackPointExtension>
        </extensions>
      </trkpt>
      <trkpt lat="37.50844295136630535125732421875" lon="127.06644994206726551055908203125">
        <ele>17.799999237060546875</ele>
        <time>2026-09-14T09:30:09.000Z</time>
        <extensions>
          <ns3:TrackPointExtension>
            <ns3:hr>138</ns3:hr>
            <ns3:cad>84</ns3:cad>
          </ns3:TrackPointExtension>
        </extensions>
      </trkpt>
      <trkpt lat="37.508433647453784942626953125" lon="127.066408954560756683349609375">
        <ele>17.799999237060546875</ele>
        <time>2026-09-14T09:30:10.000Z</time>
        <extensions>
          <ns3:TrackPointExtension>
            <ns3:hr>138</ns3:hr>
            <ns3:cad>84</ns3:cad>
          </ns3:TrackPointExtension>
        </extensions>
      </trkpt>
      <trkpt lat="37.508415542542934417724609375" lon="127.06636964343488216400146484375">
        <ele>18</ele>
        <time>2026-09-14T09:30:11.000Z</time>
        <extensions>
          <ns3:TrackPointExtension>
            <ns3:hr>138</ns3:hr>
            <ns3:cad>83</ns3:cad>
          </ns3:TrackPointExtension>
        </extensions>
      </trkpt>
      <trkpt lat="37.50839777290821075439453125" lon="127.0663259737193584442138671875">
        <ele>18</ele>
        <time>2026-09-14T09:30:12.000Z</time>
        <extensions>
          <ns3:TrackPointExtension>
            <ns3:hr>138</ns3:hr>
            <ns3:cad>83</ns3:cad>
          </ns3:TrackPointExtension>
        </extensions>
      </trkpt>
      <trkpt lat="37.5083850324153900146484375" lon="127.0663004927337169647216796875">
        <ele>18.200000762939453125</ele>
        <time>2026-09-14T09:30:13.000Z</time>
        <extensions>
          <ns3:TrackPointExtension>
            <ns3:hr>138</ns3:hr>
            <ns3:cad>83</ns3:cad>
          </ns3:TrackPointExtension>
        </extensions>
      </trkpt>
      <trkpt lat="37.50836960971355438232421875" lon="127.066252045333385467529296875">
        <ele>18.200000762939453125</ele>
        <time>2026-09-14T09:30:14.000Z</time>
        <extensions>
          <ns3:TrackPointExtension>
            <ns3:hr>139</ns3:hr>
            <ns3:cad>84</ns3:cad>
          </ns3:TrackPointExtension>
        </extensions>
      </trkpt>
      <trkpt lat="37.5083590485155582427978515625" lon="127.06621273420751094818115234375">
        <ele>18.3999996185302734375</ele>
        <time>2026-09-14T09:30:15.000Z</time>
        <extensions>
          <ns3:TrackPointExtension>
            <ns3:hr>139</ns3:hr>
            <ns3:cad>84</ns3:cad>
          </ns3:TrackPointExtension>
        </extensions>
      </trkpt>
      <trkpt lat="37.50834840349853038787841796875" lon="127.06617258489131927490234375">
        <ele>18.6000003814697265625</ele>
        <time>2026-09-14T09:30:16.000Z</time>
        <extensions>
          <ns3:TrackPointExtension>
            <ns3:hr>139</ns3:hr>
            <ns3:cad>84</ns3:cad>
          </ns3:TrackPointExtension>
        </extensions>
      </trkpt>
      <trkpt lat="37.5083582103252410888671875" lon="127.066127993166446685791015625">
        <ele>18.6000003814697265625</ele>
        <time>2026-09-14T09:30:17.000Z</time>
        <extensions>
          <ns3:TrackPointExtension>
            <ns3:hr>140</ns3:hr>
            <ns3:cad>84</ns3:cad>
          </ns3:TrackPointExtension>
        </extensions>
      </trkpt>
      <trkpt lat="37.5083754770457744598388671875" lon="127.06609874032437801361083984375">
        <ele>18.6000003814697265625</ele>
        <time>2026-09-14T09:30:18.000Z</time>
        <extensions>
          <ns3:TrackPointExtension>
            <ns3:hr>140</ns3:hr>
            <ns3:cad>84</ns3:cad>
          </ns3:TrackPointExtension>
        </extensions>
      </trkpt>
      <trkpt lat="37.50840724445879459381103515625" lon="127.0660698227584362030029296875">
        <ele>18.6000003814697265625</ele>
        <time>2026-09-14T09:30:19.000Z</time>
        <extensions>
          <ns3:TrackPointExtension>
            <ns3:hr>140</ns3:hr>
            <ns3:cad>84</ns3:cad>
          </ns3:TrackPointExtension>
        </extensions>
      </trkpt>
      <trkpt lat="37.50843959860503673553466796875" lon="127.0660540647804737091064453125">
        <ele>18.6000003814697265625</ele>
        <time>2026-09-14T09:30:20.000Z</time>
        <extensions>
          <ns3:TrackPointExtension>
            <ns3:hr>141</ns3:hr>
            <ns3:cad>84</ns3:cad>
          </ns3:TrackPointExtension>
        </extensions>
      </trkpt>
      <trkpt lat="37.5084673427045345306396484375" lon="127.06604107283055782318115234375">
        <ele>18.6000003814697265625</ele>
        <time>2026-09-14T09:30:21.000Z</time>
        <extensions>
          <ns3:TrackPointExtension>
            <ns3:hr>141</ns3:hr>
            <ns3:cad>84</ns3:cad>
          </ns3:TrackPointExtension>
        </extensions>
      </trkpt>
      <trkpt lat="37.50851050950586795806884765625" lon="127.066024728119373321533203125">
        <ele>18.3999996185302734375</ele>
        <time>2026-09-14T09:30:22.000Z</time>
        <extensions>
          <ns3:TrackPointExtension>
            <ns3:hr>141</ns3:hr>
            <ns3:cad>83</ns3:cad>
          </ns3:TrackPointExtension>
        </extensions>
      </trkpt>
      <trkpt lat="37.508537583053112030029296875" lon="127.066008634865283966064453125">
        <ele>18.200000762939453125</ele>
        <time>2026-09-14T09:30:23.000Z</time>
        <extensions>
          <ns3:TrackPointExtension>
            <ns3:hr>142</ns3:hr>
            <ns3:cad>83</ns3:cad>
          </ns3:TrackPointExtension>
        </extensions>
      </trkpt>
      <trkpt lat="37.50857505016028881072998046875" lon="127.065992541611194610595703125">
        <ele>18.200000762939453125</ele>
        <time>2026-09-14T09:30:24.000Z</time>
        <extensions>
          <ns3:TrackPointExtension>
            <ns3:hr>142</ns3:hr>
            <ns3:cad>83</ns3:cad>
          </ns3:TrackPointExtension>
        </extensions>
      </trkpt>
      <trkpt lat="37.508604638278484344482421875" lon="127.065979801118373870849609375">
        <ele>18.200000762939453125</ele>
        <time>2026-09-14T09:30:25.000Z</time>
        <extensions>
          <ns3:TrackPointExtension>
            <ns3:hr>143</ns3:hr>
            <ns3:cad>84</ns3:cad>
          </ns3:TrackPointExtension>
        </extensions>
      </trkpt>
      <trkpt lat="37.5086343102157115936279296875" lon="127.065963037312030792236328125">
        <ele>18.200000762939453125</ele>
        <time>2026-09-14T09:30:26.000Z</time>
        <extensions>
          <ns3:TrackPointExtension>
            <ns3:hr>143</ns3:hr>
            <ns3:cad>84</ns3:cad>
          </ns3:TrackPointExtension>
        </extensions>
      </trkpt>
      <trkpt lat="37.50867077149450778961181640625" lon="127.06594862043857574462890625">
        <ele>18.200000762939453125</ele>
        <time>2026-09-14T09:30:27.000Z</time>
        <extensions>
          <ns3:TrackPointExtension>
            <ns3:hr>144</ns3:hr>
            <ns3:cad>84</ns3:cad>
          </ns3:TrackPointExtension>
        </extensions>
      </trkpt>
      <trkpt lat="37.50870312564074993133544921875" lon="127.06594191491603851318359375">
        <ele>18.200000762939453125</ele>
        <time>2026-09-14T09:30:28.000Z</time>
        <extensions>
          <ns3:TrackPointExtension>
            <ns3:hr>144</ns3:hr>
            <ns3:cad>84</ns3:cad>
          </ns3:TrackPointExtension>
        </extensions>
      </trkpt>
      <trkpt lat="37.5087399221956729888916015625" lon="127.065923474729061126708984375">
        <ele>18.200000762939453125</ele>
        <time>2026-09-14T09:30:29.000Z</time>
        <extensions>
          <ns3:TrackPointExtension>
            <ns3:hr>144</ns3:hr>
            <ns3:cad>84</ns3:cad>
          </ns3:TrackPointExtension>
        </extensions>
      </trkpt>
      <trkpt lat="37.5087657384574413299560546875" lon="127.06591643393039703369140625">
        <ele>18.200000762939453125</ele>
        <time>2026-09-14T09:30:30.000Z</time>
        <extensions>
          <ns3:TrackPointExtension>
            <ns3:hr>145</ns3:hr>
            <ns3:cad>84</ns3:cad>
          </ns3:TrackPointExtension>
        </extensions>
      </trkpt>
      <trkpt lat="37.50880655832588672637939453125" lon="127.06590344198048114776611328125">
        <ele>18.200000762939453125</ele>
        <time>2026-09-14T09:30:31.000Z</time>
        <extensions>
          <ns3:TrackPointExtension>
            <ns3:hr>145</ns3:hr>
            <ns3:cad>84</ns3:cad>
          </ns3:TrackPointExtension>
        </extensions>
      </trkpt>
      <trkpt lat="37.50884109176695346832275390625" lon="127.065889276564121246337890625">
        <ele>18.3999996185302734375</ele>
        <time>2026-09-14T09:30:32.000Z</time>
        <extensions>
          <ns3:TrackPointExtension>
            <ns3:hr>145</ns3:hr>
            <ns3:cad>84</ns3:cad>
          </ns3:TrackPointExtension>
        </extensions>
      </trkpt>
      <trkpt lat="37.50887059606611728668212890625" lon="127.0658813975751399993896484375">
        <ele>18.6000003814697265625</ele>
        <time>2026-09-14T09:30:33.000Z</time>
        <extensions>
          <ns3:TrackPointExtension>
            <ns3:hr>146</ns3:hr>
            <ns3:cad>85</ns3:cad>
          </ns3:TrackPointExtension>
        </extensions>
      </trkpt>
      <trkpt lat="37.50891451723873615264892578125" lon="127.06586957909166812896728515625">
        <ele>18.6000003814697265625</ele>
        <time>2026-09-14T09:30:34.000Z</time>
        <extensions>
          <ns3:TrackPointExtension>
            <ns3:hr>146</ns3:hr>
            <ns3:cad>85</ns3:cad>
          </ns3:TrackPointExtension>
        </extensions>
      </trkpt>
      <trkpt lat="37.5089464522898197174072265625" lon="127.065869830548763275146484375">
        <ele>18.6000003814697265625</ele>
        <time>2026-09-14T09:30:35.000Z</time>
        <extensions>
          <ns3:TrackPointExtension>
            <ns3:hr>146</ns3:hr>
            <ns3:cad>85</ns3:cad>
          </ns3:TrackPointExtension>
        </extensions>
      </trkpt>
      <trkpt lat="37.50898509286344051361083984375" lon="127.06586413085460662841796875">
        <ele>18.6000003814697265625</ele>
        <time>2026-09-14T09:30:36.000Z</time>
        <extensions>
          <ns3:TrackPointExtension>
            <ns3:hr>147</ns3:hr>
            <ns3:cad>85</ns3:cad>
          </ns3:TrackPointExtension>
        </extensions>
      </trkpt>
      <trkpt lat="37.50902079977095127105712890625" lon="127.065860442817211151123046875">
        <ele>18.6000003814697265625</ele>
        <time>2026-09-14T09:30:37.000Z</time>
        <extensions>
          <ns3:TrackPointExtension>
            <ns3:hr>147</ns3:hr>
            <ns3:cad>85</ns3:cad>
          </ns3:TrackPointExtension>
        </extensions>
      </trkpt>
      <trkpt lat="37.509051226079463958740234375" lon="127.06585616804659366607666015625">
        <ele>18.6000003814697265625</ele>
        <time>2026-09-14T09:30:38.000Z</time>
        <extensions>
          <ns3:TrackPointExtension>
            <ns3:hr>147</ns3:hr>
            <ns3:cad>85</ns3:cad>
          </ns3:TrackPointExtension>
        </extensions>
      </trkpt>
      <trkpt lat="37.50909321941435337066650390625" lon="127.06585549749433994293212890625">
        <ele>18.799999237060546875</ele>
        <time>2026-09-14T09:30:39.000Z</time>
        <extensions>
          <ns3:TrackPointExtension>
            <ns3:hr>147</ns3:hr>
            <ns3:cad>85</ns3:cad>
          </ns3:TrackPointExtension>
        </extensions>
      </trkpt>
      <trkpt lat="37.50912138260900974273681640625" lon="127.06585281528532505035400390625">
        <ele>18.799999237060546875</ele>
        <time>2026-09-14T09:30:40.000Z</time>
        <extensions>
          <ns3:TrackPointExtension>
            <ns3:hr>148</ns3:hr>
            <ns3:cad>85</ns3:cad>
          </ns3:TrackPointExtension>
        </extensions>
      </trkpt>
      <trkpt lat="37.5091570056974887847900390625" lon="127.06584761850535869598388671875">
        <ele>18.799999237060546875</ele>
        <time>2026-09-14T09:30:41.000Z</time>
        <extensions>
          <ns3:TrackPointExtension>
            <ns3:hr>148</ns3:hr>
            <ns3:cad>85</ns3:cad>
          </ns3:TrackPointExtension>
        </extensions>
      </trkpt>
      <trkpt lat="37.5091871805489063262939453125" lon="127.06584124825894832611083984375">
        <ele>18.799999237060546875</ele>
        <time>2026-09-14T09:30:42.000Z</time>
        <extensions>
          <ns3:TrackPointExtension>
            <ns3:hr>148</ns3:hr>
            <ns3:cad>85</ns3:cad>
          </ns3:TrackPointExtension>
        </extensions>
      </trkpt>
      <trkpt lat="37.50921316444873809814453125" lon="127.065835297107696533203125">
        <ele>18.799999237060546875</ele>
        <time>2026-09-14T09:30:43.000Z</time>
        <extensions>
          <ns3:TrackPointExtension>
            <ns3:hr>148</ns3:hr>
            <ns3:cad>85</ns3:cad>
          </ns3:TrackPointExtension>
        </extensions>
      </trkpt>
      <trkpt lat="37.509256415069103240966796875" lon="127.06582699902355670928955078125">
        <ele>18.799999237060546875</ele>
        <time>2026-09-14T09:30:44.000Z</time>
        <extensions>
          <ns3:TrackPointExtension>
            <ns3:hr>149</ns3:hr>
            <ns3:cad>85</ns3:cad>
          </ns3:TrackPointExtension>
        </extensions>
      </trkpt>
      <trkpt lat="37.509286589920520782470703125" lon="127.0658227242529392242431640625">
        <ele>19</ele>
        <time>2026-09-14T09:30:45.000Z</time>
        <extensions>
          <ns3:TrackPointExtension>
            <ns3:hr>149</ns3:hr>
            <ns3:cad>85</ns3:cad>
          </ns3:TrackPointExtension>
        </extensions>
      </trkpt>
      <trkpt lat="37.509318105876445770263671875" lon="127.06581543199717998504638671875">
        <ele>19</ele>
        <time>2026-09-14T09:30:46.000Z</time>
        <extensions>
          <ns3:TrackPointExtension>
            <ns3:hr>149</ns3:hr>
            <ns3:cad>84</ns3:cad>
          </ns3:TrackPointExtension>
        </extensions>
      </trkpt>
      <trkpt lat="37.50934920273721218109130859375" lon="127.06580637954175472259521484375">
        <ele>19.200000762939453125</ele>
        <time>2026-09-14T09:30:47.000Z</time>
        <extensions>
          <ns3:TrackPointExtension>
            <ns3:hr>149</ns3:hr>
            <ns3:cad>84</ns3:cad>
          </ns3:TrackPointExtension>
        </extensions>
      </trkpt>
      <trkpt lat="37.50937166623771190643310546875" lon="127.06579129211604595184326171875">
        <ele>19</ele>
        <time>2026-09-14T09:30:48.000Z</time>
        <extensions>
          <ns3:TrackPointExtension>
            <ns3:hr>149</ns3:hr>
            <ns3:cad>83</ns3:cad>
          </ns3:TrackPointExtension>
        </extensions>
      </trkpt>
      <trkpt lat="37.50939949415624141693115234375" lon="127.06576530821621417999267578125">
        <ele>19</ele>
        <time>2026-09-14T09:30:49.000Z</time>
        <extensions>
          <ns3:TrackPointExtension>
            <ns3:hr>150</ns3:hr>
            <ns3:cad>84</ns3:cad>
          </ns3:TrackPointExtension>
        </extensions>
      </trkpt>
      <trkpt lat="37.5094057805836200714111328125" lon="127.06574686802923679351806640625">
        <ele>18.799999237060546875</ele>
        <time>2026-09-14T09:30:50.000Z</time>
        <extensions>
          <ns3:TrackPointExtension>
            <ns3:hr>150</ns3:hr>
            <ns3:cad>84</ns3:cad>
          </ns3:TrackPointExtension>
        </extensions>
      </trkpt>
      <trkpt lat="37.50940318219363689422607421875" lon="127.065705545246601104736328125">
        <ele>18.6000003814697265625</ele>
        <time>2026-09-14T09:30:51.000Z</time>
        <extensions>
          <ns3:TrackPointExtension>
            <ns3:hr>150</ns3:hr>
            <ns3:cad>84</ns3:cad>
          </ns3:TrackPointExtension>
        </extensions>
      </trkpt>
      <trkpt lat="37.50940334983170032501220703125" lon="127.06567235291004180908203125">
        <ele>18.6000003814697265625</ele>
        <time>2026-09-14T09:30:52.000Z</time>
        <extensions>
          <ns3:TrackPointExtension>
            <ns3:hr>150</ns3:hr>
            <ns3:cad>84</ns3:cad>
          </ns3:TrackPointExtension>
        </extensions>
      </trkpt>
      <trkpt lat="37.50939748249948024749755859375" lon="127.06563304178416728973388671875">
        <ele>18.6000003814697265625</ele>
        <time>2026-09-14T09:30:53.000Z</time>
        <extensions>
          <ns3:TrackPointExtension>
            <ns3:hr>150</ns3:hr>
            <ns3:cad>84</ns3:cad>
          </ns3:TrackPointExtension>
        </extensions>
      </trkpt>
      <trkpt lat="37.509373761713504791259765625" lon="127.0655739493668079376220703125">
        <ele>18.6000003814697265625</ele>
        <time>2026-09-14T09:30:54.000Z</time>
        <extensions>
          <ns3:TrackPointExtension>
            <ns3:hr>150</ns3:hr>
            <ns3:cad>84</ns3:cad>
          </ns3:TrackPointExtension>
        </extensions>
      </trkpt>
      <trkpt lat="37.509355656802654266357421875" lon="127.0655415952205657958984375">
        <ele>18.6000003814697265625</ele>
        <time>2026-09-14T09:30:55.000Z</time>
        <extensions>
          <ns3:TrackPointExtension>
            <ns3:hr>150</ns3:hr>
            <ns3:cad>84</ns3:cad>
          </ns3:TrackPointExtension>
        </extensions>
      </trkpt>
      <trkpt lat="37.50933788716793060302734375" lon="127.06549306400120258331298828125">
        <ele>18.6000003814697265625</ele>
        <time>2026-09-14T09:30:56.000Z</time>
        <extensions>
          <ns3:TrackPointExtension>
            <ns3:hr>150</ns3:hr>
            <ns3:cad>84</ns3:cad>
          </ns3:TrackPointExtension>
        </extensions>
      </trkpt>
      <trkpt lat="37.50932590104639530181884765625" lon="127.06545467488467693328857421875">
        <ele>18.6000003814697265625</ele>
        <time>2026-09-14T09:30:57.000Z</time>
        <extensions>
          <ns3:TrackPointExtension>
            <ns3:hr>149</ns3:hr>
            <ns3:cad>84</ns3:cad>
          </ns3:TrackPointExtension>
        </extensions>
      </trkpt>
      <trkpt lat="37.50931416638195514678955078125" lon="127.06542433239519596099853515625">
        <ele>18.6000003814697265625</ele>
        <time>2026-09-14T09:30:58.000Z</time>
        <extensions>
          <ns3:TrackPointExtension>
            <ns3:hr>150</ns3:hr>
            <ns3:cad>84</ns3:cad>
          </ns3:TrackPointExtension>
        </extensions>
      </trkpt>
      <trkpt lat="37.50930326990783214569091796875" lon="127.06537990830838680267333984375">
        <ele>18.3999996185302734375</ele>
        <time>2026-09-14T09:30:59.000Z</time>
        <extensions>
          <ns3:TrackPointExtension>
            <ns3:hr>150</ns3:hr>
            <ns3:cad>84</ns3:cad>
          </ns3:TrackPointExtension>
        </extensions>
      </trkpt>
      <trkpt lat="37.5092897750437259674072265625" lon="127.06534537486732006072998046875">
        <ele>18.3999996185302734375</ele>
        <time>2026-09-14T09:31:00.000Z</time>
        <extensions>
          <ns3:TrackPointExtension>
            <ns3:hr>150</ns3:hr>
            <ns3:cad>84</ns3:cad>
          </ns3:TrackPointExtension>
        </extensions>
      </trkpt>
      <trkpt lat="37.50927217304706573486328125" lon="127.065304554998874664306640625">
        <ele>18.3999996185302734375</ele>
        <time>2026-09-14T09:31:01.000Z</time>
        <extensions>
          <ns3:TrackPointExtension>
            <ns3:hr>150</ns3:hr>
            <ns3:cad>84</ns3:cad>
          </ns3:TrackPointExtension>
        </extensions>
      </trkpt>
      <trkpt lat="37.50925314612686634063720703125" lon="127.0652661658823490142822265625">
        <ele>18.3999996185302734375</ele>
        <time>2026-09-14T09:31:02.000Z</time>
        <extensions>
          <ns3:TrackPointExtension>
            <ns3:hr>150</ns3:hr>
            <ns3:cad>84</ns3:cad>
          </ns3:TrackPointExtension>
        </extensions>
      </trkpt>
      <trkpt lat="37.50923654995858669281005859375" lon="127.06523456610739231109619140625">
        <ele>18.3999996185302734375</ele>
        <time>2026-09-14T09:31:03.000Z</time>
        <extensions>
          <ns3:TrackPointExtension>
            <ns3:hr>150</ns3:hr>
            <ns3:cad>84</ns3:cad>
          </ns3:TrackPointExtension>
        </extensions>
      </trkpt>
      <trkpt lat="37.50922330655157566070556640625" lon="127.0651974342763423919677734375">
        <ele>18.3999996185302734375</ele>
        <time>2026-09-14T09:31:04.000Z</time>
        <extensions>
          <ns3:TrackPointExtension>
            <ns3:hr>150</ns3:hr>
            <ns3:cad>84</ns3:cad>
          </ns3:TrackPointExtension>
        </extensions>
      </trkpt>
      <trkpt lat="37.50921207480132579803466796875" lon="127.0651672594249248504638671875">
        <ele>18.3999996185302734375</ele>
        <time>2026-09-14T09:31:05.000Z</time>
        <extensions>
          <ns3:TrackPointExtension>
            <ns3:hr>150</ns3:hr>
            <ns3:cad>83</ns3:cad>
          </ns3:TrackPointExtension>
        </extensions>
      </trkpt>
      <trkpt lat="37.50920235179364681243896484375" lon="127.06514119170606136322021484375">
        <ele>18.3999996185302734375</ele>
        <time>2026-09-14T09:31:06.000Z</time>
        <extensions>
          <ns3:TrackPointExtension>
            <ns3:hr>151</ns3:hr>
            <ns3:cad>83</ns3:cad>
          </ns3:TrackPointExtension>
        </extensions>
      </trkpt>
      <trkpt lat="37.5091885216534137725830078125" lon="127.06510934047400951385498046875">
        <ele>18.200000762939453125</ele>
        <time>2026-09-14T09:31:07.000Z</time>
        <extensions>
          <ns3:TrackPointExtension>
            <ns3:hr>151</ns3:hr>
            <ns3:cad>83</ns3:cad>
          </ns3:TrackPointExtension>
        </extensions>
      </trkpt>
      <trkpt lat="37.50917117111384868621826171875" lon="127.06507966853678226470947265625">
        <ele>18.200000762939453125</ele>
        <time>2026-09-14T09:31:08.000Z</time>
        <extensions>
          <ns3:TrackPointExtension>
            <ns3:hr>151</ns3:hr>
            <ns3:cad>83</ns3:cad>
          </ns3:TrackPointExtension>
        </extensions>
      </trkpt>
      <trkpt lat="37.509154491126537322998046875" lon="127.0650348253548145294189453125">
        <ele>18.200000762939453125</ele>
        <time>2026-09-14T09:31:09.000Z</time>
        <extensions>
          <ns3:TrackPointExtension>
            <ns3:hr>151</ns3:hr>
            <ns3:cad>84</ns3:cad>
          </ns3:TrackPointExtension>
        </extensions>
      </trkpt>
      <trkpt lat="37.50914166681468486785888671875" lon="127.0649971067905426025390625">
        <ele>18.200000762939453125</ele>
        <time>2026-09-14T09:31:10.000Z</time>
        <extensions>
          <ns3:TrackPointExtension>
            <ns3:hr>152</ns3:hr>
            <ns3:cad>84</ns3:cad>
          </ns3:TrackPointExtension>
        </extensions>
      </trkpt>
      <trkpt lat="37.5091308541595935821533203125" lon="127.064954526722431182861328125">
        <ele>18.200000762939453125</ele>
        <time>2026-09-14T09:31:11.000Z</time>
        <extensions>
          <ns3:TrackPointExtension>
            <ns3:hr>152</ns3:hr>
            <ns3:cad>84</ns3:cad>
          </ns3:TrackPointExtension>
        </extensions>
      </trkpt>
      <trkpt lat="37.509126998484134674072265625" lon="127.06490918062627315521240234375">
        <ele>18.200000762939453125</ele>
        <time>2026-09-14T09:31:12.000Z</time>
        <extensions>
          <ns3:TrackPointExtension>
            <ns3:hr>152</ns3:hr>
            <ns3:cad>84</ns3:cad>
          </ns3:TrackPointExtension>
        </extensions>
      </trkpt>
      <trkpt lat="37.5091134198009967803955078125" lon="127.06487707793712615966796875">
        <ele>18.3999996185302734375</ele>
        <time>2026-09-14T09:31:13.000Z</time>
        <extensions>
          <ns3:TrackPointExtension>
            <ns3:hr>152</ns3:hr>
            <ns3:cad>83</ns3:cad>
          </ns3:TrackPointExtension>
        </extensions>
      </trkpt>
      <trkpt lat="37.5090944766998291015625" lon="127.06483407877385616302490234375">
        <ele>18.3999996185302734375</ele>
        <time>2026-09-14T09:31:14.000Z</time>
        <extensions>
          <ns3:TrackPointExtension>
            <ns3:hr>152</ns3:hr>
            <ns3:cad>83</ns3:cad>
          </ns3:TrackPointExtension>
        </extensions>
      </trkpt>
      <trkpt lat="37.50907880254089832305908203125" lon="127.06479820422828197479248046875">
        <ele>18.200000762939453125</ele>
        <time>2026-09-14T09:31:15.000Z</time>
        <extensions>
          <ns3:TrackPointExtension>
            <ns3:hr>152</ns3:hr>
            <ns3:cad>83</ns3:cad>
          </ns3:TrackPointExtension>
        </extensions>
      </trkpt>
      <trkpt lat="37.5090601108968257904052734375" lon="127.06476937048137187957763671875">
        <ele>18.200000762939453125</ele>
        <time>2026-09-14T09:31:16.000Z</time>
        <extensions>
          <ns3:TrackPointExtension>
            <ns3:hr>152</ns3:hr>
            <ns3:cad>83</ns3:cad>
          </ns3:TrackPointExtension>
        </extensions>
      </trkpt>
      <trkpt lat="37.50904544256627559661865234375" lon="127.064722515642642974853515625">
        <ele>18.200000762939453125</ele>
        <time>2026-09-14T09:31:17.000Z</time>
        <extensions>
          <ns3:TrackPointExtension>
            <ns3:hr>153</ns3:hr>
            <ns3:cad>83</ns3:cad>
          </ns3:TrackPointExtension>
        </extensions>
      </trkpt>
      <trkpt lat="37.50903488136827945709228515625" lon="127.06469443626701831817626953125">
        <ele>18.200000762939453125</ele>
        <time>2026-09-14T09:31:18.000Z</time>
        <extensions>
          <ns3:TrackPointExtension>
            <ns3:hr>152</ns3:hr>
            <ns3:cad>83</ns3:cad>
          </ns3:TrackPointExtension>
        </extensions>
      </trkpt>
      <trkpt lat="37.509023062884807586669921875" lon="127.06465244293212890625">
        <ele>18</ele>
        <time>2026-09-14T09:31:19.000Z</time>
        <extensions>
          <ns3:TrackPointExtension>
            <ns3:hr>152</ns3:hr>
            <ns3:cad>82</ns3:cad>
          </ns3:TrackPointExtension>
        </extensions>
      </trkpt>
      <trkpt lat="37.50901392661035060882568359375" lon="127.06461212597787380218505859375">
        <ele>18</ele>
        <time>2026-09-14T09:31:20.000Z</time>
        <extensions>
          <ns3:TrackPointExtension>
            <ns3:hr>152</ns3:hr>
            <ns3:cad>82</ns3:cad>
          </ns3:TrackPointExtension>
        </extensions>
      </trkpt>
      <trkpt lat="37.509009651839733123779296875" lon="127.06457306630909442901611328125">
        <ele>18</ele>
        <time>2026-09-14T09:31:21.000Z</time>
        <extensions>
          <ns3:TrackPointExtension>
            <ns3:hr>153</ns3:hr>
            <ns3:cad>82</ns3:cad>
          </ns3:TrackPointExtension>
        </extensions>
      </trkpt>
      <trkpt lat="37.508996240794658660888671875" lon="127.06452914513647556304931640625">
        <ele>18.200000762939453125</ele>
        <time>2026-09-14T09:31:22.000Z</time>
        <extensions>
          <ns3:TrackPointExtension>
            <ns3:hr>152</ns3:hr>
            <ns3:cad>83</ns3:cad>
          </ns3:TrackPointExtension>
        </extensions>
      </trkpt>
      <trkpt lat="37.508979476988315582275390625" lon="127.06450835801661014556884765625">
        <ele>18.200000762939453125</ele>
        <time>2026-09-14T09:31:23.000Z</time>
        <extensions>
          <ns3:TrackPointExtension>
            <ns3:hr>153</ns3:hr>
            <ns3:cad>84</ns3:cad>
          </ns3:TrackPointExtension>
        </extensions>
      </trkpt>
      <trkpt lat="37.50896179117262363433837890625" lon="127.0644705556333065032958984375">
        <ele>18.200000762939453125</ele>
        <time>2026-09-14T09:31:24.000Z</time>
        <extensions>
          <ns3:TrackPointExtension>
            <ns3:hr>153</ns3:hr>
            <ns3:cad>84</ns3:cad>
          </ns3:TrackPointExtension>
        </extensions>
      </trkpt>
      <trkpt lat="37.50895039178431034088134765625" lon="127.064435519278049468994140625">
        <ele>18.3999996185302734375</ele>
        <time>2026-09-14T09:31:25.000Z</time>
        <extensions>
          <ns3:TrackPointExtension>
            <ns3:hr>153</ns3:hr>
            <ns3:cad>84</ns3:cad>
          </ns3:TrackPointExtension>
        </extensions>
      </trkpt>
      <trkpt lat="37.50893983058631420135498046875" lon="127.0644048415124416351318359375">
        <ele>18.3999996185302734375</ele>
        <time>2026-09-14T09:31:26.000Z</time>
        <extensions>
          <ns3:TrackPointExtension>
            <ns3:hr>153</ns3:hr>
            <ns3:cad>84</ns3:cad>
          </ns3:TrackPointExtension>
        </extensions>
      </trkpt>
      <trkpt lat="37.50893178395926952362060546875" lon="127.0643595792353153228759765625">
        <ele>18.3999996185302734375</ele>
        <time>2026-09-14T09:31:27.000Z</time>
        <extensions>
          <ns3:TrackPointExtension>
            <ns3:hr>152</ns3:hr>
            <ns3:cad>84</ns3:cad>
          </ns3:TrackPointExtension>
        </extensions>
      </trkpt>
      <trkpt lat="37.5089283473789691925048828125" lon="127.0643351040780544281005859375">
        <ele>18.3999996185302734375</ele>
        <time>2026-09-14T09:31:28.000Z</time>
        <extensions>
          <ns3:TrackPointExtension>
            <ns3:hr>153</ns3:hr>
            <ns3:cad>84</ns3:cad>
          </ns3:TrackPointExtension>
        </extensions>
      </trkpt>
      <trkpt lat="37.50891208648681640625" lon="127.0643024146556854248046875">
        <ele>18.200000762939453125</ele>
        <time>2026-09-14T09:31:29.000Z</time>
        <extensions>
          <ns3:TrackPointExtension>
            <ns3:hr>153</ns3:hr>
            <ns3:cad>84</ns3:cad>
          </ns3:TrackPointExtension>
        </extensions>
      </trkpt>
      <trkpt lat="37.50889456830918788909912109375" lon="127.064259834587574005126953125">
        <ele>18.200000762939453125</ele>
        <time>2026-09-14T09:31:30.000Z</time>
        <extensions>
          <ns3:TrackPointExtension>
            <ns3:hr>153</ns3:hr>
            <ns3:cad>84</ns3:cad>
          </ns3:TrackPointExtension>
        </extensions>
      </trkpt>
      <trkpt lat="37.508877553045749664306640625" lon="127.0642264746129512786865234375">
        <ele>18.200000762939453125</ele>
        <time>2026-09-14T09:31:31.000Z</time>
        <extensions>
          <ns3:TrackPointExtension>
            <ns3:hr>152</ns3:hr>
            <ns3:cad>84</ns3:cad>
          </ns3:TrackPointExtension>
        </extensions>
      </trkpt>
      <trkpt lat="37.50886313617229461669921875" lon="127.06418372690677642822265625">
        <ele>18.200000762939453125</ele>
        <time>2026-09-14T09:31:32.000Z</time>
        <extensions>
          <ns3:TrackPointExtension>
            <ns3:hr>153</ns3:hr>
            <ns3:cad>83</ns3:cad>
          </ns3:TrackPointExtension>
        </extensions>
      </trkpt>
      <trkpt lat="37.50884679146111011505126953125" lon="127.064157910645008087158203125">
        <ele>18.200000762939453125</ele>
        <time>2026-09-14T09:31:33.000Z</time>
        <extensions>
          <ns3:TrackPointExtension>
            <ns3:hr>153</ns3:hr>
            <ns3:cad>83</ns3:cad>
          </ns3:TrackPointExtension>
        </extensions>
      </trkpt>
      <trkpt lat="37.5088327936828136444091796875" lon="127.0641279034316539764404296875">
        <ele>18.200000762939453125</ele>
        <time>2026-09-14T09:31:34.000Z</time>
        <extensions>
          <ns3:TrackPointExtension>
            <ns3:hr>152</ns3:hr>
            <ns3:cad>84</ns3:cad>
          </ns3:TrackPointExtension>
        </extensions>
      </trkpt>
      <trkpt lat="37.50882600434124469757080078125" lon="127.064100243151187896728515625">
        <ele>18.200000762939453125</ele>
        <time>2026-09-14T09:31:35.000Z</time>
        <extensions>
          <ns3:TrackPointExtension>
            <ns3:hr>152</ns3:hr>
            <ns3:cad>84</ns3:cad>
          </ns3:TrackPointExtension>
        </extensions>
      </trkpt>
      <trkpt lat="37.508815862238407135009765625" lon="127.06407115794718265533447265625">
        <ele>18.3999996185302734375</ele>
        <time>2026-09-14T09:31:36.000Z</time>
        <extensions>
          <ns3:TrackPointExtension>
            <ns3:hr>152</ns3:hr>
            <ns3:cad>84</ns3:cad>
          </ns3:TrackPointExtension>
        </extensions>
      </trkpt>
      <trkpt lat="37.508807145059108734130859375" lon="127.0640447549521923065185546875">
        <ele>18.3999996185302734375</ele>
        <time>2026-09-14T09:31:37.000Z</time>
        <extensions>
          <ns3:TrackPointExtension>
            <ns3:hr>152</ns3:hr>
            <ns3:cad>84</ns3:cad>
          </ns3:TrackPointExtension>
        </extensions>
      </trkpt>
      <trkpt lat="37.508799098432064056396484375" lon="127.06402547657489776611328125">
        <ele>18.3999996185302734375</ele>
        <time>2026-09-14T09:31:38.000Z</time>
        <extensions>
          <ns3:TrackPointExtension>
            <ns3:hr>152</ns3:hr>
            <ns3:cad>83</ns3:cad>
          </ns3:TrackPointExtension>
        </extensions>
      </trkpt>
      <trkpt lat="37.50879398547112941741943359375" lon="127.0640209503471851348876953125">
        <ele>18</ele>
        <time>2026-09-14T09:31:39.000Z</time>
        <extensions>
          <ns3:TrackPointExtension>
            <ns3:hr>152</ns3:hr>
            <ns3:cad>83</ns3:cad>
          </ns3:TrackPointExtension>
        </extensions>
      </trkpt>
      <trkpt lat="37.508791722357273101806640625" lon="127.06402975134551525115966796875">
        <ele>17.6000003814697265625</ele>
        <time>2026-09-14T09:31:40.000Z</time>
        <extensions>
          <ns3:TrackPointExtension>
            <ns3:hr>152</ns3:hr>
            <ns3:cad>83</ns3:cad>
          </ns3:TrackPointExtension>
        </extensions>
      </trkpt>
      <trkpt lat="37.5087868608534336090087890625" lon="127.064019776880741119384765625">
        <ele>17</ele>
        <time>2026-09-14T09:31:41.000Z</time>
        <extensions>
          <ns3:TrackPointExtension>
            <ns3:hr>152</ns3:hr>
            <ns3:cad>83</ns3:cad>
          </ns3:TrackPointExtension>
        </extensions>
      </trkpt>
      <trkpt lat="37.508787028491497039794921875" lon="127.06401818431913852691650390625">
        <ele>16.3999996185302734375</ele>
        <time>2026-09-14T09:31:42.000Z</time>
        <extensions>
          <ns3:TrackPointExtension>
            <ns3:hr>152</ns3:hr>
            <ns3:cad>83</ns3:cad>
          </ns3:TrackPointExtension>
        </extensions>
      </trkpt>
      <trkpt lat="37.50878543592989444732666015625" lon="127.06401734612882137298583984375">
        <ele>15.80000019073486328125</ele>
        <time>2026-09-14T09:31:43.000Z</time>
        <extensions>
          <ns3:TrackPointExtension>
            <ns3:hr>151</ns3:hr>
            <ns3:cad>0</ns3:cad>
          </ns3:TrackPointExtension>
        </extensions>
      </trkpt>
      <trkpt lat="37.5087828375399112701416015625" lon="127.06401181407272815704345703125">
        <ele>15.19999980926513671875</ele>
        <time>2026-09-14T09:31:44.000Z</time>
        <extensions>
          <ns3:TrackPointExtension>
            <ns3:hr>151</ns3:hr>
            <ns3:cad>0</ns3:cad>
          </ns3:TrackPointExtension>
        </extensions>
      </trkpt>
      <trkpt lat="37.50877990387380123138427734375" lon="127.0640041865408420562744140625">
        <ele>14.6000003814697265625</ele>
        <time>2026-09-14T09:31:45.000Z</time>
        <extensions>
          <ns3:TrackPointExtension>
            <ns3:hr>150</ns3:hr>
            <ns3:cad>0</ns3:cad>
          </ns3:TrackPointExtension>
        </extensions>
      </trkpt>
      <trkpt lat="37.50877839513123035430908203125" lon="127.06399873830378055572509765625">
        <ele>14</ele>
        <time>2026-09-14T09:31:46.000Z</time>
        <extensions>
          <ns3:TrackPointExtension>
            <ns3:hr>150</ns3:hr>
            <ns3:cad>0</ns3:cad>
          </ns3:TrackPointExtension>
        </extensions>
      </trkpt>
      <trkpt lat="37.5087766349315643310546875" lon="127.0639954693615436553955078125">
        <ele>13.6000003814697265625</ele>
        <time>2026-09-14T09:31:47.000Z</time>
        <extensions>
          <ns3:TrackPointExtension>
            <ns3:hr>149</ns3:hr>
            <ns3:cad>0</ns3:cad>
          </ns3:TrackPointExtension>
        </extensions>
      </trkpt>
      <trkpt lat="37.50877655111253261566162109375" lon="127.0639968104660511016845703125">
        <ele>13.19999980926513671875</ele>
        <time>2026-09-14T09:31:48.000Z</time>
        <extensions>
          <ns3:TrackPointExtension>
            <ns3:hr>148</ns3:hr>
            <ns3:cad>0</ns3:cad>
          </ns3:TrackPointExtension>
        </extensions>
      </trkpt>
      <trkpt lat="37.5087788142263889312744140625" lon="127.0640020072460174560546875">
        <ele>12.80000019073486328125</ele>
        <time>2026-09-14T09:31:49.000Z</time>
        <extensions>
          <ns3:TrackPointExtension>
            <ns3:hr>148</ns3:hr>
            <ns3:cad>0</ns3:cad>
          </ns3:TrackPointExtension>
        </extensions>
      </trkpt>
      <trkpt lat="37.50877923332154750823974609375" lon="127.0640046894550323486328125">
        <ele>12.19999980926513671875</ele>
        <time>2026-09-14T09:31:50.000Z</time>
        <extensions>
          <ns3:TrackPointExtension>
            <ns3:hr>148</ns3:hr>
            <ns3:cad>0</ns3:cad>
          </ns3:TrackPointExtension>
        </extensions>
      </trkpt>
      <trkpt lat="37.508777640759944915771484375" lon="127.06400343216955661773681640625">
        <ele>11.80000019073486328125</ele>
        <time>2026-09-14T09:31:51.000Z</time>
        <extensions>
          <ns3:TrackPointExtension>
            <ns3:hr>148</ns3:hr>
            <ns3:cad>0</ns3:cad>
          </ns3:TrackPointExtension>
        </extensions>
      </trkpt>
      <trkpt lat="37.50879205763339996337890625" lon="127.06400192342698574066162109375">
        <ele>11.19999980926513671875</ele>
        <time>2026-09-14T09:31:52.000Z</time>
        <extensions>
          <ns3:TrackPointExtension>
            <ns3:hr>147</ns3:hr>
            <ns3:cad>0</ns3:cad>
          </ns3:TrackPointExtension>
        </extensions>
      </trkpt>
      <trkpt lat="37.50879784114658832550048828125" lon="127.0639968104660511016845703125">
        <ele>10.80000019073486328125</ele>
        <time>2026-09-14T09:31:53.000Z</time>
        <extensions>
          <ns3:TrackPointExtension>
            <ns3:hr>147</ns3:hr>
            <ns3:cad>0</ns3:cad>
          </ns3:TrackPointExtension>
        </extensions>
      </trkpt>
      <trkpt lat="37.50880689360201358795166015625" lon="127.06399236805737018585205078125">
        <ele>10.6000003814697265625</ele>
        <time>2026-09-14T09:31:54.000Z</time>
        <extensions>
          <ns3:TrackPointExtension>
            <ns3:hr>147</ns3:hr>
            <ns3:cad>79</ns3:cad>
          </ns3:TrackPointExtension>
        </extensions>
      </trkpt>
      <trkpt lat="37.50880622304975986480712890625" lon="127.06398800946772098541259765625">
        <ele>10</ele>
        <time>2026-09-14T09:31:55.000Z</time>
        <extensions>
          <ns3:TrackPointExtension>
            <ns3:hr>146</ns3:hr>
            <ns3:cad>83</ns3:cad>
          </ns3:TrackPointExtension>
        </extensions>
      </trkpt>
      <trkpt lat="37.50880555249750614166259765625" lon="127.0639840699732303619384765625">
        <ele>10</ele>
        <time>2026-09-14T09:31:56.000Z</time>
        <extensions>
          <ns3:TrackPointExtension>
            <ns3:hr>146</ns3:hr>
            <ns3:cad>83</ns3:cad>
          </ns3:TrackPointExtension>
        </extensions>
      </trkpt>
      <trkpt lat="37.508804798126220703125" lon="127.0639803819358348846435546875">
        <ele>10</ele>
        <time>2026-09-14T09:31:57.000Z</time>
        <extensions>
          <ns3:TrackPointExtension>
            <ns3:hr>146</ns3:hr>
            <ns3:cad>83</ns3:cad>
          </ns3:TrackPointExtension>
        </extensions>
      </trkpt>
      <trkpt lat="37.5089427642524242401123046875" lon="127.0640246383845806121826171875">
        <ele>17.799999237060546875</ele>
        <time>2026-09-14T09:32:25.000Z</time>
        <extensions>
          <ns3:TrackPointExtension>
            <ns3:hr>146</ns3:hr>
            <ns3:cad>75</ns3:cad>
          </ns3:TrackPointExtension>
        </extensions>
      </trkpt>
      <trkpt lat="37.5092240609228610992431640625" lon="127.06404115073382854461669921875">
        <ele>17.799999237060546875</ele>
        <time>2026-09-14T09:32:26.000Z</time>
        <extensions>
          <ns3:TrackPointExtension>
            <ns3:hr>147</ns3:hr>
            <ns3:cad>75</ns3:cad>
          </ns3:TrackPointExtension>
        </extensions>
      </trkpt>
      <trkpt lat="37.50927141867578029632568359375" lon="127.0640207827091217041015625">
        <ele>17.799999237060546875</ele>
        <time>2026-09-14T09:32:27.000Z</time>
        <extensions>
          <ns3:TrackPointExtension>
            <ns3:hr>147</ns3:hr>
            <ns3:cad>65</ns3:cad>
          </ns3:TrackPointExtension>
        </extensions>
      </trkpt>
      <trkpt lat="37.50935926102101802825927734375" lon="127.06393755041062831878662109375">
        <ele>10.80000019073486328125</ele>
        <time>2026-09-14T09:32:45.000Z</time>
        <extensions>
          <ns3:TrackPointExtension>
            <ns3:hr>145</ns3:hr>
            <ns3:cad>0</ns3:cad>
          </ns3:TrackPointExtension>
        </extensions>
      </trkpt>
      <trkpt lat="37.509360350668430328369140625" lon="127.0639378018677234649658203125">
        <ele>10.6000003814697265625</ele>
        <time>2026-09-14T09:32:46.000Z</time>
        <extensions>
          <ns3:TrackPointExtension>
            <ns3:hr>144</ns3:hr>
            <ns3:cad>61</ns3:cad>
          </ns3:TrackPointExtension>
        </extensions>
      </trkpt>
      <trkpt lat="37.50936144031584262847900390625" lon="127.063937969505786895751953125">
        <ele>10.3999996185302734375</ele>
        <time>2026-09-14T09:32:47.000Z</time>
        <extensions>
          <ns3:TrackPointExtension>
            <ns3:hr>144</ns3:hr>
            <ns3:cad>63</ns3:cad>
          </ns3:TrackPointExtension>
        </extensions>
      </trkpt>
      <trkpt lat="37.5093625299632549285888671875" lon="127.06393822096288204193115234375">
        <ele>10.19999980926513671875</ele>
        <time>2026-09-14T09:32:48.000Z</time>
        <extensions>
          <ns3:TrackPointExtension>
            <ns3:hr>143</ns3:hr>
            <ns3:cad>63</ns3:cad>
          </ns3:TrackPointExtension>
        </extensions>
      </trkpt>
      <trkpt lat="37.50897017307579517364501953125" lon="127.061951458454132080078125">
        <ele>18</ele>
        <time>2026-09-14T09:33:47.000Z</time>
        <extensions>
          <ns3:TrackPointExtension>
            <ns3:hr>149</ns3:hr>
            <ns3:cad>69</ns3:cad>
          </ns3:TrackPointExtension>
        </extensions>
      </trkpt>
      <trkpt lat="37.50892289914190769195556640625" lon="127.06177669577300548553466796875">
        <ele>17.799999237060546875</ele>
        <time>2026-09-14T09:33:48.000Z</time>
        <extensions>
          <ns3:TrackPointExtension>
            <ns3:hr>150</ns3:hr>
            <ns3:cad>69</ns3:cad>
          </ns3:TrackPointExtension>
        </extensions>
      </trkpt>
      <trkpt lat="37.508909404277801513671875" lon="127.061740569770336151123046875">
        <ele>17.6000003814697265625</ele>
        <time>2026-09-14T09:33:49.000Z</time>
        <extensions>
          <ns3:TrackPointExtension>
            <ns3:hr>151</ns3:hr>
            <ns3:cad>71</ns3:cad>
          </ns3:TrackPointExtension>
        </extensions>
      </trkpt>
      <trkpt lat="37.5088753737509250640869140625" lon="127.061705030500888824462890625">
        <ele>17.6000003814697265625</ele>
        <time>2026-09-14T09:33:50.000Z</time>
        <extensions>
          <ns3:TrackPointExtension>
            <ns3:hr>152</ns3:hr>
            <ns3:cad>71</ns3:cad>
          </ns3:TrackPointExtension>
        </extensions>
      </trkpt>
    </trkseg>
  </trk>
</gpx>
