<gpx xmlns:ns3="http://www.garmin.com/xmlschemas/TrackPointExtension/v1" xmlns="http://www.topografix.com/GPX/1/1" xmlns:xsi="http://www.w3.org/2001/XMLSchema-instance" xmlns:ns2="http://www.garmin.com/xmlschemas/GpxExtensions/v3" creator="Garmin Connect" version="1.1" xsi:schemaLocation="http://www.topografix.com/GPX/1/1 http://www.topografix.com/GPX/11.xsd">
  <extensions>
<distance>7572.87</distance>
<average_hr>140.0</average_hr>
<average_speed>3.0829999446868896</average_speed>
<start_time>2026-09-17T08:37:04+00:00</start_time>
<end_time>2026-09-17T09:18:00.113000+00:00</end_time>
<moving_time>2453.986</moving_time>
<elapsed_time>2456.113</elapsed_time>
</extensions>
<metadata>
    <link href="connect.garmin.com">
      <text>Garmin Connect</text>
    </link>
    <time>2026-09-17T08:37:04.000Z</time>
  </metadata>
  <trk>
    <name>Running</name>
    <type>running</type>
    <trkseg>
      <trkpt lat="37.5074945390224456787109375" lon="127.0591671578586101531982421875">
        <ele>47.799999237060546875</ele>
        <time>2026-09-17T08:37:04.000Z</time>
        <extensions>
          <ns3:TrackPointExtension>
            <ns3:hr>88</ns3:hr>
            <ns3:cad>0</ns3:cad>
          </ns3:TrackPointExtension>
        </extensions>
      </trkpt>
      <trkpt lat="37.507481463253498077392578125" lon="127.0591976679861545562744140625">
        <ele>47.799999237060546875</ele>
        <time>2026-09-17T08:37:05.000Z</time>
        <extensions>
          <ns3:TrackPointExtension>
            <ns3:hr>89</ns3:hr>
            <ns3:cad>0</ns3:cad>
          </ns3:TrackPointExtension>
        </extensions>
      </trkpt>
      <trkpt lat="37.5074462592601776123046875" lon="127.05922943539917469024658203125">
        <ele>47.799999237060546875</ele>
        <time>2026-09-17T08:37:06.000Z</time>
        <extensions>
          <ns3:TrackPointExtension>
            <ns3:hr>90</ns3:hr>
            <ns3:cad>0</ns3:cad>
          </ns3:TrackPointExtension>
        </extensions>
      </trkpt>
      <trkpt lat="37.50745288096368312835693359375" lon="127.0592412538826465606689453125">
        <ele>47.59999847412109375</ele>
        <time>2026-09-17T08:37:07.000Z</time>
        <extensions>
          <ns3:TrackPointExtension>
            <ns3:hr>90</ns3:hr>
            <ns3:cad>0</ns3:cad>
          </ns3:TrackPointExtension>
        </extensions>
      </trkpt>
      <trkpt lat="37.507469393312931060791015625" lon="127.05927251838147640228271484375">
        <ele>47.40000152587890625</ele>
        <time>2026-09-17T08:37:08.000Z</time>
        <extensions>
          <ns3:TrackPointExtension>
            <ns3:hr>91</ns3:hr>
            <ns3:cad>0</ns3:cad>
          </ns3:TrackPointExtension>
        </extensions>
      </trkpt>
      <trkpt lat="37.50748322345316410064697265625" lon="127.0593016035854816436767578125">
        <ele>47.200000762939453125</ele>
        <time>2026-09-17T08:37:09.000Z</time>
        <extensions>
          <ns3:TrackPointExtension>
            <ns3:hr>93</ns3:hr>
            <ns3:cad>79</ns3:cad>
          </ns3:TrackPointExtension>
        </extensions>
      </trkpt>
      <trkpt lat="37.50748020596802234649658203125" lon="127.0593465305864810943603515625">
        <ele>47.200000762939453125</ele>
        <time>2026-09-17T08:37:10.000Z</time>
        <extensions>
          <ns3:TrackPointExtension>
            <ns3:hr>94</ns3:hr>
            <ns3:cad>81</ns3:cad>
          </ns3:TrackPointExtension>
        </extensions>
      </trkpt>
      <trkpt lat="37.50747182406485080718994140625" lon="127.059383578598499298095703125">
        <ele>47.200000762939453125</ele>
        <time>2026-09-17T08:37:11.000Z</time>
        <extensions>
          <ns3:TrackPointExtension>
            <ns3:hr>96</ns3:hr>
            <ns3:cad>81</ns3:cad>
          </ns3:TrackPointExtension>
        </extensions>
      </trkpt>
      <trkpt lat="37.50747182406485080718994140625" lon="127.05942288972437381744384765625">
        <ele>47.200000762939453125</ele>
        <time>2026-09-17T08:37:12.000Z</time>
        <extensions>
          <ns3:TrackPointExtension>
            <ns3:hr>97</ns3:hr>
            <ns3:cad>81</ns3:cad>
          </ns3:TrackPointExtension>
        </extensions>
      </trkpt>
      <trkpt lat="37.5074641965329647064208984375" lon="127.0594705827534198760986328125">
        <ele>47.200000762939453125</ele>
        <time>2026-09-17T08:37:13.000Z</time>
        <extensions>
          <ns3:TrackPointExtension>
            <ns3:hr>98</ns3:hr>
            <ns3:cad>82</ns3:cad>
          </ns3:TrackPointExtension>
        </extensions>
      </trkpt>
      <trkpt lat="37.5074866600334644317626953125" lon="127.05947242677211761474609375">
        <ele>47.200000762939453125</ele>
        <time>2026-09-17T08:37:14.000Z</time>
        <extensions>
          <ns3:TrackPointExtension>
            <ns3:hr>99</ns3:hr>
            <ns3:cad>82</ns3:cad>
          </ns3:TrackPointExtension>
        </extensions>
      </trkpt>
      <trkpt lat="37.507478110492229461669921875" lon="127.0595101453363895416259765625">
        <ele>47.200000762939453125</ele>
        <time>2026-09-17T08:37:15.000Z</time>
        <extensions>
          <ns3:TrackPointExtension>
            <ns3:hr>100</ns3:hr>
            <ns3:cad>82</ns3:cad>
          </ns3:TrackPointExtension>
        </extensions>
      </trkpt>
      <trkpt lat="37.5074950419366359710693359375" lon="127.05954082310199737548828125">
        <ele>47</ele>
        <time>2026-09-17T08:37:16.000Z</time>
        <extensions>
          <ns3:TrackPointExtension>
            <ns3:hr>102</ns3:hr>
            <ns3:cad>81</ns3:cad>
          </ns3:TrackPointExtension>
        </extensions>
      </trkpt>
      <trkpt lat="37.50752144493162631988525390625" lon="127.05956362187862396240234375">
        <ele>47</ele>
        <time>2026-09-17T08:37:17.000Z</time>
        <extensions>
          <ns3:TrackPointExtension>
            <ns3:hr>103</ns3:hr>
            <ns3:cad>81</ns3:cad>
          </ns3:TrackPointExtension>
        </extensions>
      </trkpt>
      <trkpt lat="37.50751792453229427337646484375" lon="127.0595817267894744873046875">
        <ele>46.799999237060546875</ele>
        <time>2026-09-17T08:37:18.000Z</time>
        <extensions>
          <ns3:TrackPointExtension>
            <ns3:hr>104</ns3:hr>
            <ns3:cad>81</ns3:cad>
          </ns3:TrackPointExtension>
        </extensions>
      </trkpt>
      <trkpt lat="37.5075362809002399444580078125" lon="127.05958507955074310302734375">
        <ele>46.799999237060546875</ele>
        <time>2026-09-17T08:37:19.000Z</time>
        <extensions>
          <ns3:TrackPointExtension>
            <ns3:hr>105</ns3:hr>
            <ns3:cad>81</ns3:cad>
          </ns3:TrackPointExtension>
        </extensions>
      </trkpt>
      <trkpt lat="37.507533095777034759521484375" lon="127.0595885999500751495361328125">
        <ele>46.799999237060546875</ele>
        <time>2026-09-17T08:37:20.000Z</time>
        <extensions>
          <ns3:TrackPointExtension>
            <ns3:hr>106</ns3:hr>
            <ns3:cad>81</ns3:cad>
          </ns3:TrackPointExtension>
        </extensions>
      </trkpt>
      <trkpt lat="37.50755245797336101531982421875" lon="127.0595892705023288726806640625">
        <ele>46.799999237060546875</ele>
        <time>2026-09-17T08:37:21.000Z</time>
        <extensions>
          <ns3:TrackPointExtension>
            <ns3:hr>107</ns3:hr>
            <ns3:cad>81</ns3:cad>
          </ns3:TrackPointExtension>
        </extensions>
      </trkpt>
      <trkpt lat="37.50758238136768341064453125" lon="127.05958415754139423370361328125">
        <ele>47</ele>
        <time>2026-09-17T08:37:22.000Z</time>
        <extensions>
          <ns3:TrackPointExtension>
            <ns3:hr>108</ns3:hr>
            <ns3:cad>82</ns3:cad>
          </ns3:TrackPointExtension>
        </extensions>
      </trkpt>
      <trkpt lat="37.50760677270591259002685546875" lon="127.05959388054907321929931640625">
        <ele>47</ele>
        <time>2026-09-17T08:37:23.000Z</time>
        <extensions>
          <ns3:TrackPointExtension>
            <ns3:hr>109</ns3:hr>
            <ns3:cad>82</ns3:cad>
          </ns3:TrackPointExtension>
        </extensions>
      </trkpt>
      <trkpt lat="37.5076167471706867218017578125" lon="127.05961416475474834442138671875">
        <ele>47</ele>
        <time>2026-09-17T08:37:24.000Z</time>
        <extensions>
          <ns3:TrackPointExtension>
            <ns3:hr>110</ns3:hr>
            <ns3:cad>82</ns3:cad>
          </ns3:TrackPointExtension>
        </extensions>
      </trkpt>
      <trkpt lat="37.507641725242137908935546875" lon="127.0596434175968170166015625">
        <ele>46.799999237060546875</ele>
        <time>2026-09-17T08:37:25.000Z</time>
        <extensions>
          <ns3:TrackPointExtension>
            <ns3:hr>111</ns3:hr>
            <ns3:cad>81</ns3:cad>
          </ns3:TrackPointExtension>
        </extensions>
      </trkpt>
      <trkpt lat="37.50766552984714508056640625" lon="127.05966554582118988037109375">
        <ele>46.799999237060546875</ele>
        <time>2026-09-17T08:37:26.000Z</time>
        <extensions>
          <ns3:TrackPointExtension>
            <ns3:hr>112</ns3:hr>
            <ns3:cad>80</ns3:cad>
          </ns3:TrackPointExtension>
        </extensions>
      </trkpt>
      <trkpt lat="37.50768430531024932861328125" lon="127.0596948824822902679443359375">
        <ele>46.59999847412109375</ele>
        <time>2026-09-17T08:37:27.000Z</time>
        <extensions>
          <ns3:TrackPointExtension>
            <ns3:hr>112</ns3:hr>
            <ns3:cad>80</ns3:cad>
          </ns3:TrackPointExtension>
        </extensions>
      </trkpt>
      <trkpt lat="37.50769696198403835296630859375" lon="127.0597361214458942413330078125">
        <ele>46.59999847412109375</ele>
        <time>2026-09-17T08:37:28.000Z</time>
        <extensions>
          <ns3:TrackPointExtension>
            <ns3:hr>112</ns3:hr>
            <ns3:cad>80</ns3:cad>
          </ns3:TrackPointExtension>
        </extensions>
      </trkpt>
      <trkpt lat="37.50770400278270244598388671875" lon="127.05977107398211956024169921875">
        <ele>46.59999847412109375</ele>
        <time>2026-09-17T08:37:29.000Z</time>
        <extensions>
          <ns3:TrackPointExtension>
            <ns3:hr>112</ns3:hr>
            <ns3:cad>80</ns3:cad>
          </ns3:TrackPointExtension>
        </extensions>
      </trkpt>
      <trkpt lat="37.50771741382777690887451171875" lon="127.059812732040882110595703125">
        <ele>46.59999847412109375</ele>
        <time>2026-09-17T08:37:30.000Z</time>
        <extensions>
          <ns3:TrackPointExtension>
            <ns3:hr>112</ns3:hr>
            <ns3:cad>80</ns3:cad>
          </ns3:TrackPointExtension>
        </extensions>
      </trkpt>
      <trkpt lat="37.50772663392126560211181640625" lon="127.05985330045223236083984375">
        <ele>46.59999847412109375</ele>
        <time>2026-09-17T08:37:31.000Z</time>
        <extensions>
          <ns3:TrackPointExtension>
            <ns3:hr>113</ns3:hr>
            <ns3:cad>82</ns3:cad>
          </ns3:TrackPointExtension>
        </extensions>
      </trkpt>
      <trkpt lat="37.50773350708186626434326171875" lon="127.05988607369363307952880859375">
        <ele>46.799999237060546875</ele>
        <time>2026-09-17T08:37:32.000Z</time>
        <extensions>
          <ns3:TrackPointExtension>
            <ns3:hr>114</ns3:hr>
            <ns3:cad>83</ns3:cad>
          </ns3:TrackPointExtension>
        </extensions>
      </trkpt>
      <trkpt lat="37.50772696919739246368408203125" lon="127.059933431446552276611328125">
        <ele>47</ele>
        <time>2026-09-17T08:37:33.000Z</time>
        <extensions>
          <ns3:TrackPointExtension>
            <ns3:hr>115</ns3:hr>
            <ns3:cad>83</ns3:cad>
          </ns3:TrackPointExtension>
        </extensions>
      </trkpt>
      <trkpt lat="37.5077317468822002410888671875" lon="127.0599704794585704803466796875">
        <ele>47</ele>
        <time>2026-09-17T08:37:34.000Z</time>
        <extensions>
          <ns3:TrackPointExtension>
            <ns3:hr>115</ns3:hr>
            <ns3:cad>83</ns3:cad>
          </ns3:TrackPointExtension>
        </extensions>
      </trkpt>
      <trkpt lat="37.50775010325014591217041015625" lon="127.060015909373760223388671875">
        <ele>47</ele>
        <time>2026-09-17T08:37:35.000Z</time>
        <extensions>
          <ns3:TrackPointExtension>
            <ns3:hr>116</ns3:hr>
            <ns3:cad>82</ns3:cad>
          </ns3:TrackPointExtension>
        </extensions>
      </trkpt>
      <trkpt lat="37.507757730782032012939453125" lon="127.06006544642150402069091796875">
        <ele>47</ele>
        <time>2026-09-17T08:37:36.000Z</time>
        <extensions>
          <ns3:TrackPointExtension>
            <ns3:hr>117</ns3:hr>
            <ns3:cad>82</ns3:cad>
          </ns3:TrackPointExtension>
        </extensions>
      </trkpt>
      <trkpt lat="37.507755048573017120361328125" lon="127.06008656881749629974365234375">
        <ele>47</ele>
        <time>2026-09-17T08:37:37.000Z</time>
        <extensions>
          <ns3:TrackPointExtension>
            <ns3:hr>118</ns3:hr>
            <ns3:cad>82</ns3:cad>
          </ns3:TrackPointExtension>
        </extensions>
      </trkpt>
      <trkpt lat="37.50775697641074657440185546875" lon="127.0601273886859416961669921875">
        <ele>47</ele>
        <time>2026-09-17T08:37:38.000Z</time>
        <extensions>
          <ns3:TrackPointExtension>
            <ns3:hr>118</ns3:hr>
            <ns3:cad>82</ns3:cad>
          </ns3:TrackPointExtension>
        </extensions>
      </trkpt>
      <trkpt lat="37.50776234082877635955810546875" lon="127.06014834344387054443359375">
        <ele>47</ele>
        <time>2026-09-17T08:37:39.000Z</time>
        <extensions>
          <ns3:TrackPointExtension>
            <ns3:hr>119</ns3:hr>
            <ns3:cad>82</ns3:cad>
          </ns3:TrackPointExtension>
        </extensions>
      </trkpt>
      <trkpt lat="37.50777223147451877593994140625" lon="127.0601689629256725311279296875">
        <ele>47</ele>
        <time>2026-09-17T08:37:40.000Z</time>
        <extensions>
          <ns3:TrackPointExtension>
            <ns3:hr>119</ns3:hr>
            <ns3:cad>83</ns3:cad>
          </ns3:TrackPointExtension>
        </extensions>
      </trkpt>
      <trkpt lat="37.5077766738831996917724609375" lon="127.060200311243534088134765625">
        <ele>47</ele>
        <time>2026-09-17T08:37:41.000Z</time>
        <extensions>
          <ns3:TrackPointExtension>
            <ns3:hr>119</ns3:hr>
            <ns3:cad>83</ns3:cad>
          </ns3:TrackPointExtension>
        </extensions>
      </trkpt>
      <trkpt lat="37.5077734887599945068359375" lon="127.0602321624755859375">
        <ele>47</ele>
        <time>2026-09-17T08:37:42.000Z</time>
        <extensions>
          <ns3:TrackPointExtension>
            <ns3:hr>120</ns3:hr>
            <ns3:cad>83</ns3:cad>
          </ns3:TrackPointExtension>
        </extensions>
      </trkpt>
      <trkpt lat="37.50775580294430255889892578125" lon="127.0602490939199924468994140625">
        <ele>47</ele>
        <time>2026-09-17T08:37:43.000Z</time>
        <extensions>
          <ns3:TrackPointExtension>
            <ns3:hr>120</ns3:hr>
            <ns3:cad>83</ns3:cad>
          </ns3:TrackPointExtension>
        </extensions>
      </trkpt>
      <trkpt lat="37.5077418051660060882568359375" lon="127.06024196930229663848876953125">
        <ele>47</ele>
        <time>2026-09-17T08:37:44.000Z</time>
        <extensions>
          <ns3:TrackPointExtension>
            <ns3:hr>121</ns3:hr>
            <ns3:cad>82</ns3:cad>
          </ns3:TrackPointExtension>
        </extensions>
      </trkpt>
      <trkpt lat="37.5077252089977264404296875" lon="127.06021271646022796630859375">
        <ele>46.799999237060546875</ele>
        <time>2026-09-17T08:37:45.000Z</time>
        <extensions>
          <ns3:TrackPointExtension>
            <ns3:hr>121</ns3:hr>
            <ns3:cad>82</ns3:cad>
          </ns3:TrackPointExtension>
        </extensions>
      </trkpt>
      <trkpt lat="37.5077076070010662078857421875" lon="127.0601649396121501922607421875">
        <ele>46.59999847412109375</ele>
        <time>2026-09-17T08:37:46.000Z</time>
        <extensions>
          <ns3:TrackPointExtension>
            <ns3:hr>121</ns3:hr>
            <ns3:cad>82</ns3:cad>
          </ns3:TrackPointExtension>
        </extensions>
      </trkpt>
      <trkpt lat="37.50769696198403835296630859375" lon="127.060142643749713897705078125">
        <ele>46.59999847412109375</ele>
        <time>2026-09-17T08:37:47.000Z</time>
        <extensions>
          <ns3:TrackPointExtension>
            <ns3:hr>121</ns3:hr>
            <ns3:cad>82</ns3:cad>
          </ns3:TrackPointExtension>
        </extensions>
      </trkpt>
      <trkpt lat="37.5076898373663425445556640625" lon="127.06010408699512481689453125">
        <ele>46.59999847412109375</ele>
        <time>2026-09-17T08:37:48.000Z</time>
        <extensions>
          <ns3:TrackPointExtension>
            <ns3:hr>122</ns3:hr>
            <ns3:cad>82</ns3:cad>
          </ns3:TrackPointExtension>
        </extensions>
      </trkpt>
      <trkpt lat="37.50768941827118396759033203125" lon="127.0600660331547260284423828125">
        <ele>46.799999237060546875</ele>
        <time>2026-09-17T08:37:49.000Z</time>
        <extensions>
          <ns3:TrackPointExtension>
            <ns3:hr>122</ns3:hr>
            <ns3:cad>81</ns3:cad>
          </ns3:TrackPointExtension>
        </extensions>
      </trkpt>
      <trkpt lat="37.5076781027019023895263671875" lon="127.06003342755138874053955078125">
        <ele>47</ele>
        <time>2026-09-17T08:37:50.000Z</time>
        <extensions>
          <ns3:TrackPointExtension>
            <ns3:hr>123</ns3:hr>
            <ns3:cad>81</ns3:cad>
          </ns3:TrackPointExtension>
        </extensions>
      </trkpt>
      <trkpt lat="37.507673241198062896728515625" lon="127.06000057049095630645751953125">
        <ele>47</ele>
        <time>2026-09-17T08:37:51.000Z</time>
        <extensions>
          <ns3:TrackPointExtension>
            <ns3:hr>123</ns3:hr>
            <ns3:cad>81</ns3:cad>
          </ns3:TrackPointExtension>
        </extensions>
      </trkpt>
      <trkpt lat="37.507671229541301727294921875" lon="127.05997140146791934967041015625">
        <ele>47</ele>
        <time>2026-09-17T08:37:52.000Z</time>
        <extensions>
          <ns3:TrackPointExtension>
            <ns3:hr>124</ns3:hr>
            <ns3:cad>81</ns3:cad>
          </ns3:TrackPointExtension>
        </extensions>
      </trkpt>
      <trkpt lat="37.507668547332286834716796875" lon="127.05993167124688625335693359375">
        <ele>47</ele>
        <time>2026-09-17T08:37:53.000Z</time>
        <extensions>
          <ns3:TrackPointExtension>
            <ns3:hr>124</ns3:hr>
            <ns3:cad>81</ns3:cad>
          </ns3:TrackPointExtension>
        </extensions>
      </trkpt>
      <trkpt lat="37.50766695477068424224853515625" lon="127.05988104455173015594482421875">
        <ele>47</ele>
        <time>2026-09-17T08:37:54.000Z</time>
        <extensions>
          <ns3:TrackPointExtension>
            <ns3:hr>125</ns3:hr>
            <ns3:cad>81</ns3:cad>
          </ns3:TrackPointExtension>
        </extensions>
      </trkpt>
      <trkpt lat="37.5076599977910518646240234375" lon="127.05984801985323429107666015625">
        <ele>46.799999237060546875</ele>
        <time>2026-09-17T08:37:55.000Z</time>
        <extensions>
          <ns3:TrackPointExtension>
            <ns3:hr>125</ns3:hr>
            <ns3:cad>81</ns3:cad>
          </ns3:TrackPointExtension>
        </extensions>
      </trkpt>
      <trkpt lat="37.50765320844948291778564453125" lon="127.059810720384120941162109375">
        <ele>46.799999237060546875</ele>
        <time>2026-09-17T08:37:56.000Z</time>
        <extensions>
          <ns3:TrackPointExtension>
            <ns3:hr>126</ns3:hr>
            <ns3:cad>84</ns3:cad>
          </ns3:TrackPointExtension>
        </extensions>
      </trkpt>
      <trkpt lat="37.50764382071793079376220703125" lon="127.05977149307727813720703125">
        <ele>46.799999237060546875</ele>
        <time>2026-09-17T08:37:57.000Z</time>
        <extensions>
          <ns3:TrackPointExtension>
            <ns3:hr>126</ns3:hr>
            <ns3:cad>84</ns3:cad>
          </ns3:TrackPointExtension>
        </extensions>
      </trkpt>
      <trkpt lat="37.50763200223445892333984375" lon="127.05974710173904895782470703125">
        <ele>46.799999237060546875</ele>
        <time>2026-09-17T08:37:58.000Z</time>
        <extensions>
          <ns3:TrackPointExtension>
            <ns3:hr>127</ns3:hr>
            <ns3:cad>85</ns3:cad>
          </ns3:TrackPointExtension>
        </extensions>
      </trkpt>
      <trkpt lat="37.50762186013162136077880859375" lon="127.0597009174525737762451171875">
        <ele>46.799999237060546875</ele>
        <time>2026-09-17T08:37:59.000Z</time>
        <extensions>
          <ns3:TrackPointExtension>
            <ns3:hr>128</ns3:hr>
            <ns3:cad>84</ns3:cad>
          </ns3:TrackPointExtension>
        </extensions>
      </trkpt>
      <trkpt lat="37.50761993229389190673828125" lon="127.05966730602085590362548828125">
        <ele>46.799999237060546875</ele>
        <time>2026-09-17T08:38:00.000Z</time>
        <extensions>
          <ns3:TrackPointExtension>
            <ns3:hr>128</ns3:hr>
            <ns3:cad>84</ns3:cad>
          </ns3:TrackPointExtension>
        </extensions>
      </trkpt>
      <trkpt lat="37.50760710798203945159912109375" lon="127.05963344313204288482666015625">
        <ele>46.799999237060546875</ele>
        <time>2026-09-17T08:38:01.000Z</time>
        <extensions>
          <ns3:TrackPointExtension>
            <ns3:hr>129</ns3:hr>
            <ns3:cad>84</ns3:cad>
          </ns3:TrackPointExtension>
        </extensions>
      </trkpt>
      <trkpt lat="37.50758372247219085693359375" lon="127.0595896057784557342529296875">
        <ele>46.799999237060546875</ele>
        <time>2026-09-17T08:38:02.000Z</time>
        <extensions>
          <ns3:TrackPointExtension>
            <ns3:hr>129</ns3:hr>
            <ns3:cad>84</ns3:cad>
          </ns3:TrackPointExtension>
        </extensions>
      </trkpt>
      <trkpt lat="37.5075701437890529632568359375" lon="127.0595614425837993621826171875">
        <ele>46.799999237060546875</ele>
        <time>2026-09-17T08:38:03.000Z</time>
        <extensions>
          <ns3:TrackPointExtension>
            <ns3:hr>129</ns3:hr>
            <ns3:cad>84</ns3:cad>
          </ns3:TrackPointExtension>
        </extensions>
      </trkpt>
      <trkpt lat="37.50756586901843547821044921875" lon="127.0595098100602626800537109375">
        <ele>46.59999847412109375</ele>
        <time>2026-09-17T08:38:04.000Z</time>
        <extensions>
          <ns3:TrackPointExtension>
            <ns3:hr>130</ns3:hr>
            <ns3:cad>84</ns3:cad>
          </ns3:TrackPointExtension>
        </extensions>
      </trkpt>
      <trkpt lat="37.507556565105915069580078125" lon="127.05946731381118297576904296875">
        <ele>46.59999847412109375</ele>
        <time>2026-09-17T08:38:05.000Z</time>
        <extensions>
          <ns3:TrackPointExtension>
            <ns3:hr>130</ns3:hr>
            <ns3:cad>82</ns3:cad>
          </ns3:TrackPointExtension>
        </extensions>
      </trkpt>
      <trkpt lat="37.50755296088755130767822265625" lon="127.059424482285976409912109375">
        <ele>46.59999847412109375</ele>
        <time>2026-09-17T08:38:06.000Z</time>
        <extensions>
          <ns3:TrackPointExtension>
            <ns3:hr>131</ns3:hr>
            <ns3:cad>82</ns3:cad>
          </ns3:TrackPointExtension>
        </extensions>
      </trkpt>
      <trkpt lat="37.50755195505917072296142578125" lon="127.05938735045492649078369140625">
        <ele>46.59999847412109375</ele>
        <time>2026-09-17T08:38:07.000Z</time>
        <extensions>
          <ns3:TrackPointExtension>
            <ns3:hr>132</ns3:hr>
            <ns3:cad>82</ns3:cad>
          </ns3:TrackPointExtension>
        </extensions>
      </trkpt>
      <trkpt lat="37.50755530782043933868408203125" lon="127.05935348756611347198486328125">
        <ele>46.59999847412109375</ele>
        <time>2026-09-17T08:38:08.000Z</time>
        <extensions>
          <ns3:TrackPointExtension>
            <ns3:hr>134</ns3:hr>
            <ns3:cad>82</ns3:cad>
          </ns3:TrackPointExtension>
        </extensions>
      </trkpt>
      <trkpt lat="37.50756402499973773956298828125" lon="127.05932264216244220733642578125">
        <ele>46.799999237060546875</ele>
        <time>2026-09-17T08:38:09.000Z</time>
        <extensions>
          <ns3:TrackPointExtension>
            <ns3:hr>135</ns3:hr>
            <ns3:cad>82</ns3:cad>
          </ns3:TrackPointExtension>
        </extensions>
      </trkpt>
      <trkpt lat="37.5075750052928924560546875" lon="127.05929766409099102020263671875">
        <ele>46.799999237060546875</ele>
        <time>2026-09-17T08:38:10.000Z</time>
        <extensions>
          <ns3:TrackPointExtension>
            <ns3:hr>136</ns3:hr>
            <ns3:cad>82</ns3:cad>
          </ns3:TrackPointExtension>
        </extensions>
      </trkpt>
      <trkpt lat="37.5075889192521572113037109375" lon="127.0592694170773029327392578125">
        <ele>47</ele>
        <time>2026-09-17T08:38:11.000Z</time>
        <extensions>
          <ns3:TrackPointExtension>
            <ns3:hr>137</ns3:hr>
            <ns3:cad>84</ns3:cad>
          </ns3:TrackPointExtension>
        </extensions>
      </trkpt>
      <trkpt lat="37.50762135721743106842041015625" lon="127.05925508402287960052490234375">
        <ele>47</ele>
        <time>2026-09-17T08:38:12.000Z</time>
        <extensions>
          <ns3:TrackPointExtension>
            <ns3:hr>137</ns3:hr>
            <ns3:cad>83</ns3:cad>
          </ns3:TrackPointExtension>
        </extensions>
      </trkpt>
      <trkpt lat="37.507641054689884185791015625" lon="127.0592412538826465606689453125">
        <ele>47.200000762939453125</ele>
        <time>2026-09-17T08:38:13.000Z</time>
        <extensions>
          <ns3:TrackPointExtension>
            <ns3:hr>138</ns3:hr>
            <ns3:cad>83</ns3:cad>
          </ns3:TrackPointExtension>
        </extensions>
      </trkpt>
      <trkpt lat="37.5076593272387981414794921875" lon="127.05922759138047695159912109375">
        <ele>47</ele>
        <time>2026-09-17T08:38:14.000Z</time>
        <extensions>
          <ns3:TrackPointExtension>
            <ns3:hr>138</ns3:hr>
            <ns3:cad>82</ns3:cad>
          </ns3:TrackPointExtension>
        </extensions>
      </trkpt>
      <trkpt lat="37.50768388621509075164794921875" lon="127.0592249929904937744140625">
        <ele>47</ele>
        <time>2026-09-17T08:38:15.000Z</time>
        <extensions>
          <ns3:TrackPointExtension>
            <ns3:hr>138</ns3:hr>
            <ns3:cad>82</ns3:cad>
          </ns3:TrackPointExtension>
        </extensions>
      </trkpt>
      <trkpt lat="37.5076901726424694061279296875" lon="127.0592221431434154510498046875">
        <ele>47</ele>
        <time>2026-09-17T08:38:16.000Z</time>
        <extensions>
          <ns3:TrackPointExtension>
            <ns3:hr>139</ns3:hr>
            <ns3:cad>82</ns3:cad>
          </ns3:TrackPointExtension>
        </extensions>
      </trkpt>
      <trkpt lat="37.50771649181842803955078125" lon="127.05920982174575328826904296875">
        <ele>47</ele>
        <time>2026-09-17T08:38:17.000Z</time>
        <extensions>
          <ns3:TrackPointExtension>
            <ns3:hr>139</ns3:hr>
            <ns3:cad>82</ns3:cad>
          </ns3:TrackPointExtension>
        </extensions>
      </trkpt>
      <trkpt lat="37.5077280588448047637939453125" lon="127.05920211039483547210693359375">
        <ele>46.799999237060546875</ele>
        <time>2026-09-17T08:38:18.000Z</time>
        <extensions>
          <ns3:TrackPointExtension>
            <ns3:hr>139</ns3:hr>
            <ns3:cad>82</ns3:cad>
          </ns3:TrackPointExtension>
        </extensions>
      </trkpt>
      <trkpt lat="37.5077300705015659332275390625" lon="127.05917813815176486968994140625">
        <ele>46.799999237060546875</ele>
        <time>2026-09-17T08:38:19.000Z</time>
        <extensions>
          <ns3:TrackPointExtension>
            <ns3:hr>139</ns3:hr>
            <ns3:cad>82</ns3:cad>
          </ns3:TrackPointExtension>
        </extensions>
      </trkpt>
      <trkpt lat="37.507728226482868194580078125" lon="127.05914025194942951202392578125">
        <ele>46.799999237060546875</ele>
        <time>2026-09-17T08:38:20.000Z</time>
        <extensions>
          <ns3:TrackPointExtension>
            <ns3:hr>139</ns3:hr>
            <ns3:cad>82</ns3:cad>
          </ns3:TrackPointExtension>
        </extensions>
      </trkpt>
      <trkpt lat="37.50772898085415363311767578125" lon="127.05910203047096729278564453125">
        <ele>47</ele>
        <time>2026-09-17T08:38:21.000Z</time>
        <extensions>
          <ns3:TrackPointExtension>
            <ns3:hr>140</ns3:hr>
            <ns3:cad>82</ns3:cad>
          </ns3:TrackPointExtension>
        </extensions>
      </trkpt>
      <trkpt lat="37.50772294588387012481689453125" lon="127.0590551756322383880615234375">
        <ele>47</ele>
        <time>2026-09-17T08:38:22.000Z</time>
        <extensions>
          <ns3:TrackPointExtension>
            <ns3:hr>140</ns3:hr>
            <ns3:cad>82</ns3:cad>
          </ns3:TrackPointExtension>
        </extensions>
      </trkpt>
      <trkpt lat="37.5077119655907154083251953125" lon="127.0590162836015224456787109375">
        <ele>47.200000762939453125</ele>
        <time>2026-09-17T08:38:23.000Z</time>
        <extensions>
          <ns3:TrackPointExtension>
            <ns3:hr>140</ns3:hr>
            <ns3:cad>82</ns3:cad>
          </ns3:TrackPointExtension>
        </extensions>
      </trkpt>
      <trkpt lat="37.507707439363002777099609375" lon="127.05898602493107318878173828125">
        <ele>47.200000762939453125</ele>
        <time>2026-09-17T08:38:24.000Z</time>
        <extensions>
          <ns3:TrackPointExtension>
            <ns3:hr>140</ns3:hr>
            <ns3:cad>82</ns3:cad>
          </ns3:TrackPointExtension>
        </extensions>
      </trkpt>
      <trkpt lat="37.5076925195753574371337890625" lon="127.058943696320056915283203125">
        <ele>47.200000762939453125</ele>
        <time>2026-09-17T08:38:25.000Z</time>
        <extensions>
          <ns3:TrackPointExtension>
            <ns3:hr>141</ns3:hr>
            <ns3:cad>82</ns3:cad>
          </ns3:TrackPointExtension>
        </extensions>
      </trkpt>
      <trkpt lat="37.5076844729483127593994140625" lon="127.0589073188602924346923828125">
        <ele>47.200000762939453125</ele>
        <time>2026-09-17T08:38:26.000Z</time>
        <extensions>
          <ns3:TrackPointExtension>
            <ns3:hr>141</ns3:hr>
            <ns3:cad>82</ns3:cad>
          </ns3:TrackPointExtension>
        </extensions>
      </trkpt>
      <trkpt lat="37.5076744146645069122314453125" lon="127.05887270160019397735595703125">
        <ele>47</ele>
        <time>2026-09-17T08:38:27.000Z</time>
        <extensions>
          <ns3:TrackPointExtension>
            <ns3:hr>142</ns3:hr>
            <ns3:cad>82</ns3:cad>
          </ns3:TrackPointExtension>
        </extensions>
      </trkpt>
      <trkpt lat="37.50766159035265445709228515625" lon="127.0588266849517822265625">
        <ele>47</ele>
        <time>2026-09-17T08:38:28.000Z</time>
        <extensions>
          <ns3:TrackPointExtension>
            <ns3:hr>142</ns3:hr>
            <ns3:cad>82</ns3:cad>
          </ns3:TrackPointExtension>
        </extensions>
      </trkpt>
      <trkpt lat="37.507652454078197479248046875" lon="127.0587939955294132232666015625">
        <ele>47</ele>
        <time>2026-09-17T08:38:29.000Z</time>
        <extensions>
          <ns3:TrackPointExtension>
            <ns3:hr>142</ns3:hr>
            <ns3:cad>82</ns3:cad>
          </ns3:TrackPointExtension>
        </extensions>
      </trkpt>
      <trkpt lat="37.50763761810958385467529296875" lon="127.05875820480287075042724609375">
        <ele>47</ele>
        <time>2026-09-17T08:38:30.000Z</time>
        <extensions>
          <ns3:TrackPointExtension>
            <ns3:hr>142</ns3:hr>
            <ns3:cad>83</ns3:cad>
          </ns3:TrackPointExtension>
        </extensions>
      </trkpt>
      <trkpt lat="37.50762621872127056121826171875" lon="127.0587175525724887847900390625">
        <ele>47.200000762939453125</ele>
        <time>2026-09-17T08:38:31.000Z</time>
        <extensions>
          <ns3:TrackPointExtension>
            <ns3:hr>141</ns3:hr>
            <ns3:cad>83</ns3:cad>
          </ns3:TrackPointExtension>
        </extensions>
      </trkpt>
      <trkpt lat="37.507620267570018768310546875" lon="127.05868645571172237396240234375">
        <ele>47.200000762939453125</ele>
        <time>2026-09-17T08:38:32.000Z</time>
        <extensions>
          <ns3:TrackPointExtension>
            <ns3:hr>142</ns3:hr>
            <ns3:cad>83</ns3:cad>
          </ns3:TrackPointExtension>
        </extensions>
      </trkpt>
      <trkpt lat="37.50761054456233978271484375" lon="127.05864362418651580810546875">
        <ele>47.200000762939453125</ele>
        <time>2026-09-17T08:38:33.000Z</time>
        <extensions>
          <ns3:TrackPointExtension>
            <ns3:hr>142</ns3:hr>
            <ns3:cad>83</ns3:cad>
          </ns3:TrackPointExtension>
        </extensions>
      </trkpt>
      <trkpt lat="37.507594116032123565673828125" lon="127.05861520953476428985595703125">
        <ele>47.200000762939453125</ele>
        <time>2026-09-17T08:38:34.000Z</time>
        <extensions>
          <ns3:TrackPointExtension>
            <ns3:hr>142</ns3:hr>
            <ns3:cad>83</ns3:cad>
          </ns3:TrackPointExtension>
        </extensions>
      </trkpt>
      <trkpt lat="37.5075798667967319488525390625" lon="127.058585621416568756103515625">
        <ele>47.200000762939453125</ele>
        <time>2026-09-17T08:38:35.000Z</time>
        <extensions>
          <ns3:TrackPointExtension>
            <ns3:hr>142</ns3:hr>
            <ns3:cad>83</ns3:cad>
          </ns3:TrackPointExtension>
        </extensions>
      </trkpt>
      <trkpt lat="37.507569976150989532470703125" lon="127.05855469219386577606201171875">
        <ele>47.200000762939453125</ele>
        <time>2026-09-17T08:38:36.000Z</time>
        <extensions>
          <ns3:TrackPointExtension>
            <ns3:hr>142</ns3:hr>
            <ns3:cad>83</ns3:cad>
          </ns3:TrackPointExtension>
        </extensions>
      </trkpt>
      <trkpt lat="37.5075631029903888702392578125" lon="127.058525271713733673095703125">
        <ele>47.200000762939453125</ele>
        <time>2026-09-17T08:38:37.000Z</time>
        <extensions>
          <ns3:TrackPointExtension>
            <ns3:hr>142</ns3:hr>
            <ns3:cad>83</ns3:cad>
          </ns3:TrackPointExtension>
        </extensions>
      </trkpt>
      <trkpt lat="37.50754860229790210723876953125" lon="127.05848361365497112274169921875">
        <ele>47.200000762939453125</ele>
        <time>2026-09-17T08:38:38.000Z</time>
        <extensions>
          <ns3:TrackPointExtension>
            <ns3:hr>142</ns3:hr>
            <ns3:cad>83</ns3:cad>
          </ns3:TrackPointExtension>
        </extensions>
      </trkpt>
      <trkpt lat="37.50753804109990596771240234375" lon="127.058447487652301788330078125">
        <ele>47.200000762939453125</ele>
        <time>2026-09-17T08:38:39.000Z</time>
        <extensions>
          <ns3:TrackPointExtension>
            <ns3:hr>143</ns3:hr>
            <ns3:cad>83</ns3:cad>
          </ns3:TrackPointExtension>
        </extensions>
      </trkpt>
      <trkpt lat="37.50752580352127552032470703125" lon="127.05841974355280399322509765625">
        <ele>47.200000762939453125</ele>
        <time>2026-09-17T08:38:40.000Z</time>
        <extensions>
          <ns3:TrackPointExtension>
            <ns3:hr>143</ns3:hr>
            <ns3:cad>83</ns3:cad>
          </ns3:TrackPointExtension>
        </extensions>
      </trkpt>
      <trkpt lat="37.50750996172428131103515625" lon="127.05838118679821491241455078125">
        <ele>47.200000762939453125</ele>
        <time>2026-09-17T08:38:41.000Z</time>
        <extensions>
          <ns3:TrackPointExtension>
            <ns3:hr>143</ns3:hr>
            <ns3:cad>83</ns3:cad>
          </ns3:TrackPointExtension>
        </extensions>
      </trkpt>
      <trkpt lat="37.507500238716602325439453125" lon="127.05835252068936824798583984375">
        <ele>47.200000762939453125</ele>
        <time>2026-09-17T08:38:42.000Z</time>
        <extensions>
          <ns3:TrackPointExtension>
            <ns3:hr>143</ns3:hr>
            <ns3:cad>82</ns3:cad>
          </ns3:TrackPointExtension>
        </extensions>
      </trkpt>
      <trkpt lat="37.50748942606151103973388671875" lon="127.0583184063434600830078125">
        <ele>47.200000762939453125</ele>
        <time>2026-09-17T08:38:43.000Z</time>
        <extensions>
          <ns3:TrackPointExtension>
            <ns3:hr>142</ns3:hr>
            <ns3:cad>82</ns3:cad>
          </ns3:TrackPointExtension>
        </extensions>
      </trkpt>
      <trkpt lat="37.5074816308915615081787109375" lon="127.05828546546399593353271484375">
        <ele>47.200000762939453125</ele>
        <time>2026-09-17T08:38:44.000Z</time>
        <extensions>
          <ns3:TrackPointExtension>
            <ns3:hr>143</ns3:hr>
            <ns3:cad>82</ns3:cad>
          </ns3:TrackPointExtension>
        </extensions>
      </trkpt>
      <trkpt lat="37.50747065059840679168701171875" lon="127.05825931392610073089599609375">
        <ele>47.40000152587890625</ele>
        <time>2026-09-17T08:38:45.000Z</time>
        <extensions>
          <ns3:TrackPointExtension>
            <ns3:hr>144</ns3:hr>
            <ns3:cad>82</ns3:cad>
          </ns3:TrackPointExtension>
        </extensions>
      </trkpt>
      <trkpt lat="37.507451958954334259033203125" lon="127.05821287818253040313720703125">
        <ele>47.40000152587890625</ele>
        <time>2026-09-17T08:38:46.000Z</time>
        <extensions>
          <ns3:TrackPointExtension>
            <ns3:hr>144</ns3:hr>
            <ns3:cad>82</ns3:cad>
          </ns3:TrackPointExtension>
        </extensions>
      </trkpt>
      <trkpt lat="37.50744181685149669647216796875" lon="127.0581760816276073455810546875">
        <ele>47.200000762939453125</ele>
        <time>2026-09-17T08:38:47.000Z</time>
        <extensions>
          <ns3:TrackPointExtension>
            <ns3:hr>145</ns3:hr>
            <ns3:cad>82</ns3:cad>
          </ns3:TrackPointExtension>
        </extensions>
      </trkpt>
      <trkpt lat="37.5074313394725322723388671875" lon="127.058135010302066802978515625">
        <ele>47.200000762939453125</ele>
        <time>2026-09-17T08:38:48.000Z</time>
        <extensions>
          <ns3:TrackPointExtension>
            <ns3:hr>146</ns3:hr>
            <ns3:cad>82</ns3:cad>
          </ns3:TrackPointExtension>
        </extensions>
      </trkpt>
      <trkpt lat="37.50741750933229923248291015625" lon="127.05809100531041622161865234375">
        <ele>47.200000762939453125</ele>
        <time>2026-09-17T08:38:49.000Z</time>
        <extensions>
          <ns3:TrackPointExtension>
            <ns3:hr>146</ns3:hr>
            <ns3:cad>82</ns3:cad>
          </ns3:TrackPointExtension>
        </extensions>
      </trkpt>
      <trkpt lat="37.50740963034331798553466796875" lon="127.05805714242160320281982421875">
        <ele>47.200000762939453125</ele>
        <time>2026-09-17T08:38:50.000Z</time>
        <extensions>
          <ns3:TrackPointExtension>
            <ns3:hr>146</ns3:hr>
            <ns3:cad>82</ns3:cad>
          </ns3:TrackPointExtension>
        </extensions>
      </trkpt>
      <trkpt lat="37.507402338087558746337890625" lon="127.058006264269351959228515625">
        <ele>47.200000762939453125</ele>
        <time>2026-09-17T08:38:51.000Z</time>
        <extensions>
          <ns3:TrackPointExtension>
            <ns3:hr>146</ns3:hr>
            <ns3:cad>83</ns3:cad>
          </ns3:TrackPointExtension>
        </extensions>
      </trkpt>
      <trkpt lat="37.50740342773497104644775390625" lon="127.05796225927770137786865234375">
        <ele>47.200000762939453125</ele>
        <time>2026-09-17T08:38:52.000Z</time>
        <extensions>
          <ns3:TrackPointExtension>
            <ns3:hr>146</ns3:hr>
            <ns3:cad>83</ns3:cad>
          </ns3:TrackPointExtension>
        </extensions>
      </trkpt>
      <trkpt lat="37.50739605166018009185791015625" lon="127.05792655237019062042236328125">
        <ele>47.200000762939453125</ele>
        <time>2026-09-17T08:38:53.000Z</time>
        <extensions>
          <ns3:TrackPointExtension>
            <ns3:hr>146</ns3:hr>
            <ns3:cad>83</ns3:cad>
          </ns3:TrackPointExtension>
        </extensions>
      </trkpt>
      <trkpt lat="37.507384233176708221435546875" lon="127.05788791179656982421875">
        <ele>47.200000762939453125</ele>
        <time>2026-09-17T08:38:54.000Z</time>
        <extensions>
          <ns3:TrackPointExtension>
            <ns3:hr>145</ns3:hr>
            <ns3:cad>83</ns3:cad>
          </ns3:TrackPointExtension>
        </extensions>
      </trkpt>
      <trkpt lat="37.5073787011206150054931640625" lon="127.05785932950675487518310546875">
        <ele>47.200000762939453125</ele>
        <time>2026-09-17T08:38:55.000Z</time>
        <extensions>
          <ns3:TrackPointExtension>
            <ns3:hr>145</ns3:hr>
            <ns3:cad>83</ns3:cad>
          </ns3:TrackPointExtension>
        </extensions>
      </trkpt>
      <trkpt lat="37.50737191177904605865478515625" lon="127.0578287355601787567138671875">
        <ele>47.40000152587890625</ele>
        <time>2026-09-17T08:38:56.000Z</time>
        <extensions>
          <ns3:TrackPointExtension>
            <ns3:hr>145</ns3:hr>
            <ns3:cad>83</ns3:cad>
          </ns3:TrackPointExtension>
        </extensions>
      </trkpt>
      <trkpt lat="37.50736637972295284271240234375" lon="127.0577967166900634765625">
        <ele>47.59999847412109375</ele>
        <time>2026-09-17T08:38:57.000Z</time>
        <extensions>
          <ns3:TrackPointExtension>
            <ns3:hr>145</ns3:hr>
            <ns3:cad>83</ns3:cad>
          </ns3:TrackPointExtension>
        </extensions>
      </trkpt>
      <trkpt lat="37.507364116609096527099609375" lon="127.05776796676218509674072265625">
        <ele>47.40000152587890625</ele>
        <time>2026-09-17T08:38:58.000Z</time>
        <extensions>
          <ns3:TrackPointExtension>
            <ns3:hr>146</ns3:hr>
            <ns3:cad>82</ns3:cad>
          </ns3:TrackPointExtension>
        </extensions>
      </trkpt>
      <trkpt lat="37.5073609314858913421630859375" lon="127.05773058347404003143310546875">
        <ele>47.200000762939453125</ele>
        <time>2026-09-17T08:38:59.000Z</time>
        <extensions>
          <ns3:TrackPointExtension>
            <ns3:hr>145</ns3:hr>
            <ns3:cad>82</ns3:cad>
          </ns3:TrackPointExtension>
        </extensions>
      </trkpt>
      <trkpt lat="37.50735397450625896453857421875" lon="127.05769839696586132049560546875">
        <ele>47.200000762939453125</ele>
        <time>2026-09-17T08:39:00.000Z</time>
        <extensions>
          <ns3:TrackPointExtension>
            <ns3:hr>145</ns3:hr>
            <ns3:cad>82</ns3:cad>
          </ns3:TrackPointExtension>
        </extensions>
      </trkpt>
      <trkpt lat="37.5073451735079288482666015625" lon="127.05765631981194019317626953125">
        <ele>47.200000762939453125</ele>
        <time>2026-09-17T08:39:01.000Z</time>
        <extensions>
          <ns3:TrackPointExtension>
            <ns3:hr>145</ns3:hr>
            <ns3:cad>82</ns3:cad>
          </ns3:TrackPointExtension>
        </extensions>
      </trkpt>
      <trkpt lat="37.50733536668121814727783203125" lon="127.05760988406836986541748046875">
        <ele>47.200000762939453125</ele>
        <time>2026-09-17T08:39:02.000Z</time>
        <extensions>
          <ns3:TrackPointExtension>
            <ns3:hr>144</ns3:hr>
            <ns3:cad>82</ns3:cad>
          </ns3:TrackPointExtension>
        </extensions>
      </trkpt>
      <trkpt lat="37.50732430256903171539306640625" lon="127.0575776137411594390869140625">
        <ele>47.200000762939453125</ele>
        <time>2026-09-17T08:39:03.000Z</time>
        <extensions>
          <ns3:TrackPointExtension>
            <ns3:hr>144</ns3:hr>
            <ns3:cad>82</ns3:cad>
          </ns3:TrackPointExtension>
        </extensions>
      </trkpt>
      <trkpt lat="37.5073156692087650299072265625" lon="127.0575360395014286041259765625">
        <ele>47.40000152587890625</ele>
        <time>2026-09-17T08:39:04.000Z</time>
        <extensions>
          <ns3:TrackPointExtension>
            <ns3:hr>144</ns3:hr>
            <ns3:cad>82</ns3:cad>
          </ns3:TrackPointExtension>
        </extensions>
      </trkpt>
      <trkpt lat="37.50730720348656177520751953125" lon="127.05750024877488613128662109375">
        <ele>47.59999847412109375</ele>
        <time>2026-09-17T08:39:05.000Z</time>
        <extensions>
          <ns3:TrackPointExtension>
            <ns3:hr>144</ns3:hr>
            <ns3:cad>82</ns3:cad>
          </ns3:TrackPointExtension>
        </extensions>
      </trkpt>
      <trkpt lat="37.5072960555553436279296875" lon="127.0574713312089443206787109375">
        <ele>47.40000152587890625</ele>
        <time>2026-09-17T08:39:06.000Z</time>
        <extensions>
          <ns3:TrackPointExtension>
            <ns3:hr>145</ns3:hr>
            <ns3:cad>83</ns3:cad>
          </ns3:TrackPointExtension>
        </extensions>
      </trkpt>
      <trkpt lat="37.50728373415768146514892578125" lon="127.05743654631078243255615234375">
        <ele>47.40000152587890625</ele>
        <time>2026-09-17T08:39:07.000Z</time>
        <extensions>
          <ns3:TrackPointExtension>
            <ns3:hr>145</ns3:hr>
            <ns3:cad>83</ns3:cad>
          </ns3:TrackPointExtension>
        </extensions>
      </trkpt>
      <trkpt lat="37.50727417878806591033935546875" lon="127.05740687437355518341064453125">
        <ele>47.200000762939453125</ele>
        <time>2026-09-17T08:39:08.000Z</time>
        <extensions>
          <ns3:TrackPointExtension>
            <ns3:hr>145</ns3:hr>
            <ns3:cad>83</ns3:cad>
          </ns3:TrackPointExtension>
        </extensions>
      </trkpt>
      <trkpt lat="37.50726361759006977081298828125" lon="127.0573680661618709564208984375">
        <ele>47</ele>
        <time>2026-09-17T08:39:09.000Z</time>
        <extensions>
          <ns3:TrackPointExtension>
            <ns3:hr>144</ns3:hr>
            <ns3:cad>82</ns3:cad>
          </ns3:TrackPointExtension>
        </extensions>
      </trkpt>
      <trkpt lat="37.5072566606104373931884765625" lon="127.057324983179569244384765625">
        <ele>47</ele>
        <time>2026-09-17T08:39:10.000Z</time>
        <extensions>
          <ns3:TrackPointExtension>
            <ns3:hr>145</ns3:hr>
            <ns3:cad>82</ns3:cad>
          </ns3:TrackPointExtension>
        </extensions>
      </trkpt>
      <trkpt lat="37.50724651850759983062744140625" lon="127.05729422159492969512939453125">
        <ele>47.200000762939453125</ele>
        <time>2026-09-17T08:39:11.000Z</time>
        <extensions>
          <ns3:TrackPointExtension>
            <ns3:hr>144</ns3:hr>
            <ns3:cad>82</ns3:cad>
          </ns3:TrackPointExtension>
        </extensions>
      </trkpt>
      <trkpt lat="37.50723109580576419830322265625" lon="127.05725130625069141387939453125">
        <ele>47.200000762939453125</ele>
        <time>2026-09-17T08:39:12.000Z</time>
        <extensions>
          <ns3:TrackPointExtension>
            <ns3:hr>144</ns3:hr>
            <ns3:cad>83</ns3:cad>
          </ns3:TrackPointExtension>
        </extensions>
      </trkpt>
      <trkpt lat="37.5072227977216243743896484375" lon="127.05721509642899036407470703125">
        <ele>47.200000762939453125</ele>
        <time>2026-09-17T08:39:13.000Z</time>
        <extensions>
          <ns3:TrackPointExtension>
            <ns3:hr>144</ns3:hr>
            <ns3:cad>84</ns3:cad>
          </ns3:TrackPointExtension>
        </extensions>
      </trkpt>
      <trkpt lat="37.50721014104783535003662109375" lon="127.05716480500996112823486328125">
        <ele>47.40000152587890625</ele>
        <time>2026-09-17T08:39:14.000Z</time>
        <extensions>
          <ns3:TrackPointExtension>
            <ns3:hr>142</ns3:hr>
            <ns3:cad>85</ns3:cad>
          </ns3:TrackPointExtension>
        </extensions>
      </trkpt>
      <trkpt lat="37.5072010047733783721923828125" lon="127.0571233145892620086669921875">
        <ele>47.40000152587890625</ele>
        <time>2026-09-17T08:39:15.000Z</time>
        <extensions>
          <ns3:TrackPointExtension>
            <ns3:hr>141</ns3:hr>
            <ns3:cad>85</ns3:cad>
          </ns3:TrackPointExtension>
        </extensions>
      </trkpt>
      <trkpt lat="37.5071899406611919403076171875" lon="127.05707008950412273406982421875">
        <ele>47.59999847412109375</ele>
        <time>2026-09-17T08:39:16.000Z</time>
        <extensions>
          <ns3:TrackPointExtension>
            <ns3:hr>141</ns3:hr>
            <ns3:cad>86</ns3:cad>
          </ns3:TrackPointExtension>
        </extensions>
      </trkpt>
      <trkpt lat="37.5071818940341472625732421875" lon="127.05702080391347408294677734375">
        <ele>47.59999847412109375</ele>
        <time>2026-09-17T08:39:17.000Z</time>
        <extensions>
          <ns3:TrackPointExtension>
            <ns3:hr>140</ns3:hr>
            <ns3:cad>86</ns3:cad>
          </ns3:TrackPointExtension>
        </extensions>
      </trkpt>
      <trkpt lat="37.50716856680810451507568359375" lon="127.05697269178926944732666015625">
        <ele>47.59999847412109375</ele>
        <time>2026-09-17T08:39:18.000Z</time>
        <extensions>
          <ns3:TrackPointExtension>
            <ns3:hr>141</ns3:hr>
            <ns3:cad>86</ns3:cad>
          </ns3:TrackPointExtension>
        </extensions>
      </trkpt>
      <trkpt lat="37.507158257067203521728515625" lon="127.05691971816122531890869140625">
        <ele>47.59999847412109375</ele>
        <time>2026-09-17T08:39:19.000Z</time>
        <extensions>
          <ns3:TrackPointExtension>
            <ns3:hr>141</ns3:hr>
            <ns3:cad>86</ns3:cad>
          </ns3:TrackPointExtension>
        </extensions>
      </trkpt>
      <trkpt lat="37.5071512162685394287109375" lon="127.05688401125371456146240234375">
        <ele>47.59999847412109375</ele>
        <time>2026-09-17T08:39:20.000Z</time>
        <extensions>
          <ns3:TrackPointExtension>
            <ns3:hr>141</ns3:hr>
            <ns3:cad>86</ns3:cad>
          </ns3:TrackPointExtension>
        </extensions>
      </trkpt>
      <trkpt lat="37.50713847577571868896484375" lon="127.05682802014052867889404296875">
        <ele>47.40000152587890625</ele>
        <time>2026-09-17T08:39:21.000Z</time>
        <extensions>
          <ns3:TrackPointExtension>
            <ns3:hr>142</ns3:hr>
            <ns3:cad>86</ns3:cad>
          </ns3:TrackPointExtension>
        </extensions>
      </trkpt>
      <trkpt lat="37.50713135115802288055419921875" lon="127.0567920617759227752685546875">
        <ele>47.40000152587890625</ele>
        <time>2026-09-17T08:39:22.000Z</time>
        <extensions>
          <ns3:TrackPointExtension>
            <ns3:hr>142</ns3:hr>
            <ns3:cad>87</ns3:cad>
          </ns3:TrackPointExtension>
        </extensions>
      </trkpt>
      <trkpt lat="37.50712908804416656494140625" lon="127.05674059689044952392578125">
        <ele>47.40000152587890625</ele>
        <time>2026-09-17T08:39:23.000Z</time>
        <extensions>
          <ns3:TrackPointExtension>
            <ns3:hr>142</ns3:hr>
            <ns3:cad>87</ns3:cad>
          </ns3:TrackPointExtension>
        </extensions>
      </trkpt>
      <trkpt lat="37.50711911357939243316650390625" lon="127.05669960938394069671630859375">
        <ele>47.40000152587890625</ele>
        <time>2026-09-17T08:39:24.000Z</time>
        <extensions>
          <ns3:TrackPointExtension>
            <ns3:hr>142</ns3:hr>
            <ns3:cad>87</ns3:cad>
          </ns3:TrackPointExtension>
        </extensions>
      </trkpt>
      <trkpt lat="37.50709782354533672332763671875" lon="127.05664495937526226043701171875">
        <ele>47.40000152587890625</ele>
        <time>2026-09-17T08:39:25.000Z</time>
        <extensions>
          <ns3:TrackPointExtension>
            <ns3:hr>142</ns3:hr>
            <ns3:cad>86</ns3:cad>
          </ns3:TrackPointExtension>
        </extensions>
      </trkpt>
      <trkpt lat="37.5070761144161224365234375" lon="127.05659852363169193267822265625">
        <ele>47.200000762939453125</ele>
        <time>2026-09-17T08:39:26.000Z</time>
        <extensions>
          <ns3:TrackPointExtension>
            <ns3:hr>141</ns3:hr>
            <ns3:cad>86</ns3:cad>
          </ns3:TrackPointExtension>
        </extensions>
      </trkpt>
      <trkpt lat="37.507052980363368988037109375" lon="127.05654119141399860382080078125">
        <ele>47</ele>
        <time>2026-09-17T08:39:27.000Z</time>
        <extensions>
          <ns3:TrackPointExtension>
            <ns3:hr>142</ns3:hr>
            <ns3:cad>86</ns3:cad>
          </ns3:TrackPointExtension>
        </extensions>
      </trkpt>
      <trkpt lat="37.5070343725383281707763671875" lon="127.05649157054722309112548828125">
        <ele>47</ele>
        <time>2026-09-17T08:39:28.000Z</time>
        <extensions>
          <ns3:TrackPointExtension>
            <ns3:hr>142</ns3:hr>
            <ns3:cad>86</ns3:cad>
          </ns3:TrackPointExtension>
        </extensions>
      </trkpt>
      <trkpt lat="37.50701551325619220733642578125" lon="127.05644287168979644775390625">
        <ele>47</ele>
        <time>2026-09-17T08:39:29.000Z</time>
        <extensions>
          <ns3:TrackPointExtension>
            <ns3:hr>143</ns3:hr>
            <ns3:cad>88</ns3:cad>
          </ns3:TrackPointExtension>
        </extensions>
      </trkpt>
      <trkpt lat="37.50700880773365497589111328125" lon="127.05638679675757884979248046875">
        <ele>47.200000762939453125</ele>
        <time>2026-09-17T08:39:30.000Z</time>
        <extensions>
          <ns3:TrackPointExtension>
            <ns3:hr>143</ns3:hr>
            <ns3:cad>88</ns3:cad>
          </ns3:TrackPointExtension>
        </extensions>
      </trkpt>
      <trkpt lat="37.50701048411428928375244140625" lon="127.0563344098627567291259765625">
        <ele>47.200000762939453125</ele>
        <time>2026-09-17T08:39:31.000Z</time>
        <extensions>
          <ns3:TrackPointExtension>
            <ns3:hr>144</ns3:hr>
            <ns3:cad>89</ns3:cad>
          </ns3:TrackPointExtension>
        </extensions>
      </trkpt>
      <trkpt lat="37.50701618380844593048095703125" lon="127.05629266798496246337890625">
        <ele>47.200000762939453125</ele>
        <time>2026-09-17T08:39:32.000Z</time>
        <extensions>
          <ns3:TrackPointExtension>
            <ns3:hr>144</ns3:hr>
            <ns3:cad>89</ns3:cad>
          </ns3:TrackPointExtension>
        </extensions>
      </trkpt>
      <trkpt lat="37.5070313550531864166259765625" lon="127.0562609843909740447998046875">
        <ele>47.200000762939453125</ele>
        <time>2026-09-17T08:39:33.000Z</time>
        <extensions>
          <ns3:TrackPointExtension>
            <ns3:hr>145</ns3:hr>
            <ns3:cad>89</ns3:cad>
          </ns3:TrackPointExtension>
        </extensions>
      </trkpt>
      <trkpt lat="37.50705574639141559600830078125" lon="127.05622703768312931060791015625">
        <ele>47.200000762939453125</ele>
        <time>2026-09-17T08:39:34.000Z</time>
        <extensions>
          <ns3:TrackPointExtension>
            <ns3:hr>146</ns3:hr>
            <ns3:cad>83</ns3:cad>
          </ns3:TrackPointExtension>
        </extensions>
      </trkpt>
      <trkpt lat="37.50708960928022861480712890625" lon="127.05620256252586841583251953125">
        <ele>47.200000762939453125</ele>
        <time>2026-09-17T08:39:35.000Z</time>
        <extensions>
          <ns3:TrackPointExtension>
            <ns3:hr>146</ns3:hr>
            <ns3:cad>83</ns3:cad>
          </ns3:TrackPointExtension>
        </extensions>
      </trkpt>
      <trkpt lat="37.5071128271520137786865234375" lon="127.0561798475682735443115234375">
        <ele>47.40000152587890625</ele>
        <time>2026-09-17T08:39:36.000Z</time>
        <extensions>
          <ns3:TrackPointExtension>
            <ns3:hr>146</ns3:hr>
            <ns3:cad>83</ns3:cad>
          </ns3:TrackPointExtension>
        </extensions>
      </trkpt>
      <trkpt lat="37.50713671557605266571044921875" lon="127.05614673905074596405029296875">
        <ele>47.59999847412109375</ele>
        <time>2026-09-17T08:39:37.000Z</time>
        <extensions>
          <ns3:TrackPointExtension>
            <ns3:hr>146</ns3:hr>
            <ns3:cad>83</ns3:cad>
          </ns3:TrackPointExtension>
        </extensions>
      </trkpt>
      <trkpt lat="37.50716521404683589935302734375" lon="127.05611991696059703826904296875">
        <ele>47.799999237060546875</ele>
        <time>2026-09-17T08:39:38.000Z</time>
        <extensions>
          <ns3:TrackPointExtension>
            <ns3:hr>146</ns3:hr>
            <ns3:cad>83</ns3:cad>
          </ns3:TrackPointExtension>
        </extensions>
      </trkpt>
      <trkpt lat="37.50718700699508190155029296875" lon="127.0561015605926513671875">
        <ele>47.799999237060546875</ele>
        <time>2026-09-17T08:39:39.000Z</time>
        <extensions>
          <ns3:TrackPointExtension>
            <ns3:hr>146</ns3:hr>
            <ns3:cad>83</ns3:cad>
          </ns3:TrackPointExtension>
        </extensions>
      </trkpt>
      <trkpt lat="37.50721299089491367340087890625" lon="127.0560826174914836883544921875">
        <ele>47.799999237060546875</ele>
        <time>2026-09-17T08:39:40.000Z</time>
        <extensions>
          <ns3:TrackPointExtension>
            <ns3:hr>146</ns3:hr>
            <ns3:cad>83</ns3:cad>
          </ns3:TrackPointExtension>
        </extensions>
      </trkpt>
      <trkpt lat="37.5072362087666988372802734375" lon="127.05607230775058269500732421875">
        <ele>47.799999237060546875</ele>
        <time>2026-09-17T08:39:41.000Z</time>
        <extensions>
          <ns3:TrackPointExtension>
            <ns3:hr>146</ns3:hr>
            <ns3:cad>83</ns3:cad>
          </ns3:TrackPointExtension>
        </extensions>
      </trkpt>
      <trkpt lat="37.5072694011032581329345703125" lon="127.05605470575392246246337890625">
        <ele>47.799999237060546875</ele>
        <time>2026-09-17T08:39:42.000Z</time>
        <extensions>
          <ns3:TrackPointExtension>
            <ns3:hr>146</ns3:hr>
            <ns3:cad>83</ns3:cad>
          </ns3:TrackPointExtension>
        </extensions>
      </trkpt>
      <trkpt lat="37.5072978995740413665771484375" lon="127.05603710375726222991943359375">
        <ele>47.799999237060546875</ele>
        <time>2026-09-17T08:39:43.000Z</time>
        <extensions>
          <ns3:TrackPointExtension>
            <ns3:hr>146</ns3:hr>
            <ns3:cad>83</ns3:cad>
          </ns3:TrackPointExtension>
        </extensions>
      </trkpt>
      <trkpt lat="37.50732480548322200775146484375" lon="127.05601883120834827423095703125">
        <ele>47.799999237060546875</ele>
        <time>2026-09-17T08:39:44.000Z</time>
        <extensions>
          <ns3:TrackPointExtension>
            <ns3:hr>146</ns3:hr>
            <ns3:cad>83</ns3:cad>
          </ns3:TrackPointExtension>
        </extensions>
      </trkpt>
      <trkpt lat="37.5073604285717010498046875" lon="127.05600139684975147247314453125">
        <ele>47.799999237060546875</ele>
        <time>2026-09-17T08:39:45.000Z</time>
        <extensions>
          <ns3:TrackPointExtension>
            <ns3:hr>146</ns3:hr>
            <ns3:cad>83</ns3:cad>
          </ns3:TrackPointExtension>
        </extensions>
      </trkpt>
      <trkpt lat="37.5073854066431522369384765625" lon="127.05598597414791584014892578125">
        <ele>47.799999237060546875</ele>
        <time>2026-09-17T08:39:46.000Z</time>
        <extensions>
          <ns3:TrackPointExtension>
            <ns3:hr>146</ns3:hr>
            <ns3:cad>83</ns3:cad>
          </ns3:TrackPointExtension>
        </extensions>
      </trkpt>
      <trkpt lat="37.5074172578752040863037109375" lon="127.05596116371452808380126953125">
        <ele>47.799999237060546875</ele>
        <time>2026-09-17T08:39:47.000Z</time>
        <extensions>
          <ns3:TrackPointExtension>
            <ns3:hr>145</ns3:hr>
            <ns3:cad>83</ns3:cad>
          </ns3:TrackPointExtension>
        </extensions>
      </trkpt>
      <trkpt lat="37.5074487738311290740966796875" lon="127.05594238825142383575439453125">
        <ele>47.799999237060546875</ele>
        <time>2026-09-17T08:39:48.000Z</time>
        <extensions>
          <ns3:TrackPointExtension>
            <ns3:hr>144</ns3:hr>
            <ns3:cad>83</ns3:cad>
          </ns3:TrackPointExtension>
        </extensions>
      </trkpt>
      <trkpt lat="37.507465369999408721923828125" lon="127.0559231936931610107421875">
        <ele>47.799999237060546875</ele>
        <time>2026-09-17T08:39:49.000Z</time>
        <extensions>
          <ns3:TrackPointExtension>
            <ns3:hr>144</ns3:hr>
            <ns3:cad>83</ns3:cad>
          </ns3:TrackPointExtension>
        </extensions>
      </trkpt>
      <trkpt lat="37.50749780796468257904052734375" lon="127.05590852536261081695556640625">
        <ele>47.799999237060546875</ele>
        <time>2026-09-17T08:39:50.000Z</time>
        <extensions>
          <ns3:TrackPointExtension>
            <ns3:hr>144</ns3:hr>
            <ns3:cad>82</ns3:cad>
          </ns3:TrackPointExtension>
        </extensions>
      </trkpt>
      <trkpt lat="37.5075232051312923431396484375" lon="127.05590265803039073944091796875">
        <ele>47.799999237060546875</ele>
        <time>2026-09-17T08:39:51.000Z</time>
        <extensions>
          <ns3:TrackPointExtension>
            <ns3:hr>144</ns3:hr>
            <ns3:cad>82</ns3:cad>
          </ns3:TrackPointExtension>
        </extensions>
      </trkpt>
      <trkpt lat="37.50754893757402896881103515625" lon="127.0558918453752994537353515625">
        <ele>47.799999237060546875</ele>
        <time>2026-09-17T08:39:52.000Z</time>
        <extensions>
          <ns3:TrackPointExtension>
            <ns3:hr>144</ns3:hr>
            <ns3:cad>82</ns3:cad>
          </ns3:TrackPointExtension>
        </extensions>
      </trkpt>
      <trkpt lat="37.5075734965503215789794921875" lon="127.05587550066411495208740234375">
        <ele>47.799999237060546875</ele>
        <time>2026-09-17T08:39:53.000Z</time>
        <extensions>
          <ns3:TrackPointExtension>
            <ns3:hr>144</ns3:hr>
            <ns3:cad>83</ns3:cad>
          </ns3:TrackPointExtension>
        </extensions>
      </trkpt>
      <trkpt lat="37.507592104375362396240234375" lon="127.05586695112287998199462890625">
        <ele>47.799999237060546875</ele>
        <time>2026-09-17T08:39:54.000Z</time>
        <extensions>
          <ns3:TrackPointExtension>
            <ns3:hr>144</ns3:hr>
            <ns3:cad>83</ns3:cad>
          </ns3:TrackPointExtension>
        </extensions>
      </trkpt>
      <trkpt lat="37.50763057731091976165771484375" lon="127.05585991032421588897705078125">
        <ele>47.799999237060546875</ele>
        <time>2026-09-17T08:39:55.000Z</time>
        <extensions>
          <ns3:TrackPointExtension>
            <ns3:hr>144</ns3:hr>
            <ns3:cad>83</ns3:cad>
          </ns3:TrackPointExtension>
        </extensions>
      </trkpt>
      <trkpt lat="37.50765840522944927215576171875" lon="127.05584264360368251800537109375">
        <ele>47.799999237060546875</ele>
        <time>2026-09-17T08:39:56.000Z</time>
        <extensions>
          <ns3:TrackPointExtension>
            <ns3:hr>144</ns3:hr>
            <ns3:cad>82</ns3:cad>
          </ns3:TrackPointExtension>
        </extensions>
      </trkpt>
      <trkpt lat="37.5076770968735218048095703125" lon="127.0558177493512630462646484375">
        <ele>47.799999237060546875</ele>
        <time>2026-09-17T08:39:57.000Z</time>
        <extensions>
          <ns3:TrackPointExtension>
            <ns3:hr>144</ns3:hr>
            <ns3:cad>82</ns3:cad>
          </ns3:TrackPointExtension>
        </extensions>
      </trkpt>
      <trkpt lat="37.5077092833817005157470703125" lon="127.05580458976328372955322265625">
        <ele>47.799999237060546875</ele>
        <time>2026-09-17T08:39:58.000Z</time>
        <extensions>
          <ns3:TrackPointExtension>
            <ns3:hr>144</ns3:hr>
            <ns3:cad>82</ns3:cad>
          </ns3:TrackPointExtension>
        </extensions>
      </trkpt>
      <trkpt lat="37.50773266889154911041259765625" lon="127.05579243600368499755859375">
        <ele>48</ele>
        <time>2026-09-17T08:39:59.000Z</time>
        <extensions>
          <ns3:TrackPointExtension>
            <ns3:hr>144</ns3:hr>
            <ns3:cad>83</ns3:cad>
          </ns3:TrackPointExtension>
        </extensions>
      </trkpt>
      <trkpt lat="37.5077686272561550140380859375" lon="127.05577726475894451141357421875">
        <ele>47.799999237060546875</ele>
        <time>2026-09-17T08:40:00.000Z</time>
        <extensions>
          <ns3:TrackPointExtension>
            <ns3:hr>144</ns3:hr>
            <ns3:cad>84</ns3:cad>
          </ns3:TrackPointExtension>
        </extensions>
      </trkpt>
      <trkpt lat="37.50779720954596996307373046875" lon="127.0557791925966739654541015625">
        <ele>48</ele>
        <time>2026-09-17T08:40:01.000Z</time>
        <extensions>
          <ns3:TrackPointExtension>
            <ns3:hr>145</ns3:hr>
            <ns3:cad>84</ns3:cad>
          </ns3:TrackPointExtension>
        </extensions>
      </trkpt>
      <trkpt lat="37.50782386399805545806884765625" lon="127.05577072687447071075439453125">
        <ele>47.799999237060546875</ele>
        <time>2026-09-17T08:40:02.000Z</time>
        <extensions>
          <ns3:TrackPointExtension>
            <ns3:hr>144</ns3:hr>
            <ns3:cad>84</ns3:cad>
          </ns3:TrackPointExtension>
        </extensions>
      </trkpt>
      <trkpt lat="37.5078601576387882232666015625" lon="127.05576200969517230987548828125">
        <ele>47.799999237060546875</ele>
        <time>2026-09-17T08:40:03.000Z</time>
        <extensions>
          <ns3:TrackPointExtension>
            <ns3:hr>144</ns3:hr>
            <ns3:cad>84</ns3:cad>
          </ns3:TrackPointExtension>
        </extensions>
      </trkpt>
      <trkpt lat="37.50788035802543163299560546875" lon="127.0557563938200473785400390625">
        <ele>47.799999237060546875</ele>
        <time>2026-09-17T08:40:04.000Z</time>
        <extensions>
          <ns3:TrackPointExtension>
            <ns3:hr>144</ns3:hr>
            <ns3:cad>84</ns3:cad>
          </ns3:TrackPointExtension>
        </extensions>
      </trkpt>
      <trkpt lat="37.50791086815297603607177734375" lon="127.05573921091854572296142578125">
        <ele>47.799999237060546875</ele>
        <time>2026-09-17T08:40:05.000Z</time>
        <extensions>
          <ns3:TrackPointExtension>
            <ns3:hr>144</ns3:hr>
            <ns3:cad>83</ns3:cad>
          </ns3:TrackPointExtension>
        </extensions>
      </trkpt>
      <trkpt lat="37.5079357624053955078125" lon="127.055725045502185821533203125">
        <ele>47.799999237060546875</ele>
        <time>2026-09-17T08:40:06.000Z</time>
        <extensions>
          <ns3:TrackPointExtension>
            <ns3:hr>144</ns3:hr>
            <ns3:cad>83</ns3:cad>
          </ns3:TrackPointExtension>
        </extensions>
      </trkpt>
      <trkpt lat="37.5079567171633243560791015625" lon="127.05572043545544147491455078125">
        <ele>47.799999237060546875</ele>
        <time>2026-09-17T08:40:07.000Z</time>
        <extensions>
          <ns3:TrackPointExtension>
            <ns3:hr>144</ns3:hr>
            <ns3:cad>83</ns3:cad>
          </ns3:TrackPointExtension>
        </extensions>
      </trkpt>
      <trkpt lat="37.50799099914729595184326171875" lon="127.0557191781699657440185546875">
        <ele>47.799999237060546875</ele>
        <time>2026-09-17T08:40:08.000Z</time>
        <extensions>
          <ns3:TrackPointExtension>
            <ns3:hr>144</ns3:hr>
            <ns3:cad>83</ns3:cad>
          </ns3:TrackPointExtension>
        </extensions>
      </trkpt>
      <trkpt lat="37.508017905056476593017578125" lon="127.05571733415126800537109375">
        <ele>47.799999237060546875</ele>
        <time>2026-09-17T08:40:09.000Z</time>
        <extensions>
          <ns3:TrackPointExtension>
            <ns3:hr>144</ns3:hr>
            <ns3:cad>83</ns3:cad>
          </ns3:TrackPointExtension>
        </extensions>
      </trkpt>
      <trkpt lat="37.5080482475459575653076171875" lon="127.05570928752422332763671875">
        <ele>47.799999237060546875</ele>
        <time>2026-09-17T08:40:10.000Z</time>
        <extensions>
          <ns3:TrackPointExtension>
            <ns3:hr>143</ns3:hr>
            <ns3:cad>83</ns3:cad>
          </ns3:TrackPointExtension>
        </extensions>
      </trkpt>
      <trkpt lat="37.50807934440672397613525390625" lon="127.05569989979267120361328125">
        <ele>48</ele>
        <time>2026-09-17T08:40:11.000Z</time>
        <extensions>
          <ns3:TrackPointExtension>
            <ns3:hr>143</ns3:hr>
            <ns3:cad>83</ns3:cad>
          </ns3:TrackPointExtension>
        </extensions>
      </trkpt>
      <trkpt lat="37.508101724088191986083984375" lon="127.0556977204978466033935546875">
        <ele>48</ele>
        <time>2026-09-17T08:40:12.000Z</time>
        <extensions>
          <ns3:TrackPointExtension>
            <ns3:hr>143</ns3:hr>
            <ns3:cad>83</ns3:cad>
          </ns3:TrackPointExtension>
        </extensions>
      </trkpt>
      <trkpt lat="37.50813935883343219757080078125" lon="127.05568908713757991790771484375">
        <ele>48</ele>
        <time>2026-09-17T08:40:13.000Z</time>
        <extensions>
          <ns3:TrackPointExtension>
            <ns3:hr>143</ns3:hr>
            <ns3:cad>83</ns3:cad>
          </ns3:TrackPointExtension>
        </extensions>
      </trkpt>
      <trkpt lat="37.5081672705709934234619140625" lon="127.05567777156829833984375">
        <ele>48</ele>
        <time>2026-09-17T08:40:14.000Z</time>
        <extensions>
          <ns3:TrackPointExtension>
            <ns3:hr>143</ns3:hr>
            <ns3:cad>83</ns3:cad>
          </ns3:TrackPointExtension>
        </extensions>
      </trkpt>
      <trkpt lat="37.508206665515899658203125" lon="127.05566058866679668426513671875">
        <ele>48</ele>
        <time>2026-09-17T08:40:15.000Z</time>
        <extensions>
          <ns3:TrackPointExtension>
            <ns3:hr>143</ns3:hr>
            <ns3:cad>83</ns3:cad>
          </ns3:TrackPointExtension>
        </extensions>
      </trkpt>
      <trkpt lat="37.50823491252958774566650390625" lon="127.05565488897264003753662109375">
        <ele>48</ele>
        <time>2026-09-17T08:40:16.000Z</time>
        <extensions>
          <ns3:TrackPointExtension>
            <ns3:hr>142</ns3:hr>
            <ns3:cad>83</ns3:cad>
          </ns3:TrackPointExtension>
        </extensions>
      </trkpt>
      <trkpt lat="37.5082561187446117401123046875" lon="127.0556467585265636444091796875">
        <ele>48.200000762939453125</ele>
        <time>2026-09-17T08:40:17.000Z</time>
        <extensions>
          <ns3:TrackPointExtension>
            <ns3:hr>143</ns3:hr>
            <ns3:cad>83</ns3:cad>
          </ns3:TrackPointExtension>
        </extensions>
      </trkpt>
      <trkpt lat="37.5082909874618053436279296875" lon="127.055634520947933197021484375">
        <ele>48.200000762939453125</ele>
        <time>2026-09-17T08:40:18.000Z</time>
        <extensions>
          <ns3:TrackPointExtension>
            <ns3:hr>143</ns3:hr>
            <ns3:cad>83</ns3:cad>
          </ns3:TrackPointExtension>
        </extensions>
      </trkpt>
      <trkpt lat="37.5083144567906856536865234375" lon="127.0556216128170490264892578125">
        <ele>48.200000762939453125</ele>
        <time>2026-09-17T08:40:19.000Z</time>
        <extensions>
          <ns3:TrackPointExtension>
            <ns3:hr>143</ns3:hr>
            <ns3:cad>83</ns3:cad>
          </ns3:TrackPointExtension>
        </extensions>
      </trkpt>
      <trkpt lat="37.50832292251288890838623046875" lon="127.05560040660202503204345703125">
        <ele>48.200000762939453125</ele>
        <time>2026-09-17T08:40:20.000Z</time>
        <extensions>
          <ns3:TrackPointExtension>
            <ns3:hr>143</ns3:hr>
            <ns3:cad>83</ns3:cad>
          </ns3:TrackPointExtension>
        </extensions>
      </trkpt>
      <trkpt lat="37.5083261914551258087158203125" lon="127.05557241104543209075927734375">
        <ele>48.200000762939453125</ele>
        <time>2026-09-17T08:40:21.000Z</time>
        <extensions>
          <ns3:TrackPointExtension>
            <ns3:hr>143</ns3:hr>
            <ns3:cad>82</ns3:cad>
          </ns3:TrackPointExtension>
        </extensions>
      </trkpt>
      <trkpt lat="37.50831722281873226165771484375" lon="127.05555380322039127349853515625">
        <ele>48.200000762939453125</ele>
        <time>2026-09-17T08:40:22.000Z</time>
        <extensions>
          <ns3:TrackPointExtension>
            <ns3:hr>143</ns3:hr>
            <ns3:cad>82</ns3:cad>
          </ns3:TrackPointExtension>
        </extensions>
      </trkpt>
      <trkpt lat="37.50830565579235553741455078125" lon="127.055522538721561431884765625">
        <ele>48.200000762939453125</ele>
        <time>2026-09-17T08:40:23.000Z</time>
        <extensions>
          <ns3:TrackPointExtension>
            <ns3:hr>143</ns3:hr>
            <ns3:cad>82</ns3:cad>
          </ns3:TrackPointExtension>
        </extensions>
      </trkpt>
      <trkpt lat="37.50829425640404224395751953125" lon="127.0554861612617969512939453125">
        <ele>48.40000152587890625</ele>
        <time>2026-09-17T08:40:24.000Z</time>
        <extensions>
          <ns3:TrackPointExtension>
            <ns3:hr>142</ns3:hr>
            <ns3:cad>82</ns3:cad>
          </ns3:TrackPointExtension>
        </extensions>
      </trkpt>
      <trkpt lat="37.50828738324344158172607421875" lon="127.0554630272090435028076171875">
        <ele>48.40000152587890625</ele>
        <time>2026-09-17T08:40:25.000Z</time>
        <extensions>
          <ns3:TrackPointExtension>
            <ns3:hr>142</ns3:hr>
            <ns3:cad>83</ns3:cad>
          </ns3:TrackPointExtension>
        </extensions>
      </trkpt>
      <trkpt lat="37.508272044360637664794921875" lon="127.05542287789285182952880859375">
        <ele>48.40000152587890625</ele>
        <time>2026-09-17T08:40:26.000Z</time>
        <extensions>
          <ns3:TrackPointExtension>
            <ns3:hr>142</ns3:hr>
            <ns3:cad>83</ns3:cad>
          </ns3:TrackPointExtension>
        </extensions>
      </trkpt>
      <trkpt lat="37.50826156698167324066162109375" lon="127.05539136193692684173583984375">
        <ele>48.40000152587890625</ele>
        <time>2026-09-17T08:40:27.000Z</time>
        <extensions>
          <ns3:TrackPointExtension>
            <ns3:hr>142</ns3:hr>
            <ns3:cad>83</ns3:cad>
          </ns3:TrackPointExtension>
        </extensions>
      </trkpt>
      <trkpt lat="37.50825100578367710113525390625" lon="127.05536328256130218505859375">
        <ele>48.200000762939453125</ele>
        <time>2026-09-17T08:40:28.000Z</time>
        <extensions>
          <ns3:TrackPointExtension>
            <ns3:hr>142</ns3:hr>
            <ns3:cad>83</ns3:cad>
          </ns3:TrackPointExtension>
        </extensions>
      </trkpt>
      <trkpt lat="37.50823357142508029937744140625" lon="127.05533000640571117401123046875">
        <ele>48.200000762939453125</ele>
        <time>2026-09-17T08:40:29.000Z</time>
        <extensions>
          <ns3:TrackPointExtension>
            <ns3:hr>142</ns3:hr>
            <ns3:cad>83</ns3:cad>
          </ns3:TrackPointExtension>
        </extensions>
      </trkpt>
      <trkpt lat="37.5082182325422763824462890625" lon="127.0553024299442768096923828125">
        <ele>48.40000152587890625</ele>
        <time>2026-09-17T08:40:30.000Z</time>
        <extensions>
          <ns3:TrackPointExtension>
            <ns3:hr>142</ns3:hr>
            <ns3:cad>83</ns3:cad>
          </ns3:TrackPointExtension>
        </extensions>
      </trkpt>
      <trkpt lat="37.50820071436464786529541015625" lon="127.055260352790355682373046875">
        <ele>48.40000152587890625</ele>
        <time>2026-09-17T08:40:31.000Z</time>
        <extensions>
          <ns3:TrackPointExtension>
            <ns3:hr>141</ns3:hr>
            <ns3:cad>83</ns3:cad>
          </ns3:TrackPointExtension>
        </extensions>
      </trkpt>
      <trkpt lat="37.5081857107579708099365234375" lon="127.0552360452711582183837890625">
        <ele>48.40000152587890625</ele>
        <time>2026-09-17T08:40:32.000Z</time>
        <extensions>
          <ns3:TrackPointExtension>
            <ns3:hr>141</ns3:hr>
            <ns3:cad>83</ns3:cad>
          </ns3:TrackPointExtension>
        </extensions>
      </trkpt>
      <trkpt lat="37.50816039741039276123046875" lon="127.055206038057804107666015625">
        <ele>48.40000152587890625</ele>
        <time>2026-09-17T08:40:33.000Z</time>
        <extensions>
          <ns3:TrackPointExtension>
            <ns3:hr>140</ns3:hr>
            <ns3:cad>84</ns3:cad>
          </ns3:TrackPointExtension>
        </extensions>
      </trkpt>
      <trkpt lat="37.50814053229987621307373046875" lon="127.05517929978668689727783203125">
        <ele>48.40000152587890625</ele>
        <time>2026-09-17T08:40:34.000Z</time>
        <extensions>
          <ns3:TrackPointExtension>
            <ns3:hr>140</ns3:hr>
            <ns3:cad>84</ns3:cad>
          </ns3:TrackPointExtension>
        </extensions>
      </trkpt>
      <trkpt lat="37.508119828999042510986328125" lon="127.05516320653259754180908203125">
        <ele>48.40000152587890625</ele>
        <time>2026-09-17T08:40:35.000Z</time>
        <extensions>
          <ns3:TrackPointExtension>
            <ns3:hr>140</ns3:hr>
            <ns3:cad>84</ns3:cad>
          </ns3:TrackPointExtension>
        </extensions>
      </trkpt>
      <trkpt lat="37.5081007182598114013671875" lon="127.05512951128184795379638671875">
        <ele>48.200000762939453125</ele>
        <time>2026-09-17T08:40:36.000Z</time>
        <extensions>
          <ns3:TrackPointExtension>
            <ns3:hr>140</ns3:hr>
            <ns3:cad>83</ns3:cad>
          </ns3:TrackPointExtension>
        </extensions>
      </trkpt>
      <trkpt lat="37.50808504410088062286376953125" lon="127.055097408592700958251953125">
        <ele>48</ele>
        <time>2026-09-17T08:40:37.000Z</time>
        <extensions>
          <ns3:TrackPointExtension>
            <ns3:hr>139</ns3:hr>
            <ns3:cad>83</ns3:cad>
          </ns3:TrackPointExtension>
        </extensions>
      </trkpt>
      <trkpt lat="37.50807196833193302154541015625" lon="127.05506664700806140899658203125">
        <ele>48</ele>
        <time>2026-09-17T08:40:38.000Z</time>
        <extensions>
          <ns3:TrackPointExtension>
            <ns3:hr>139</ns3:hr>
            <ns3:cad>83</ns3:cad>
          </ns3:TrackPointExtension>
        </extensions>
      </trkpt>
      <trkpt lat="37.508054785430431365966796875" lon="127.05502440221607685089111328125">
        <ele>48</ele>
        <time>2026-09-17T08:40:39.000Z</time>
        <extensions>
          <ns3:TrackPointExtension>
            <ns3:hr>138</ns3:hr>
            <ns3:cad>83</ns3:cad>
          </ns3:TrackPointExtension>
        </extensions>
      </trkpt>
      <trkpt lat="37.50803659670054912567138671875" lon="127.05500118434429168701171875">
        <ele>47.799999237060546875</ele>
        <time>2026-09-17T08:40:40.000Z</time>
        <extensions>
          <ns3:TrackPointExtension>
            <ns3:hr>138</ns3:hr>
            <ns3:cad>83</ns3:cad>
          </ns3:TrackPointExtension>
        </extensions>
      </trkpt>
      <trkpt lat="37.5080122053623199462890625" lon="127.05497478134930133819580078125">
        <ele>48</ele>
        <time>2026-09-17T08:40:41.000Z</time>
        <extensions>
          <ns3:TrackPointExtension>
            <ns3:hr>137</ns3:hr>
            <ns3:cad>83</ns3:cad>
          </ns3:TrackPointExtension>
        </extensions>
      </trkpt>
      <trkpt lat="37.50799016095697879791259765625" lon="127.054946534335613250732421875">
        <ele>48.200000762939453125</ele>
        <time>2026-09-17T08:40:42.000Z</time>
        <extensions>
          <ns3:TrackPointExtension>
            <ns3:hr>136</ns3:hr>
            <ns3:cad>82</ns3:cad>
          </ns3:TrackPointExtension>
        </extensions>
      </trkpt>
      <trkpt lat="37.507974989712238311767578125" lon="127.05492633394896984100341796875">
        <ele>48.200000762939453125</ele>
        <time>2026-09-17T08:40:43.000Z</time>
        <extensions>
          <ns3:TrackPointExtension>
            <ns3:hr>136</ns3:hr>
            <ns3:cad>82</ns3:cad>
          </ns3:TrackPointExtension>
        </extensions>
      </trkpt>
      <trkpt lat="37.5079553760588169097900390625" lon="127.05489196814596652984619140625">
        <ele>48.200000762939453125</ele>
        <time>2026-09-17T08:40:44.000Z</time>
        <extensions>
          <ns3:TrackPointExtension>
            <ns3:hr>136</ns3:hr>
            <ns3:cad>82</ns3:cad>
          </ns3:TrackPointExtension>
        </extensions>
      </trkpt>
      <trkpt lat="37.50793718732893466949462890625" lon="127.05486648716032505035400390625">
        <ele>48.200000762939453125</ele>
        <time>2026-09-17T08:40:45.000Z</time>
        <extensions>
          <ns3:TrackPointExtension>
            <ns3:hr>136</ns3:hr>
            <ns3:cad>83</ns3:cad>
          </ns3:TrackPointExtension>
        </extensions>
      </trkpt>
      <trkpt lat="37.50791623257100582122802734375" lon="127.054836563766002655029296875">
        <ele>48</ele>
        <time>2026-09-17T08:40:46.000Z</time>
        <extensions>
          <ns3:TrackPointExtension>
            <ns3:hr>136</ns3:hr>
            <ns3:cad>83</ns3:cad>
          </ns3:TrackPointExtension>
        </extensions>
      </trkpt>
      <trkpt lat="37.507899217307567596435546875" lon="127.05479800701141357421875">
        <ele>48</ele>
        <time>2026-09-17T08:40:47.000Z</time>
        <extensions>
          <ns3:TrackPointExtension>
            <ns3:hr>137</ns3:hr>
            <ns3:cad>83</ns3:cad>
          </ns3:TrackPointExtension>
        </extensions>
      </trkpt>
      <trkpt lat="37.50788387842476367950439453125" lon="127.05477344803512096405029296875">
        <ele>48</ele>
        <time>2026-09-17T08:40:48.000Z</time>
        <extensions>
          <ns3:TrackPointExtension>
            <ns3:hr>136</ns3:hr>
            <ns3:cad>83</ns3:cad>
          </ns3:TrackPointExtension>
        </extensions>
      </trkpt>
      <trkpt lat="37.5078675337135791778564453125" lon="127.0547349750995635986328125">
        <ele>48</ele>
        <time>2026-09-17T08:40:49.000Z</time>
        <extensions>
          <ns3:TrackPointExtension>
            <ns3:hr>136</ns3:hr>
            <ns3:cad>83</ns3:cad>
          </ns3:TrackPointExtension>
        </extensions>
      </trkpt>
      <trkpt lat="37.5078521110117435455322265625" lon="127.054709829390048980712890625">
        <ele>48</ele>
        <time>2026-09-17T08:40:50.000Z</time>
        <extensions>
          <ns3:TrackPointExtension>
            <ns3:hr>137</ns3:hr>
            <ns3:cad>83</ns3:cad>
          </ns3:TrackPointExtension>
        </extensions>
      </trkpt>
      <trkpt lat="37.50783677212893962860107421875" lon="127.05468443222343921661376953125">
        <ele>48</ele>
        <time>2026-09-17T08:40:51.000Z</time>
        <extensions>
          <ns3:TrackPointExtension>
            <ns3:hr>136</ns3:hr>
            <ns3:cad>83</ns3:cad>
          </ns3:TrackPointExtension>
        </extensions>
      </trkpt>
      <trkpt lat="37.507819421589374542236328125" lon="127.0546543411910533905029296875">
        <ele>48.200000762939453125</ele>
        <time>2026-09-17T08:40:52.000Z</time>
        <extensions>
          <ns3:TrackPointExtension>
            <ns3:hr>136</ns3:hr>
            <ns3:cad>83</ns3:cad>
          </ns3:TrackPointExtension>
        </extensions>
      </trkpt>
      <trkpt lat="37.507804669439792633056640625" lon="127.0546295307576656341552734375">
        <ele>48.200000762939453125</ele>
        <time>2026-09-17T08:40:53.000Z</time>
        <extensions>
          <ns3:TrackPointExtension>
            <ns3:hr>137</ns3:hr>
            <ns3:cad>83</ns3:cad>
          </ns3:TrackPointExtension>
        </extensions>
      </trkpt>
      <trkpt lat="37.50779016874730587005615234375" lon="127.05459273420274257659912109375">
        <ele>48</ele>
        <time>2026-09-17T08:40:54.000Z</time>
        <extensions>
          <ns3:TrackPointExtension>
            <ns3:hr>137</ns3:hr>
            <ns3:cad>83</ns3:cad>
          </ns3:TrackPointExtension>
        </extensions>
      </trkpt>
      <trkpt lat="37.5077780149877071380615234375" lon="127.0545633137226104736328125">
        <ele>48</ele>
        <time>2026-09-17T08:40:55.000Z</time>
        <extensions>
          <ns3:TrackPointExtension>
            <ns3:hr>137</ns3:hr>
            <ns3:cad>84</ns3:cad>
          </ns3:TrackPointExtension>
        </extensions>
      </trkpt>
      <trkpt lat="37.5077676214277744293212890625" lon="127.05453573726117610931396484375">
        <ele>48</ele>
        <time>2026-09-17T08:40:56.000Z</time>
        <extensions>
          <ns3:TrackPointExtension>
            <ns3:hr>136</ns3:hr>
            <ns3:cad>84</ns3:cad>
          </ns3:TrackPointExtension>
        </extensions>
      </trkpt>
      <trkpt lat="37.50776200555264949798583984375" lon="127.05449198372662067413330078125">
        <ele>48</ele>
        <time>2026-09-17T08:40:57.000Z</time>
        <extensions>
          <ns3:TrackPointExtension>
            <ns3:hr>137</ns3:hr>
            <ns3:cad>84</ns3:cad>
          </ns3:TrackPointExtension>
        </extensions>
      </trkpt>
      <trkpt lat="37.50775194726884365081787109375" lon="127.05445879139006137847900390625">
        <ele>47.799999237060546875</ele>
        <time>2026-09-17T08:40:58.000Z</time>
        <extensions>
          <ns3:TrackPointExtension>
            <ns3:hr>137</ns3:hr>
            <ns3:cad>84</ns3:cad>
          </ns3:TrackPointExtension>
        </extensions>
      </trkpt>
      <trkpt lat="37.50773903913795948028564453125" lon="127.05441336147487163543701171875">
        <ele>47.799999237060546875</ele>
        <time>2026-09-17T08:40:59.000Z</time>
        <extensions>
          <ns3:TrackPointExtension>
            <ns3:hr>138</ns3:hr>
            <ns3:cad>84</ns3:cad>
          </ns3:TrackPointExtension>
        </extensions>
      </trkpt>
      <trkpt lat="37.507729232311248779296875" lon="127.05438050441443920135498046875">
        <ele>48</ele>
        <time>2026-09-17T08:41:00.000Z</time>
        <extensions>
          <ns3:TrackPointExtension>
            <ns3:hr>138</ns3:hr>
            <ns3:cad>84</ns3:cad>
          </ns3:TrackPointExtension>
        </extensions>
      </trkpt>
      <trkpt lat="37.507724203169345855712890625" lon="127.05434630624949932098388671875">
        <ele>48</ele>
        <time>2026-09-17T08:41:01.000Z</time>
        <extensions>
          <ns3:TrackPointExtension>
            <ns3:hr>138</ns3:hr>
            <ns3:cad>84</ns3:cad>
          </ns3:TrackPointExtension>
        </extensions>
      </trkpt>
      <trkpt lat="37.50772009603679180145263671875" lon="127.0543036423623561859130859375">
        <ele>48</ele>
        <time>2026-09-17T08:41:02.000Z</time>
        <extensions>
          <ns3:TrackPointExtension>
            <ns3:hr>139</ns3:hr>
            <ns3:cad>83</ns3:cad>
          </ns3:TrackPointExtension>
        </extensions>
      </trkpt>
      <trkpt lat="37.507712133228778839111328125" lon="127.05427958630025386810302734375">
        <ele>48</ele>
        <time>2026-09-17T08:41:03.000Z</time>
        <extensions>
          <ns3:TrackPointExtension>
            <ns3:hr>139</ns3:hr>
            <ns3:cad>83</ns3:cad>
          </ns3:TrackPointExtension>
        </extensions>
      </trkpt>
      <trkpt lat="37.507707774639129638671875" lon="127.05424438230693340301513671875">
        <ele>48</ele>
        <time>2026-09-17T08:41:04.000Z</time>
        <extensions>
          <ns3:TrackPointExtension>
            <ns3:hr>139</ns3:hr>
            <ns3:cad>83</ns3:cad>
          </ns3:TrackPointExtension>
        </extensions>
      </trkpt>
      <trkpt lat="37.5076975487172603607177734375" lon="127.05420582555234432220458984375">
        <ele>48</ele>
        <time>2026-09-17T08:41:05.000Z</time>
        <extensions>
          <ns3:TrackPointExtension>
            <ns3:hr>139</ns3:hr>
            <ns3:cad>83</ns3:cad>
          </ns3:TrackPointExtension>
        </extensions>
      </trkpt>
      <trkpt lat="37.5076891668140888214111328125" lon="127.05417397432029247283935546875">
        <ele>48</ele>
        <time>2026-09-17T08:41:06.000Z</time>
        <extensions>
          <ns3:TrackPointExtension>
            <ns3:hr>139</ns3:hr>
            <ns3:cad>83</ns3:cad>
          </ns3:TrackPointExtension>
        </extensions>
      </trkpt>
      <trkpt lat="37.50767651014029979705810546875" lon="127.05413172952830791473388671875">
        <ele>48</ele>
        <time>2026-09-17T08:41:07.000Z</time>
        <extensions>
          <ns3:TrackPointExtension>
            <ns3:hr>139</ns3:hr>
            <ns3:cad>82</ns3:cad>
          </ns3:TrackPointExtension>
        </extensions>
      </trkpt>
      <trkpt lat="37.50766544602811336517333984375" lon="127.05409367568790912628173828125">
        <ele>48</ele>
        <time>2026-09-17T08:41:08.000Z</time>
        <extensions>
          <ns3:TrackPointExtension>
            <ns3:hr>139</ns3:hr>
            <ns3:cad>82</ns3:cad>
          </ns3:TrackPointExtension>
        </extensions>
      </trkpt>
      <trkpt lat="37.50765538774430751800537109375" lon="127.05406417138874530792236328125">
        <ele>48</ele>
        <time>2026-09-17T08:41:09.000Z</time>
        <extensions>
          <ns3:TrackPointExtension>
            <ns3:hr>139</ns3:hr>
            <ns3:cad>82</ns3:cad>
          </ns3:TrackPointExtension>
        </extensions>
      </trkpt>
      <trkpt lat="37.5076361931860446929931640625" lon="127.05402796156704425811767578125">
        <ele>48</ele>
        <time>2026-09-17T08:41:10.000Z</time>
        <extensions>
          <ns3:TrackPointExtension>
            <ns3:hr>140</ns3:hr>
            <ns3:cad>83</ns3:cad>
          </ns3:TrackPointExtension>
        </extensions>
      </trkpt>
      <trkpt lat="37.50762605108320713043212890625" lon="127.0540025644004344940185546875">
        <ele>48</ele>
        <time>2026-09-17T08:41:11.000Z</time>
        <extensions>
          <ns3:TrackPointExtension>
            <ns3:hr>140</ns3:hr>
            <ns3:cad>83</ns3:cad>
          </ns3:TrackPointExtension>
        </extensions>
      </trkpt>
      <trkpt lat="37.5076110474765300750732421875" lon="127.053969204425811767578125">
        <ele>48</ele>
        <time>2026-09-17T08:41:12.000Z</time>
        <extensions>
          <ns3:TrackPointExtension>
            <ns3:hr>140</ns3:hr>
            <ns3:cad>83</ns3:cad>
          </ns3:TrackPointExtension>
        </extensions>
      </trkpt>
      <trkpt lat="37.5075952894985675811767578125" lon="127.05393475480377674102783203125">
        <ele>48</ele>
        <time>2026-09-17T08:41:13.000Z</time>
        <extensions>
          <ns3:TrackPointExtension>
            <ns3:hr>140</ns3:hr>
            <ns3:cad>83</ns3:cad>
          </ns3:TrackPointExtension>
        </extensions>
      </trkpt>
      <trkpt lat="37.50758028589189052581787109375" lon="127.05390558578073978424072265625">
        <ele>48</ele>
        <time>2026-09-17T08:41:14.000Z</time>
        <extensions>
          <ns3:TrackPointExtension>
            <ns3:hr>140</ns3:hr>
            <ns3:cad>83</ns3:cad>
          </ns3:TrackPointExtension>
        </extensions>
      </trkpt>
      <trkpt lat="37.5075641088187694549560546875" lon="127.0538724772632122039794921875">
        <ele>48</ele>
        <time>2026-09-17T08:41:15.000Z</time>
        <extensions>
          <ns3:TrackPointExtension>
            <ns3:hr>139</ns3:hr>
            <ns3:cad>83</ns3:cad>
          </ns3:TrackPointExtension>
        </extensions>
      </trkpt>
      <trkpt lat="37.50755463726818561553955078125" lon="127.05384121276438236236572265625">
        <ele>47.799999237060546875</ele>
        <time>2026-09-17T08:41:16.000Z</time>
        <extensions>
          <ns3:TrackPointExtension>
            <ns3:hr>139</ns3:hr>
            <ns3:cad>83</ns3:cad>
          </ns3:TrackPointExtension>
        </extensions>
      </trkpt>
      <trkpt lat="37.50754256732761859893798828125" lon="127.0538020692765712738037109375">
        <ele>47.799999237060546875</ele>
        <time>2026-09-17T08:41:17.000Z</time>
        <extensions>
          <ns3:TrackPointExtension>
            <ns3:hr>138</ns3:hr>
            <ns3:cad>83</ns3:cad>
          </ns3:TrackPointExtension>
        </extensions>
      </trkpt>
      <trkpt lat="37.50753250904381275177001953125" lon="127.053763680160045623779296875">
        <ele>47.799999237060546875</ele>
        <time>2026-09-17T08:41:18.000Z</time>
        <extensions>
          <ns3:TrackPointExtension>
            <ns3:hr>138</ns3:hr>
            <ns3:cad>83</ns3:cad>
          </ns3:TrackPointExtension>
        </extensions>
      </trkpt>
      <trkpt lat="37.50752203166484832763671875" lon="127.05372923053801059722900390625">
        <ele>47.799999237060546875</ele>
        <time>2026-09-17T08:41:19.000Z</time>
        <extensions>
          <ns3:TrackPointExtension>
            <ns3:hr>138</ns3:hr>
            <ns3:cad>83</ns3:cad>
          </ns3:TrackPointExtension>
        </extensions>
      </trkpt>
      <trkpt lat="37.5075191818177700042724609375" lon="127.05367038957774639129638671875">
        <ele>48</ele>
        <time>2026-09-17T08:41:20.000Z</time>
        <extensions>
          <ns3:TrackPointExtension>
            <ns3:hr>137</ns3:hr>
            <ns3:cad>83</ns3:cad>
          </ns3:TrackPointExtension>
        </extensions>
      </trkpt>
      <trkpt lat="37.507518343627452850341796875" lon="127.05362931825220584869384765625">
        <ele>47.799999237060546875</ele>
        <time>2026-09-17T08:41:21.000Z</time>
        <extensions>
          <ns3:TrackPointExtension>
            <ns3:hr>138</ns3:hr>
            <ns3:cad>83</ns3:cad>
          </ns3:TrackPointExtension>
        </extensions>
      </trkpt>
      <trkpt lat="37.5075389631092548370361328125" lon="127.0535814575850963592529296875">
        <ele>47.799999237060546875</ele>
        <time>2026-09-17T08:41:22.000Z</time>
        <extensions>
          <ns3:TrackPointExtension>
            <ns3:hr>138</ns3:hr>
            <ns3:cad>83</ns3:cad>
          </ns3:TrackPointExtension>
        </extensions>
      </trkpt>
      <trkpt lat="37.50757592730224132537841796875" lon="127.0535576529800891876220703125">
        <ele>47.799999237060546875</ele>
        <time>2026-09-17T08:41:23.000Z</time>
        <extensions>
          <ns3:TrackPointExtension>
            <ns3:hr>138</ns3:hr>
            <ns3:cad>83</ns3:cad>
          </ns3:TrackPointExtension>
        </extensions>
      </trkpt>
      <trkpt lat="37.50761113129556179046630859375" lon="127.05353912897408008575439453125">
        <ele>47.59999847412109375</ele>
        <time>2026-09-17T08:41:24.000Z</time>
        <extensions>
          <ns3:TrackPointExtension>
            <ns3:hr>138</ns3:hr>
            <ns3:cad>83</ns3:cad>
          </ns3:TrackPointExtension>
        </extensions>
      </trkpt>
      <trkpt lat="37.5076581537723541259765625" lon="127.0535271428525447845458984375">
        <ele>47.59999847412109375</ele>
        <time>2026-09-17T08:41:25.000Z</time>
        <extensions>
          <ns3:TrackPointExtension>
            <ns3:hr>138</ns3:hr>
            <ns3:cad>83</ns3:cad>
          </ns3:TrackPointExtension>
        </extensions>
      </trkpt>
      <trkpt lat="37.5076935254037380218505859375" lon="127.0535164140164852142333984375">
        <ele>47.40000152587890625</ele>
        <time>2026-09-17T08:41:26.000Z</time>
        <extensions>
          <ns3:TrackPointExtension>
            <ns3:hr>138</ns3:hr>
            <ns3:cad>83</ns3:cad>
          </ns3:TrackPointExtension>
        </extensions>
      </trkpt>
      <trkpt lat="37.507722862064838409423828125" lon="127.05351348035037517547607421875">
        <ele>47.40000152587890625</ele>
        <time>2026-09-17T08:41:27.000Z</time>
        <extensions>
          <ns3:TrackPointExtension>
            <ns3:hr>138</ns3:hr>
            <ns3:cad>83</ns3:cad>
          </ns3:TrackPointExtension>
        </extensions>
      </trkpt>
      <trkpt lat="37.50776150263845920562744140625" lon="127.05350962467491626739501953125">
        <ele>47.40000152587890625</ele>
        <time>2026-09-17T08:41:28.000Z</time>
        <extensions>
          <ns3:TrackPointExtension>
            <ns3:hr>139</ns3:hr>
            <ns3:cad>83</ns3:cad>
          </ns3:TrackPointExtension>
        </extensions>
      </trkpt>
      <trkpt lat="37.50778245739638805389404296875" lon="127.0535065233707427978515625">
        <ele>47.40000152587890625</ele>
        <time>2026-09-17T08:41:29.000Z</time>
        <extensions>
          <ns3:TrackPointExtension>
            <ns3:hr>138</ns3:hr>
            <ns3:cad>83</ns3:cad>
          </ns3:TrackPointExtension>
        </extensions>
      </trkpt>
      <trkpt lat="37.50781782902777194976806640625" lon="127.053502835333347320556640625">
        <ele>47.40000152587890625</ele>
        <time>2026-09-17T08:41:30.000Z</time>
        <extensions>
          <ns3:TrackPointExtension>
            <ns3:hr>138</ns3:hr>
            <ns3:cad>83</ns3:cad>
          </ns3:TrackPointExtension>
        </extensions>
      </trkpt>
      <trkpt lat="37.50784934498369693756103515625" lon="127.0534983091056346893310546875">
        <ele>47.40000152587890625</ele>
        <time>2026-09-17T08:41:31.000Z</time>
        <extensions>
          <ns3:TrackPointExtension>
            <ns3:hr>138</ns3:hr>
            <ns3:cad>83</ns3:cad>
          </ns3:TrackPointExtension>
        </extensions>
      </trkpt>
      <trkpt lat="37.50787633471190929412841796875" lon="127.05349554307758808135986328125">
        <ele>47.40000152587890625</ele>
        <time>2026-09-17T08:41:32.000Z</time>
        <extensions>
          <ns3:TrackPointExtension>
            <ns3:hr>137</ns3:hr>
            <ns3:cad>83</ns3:cad>
          </ns3:TrackPointExtension>
        </extensions>
      </trkpt>
      <trkpt lat="37.5079077668488025665283203125" lon="127.05349001102149486541748046875">
        <ele>47.40000152587890625</ele>
        <time>2026-09-17T08:41:33.000Z</time>
        <extensions>
          <ns3:TrackPointExtension>
            <ns3:hr>137</ns3:hr>
            <ns3:cad>83</ns3:cad>
          </ns3:TrackPointExtension>
        </extensions>
      </trkpt>
      <trkpt lat="37.5079278834164142608642578125" lon="127.05348297022283077239990234375">
        <ele>47.59999847412109375</ele>
        <time>2026-09-17T08:41:34.000Z</time>
        <extensions>
          <ns3:TrackPointExtension>
            <ns3:hr>138</ns3:hr>
            <ns3:cad>83</ns3:cad>
          </ns3:TrackPointExtension>
        </extensions>
      </trkpt>
      <trkpt lat="37.507955543696880340576171875" lon="127.05346754752099514007568359375">
        <ele>47.40000152587890625</ele>
        <time>2026-09-17T08:41:35.000Z</time>
        <extensions>
          <ns3:TrackPointExtension>
            <ns3:hr>138</ns3:hr>
            <ns3:cad>83</ns3:cad>
          </ns3:TrackPointExtension>
        </extensions>
      </trkpt>
      <trkpt lat="37.5079821981489658355712890625" lon="127.0534510351717472076416015625">
        <ele>47.40000152587890625</ele>
        <time>2026-09-17T08:41:36.000Z</time>
        <extensions>
          <ns3:TrackPointExtension>
            <ns3:hr>138</ns3:hr>
            <ns3:cad>83</ns3:cad>
          </ns3:TrackPointExtension>
        </extensions>
      </trkpt>
      <trkpt lat="37.50799954868853092193603515625" lon="127.053430080413818359375">
        <ele>47.200000762939453125</ele>
        <time>2026-09-17T08:41:37.000Z</time>
        <extensions>
          <ns3:TrackPointExtension>
            <ns3:hr>139</ns3:hr>
            <ns3:cad>83</ns3:cad>
          </ns3:TrackPointExtension>
        </extensions>
      </trkpt>
      <trkpt lat="37.50803022645413875579833984375" lon="127.053409628570079803466796875">
        <ele>47.200000762939453125</ele>
        <time>2026-09-17T08:41:38.000Z</time>
        <extensions>
          <ns3:TrackPointExtension>
            <ns3:hr>139</ns3:hr>
            <ns3:cad>83</ns3:cad>
          </ns3:TrackPointExtension>
        </extensions>
      </trkpt>
      <trkpt lat="37.50804766081273555755615234375" lon="127.0533950440585613250732421875">
        <ele>47.200000762939453125</ele>
        <time>2026-09-17T08:41:39.000Z</time>
        <extensions>
          <ns3:TrackPointExtension>
            <ns3:hr>140</ns3:hr>
            <ns3:cad>83</ns3:cad>
          </ns3:TrackPointExtension>
        </extensions>
      </trkpt>
      <trkpt lat="37.508074231445789337158203125" lon="127.05337584950029850006103515625">
        <ele>47.200000762939453125</ele>
        <time>2026-09-17T08:41:40.000Z</time>
        <extensions>
          <ns3:TrackPointExtension>
            <ns3:hr>140</ns3:hr>
            <ns3:cad>83</ns3:cad>
          </ns3:TrackPointExtension>
        </extensions>
      </trkpt>
      <trkpt lat="37.50810113735496997833251953125" lon="127.053362019360065460205078125">
        <ele>47.40000152587890625</ele>
        <time>2026-09-17T08:41:41.000Z</time>
        <extensions>
          <ns3:TrackPointExtension>
            <ns3:hr>141</ns3:hr>
            <ns3:cad>84</ns3:cad>
          </ns3:TrackPointExtension>
        </extensions>
      </trkpt>
      <trkpt lat="37.50812661834061145782470703125" lon="127.0533474348485469818115234375">
        <ele>47.40000152587890625</ele>
        <time>2026-09-17T08:41:42.000Z</time>
        <extensions>
          <ns3:TrackPointExtension>
            <ns3:hr>141</ns3:hr>
            <ns3:cad>84</ns3:cad>
          </ns3:TrackPointExtension>
        </extensions>
      </trkpt>
      <trkpt lat="37.5081595592200756072998046875" lon="127.053327150642871856689453125">
        <ele>47.40000152587890625</ele>
        <time>2026-09-17T08:41:43.000Z</time>
        <extensions>
          <ns3:TrackPointExtension>
            <ns3:hr>140</ns3:hr>
            <ns3:cad>84</ns3:cad>
          </ns3:TrackPointExtension>
        </extensions>
      </trkpt>
      <trkpt lat="37.508180178701877593994140625" lon="127.05331164412200450897216796875">
        <ele>47.200000762939453125</ele>
        <time>2026-09-17T08:41:44.000Z</time>
        <extensions>
          <ns3:TrackPointExtension>
            <ns3:hr>140</ns3:hr>
            <ns3:cad>84</ns3:cad>
          </ns3:TrackPointExtension>
        </extensions>
      </trkpt>
      <trkpt lat="37.50821194611489772796630859375" lon="127.05328616313636302947998046875">
        <ele>47.200000762939453125</ele>
        <time>2026-09-17T08:41:45.000Z</time>
        <extensions>
          <ns3:TrackPointExtension>
            <ns3:hr>140</ns3:hr>
            <ns3:cad>84</ns3:cad>
          </ns3:TrackPointExtension>
        </extensions>
      </trkpt>
      <trkpt lat="37.508234493434429168701171875" lon="127.05326353199779987335205078125">
        <ele>47.200000762939453125</ele>
        <time>2026-09-17T08:41:46.000Z</time>
        <extensions>
          <ns3:TrackPointExtension>
            <ns3:hr>140</ns3:hr>
            <ns3:cad>84</ns3:cad>
          </ns3:TrackPointExtension>
        </extensions>
      </trkpt>
      <trkpt lat="37.50824932940304279327392578125" lon="127.05323738045990467071533203125">
        <ele>47.200000762939453125</ele>
        <time>2026-09-17T08:41:47.000Z</time>
        <extensions>
          <ns3:TrackPointExtension>
            <ns3:hr>140</ns3:hr>
            <ns3:cad>84</ns3:cad>
          </ns3:TrackPointExtension>
        </extensions>
      </trkpt>
      <trkpt lat="37.50827648676931858062744140625" lon="127.053211815655231475830078125">
        <ele>47.200000762939453125</ele>
        <time>2026-09-17T08:41:48.000Z</time>
        <extensions>
          <ns3:TrackPointExtension>
            <ns3:hr>140</ns3:hr>
            <ns3:cad>83</ns3:cad>
          </ns3:TrackPointExtension>
        </extensions>
      </trkpt>
      <trkpt lat="37.508292831480503082275390625" lon="127.05319262109696865081787109375">
        <ele>47.200000762939453125</ele>
        <time>2026-09-17T08:41:49.000Z</time>
        <extensions>
          <ns3:TrackPointExtension>
            <ns3:hr>140</ns3:hr>
            <ns3:cad>83</ns3:cad>
          </ns3:TrackPointExtension>
        </extensions>
      </trkpt>
      <trkpt lat="37.5083179771900177001953125" lon="127.05317133106291294097900390625">
        <ele>47.200000762939453125</ele>
        <time>2026-09-17T08:41:50.000Z</time>
        <extensions>
          <ns3:TrackPointExtension>
            <ns3:hr>140</ns3:hr>
            <ns3:cad>83</ns3:cad>
          </ns3:TrackPointExtension>
        </extensions>
      </trkpt>
      <trkpt lat="37.50834924168884754180908203125" lon="127.0531546510756015777587890625">
        <ele>47.200000762939453125</ele>
        <time>2026-09-17T08:41:51.000Z</time>
        <extensions>
          <ns3:TrackPointExtension>
            <ns3:hr>140</ns3:hr>
            <ns3:cad>83</ns3:cad>
          </ns3:TrackPointExtension>
        </extensions>
      </trkpt>
      <trkpt lat="37.50837002880871295928955078125" lon="127.0531417429447174072265625">
        <ele>47.40000152587890625</ele>
        <time>2026-09-17T08:41:52.000Z</time>
        <extensions>
          <ns3:TrackPointExtension>
            <ns3:hr>139</ns3:hr>
            <ns3:cad>83</ns3:cad>
          </ns3:TrackPointExtension>
        </extensions>
      </trkpt>
      <trkpt lat="37.5084036402404308319091796875" lon="127.05311852507293224334716796875">
        <ele>47.200000762939453125</ele>
        <time>2026-09-17T08:41:53.000Z</time>
        <extensions>
          <ns3:TrackPointExtension>
            <ns3:hr>139</ns3:hr>
            <ns3:cad>84</ns3:cad>
          </ns3:TrackPointExtension>
        </extensions>
      </trkpt>
      <trkpt lat="37.508420236408710479736328125" lon="127.05309974960982799530029296875">
        <ele>47.200000762939453125</ele>
        <time>2026-09-17T08:41:54.000Z</time>
        <extensions>
          <ns3:TrackPointExtension>
            <ns3:hr>139</ns3:hr>
            <ns3:cad>84</ns3:cad>
          </ns3:TrackPointExtension>
        </extensions>
      </trkpt>
      <trkpt lat="37.50844471156597137451171875" lon="127.053073011338710784912109375">
        <ele>47.200000762939453125</ele>
        <time>2026-09-17T08:41:55.000Z</time>
        <extensions>
          <ns3:TrackPointExtension>
            <ns3:hr>139</ns3:hr>
            <ns3:cad>84</ns3:cad>
          </ns3:TrackPointExtension>
        </extensions>
      </trkpt>
      <trkpt lat="37.508475892245769500732421875" lon="127.0530443452298641204833984375">
        <ele>47.200000762939453125</ele>
        <time>2026-09-17T08:41:56.000Z</time>
        <extensions>
          <ns3:TrackPointExtension>
            <ns3:hr>140</ns3:hr>
            <ns3:cad>83</ns3:cad>
          </ns3:TrackPointExtension>
        </extensions>
      </trkpt>
      <trkpt lat="37.50849659554660320281982421875" lon="127.0530222170054912567138671875">
        <ele>47</ele>
        <time>2026-09-17T08:41:57.000Z</time>
        <extensions>
          <ns3:TrackPointExtension>
            <ns3:hr>139</ns3:hr>
            <ns3:cad>83</ns3:cad>
          </ns3:TrackPointExtension>
        </extensions>
      </trkpt>
      <trkpt lat="37.5085260160267353057861328125" lon="127.05299564637243747711181640625">
        <ele>47</ele>
        <time>2026-09-17T08:41:58.000Z</time>
        <extensions>
          <ns3:TrackPointExtension>
            <ns3:hr>139</ns3:hr>
            <ns3:cad>83</ns3:cad>
          </ns3:TrackPointExtension>
        </extensions>
      </trkpt>
      <trkpt lat="37.5085488148033618927001953125" lon="127.05297469161450862884521484375">
        <ele>47</ele>
        <time>2026-09-17T08:41:59.000Z</time>
        <extensions>
          <ns3:TrackPointExtension>
            <ns3:hr>139</ns3:hr>
            <ns3:cad>83</ns3:cad>
          </ns3:TrackPointExtension>
        </extensions>
      </trkpt>
      <trkpt lat="37.50857588835060596466064453125" lon="127.05295055173337459564208984375">
        <ele>47</ele>
        <time>2026-09-17T08:42:00.000Z</time>
        <extensions>
          <ns3:TrackPointExtension>
            <ns3:hr>140</ns3:hr>
            <ns3:cad>84</ns3:cad>
          </ns3:TrackPointExtension>
        </extensions>
      </trkpt>
      <trkpt lat="37.50860522501170635223388671875" lon="127.05292423255741596221923828125">
        <ele>47</ele>
        <time>2026-09-17T08:42:01.000Z</time>
        <extensions>
          <ns3:TrackPointExtension>
            <ns3:hr>139</ns3:hr>
            <ns3:cad>84</ns3:cad>
          </ns3:TrackPointExtension>
        </extensions>
      </trkpt>
      <trkpt lat="37.50862148590385913848876953125" lon="127.05290713347494602203369140625">
        <ele>47</ele>
        <time>2026-09-17T08:42:02.000Z</time>
        <extensions>
          <ns3:TrackPointExtension>
            <ns3:hr>139</ns3:hr>
            <ns3:cad>84</ns3:cad>
          </ns3:TrackPointExtension>
        </extensions>
      </trkpt>
      <trkpt lat="37.508647553622722625732421875" lon="127.0528803952038288116455078125">
        <ele>47.200000762939453125</ele>
        <time>2026-09-17T08:42:03.000Z</time>
        <extensions>
          <ns3:TrackPointExtension>
            <ns3:hr>139</ns3:hr>
            <ns3:cad>84</ns3:cad>
          </ns3:TrackPointExtension>
        </extensions>
      </trkpt>
      <trkpt lat="37.5086644850671291351318359375" lon="127.0528622902929782867431640625">
        <ele>47.40000152587890625</ele>
        <time>2026-09-17T08:42:04.000Z</time>
        <extensions>
          <ns3:TrackPointExtension>
            <ns3:hr>139</ns3:hr>
            <ns3:cad>84</ns3:cad>
          </ns3:TrackPointExtension>
        </extensions>
      </trkpt>
      <trkpt lat="37.5086827576160430908203125" lon="127.052836976945400238037109375">
        <ele>47.40000152587890625</ele>
        <time>2026-09-17T08:42:05.000Z</time>
        <extensions>
          <ns3:TrackPointExtension>
            <ns3:hr>139</ns3:hr>
            <ns3:cad>83</ns3:cad>
          </ns3:TrackPointExtension>
        </extensions>
      </trkpt>
      <trkpt lat="37.50870949588716030120849609375" lon="127.052807472646236419677734375">
        <ele>47.40000152587890625</ele>
        <time>2026-09-17T08:42:06.000Z</time>
        <extensions>
          <ns3:TrackPointExtension>
            <ns3:hr>138</ns3:hr>
            <ns3:cad>83</ns3:cad>
          </ns3:TrackPointExtension>
        </extensions>
      </trkpt>
      <trkpt lat="37.50872860662639141082763671875" lon="127.0527908764779567718505859375">
        <ele>47.40000152587890625</ele>
        <time>2026-09-17T08:42:07.000Z</time>
        <extensions>
          <ns3:TrackPointExtension>
            <ns3:hr>138</ns3:hr>
            <ns3:cad>83</ns3:cad>
          </ns3:TrackPointExtension>
        </extensions>
      </trkpt>
      <trkpt lat="37.50875006429851055145263671875" lon="127.05276288092136383056640625">
        <ele>47.59999847412109375</ele>
        <time>2026-09-17T08:42:08.000Z</time>
        <extensions>
          <ns3:TrackPointExtension>
            <ns3:hr>138</ns3:hr>
            <ns3:cad>82</ns3:cad>
          </ns3:TrackPointExtension>
        </extensions>
      </trkpt>
      <trkpt lat="37.50877236016094684600830078125" lon="127.0527367293834686279296875">
        <ele>47.59999847412109375</ele>
        <time>2026-09-17T08:42:09.000Z</time>
        <extensions>
          <ns3:TrackPointExtension>
            <ns3:hr>139</ns3:hr>
            <ns3:cad>82</ns3:cad>
          </ns3:TrackPointExtension>
        </extensions>
      </trkpt>
      <trkpt lat="37.50878560356795787811279296875" lon="127.05271569080650806427001953125">
        <ele>47.799999237060546875</ele>
        <time>2026-09-17T08:42:10.000Z</time>
        <extensions>
          <ns3:TrackPointExtension>
            <ns3:hr>139</ns3:hr>
            <ns3:cad>82</ns3:cad>
          </ns3:TrackPointExtension>
        </extensions>
      </trkpt>
      <trkpt lat="37.50880940817296504974365234375" lon="127.05268786288797855377197265625">
        <ele>47.799999237060546875</ele>
        <time>2026-09-17T08:42:11.000Z</time>
        <extensions>
          <ns3:TrackPointExtension>
            <ns3:hr>140</ns3:hr>
            <ns3:cad>82</ns3:cad>
          </ns3:TrackPointExtension>
        </extensions>
      </trkpt>
      <trkpt lat="37.5088304467499256134033203125" lon="127.05266632139682769775390625">
        <ele>48</ele>
        <time>2026-09-17T08:42:12.000Z</time>
        <extensions>
          <ns3:TrackPointExtension>
            <ns3:hr>141</ns3:hr>
            <ns3:cad>83</ns3:cad>
          </ns3:TrackPointExtension>
        </extensions>
      </trkpt>
      <trkpt lat="37.50884704291820526123046875" lon="127.05263757146894931793212890625">
        <ele>48</ele>
        <time>2026-09-17T08:42:13.000Z</time>
        <extensions>
          <ns3:TrackPointExtension>
            <ns3:hr>142</ns3:hr>
            <ns3:cad>83</ns3:cad>
          </ns3:TrackPointExtension>
        </extensions>
      </trkpt>
      <trkpt lat="37.508874200284481048583984375" lon="127.05260622315108776092529296875">
        <ele>48</ele>
        <time>2026-09-17T08:42:14.000Z</time>
        <extensions>
          <ns3:TrackPointExtension>
            <ns3:hr>142</ns3:hr>
            <ns3:cad>83</ns3:cad>
          </ns3:TrackPointExtension>
        </extensions>
      </trkpt>
      <trkpt lat="37.50889188610017299652099609375" lon="127.05258292146027088165283203125">
        <ele>48.200000762939453125</ele>
        <time>2026-09-17T08:42:15.000Z</time>
        <extensions>
          <ns3:TrackPointExtension>
            <ns3:hr>142</ns3:hr>
            <ns3:cad>83</ns3:cad>
          </ns3:TrackPointExtension>
        </extensions>
      </trkpt>
      <trkpt lat="37.5089179538190364837646484375" lon="127.0525516569614410400390625">
        <ele>48.200000762939453125</ele>
        <time>2026-09-17T08:42:16.000Z</time>
        <extensions>
          <ns3:TrackPointExtension>
            <ns3:hr>141</ns3:hr>
            <ns3:cad>83</ns3:cad>
          </ns3:TrackPointExtension>
        </extensions>
      </trkpt>
      <trkpt lat="37.5089367292821407318115234375" lon="127.0525290258228778839111328125">
        <ele>48.40000152587890625</ele>
        <time>2026-09-17T08:42:17.000Z</time>
        <extensions>
          <ns3:TrackPointExtension>
            <ns3:hr>142</ns3:hr>
            <ns3:cad>83</ns3:cad>
          </ns3:TrackPointExtension>
        </extensions>
      </trkpt>
      <trkpt lat="37.50895994715392589569091796875" lon="127.0525072328746318817138671875">
        <ele>48.59999847412109375</ele>
        <time>2026-09-17T08:42:18.000Z</time>
        <extensions>
          <ns3:TrackPointExtension>
            <ns3:hr>142</ns3:hr>
            <ns3:cad>84</ns3:cad>
          </ns3:TrackPointExtension>
        </extensions>
      </trkpt>
      <trkpt lat="37.50898894853889942169189453125" lon="127.05248066224157810211181640625">
        <ele>48.59999847412109375</ele>
        <time>2026-09-17T08:42:19.000Z</time>
        <extensions>
          <ns3:TrackPointExtension>
            <ns3:hr>142</ns3:hr>
            <ns3:cad>84</ns3:cad>
          </ns3:TrackPointExtension>
        </extensions>
      </trkpt>
      <trkpt lat="37.5090073049068450927734375" lon="127.052462138235569000244140625">
        <ele>48.59999847412109375</ele>
        <time>2026-09-17T08:42:20.000Z</time>
        <extensions>
          <ns3:TrackPointExtension>
            <ns3:hr>142</ns3:hr>
            <ns3:cad>84</ns3:cad>
          </ns3:TrackPointExtension>
        </extensions>
      </trkpt>
      <trkpt lat="37.50903471373021602630615234375" lon="127.052436657249927520751953125">
        <ele>48.799999237060546875</ele>
        <time>2026-09-17T08:42:21.000Z</time>
        <extensions>
          <ns3:TrackPointExtension>
            <ns3:hr>142</ns3:hr>
            <ns3:cad>84</ns3:cad>
          </ns3:TrackPointExtension>
        </extensions>
      </trkpt>
      <trkpt lat="37.50905365683138370513916015625" lon="127.05241410993039608001708984375">
        <ele>48.799999237060546875</ele>
        <time>2026-09-17T08:42:22.000Z</time>
        <extensions>
          <ns3:TrackPointExtension>
            <ns3:hr>142</ns3:hr>
            <ns3:cad>83</ns3:cad>
          </ns3:TrackPointExtension>
        </extensions>
      </trkpt>
      <trkpt lat="37.5090674869716167449951171875" lon="127.052386365830898284912109375">
        <ele>49</ele>
        <time>2026-09-17T08:42:23.000Z</time>
        <extensions>
          <ns3:TrackPointExtension>
            <ns3:hr>143</ns3:hr>
            <ns3:cad>83</ns3:cad>
          </ns3:TrackPointExtension>
        </extensions>
      </trkpt>
      <trkpt lat="37.50909355469048023223876953125" lon="127.0523563586175441741943359375">
        <ele>49</ele>
        <time>2026-09-17T08:42:24.000Z</time>
        <extensions>
          <ns3:TrackPointExtension>
            <ns3:hr>143</ns3:hr>
            <ns3:cad>83</ns3:cad>
          </ns3:TrackPointExtension>
        </extensions>
      </trkpt>
      <trkpt lat="37.50910855829715728759765625" lon="127.05233196727931499481201171875">
        <ele>49.200000762939453125</ele>
        <time>2026-09-17T08:42:25.000Z</time>
        <extensions>
          <ns3:TrackPointExtension>
            <ns3:hr>143</ns3:hr>
            <ns3:cad>83</ns3:cad>
          </ns3:TrackPointExtension>
        </extensions>
      </trkpt>
      <trkpt lat="37.50912339426577091217041015625" lon="127.05230413936078548431396484375">
        <ele>49.200000762939453125</ele>
        <time>2026-09-17T08:42:26.000Z</time>
        <extensions>
          <ns3:TrackPointExtension>
            <ns3:hr>144</ns3:hr>
            <ns3:cad>83</ns3:cad>
          </ns3:TrackPointExtension>
        </extensions>
      </trkpt>
      <trkpt lat="37.5091429241001605987548828125" lon="127.05228284932672977447509765625">
        <ele>49.40000152587890625</ele>
        <time>2026-09-17T08:42:27.000Z</time>
        <extensions>
          <ns3:TrackPointExtension>
            <ns3:hr>145</ns3:hr>
            <ns3:cad>83</ns3:cad>
          </ns3:TrackPointExtension>
        </extensions>
      </trkpt>
      <trkpt lat="37.50915817916393280029296875" lon="127.0522564463317394256591796875">
        <ele>49.40000152587890625</ele>
        <time>2026-09-17T08:42:28.000Z</time>
        <extensions>
          <ns3:TrackPointExtension>
            <ns3:hr>146</ns3:hr>
            <ns3:cad>83</ns3:cad>
          </ns3:TrackPointExtension>
        </extensions>
      </trkpt>
      <trkpt lat="37.50918089412152767181396484375" lon="127.052224762737751007080078125">
        <ele>49.40000152587890625</ele>
        <time>2026-09-17T08:42:29.000Z</time>
        <extensions>
          <ns3:TrackPointExtension>
            <ns3:hr>146</ns3:hr>
            <ns3:cad>83</ns3:cad>
          </ns3:TrackPointExtension>
        </extensions>
      </trkpt>
      <trkpt lat="37.50919933430850505828857421875" lon="127.0522031374275684356689453125">
        <ele>49.40000152587890625</ele>
        <time>2026-09-17T08:42:30.000Z</time>
        <extensions>
          <ns3:TrackPointExtension>
            <ns3:hr>146</ns3:hr>
            <ns3:cad>83</ns3:cad>
          </ns3:TrackPointExtension>
        </extensions>
      </trkpt>
      <trkpt lat="37.5092232227325439453125" lon="127.052179835736751556396484375">
        <ele>49.59999847412109375</ele>
        <time>2026-09-17T08:42:31.000Z</time>
        <extensions>
          <ns3:TrackPointExtension>
            <ns3:hr>145</ns3:hr>
            <ns3:cad>83</ns3:cad>
          </ns3:TrackPointExtension>
        </extensions>
      </trkpt>
      <trkpt lat="37.50924929045140743255615234375" lon="127.052158378064632415771484375">
        <ele>49.59999847412109375</ele>
        <time>2026-09-17T08:42:32.000Z</time>
        <extensions>
          <ns3:TrackPointExtension>
            <ns3:hr>146</ns3:hr>
            <ns3:cad>83</ns3:cad>
          </ns3:TrackPointExtension>
        </extensions>
      </trkpt>
      <trkpt lat="37.50926957465708255767822265625" lon="127.0521300472319126129150390625">
        <ele>49.799999237060546875</ele>
        <time>2026-09-17T08:42:33.000Z</time>
        <extensions>
          <ns3:TrackPointExtension>
            <ns3:hr>146</ns3:hr>
            <ns3:cad>84</ns3:cad>
          </ns3:TrackPointExtension>
        </extensions>
      </trkpt>
      <trkpt lat="37.50929337926208972930908203125" lon="127.0521089248359203338623046875">
        <ele>49.799999237060546875</ele>
        <time>2026-09-17T08:42:34.000Z</time>
        <extensions>
          <ns3:TrackPointExtension>
            <ns3:hr>146</ns3:hr>
            <ns3:cad>84</ns3:cad>
          </ns3:TrackPointExtension>
        </extensions>
      </trkpt>
      <trkpt lat="37.5093129090964794158935546875" lon="127.0520871318876743316650390625">
        <ele>49.799999237060546875</ele>
        <time>2026-09-17T08:42:35.000Z</time>
        <extensions>
          <ns3:TrackPointExtension>
            <ns3:hr>146</ns3:hr>
            <ns3:cad>84</ns3:cad>
          </ns3:TrackPointExtension>
        </extensions>
      </trkpt>
      <trkpt lat="37.509338892996311187744140625" lon="127.05206014215946197509765625">
        <ele>49.799999237060546875</ele>
        <time>2026-09-17T08:42:36.000Z</time>
        <extensions>
          <ns3:TrackPointExtension>
            <ns3:hr>146</ns3:hr>
            <ns3:cad>84</ns3:cad>
          </ns3:TrackPointExtension>
        </extensions>
      </trkpt>
      <trkpt lat="37.50935959629714488983154296875" lon="127.05203332006931304931640625">
        <ele>50</ele>
        <time>2026-09-17T08:42:37.000Z</time>
        <extensions>
          <ns3:TrackPointExtension>
            <ns3:hr>146</ns3:hr>
            <ns3:cad>84</ns3:cad>
          </ns3:TrackPointExtension>
        </extensions>
      </trkpt>
      <trkpt lat="37.5093752704560756683349609375" lon="127.0520140416920185089111328125">
        <ele>50</ele>
        <time>2026-09-17T08:42:38.000Z</time>
        <extensions>
          <ns3:TrackPointExtension>
            <ns3:hr>146</ns3:hr>
            <ns3:cad>84</ns3:cad>
          </ns3:TrackPointExtension>
        </extensions>
      </trkpt>
      <trkpt lat="37.50940184108912944793701171875" lon="127.0519858784973621368408203125">
        <ele>50.200000762939453125</ele>
        <time>2026-09-17T08:42:39.000Z</time>
        <extensions>
          <ns3:TrackPointExtension>
            <ns3:hr>146</ns3:hr>
            <ns3:cad>84</ns3:cad>
          </ns3:TrackPointExtension>
        </extensions>
      </trkpt>
      <trkpt lat="37.50942237675189971923828125" lon="127.0519588887691497802734375">
        <ele>50.200000762939453125</ele>
        <time>2026-09-17T08:42:40.000Z</time>
        <extensions>
          <ns3:TrackPointExtension>
            <ns3:hr>146</ns3:hr>
            <ns3:cad>83</ns3:cad>
          </ns3:TrackPointExtension>
        </extensions>
      </trkpt>
      <trkpt lat="37.50944727100431919097900390625" lon="127.0519332401454448699951171875">
        <ele>50.200000762939453125</ele>
        <time>2026-09-17T08:42:41.000Z</time>
        <extensions>
          <ns3:TrackPointExtension>
            <ns3:hr>146</ns3:hr>
            <ns3:cad>83</ns3:cad>
          </ns3:TrackPointExtension>
        </extensions>
      </trkpt>
      <trkpt lat="37.50947392545640468597412109375" lon="127.05190666951239109039306640625">
        <ele>50.40000152587890625</ele>
        <time>2026-09-17T08:42:42.000Z</time>
        <extensions>
          <ns3:TrackPointExtension>
            <ns3:hr>146</ns3:hr>
            <ns3:cad>83</ns3:cad>
          </ns3:TrackPointExtension>
        </extensions>
      </trkpt>
      <trkpt lat="37.509489767253398895263671875" lon="127.05188370309770107269287109375">
        <ele>50.40000152587890625</ele>
        <time>2026-09-17T08:42:43.000Z</time>
        <extensions>
          <ns3:TrackPointExtension>
            <ns3:hr>146</ns3:hr>
            <ns3:cad>83</ns3:cad>
          </ns3:TrackPointExtension>
        </extensions>
      </trkpt>
      <trkpt lat="37.50951365567743778228759765625" lon="127.0518534444272518157958984375">
        <ele>50.40000152587890625</ele>
        <time>2026-09-17T08:42:44.000Z</time>
        <extensions>
          <ns3:TrackPointExtension>
            <ns3:hr>146</ns3:hr>
            <ns3:cad>83</ns3:cad>
          </ns3:TrackPointExtension>
        </extensions>
      </trkpt>
      <trkpt lat="37.50953343696892261505126953125" lon="127.0518336631357669830322265625">
        <ele>50.40000152587890625</ele>
        <time>2026-09-17T08:42:45.000Z</time>
        <extensions>
          <ns3:TrackPointExtension>
            <ns3:hr>147</ns3:hr>
            <ns3:cad>83</ns3:cad>
          </ns3:TrackPointExtension>
        </extensions>
      </trkpt>
      <trkpt lat="37.50955053605139255523681640625" lon="127.0518122054636478424072265625">
        <ele>50.59999847412109375</ele>
        <time>2026-09-17T08:42:46.000Z</time>
        <extensions>
          <ns3:TrackPointExtension>
            <ns3:hr>146</ns3:hr>
            <ns3:cad>83</ns3:cad>
          </ns3:TrackPointExtension>
        </extensions>
      </trkpt>
      <trkpt lat="37.50957794487476348876953125" lon="127.05178999342024326324462890625">
        <ele>50.59999847412109375</ele>
        <time>2026-09-17T08:42:47.000Z</time>
        <extensions>
          <ns3:TrackPointExtension>
            <ns3:hr>146</ns3:hr>
            <ns3:cad>83</ns3:cad>
          </ns3:TrackPointExtension>
        </extensions>
      </trkpt>
      <trkpt lat="37.5095935352146625518798828125" lon="127.051769457757472991943359375">
        <ele>50.59999847412109375</ele>
        <time>2026-09-17T08:42:48.000Z</time>
        <extensions>
          <ns3:TrackPointExtension>
            <ns3:hr>147</ns3:hr>
            <ns3:cad>83</ns3:cad>
          </ns3:TrackPointExtension>
        </extensions>
      </trkpt>
      <trkpt lat="37.5096159987151622772216796875" lon="127.0517471618950366973876953125">
        <ele>50.799999237060546875</ele>
        <time>2026-09-17T08:42:49.000Z</time>
        <extensions>
          <ns3:TrackPointExtension>
            <ns3:hr>146</ns3:hr>
            <ns3:cad>83</ns3:cad>
          </ns3:TrackPointExtension>
        </extensions>
      </trkpt>
      <trkpt lat="37.50964139588177204132080078125" lon="127.0517320744693279266357421875">
        <ele>50.799999237060546875</ele>
        <time>2026-09-17T08:42:50.000Z</time>
        <extensions>
          <ns3:TrackPointExtension>
            <ns3:hr>146</ns3:hr>
            <ns3:cad>83</ns3:cad>
          </ns3:TrackPointExtension>
        </extensions>
      </trkpt>
      <trkpt lat="37.5096609257161617279052734375" lon="127.051711119711399078369140625">
        <ele>51</ele>
        <time>2026-09-17T08:42:51.000Z</time>
        <extensions>
          <ns3:TrackPointExtension>
            <ns3:hr>145</ns3:hr>
            <ns3:cad>82</ns3:cad>
          </ns3:TrackPointExtension>
        </extensions>
      </trkpt>
      <trkpt lat="37.50968833453953266143798828125" lon="127.05168840475380420684814453125">
        <ele>51</ele>
        <time>2026-09-17T08:42:52.000Z</time>
        <extensions>
          <ns3:TrackPointExtension>
            <ns3:hr>145</ns3:hr>
            <ns3:cad>82</ns3:cad>
          </ns3:TrackPointExtension>
        </extensions>
      </trkpt>
      <trkpt lat="37.5097075290977954864501953125" lon="127.05166543833911418914794921875">
        <ele>51</ele>
        <time>2026-09-17T08:42:53.000Z</time>
        <extensions>
          <ns3:TrackPointExtension>
            <ns3:hr>145</ns3:hr>
            <ns3:cad>82</ns3:cad>
          </ns3:TrackPointExtension>
        </extensions>
      </trkpt>
      <trkpt lat="37.50972806476056575775146484375" lon="127.05164314247667789459228515625">
        <ele>51.200000762939453125</ele>
        <time>2026-09-17T08:42:54.000Z</time>
        <extensions>
          <ns3:TrackPointExtension>
            <ns3:hr>145</ns3:hr>
            <ns3:cad>82</ns3:cad>
          </ns3:TrackPointExtension>
        </extensions>
      </trkpt>
      <trkpt lat="37.5097527913749217987060546875" lon="127.05162688158452510833740234375">
        <ele>51.200000762939453125</ele>
        <time>2026-09-17T08:42:55.000Z</time>
        <extensions>
          <ns3:TrackPointExtension>
            <ns3:hr>146</ns3:hr>
            <ns3:cad>83</ns3:cad>
          </ns3:TrackPointExtension>
        </extensions>
      </trkpt>
      <trkpt lat="37.50977215357124805450439453125" lon="127.05160508863627910614013671875">
        <ele>51.40000152587890625</ele>
        <time>2026-09-17T08:42:56.000Z</time>
        <extensions>
          <ns3:TrackPointExtension>
            <ns3:hr>146</ns3:hr>
            <ns3:cad>83</ns3:cad>
          </ns3:TrackPointExtension>
        </extensions>
      </trkpt>
      <trkpt lat="37.50979998148977756500244140625" lon="127.051575668156147003173828125">
        <ele>51.40000152587890625</ele>
        <time>2026-09-17T08:42:57.000Z</time>
        <extensions>
          <ns3:TrackPointExtension>
            <ns3:hr>146</ns3:hr>
            <ns3:cad>83</ns3:cad>
          </ns3:TrackPointExtension>
        </extensions>
      </trkpt>
      <trkpt lat="37.50982227735221385955810546875" lon="127.051554881036281585693359375">
        <ele>51.59999847412109375</ele>
        <time>2026-09-17T08:42:58.000Z</time>
        <extensions>
          <ns3:TrackPointExtension>
            <ns3:hr>146</ns3:hr>
            <ns3:cad>83</ns3:cad>
          </ns3:TrackPointExtension>
        </extensions>
      </trkpt>
      <trkpt lat="37.50984474085271358489990234375" lon="127.051534093916416168212890625">
        <ele>51.59999847412109375</ele>
        <time>2026-09-17T08:42:59.000Z</time>
        <extensions>
          <ns3:TrackPointExtension>
            <ns3:hr>145</ns3:hr>
            <ns3:cad>83</ns3:cad>
          </ns3:TrackPointExtension>
        </extensions>
      </trkpt>
      <trkpt lat="37.5098734907805919647216796875" lon="127.05151137895882129669189453125">
        <ele>51.799999237060546875</ele>
        <time>2026-09-17T08:43:00.000Z</time>
        <extensions>
          <ns3:TrackPointExtension>
            <ns3:hr>145</ns3:hr>
            <ns3:cad>83</ns3:cad>
          </ns3:TrackPointExtension>
        </extensions>
      </trkpt>
      <trkpt lat="37.50989620573818683624267578125" lon="127.051490508019924163818359375">
        <ele>51.799999237060546875</ele>
        <time>2026-09-17T08:43:01.000Z</time>
        <extensions>
          <ns3:TrackPointExtension>
            <ns3:hr>145</ns3:hr>
            <ns3:cad>83</ns3:cad>
          </ns3:TrackPointExtension>
        </extensions>
      </trkpt>
      <trkpt lat="37.5099234469234943389892578125" lon="127.05146091990172863006591796875">
        <ele>51.799999237060546875</ele>
        <time>2026-09-17T08:43:02.000Z</time>
        <extensions>
          <ns3:TrackPointExtension>
            <ns3:hr>145</ns3:hr>
            <ns3:cad>83</ns3:cad>
          </ns3:TrackPointExtension>
        </extensions>
      </trkpt>
      <trkpt lat="37.50994582660496234893798828125" lon="127.05143577419221401214599609375">
        <ele>51.799999237060546875</ele>
        <time>2026-09-17T08:43:03.000Z</time>
        <extensions>
          <ns3:TrackPointExtension>
            <ns3:hr>145</ns3:hr>
            <ns3:cad>83</ns3:cad>
          </ns3:TrackPointExtension>
        </extensions>
      </trkpt>
      <trkpt lat="37.5099697150290012359619140625" lon="127.05141364596784114837646484375">
        <ele>52</ele>
        <time>2026-09-17T08:43:04.000Z</time>
        <extensions>
          <ns3:TrackPointExtension>
            <ns3:hr>145</ns3:hr>
            <ns3:cad>83</ns3:cad>
          </ns3:TrackPointExtension>
        </extensions>
      </trkpt>
      <trkpt lat="37.50999829731881618499755859375" lon="127.0513931103050708770751953125">
        <ele>52</ele>
        <time>2026-09-17T08:43:05.000Z</time>
        <extensions>
          <ns3:TrackPointExtension>
            <ns3:hr>145</ns3:hr>
            <ns3:cad>83</ns3:cad>
          </ns3:TrackPointExtension>
        </extensions>
      </trkpt>
      <trkpt lat="37.5100184977054595947265625" lon="127.051373831927776336669921875">
        <ele>52</ele>
        <time>2026-09-17T08:43:06.000Z</time>
        <extensions>
          <ns3:TrackPointExtension>
            <ns3:hr>144</ns3:hr>
            <ns3:cad>83</ns3:cad>
          </ns3:TrackPointExtension>
        </extensions>
      </trkpt>
      <trkpt lat="37.51003794372081756591796875" lon="127.05135111697018146514892578125">
        <ele>52</ele>
        <time>2026-09-17T08:43:07.000Z</time>
        <extensions>
          <ns3:TrackPointExtension>
            <ns3:hr>144</ns3:hr>
            <ns3:cad>83</ns3:cad>
          </ns3:TrackPointExtension>
        </extensions>
      </trkpt>
      <trkpt lat="37.510061077773571014404296875" lon="127.05132387578487396240234375">
        <ele>52</ele>
        <time>2026-09-17T08:43:08.000Z</time>
        <extensions>
          <ns3:TrackPointExtension>
            <ns3:hr>144</ns3:hr>
            <ns3:cad>83</ns3:cad>
          </ns3:TrackPointExtension>
        </extensions>
      </trkpt>
      <trkpt lat="37.5100786797702312469482421875" lon="127.05130401067435741424560546875">
        <ele>52.200000762939453125</ele>
        <time>2026-09-17T08:43:09.000Z</time>
        <extensions>
          <ns3:TrackPointExtension>
            <ns3:hr>144</ns3:hr>
            <ns3:cad>83</ns3:cad>
          </ns3:TrackPointExtension>
        </extensions>
      </trkpt>
      <trkpt lat="37.510099299252033233642578125" lon="127.051275931298732757568359375">
        <ele>52.200000762939453125</ele>
        <time>2026-09-17T08:43:10.000Z</time>
        <extensions>
          <ns3:TrackPointExtension>
            <ns3:hr>145</ns3:hr>
            <ns3:cad>83</ns3:cad>
          </ns3:TrackPointExtension>
        </extensions>
      </trkpt>
      <trkpt lat="37.51011706888675689697265625" lon="127.05125506035983562469482421875">
        <ele>52.200000762939453125</ele>
        <time>2026-09-17T08:43:11.000Z</time>
        <extensions>
          <ns3:TrackPointExtension>
            <ns3:hr>145</ns3:hr>
            <ns3:cad>83</ns3:cad>
          </ns3:TrackPointExtension>
        </extensions>
      </trkpt>
      <trkpt lat="37.5101400353014469146728515625" lon="127.0512362010776996612548828125">
        <ele>52.40000152587890625</ele>
        <time>2026-09-17T08:43:12.000Z</time>
        <extensions>
          <ns3:TrackPointExtension>
            <ns3:hr>145</ns3:hr>
            <ns3:cad>83</ns3:cad>
          </ns3:TrackPointExtension>
        </extensions>
      </trkpt>
      <trkpt lat="37.5101661868393421173095703125" lon="127.0512137375771999359130859375">
        <ele>52.59999847412109375</ele>
        <time>2026-09-17T08:43:13.000Z</time>
        <extensions>
          <ns3:TrackPointExtension>
            <ns3:hr>145</ns3:hr>
            <ns3:cad>82</ns3:cad>
          </ns3:TrackPointExtension>
        </extensions>
      </trkpt>
      <trkpt lat="37.51018571667373180389404296875" lon="127.05119219608604907989501953125">
        <ele>52.59999847412109375</ele>
        <time>2026-09-17T08:43:14.000Z</time>
        <extensions>
          <ns3:TrackPointExtension>
            <ns3:hr>145</ns3:hr>
            <ns3:cad>82</ns3:cad>
          </ns3:TrackPointExtension>
        </extensions>
      </trkpt>
      <trkpt lat="37.510213293135166168212890625" lon="127.05116621218621730804443359375">
        <ele>52.799999237060546875</ele>
        <time>2026-09-17T08:43:15.000Z</time>
        <extensions>
          <ns3:TrackPointExtension>
            <ns3:hr>145</ns3:hr>
            <ns3:cad>82</ns3:cad>
          </ns3:TrackPointExtension>
        </extensions>
      </trkpt>
      <trkpt lat="37.5102303922176361083984375" lon="127.05114559270441532135009765625">
        <ele>53</ele>
        <time>2026-09-17T08:43:16.000Z</time>
        <extensions>
          <ns3:TrackPointExtension>
            <ns3:hr>144</ns3:hr>
            <ns3:cad>82</ns3:cad>
          </ns3:TrackPointExtension>
        </extensions>
      </trkpt>
      <trkpt lat="37.51024623401463031768798828125" lon="127.05112312920391559600830078125">
        <ele>53</ele>
        <time>2026-09-17T08:43:17.000Z</time>
        <extensions>
          <ns3:TrackPointExtension>
            <ns3:hr>144</ns3:hr>
            <ns3:cad>82</ns3:cad>
          </ns3:TrackPointExtension>
        </extensions>
      </trkpt>
      <trkpt lat="37.5102754868566989898681640625" lon="127.0510970614850521087646484375">
        <ele>53</ele>
        <time>2026-09-17T08:43:18.000Z</time>
        <extensions>
          <ns3:TrackPointExtension>
            <ns3:hr>144</ns3:hr>
            <ns3:cad>82</ns3:cad>
          </ns3:TrackPointExtension>
        </extensions>
      </trkpt>
      <trkpt lat="37.51029484905302524566650390625" lon="127.05107719637453556060791015625">
        <ele>53</ele>
        <time>2026-09-17T08:43:19.000Z</time>
        <extensions>
          <ns3:TrackPointExtension>
            <ns3:hr>144</ns3:hr>
            <ns3:cad>82</ns3:cad>
          </ns3:TrackPointExtension>
        </extensions>
      </trkpt>
      <trkpt lat="37.51031597144901752471923828125" lon="127.051055319607257843017578125">
        <ele>53.200000762939453125</ele>
        <time>2026-09-17T08:43:20.000Z</time>
        <extensions>
          <ns3:TrackPointExtension>
            <ns3:hr>145</ns3:hr>
            <ns3:cad>83</ns3:cad>
          </ns3:TrackPointExtension>
        </extensions>
      </trkpt>
      <trkpt lat="37.510342039167881011962890625" lon="127.0510320179164409637451171875">
        <ele>53.200000762939453125</ele>
        <time>2026-09-17T08:43:21.000Z</time>
        <extensions>
          <ns3:TrackPointExtension>
            <ns3:hr>145</ns3:hr>
            <ns3:cad>83</ns3:cad>
          </ns3:TrackPointExtension>
        </extensions>
      </trkpt>
      <trkpt lat="37.5103576295077800750732421875" lon="127.0510098896920680999755859375">
        <ele>53.40000152587890625</ele>
        <time>2026-09-17T08:43:22.000Z</time>
        <extensions>
          <ns3:TrackPointExtension>
            <ns3:hr>145</ns3:hr>
            <ns3:cad>83</ns3:cad>
          </ns3:TrackPointExtension>
        </extensions>
      </trkpt>
      <trkpt lat="37.51038663089275360107421875" lon="127.0509847439825534820556640625">
        <ele>53.40000152587890625</ele>
        <time>2026-09-17T08:43:23.000Z</time>
        <extensions>
          <ns3:TrackPointExtension>
            <ns3:hr>145</ns3:hr>
            <ns3:cad>83</ns3:cad>
          </ns3:TrackPointExtension>
        </extensions>
      </trkpt>
      <trkpt lat="37.51040272414684295654296875" lon="127.0509713329374790191650390625">
        <ele>53.59999847412109375</ele>
        <time>2026-09-17T08:43:24.000Z</time>
        <extensions>
          <ns3:TrackPointExtension>
            <ns3:hr>146</ns3:hr>
            <ns3:cad>83</ns3:cad>
          </ns3:TrackPointExtension>
        </extensions>
      </trkpt>
      <trkpt lat="37.51042091287672519683837890625" lon="127.0509517192840576171875">
        <ele>53.59999847412109375</ele>
        <time>2026-09-17T08:43:25.000Z</time>
        <extensions>
          <ns3:TrackPointExtension>
            <ns3:hr>146</ns3:hr>
            <ns3:cad>83</ns3:cad>
          </ns3:TrackPointExtension>
        </extensions>
      </trkpt>
      <trkpt lat="37.51044169999659061431884765625" lon="127.05092749558389186859130859375">
        <ele>53.799999237060546875</ele>
        <time>2026-09-17T08:43:26.000Z</time>
        <extensions>
          <ns3:TrackPointExtension>
            <ns3:hr>146</ns3:hr>
            <ns3:cad>83</ns3:cad>
          </ns3:TrackPointExtension>
        </extensions>
      </trkpt>
      <trkpt lat="37.5104551948606967926025390625" lon="127.05091559328138828277587890625">
        <ele>53.799999237060546875</ele>
        <time>2026-09-17T08:43:27.000Z</time>
        <extensions>
          <ns3:TrackPointExtension>
            <ns3:hr>146</ns3:hr>
            <ns3:cad>83</ns3:cad>
          </ns3:TrackPointExtension>
        </extensions>
      </trkpt>
      <trkpt lat="37.51048796810209751129150390625" lon="127.0508938841521739959716796875">
        <ele>54</ele>
        <time>2026-09-17T08:43:28.000Z</time>
        <extensions>
          <ns3:TrackPointExtension>
            <ns3:hr>146</ns3:hr>
            <ns3:cad>83</ns3:cad>
          </ns3:TrackPointExtension>
        </extensions>
      </trkpt>
      <trkpt lat="37.5105014629662036895751953125" lon="127.050876617431640625">
        <ele>54</ele>
        <time>2026-09-17T08:43:29.000Z</time>
        <extensions>
          <ns3:TrackPointExtension>
            <ns3:hr>146</ns3:hr>
            <ns3:cad>83</ns3:cad>
          </ns3:TrackPointExtension>
        </extensions>
      </trkpt>
      <trkpt lat="37.5105188973248004913330078125" lon="127.0508566685020923614501953125">
        <ele>54.200000762939453125</ele>
        <time>2026-09-17T08:43:30.000Z</time>
        <extensions>
          <ns3:TrackPointExtension>
            <ns3:hr>146</ns3:hr>
            <ns3:cad>83</ns3:cad>
          </ns3:TrackPointExtension>
        </extensions>
      </trkpt>
      <trkpt lat="37.51054823398590087890625" lon="127.05083847977221012115478515625">
        <ele>54.200000762939453125</ele>
        <time>2026-09-17T08:43:31.000Z</time>
        <extensions>
          <ns3:TrackPointExtension>
            <ns3:hr>145</ns3:hr>
            <ns3:cad>83</ns3:cad>
          </ns3:TrackPointExtension>
        </extensions>
      </trkpt>
      <trkpt lat="37.51056726090610027313232421875" lon="127.05081433989107608795166015625">
        <ele>54.200000762939453125</ele>
        <time>2026-09-17T08:43:32.000Z</time>
        <extensions>
          <ns3:TrackPointExtension>
            <ns3:hr>145</ns3:hr>
            <ns3:cad>83</ns3:cad>
          </ns3:TrackPointExtension>
        </extensions>
      </trkpt>
      <trkpt lat="37.5105923227965831756591796875" lon="127.050786428153514862060546875">
        <ele>54.40000152587890625</ele>
        <time>2026-09-17T08:43:33.000Z</time>
        <extensions>
          <ns3:TrackPointExtension>
            <ns3:hr>145</ns3:hr>
            <ns3:cad>83</ns3:cad>
          </ns3:TrackPointExtension>
        </extensions>
      </trkpt>
      <trkpt lat="37.5106188096106052398681640625" lon="127.0507668145000934600830078125">
        <ele>54.40000152587890625</ele>
        <time>2026-09-17T08:43:34.000Z</time>
        <extensions>
          <ns3:TrackPointExtension>
            <ns3:hr>145</ns3:hr>
            <ns3:cad>83</ns3:cad>
          </ns3:TrackPointExtension>
        </extensions>
      </trkpt>
      <trkpt lat="37.51063917763531208038330078125" lon="127.050754912197589874267578125">
        <ele>54.59999847412109375</ele>
        <time>2026-09-17T08:43:35.000Z</time>
        <extensions>
          <ns3:TrackPointExtension>
            <ns3:hr>146</ns3:hr>
            <ns3:cad>83</ns3:cad>
          </ns3:TrackPointExtension>
        </extensions>
      </trkpt>
      <trkpt lat="37.5106701068580150604248046875" lon="127.05073370598256587982177734375">
        <ele>54.59999847412109375</ele>
        <time>2026-09-17T08:43:36.000Z</time>
        <extensions>
          <ns3:TrackPointExtension>
            <ns3:hr>145</ns3:hr>
            <ns3:cad>83</ns3:cad>
          </ns3:TrackPointExtension>
        </extensions>
      </trkpt>
      <trkpt lat="37.51068745739758014678955078125" lon="127.0507143437862396240234375">
        <ele>54.799999237060546875</ele>
        <time>2026-09-17T08:43:37.000Z</time>
        <extensions>
          <ns3:TrackPointExtension>
            <ns3:hr>145</ns3:hr>
            <ns3:cad>82</ns3:cad>
          </ns3:TrackPointExtension>
        </extensions>
      </trkpt>
      <trkpt lat="37.51071251928806304931640625" lon="127.050692550837993621826171875">
        <ele>54.799999237060546875</ele>
        <time>2026-09-17T08:43:38.000Z</time>
        <extensions>
          <ns3:TrackPointExtension>
            <ns3:hr>146</ns3:hr>
            <ns3:cad>82</ns3:cad>
          </ns3:TrackPointExtension>
        </extensions>
      </trkpt>
      <trkpt lat="37.51073774881660938262939453125" lon="127.0506712608039379119873046875">
        <ele>55</ele>
        <time>2026-09-17T08:43:39.000Z</time>
        <extensions>
          <ns3:TrackPointExtension>
            <ns3:hr>145</ns3:hr>
            <ns3:cad>82</ns3:cad>
          </ns3:TrackPointExtension>
        </extensions>
      </trkpt>
      <trkpt lat="37.5107566080987453460693359375" lon="127.0506477914750576019287109375">
        <ele>55</ele>
        <time>2026-09-17T08:43:40.000Z</time>
        <extensions>
          <ns3:TrackPointExtension>
            <ns3:hr>144</ns3:hr>
            <ns3:cad>83</ns3:cad>
          </ns3:TrackPointExtension>
        </extensions>
      </trkpt>
      <trkpt lat="37.51077731139957904815673828125" lon="127.050624154508113861083984375">
        <ele>55.200000762939453125</ele>
        <time>2026-09-17T08:43:41.000Z</time>
        <extensions>
          <ns3:TrackPointExtension>
            <ns3:hr>143</ns3:hr>
            <ns3:cad>83</ns3:cad>
          </ns3:TrackPointExtension>
        </extensions>
      </trkpt>
      <trkpt lat="37.51080027781426906585693359375" lon="127.05060361884534358978271484375">
        <ele>55.40000152587890625</ele>
        <time>2026-09-17T08:43:42.000Z</time>
        <extensions>
          <ns3:TrackPointExtension>
            <ns3:hr>143</ns3:hr>
            <ns3:cad>83</ns3:cad>
          </ns3:TrackPointExtension>
        </extensions>
      </trkpt>
      <trkpt lat="37.51082257367670536041259765625" lon="127.05058249644935131072998046875">
        <ele>55.40000152587890625</ele>
        <time>2026-09-17T08:43:43.000Z</time>
        <extensions>
          <ns3:TrackPointExtension>
            <ns3:hr>143</ns3:hr>
            <ns3:cad>83</ns3:cad>
          </ns3:TrackPointExtension>
        </extensions>
      </trkpt>
      <trkpt lat="37.5108491443097591400146484375" lon="127.0505643077194690704345703125">
        <ele>55.40000152587890625</ele>
        <time>2026-09-17T08:43:44.000Z</time>
        <extensions>
          <ns3:TrackPointExtension>
            <ns3:hr>144</ns3:hr>
            <ns3:cad>83</ns3:cad>
          </ns3:TrackPointExtension>
        </extensions>
      </trkpt>
      <trkpt lat="37.510867081582546234130859375" lon="127.05054578371345996856689453125">
        <ele>55.59999847412109375</ele>
        <time>2026-09-17T08:43:45.000Z</time>
        <extensions>
          <ns3:TrackPointExtension>
            <ns3:hr>143</ns3:hr>
            <ns3:cad>83</ns3:cad>
          </ns3:TrackPointExtension>
        </extensions>
      </trkpt>
      <trkpt lat="37.51089013181626796722412109375" lon="127.05051862634718418121337890625">
        <ele>55.59999847412109375</ele>
        <time>2026-09-17T08:43:46.000Z</time>
        <extensions>
          <ns3:TrackPointExtension>
            <ns3:hr>144</ns3:hr>
            <ns3:cad>83</ns3:cad>
          </ns3:TrackPointExtension>
        </extensions>
      </trkpt>
      <trkpt lat="37.51091544516384601593017578125" lon="127.05049767158925533294677734375">
        <ele>55.799999237060546875</ele>
        <time>2026-09-17T08:43:47.000Z</time>
        <extensions>
          <ns3:TrackPointExtension>
            <ns3:hr>144</ns3:hr>
            <ns3:cad>83</ns3:cad>
          </ns3:TrackPointExtension>
        </extensions>
      </trkpt>
      <trkpt lat="37.51093589700758457183837890625" lon="127.05047403462231159210205078125">
        <ele>56</ele>
        <time>2026-09-17T08:43:48.000Z</time>
        <extensions>
          <ns3:TrackPointExtension>
            <ns3:hr>144</ns3:hr>
            <ns3:cad>83</ns3:cad>
          </ns3:TrackPointExtension>
        </extensions>
      </trkpt>
      <trkpt lat="37.510962300002574920654296875" lon="127.05045173875987529754638671875">
        <ele>56</ele>
        <time>2026-09-17T08:43:49.000Z</time>
        <extensions>
          <ns3:TrackPointExtension>
            <ns3:hr>144</ns3:hr>
            <ns3:cad>83</ns3:cad>
          </ns3:TrackPointExtension>
        </extensions>
      </trkpt>
      <trkpt lat="37.5109872780740261077880859375" lon="127.0504301972687244415283203125">
        <ele>56.200000762939453125</ele>
        <time>2026-09-17T08:43:50.000Z</time>
        <extensions>
          <ns3:TrackPointExtension>
            <ns3:hr>144</ns3:hr>
            <ns3:cad>83</ns3:cad>
          </ns3:TrackPointExtension>
        </extensions>
      </trkpt>
      <trkpt lat="37.51100949011743068695068359375" lon="127.0504057221114635467529296875">
        <ele>56.200000762939453125</ele>
        <time>2026-09-17T08:43:51.000Z</time>
        <extensions>
          <ns3:TrackPointExtension>
            <ns3:hr>144</ns3:hr>
            <ns3:cad>83</ns3:cad>
          </ns3:TrackPointExtension>
        </extensions>
      </trkpt>
      <trkpt lat="37.51103572547435760498046875" lon="127.05038468353450298309326171875">
        <ele>56.40000152587890625</ele>
        <time>2026-09-17T08:43:52.000Z</time>
        <extensions>
          <ns3:TrackPointExtension>
            <ns3:hr>144</ns3:hr>
            <ns3:cad>83</ns3:cad>
          </ns3:TrackPointExtension>
        </extensions>
      </trkpt>
      <trkpt lat="37.511057518422603607177734375" lon="127.0503668300807476043701171875">
        <ele>56.59999847412109375</ele>
        <time>2026-09-17T08:43:53.000Z</time>
        <extensions>
          <ns3:TrackPointExtension>
            <ns3:hr>144</ns3:hr>
            <ns3:cad>83</ns3:cad>
          </ns3:TrackPointExtension>
        </extensions>
      </trkpt>
      <trkpt lat="37.51107721589505672454833984375" lon="127.05035082064568996429443359375">
        <ele>56.59999847412109375</ele>
        <time>2026-09-17T08:43:54.000Z</time>
        <extensions>
          <ns3:TrackPointExtension>
            <ns3:hr>144</ns3:hr>
            <ns3:cad>83</ns3:cad>
          </ns3:TrackPointExtension>
        </extensions>
      </trkpt>
      <trkpt lat="37.51109649427235126495361328125" lon="127.050325758755207061767578125">
        <ele>56.59999847412109375</ele>
        <time>2026-09-17T08:43:55.000Z</time>
        <extensions>
          <ns3:TrackPointExtension>
            <ns3:hr>145</ns3:hr>
            <ns3:cad>83</ns3:cad>
          </ns3:TrackPointExtension>
        </extensions>
      </trkpt>
      <trkpt lat="37.51111359335482120513916015625" lon="127.05030187033116817474365234375">
        <ele>56.799999237060546875</ele>
        <time>2026-09-17T08:43:56.000Z</time>
        <extensions>
          <ns3:TrackPointExtension>
            <ns3:hr>145</ns3:hr>
            <ns3:cad>83</ns3:cad>
          </ns3:TrackPointExtension>
        </extensions>
      </trkpt>
      <trkpt lat="37.51113840378820896148681640625" lon="127.050281502306461334228515625">
        <ele>57</ele>
        <time>2026-09-17T08:43:57.000Z</time>
        <extensions>
          <ns3:TrackPointExtension>
            <ns3:hr>145</ns3:hr>
            <ns3:cad>83</ns3:cad>
          </ns3:TrackPointExtension>
        </extensions>
      </trkpt>
      <trkpt lat="37.51115399412810802459716796875" lon="127.050262391567230224609375">
        <ele>57.200000762939453125</ele>
        <time>2026-09-17T08:43:58.000Z</time>
        <extensions>
          <ns3:TrackPointExtension>
            <ns3:hr>145</ns3:hr>
            <ns3:cad>83</ns3:cad>
          </ns3:TrackPointExtension>
        </extensions>
      </trkpt>
      <trkpt lat="37.51118081621825695037841796875" lon="127.05023230053484439849853515625">
        <ele>57.40000152587890625</ele>
        <time>2026-09-17T08:43:59.000Z</time>
        <extensions>
          <ns3:TrackPointExtension>
            <ns3:hr>146</ns3:hr>
            <ns3:cad>83</ns3:cad>
          </ns3:TrackPointExtension>
        </extensions>
      </trkpt>
      <trkpt lat="37.51120612956583499908447265625" lon="127.050210423767566680908203125">
        <ele>57.59999847412109375</ele>
        <time>2026-09-17T08:44:00.000Z</time>
        <extensions>
          <ns3:TrackPointExtension>
            <ns3:hr>146</ns3:hr>
            <ns3:cad>83</ns3:cad>
          </ns3:TrackPointExtension>
        </extensions>
      </trkpt>
      <trkpt lat="37.51121534965932369232177734375" lon="127.05018200911581516265869140625">
        <ele>57.799999237060546875</ele>
        <time>2026-09-17T08:44:01.000Z</time>
        <extensions>
          <ns3:TrackPointExtension>
            <ns3:hr>146</ns3:hr>
            <ns3:cad>83</ns3:cad>
          </ns3:TrackPointExtension>
        </extensions>
      </trkpt>
      <trkpt lat="37.5112202949821949005126953125" lon="127.05015242099761962890625">
        <ele>58</ele>
        <time>2026-09-17T08:44:02.000Z</time>
        <extensions>
          <ns3:TrackPointExtension>
            <ns3:hr>146</ns3:hr>
            <ns3:cad>83</ns3:cad>
          </ns3:TrackPointExtension>
        </extensions>
      </trkpt>
      <trkpt lat="37.5112219713628292083740234375" lon="127.05011822283267974853515625">
        <ele>58.40000152587890625</ele>
        <time>2026-09-17T08:44:03.000Z</time>
        <extensions>
          <ns3:TrackPointExtension>
            <ns3:hr>147</ns3:hr>
            <ns3:cad>83</ns3:cad>
          </ns3:TrackPointExtension>
        </extensions>
      </trkpt>
      <trkpt lat="37.5112169422209262847900390625" lon="127.05009886063635349273681640625">
        <ele>58.799999237060546875</ele>
        <time>2026-09-17T08:44:04.000Z</time>
        <extensions>
          <ns3:TrackPointExtension>
            <ns3:hr>146</ns3:hr>
            <ns3:cad>83</ns3:cad>
          </ns3:TrackPointExtension>
        </extensions>
      </trkpt>
      <trkpt lat="37.511205375194549560546875" lon="127.05007337965071201324462890625">
        <ele>59.200000762939453125</ele>
        <time>2026-09-17T08:44:05.000Z</time>
        <extensions>
          <ns3:TrackPointExtension>
            <ns3:hr>146</ns3:hr>
            <ns3:cad>83</ns3:cad>
          </ns3:TrackPointExtension>
        </extensions>
      </trkpt>
      <trkpt lat="37.51119799911975860595703125" lon="127.05004001967608928680419921875">
        <ele>59.799999237060546875</ele>
        <time>2026-09-17T08:44:06.000Z</time>
        <extensions>
          <ns3:TrackPointExtension>
            <ns3:hr>146</ns3:hr>
            <ns3:cad>83</ns3:cad>
          </ns3:TrackPointExtension>
        </extensions>
      </trkpt>
      <trkpt lat="37.5111891143023967742919921875" lon="127.05002107657492160797119140625">
        <ele>60.40000152587890625</ele>
        <time>2026-09-17T08:44:07.000Z</time>
        <extensions>
          <ns3:TrackPointExtension>
            <ns3:hr>146</ns3:hr>
            <ns3:cad>80</ns3:cad>
          </ns3:TrackPointExtension>
        </extensions>
      </trkpt>
      <trkpt lat="37.51118131913244724273681640625" lon="127.049988470971584320068359375">
        <ele>60.799999237060546875</ele>
        <time>2026-09-17T08:44:08.000Z</time>
        <extensions>
          <ns3:TrackPointExtension>
            <ns3:hr>147</ns3:hr>
            <ns3:cad>77</ns3:cad>
          </ns3:TrackPointExtension>
        </extensions>
      </trkpt>
      <trkpt lat="37.511172853410243988037109375" lon="127.04996072687208652496337890625">
        <ele>61</ele>
        <time>2026-09-17T08:44:09.000Z</time>
        <extensions>
          <ns3:TrackPointExtension>
            <ns3:hr>146</ns3:hr>
            <ns3:cad>77</ns3:cad>
          </ns3:TrackPointExtension>
        </extensions>
      </trkpt>
      <trkpt lat="37.51116254366934299468994140625" lon="127.04994245432317256927490234375">
        <ele>61.59999847412109375</ele>
        <time>2026-09-17T08:44:10.000Z</time>
        <extensions>
          <ns3:TrackPointExtension>
            <ns3:hr>146</ns3:hr>
            <ns3:cad>80</ns3:cad>
          </ns3:TrackPointExtension>
        </extensions>
      </trkpt>
      <trkpt lat="37.51115097664296627044677734375" lon="127.04991311766207218170166015625">
        <ele>62</ele>
        <time>2026-09-17T08:44:11.000Z</time>
        <extensions>
          <ns3:TrackPointExtension>
            <ns3:hr>147</ns3:hr>
            <ns3:cad>80</ns3:cad>
          </ns3:TrackPointExtension>
        </extensions>
      </trkpt>
      <trkpt lat="37.5111438520252704620361328125" lon="127.04988411627709865570068359375">
        <ele>62.40000152587890625</ele>
        <time>2026-09-17T08:44:12.000Z</time>
        <extensions>
          <ns3:TrackPointExtension>
            <ns3:hr>147</ns3:hr>
            <ns3:cad>80</ns3:cad>
          </ns3:TrackPointExtension>
        </extensions>
      </trkpt>
      <trkpt lat="37.511142008006572723388671875" lon="127.0498746447265148162841796875">
        <ele>62.799999237060546875</ele>
        <time>2026-09-17T08:44:13.000Z</time>
        <extensions>
          <ns3:TrackPointExtension>
            <ns3:hr>146</ns3:hr>
            <ns3:cad>79</ns3:cad>
          </ns3:TrackPointExtension>
        </extensions>
      </trkpt>
      <trkpt lat="37.51113421283662319183349609375" lon="127.04985343851149082183837890625">
        <ele>63</ele>
        <time>2026-09-17T08:44:14.000Z</time>
        <extensions>
          <ns3:TrackPointExtension>
            <ns3:hr>146</ns3:hr>
            <ns3:cad>79</ns3:cad>
          </ns3:TrackPointExtension>
        </extensions>
      </trkpt>
      <trkpt lat="37.51112381927669048309326171875" lon="127.049822174012660980224609375">
        <ele>63.40000152587890625</ele>
        <time>2026-09-17T08:44:15.000Z</time>
        <extensions>
          <ns3:TrackPointExtension>
            <ns3:hr>147</ns3:hr>
            <ns3:cad>79</ns3:cad>
          </ns3:TrackPointExtension>
        </extensions>
      </trkpt>
      <trkpt lat="37.511117868125438690185546875" lon="127.049800045788288116455078125">
        <ele>63.799999237060546875</ele>
        <time>2026-09-17T08:44:16.000Z</time>
        <extensions>
          <ns3:TrackPointExtension>
            <ns3:hr>147</ns3:hr>
            <ns3:cad>79</ns3:cad>
          </ns3:TrackPointExtension>
        </extensions>
      </trkpt>
      <trkpt lat="37.51111208461225032806396484375" lon="127.04978101886808872222900390625">
        <ele>64.1999969482421875</ele>
        <time>2026-09-17T08:44:17.000Z</time>
        <extensions>
          <ns3:TrackPointExtension>
            <ns3:hr>147</ns3:hr>
            <ns3:cad>79</ns3:cad>
          </ns3:TrackPointExtension>
        </extensions>
      </trkpt>
      <trkpt lat="37.51110454089939594268798828125" lon="127.04975612461566925048828125">
        <ele>64.59999847412109375</ele>
        <time>2026-09-17T08:44:18.000Z</time>
        <extensions>
          <ns3:TrackPointExtension>
            <ns3:hr>148</ns3:hr>
            <ns3:cad>79</ns3:cad>
          </ns3:TrackPointExtension>
        </extensions>
      </trkpt>
      <trkpt lat="37.51109481789171695709228515625" lon="127.0497286319732666015625">
        <ele>65.1999969482421875</ele>
        <time>2026-09-17T08:44:19.000Z</time>
        <extensions>
          <ns3:TrackPointExtension>
            <ns3:hr>149</ns3:hr>
            <ns3:cad>78</ns3:cad>
          </ns3:TrackPointExtension>
        </extensions>
      </trkpt>
      <trkpt lat="37.51108660362660884857177734375" lon="127.04971664585173130035400390625">
        <ele>65.59999847412109375</ele>
        <time>2026-09-17T08:44:20.000Z</time>
        <extensions>
          <ns3:TrackPointExtension>
            <ns3:hr>149</ns3:hr>
            <ns3:cad>77</ns3:cad>
          </ns3:TrackPointExtension>
        </extensions>
      </trkpt>
      <trkpt lat="37.5110771320760250091552734375" lon="127.04969485290348529815673828125">
        <ele>66</ele>
        <time>2026-09-17T08:44:21.000Z</time>
        <extensions>
          <ns3:TrackPointExtension>
            <ns3:hr>150</ns3:hr>
            <ns3:cad>77</ns3:cad>
          </ns3:TrackPointExtension>
        </extensions>
      </trkpt>
      <trkpt lat="37.51106648705899715423583984375" lon="127.04966224730014801025390625">
        <ele>66.40000152587890625</ele>
        <time>2026-09-17T08:44:22.000Z</time>
        <extensions>
          <ns3:TrackPointExtension>
            <ns3:hr>150</ns3:hr>
            <ns3:cad>76</ns3:cad>
          </ns3:TrackPointExtension>
        </extensions>
      </trkpt>
      <trkpt lat="37.51105609349906444549560546875" lon="127.04964724369347095489501953125">
        <ele>66.59999847412109375</ele>
        <time>2026-09-17T08:44:23.000Z</time>
        <extensions>
          <ns3:TrackPointExtension>
            <ns3:hr>151</ns3:hr>
            <ns3:cad>76</ns3:cad>
          </ns3:TrackPointExtension>
        </extensions>
      </trkpt>
      <trkpt lat="37.5110476277768611907958984375" lon="127.049627043306827545166015625">
        <ele>67</ele>
        <time>2026-09-17T08:44:24.000Z</time>
        <extensions>
          <ns3:TrackPointExtension>
            <ns3:hr>151</ns3:hr>
            <ns3:cad>76</ns3:cad>
          </ns3:TrackPointExtension>
        </extensions>
      </trkpt>
      <trkpt lat="37.51103647984564304351806640625" lon="127.0495958626270294189453125">
        <ele>67.40000152587890625</ele>
        <time>2026-09-17T08:44:25.000Z</time>
        <extensions>
          <ns3:TrackPointExtension>
            <ns3:hr>151</ns3:hr>
            <ns3:cad>77</ns3:cad>
          </ns3:TrackPointExtension>
        </extensions>
      </trkpt>
      <trkpt lat="37.51103103160858154296875" lon="127.04956945963203907012939453125">
        <ele>67.8000030517578125</ele>
        <time>2026-09-17T08:44:26.000Z</time>
        <extensions>
          <ns3:TrackPointExtension>
            <ns3:hr>152</ns3:hr>
            <ns3:cad>78</ns3:cad>
          </ns3:TrackPointExtension>
        </extensions>
      </trkpt>
      <trkpt lat="37.51102390699088573455810546875" lon="127.049553282558917999267578125">
        <ele>68</ele>
        <time>2026-09-17T08:44:27.000Z</time>
        <extensions>
          <ns3:TrackPointExtension>
            <ns3:hr>152</ns3:hr>
            <ns3:cad>78</ns3:cad>
          </ns3:TrackPointExtension>
        </extensions>
      </trkpt>
      <trkpt lat="37.51101569272577762603759765625" lon="127.0495252870023250579833984375">
        <ele>68.40000152587890625</ele>
        <time>2026-09-17T08:44:28.000Z</time>
        <extensions>
          <ns3:TrackPointExtension>
            <ns3:hr>152</ns3:hr>
            <ns3:cad>78</ns3:cad>
          </ns3:TrackPointExtension>
        </extensions>
      </trkpt>
      <trkpt lat="37.5110060535371303558349609375" lon="127.04949569888412952423095703125">
        <ele>68.59999847412109375</ele>
        <time>2026-09-17T08:44:29.000Z</time>
        <extensions>
          <ns3:TrackPointExtension>
            <ns3:hr>153</ns3:hr>
            <ns3:cad>78</ns3:cad>
          </ns3:TrackPointExtension>
        </extensions>
      </trkpt>
      <trkpt lat="37.511001192033290863037109375" lon="127.0494719780981540679931640625">
        <ele>69.1999969482421875</ele>
        <time>2026-09-17T08:44:30.000Z</time>
        <extensions>
          <ns3:TrackPointExtension>
            <ns3:hr>153</ns3:hr>
            <ns3:cad>78</ns3:cad>
          </ns3:TrackPointExtension>
        </extensions>
      </trkpt>
      <trkpt lat="37.51099306158721446990966796875" lon="127.049439288675785064697265625">
        <ele>69.59999847412109375</ele>
        <time>2026-09-17T08:44:31.000Z</time>
        <extensions>
          <ns3:TrackPointExtension>
            <ns3:hr>153</ns3:hr>
            <ns3:cad>77</ns3:cad>
          </ns3:TrackPointExtension>
        </extensions>
      </trkpt>
      <trkpt lat="37.51098417676985263824462890625" lon="127.04940877854824066162109375">
        <ele>70</ele>
        <time>2026-09-17T08:44:32.000Z</time>
        <extensions>
          <ns3:TrackPointExtension>
            <ns3:hr>154</ns3:hr>
            <ns3:cad>77</ns3:cad>
          </ns3:TrackPointExtension>
        </extensions>
      </trkpt>
      <trkpt lat="37.51096992753446102142333984375" lon="127.0493898354470729827880859375">
        <ele>70</ele>
        <time>2026-09-17T08:44:33.000Z</time>
        <extensions>
          <ns3:TrackPointExtension>
            <ns3:hr>154</ns3:hr>
            <ns3:cad>77</ns3:cad>
          </ns3:TrackPointExtension>
        </extensions>
      </trkpt>
      <trkpt lat="37.5109577737748622894287109375" lon="127.0493519492447376251220703125">
        <ele>70.1999969482421875</ele>
        <time>2026-09-17T08:44:34.000Z</time>
        <extensions>
          <ns3:TrackPointExtension>
            <ns3:hr>154</ns3:hr>
            <ns3:cad>78</ns3:cad>
          </ns3:TrackPointExtension>
        </extensions>
      </trkpt>
      <trkpt lat="37.51095433719456195831298828125" lon="127.04931381158530712127685546875">
        <ele>70.1999969482421875</ele>
        <time>2026-09-17T08:44:35.000Z</time>
        <extensions>
          <ns3:TrackPointExtension>
            <ns3:hr>154</ns3:hr>
            <ns3:cad>78</ns3:cad>
          </ns3:TrackPointExtension>
        </extensions>
      </trkpt>
      <trkpt lat="37.510944865643978118896484375" lon="127.04928698949515819549560546875">
        <ele>70.40000152587890625</ele>
        <time>2026-09-17T08:44:36.000Z</time>
        <extensions>
          <ns3:TrackPointExtension>
            <ns3:hr>155</ns3:hr>
            <ns3:cad>78</ns3:cad>
          </ns3:TrackPointExtension>
        </extensions>
      </trkpt>
      <trkpt lat="37.51093522645533084869384765625" lon="127.04925279133021831512451171875">
        <ele>70.59999847412109375</ele>
        <time>2026-09-17T08:44:37.000Z</time>
        <extensions>
          <ns3:TrackPointExtension>
            <ns3:hr>155</ns3:hr>
            <ns3:cad>79</ns3:cad>
          </ns3:TrackPointExtension>
        </extensions>
      </trkpt>
      <trkpt lat="37.5109322927892208099365234375" lon="127.04922010190784931182861328125">
        <ele>70.59999847412109375</ele>
        <time>2026-09-17T08:44:38.000Z</time>
        <extensions>
          <ns3:TrackPointExtension>
            <ns3:hr>156</ns3:hr>
            <ns3:cad>80</ns3:cad>
          </ns3:TrackPointExtension>
        </extensions>
      </trkpt>
      <trkpt lat="37.51092935912311077117919921875" lon="127.049193866550922393798828125">
        <ele>70.59999847412109375</ele>
        <time>2026-09-17T08:44:39.000Z</time>
        <extensions>
          <ns3:TrackPointExtension>
            <ns3:hr>156</ns3:hr>
            <ns3:cad>80</ns3:cad>
          </ns3:TrackPointExtension>
        </extensions>
      </trkpt>
      <trkpt lat="37.51092533580958843231201171875" lon="127.04915422014892101287841796875">
        <ele>70.59999847412109375</ele>
        <time>2026-09-17T08:44:40.000Z</time>
        <extensions>
          <ns3:TrackPointExtension>
            <ns3:hr>156</ns3:hr>
            <ns3:cad>81</ns3:cad>
          </ns3:TrackPointExtension>
        </extensions>
      </trkpt>
      <trkpt lat="37.51091645099222660064697265625" lon="127.04912371002137660980224609375">
        <ele>70.1999969482421875</ele>
        <time>2026-09-17T08:44:41.000Z</time>
        <extensions>
          <ns3:TrackPointExtension>
            <ns3:hr>157</ns3:hr>
            <ns3:cad>81</ns3:cad>
          </ns3:TrackPointExtension>
        </extensions>
      </trkpt>
      <trkpt lat="37.510907985270023345947265625" lon="127.049102671444416046142578125">
        <ele>69.59999847412109375</ele>
        <time>2026-09-17T08:44:42.000Z</time>
        <extensions>
          <ns3:TrackPointExtension>
            <ns3:hr>157</ns3:hr>
            <ns3:cad>81</ns3:cad>
          </ns3:TrackPointExtension>
        </extensions>
      </trkpt>
      <trkpt lat="37.5108950771391391754150390625" lon="127.0490656234323978424072265625">
        <ele>69</ele>
        <time>2026-09-17T08:44:43.000Z</time>
        <extensions>
          <ns3:TrackPointExtension>
            <ns3:hr>157</ns3:hr>
            <ns3:cad>81</ns3:cad>
          </ns3:TrackPointExtension>
        </extensions>
      </trkpt>
      <trkpt lat="37.510881833732128143310546875" lon="127.0490334369242191314697265625">
        <ele>68.1999969482421875</ele>
        <time>2026-09-17T08:44:44.000Z</time>
        <extensions>
          <ns3:TrackPointExtension>
            <ns3:hr>157</ns3:hr>
            <ns3:cad>81</ns3:cad>
          </ns3:TrackPointExtension>
        </extensions>
      </trkpt>
      <trkpt lat="37.51086716540157794952392578125" lon="127.049006782472133636474609375">
        <ele>67.8000030517578125</ele>
        <time>2026-09-17T08:44:45.000Z</time>
        <extensions>
          <ns3:TrackPointExtension>
            <ns3:hr>157</ns3:hr>
            <ns3:cad>81</ns3:cad>
          </ns3:TrackPointExtension>
        </extensions>
      </trkpt>
      <trkpt lat="37.51084889285266399383544921875" lon="127.04897115938365459442138671875">
        <ele>67.1999969482421875</ele>
        <time>2026-09-17T08:44:46.000Z</time>
        <extensions>
          <ns3:TrackPointExtension>
            <ns3:hr>157</ns3:hr>
            <ns3:cad>81</ns3:cad>
          </ns3:TrackPointExtension>
        </extensions>
      </trkpt>
      <trkpt lat="37.5108307041227817535400390625" lon="127.048926651477813720703125">
        <ele>66.59999847412109375</ele>
        <time>2026-09-17T08:44:47.000Z</time>
        <extensions>
          <ns3:TrackPointExtension>
            <ns3:hr>156</ns3:hr>
            <ns3:cad>81</ns3:cad>
          </ns3:TrackPointExtension>
        </extensions>
      </trkpt>
      <trkpt lat="37.51082240603864192962646484375" lon="127.04889572225511074066162109375">
        <ele>66.1999969482421875</ele>
        <time>2026-09-17T08:44:48.000Z</time>
        <extensions>
          <ns3:TrackPointExtension>
            <ns3:hr>156</ns3:hr>
            <ns3:cad>81</ns3:cad>
          </ns3:TrackPointExtension>
        </extensions>
      </trkpt>
      <trkpt lat="37.51080916263163089752197265625" lon="127.04884844832122325897216796875">
        <ele>65.8000030517578125</ele>
        <time>2026-09-17T08:44:49.000Z</time>
        <extensions>
          <ns3:TrackPointExtension>
            <ns3:hr>156</ns3:hr>
            <ns3:cad>87</ns3:cad>
          </ns3:TrackPointExtension>
        </extensions>
      </trkpt>
      <trkpt lat="37.510795332491397857666015625" lon="127.0488178543746471405029296875">
        <ele>65.8000030517578125</ele>
        <time>2026-09-17T08:44:50.000Z</time>
        <extensions>
          <ns3:TrackPointExtension>
            <ns3:hr>156</ns3:hr>
            <ns3:cad>87</ns3:cad>
          </ns3:TrackPointExtension>
        </extensions>
      </trkpt>
      <trkpt lat="37.510782591998577117919921875" lon="127.0487799681723117828369140625">
        <ele>65.8000030517578125</ele>
        <time>2026-09-17T08:44:51.000Z</time>
        <extensions>
          <ns3:TrackPointExtension>
            <ns3:hr>156</ns3:hr>
            <ns3:cad>87</ns3:cad>
          </ns3:TrackPointExtension>
        </extensions>
      </trkpt>
      <trkpt lat="37.51077094115316867828369140625" lon="127.04874048940837383270263671875">
        <ele>65.8000030517578125</ele>
        <time>2026-09-17T08:44:52.000Z</time>
        <extensions>
          <ns3:TrackPointExtension>
            <ns3:hr>155</ns3:hr>
            <ns3:cad>86</ns3:cad>
          </ns3:TrackPointExtension>
        </extensions>
      </trkpt>
      <trkpt lat="37.5107616372406482696533203125" lon="127.0487107336521148681640625">
        <ele>65.8000030517578125</ele>
        <time>2026-09-17T08:44:53.000Z</time>
        <extensions>
          <ns3:TrackPointExtension>
            <ns3:hr>155</ns3:hr>
            <ns3:cad>86</ns3:cad>
          </ns3:TrackPointExtension>
        </extensions>
      </trkpt>
      <trkpt lat="37.5107633136212825775146484375" lon="127.04866178333759307861328125">
        <ele>65.8000030517578125</ele>
        <time>2026-09-17T08:44:54.000Z</time>
        <extensions>
          <ns3:TrackPointExtension>
            <ns3:hr>154</ns3:hr>
            <ns3:cad>86</ns3:cad>
          </ns3:TrackPointExtension>
        </extensions>
      </trkpt>
      <trkpt lat="37.5107569433748722076416015625" lon="127.0486324466764926910400390625">
        <ele>65.8000030517578125</ele>
        <time>2026-09-17T08:44:55.000Z</time>
        <extensions>
          <ns3:TrackPointExtension>
            <ns3:hr>154</ns3:hr>
            <ns3:cad>86</ns3:cad>
          </ns3:TrackPointExtension>
        </extensions>
      </trkpt>
      <trkpt lat="37.5107425265014171600341796875" lon="127.04859380610287189483642578125">
        <ele>65.8000030517578125</ele>
        <time>2026-09-17T08:44:56.000Z</time>
        <extensions>
          <ns3:TrackPointExtension>
            <ns3:hr>154</ns3:hr>
            <ns3:cad>86</ns3:cad>
          </ns3:TrackPointExtension>
        </extensions>
      </trkpt>
      <trkpt lat="37.51073665916919708251953125" lon="127.048556841909885406494140625">
        <ele>65.8000030517578125</ele>
        <time>2026-09-17T08:44:57.000Z</time>
        <extensions>
          <ns3:TrackPointExtension>
            <ns3:hr>154</ns3:hr>
            <ns3:cad>86</ns3:cad>
          </ns3:TrackPointExtension>
        </extensions>
      </trkpt>
      <trkpt lat="37.5107301212847232818603515625" lon="127.04853161238133907318115234375">
        <ele>65.8000030517578125</ele>
        <time>2026-09-17T08:44:58.000Z</time>
        <extensions>
          <ns3:TrackPointExtension>
            <ns3:hr>154</ns3:hr>
            <ns3:cad>84</ns3:cad>
          </ns3:TrackPointExtension>
        </extensions>
      </trkpt>
      <trkpt lat="37.51072467304766178131103515625" lon="127.0484869368374347686767578125">
        <ele>65.8000030517578125</ele>
        <time>2026-09-17T08:44:59.000Z</time>
        <extensions>
          <ns3:TrackPointExtension>
            <ns3:hr>154</ns3:hr>
            <ns3:cad>84</ns3:cad>
          </ns3:TrackPointExtension>
        </extensions>
      </trkpt>
      <trkpt lat="37.51071654260158538818359375" lon="127.04845835454761981964111328125">
        <ele>65.8000030517578125</ele>
        <time>2026-09-17T08:45:00.000Z</time>
        <extensions>
          <ns3:TrackPointExtension>
            <ns3:hr>153</ns3:hr>
            <ns3:cad>84</ns3:cad>
          </ns3:TrackPointExtension>
        </extensions>
      </trkpt>
      <trkpt lat="37.51070187427103519439697265625" lon="127.04842164181172847747802734375">
        <ele>65.8000030517578125</ele>
        <time>2026-09-17T08:45:01.000Z</time>
        <extensions>
          <ns3:TrackPointExtension>
            <ns3:hr>153</ns3:hr>
            <ns3:cad>83</ns3:cad>
          </ns3:TrackPointExtension>
        </extensions>
      </trkpt>
      <trkpt lat="37.5106895528733730316162109375" lon="127.048387862741947174072265625">
        <ele>65.8000030517578125</ele>
        <time>2026-09-17T08:45:02.000Z</time>
        <extensions>
          <ns3:TrackPointExtension>
            <ns3:hr>154</ns3:hr>
            <ns3:cad>83</ns3:cad>
          </ns3:TrackPointExtension>
        </extensions>
      </trkpt>
      <trkpt lat="37.51067672856152057647705078125" lon="127.048359699547290802001953125">
        <ele>65.8000030517578125</ele>
        <time>2026-09-17T08:45:03.000Z</time>
        <extensions>
          <ns3:TrackPointExtension>
            <ns3:hr>154</ns3:hr>
            <ns3:cad>83</ns3:cad>
          </ns3:TrackPointExtension>
        </extensions>
      </trkpt>
      <trkpt lat="37.51066532917320728302001953125" lon="127.0483137667179107666015625">
        <ele>65.8000030517578125</ele>
        <time>2026-09-17T08:45:04.000Z</time>
        <extensions>
          <ns3:TrackPointExtension>
            <ns3:hr>154</ns3:hr>
            <ns3:cad>84</ns3:cad>
          </ns3:TrackPointExtension>
        </extensions>
      </trkpt>
      <trkpt lat="37.5106556899845600128173828125" lon="127.048283927142620086669921875">
        <ele>66</ele>
        <time>2026-09-17T08:45:05.000Z</time>
        <extensions>
          <ns3:TrackPointExtension>
            <ns3:hr>155</ns3:hr>
            <ns3:cad>84</ns3:cad>
          </ns3:TrackPointExtension>
        </extensions>
      </trkpt>
      <trkpt lat="37.5106389261782169342041015625" lon="127.04824310727417469024658203125">
        <ele>66</ele>
        <time>2026-09-17T08:45:06.000Z</time>
        <extensions>
          <ns3:TrackPointExtension>
            <ns3:hr>155</ns3:hr>
            <ns3:cad>84</ns3:cad>
          </ns3:TrackPointExtension>
        </extensions>
      </trkpt>
      <trkpt lat="37.51062844879925251007080078125" lon="127.04820438288152217864990234375">
        <ele>66.1999969482421875</ele>
        <time>2026-09-17T08:45:07.000Z</time>
        <extensions>
          <ns3:TrackPointExtension>
            <ns3:hr>154</ns3:hr>
            <ns3:cad>83</ns3:cad>
          </ns3:TrackPointExtension>
        </extensions>
      </trkpt>
      <trkpt lat="37.51061101444065570831298828125" lon="127.048178650438785552978515625">
        <ele>66.1999969482421875</ele>
        <time>2026-09-17T08:45:08.000Z</time>
        <extensions>
          <ns3:TrackPointExtension>
            <ns3:hr>154</ns3:hr>
            <ns3:cad>83</ns3:cad>
          </ns3:TrackPointExtension>
        </extensions>
      </trkpt>
      <trkpt lat="37.51059659756720066070556640625" lon="127.0481362380087375640869140625">
        <ele>66.40000152587890625</ele>
        <time>2026-09-17T08:45:09.000Z</time>
        <extensions>
          <ns3:TrackPointExtension>
            <ns3:hr>154</ns3:hr>
            <ns3:cad>83</ns3:cad>
          </ns3:TrackPointExtension>
        </extensions>
      </trkpt>
      <trkpt lat="37.5105896405875682830810546875" lon="127.04810581170022487640380859375">
        <ele>66.59999847412109375</ele>
        <time>2026-09-17T08:45:10.000Z</time>
        <extensions>
          <ns3:TrackPointExtension>
            <ns3:hr>154</ns3:hr>
            <ns3:cad>84</ns3:cad>
          </ns3:TrackPointExtension>
        </extensions>
      </trkpt>
      <trkpt lat="37.51058645546436309814453125" lon="127.04807144589722156524658203125">
        <ele>66.8000030517578125</ele>
        <time>2026-09-17T08:45:11.000Z</time>
        <extensions>
          <ns3:TrackPointExtension>
            <ns3:hr>154</ns3:hr>
            <ns3:cad>84</ns3:cad>
          </ns3:TrackPointExtension>
        </extensions>
      </trkpt>
      <trkpt lat="37.51057513989508152008056640625" lon="127.048033811151981353759765625">
        <ele>67</ele>
        <time>2026-09-17T08:45:12.000Z</time>
        <extensions>
          <ns3:TrackPointExtension>
            <ns3:hr>153</ns3:hr>
            <ns3:cad>84</ns3:cad>
          </ns3:TrackPointExtension>
        </extensions>
      </trkpt>
      <trkpt lat="37.510570026934146881103515625" lon="127.048009000718593597412109375">
        <ele>67.40000152587890625</ele>
        <time>2026-09-17T08:45:13.000Z</time>
        <extensions>
          <ns3:TrackPointExtension>
            <ns3:hr>153</ns3:hr>
            <ns3:cad>83</ns3:cad>
          </ns3:TrackPointExtension>
        </extensions>
      </trkpt>
      <trkpt lat="37.5105655007064342498779296875" lon="127.04797740094363689422607421875">
        <ele>68</ele>
        <time>2026-09-17T08:45:14.000Z</time>
        <extensions>
          <ns3:TrackPointExtension>
            <ns3:hr>152</ns3:hr>
            <ns3:cad>83</ns3:cad>
          </ns3:TrackPointExtension>
        </extensions>
      </trkpt>
      <trkpt lat="37.510553933680057525634765625" lon="127.047942616045475006103515625">
        <ele>68.40000152587890625</ele>
        <time>2026-09-17T08:45:15.000Z</time>
        <extensions>
          <ns3:TrackPointExtension>
            <ns3:hr>152</ns3:hr>
            <ns3:cad>83</ns3:cad>
          </ns3:TrackPointExtension>
        </extensions>
      </trkpt>
      <trkpt lat="37.51054664142429828643798828125" lon="127.04792015254497528076171875">
        <ele>68.8000030517578125</ele>
        <time>2026-09-17T08:45:16.000Z</time>
        <extensions>
          <ns3:TrackPointExtension>
            <ns3:hr>152</ns3:hr>
            <ns3:cad>81</ns3:cad>
          </ns3:TrackPointExtension>
        </extensions>
      </trkpt>
      <trkpt lat="37.510538510978221893310546875" lon="127.04789064824581146240234375">
        <ele>69</ele>
        <time>2026-09-17T08:45:17.000Z</time>
        <extensions>
          <ns3:TrackPointExtension>
            <ns3:hr>152</ns3:hr>
            <ns3:cad>81</ns3:cad>
          </ns3:TrackPointExtension>
        </extensions>
      </trkpt>
      <trkpt lat="37.51053406856954097747802734375" lon="127.047862820327281951904296875">
        <ele>69.40000152587890625</ele>
        <time>2026-09-17T08:45:18.000Z</time>
        <extensions>
          <ns3:TrackPointExtension>
            <ns3:hr>152</ns3:hr>
            <ns3:cad>81</ns3:cad>
          </ns3:TrackPointExtension>
        </extensions>
      </trkpt>
      <trkpt lat="37.51052702777087688446044921875" lon="127.04784345813095569610595703125">
        <ele>69.59999847412109375</ele>
        <time>2026-09-17T08:45:19.000Z</time>
        <extensions>
          <ns3:TrackPointExtension>
            <ns3:hr>152</ns3:hr>
            <ns3:cad>80</ns3:cad>
          </ns3:TrackPointExtension>
        </extensions>
      </trkpt>
      <trkpt lat="37.51051344908773899078369140625" lon="127.04781864769756793975830078125">
        <ele>70.1999969482421875</ele>
        <time>2026-09-17T08:45:20.000Z</time>
        <extensions>
          <ns3:TrackPointExtension>
            <ns3:hr>153</ns3:hr>
            <ns3:cad>80</ns3:cad>
          </ns3:TrackPointExtension>
        </extensions>
      </trkpt>
      <trkpt lat="37.51050355844199657440185546875" lon="127.04779299907386302947998046875">
        <ele>70.40000152587890625</ele>
        <time>2026-09-17T08:45:21.000Z</time>
        <extensions>
          <ns3:TrackPointExtension>
            <ns3:hr>153</ns3:hr>
            <ns3:cad>80</ns3:cad>
          </ns3:TrackPointExtension>
        </extensions>
      </trkpt>
      <trkpt lat="37.510492913424968719482421875" lon="127.0477719604969024658203125">
        <ele>70.8000030517578125</ele>
        <time>2026-09-17T08:45:22.000Z</time>
        <extensions>
          <ns3:TrackPointExtension>
            <ns3:hr>153</ns3:hr>
            <ns3:cad>80</ns3:cad>
          </ns3:TrackPointExtension>
        </extensions>
      </trkpt>
      <trkpt lat="37.510480843484401702880859375" lon="127.04773482866585254669189453125">
        <ele>71</ele>
        <time>2026-09-17T08:45:23.000Z</time>
        <extensions>
          <ns3:TrackPointExtension>
            <ns3:hr>153</ns3:hr>
            <ns3:cad>80</ns3:cad>
          </ns3:TrackPointExtension>
        </extensions>
      </trkpt>
      <trkpt lat="37.51047271303832530975341796875" lon="127.0477117784321308135986328125">
        <ele>71</ele>
        <time>2026-09-17T08:45:24.000Z</time>
        <extensions>
          <ns3:TrackPointExtension>
            <ns3:hr>154</ns3:hr>
            <ns3:cad>80</ns3:cad>
          </ns3:TrackPointExtension>
        </extensions>
      </trkpt>
      <trkpt lat="37.51045896671712398529052734375" lon="127.0476888120174407958984375">
        <ele>71</ele>
        <time>2026-09-17T08:45:25.000Z</time>
        <extensions>
          <ns3:TrackPointExtension>
            <ns3:hr>154</ns3:hr>
            <ns3:cad>80</ns3:cad>
          </ns3:TrackPointExtension>
        </extensions>
      </trkpt>
      <trkpt lat="37.51044639386236667633056640625" lon="127.04765821807086467742919921875">
        <ele>71.1999969482421875</ele>
        <time>2026-09-17T08:45:26.000Z</time>
        <extensions>
          <ns3:TrackPointExtension>
            <ns3:hr>154</ns3:hr>
            <ns3:cad>80</ns3:cad>
          </ns3:TrackPointExtension>
        </extensions>
      </trkpt>
      <trkpt lat="37.51043063588440418243408203125" lon="127.047634832561016082763671875">
        <ele>71.1999969482421875</ele>
        <time>2026-09-17T08:45:27.000Z</time>
        <extensions>
          <ns3:TrackPointExtension>
            <ns3:hr>155</ns3:hr>
            <ns3:cad>80</ns3:cad>
          </ns3:TrackPointExtension>
        </extensions>
      </trkpt>
      <trkpt lat="37.5104208290576934814453125" lon="127.0476135425269603729248046875">
        <ele>71.1999969482421875</ele>
        <time>2026-09-17T08:45:28.000Z</time>
        <extensions>
          <ns3:TrackPointExtension>
            <ns3:hr>155</ns3:hr>
            <ns3:cad>82</ns3:cad>
          </ns3:TrackPointExtension>
        </extensions>
      </trkpt>
      <trkpt lat="37.51040347851812839508056640625" lon="127.04757682979106903076171875">
        <ele>71.40000152587890625</ele>
        <time>2026-09-17T08:45:29.000Z</time>
        <extensions>
          <ns3:TrackPointExtension>
            <ns3:hr>155</ns3:hr>
            <ns3:cad>82</ns3:cad>
          </ns3:TrackPointExtension>
        </extensions>
      </trkpt>
      <trkpt lat="37.51039492897689342498779296875" lon="127.04754908569157123565673828125">
        <ele>71.40000152587890625</ele>
        <time>2026-09-17T08:45:30.000Z</time>
        <extensions>
          <ns3:TrackPointExtension>
            <ns3:hr>155</ns3:hr>
            <ns3:cad>82</ns3:cad>
          </ns3:TrackPointExtension>
        </extensions>
      </trkpt>
      <trkpt lat="37.510384954512119293212890625" lon="127.04751606099307537078857421875">
        <ele>71.59999847412109375</ele>
        <time>2026-09-17T08:45:31.000Z</time>
        <extensions>
          <ns3:TrackPointExtension>
            <ns3:hr>155</ns3:hr>
            <ns3:cad>80</ns3:cad>
          </ns3:TrackPointExtension>
        </extensions>
      </trkpt>
      <trkpt lat="37.5103832781314849853515625" lon="127.047483623027801513671875">
        <ele>71.59999847412109375</ele>
        <time>2026-09-17T08:45:32.000Z</time>
        <extensions>
          <ns3:TrackPointExtension>
            <ns3:hr>155</ns3:hr>
            <ns3:cad>80</ns3:cad>
          </ns3:TrackPointExtension>
        </extensions>
      </trkpt>
      <trkpt lat="37.51037330366671085357666015625" lon="127.04746191389858722686767578125">
        <ele>71.59999847412109375</ele>
        <time>2026-09-17T08:45:33.000Z</time>
        <extensions>
          <ns3:TrackPointExtension>
            <ns3:hr>155</ns3:hr>
            <ns3:cad>80</ns3:cad>
          </ns3:TrackPointExtension>
        </extensions>
      </trkpt>
      <trkpt lat="37.51036324538290500640869140625" lon="127.047424949705600738525390625">
        <ele>71.59999847412109375</ele>
        <time>2026-09-17T08:45:34.000Z</time>
        <extensions>
          <ns3:TrackPointExtension>
            <ns3:hr>155</ns3:hr>
            <ns3:cad>81</ns3:cad>
          </ns3:TrackPointExtension>
        </extensions>
      </trkpt>
      <trkpt lat="37.510360144078731536865234375" lon="127.04738899134099483489990234375">
        <ele>71.59999847412109375</ele>
        <time>2026-09-17T08:45:35.000Z</time>
        <extensions>
          <ns3:TrackPointExtension>
            <ns3:hr>155</ns3:hr>
            <ns3:cad>81</ns3:cad>
          </ns3:TrackPointExtension>
        </extensions>
      </trkpt>
      <trkpt lat="37.5103510916233062744140625" lon="127.04736359417438507080078125">
        <ele>71.59999847412109375</ele>
        <time>2026-09-17T08:45:36.000Z</time>
        <extensions>
          <ns3:TrackPointExtension>
            <ns3:hr>155</ns3:hr>
            <ns3:cad>81</ns3:cad>
          </ns3:TrackPointExtension>
        </extensions>
      </trkpt>
      <trkpt lat="37.51033726148307323455810546875" lon="127.04732201993465423583984375">
        <ele>71.40000152587890625</ele>
        <time>2026-09-17T08:45:37.000Z</time>
        <extensions>
          <ns3:TrackPointExtension>
            <ns3:hr>155</ns3:hr>
            <ns3:cad>82</ns3:cad>
          </ns3:TrackPointExtension>
        </extensions>
      </trkpt>
      <trkpt lat="37.5103284604847431182861328125" lon="127.04729695804417133331298828125">
        <ele>71.40000152587890625</ele>
        <time>2026-09-17T08:45:38.000Z</time>
        <extensions>
          <ns3:TrackPointExtension>
            <ns3:hr>156</ns3:hr>
            <ns3:cad>82</ns3:cad>
          </ns3:TrackPointExtension>
        </extensions>
      </trkpt>
      <trkpt lat="37.5103189051151275634765625" lon="127.0472668670117855072021484375">
        <ele>71.1999969482421875</ele>
        <time>2026-09-17T08:45:39.000Z</time>
        <extensions>
          <ns3:TrackPointExtension>
            <ns3:hr>156</ns3:hr>
            <ns3:cad>82</ns3:cad>
          </ns3:TrackPointExtension>
        </extensions>
      </trkpt>
      <trkpt lat="37.51031680963933467864990234375" lon="127.04722009599208831787109375">
        <ele>71.1999969482421875</ele>
        <time>2026-09-17T08:45:40.000Z</time>
        <extensions>
          <ns3:TrackPointExtension>
            <ns3:hr>156</ns3:hr>
            <ns3:cad>82</ns3:cad>
          </ns3:TrackPointExtension>
        </extensions>
      </trkpt>
      <trkpt lat="37.510308511555194854736328125" lon="127.0471890829503536224365234375">
        <ele>71</ele>
        <time>2026-09-17T08:45:41.000Z</time>
        <extensions>
          <ns3:TrackPointExtension>
            <ns3:hr>155</ns3:hr>
            <ns3:cad>82</ns3:cad>
          </ns3:TrackPointExtension>
        </extensions>
      </trkpt>
      <trkpt lat="37.51029350794851779937744140625" lon="127.04715899191796779632568359375">
        <ele>71</ele>
        <time>2026-09-17T08:45:42.000Z</time>
        <extensions>
          <ns3:TrackPointExtension>
            <ns3:hr>155</ns3:hr>
            <ns3:cad>82</ns3:cad>
          </ns3:TrackPointExtension>
        </extensions>
      </trkpt>
      <trkpt lat="37.5102932564914226531982421875" lon="127.04711490310728549957275390625">
        <ele>70.8000030517578125</ele>
        <time>2026-09-17T08:45:43.000Z</time>
        <extensions>
          <ns3:TrackPointExtension>
            <ns3:hr>155</ns3:hr>
            <ns3:cad>82</ns3:cad>
          </ns3:TrackPointExtension>
        </extensions>
      </trkpt>
      <trkpt lat="37.51028537750244140625" lon="127.0470888353884220123291015625">
        <ele>70.8000030517578125</ele>
        <time>2026-09-17T08:45:44.000Z</time>
        <extensions>
          <ns3:TrackPointExtension>
            <ns3:hr>155</ns3:hr>
            <ns3:cad>82</ns3:cad>
          </ns3:TrackPointExtension>
        </extensions>
      </trkpt>
      <trkpt lat="37.51027070917189121246337890625" lon="127.04705170355737209320068359375">
        <ele>70.8000030517578125</ele>
        <time>2026-09-17T08:45:45.000Z</time>
        <extensions>
          <ns3:TrackPointExtension>
            <ns3:hr>155</ns3:hr>
            <ns3:cad>82</ns3:cad>
          </ns3:TrackPointExtension>
        </extensions>
      </trkpt>
      <trkpt lat="37.5102598965167999267578125" lon="127.0470170862972736358642578125">
        <ele>70.40000152587890625</ele>
        <time>2026-09-17T08:45:46.000Z</time>
        <extensions>
          <ns3:TrackPointExtension>
            <ns3:hr>154</ns3:hr>
            <ns3:cad>81</ns3:cad>
          </ns3:TrackPointExtension>
        </extensions>
      </trkpt>
      <trkpt lat="37.51025159843266010284423828125" lon="127.04699018038809299468994140625">
        <ele>70.1999969482421875</ele>
        <time>2026-09-17T08:45:47.000Z</time>
        <extensions>
          <ns3:TrackPointExtension>
            <ns3:hr>154</ns3:hr>
            <ns3:cad>81</ns3:cad>
          </ns3:TrackPointExtension>
        </extensions>
      </trkpt>
      <trkpt lat="37.51024656929075717926025390625" lon="127.04695992171764373779296875">
        <ele>69.59999847412109375</ele>
        <time>2026-09-17T08:45:48.000Z</time>
        <extensions>
          <ns3:TrackPointExtension>
            <ns3:hr>154</ns3:hr>
            <ns3:cad>81</ns3:cad>
          </ns3:TrackPointExtension>
        </extensions>
      </trkpt>
      <trkpt lat="37.510238774120807647705078125" lon="127.0469265617430210113525390625">
        <ele>69.1999969482421875</ele>
        <time>2026-09-17T08:45:49.000Z</time>
        <extensions>
          <ns3:TrackPointExtension>
            <ns3:hr>153</ns3:hr>
            <ns3:cad>81</ns3:cad>
          </ns3:TrackPointExtension>
        </extensions>
      </trkpt>
      <trkpt lat="37.51023181714117527008056640625" lon="127.04690552316606044769287109375">
        <ele>68.59999847412109375</ele>
        <time>2026-09-17T08:45:50.000Z</time>
        <extensions>
          <ns3:TrackPointExtension>
            <ns3:hr>153</ns3:hr>
            <ns3:cad>81</ns3:cad>
          </ns3:TrackPointExtension>
        </extensions>
      </trkpt>
      <trkpt lat="37.51022209413349628448486328125" lon="127.04687853343784809112548828125">
        <ele>68.1999969482421875</ele>
        <time>2026-09-17T08:45:51.000Z</time>
        <extensions>
          <ns3:TrackPointExtension>
            <ns3:hr>152</ns3:hr>
            <ns3:cad>81</ns3:cad>
          </ns3:TrackPointExtension>
        </extensions>
      </trkpt>
      <trkpt lat="37.51021203584969043731689453125" lon="127.04684902913868427276611328125">
        <ele>67.59999847412109375</ele>
        <time>2026-09-17T08:45:52.000Z</time>
        <extensions>
          <ns3:TrackPointExtension>
            <ns3:hr>151</ns3:hr>
            <ns3:cad>81</ns3:cad>
          </ns3:TrackPointExtension>
        </extensions>
      </trkpt>
      <trkpt lat="37.5102050788700580596923828125" lon="127.04683109186589717864990234375">
        <ele>67.1999969482421875</ele>
        <time>2026-09-17T08:45:53.000Z</time>
        <extensions>
          <ns3:TrackPointExtension>
            <ns3:hr>150</ns3:hr>
            <ns3:cad>95</ns3:cad>
          </ns3:TrackPointExtension>
        </extensions>
      </trkpt>
      <trkpt lat="37.51019753515720367431640625" lon="127.04679857008159160614013671875">
        <ele>66.59999847412109375</ele>
        <time>2026-09-17T08:45:54.000Z</time>
        <extensions>
          <ns3:TrackPointExtension>
            <ns3:hr>150</ns3:hr>
            <ns3:cad>95</ns3:cad>
          </ns3:TrackPointExtension>
        </extensions>
      </trkpt>
      <trkpt lat="37.510190494358539581298828125" lon="127.0467807166278362274169921875">
        <ele>66.1999969482421875</ele>
        <time>2026-09-17T08:45:55.000Z</time>
        <extensions>
          <ns3:TrackPointExtension>
            <ns3:hr>150</ns3:hr>
            <ns3:cad>97</ns3:cad>
          </ns3:TrackPointExtension>
        </extensions>
      </trkpt>
      <trkpt lat="37.5101866386830806732177734375" lon="127.04675012268126010894775390625">
        <ele>65.8000030517578125</ele>
        <time>2026-09-17T08:45:56.000Z</time>
        <extensions>
          <ns3:TrackPointExtension>
            <ns3:hr>150</ns3:hr>
            <ns3:cad>97</ns3:cad>
          </ns3:TrackPointExtension>
        </extensions>
      </trkpt>
      <trkpt lat="37.51017532311379909515380859375" lon="127.04672246240079402923583984375">
        <ele>65.1999969482421875</ele>
        <time>2026-09-17T08:45:57.000Z</time>
        <extensions>
          <ns3:TrackPointExtension>
            <ns3:hr>149</ns3:hr>
            <ns3:cad>97</ns3:cad>
          </ns3:TrackPointExtension>
        </extensions>
      </trkpt>
      <trkpt lat="37.5101673603057861328125" lon="127.0466932095587253570556640625">
        <ele>64.59999847412109375</ele>
        <time>2026-09-17T08:45:58.000Z</time>
        <extensions>
          <ns3:TrackPointExtension>
            <ns3:hr>149</ns3:hr>
            <ns3:cad>96</ns3:cad>
          </ns3:TrackPointExtension>
        </extensions>
      </trkpt>
      <trkpt lat="37.510150931775569915771484375" lon="127.04665356315672397613525390625">
        <ele>64</ele>
        <time>2026-09-17T08:45:59.000Z</time>
        <extensions>
          <ns3:TrackPointExtension>
            <ns3:hr>148</ns3:hr>
            <ns3:cad>95</ns3:cad>
          </ns3:TrackPointExtension>
        </extensions>
      </trkpt>
      <trkpt lat="37.51014280132949352264404296875" lon="127.0466130785644054412841796875">
        <ele>63.59999847412109375</ele>
        <time>2026-09-17T08:46:00.000Z</time>
        <extensions>
          <ns3:TrackPointExtension>
            <ns3:hr>146</ns3:hr>
            <ns3:cad>95</ns3:cad>
          </ns3:TrackPointExtension>
        </extensions>
      </trkpt>
      <trkpt lat="37.51013156957924365997314453125" lon="127.04657896421849727630615234375">
        <ele>63.200000762939453125</ele>
        <time>2026-09-17T08:46:01.000Z</time>
        <extensions>
          <ns3:TrackPointExtension>
            <ns3:hr>143</ns3:hr>
            <ns3:cad>95</ns3:cad>
          </ns3:TrackPointExtension>
        </extensions>
      </trkpt>
      <trkpt lat="37.51012779772281646728515625" lon="127.04652397893369197845458984375">
        <ele>63.200000762939453125</ele>
        <time>2026-09-17T08:46:02.000Z</time>
        <extensions>
          <ns3:TrackPointExtension>
            <ns3:hr>143</ns3:hr>
            <ns3:cad>95</ns3:cad>
          </ns3:TrackPointExtension>
        </extensions>
      </trkpt>
      <trkpt lat="37.5101222656667232513427734375" lon="127.0464977435767650604248046875">
        <ele>63.200000762939453125</ele>
        <time>2026-09-17T08:46:03.000Z</time>
        <extensions>
          <ns3:TrackPointExtension>
            <ns3:hr>143</ns3:hr>
            <ns3:cad>95</ns3:cad>
          </ns3:TrackPointExtension>
        </extensions>
      </trkpt>
      <trkpt lat="37.510106675326824188232421875" lon="127.04645474441349506378173828125">
        <ele>63.200000762939453125</ele>
        <time>2026-09-17T08:46:04.000Z</time>
        <extensions>
          <ns3:TrackPointExtension>
            <ns3:hr>144</ns3:hr>
            <ns3:cad>83</ns3:cad>
          </ns3:TrackPointExtension>
        </extensions>
      </trkpt>
      <trkpt lat="37.51009888015687465667724609375" lon="127.0464202947914600372314453125">
        <ele>63</ele>
        <time>2026-09-17T08:46:05.000Z</time>
        <extensions>
          <ns3:TrackPointExtension>
            <ns3:hr>143</ns3:hr>
            <ns3:cad>84</ns3:cad>
          </ns3:TrackPointExtension>
        </extensions>
      </trkpt>
      <trkpt lat="37.51008982770144939422607421875" lon="127.04638148657977581024169921875">
        <ele>63</ele>
        <time>2026-09-17T08:46:06.000Z</time>
        <extensions>
          <ns3:TrackPointExtension>
            <ns3:hr>142</ns3:hr>
            <ns3:cad>84</ns3:cad>
          </ns3:TrackPointExtension>
        </extensions>
      </trkpt>
      <trkpt lat="37.510078847408294677734375" lon="127.04632784239947795867919921875">
        <ele>63</ele>
        <time>2026-09-17T08:46:07.000Z</time>
        <extensions>
          <ns3:TrackPointExtension>
            <ns3:hr>142</ns3:hr>
            <ns3:cad>84</ns3:cad>
          </ns3:TrackPointExtension>
        </extensions>
      </trkpt>
      <trkpt lat="37.510069124400615692138671875" lon="127.0462955720722675323486328125">
        <ele>63</ele>
        <time>2026-09-17T08:46:08.000Z</time>
        <extensions>
          <ns3:TrackPointExtension>
            <ns3:hr>142</ns3:hr>
            <ns3:cad>84</ns3:cad>
          </ns3:TrackPointExtension>
        </extensions>
      </trkpt>
      <trkpt lat="37.51005244441330432891845703125" lon="127.0462529920041561126708984375">
        <ele>63</ele>
        <time>2026-09-17T08:46:09.000Z</time>
        <extensions>
          <ns3:TrackPointExtension>
            <ns3:hr>142</ns3:hr>
            <ns3:cad>84</ns3:cad>
          </ns3:TrackPointExtension>
        </extensions>
      </trkpt>
      <trkpt lat="37.510040961205959320068359375" lon="127.0462201349437236785888671875">
        <ele>63</ele>
        <time>2026-09-17T08:46:10.000Z</time>
        <extensions>
          <ns3:TrackPointExtension>
            <ns3:hr>142</ns3:hr>
            <ns3:cad>84</ns3:cad>
          </ns3:TrackPointExtension>
        </extensions>
      </trkpt>
      <trkpt lat="37.51002897508442401885986328125" lon="127.04619859345257282257080078125">
        <ele>63.200000762939453125</ele>
        <time>2026-09-17T08:46:11.000Z</time>
        <extensions>
          <ns3:TrackPointExtension>
            <ns3:hr>142</ns3:hr>
            <ns3:cad>84</ns3:cad>
          </ns3:TrackPointExtension>
        </extensions>
      </trkpt>
      <trkpt lat="37.51001380383968353271484375" lon="127.046162299811840057373046875">
        <ele>63.200000762939453125</ele>
        <time>2026-09-17T08:46:12.000Z</time>
        <extensions>
          <ns3:TrackPointExtension>
            <ns3:hr>141</ns3:hr>
            <ns3:cad>84</ns3:cad>
          </ns3:TrackPointExtension>
        </extensions>
      </trkpt>
      <trkpt lat="37.51000366173684597015380859375" lon="127.0461433567106723785400390625">
        <ele>63.40000152587890625</ele>
        <time>2026-09-17T08:46:13.000Z</time>
        <extensions>
          <ns3:TrackPointExtension>
            <ns3:hr>141</ns3:hr>
            <ns3:cad>0</ns3:cad>
          </ns3:TrackPointExtension>
        </extensions>
      </trkpt>
      <trkpt lat="37.509982287883758544921875" lon="127.04611091874539852142333984375">
        <ele>63.59999847412109375</ele>
        <time>2026-09-17T08:46:14.000Z</time>
        <extensions>
          <ns3:TrackPointExtension>
            <ns3:hr>141</ns3:hr>
            <ns3:cad>0</ns3:cad>
          </ns3:TrackPointExtension>
        </extensions>
      </trkpt>
      <trkpt lat="37.50997030176222324371337890625" lon="127.046074457466602325439453125">
        <ele>63.799999237060546875</ele>
        <time>2026-09-17T08:46:15.000Z</time>
        <extensions>
          <ns3:TrackPointExtension>
            <ns3:hr>141</ns3:hr>
            <ns3:cad>0</ns3:cad>
          </ns3:TrackPointExtension>
        </extensions>
      </trkpt>
      <trkpt lat="37.50996007584035396575927734375" lon="127.04605140723288059234619140625">
        <ele>64</ele>
        <time>2026-09-17T08:46:16.000Z</time>
        <extensions>
          <ns3:TrackPointExtension>
            <ns3:hr>140</ns3:hr>
            <ns3:cad>82</ns3:cad>
          </ns3:TrackPointExtension>
        </extensions>
      </trkpt>
      <trkpt lat="37.5099418871104717254638671875" lon="127.0460115931928157806396484375">
        <ele>64.1999969482421875</ele>
        <time>2026-09-17T08:46:17.000Z</time>
        <extensions>
          <ns3:TrackPointExtension>
            <ns3:hr>140</ns3:hr>
            <ns3:cad>82</ns3:cad>
          </ns3:TrackPointExtension>
        </extensions>
      </trkpt>
      <trkpt lat="37.50993057154119014739990234375" lon="127.045979239046573638916015625">
        <ele>64.1999969482421875</ele>
        <time>2026-09-17T08:46:18.000Z</time>
        <extensions>
          <ns3:TrackPointExtension>
            <ns3:hr>141</ns3:hr>
            <ns3:cad>82</ns3:cad>
          </ns3:TrackPointExtension>
        </extensions>
      </trkpt>
      <trkpt lat="37.50991397537291049957275390625" lon="127.0459525845944881439208984375">
        <ele>64.1999969482421875</ele>
        <time>2026-09-17T08:46:19.000Z</time>
        <extensions>
          <ns3:TrackPointExtension>
            <ns3:hr>141</ns3:hr>
            <ns3:cad>81</ns3:cad>
          </ns3:TrackPointExtension>
        </extensions>
      </trkpt>
      <trkpt lat="37.50990383327007293701171875" lon="127.04591277055442333221435546875">
        <ele>64.1999969482421875</ele>
        <time>2026-09-17T08:46:20.000Z</time>
        <extensions>
          <ns3:TrackPointExtension>
            <ns3:hr>141</ns3:hr>
            <ns3:cad>82</ns3:cad>
          </ns3:TrackPointExtension>
        </extensions>
      </trkpt>
      <trkpt lat="37.50989235006272792816162109375" lon="127.045890055596828460693359375">
        <ele>64.1999969482421875</ele>
        <time>2026-09-17T08:46:21.000Z</time>
        <extensions>
          <ns3:TrackPointExtension>
            <ns3:hr>141</ns3:hr>
            <ns3:cad>82</ns3:cad>
          </ns3:TrackPointExtension>
        </extensions>
      </trkpt>
      <trkpt lat="37.50987567007541656494140625" lon="127.04585812054574489593505859375">
        <ele>64.1999969482421875</ele>
        <time>2026-09-17T08:46:22.000Z</time>
        <extensions>
          <ns3:TrackPointExtension>
            <ns3:hr>141</ns3:hr>
            <ns3:cad>83</ns3:cad>
          </ns3:TrackPointExtension>
        </extensions>
      </trkpt>
      <trkpt lat="37.50987055711448192596435546875" lon="127.0458188094198703765869140625">
        <ele>64.40000152587890625</ele>
        <time>2026-09-17T08:46:23.000Z</time>
        <extensions>
          <ns3:TrackPointExtension>
            <ns3:hr>140</ns3:hr>
            <ns3:cad>83</ns3:cad>
          </ns3:TrackPointExtension>
        </extensions>
      </trkpt>
      <trkpt lat="37.5098630972206592559814453125" lon="127.04579911194741725921630859375">
        <ele>64.40000152587890625</ele>
        <time>2026-09-17T08:46:24.000Z</time>
        <extensions>
          <ns3:TrackPointExtension>
            <ns3:hr>141</ns3:hr>
            <ns3:cad>83</ns3:cad>
          </ns3:TrackPointExtension>
        </extensions>
      </trkpt>
      <trkpt lat="37.509848512709140777587890625" lon="127.0457628183066844940185546875">
        <ele>64.40000152587890625</ele>
        <time>2026-09-17T08:46:25.000Z</time>
        <extensions>
          <ns3:TrackPointExtension>
            <ns3:hr>141</ns3:hr>
            <ns3:cad>83</ns3:cad>
          </ns3:TrackPointExtension>
        </extensions>
      </trkpt>
      <trkpt lat="37.50983971171081066131591796875" lon="127.0457299612462520599365234375">
        <ele>64.40000152587890625</ele>
        <time>2026-09-17T08:46:26.000Z</time>
        <extensions>
          <ns3:TrackPointExtension>
            <ns3:hr>140</ns3:hr>
            <ns3:cad>83</ns3:cad>
          </ns3:TrackPointExtension>
        </extensions>
      </trkpt>
      <trkpt lat="37.5098268873989582061767578125" lon="127.0456937514245510101318359375">
        <ele>64.59999847412109375</ele>
        <time>2026-09-17T08:46:27.000Z</time>
        <extensions>
          <ns3:TrackPointExtension>
            <ns3:hr>141</ns3:hr>
            <ns3:cad>83</ns3:cad>
          </ns3:TrackPointExtension>
        </extensions>
      </trkpt>
      <trkpt lat="37.5098168291151523590087890625" lon="127.04565309919416904449462890625">
        <ele>64.59999847412109375</ele>
        <time>2026-09-17T08:46:28.000Z</time>
        <extensions>
          <ns3:TrackPointExtension>
            <ns3:hr>141</ns3:hr>
            <ns3:cad>82</ns3:cad>
          </ns3:TrackPointExtension>
        </extensions>
      </trkpt>
      <trkpt lat="37.50980819575488567352294921875" lon="127.04563130624592304229736328125">
        <ele>64.59999847412109375</ele>
        <time>2026-09-17T08:46:29.000Z</time>
        <extensions>
          <ns3:TrackPointExtension>
            <ns3:hr>140</ns3:hr>
            <ns3:cad>82</ns3:cad>
          </ns3:TrackPointExtension>
        </extensions>
      </trkpt>
      <trkpt lat="37.5097826309502124786376953125" lon="127.045595012605190277099609375">
        <ele>64.8000030517578125</ele>
        <time>2026-09-17T08:46:30.000Z</time>
        <extensions>
          <ns3:TrackPointExtension>
            <ns3:hr>141</ns3:hr>
            <ns3:cad>82</ns3:cad>
          </ns3:TrackPointExtension>
        </extensions>
      </trkpt>
      <trkpt lat="37.5097601674497127532958984375" lon="127.04555771313607692718505859375">
        <ele>64.8000030517578125</ele>
        <time>2026-09-17T08:46:31.000Z</time>
        <extensions>
          <ns3:TrackPointExtension>
            <ns3:hr>141</ns3:hr>
            <ns3:cad>83</ns3:cad>
          </ns3:TrackPointExtension>
        </extensions>
      </trkpt>
      <trkpt lat="37.50974767841398715972900390625" lon="127.0455344952642917633056640625">
        <ele>64.8000030517578125</ele>
        <time>2026-09-17T08:46:32.000Z</time>
        <extensions>
          <ns3:TrackPointExtension>
            <ns3:hr>141</ns3:hr>
            <ns3:cad>83</ns3:cad>
          </ns3:TrackPointExtension>
        </extensions>
      </trkpt>
      <trkpt lat="37.50973057933151721954345703125" lon="127.0454959385097026824951171875">
        <ele>65</ele>
        <time>2026-09-17T08:46:33.000Z</time>
        <extensions>
          <ns3:TrackPointExtension>
            <ns3:hr>141</ns3:hr>
            <ns3:cad>83</ns3:cad>
          </ns3:TrackPointExtension>
        </extensions>
      </trkpt>
      <trkpt lat="37.5097202695906162261962890625" lon="127.04547791741788387298583984375">
        <ele>65</ele>
        <time>2026-09-17T08:46:34.000Z</time>
        <extensions>
          <ns3:TrackPointExtension>
            <ns3:hr>141</ns3:hr>
            <ns3:cad>83</ns3:cad>
          </ns3:TrackPointExtension>
        </extensions>
      </trkpt>
      <trkpt lat="37.50970375724136829376220703125" lon="127.0454443059861660003662109375">
        <ele>65</ele>
        <time>2026-09-17T08:46:35.000Z</time>
        <extensions>
          <ns3:TrackPointExtension>
            <ns3:hr>142</ns3:hr>
            <ns3:cad>83</ns3:cad>
          </ns3:TrackPointExtension>
        </extensions>
      </trkpt>
      <trkpt lat="37.509692609310150146484375" lon="127.04541304148733615875244140625">
        <ele>65.1999969482421875</ele>
        <time>2026-09-17T08:46:36.000Z</time>
        <extensions>
          <ns3:TrackPointExtension>
            <ns3:hr>142</ns3:hr>
            <ns3:cad>83</ns3:cad>
          </ns3:TrackPointExtension>
        </extensions>
      </trkpt>
      <trkpt lat="37.50968531705439090728759765625" lon="127.045391835272312164306640625">
        <ele>65.40000152587890625</ele>
        <time>2026-09-17T08:46:37.000Z</time>
        <extensions>
          <ns3:TrackPointExtension>
            <ns3:hr>142</ns3:hr>
            <ns3:cad>82</ns3:cad>
          </ns3:TrackPointExtension>
        </extensions>
      </trkpt>
      <trkpt lat="37.50966846942901611328125" lon="127.0453547872602939605712890625">
        <ele>65.40000152587890625</ele>
        <time>2026-09-17T08:46:38.000Z</time>
        <extensions>
          <ns3:TrackPointExtension>
            <ns3:hr>142</ns3:hr>
            <ns3:cad>82</ns3:cad>
          </ns3:TrackPointExtension>
        </extensions>
      </trkpt>
      <trkpt lat="37.50965765677392482757568359375" lon="127.04532838426530361175537109375">
        <ele>65.59999847412109375</ele>
        <time>2026-09-17T08:46:39.000Z</time>
        <extensions>
          <ns3:TrackPointExtension>
            <ns3:hr>143</ns3:hr>
            <ns3:cad>82</ns3:cad>
          </ns3:TrackPointExtension>
        </extensions>
      </trkpt>
      <trkpt lat="37.5096537172794342041015625" lon="127.04530457966029644012451171875">
        <ele>65.59999847412109375</ele>
        <time>2026-09-17T08:46:40.000Z</time>
        <extensions>
          <ns3:TrackPointExtension>
            <ns3:hr>143</ns3:hr>
            <ns3:cad>83</ns3:cad>
          </ns3:TrackPointExtension>
        </extensions>
      </trkpt>
      <trkpt lat="37.5096414797008037567138671875" lon="127.04527256079018115997314453125">
        <ele>65.59999847412109375</ele>
        <time>2026-09-17T08:46:41.000Z</time>
        <extensions>
          <ns3:TrackPointExtension>
            <ns3:hr>143</ns3:hr>
            <ns3:cad>83</ns3:cad>
          </ns3:TrackPointExtension>
        </extensions>
      </trkpt>
      <trkpt lat="37.50963267870247364044189453125" lon="127.0452521927654743194580078125">
        <ele>65.59999847412109375</ele>
        <time>2026-09-17T08:46:42.000Z</time>
        <extensions>
          <ns3:TrackPointExtension>
            <ns3:hr>143</ns3:hr>
            <ns3:cad>83</ns3:cad>
          </ns3:TrackPointExtension>
        </extensions>
      </trkpt>
      <trkpt lat="37.50962086021900177001953125" lon="127.0452225208282470703125">
        <ele>65.59999847412109375</ele>
        <time>2026-09-17T08:46:43.000Z</time>
        <extensions>
          <ns3:TrackPointExtension>
            <ns3:hr>143</ns3:hr>
            <ns3:cad>82</ns3:cad>
          </ns3:TrackPointExtension>
        </extensions>
      </trkpt>
      <trkpt lat="37.509611137211322784423828125" lon="127.0451848022639751434326171875">
        <ele>65.59999847412109375</ele>
        <time>2026-09-17T08:46:44.000Z</time>
        <extensions>
          <ns3:TrackPointExtension>
            <ns3:hr>143</ns3:hr>
            <ns3:cad>83</ns3:cad>
          </ns3:TrackPointExtension>
        </extensions>
      </trkpt>
      <trkpt lat="37.5095975585281848907470703125" lon="127.0451573096215724945068359375">
        <ele>65.59999847412109375</ele>
        <time>2026-09-17T08:46:45.000Z</time>
        <extensions>
          <ns3:TrackPointExtension>
            <ns3:hr>143</ns3:hr>
            <ns3:cad>83</ns3:cad>
          </ns3:TrackPointExtension>
        </extensions>
      </trkpt>
      <trkpt lat="37.50958465039730072021484375" lon="127.04512420110404491424560546875">
        <ele>65.59999847412109375</ele>
        <time>2026-09-17T08:46:46.000Z</time>
        <extensions>
          <ns3:TrackPointExtension>
            <ns3:hr>143</ns3:hr>
            <ns3:cad>83</ns3:cad>
          </ns3:TrackPointExtension>
        </extensions>
      </trkpt>
      <trkpt lat="37.50956981442868709564208984375" lon="127.0450932718813419342041015625">
        <ele>65.59999847412109375</ele>
        <time>2026-09-17T08:46:47.000Z</time>
        <extensions>
          <ns3:TrackPointExtension>
            <ns3:hr>143</ns3:hr>
            <ns3:cad>83</ns3:cad>
          </ns3:TrackPointExtension>
        </extensions>
      </trkpt>
      <trkpt lat="37.509557493031024932861328125" lon="127.04506753943860530853271484375">
        <ele>65.8000030517578125</ele>
        <time>2026-09-17T08:46:48.000Z</time>
        <extensions>
          <ns3:TrackPointExtension>
            <ns3:hr>143</ns3:hr>
            <ns3:cad>83</ns3:cad>
          </ns3:TrackPointExtension>
        </extensions>
      </trkpt>
      <trkpt lat="37.5095465965569019317626953125" lon="127.0450309105217456817626953125">
        <ele>65.8000030517578125</ele>
        <time>2026-09-17T08:46:49.000Z</time>
        <extensions>
          <ns3:TrackPointExtension>
            <ns3:hr>143</ns3:hr>
            <ns3:cad>82</ns3:cad>
          </ns3:TrackPointExtension>
        </extensions>
      </trkpt>
      <trkpt lat="37.50953494571149349212646484375" lon="127.0450061000883579254150390625">
        <ele>65.8000030517578125</ele>
        <time>2026-09-17T08:46:50.000Z</time>
        <extensions>
          <ns3:TrackPointExtension>
            <ns3:hr>143</ns3:hr>
            <ns3:cad>82</ns3:cad>
          </ns3:TrackPointExtension>
        </extensions>
      </trkpt>
      <trkpt lat="37.50952002592384815216064453125" lon="127.04497508704662322998046875">
        <ele>65.8000030517578125</ele>
        <time>2026-09-17T08:46:51.000Z</time>
        <extensions>
          <ns3:TrackPointExtension>
            <ns3:hr>143</ns3:hr>
            <ns3:cad>82</ns3:cad>
          </ns3:TrackPointExtension>
        </extensions>
      </trkpt>
      <trkpt lat="37.50950426794588565826416015625" lon="127.0449467562139034271240234375">
        <ele>65.8000030517578125</ele>
        <time>2026-09-17T08:46:52.000Z</time>
        <extensions>
          <ns3:TrackPointExtension>
            <ns3:hr>144</ns3:hr>
            <ns3:cad>82</ns3:cad>
          </ns3:TrackPointExtension>
        </extensions>
      </trkpt>
      <trkpt lat="37.509497143328189849853515625" lon="127.0449263043701648712158203125">
        <ele>65.8000030517578125</ele>
        <time>2026-09-17T08:46:53.000Z</time>
        <extensions>
          <ns3:TrackPointExtension>
            <ns3:hr>143</ns3:hr>
            <ns3:cad>83</ns3:cad>
          </ns3:TrackPointExtension>
        </extensions>
      </trkpt>
      <trkpt lat="37.50948197208344936370849609375" lon="127.04488984309136867523193359375">
        <ele>65.8000030517578125</ele>
        <time>2026-09-17T08:46:54.000Z</time>
        <extensions>
          <ns3:TrackPointExtension>
            <ns3:hr>143</ns3:hr>
            <ns3:cad>83</ns3:cad>
          </ns3:TrackPointExtension>
        </extensions>
      </trkpt>
      <trkpt lat="37.50946872867643833160400390625" lon="127.04486771486699581146240234375">
        <ele>65.8000030517578125</ele>
        <time>2026-09-17T08:46:55.000Z</time>
        <extensions>
          <ns3:TrackPointExtension>
            <ns3:hr>142</ns3:hr>
            <ns3:cad>83</ns3:cad>
          </ns3:TrackPointExtension>
        </extensions>
      </trkpt>
      <trkpt lat="37.50945431180298328399658203125" lon="127.044840641319751739501953125">
        <ele>66</ele>
        <time>2026-09-17T08:46:56.000Z</time>
        <extensions>
          <ns3:TrackPointExtension>
            <ns3:hr>142</ns3:hr>
            <ns3:cad>83</ns3:cad>
          </ns3:TrackPointExtension>
        </extensions>
      </trkpt>
      <trkpt lat="37.5094416551291942596435546875" lon="127.0448092930018901824951171875">
        <ele>66</ele>
        <time>2026-09-17T08:46:57.000Z</time>
        <extensions>
          <ns3:TrackPointExtension>
            <ns3:hr>142</ns3:hr>
            <ns3:cad>83</ns3:cad>
          </ns3:TrackPointExtension>
        </extensions>
      </trkpt>
      <trkpt lat="37.5094332732260227203369140625" lon="127.044789679348468780517578125">
        <ele>66.1999969482421875</ele>
        <time>2026-09-17T08:46:58.000Z</time>
        <extensions>
          <ns3:TrackPointExtension>
            <ns3:hr>142</ns3:hr>
            <ns3:cad>83</ns3:cad>
          </ns3:TrackPointExtension>
        </extensions>
      </trkpt>
      <trkpt lat="37.5094161741435527801513671875" lon="127.04475380480289459228515625">
        <ele>66.1999969482421875</ele>
        <time>2026-09-17T08:46:59.000Z</time>
        <extensions>
          <ns3:TrackPointExtension>
            <ns3:hr>141</ns3:hr>
            <ns3:cad>83</ns3:cad>
          </ns3:TrackPointExtension>
        </extensions>
      </trkpt>
      <trkpt lat="37.5094015896320343017578125" lon="127.04473108984529972076416015625">
        <ele>66.1999969482421875</ele>
        <time>2026-09-17T08:47:00.000Z</time>
        <extensions>
          <ns3:TrackPointExtension>
            <ns3:hr>141</ns3:hr>
            <ns3:cad>83</ns3:cad>
          </ns3:TrackPointExtension>
        </extensions>
      </trkpt>
      <trkpt lat="37.50938893295824527740478515625" lon="127.0447016693651676177978515625">
        <ele>66.1999969482421875</ele>
        <time>2026-09-17T08:47:01.000Z</time>
        <extensions>
          <ns3:TrackPointExtension>
            <ns3:hr>142</ns3:hr>
            <ns3:cad>83</ns3:cad>
          </ns3:TrackPointExtension>
        </extensions>
      </trkpt>
      <trkpt lat="37.50937367789447307586669921875" lon="127.0446631126105785369873046875">
        <ele>66</ele>
        <time>2026-09-17T08:47:02.000Z</time>
        <extensions>
          <ns3:TrackPointExtension>
            <ns3:hr>141</ns3:hr>
            <ns3:cad>83</ns3:cad>
          </ns3:TrackPointExtension>
        </extensions>
      </trkpt>
      <trkpt lat="37.50936076976358890533447265625" lon="127.044644840061664581298828125">
        <ele>66</ele>
        <time>2026-09-17T08:47:03.000Z</time>
        <extensions>
          <ns3:TrackPointExtension>
            <ns3:hr>141</ns3:hr>
            <ns3:cad>83</ns3:cad>
          </ns3:TrackPointExtension>
        </extensions>
      </trkpt>
      <trkpt lat="37.5093479454517364501953125" lon="127.04460016451776027679443359375">
        <ele>66</ele>
        <time>2026-09-17T08:47:04.000Z</time>
        <extensions>
          <ns3:TrackPointExtension>
            <ns3:hr>141</ns3:hr>
            <ns3:cad>83</ns3:cad>
          </ns3:TrackPointExtension>
        </extensions>
      </trkpt>
      <trkpt lat="37.5093380548059940338134765625" lon="127.044567056000232696533203125">
        <ele>66</ele>
        <time>2026-09-17T08:47:05.000Z</time>
        <extensions>
          <ns3:TrackPointExtension>
            <ns3:hr>141</ns3:hr>
            <ns3:cad>83</ns3:cad>
          </ns3:TrackPointExtension>
        </extensions>
      </trkpt>
      <trkpt lat="37.50932841561734676361083984375" lon="127.04454249702394008636474609375">
        <ele>65.8000030517578125</ele>
        <time>2026-09-17T08:47:06.000Z</time>
        <extensions>
          <ns3:TrackPointExtension>
            <ns3:hr>141</ns3:hr>
            <ns3:cad>83</ns3:cad>
          </ns3:TrackPointExtension>
        </extensions>
      </trkpt>
      <trkpt lat="37.50931106507778167724609375" lon="127.044493965804576873779296875">
        <ele>65.8000030517578125</ele>
        <time>2026-09-17T08:47:07.000Z</time>
        <extensions>
          <ns3:TrackPointExtension>
            <ns3:hr>140</ns3:hr>
            <ns3:cad>83</ns3:cad>
          </ns3:TrackPointExtension>
        </extensions>
      </trkpt>
      <trkpt lat="37.50930042006075382232666015625" lon="127.04446672461926937103271484375">
        <ele>65.59999847412109375</ele>
        <time>2026-09-17T08:47:08.000Z</time>
        <extensions>
          <ns3:TrackPointExtension>
            <ns3:hr>140</ns3:hr>
            <ns3:cad>82</ns3:cad>
          </ns3:TrackPointExtension>
        </extensions>
      </trkpt>
      <trkpt lat="37.50928348861634731292724609375" lon="127.04444040544331073760986328125">
        <ele>65.59999847412109375</ele>
        <time>2026-09-17T08:47:09.000Z</time>
        <extensions>
          <ns3:TrackPointExtension>
            <ns3:hr>140</ns3:hr>
            <ns3:cad>82</ns3:cad>
          </ns3:TrackPointExtension>
        </extensions>
      </trkpt>
      <trkpt lat="37.50926169566810131072998046875" lon="127.04442565329372882843017578125">
        <ele>65.59999847412109375</ele>
        <time>2026-09-17T08:47:10.000Z</time>
        <extensions>
          <ns3:TrackPointExtension>
            <ns3:hr>140</ns3:hr>
            <ns3:cad>82</ns3:cad>
          </ns3:TrackPointExtension>
        </extensions>
      </trkpt>
      <trkpt lat="37.5092433393001556396484375" lon="127.0444096438586711883544921875">
        <ele>65.59999847412109375</ele>
        <time>2026-09-17T08:47:11.000Z</time>
        <extensions>
          <ns3:TrackPointExtension>
            <ns3:hr>139</ns3:hr>
            <ns3:cad>82</ns3:cad>
          </ns3:TrackPointExtension>
        </extensions>
      </trkpt>
      <trkpt lat="37.5092203728854656219482421875" lon="127.0444056205451488494873046875">
        <ele>65.59999847412109375</ele>
        <time>2026-09-17T08:47:12.000Z</time>
        <extensions>
          <ns3:TrackPointExtension>
            <ns3:hr>139</ns3:hr>
            <ns3:cad>82</ns3:cad>
          </ns3:TrackPointExtension>
        </extensions>
      </trkpt>
      <trkpt lat="37.5091948918998241424560546875" lon="127.0444227196276187896728515625">
        <ele>65.40000152587890625</ele>
        <time>2026-09-17T08:47:13.000Z</time>
        <extensions>
          <ns3:TrackPointExtension>
            <ns3:hr>139</ns3:hr>
            <ns3:cad>81</ns3:cad>
          </ns3:TrackPointExtension>
        </extensions>
      </trkpt>
      <trkpt lat="37.50917050056159496307373046875" lon="127.0444379746913909912109375">
        <ele>65.1999969482421875</ele>
        <time>2026-09-17T08:47:14.000Z</time>
        <extensions>
          <ns3:TrackPointExtension>
            <ns3:hr>140</ns3:hr>
            <ns3:cad>81</ns3:cad>
          </ns3:TrackPointExtension>
        </extensions>
      </trkpt>
      <trkpt lat="37.50913940370082855224609375" lon="127.04445465467870235443115234375">
        <ele>65</ele>
        <time>2026-09-17T08:47:15.000Z</time>
        <extensions>
          <ns3:TrackPointExtension>
            <ns3:hr>140</ns3:hr>
            <ns3:cad>81</ns3:cad>
          </ns3:TrackPointExtension>
        </extensions>
      </trkpt>
      <trkpt lat="37.5091117434203624725341796875" lon="127.04447359777987003326416015625">
        <ele>64.59999847412109375</ele>
        <time>2026-09-17T08:47:16.000Z</time>
        <extensions>
          <ns3:TrackPointExtension>
            <ns3:hr>139</ns3:hr>
            <ns3:cad>81</ns3:cad>
          </ns3:TrackPointExtension>
        </extensions>
      </trkpt>
      <trkpt lat="37.50909087248146533966064453125" lon="127.044487930834293365478515625">
        <ele>64.40000152587890625</ele>
        <time>2026-09-17T08:47:17.000Z</time>
        <extensions>
          <ns3:TrackPointExtension>
            <ns3:hr>139</ns3:hr>
            <ns3:cad>81</ns3:cad>
          </ns3:TrackPointExtension>
        </extensions>
      </trkpt>
      <trkpt lat="37.5090577639639377593994140625" lon="127.04450762830674648284912109375">
        <ele>64.1999969482421875</ele>
        <time>2026-09-17T08:47:18.000Z</time>
        <extensions>
          <ns3:TrackPointExtension>
            <ns3:hr>140</ns3:hr>
            <ns3:cad>81</ns3:cad>
          </ns3:TrackPointExtension>
        </extensions>
      </trkpt>
      <trkpt lat="37.5090363062918186187744140625" lon="127.0445236377418041229248046875">
        <ele>64</ele>
        <time>2026-09-17T08:47:19.000Z</time>
        <extensions>
          <ns3:TrackPointExtension>
            <ns3:hr>140</ns3:hr>
            <ns3:cad>83</ns3:cad>
          </ns3:TrackPointExtension>
        </extensions>
      </trkpt>
      <trkpt lat="37.5090037845075130462646484375" lon="127.04454937018454074859619140625">
        <ele>63.799999237060546875</ele>
        <time>2026-09-17T08:47:20.000Z</time>
        <extensions>
          <ns3:TrackPointExtension>
            <ns3:hr>140</ns3:hr>
            <ns3:cad>83</ns3:cad>
          </ns3:TrackPointExtension>
        </extensions>
      </trkpt>
      <trkpt lat="37.50897503457963466644287109375" lon="127.0445725880563259124755859375">
        <ele>63.59999847412109375</ele>
        <time>2026-09-17T08:47:21.000Z</time>
        <extensions>
          <ns3:TrackPointExtension>
            <ns3:hr>139</ns3:hr>
            <ns3:cad>83</ns3:cad>
          </ns3:TrackPointExtension>
        </extensions>
      </trkpt>
      <trkpt lat="37.50895290635526180267333984375" lon="127.0445973984897136688232421875">
        <ele>63.200000762939453125</ele>
        <time>2026-09-17T08:47:22.000Z</time>
        <extensions>
          <ns3:TrackPointExtension>
            <ns3:hr>139</ns3:hr>
            <ns3:cad>83</ns3:cad>
          </ns3:TrackPointExtension>
        </extensions>
      </trkpt>
      <trkpt lat="37.5089226476848125457763671875" lon="127.044624388217926025390625">
        <ele>63</ele>
        <time>2026-09-17T08:47:23.000Z</time>
        <extensions>
          <ns3:TrackPointExtension>
            <ns3:hr>139</ns3:hr>
            <ns3:cad>83</ns3:cad>
          </ns3:TrackPointExtension>
        </extensions>
      </trkpt>
      <trkpt lat="37.50889892689883708953857421875" lon="127.0446423254907131195068359375">
        <ele>62.799999237060546875</ele>
        <time>2026-09-17T08:47:24.000Z</time>
        <extensions>
          <ns3:TrackPointExtension>
            <ns3:hr>139</ns3:hr>
            <ns3:cad>83</ns3:cad>
          </ns3:TrackPointExtension>
        </extensions>
      </trkpt>
      <trkpt lat="37.5088633038103580474853515625" lon="127.04465783201158046722412109375">
        <ele>62.40000152587890625</ele>
        <time>2026-09-17T08:47:25.000Z</time>
        <extensions>
          <ns3:TrackPointExtension>
            <ns3:hr>140</ns3:hr>
            <ns3:cad>84</ns3:cad>
          </ns3:TrackPointExtension>
        </extensions>
      </trkpt>
      <trkpt lat="37.50883572734892368316650390625" lon="127.04467761330306529998779296875">
        <ele>62.200000762939453125</ele>
        <time>2026-09-17T08:47:26.000Z</time>
        <extensions>
          <ns3:TrackPointExtension>
            <ns3:hr>139</ns3:hr>
            <ns3:cad>84</ns3:cad>
          </ns3:TrackPointExtension>
        </extensions>
      </trkpt>
      <trkpt lat="37.50881544314324855804443359375" lon="127.0447023399174213409423828125">
        <ele>61.799999237060546875</ele>
        <time>2026-09-17T08:47:27.000Z</time>
        <extensions>
          <ns3:TrackPointExtension>
            <ns3:hr>139</ns3:hr>
            <ns3:cad>84</ns3:cad>
          </ns3:TrackPointExtension>
        </extensions>
      </trkpt>
      <trkpt lat="37.50878308899700641632080078125" lon="127.04472907818853855133056640625">
        <ele>61.59999847412109375</ele>
        <time>2026-09-17T08:47:28.000Z</time>
        <extensions>
          <ns3:TrackPointExtension>
            <ns3:hr>139</ns3:hr>
            <ns3:cad>84</ns3:cad>
          </ns3:TrackPointExtension>
        </extensions>
      </trkpt>
      <trkpt lat="37.50876246951520442962646484375" lon="127.0447522960603237152099609375">
        <ele>61.40000152587890625</ele>
        <time>2026-09-17T08:47:29.000Z</time>
        <extensions>
          <ns3:TrackPointExtension>
            <ns3:hr>139</ns3:hr>
            <ns3:cad>84</ns3:cad>
          </ns3:TrackPointExtension>
        </extensions>
      </trkpt>
      <trkpt lat="37.50873749144375324249267578125" lon="127.04477660357952117919921875">
        <ele>61.200000762939453125</ele>
        <time>2026-09-17T08:47:30.000Z</time>
        <extensions>
          <ns3:TrackPointExtension>
            <ns3:hr>138</ns3:hr>
            <ns3:cad>84</ns3:cad>
          </ns3:TrackPointExtension>
        </extensions>
      </trkpt>
      <trkpt lat="37.5087141059339046478271484375" lon="127.04479730688035488128662109375">
        <ele>60.799999237060546875</ele>
        <time>2026-09-17T08:47:31.000Z</time>
        <extensions>
          <ns3:TrackPointExtension>
            <ns3:hr>138</ns3:hr>
            <ns3:cad>83</ns3:cad>
          </ns3:TrackPointExtension>
        </extensions>
      </trkpt>
      <trkpt lat="37.5086980126798152923583984375" lon="127.04481775872409343719482421875">
        <ele>60.799999237060546875</ele>
        <time>2026-09-17T08:47:32.000Z</time>
        <extensions>
          <ns3:TrackPointExtension>
            <ns3:hr>138</ns3:hr>
            <ns3:cad>83</ns3:cad>
          </ns3:TrackPointExtension>
        </extensions>
      </trkpt>
      <trkpt lat="37.50867068767547607421875" lon="127.04484441317617893218994140625">
        <ele>60.59999847412109375</ele>
        <time>2026-09-17T08:47:33.000Z</time>
        <extensions>
          <ns3:TrackPointExtension>
            <ns3:hr>138</ns3:hr>
            <ns3:cad>83</ns3:cad>
          </ns3:TrackPointExtension>
        </extensions>
      </trkpt>
      <trkpt lat="37.5086453743278980255126953125" lon="127.0448629371821880340576171875">
        <ele>60.59999847412109375</ele>
        <time>2026-09-17T08:47:34.000Z</time>
        <extensions>
          <ns3:TrackPointExtension>
            <ns3:hr>137</ns3:hr>
            <ns3:cad>83</ns3:cad>
          </ns3:TrackPointExtension>
        </extensions>
      </trkpt>
      <trkpt lat="37.50862450338900089263916015625" lon="127.04488934017717838287353515625">
        <ele>60.40000152587890625</ele>
        <time>2026-09-17T08:47:35.000Z</time>
        <extensions>
          <ns3:TrackPointExtension>
            <ns3:hr>137</ns3:hr>
            <ns3:cad>83</ns3:cad>
          </ns3:TrackPointExtension>
        </extensions>
      </trkpt>
      <trkpt lat="37.508603297173976898193359375" lon="127.0449152402579784393310546875">
        <ele>60.200000762939453125</ele>
        <time>2026-09-17T08:47:36.000Z</time>
        <extensions>
          <ns3:TrackPointExtension>
            <ns3:hr>137</ns3:hr>
            <ns3:cad>83</ns3:cad>
          </ns3:TrackPointExtension>
        </extensions>
      </trkpt>
      <trkpt lat="37.50858795829117298126220703125" lon="127.0449368655681610107421875">
        <ele>60</ele>
        <time>2026-09-17T08:47:37.000Z</time>
        <extensions>
          <ns3:TrackPointExtension>
            <ns3:hr>137</ns3:hr>
            <ns3:cad>83</ns3:cad>
          </ns3:TrackPointExtension>
        </extensions>
      </trkpt>
      <trkpt lat="37.5085622258484363555908203125" lon="127.04496569931507110595703125">
        <ele>59.799999237060546875</ele>
        <time>2026-09-17T08:47:38.000Z</time>
        <extensions>
          <ns3:TrackPointExtension>
            <ns3:hr>136</ns3:hr>
            <ns3:cad>83</ns3:cad>
          </ns3:TrackPointExtension>
        </extensions>
      </trkpt>
      <trkpt lat="37.50854085199534893035888671875" lon="127.0449890010058879852294921875">
        <ele>59.59999847412109375</ele>
        <time>2026-09-17T08:47:39.000Z</time>
        <extensions>
          <ns3:TrackPointExtension>
            <ns3:hr>136</ns3:hr>
            <ns3:cad>83</ns3:cad>
          </ns3:TrackPointExtension>
        </extensions>
      </trkpt>
      <trkpt lat="37.50852542929351329803466796875" lon="127.04501305706799030303955078125">
        <ele>59.40000152587890625</ele>
        <time>2026-09-17T08:47:40.000Z</time>
        <extensions>
          <ns3:TrackPointExtension>
            <ns3:hr>136</ns3:hr>
            <ns3:cad>84</ns3:cad>
          </ns3:TrackPointExtension>
        </extensions>
      </trkpt>
      <trkpt lat="37.5085001997649669647216796875" lon="127.04504616558551788330078125">
        <ele>59.200000762939453125</ele>
        <time>2026-09-17T08:47:41.000Z</time>
        <extensions>
          <ns3:TrackPointExtension>
            <ns3:hr>137</ns3:hr>
            <ns3:cad>84</ns3:cad>
          </ns3:TrackPointExtension>
        </extensions>
      </trkpt>
      <trkpt lat="37.50848117284476757049560546875" lon="127.045072652399539947509765625">
        <ele>59</ele>
        <time>2026-09-17T08:47:42.000Z</time>
        <extensions>
          <ns3:TrackPointExtension>
            <ns3:hr>136</ns3:hr>
            <ns3:cad>84</ns3:cad>
          </ns3:TrackPointExtension>
        </extensions>
      </trkpt>
      <trkpt lat="37.5084549374878406524658203125" lon="127.04510249197483062744140625">
        <ele>58.799999237060546875</ele>
        <time>2026-09-17T08:47:43.000Z</time>
        <extensions>
          <ns3:TrackPointExtension>
            <ns3:hr>136</ns3:hr>
            <ns3:cad>84</ns3:cad>
          </ns3:TrackPointExtension>
        </extensions>
      </trkpt>
      <trkpt lat="37.5084375031292438507080078125" lon="127.04513258300721645355224609375">
        <ele>58.59999847412109375</ele>
        <time>2026-09-17T08:47:44.000Z</time>
        <extensions>
          <ns3:TrackPointExtension>
            <ns3:hr>136</ns3:hr>
            <ns3:cad>84</ns3:cad>
          </ns3:TrackPointExtension>
        </extensions>
      </trkpt>
      <trkpt lat="37.5084250979125499725341796875" lon="127.0451573096215724945068359375">
        <ele>58.200000762939453125</ele>
        <time>2026-09-17T08:47:45.000Z</time>
        <extensions>
          <ns3:TrackPointExtension>
            <ns3:hr>135</ns3:hr>
            <ns3:cad>84</ns3:cad>
          </ns3:TrackPointExtension>
        </extensions>
      </trkpt>
      <trkpt lat="37.508394755423069000244140625" lon="127.0451755821704864501953125">
        <ele>58</ele>
        <time>2026-09-17T08:47:46.000Z</time>
        <extensions>
          <ns3:TrackPointExtension>
            <ns3:hr>134</ns3:hr>
            <ns3:cad>84</ns3:cad>
          </ns3:TrackPointExtension>
        </extensions>
      </trkpt>
      <trkpt lat="37.5083724595606327056884765625" lon="127.04519259743392467498779296875">
        <ele>58</ele>
        <time>2026-09-17T08:47:47.000Z</time>
        <extensions>
          <ns3:TrackPointExtension>
            <ns3:hr>134</ns3:hr>
            <ns3:cad>82</ns3:cad>
          </ns3:TrackPointExtension>
        </extensions>
      </trkpt>
      <trkpt lat="37.50834907405078411102294921875" lon="127.04522050917148590087890625">
        <ele>57.799999237060546875</ele>
        <time>2026-09-17T08:47:48.000Z</time>
        <extensions>
          <ns3:TrackPointExtension>
            <ns3:hr>132</ns3:hr>
            <ns3:cad>82</ns3:cad>
          </ns3:TrackPointExtension>
        </extensions>
      </trkpt>
      <trkpt lat="37.5083241797983646392822265625" lon="127.0452480018138885498046875">
        <ele>57.799999237060546875</ele>
        <time>2026-09-17T08:47:49.000Z</time>
        <extensions>
          <ns3:TrackPointExtension>
            <ns3:hr>132</ns3:hr>
            <ns3:cad>82</ns3:cad>
          </ns3:TrackPointExtension>
        </extensions>
      </trkpt>
      <trkpt lat="37.50831319950520992279052734375" lon="127.045267783105373382568359375">
        <ele>57.799999237060546875</ele>
        <time>2026-09-17T08:47:50.000Z</time>
        <extensions>
          <ns3:TrackPointExtension>
            <ns3:hr>131</ns3:hr>
            <ns3:cad>83</ns3:cad>
          </ns3:TrackPointExtension>
        </extensions>
      </trkpt>
      <trkpt lat="37.508289478719234466552734375" lon="127.04529837705194950103759765625">
        <ele>57.59999847412109375</ele>
        <time>2026-09-17T08:47:51.000Z</time>
        <extensions>
          <ns3:TrackPointExtension>
            <ns3:hr>131</ns3:hr>
            <ns3:cad>83</ns3:cad>
          </ns3:TrackPointExtension>
        </extensions>
      </trkpt>
      <trkpt lat="37.50827196054160594940185546875" lon="127.04532318748533725738525390625">
        <ele>57.40000152587890625</ele>
        <time>2026-09-17T08:47:52.000Z</time>
        <extensions>
          <ns3:TrackPointExtension>
            <ns3:hr>131</ns3:hr>
            <ns3:cad>83</ns3:cad>
          </ns3:TrackPointExtension>
        </extensions>
      </trkpt>
      <trkpt lat="37.50825167633593082427978515625" lon="127.04534330405294895172119140625">
        <ele>57.200000762939453125</ele>
        <time>2026-09-17T08:47:53.000Z</time>
        <extensions>
          <ns3:TrackPointExtension>
            <ns3:hr>132</ns3:hr>
            <ns3:cad>83</ns3:cad>
          </ns3:TrackPointExtension>
        </extensions>
      </trkpt>
      <trkpt lat="37.50822803936898708343505859375" lon="127.0453725568950176239013671875">
        <ele>57</ele>
        <time>2026-09-17T08:47:54.000Z</time>
        <extensions>
          <ns3:TrackPointExtension>
            <ns3:hr>132</ns3:hr>
            <ns3:cad>83</ns3:cad>
          </ns3:TrackPointExtension>
        </extensions>
      </trkpt>
      <trkpt lat="37.5082115270197391510009765625" lon="127.04539619386196136474609375">
        <ele>56.799999237060546875</ele>
        <time>2026-09-17T08:47:55.000Z</time>
        <extensions>
          <ns3:TrackPointExtension>
            <ns3:hr>132</ns3:hr>
            <ns3:cad>83</ns3:cad>
          </ns3:TrackPointExtension>
        </extensions>
      </trkpt>
      <trkpt lat="37.5081890635192394256591796875" lon="127.04542712308466434478759765625">
        <ele>56.799999237060546875</ele>
        <time>2026-09-17T08:47:56.000Z</time>
        <extensions>
          <ns3:TrackPointExtension>
            <ns3:hr>132</ns3:hr>
            <ns3:cad>83</ns3:cad>
          </ns3:TrackPointExtension>
        </extensions>
      </trkpt>
      <trkpt lat="37.50817640684545040130615234375" lon="127.04545562155544757843017578125">
        <ele>56.799999237060546875</ele>
        <time>2026-09-17T08:47:57.000Z</time>
        <extensions>
          <ns3:TrackPointExtension>
            <ns3:hr>132</ns3:hr>
            <ns3:cad>83</ns3:cad>
          </ns3:TrackPointExtension>
        </extensions>
      </trkpt>
      <trkpt lat="37.5081622414290904998779296875" lon="127.0454842038452625274658203125">
        <ele>56.799999237060546875</ele>
        <time>2026-09-17T08:47:58.000Z</time>
        <extensions>
          <ns3:TrackPointExtension>
            <ns3:hr>132</ns3:hr>
            <ns3:cad>83</ns3:cad>
          </ns3:TrackPointExtension>
        </extensions>
      </trkpt>
      <trkpt lat="37.5081407837569713592529296875" lon="127.045512534677982330322265625">
        <ele>56.59999847412109375</ele>
        <time>2026-09-17T08:47:59.000Z</time>
        <extensions>
          <ns3:TrackPointExtension>
            <ns3:hr>132</ns3:hr>
            <ns3:cad>84</ns3:cad>
          </ns3:TrackPointExtension>
        </extensions>
      </trkpt>
      <trkpt lat="37.50813047401607036590576171875" lon="127.04553826712071895599365234375">
        <ele>56.40000152587890625</ele>
        <time>2026-09-17T08:48:00.000Z</time>
        <extensions>
          <ns3:TrackPointExtension>
            <ns3:hr>132</ns3:hr>
            <ns3:cad>84</ns3:cad>
          </ns3:TrackPointExtension>
        </extensions>
      </trkpt>
      <trkpt lat="37.5081075914204120635986328125" lon="127.04557246528565883636474609375">
        <ele>56.40000152587890625</ele>
        <time>2026-09-17T08:48:01.000Z</time>
        <extensions>
          <ns3:TrackPointExtension>
            <ns3:hr>132</ns3:hr>
            <ns3:cad>84</ns3:cad>
          </ns3:TrackPointExtension>
        </extensions>
      </trkpt>
      <trkpt lat="37.508088983595371246337890625" lon="127.04560180194675922393798828125">
        <ele>56.200000762939453125</ele>
        <time>2026-09-17T08:48:02.000Z</time>
        <extensions>
          <ns3:TrackPointExtension>
            <ns3:hr>132</ns3:hr>
            <ns3:cad>84</ns3:cad>
          </ns3:TrackPointExtension>
        </extensions>
      </trkpt>
      <trkpt lat="37.5080754049122333526611328125" lon="127.04563382081687450408935546875">
        <ele>56.200000762939453125</ele>
        <time>2026-09-17T08:48:03.000Z</time>
        <extensions>
          <ns3:TrackPointExtension>
            <ns3:hr>132</ns3:hr>
            <ns3:cad>84</ns3:cad>
          </ns3:TrackPointExtension>
        </extensions>
      </trkpt>
      <trkpt lat="37.508050091564655303955078125" lon="127.04566776752471923828125">
        <ele>56</ele>
        <time>2026-09-17T08:48:04.000Z</time>
        <extensions>
          <ns3:TrackPointExtension>
            <ns3:hr>132</ns3:hr>
            <ns3:cad>84</ns3:cad>
          </ns3:TrackPointExtension>
        </extensions>
      </trkpt>
      <trkpt lat="37.50803307630121707916259765625" lon="127.045691907405853271484375">
        <ele>55.799999237060546875</ele>
        <time>2026-09-17T08:48:05.000Z</time>
        <extensions>
          <ns3:TrackPointExtension>
            <ns3:hr>132</ns3:hr>
            <ns3:cad>84</ns3:cad>
          </ns3:TrackPointExtension>
        </extensions>
      </trkpt>
      <trkpt lat="37.50801228918135166168212890625" lon="127.04571780748665332794189453125">
        <ele>55.799999237060546875</ele>
        <time>2026-09-17T08:48:06.000Z</time>
        <extensions>
          <ns3:TrackPointExtension>
            <ns3:hr>132</ns3:hr>
            <ns3:cad>84</ns3:cad>
          </ns3:TrackPointExtension>
        </extensions>
      </trkpt>
      <trkpt lat="37.50799150206148624420166015625" lon="127.0457453839480876922607421875">
        <ele>55.59999847412109375</ele>
        <time>2026-09-17T08:48:07.000Z</time>
        <extensions>
          <ns3:TrackPointExtension>
            <ns3:hr>132</ns3:hr>
            <ns3:cad>84</ns3:cad>
          </ns3:TrackPointExtension>
        </extensions>
      </trkpt>
      <trkpt lat="37.50797440297901630401611328125" lon="127.04577161930501461029052734375">
        <ele>55.59999847412109375</ele>
        <time>2026-09-17T08:48:08.000Z</time>
        <extensions>
          <ns3:TrackPointExtension>
            <ns3:hr>131</ns3:hr>
            <ns3:cad>84</ns3:cad>
          </ns3:TrackPointExtension>
        </extensions>
      </trkpt>
      <trkpt lat="37.50794992782175540924072265625" lon="127.04580313526093959808349609375">
        <ele>55.40000152587890625</ele>
        <time>2026-09-17T08:48:09.000Z</time>
        <extensions>
          <ns3:TrackPointExtension>
            <ns3:hr>132</ns3:hr>
            <ns3:cad>84</ns3:cad>
          </ns3:TrackPointExtension>
        </extensions>
      </trkpt>
      <trkpt lat="37.5079389475286006927490234375" lon="127.04582928679883480072021484375">
        <ele>55.40000152587890625</ele>
        <time>2026-09-17T08:48:10.000Z</time>
        <extensions>
          <ns3:TrackPointExtension>
            <ns3:hr>132</ns3:hr>
            <ns3:cad>83</ns3:cad>
          </ns3:TrackPointExtension>
        </extensions>
      </trkpt>
      <trkpt lat="37.5079201720654964447021484375" lon="127.04586298204958438873291015625">
        <ele>55.40000152587890625</ele>
        <time>2026-09-17T08:48:11.000Z</time>
        <extensions>
          <ns3:TrackPointExtension>
            <ns3:hr>132</ns3:hr>
            <ns3:cad>83</ns3:cad>
          </ns3:TrackPointExtension>
        </extensions>
      </trkpt>
      <trkpt lat="37.50789930112659931182861328125" lon="127.045891396701335906982421875">
        <ele>55.200000762939453125</ele>
        <time>2026-09-17T08:48:12.000Z</time>
        <extensions>
          <ns3:TrackPointExtension>
            <ns3:hr>132</ns3:hr>
            <ns3:cad>83</ns3:cad>
          </ns3:TrackPointExtension>
        </extensions>
      </trkpt>
      <trkpt lat="37.5078889913856983184814453125" lon="127.04592031426727771759033203125">
        <ele>55.200000762939453125</ele>
        <time>2026-09-17T08:48:13.000Z</time>
        <extensions>
          <ns3:TrackPointExtension>
            <ns3:hr>132</ns3:hr>
            <ns3:cad>84</ns3:cad>
          </ns3:TrackPointExtension>
        </extensions>
      </trkpt>
      <trkpt lat="37.50786778517067432403564453125" lon="127.0459535904228687286376953125">
        <ele>55.200000762939453125</ele>
        <time>2026-09-17T08:48:14.000Z</time>
        <extensions>
          <ns3:TrackPointExtension>
            <ns3:hr>131</ns3:hr>
            <ns3:cad>84</ns3:cad>
          </ns3:TrackPointExtension>
        </extensions>
      </trkpt>
      <trkpt lat="37.507854290306568145751953125" lon="127.04597982577979564666748046875">
        <ele>55</ele>
        <time>2026-09-17T08:48:15.000Z</time>
        <extensions>
          <ns3:TrackPointExtension>
            <ns3:hr>131</ns3:hr>
            <ns3:cad>84</ns3:cad>
          </ns3:TrackPointExtension>
        </extensions>
      </trkpt>
      <trkpt lat="37.507839538156986236572265625" lon="127.046010084450244903564453125">
        <ele>55</ele>
        <time>2026-09-17T08:48:16.000Z</time>
        <extensions>
          <ns3:TrackPointExtension>
            <ns3:hr>131</ns3:hr>
            <ns3:cad>83</ns3:cad>
          </ns3:TrackPointExtension>
        </extensions>
      </trkpt>
      <trkpt lat="37.5078192539513111114501953125" lon="127.04604269005358219146728515625">
        <ele>54.799999237060546875</ele>
        <time>2026-09-17T08:48:17.000Z</time>
        <extensions>
          <ns3:TrackPointExtension>
            <ns3:hr>131</ns3:hr>
            <ns3:cad>83</ns3:cad>
          </ns3:TrackPointExtension>
        </extensions>
      </trkpt>
      <trkpt lat="37.50780542381107807159423828125" lon="127.04606666229665279388427734375">
        <ele>54.799999237060546875</ele>
        <time>2026-09-17T08:48:18.000Z</time>
        <extensions>
          <ns3:TrackPointExtension>
            <ns3:hr>130</ns3:hr>
            <ns3:cad>83</ns3:cad>
          </ns3:TrackPointExtension>
        </extensions>
      </trkpt>
      <trkpt lat="37.50778614543378353118896484375" lon="127.04609700478613376617431640625">
        <ele>54.59999847412109375</ele>
        <time>2026-09-17T08:48:19.000Z</time>
        <extensions>
          <ns3:TrackPointExtension>
            <ns3:hr>130</ns3:hr>
            <ns3:cad>82</ns3:cad>
          </ns3:TrackPointExtension>
        </extensions>
      </trkpt>
      <trkpt lat="37.50776452012360095977783203125" lon="127.04612617380917072296142578125">
        <ele>54.59999847412109375</ele>
        <time>2026-09-17T08:48:20.000Z</time>
        <extensions>
          <ns3:TrackPointExtension>
            <ns3:hr>130</ns3:hr>
            <ns3:cad>82</ns3:cad>
          </ns3:TrackPointExtension>
        </extensions>
      </trkpt>
      <trkpt lat="37.5077521987259387969970703125" lon="127.046151570975780487060546875">
        <ele>54.40000152587890625</ele>
        <time>2026-09-17T08:48:21.000Z</time>
        <extensions>
          <ns3:TrackPointExtension>
            <ns3:hr>130</ns3:hr>
            <ns3:cad>82</ns3:cad>
          </ns3:TrackPointExtension>
        </extensions>
      </trkpt>
      <trkpt lat="37.5077300705015659332275390625" lon="127.0461872778832912445068359375">
        <ele>54.40000152587890625</ele>
        <time>2026-09-17T08:48:22.000Z</time>
        <extensions>
          <ns3:TrackPointExtension>
            <ns3:hr>130</ns3:hr>
            <ns3:cad>82</ns3:cad>
          </ns3:TrackPointExtension>
        </extensions>
      </trkpt>
      <trkpt lat="37.50771456398069858551025390625" lon="127.0462167821824550628662109375">
        <ele>54.200000762939453125</ele>
        <time>2026-09-17T08:48:23.000Z</time>
        <extensions>
          <ns3:TrackPointExtension>
            <ns3:hr>131</ns3:hr>
            <ns3:cad>82</ns3:cad>
          </ns3:TrackPointExtension>
        </extensions>
      </trkpt>
      <trkpt lat="37.50769712962210178375244140625" lon="127.04624620266258716583251953125">
        <ele>54.200000762939453125</ele>
        <time>2026-09-17T08:48:24.000Z</time>
        <extensions>
          <ns3:TrackPointExtension>
            <ns3:hr>130</ns3:hr>
            <ns3:cad>83</ns3:cad>
          </ns3:TrackPointExtension>
        </extensions>
      </trkpt>
      <trkpt lat="37.50767198391258716583251953125" lon="127.0462727732956409454345703125">
        <ele>54</ele>
        <time>2026-09-17T08:48:25.000Z</time>
        <extensions>
          <ns3:TrackPointExtension>
            <ns3:hr>131</ns3:hr>
            <ns3:cad>83</ns3:cad>
          </ns3:TrackPointExtension>
        </extensions>
      </trkpt>
      <trkpt lat="37.5076576508581638336181640625" lon="127.04629699699580669403076171875">
        <ele>54</ele>
        <time>2026-09-17T08:48:26.000Z</time>
        <extensions>
          <ns3:TrackPointExtension>
            <ns3:hr>131</ns3:hr>
            <ns3:cad>82</ns3:cad>
          </ns3:TrackPointExtension>
        </extensions>
      </trkpt>
      <trkpt lat="37.50763745047152042388916015625" lon="127.04633094370365142822265625">
        <ele>54</ele>
        <time>2026-09-17T08:48:27.000Z</time>
        <extensions>
          <ns3:TrackPointExtension>
            <ns3:hr>131</ns3:hr>
            <ns3:cad>82</ns3:cad>
          </ns3:TrackPointExtension>
        </extensions>
      </trkpt>
      <trkpt lat="37.50761699862778186798095703125" lon="127.04635818488895893096923828125">
        <ele>54</ele>
        <time>2026-09-17T08:48:28.000Z</time>
        <extensions>
          <ns3:TrackPointExtension>
            <ns3:hr>130</ns3:hr>
            <ns3:cad>82</ns3:cad>
          </ns3:TrackPointExtension>
        </extensions>
      </trkpt>
      <trkpt lat="37.5076018273830413818359375" lon="127.04638886265456676483154296875">
        <ele>53.799999237060546875</ele>
        <time>2026-09-17T08:48:29.000Z</time>
        <extensions>
          <ns3:TrackPointExtension>
            <ns3:hr>131</ns3:hr>
            <ns3:cad>82</ns3:cad>
          </ns3:TrackPointExtension>
        </extensions>
      </trkpt>
      <trkpt lat="37.50757777132093906402587890625" lon="127.0464202947914600372314453125">
        <ele>53.799999237060546875</ele>
        <time>2026-09-17T08:48:30.000Z</time>
        <extensions>
          <ns3:TrackPointExtension>
            <ns3:hr>130</ns3:hr>
            <ns3:cad>82</ns3:cad>
          </ns3:TrackPointExtension>
        </extensions>
      </trkpt>
      <trkpt lat="37.50756360590457916259765625" lon="127.04644300974905490875244140625">
        <ele>53.59999847412109375</ele>
        <time>2026-09-17T08:48:31.000Z</time>
        <extensions>
          <ns3:TrackPointExtension>
            <ns3:hr>130</ns3:hr>
            <ns3:cad>82</ns3:cad>
          </ns3:TrackPointExtension>
        </extensions>
      </trkpt>
      <trkpt lat="37.50754483044147491455078125" lon="127.0464739389717578887939453125">
        <ele>53.40000152587890625</ele>
        <time>2026-09-17T08:48:32.000Z</time>
        <extensions>
          <ns3:TrackPointExtension>
            <ns3:hr>131</ns3:hr>
            <ns3:cad>82</ns3:cad>
          </ns3:TrackPointExtension>
        </extensions>
      </trkpt>
      <trkpt lat="37.5075289048254489898681640625" lon="127.046501934528350830078125">
        <ele>53.40000152587890625</ele>
        <time>2026-09-17T08:48:33.000Z</time>
        <extensions>
          <ns3:TrackPointExtension>
            <ns3:hr>131</ns3:hr>
            <ns3:cad>82</ns3:cad>
          </ns3:TrackPointExtension>
        </extensions>
      </trkpt>
      <trkpt lat="37.507514990866184234619140625" lon="127.04653470776975154876708984375">
        <ele>53.40000152587890625</ele>
        <time>2026-09-17T08:48:34.000Z</time>
        <extensions>
          <ns3:TrackPointExtension>
            <ns3:hr>130</ns3:hr>
            <ns3:cad>82</ns3:cad>
          </ns3:TrackPointExtension>
        </extensions>
      </trkpt>
      <trkpt lat="37.50749713741242885589599609375" lon="127.04656974412500858306884765625">
        <ele>53.40000152587890625</ele>
        <time>2026-09-17T08:48:35.000Z</time>
        <extensions>
          <ns3:TrackPointExtension>
            <ns3:hr>130</ns3:hr>
            <ns3:cad>82</ns3:cad>
          </ns3:TrackPointExtension>
        </extensions>
      </trkpt>
      <trkpt lat="37.50748054124414920806884765625" lon="127.04659136943519115447998046875">
        <ele>53.40000152587890625</ele>
        <time>2026-09-17T08:48:36.000Z</time>
        <extensions>
          <ns3:TrackPointExtension>
            <ns3:hr>130</ns3:hr>
            <ns3:cad>82</ns3:cad>
          </ns3:TrackPointExtension>
        </extensions>
      </trkpt>
      <trkpt lat="37.5074581615626811981201171875" lon="127.0466194488108158111572265625">
        <ele>53.40000152587890625</ele>
        <time>2026-09-17T08:48:37.000Z</time>
        <extensions>
          <ns3:TrackPointExtension>
            <ns3:hr>130</ns3:hr>
            <ns3:cad>83</ns3:cad>
          </ns3:TrackPointExtension>
        </extensions>
      </trkpt>
      <trkpt lat="37.507436536252498626708984375" lon="127.0466481149196624755859375">
        <ele>53.40000152587890625</ele>
        <time>2026-09-17T08:48:38.000Z</time>
        <extensions>
          <ns3:TrackPointExtension>
            <ns3:hr>130</ns3:hr>
            <ns3:cad>83</ns3:cad>
          </ns3:TrackPointExtension>
        </extensions>
      </trkpt>
      <trkpt lat="37.5074323453009128570556640625" lon="127.0466757752001285552978515625">
        <ele>53.40000152587890625</ele>
        <time>2026-09-17T08:48:39.000Z</time>
        <extensions>
          <ns3:TrackPointExtension>
            <ns3:hr>129</ns3:hr>
            <ns3:cad>83</ns3:cad>
          </ns3:TrackPointExtension>
        </extensions>
      </trkpt>
      <trkpt lat="37.50741633586585521697998046875" lon="127.04670838080346584320068359375">
        <ele>53.40000152587890625</ele>
        <time>2026-09-17T08:48:40.000Z</time>
        <extensions>
          <ns3:TrackPointExtension>
            <ns3:hr>130</ns3:hr>
            <ns3:cad>83</ns3:cad>
          </ns3:TrackPointExtension>
        </extensions>
      </trkpt>
      <trkpt lat="37.50740108080208301544189453125" lon="127.04673185013234615325927734375">
        <ele>53.40000152587890625</ele>
        <time>2026-09-17T08:48:41.000Z</time>
        <extensions>
          <ns3:TrackPointExtension>
            <ns3:hr>130</ns3:hr>
            <ns3:cad>83</ns3:cad>
          </ns3:TrackPointExtension>
        </extensions>
      </trkpt>
      <trkpt lat="37.50738549046218395233154296875" lon="127.04675800167024135589599609375">
        <ele>53.40000152587890625</ele>
        <time>2026-09-17T08:48:42.000Z</time>
        <extensions>
          <ns3:TrackPointExtension>
            <ns3:hr>129</ns3:hr>
            <ns3:cad>83</ns3:cad>
          </ns3:TrackPointExtension>
        </extensions>
      </trkpt>
      <trkpt lat="37.5073619373142719268798828125" lon="127.0467907749116420745849609375">
        <ele>53.200000762939453125</ele>
        <time>2026-09-17T08:48:43.000Z</time>
        <extensions>
          <ns3:TrackPointExtension>
            <ns3:hr>130</ns3:hr>
            <ns3:cad>83</ns3:cad>
          </ns3:TrackPointExtension>
        </extensions>
      </trkpt>
      <trkpt lat="37.50734844245016574859619140625" lon="127.046814747154712677001953125">
        <ele>53.200000762939453125</ele>
        <time>2026-09-17T08:48:44.000Z</time>
        <extensions>
          <ns3:TrackPointExtension>
            <ns3:hr>130</ns3:hr>
            <ns3:cad>83</ns3:cad>
          </ns3:TrackPointExtension>
        </extensions>
      </trkpt>
      <trkpt lat="37.50733033753931522369384765625" lon="127.04684861004352569580078125">
        <ele>53</ele>
        <time>2026-09-17T08:48:45.000Z</time>
        <extensions>
          <ns3:TrackPointExtension>
            <ns3:hr>129</ns3:hr>
            <ns3:cad>83</ns3:cad>
          </ns3:TrackPointExtension>
        </extensions>
      </trkpt>
      <trkpt lat="37.50730753876268863677978515625" lon="127.04687953926622867584228515625">
        <ele>53</ele>
        <time>2026-09-17T08:48:46.000Z</time>
        <extensions>
          <ns3:TrackPointExtension>
            <ns3:hr>130</ns3:hr>
            <ns3:cad>83</ns3:cad>
          </ns3:TrackPointExtension>
        </extensions>
      </trkpt>
      <trkpt lat="37.5072945468127727508544921875" lon="127.046906612813472747802734375">
        <ele>53</ele>
        <time>2026-09-17T08:48:47.000Z</time>
        <extensions>
          <ns3:TrackPointExtension>
            <ns3:hr>130</ns3:hr>
            <ns3:cad>83</ns3:cad>
          </ns3:TrackPointExtension>
        </extensions>
      </trkpt>
      <trkpt lat="37.5072704069316387176513671875" lon="127.04693712294101715087890625">
        <ele>53</ele>
        <time>2026-09-17T08:48:48.000Z</time>
        <extensions>
          <ns3:TrackPointExtension>
            <ns3:hr>130</ns3:hr>
            <ns3:cad>83</ns3:cad>
          </ns3:TrackPointExtension>
        </extensions>
      </trkpt>
      <trkpt lat="37.507249452173709869384765625" lon="127.04695564694702625274658203125">
        <ele>53</ele>
        <time>2026-09-17T08:48:49.000Z</time>
        <extensions>
          <ns3:TrackPointExtension>
            <ns3:hr>130</ns3:hr>
            <ns3:cad>82</ns3:cad>
          </ns3:TrackPointExtension>
        </extensions>
      </trkpt>
      <trkpt lat="37.5072271563112735748291015625" lon="127.04698330722749233245849609375">
        <ele>53</ele>
        <time>2026-09-17T08:48:50.000Z</time>
        <extensions>
          <ns3:TrackPointExtension>
            <ns3:hr>129</ns3:hr>
            <ns3:cad>82</ns3:cad>
          </ns3:TrackPointExtension>
        </extensions>
      </trkpt>
      <trkpt lat="37.50720293261110782623291015625" lon="127.0470120571553707122802734375">
        <ele>53</ele>
        <time>2026-09-17T08:48:51.000Z</time>
        <extensions>
          <ns3:TrackPointExtension>
            <ns3:hr>130</ns3:hr>
            <ns3:cad>82</ns3:cad>
          </ns3:TrackPointExtension>
        </extensions>
      </trkpt>
      <trkpt lat="37.50719337724149227142333984375" lon="127.047034017741680145263671875">
        <ele>53</ele>
        <time>2026-09-17T08:48:52.000Z</time>
        <extensions>
          <ns3:TrackPointExtension>
            <ns3:hr>130</ns3:hr>
            <ns3:cad>82</ns3:cad>
          </ns3:TrackPointExtension>
        </extensions>
      </trkpt>
      <trkpt lat="37.50718097202479839324951171875" lon="127.0470719039440155029296875">
        <ele>53</ele>
        <time>2026-09-17T08:48:53.000Z</time>
        <extensions>
          <ns3:TrackPointExtension>
            <ns3:hr>130</ns3:hr>
            <ns3:cad>82</ns3:cad>
          </ns3:TrackPointExtension>
        </extensions>
      </trkpt>
      <trkpt lat="37.5071731768548488616943359375" lon="127.0471040904521942138671875">
        <ele>52.799999237060546875</ele>
        <time>2026-09-17T08:48:54.000Z</time>
        <extensions>
          <ns3:TrackPointExtension>
            <ns3:hr>130</ns3:hr>
            <ns3:cad>83</ns3:cad>
          </ns3:TrackPointExtension>
        </extensions>
      </trkpt>
      <trkpt lat="37.50716923736035823822021484375" lon="127.04713619314134120941162109375">
        <ele>52.59999847412109375</ele>
        <time>2026-09-17T08:48:55.000Z</time>
        <extensions>
          <ns3:TrackPointExtension>
            <ns3:hr>131</ns3:hr>
            <ns3:cad>83</ns3:cad>
          </ns3:TrackPointExtension>
        </extensions>
      </trkpt>
      <trkpt lat="37.5071590952575206756591796875" lon="127.04717525281012058258056640625">
        <ele>52.40000152587890625</ele>
        <time>2026-09-17T08:48:56.000Z</time>
        <extensions>
          <ns3:TrackPointExtension>
            <ns3:hr>131</ns3:hr>
            <ns3:cad>83</ns3:cad>
          </ns3:TrackPointExtension>
        </extensions>
      </trkpt>
      <trkpt lat="37.507165633141994476318359375" lon="127.04720224253833293914794921875">
        <ele>52.200000762939453125</ele>
        <time>2026-09-17T08:48:57.000Z</time>
        <extensions>
          <ns3:TrackPointExtension>
            <ns3:hr>131</ns3:hr>
            <ns3:cad>83</ns3:cad>
          </ns3:TrackPointExtension>
        </extensions>
      </trkpt>
      <trkpt lat="37.50716638751327991485595703125" lon="127.04724214039742946624755859375">
        <ele>52</ele>
        <time>2026-09-17T08:48:58.000Z</time>
        <extensions>
          <ns3:TrackPointExtension>
            <ns3:hr>132</ns3:hr>
            <ns3:cad>83</ns3:cad>
          </ns3:TrackPointExtension>
        </extensions>
      </trkpt>
      <trkpt lat="37.5071668066084384918212890625" lon="127.04727617092430591583251953125">
        <ele>51.799999237060546875</ele>
        <time>2026-09-17T08:48:59.000Z</time>
        <extensions>
          <ns3:TrackPointExtension>
            <ns3:hr>132</ns3:hr>
            <ns3:cad>83</ns3:cad>
          </ns3:TrackPointExtension>
        </extensions>
      </trkpt>
      <trkpt lat="37.50717108137905597686767578125" lon="127.04730500467121601104736328125">
        <ele>51.59999847412109375</ele>
        <time>2026-09-17T08:49:00.000Z</time>
        <extensions>
          <ns3:TrackPointExtension>
            <ns3:hr>132</ns3:hr>
            <ns3:cad>83</ns3:cad>
          </ns3:TrackPointExtension>
        </extensions>
      </trkpt>
      <trkpt lat="37.5071674771606922149658203125" lon="127.04734372906386852264404296875">
        <ele>51.59999847412109375</ele>
        <time>2026-09-17T08:49:01.000Z</time>
        <extensions>
          <ns3:TrackPointExtension>
            <ns3:hr>132</ns3:hr>
            <ns3:cad>41</ns3:cad>
          </ns3:TrackPointExtension>
        </extensions>
      </trkpt>
      <trkpt lat="37.5071651302278041839599609375" lon="127.047376669943332672119140625">
        <ele>51.40000152587890625</ele>
        <time>2026-09-17T08:49:02.000Z</time>
        <extensions>
          <ns3:TrackPointExtension>
            <ns3:hr>133</ns3:hr>
            <ns3:cad>41</ns3:cad>
          </ns3:TrackPointExtension>
        </extensions>
      </trkpt>
      <trkpt lat="37.50716286711394786834716796875" lon="127.047416232526302337646484375">
        <ele>51.40000152587890625</ele>
        <time>2026-09-17T08:49:03.000Z</time>
        <extensions>
          <ns3:TrackPointExtension>
            <ns3:hr>133</ns3:hr>
            <ns3:cad>83</ns3:cad>
          </ns3:TrackPointExtension>
        </extensions>
      </trkpt>
      <trkpt lat="37.507160604000091552734375" lon="127.04745504073798656463623046875">
        <ele>51.200000762939453125</ele>
        <time>2026-09-17T08:49:04.000Z</time>
        <extensions>
          <ns3:TrackPointExtension>
            <ns3:hr>133</ns3:hr>
            <ns3:cad>83</ns3:cad>
          </ns3:TrackPointExtension>
        </extensions>
      </trkpt>
      <trkpt lat="37.50715859234333038330078125" lon="127.04748873598873615264892578125">
        <ele>51.200000762939453125</ele>
        <time>2026-09-17T08:49:05.000Z</time>
        <extensions>
          <ns3:TrackPointExtension>
            <ns3:hr>133</ns3:hr>
            <ns3:cad>83</ns3:cad>
          </ns3:TrackPointExtension>
        </extensions>
      </trkpt>
      <trkpt lat="37.5071503780782222747802734375" lon="127.0475404523313045501708984375">
        <ele>51</ele>
        <time>2026-09-17T08:49:06.000Z</time>
        <extensions>
          <ns3:TrackPointExtension>
            <ns3:hr>133</ns3:hr>
            <ns3:cad>83</ns3:cad>
          </ns3:TrackPointExtension>
        </extensions>
      </trkpt>
      <trkpt lat="37.50714543275535106658935546875" lon="127.04757858999073505401611328125">
        <ele>50.59999847412109375</ele>
        <time>2026-09-17T08:49:07.000Z</time>
        <extensions>
          <ns3:TrackPointExtension>
            <ns3:hr>133</ns3:hr>
            <ns3:cad>83</ns3:cad>
          </ns3:TrackPointExtension>
        </extensions>
      </trkpt>
      <trkpt lat="37.507141493260860443115234375" lon="127.04761748202145099639892578125">
        <ele>50.59999847412109375</ele>
        <time>2026-09-17T08:49:08.000Z</time>
        <extensions>
          <ns3:TrackPointExtension>
            <ns3:hr>133</ns3:hr>
            <ns3:cad>83</ns3:cad>
          </ns3:TrackPointExtension>
        </extensions>
      </trkpt>
      <trkpt lat="37.5071369670331478118896484375" lon="127.04765997827053070068359375">
        <ele>50.59999847412109375</ele>
        <time>2026-09-17T08:49:09.000Z</time>
        <extensions>
          <ns3:TrackPointExtension>
            <ns3:hr>133</ns3:hr>
            <ns3:cad>83</ns3:cad>
          </ns3:TrackPointExtension>
        </extensions>
      </trkpt>
      <trkpt lat="37.50713654793798923492431640625" lon="127.0476919971406459808349609375">
        <ele>50.40000152587890625</ele>
        <time>2026-09-17T08:49:10.000Z</time>
        <extensions>
          <ns3:TrackPointExtension>
            <ns3:hr>134</ns3:hr>
            <ns3:cad>83</ns3:cad>
          </ns3:TrackPointExtension>
        </extensions>
      </trkpt>
      <trkpt lat="37.50712908804416656494140625" lon="127.04773147590458393096923828125">
        <ele>50.40000152587890625</ele>
        <time>2026-09-17T08:49:11.000Z</time>
        <extensions>
          <ns3:TrackPointExtension>
            <ns3:hr>134</ns3:hr>
            <ns3:cad>83</ns3:cad>
          </ns3:TrackPointExtension>
        </extensions>
      </trkpt>
      <trkpt lat="37.507129423320293426513671875" lon="127.04775846563279628753662109375">
        <ele>50.59999847412109375</ele>
        <time>2026-09-17T08:49:12.000Z</time>
        <extensions>
          <ns3:TrackPointExtension>
            <ns3:hr>134</ns3:hr>
            <ns3:cad>83</ns3:cad>
          </ns3:TrackPointExtension>
        </extensions>
      </trkpt>
      <trkpt lat="37.50712783075869083404541015625" lon="127.047789394855499267578125">
        <ele>50.59999847412109375</ele>
        <time>2026-09-17T08:49:13.000Z</time>
        <extensions>
          <ns3:TrackPointExtension>
            <ns3:hr>134</ns3:hr>
            <ns3:cad>84</ns3:cad>
          </ns3:TrackPointExtension>
        </extensions>
      </trkpt>
      <trkpt lat="37.50712104141712188720703125" lon="127.04782417975366115570068359375">
        <ele>50.59999847412109375</ele>
        <time>2026-09-17T08:49:14.000Z</time>
        <extensions>
          <ns3:TrackPointExtension>
            <ns3:hr>134</ns3:hr>
            <ns3:cad>84</ns3:cad>
          </ns3:TrackPointExtension>
        </extensions>
      </trkpt>
      <trkpt lat="37.5071178562939167022705078125" lon="127.0478522591292858123779296875">
        <ele>50.59999847412109375</ele>
        <time>2026-09-17T08:49:15.000Z</time>
        <extensions>
          <ns3:TrackPointExtension>
            <ns3:hr>134</ns3:hr>
            <ns3:cad>84</ns3:cad>
          </ns3:TrackPointExtension>
        </extensions>
      </trkpt>
      <trkpt lat="37.5071111507713794708251953125" lon="127.0478872954845428466796875">
        <ele>50.59999847412109375</ele>
        <time>2026-09-17T08:49:16.000Z</time>
        <extensions>
          <ns3:TrackPointExtension>
            <ns3:hr>134</ns3:hr>
            <ns3:cad>84</ns3:cad>
          </ns3:TrackPointExtension>
        </extensions>
      </trkpt>
      <trkpt lat="37.50710201449692249298095703125" lon="127.04792283475399017333984375">
        <ele>50.59999847412109375</ele>
        <time>2026-09-17T08:49:17.000Z</time>
        <extensions>
          <ns3:TrackPointExtension>
            <ns3:hr>135</ns3:hr>
            <ns3:cad>84</ns3:cad>
          </ns3:TrackPointExtension>
        </extensions>
      </trkpt>
      <trkpt lat="37.50710000284016132354736328125" lon="127.0479545183479785919189453125">
        <ele>50.59999847412109375</ele>
        <time>2026-09-17T08:49:18.000Z</time>
        <extensions>
          <ns3:TrackPointExtension>
            <ns3:hr>134</ns3:hr>
            <ns3:cad>83</ns3:cad>
          </ns3:TrackPointExtension>
        </extensions>
      </trkpt>
      <trkpt lat="37.50709614716470241546630859375" lon="127.047992236912250518798828125">
        <ele>50.59999847412109375</ele>
        <time>2026-09-17T08:49:19.000Z</time>
        <extensions>
          <ns3:TrackPointExtension>
            <ns3:hr>134</ns3:hr>
            <ns3:cad>84</ns3:cad>
          </ns3:TrackPointExtension>
        </extensions>
      </trkpt>
      <trkpt lat="37.50709530897438526153564453125" lon="127.04802609980106353759765625">
        <ele>50.40000152587890625</ele>
        <time>2026-09-17T08:49:20.000Z</time>
        <extensions>
          <ns3:TrackPointExtension>
            <ns3:hr>134</ns3:hr>
            <ns3:cad>84</ns3:cad>
          </ns3:TrackPointExtension>
        </extensions>
      </trkpt>
      <trkpt lat="37.50709011219441890716552734375" lon="127.04807169735431671142578125">
        <ele>50.59999847412109375</ele>
        <time>2026-09-17T08:49:21.000Z</time>
        <extensions>
          <ns3:TrackPointExtension>
            <ns3:hr>133</ns3:hr>
            <ns3:cad>84</ns3:cad>
          </ns3:TrackPointExtension>
        </extensions>
      </trkpt>
      <trkpt lat="37.5070873461663722991943359375" lon="127.04810732044279575347900390625">
        <ele>50.59999847412109375</ele>
        <time>2026-09-17T08:49:22.000Z</time>
        <extensions>
          <ns3:TrackPointExtension>
            <ns3:hr>134</ns3:hr>
            <ns3:cad>84</ns3:cad>
          </ns3:TrackPointExtension>
        </extensions>
      </trkpt>
      <trkpt lat="37.50708558596670627593994140625" lon="127.04813682474195957183837890625">
        <ele>50.59999847412109375</ele>
        <time>2026-09-17T08:49:23.000Z</time>
        <extensions>
          <ns3:TrackPointExtension>
            <ns3:hr>134</ns3:hr>
            <ns3:cad>84</ns3:cad>
          </ns3:TrackPointExtension>
        </extensions>
      </trkpt>
      <trkpt lat="37.50707804225385189056396484375" lon="127.0481774769723415374755859375">
        <ele>50.59999847412109375</ele>
        <time>2026-09-17T08:49:24.000Z</time>
        <extensions>
          <ns3:TrackPointExtension>
            <ns3:hr>133</ns3:hr>
            <ns3:cad>83</ns3:cad>
          </ns3:TrackPointExtension>
        </extensions>
      </trkpt>
      <trkpt lat="37.50707536004483699798583984375" lon="127.04820446670055389404296875">
        <ele>50.799999237060546875</ele>
        <time>2026-09-17T08:49:25.000Z</time>
        <extensions>
          <ns3:TrackPointExtension>
            <ns3:hr>134</ns3:hr>
            <ns3:cad>83</ns3:cad>
          </ns3:TrackPointExtension>
        </extensions>
      </trkpt>
      <trkpt lat="37.5070735998451709747314453125" lon="127.0482418499886989593505859375">
        <ele>50.59999847412109375</ele>
        <time>2026-09-17T08:49:26.000Z</time>
        <extensions>
          <ns3:TrackPointExtension>
            <ns3:hr>134</ns3:hr>
            <ns3:cad>83</ns3:cad>
          </ns3:TrackPointExtension>
        </extensions>
      </trkpt>
      <trkpt lat="37.5070806406438350677490234375" lon="127.04828015528619289398193359375">
        <ele>50.40000152587890625</ele>
        <time>2026-09-17T08:49:27.000Z</time>
        <extensions>
          <ns3:TrackPointExtension>
            <ns3:hr>134</ns3:hr>
            <ns3:cad>83</ns3:cad>
          </ns3:TrackPointExtension>
        </extensions>
      </trkpt>
      <trkpt lat="37.50708625651895999908447265625" lon="127.048310749232769012451171875">
        <ele>50.40000152587890625</ele>
        <time>2026-09-17T08:49:28.000Z</time>
        <extensions>
          <ns3:TrackPointExtension>
            <ns3:hr>133</ns3:hr>
            <ns3:cad>84</ns3:cad>
          </ns3:TrackPointExtension>
        </extensions>
      </trkpt>
      <trkpt lat="37.50707804225385189056396484375" lon="127.04834871925413608551025390625">
        <ele>50.40000152587890625</ele>
        <time>2026-09-17T08:49:29.000Z</time>
        <extensions>
          <ns3:TrackPointExtension>
            <ns3:hr>134</ns3:hr>
            <ns3:cad>84</ns3:cad>
          </ns3:TrackPointExtension>
        </extensions>
      </trkpt>
      <trkpt lat="37.5070782937109470367431640625" lon="127.04837570898234844207763671875">
        <ele>50.40000152587890625</ele>
        <time>2026-09-17T08:49:30.000Z</time>
        <extensions>
          <ns3:TrackPointExtension>
            <ns3:hr>134</ns3:hr>
            <ns3:cad>84</ns3:cad>
          </ns3:TrackPointExtension>
        </extensions>
      </trkpt>
      <trkpt lat="37.50707410275936126708984375" lon="127.048420049250125885009765625">
        <ele>50.40000152587890625</ele>
        <time>2026-09-17T08:49:31.000Z</time>
        <extensions>
          <ns3:TrackPointExtension>
            <ns3:hr>133</ns3:hr>
            <ns3:cad>84</ns3:cad>
          </ns3:TrackPointExtension>
        </extensions>
      </trkpt>
      <trkpt lat="37.507066391408443450927734375" lon="127.0484500564634799957275390625">
        <ele>50.59999847412109375</ele>
        <time>2026-09-17T08:49:32.000Z</time>
        <extensions>
          <ns3:TrackPointExtension>
            <ns3:hr>134</ns3:hr>
            <ns3:cad>84</ns3:cad>
          </ns3:TrackPointExtension>
        </extensions>
      </trkpt>
      <trkpt lat="37.50706295482814311981201171875" lon="127.04848341643810272216796875">
        <ele>50.59999847412109375</ele>
        <time>2026-09-17T08:49:33.000Z</time>
        <extensions>
          <ns3:TrackPointExtension>
            <ns3:hr>134</ns3:hr>
            <ns3:cad>84</ns3:cad>
          </ns3:TrackPointExtension>
        </extensions>
      </trkpt>
      <trkpt lat="37.5070519745349884033203125" lon="127.04852356575429439544677734375">
        <ele>50.59999847412109375</ele>
        <time>2026-09-17T08:49:34.000Z</time>
        <extensions>
          <ns3:TrackPointExtension>
            <ns3:hr>133</ns3:hr>
            <ns3:cad>84</ns3:cad>
          </ns3:TrackPointExtension>
        </extensions>
      </trkpt>
      <trkpt lat="37.50704904086887836456298828125" lon="127.04855583608150482177734375">
        <ele>50.59999847412109375</ele>
        <time>2026-09-17T08:49:35.000Z</time>
        <extensions>
          <ns3:TrackPointExtension>
            <ns3:hr>134</ns3:hr>
            <ns3:cad>84</ns3:cad>
          </ns3:TrackPointExtension>
        </extensions>
      </trkpt>
      <trkpt lat="37.50704619102180004119873046875" lon="127.0485922135412693023681640625">
        <ele>50.59999847412109375</ele>
        <time>2026-09-17T08:49:36.000Z</time>
        <extensions>
          <ns3:TrackPointExtension>
            <ns3:hr>134</ns3:hr>
            <ns3:cad>84</ns3:cad>
          </ns3:TrackPointExtension>
        </extensions>
      </trkpt>
      <trkpt lat="37.50704233534634113311767578125" lon="127.04862917773425579071044921875">
        <ele>50.59999847412109375</ele>
        <time>2026-09-17T08:49:37.000Z</time>
        <extensions>
          <ns3:TrackPointExtension>
            <ns3:hr>135</ns3:hr>
            <ns3:cad>84</ns3:cad>
          </ns3:TrackPointExtension>
        </extensions>
      </trkpt>
      <trkpt lat="37.50704350881278514862060546875" lon="127.04866572283208370208740234375">
        <ele>50.59999847412109375</ele>
        <time>2026-09-17T08:49:38.000Z</time>
        <extensions>
          <ns3:TrackPointExtension>
            <ns3:hr>135</ns3:hr>
            <ns3:cad>84</ns3:cad>
          </ns3:TrackPointExtension>
        </extensions>
      </trkpt>
      <trkpt lat="37.50703386962413787841796875" lon="127.04870738089084625244140625">
        <ele>50.59999847412109375</ele>
        <time>2026-09-17T08:49:39.000Z</time>
        <extensions>
          <ns3:TrackPointExtension>
            <ns3:hr>135</ns3:hr>
            <ns3:cad>84</ns3:cad>
          </ns3:TrackPointExtension>
        </extensions>
      </trkpt>
      <trkpt lat="37.50702875666320323944091796875" lon="127.04873981885612010955810546875">
        <ele>50.59999847412109375</ele>
        <time>2026-09-17T08:49:40.000Z</time>
        <extensions>
          <ns3:TrackPointExtension>
            <ns3:hr>135</ns3:hr>
            <ns3:cad>84</ns3:cad>
          </ns3:TrackPointExtension>
        </extensions>
      </trkpt>
      <trkpt lat="37.50702104531228542327880859375" lon="127.0487792976200580596923828125">
        <ele>50.59999847412109375</ele>
        <time>2026-09-17T08:49:41.000Z</time>
        <extensions>
          <ns3:TrackPointExtension>
            <ns3:hr>136</ns3:hr>
            <ns3:cad>84</ns3:cad>
          </ns3:TrackPointExtension>
        </extensions>
      </trkpt>
      <trkpt lat="37.50701048411428928375244140625" lon="127.0488181896507740020751953125">
        <ele>50.59999847412109375</ele>
        <time>2026-09-17T08:49:42.000Z</time>
        <extensions>
          <ns3:TrackPointExtension>
            <ns3:hr>136</ns3:hr>
            <ns3:cad>83</ns3:cad>
          </ns3:TrackPointExtension>
        </extensions>
      </trkpt>
      <trkpt lat="37.5070062093436717987060546875" lon="127.0488456822931766510009765625">
        <ele>50.59999847412109375</ele>
        <time>2026-09-17T08:49:43.000Z</time>
        <extensions>
          <ns3:TrackPointExtension>
            <ns3:hr>136</ns3:hr>
            <ns3:cad>83</ns3:cad>
          </ns3:TrackPointExtension>
        </extensions>
      </trkpt>
      <trkpt lat="37.50699623487889766693115234375" lon="127.04888868145644664764404296875">
        <ele>50.59999847412109375</ele>
        <time>2026-09-17T08:49:44.000Z</time>
        <extensions>
          <ns3:TrackPointExtension>
            <ns3:hr>137</ns3:hr>
            <ns3:cad>83</ns3:cad>
          </ns3:TrackPointExtension>
        </extensions>
      </trkpt>
      <trkpt lat="37.5069948099553585052490234375" lon="127.0489194430410861968994140625">
        <ele>50.59999847412109375</ele>
        <time>2026-09-17T08:49:45.000Z</time>
        <extensions>
          <ns3:TrackPointExtension>
            <ns3:hr>137</ns3:hr>
            <ns3:cad>84</ns3:cad>
          </ns3:TrackPointExtension>
        </extensions>
      </trkpt>
      <trkpt lat="37.50698600895702838897705078125" lon="127.04895942471921443939208984375">
        <ele>50.59999847412109375</ele>
        <time>2026-09-17T08:49:46.000Z</time>
        <extensions>
          <ns3:TrackPointExtension>
            <ns3:hr>137</ns3:hr>
            <ns3:cad>84</ns3:cad>
          </ns3:TrackPointExtension>
        </extensions>
      </trkpt>
      <trkpt lat="37.50697695650160312652587890625" lon="127.04899630509316921234130859375">
        <ele>50.40000152587890625</ele>
        <time>2026-09-17T08:49:47.000Z</time>
        <extensions>
          <ns3:TrackPointExtension>
            <ns3:hr>137</ns3:hr>
            <ns3:cad>84</ns3:cad>
          </ns3:TrackPointExtension>
        </extensions>
      </trkpt>
      <trkpt lat="37.5069770403206348419189453125" lon="127.04902698285877704620361328125">
        <ele>50.40000152587890625</ele>
        <time>2026-09-17T08:49:48.000Z</time>
        <extensions>
          <ns3:TrackPointExtension>
            <ns3:hr>136</ns3:hr>
            <ns3:cad>84</ns3:cad>
          </ns3:TrackPointExtension>
        </extensions>
      </trkpt>
      <trkpt lat="37.50697620213031768798828125" lon="127.04907375387847423553466796875">
        <ele>50.40000152587890625</ele>
        <time>2026-09-17T08:49:49.000Z</time>
        <extensions>
          <ns3:TrackPointExtension>
            <ns3:hr>137</ns3:hr>
            <ns3:cad>84</ns3:cad>
          </ns3:TrackPointExtension>
        </extensions>
      </trkpt>
      <trkpt lat="37.50697846524417400360107421875" lon="127.04910099506378173828125">
        <ele>50.40000152587890625</ele>
        <time>2026-09-17T08:49:50.000Z</time>
        <extensions>
          <ns3:TrackPointExtension>
            <ns3:hr>136</ns3:hr>
            <ns3:cad>84</ns3:cad>
          </ns3:TrackPointExtension>
        </extensions>
      </trkpt>
      <trkpt lat="37.50697645358741283416748046875" lon="127.04913594760000705718994140625">
        <ele>50.40000152587890625</ele>
        <time>2026-09-17T08:49:51.000Z</time>
        <extensions>
          <ns3:TrackPointExtension>
            <ns3:hr>136</ns3:hr>
            <ns3:cad>83</ns3:cad>
          </ns3:TrackPointExtension>
        </extensions>
      </trkpt>
      <trkpt lat="37.50697310082614421844482421875" lon="127.04917274415493011474609375">
        <ele>50.40000152587890625</ele>
        <time>2026-09-17T08:49:52.000Z</time>
        <extensions>
          <ns3:TrackPointExtension>
            <ns3:hr>136</ns3:hr>
            <ns3:cad>83</ns3:cad>
          </ns3:TrackPointExtension>
        </extensions>
      </trkpt>
      <trkpt lat="37.506972849369049072265625" lon="127.0491977222263813018798828125">
        <ele>50.40000152587890625</ele>
        <time>2026-09-17T08:49:53.000Z</time>
        <extensions>
          <ns3:TrackPointExtension>
            <ns3:hr>136</ns3:hr>
            <ns3:cad>83</ns3:cad>
          </ns3:TrackPointExtension>
        </extensions>
      </trkpt>
      <trkpt lat="37.50696371309459209442138671875" lon="127.04924046993255615234375">
        <ele>50.59999847412109375</ele>
        <time>2026-09-17T08:49:54.000Z</time>
        <extensions>
          <ns3:TrackPointExtension>
            <ns3:hr>136</ns3:hr>
            <ns3:cad>83</ns3:cad>
          </ns3:TrackPointExtension>
        </extensions>
      </trkpt>
      <trkpt lat="37.50695700757205486297607421875" lon="127.04927994869649410247802734375">
        <ele>50.59999847412109375</ele>
        <time>2026-09-17T08:49:55.000Z</time>
        <extensions>
          <ns3:TrackPointExtension>
            <ns3:hr>136</ns3:hr>
            <ns3:cad>83</ns3:cad>
          </ns3:TrackPointExtension>
        </extensions>
      </trkpt>
      <trkpt lat="37.5069525651633739471435546875" lon="127.0493157394230365753173828125">
        <ele>50.40000152587890625</ele>
        <time>2026-09-17T08:49:56.000Z</time>
        <extensions>
          <ns3:TrackPointExtension>
            <ns3:hr>136</ns3:hr>
            <ns3:cad>83</ns3:cad>
          </ns3:TrackPointExtension>
        </extensions>
      </trkpt>
      <trkpt lat="37.50694845803081989288330078125" lon="127.04935085959732532501220703125">
        <ele>50.40000152587890625</ele>
        <time>2026-09-17T08:49:57.000Z</time>
        <extensions>
          <ns3:TrackPointExtension>
            <ns3:hr>136</ns3:hr>
            <ns3:cad>83</ns3:cad>
          </ns3:TrackPointExtension>
        </extensions>
      </trkpt>
      <trkpt lat="37.50695013441145420074462890625" lon="127.04938204027712345123291015625">
        <ele>50.200000762939453125</ele>
        <time>2026-09-17T08:49:58.000Z</time>
        <extensions>
          <ns3:TrackPointExtension>
            <ns3:hr>136</ns3:hr>
            <ns3:cad>83</ns3:cad>
          </ns3:TrackPointExtension>
        </extensions>
      </trkpt>
      <trkpt lat="37.50694175250828266143798828125" lon="127.04942780546844005584716796875">
        <ele>50.200000762939453125</ele>
        <time>2026-09-17T08:49:59.000Z</time>
        <extensions>
          <ns3:TrackPointExtension>
            <ns3:hr>135</ns3:hr>
            <ns3:cad>83</ns3:cad>
          </ns3:TrackPointExtension>
        </extensions>
      </trkpt>
      <trkpt lat="37.50693596899509429931640625" lon="127.049460075795650482177734375">
        <ele>50</ele>
        <time>2026-09-17T08:50:00.000Z</time>
        <extensions>
          <ns3:TrackPointExtension>
            <ns3:hr>135</ns3:hr>
            <ns3:cad>83</ns3:cad>
          </ns3:TrackPointExtension>
        </extensions>
      </trkpt>
      <trkpt lat="37.50693605281412601470947265625" lon="127.04948966391384601593017578125">
        <ele>50</ele>
        <time>2026-09-17T08:50:01.000Z</time>
        <extensions>
          <ns3:TrackPointExtension>
            <ns3:hr>135</ns3:hr>
            <ns3:cad>83</ns3:cad>
          </ns3:TrackPointExtension>
        </extensions>
      </trkpt>
      <trkpt lat="37.506936304271221160888671875" lon="127.0495276339352130889892578125">
        <ele>49.799999237060546875</ele>
        <time>2026-09-17T08:50:02.000Z</time>
        <extensions>
          <ns3:TrackPointExtension>
            <ns3:hr>135</ns3:hr>
            <ns3:cad>83</ns3:cad>
          </ns3:TrackPointExtension>
        </extensions>
      </trkpt>
      <trkpt lat="37.50693923793733119964599609375" lon="127.0495547913014888763427734375">
        <ele>49.799999237060546875</ele>
        <time>2026-09-17T08:50:03.000Z</time>
        <extensions>
          <ns3:TrackPointExtension>
            <ns3:hr>135</ns3:hr>
            <ns3:cad>83</ns3:cad>
          </ns3:TrackPointExtension>
        </extensions>
      </trkpt>
      <trkpt lat="37.50693194568157196044921875" lon="127.049598209559917449951171875">
        <ele>49.59999847412109375</ele>
        <time>2026-09-17T08:50:04.000Z</time>
        <extensions>
          <ns3:TrackPointExtension>
            <ns3:hr>135</ns3:hr>
            <ns3:cad>83</ns3:cad>
          </ns3:TrackPointExtension>
        </extensions>
      </trkpt>
      <trkpt lat="37.5069223903119564056396484375" lon="127.04963517375290393829345703125">
        <ele>49.59999847412109375</ele>
        <time>2026-09-17T08:50:05.000Z</time>
        <extensions>
          <ns3:TrackPointExtension>
            <ns3:hr>135</ns3:hr>
            <ns3:cad>83</ns3:cad>
          </ns3:TrackPointExtension>
        </extensions>
      </trkpt>
      <trkpt lat="37.50691979192197322845458984375" lon="127.04966736026108264923095703125">
        <ele>49.59999847412109375</ele>
        <time>2026-09-17T08:50:06.000Z</time>
        <extensions>
          <ns3:TrackPointExtension>
            <ns3:hr>136</ns3:hr>
            <ns3:cad>83</ns3:cad>
          </ns3:TrackPointExtension>
        </extensions>
      </trkpt>
      <trkpt lat="37.50690788961946964263916015625" lon="127.0497085154056549072265625">
        <ele>49.40000152587890625</ele>
        <time>2026-09-17T08:50:07.000Z</time>
        <extensions>
          <ns3:TrackPointExtension>
            <ns3:hr>135</ns3:hr>
            <ns3:cad>83</ns3:cad>
          </ns3:TrackPointExtension>
        </extensions>
      </trkpt>
      <trkpt lat="37.50690571032464504241943359375" lon="127.0497385226190090179443359375">
        <ele>49.40000152587890625</ele>
        <time>2026-09-17T08:50:08.000Z</time>
        <extensions>
          <ns3:TrackPointExtension>
            <ns3:hr>135</ns3:hr>
            <ns3:cad>83</ns3:cad>
          </ns3:TrackPointExtension>
        </extensions>
      </trkpt>
      <trkpt lat="37.5069049559533596038818359375" lon="127.049772553145885467529296875">
        <ele>49.40000152587890625</ele>
        <time>2026-09-17T08:50:09.000Z</time>
        <extensions>
          <ns3:TrackPointExtension>
            <ns3:hr>135</ns3:hr>
            <ns3:cad>83</ns3:cad>
          </ns3:TrackPointExtension>
        </extensions>
      </trkpt>
      <trkpt lat="37.5069036148488521575927734375" lon="127.049808762967586517333984375">
        <ele>49.40000152587890625</ele>
        <time>2026-09-17T08:50:10.000Z</time>
        <extensions>
          <ns3:TrackPointExtension>
            <ns3:hr>135</ns3:hr>
            <ns3:cad>84</ns3:cad>
          </ns3:TrackPointExtension>
        </extensions>
      </trkpt>
      <trkpt lat="37.5069044530391693115234375" lon="127.0498377643525600433349609375">
        <ele>49.40000152587890625</ele>
        <time>2026-09-17T08:50:11.000Z</time>
        <extensions>
          <ns3:TrackPointExtension>
            <ns3:hr>135</ns3:hr>
            <ns3:cad>84</ns3:cad>
          </ns3:TrackPointExtension>
        </extensions>
      </trkpt>
      <trkpt lat="37.5068928860127925872802734375" lon="127.049879170954227447509765625">
        <ele>49.40000152587890625</ele>
        <time>2026-09-17T08:50:12.000Z</time>
        <extensions>
          <ns3:TrackPointExtension>
            <ns3:hr>135</ns3:hr>
            <ns3:cad>83</ns3:cad>
          </ns3:TrackPointExtension>
        </extensions>
      </trkpt>
      <trkpt lat="37.50688877888023853302001953125" lon="127.04991177655756473541259765625">
        <ele>49.200000762939453125</ele>
        <time>2026-09-17T08:50:13.000Z</time>
        <extensions>
          <ns3:TrackPointExtension>
            <ns3:hr>135</ns3:hr>
            <ns3:cad>83</ns3:cad>
          </ns3:TrackPointExtension>
        </extensions>
      </trkpt>
      <trkpt lat="37.506886012852191925048828125" lon="127.0499544404447078704833984375">
        <ele>49.200000762939453125</ele>
        <time>2026-09-17T08:50:14.000Z</time>
        <extensions>
          <ns3:TrackPointExtension>
            <ns3:hr>135</ns3:hr>
            <ns3:cad>83</ns3:cad>
          </ns3:TrackPointExtension>
        </extensions>
      </trkpt>
      <trkpt lat="37.50687855295836925506591796875" lon="127.0499981939792633056640625">
        <ele>49</ele>
        <time>2026-09-17T08:50:15.000Z</time>
        <extensions>
          <ns3:TrackPointExtension>
            <ns3:hr>136</ns3:hr>
            <ns3:cad>83</ns3:cad>
          </ns3:TrackPointExtension>
        </extensions>
      </trkpt>
      <trkpt lat="37.50687788240611553192138671875" lon="127.0500278659164905548095703125">
        <ele>49</ele>
        <time>2026-09-17T08:50:16.000Z</time>
        <extensions>
          <ns3:TrackPointExtension>
            <ns3:hr>136</ns3:hr>
            <ns3:cad>83</ns3:cad>
          </ns3:TrackPointExtension>
        </extensions>
      </trkpt>
      <trkpt lat="37.5068650580942630767822265625" lon="127.0500732958316802978515625">
        <ele>48.799999237060546875</ele>
        <time>2026-09-17T08:50:17.000Z</time>
        <extensions>
          <ns3:TrackPointExtension>
            <ns3:hr>136</ns3:hr>
            <ns3:cad>83</ns3:cad>
          </ns3:TrackPointExtension>
        </extensions>
      </trkpt>
      <trkpt lat="37.50685944221913814544677734375" lon="127.05010808072984218597412109375">
        <ele>48.59999847412109375</ele>
        <time>2026-09-17T08:50:18.000Z</time>
        <extensions>
          <ns3:TrackPointExtension>
            <ns3:hr>136</ns3:hr>
            <ns3:cad>83</ns3:cad>
          </ns3:TrackPointExtension>
        </extensions>
      </trkpt>
      <trkpt lat="37.50685759820044040679931640625" lon="127.0501415245234966278076171875">
        <ele>48.40000152587890625</ele>
        <time>2026-09-17T08:50:19.000Z</time>
        <extensions>
          <ns3:TrackPointExtension>
            <ns3:hr>136</ns3:hr>
            <ns3:cad>83</ns3:cad>
          </ns3:TrackPointExtension>
        </extensions>
      </trkpt>
      <trkpt lat="37.5068486295640468597412109375" lon="127.050180248916149139404296875">
        <ele>48.40000152587890625</ele>
        <time>2026-09-17T08:50:20.000Z</time>
        <extensions>
          <ns3:TrackPointExtension>
            <ns3:hr>136</ns3:hr>
            <ns3:cad>83</ns3:cad>
          </ns3:TrackPointExtension>
        </extensions>
      </trkpt>
      <trkpt lat="37.506843768060207366943359375" lon="127.0502127707004547119140625">
        <ele>48.40000152587890625</ele>
        <time>2026-09-17T08:50:21.000Z</time>
        <extensions>
          <ns3:TrackPointExtension>
            <ns3:hr>137</ns3:hr>
            <ns3:cad>83</ns3:cad>
          </ns3:TrackPointExtension>
        </extensions>
      </trkpt>
      <trkpt lat="37.50683463178575038909912109375" lon="127.05025627277791500091552734375">
        <ele>48.40000152587890625</ele>
        <time>2026-09-17T08:50:22.000Z</time>
        <extensions>
          <ns3:TrackPointExtension>
            <ns3:hr>137</ns3:hr>
            <ns3:cad>83</ns3:cad>
          </ns3:TrackPointExtension>
        </extensions>
      </trkpt>
      <trkpt lat="37.50683060847222805023193359375" lon="127.0502960868179798126220703125">
        <ele>48.59999847412109375</ele>
        <time>2026-09-17T08:50:23.000Z</time>
        <extensions>
          <ns3:TrackPointExtension>
            <ns3:hr>137</ns3:hr>
            <ns3:cad>83</ns3:cad>
          </ns3:TrackPointExtension>
        </extensions>
      </trkpt>
      <trkpt lat="37.50683396123349666595458984375" lon="127.05032500438392162322998046875">
        <ele>48.59999847412109375</ele>
        <time>2026-09-17T08:50:24.000Z</time>
        <extensions>
          <ns3:TrackPointExtension>
            <ns3:hr>137</ns3:hr>
            <ns3:cad>83</ns3:cad>
          </ns3:TrackPointExtension>
        </extensions>
      </trkpt>
      <trkpt lat="37.50683714635670185089111328125" lon="127.05037026666104793548583984375">
        <ele>48.40000152587890625</ele>
        <time>2026-09-17T08:50:25.000Z</time>
        <extensions>
          <ns3:TrackPointExtension>
            <ns3:hr>137</ns3:hr>
            <ns3:cad>83</ns3:cad>
          </ns3:TrackPointExtension>
        </extensions>
      </trkpt>
      <trkpt lat="37.50683999620378017425537109375" lon="127.050402201712131500244140625">
        <ele>48.40000152587890625</ele>
        <time>2026-09-17T08:50:26.000Z</time>
        <extensions>
          <ns3:TrackPointExtension>
            <ns3:hr>137</ns3:hr>
            <ns3:cad>83</ns3:cad>
          </ns3:TrackPointExtension>
        </extensions>
      </trkpt>
      <trkpt lat="37.50684368424117565155029296875" lon="127.0504415966570377349853515625">
        <ele>48.40000152587890625</ele>
        <time>2026-09-17T08:50:27.000Z</time>
        <extensions>
          <ns3:TrackPointExtension>
            <ns3:hr>136</ns3:hr>
            <ns3:cad>83</ns3:cad>
          </ns3:TrackPointExtension>
        </extensions>
      </trkpt>
      <trkpt lat="37.5068392418324947357177734375" lon="127.05047789029777050018310546875">
        <ele>48.40000152587890625</ele>
        <time>2026-09-17T08:50:28.000Z</time>
        <extensions>
          <ns3:TrackPointExtension>
            <ns3:hr>137</ns3:hr>
            <ns3:cad>83</ns3:cad>
          </ns3:TrackPointExtension>
        </extensions>
      </trkpt>
      <trkpt lat="37.50684502534568309783935546875" lon="127.05050705932080745697021484375">
        <ele>48.40000152587890625</ele>
        <time>2026-09-17T08:50:29.000Z</time>
        <extensions>
          <ns3:TrackPointExtension>
            <ns3:hr>136</ns3:hr>
            <ns3:cad>83</ns3:cad>
          </ns3:TrackPointExtension>
        </extensions>
      </trkpt>
      <trkpt lat="37.50684267841279506683349609375" lon="127.05055198632180690765380859375">
        <ele>48.40000152587890625</ele>
        <time>2026-09-17T08:50:30.000Z</time>
        <extensions>
          <ns3:TrackPointExtension>
            <ns3:hr>135</ns3:hr>
            <ns3:cad>84</ns3:cad>
          </ns3:TrackPointExtension>
        </extensions>
      </trkpt>
      <trkpt lat="37.50683731399476528167724609375" lon="127.05057914368808269500732421875">
        <ele>48.40000152587890625</ele>
        <time>2026-09-17T08:50:31.000Z</time>
        <extensions>
          <ns3:TrackPointExtension>
            <ns3:hr>135</ns3:hr>
            <ns3:cad>84</ns3:cad>
          </ns3:TrackPointExtension>
        </extensions>
      </trkpt>
      <trkpt lat="37.50683538615703582763671875" lon="127.05062055028975009918212890625">
        <ele>48.40000152587890625</ele>
        <time>2026-09-17T08:50:32.000Z</time>
        <extensions>
          <ns3:TrackPointExtension>
            <ns3:hr>135</ns3:hr>
            <ns3:cad>84</ns3:cad>
          </ns3:TrackPointExtension>
        </extensions>
      </trkpt>
      <trkpt lat="37.50683144666254520416259765625" lon="127.05066162161529064178466796875">
        <ele>48.200000762939453125</ele>
        <time>2026-09-17T08:50:33.000Z</time>
        <extensions>
          <ns3:TrackPointExtension>
            <ns3:hr>135</ns3:hr>
            <ns3:cad>84</ns3:cad>
          </ns3:TrackPointExtension>
        </extensions>
      </trkpt>
      <trkpt lat="37.506834380328655242919921875" lon="127.0506880246102809906005859375">
        <ele>48.40000152587890625</ele>
        <time>2026-09-17T08:50:34.000Z</time>
        <extensions>
          <ns3:TrackPointExtension>
            <ns3:hr>135</ns3:hr>
            <ns3:cad>83</ns3:cad>
          </ns3:TrackPointExtension>
        </extensions>
      </trkpt>
      <trkpt lat="37.506839074194431304931640625" lon="127.05073915421962738037109375">
        <ele>48.40000152587890625</ele>
        <time>2026-09-17T08:50:35.000Z</time>
        <extensions>
          <ns3:TrackPointExtension>
            <ns3:hr>135</ns3:hr>
            <ns3:cad>83</ns3:cad>
          </ns3:TrackPointExtension>
        </extensions>
      </trkpt>
      <trkpt lat="37.506839744746685028076171875" lon="127.05077259801328182220458984375">
        <ele>48.40000152587890625</ele>
        <time>2026-09-17T08:50:36.000Z</time>
        <extensions>
          <ns3:TrackPointExtension>
            <ns3:hr>135</ns3:hr>
            <ns3:cad>83</ns3:cad>
          </ns3:TrackPointExtension>
        </extensions>
      </trkpt>
      <trkpt lat="37.50684150494635105133056640625" lon="127.0508137531578540802001953125">
        <ele>48.40000152587890625</ele>
        <time>2026-09-17T08:50:37.000Z</time>
        <extensions>
          <ns3:TrackPointExtension>
            <ns3:hr>136</ns3:hr>
            <ns3:cad>83</ns3:cad>
          </ns3:TrackPointExtension>
        </extensions>
      </trkpt>
      <trkpt lat="37.50684049911797046661376953125" lon="127.05085339955985546112060546875">
        <ele>48.40000152587890625</ele>
        <time>2026-09-17T08:50:38.000Z</time>
        <extensions>
          <ns3:TrackPointExtension>
            <ns3:hr>135</ns3:hr>
            <ns3:cad>83</ns3:cad>
          </ns3:TrackPointExtension>
        </extensions>
      </trkpt>
      <trkpt lat="37.50684787519276142120361328125" lon="127.0508774556219577789306640625">
        <ele>48.40000152587890625</ele>
        <time>2026-09-17T08:50:39.000Z</time>
        <extensions>
          <ns3:TrackPointExtension>
            <ns3:hr>135</ns3:hr>
            <ns3:cad>83</ns3:cad>
          </ns3:TrackPointExtension>
        </extensions>
      </trkpt>
      <trkpt lat="37.506849132478237152099609375" lon="127.050923891365528106689453125">
        <ele>48.40000152587890625</ele>
        <time>2026-09-17T08:50:40.000Z</time>
        <extensions>
          <ns3:TrackPointExtension>
            <ns3:hr>135</ns3:hr>
            <ns3:cad>83</ns3:cad>
          </ns3:TrackPointExtension>
        </extensions>
      </trkpt>
      <trkpt lat="37.50684150494635105133056640625" lon="127.0509595982730388641357421875">
        <ele>48.40000152587890625</ele>
        <time>2026-09-17T08:50:41.000Z</time>
        <extensions>
          <ns3:TrackPointExtension>
            <ns3:hr>136</ns3:hr>
            <ns3:cad>83</ns3:cad>
          </ns3:TrackPointExtension>
        </extensions>
      </trkpt>
      <trkpt lat="37.506844438612461090087890625" lon="127.0509941317141056060791015625">
        <ele>48.59999847412109375</ele>
        <time>2026-09-17T08:50:42.000Z</time>
        <extensions>
          <ns3:TrackPointExtension>
            <ns3:hr>135</ns3:hr>
            <ns3:cad>84</ns3:cad>
          </ns3:TrackPointExtension>
        </extensions>
      </trkpt>
      <trkpt lat="37.50684418715536594390869140625" lon="127.051031850278377532958984375">
        <ele>48.59999847412109375</ele>
        <time>2026-09-17T08:50:43.000Z</time>
        <extensions>
          <ns3:TrackPointExtension>
            <ns3:hr>135</ns3:hr>
            <ns3:cad>84</ns3:cad>
          </ns3:TrackPointExtension>
        </extensions>
      </trkpt>
      <trkpt lat="37.50685416162014007568359375" lon="127.0510598458349704742431640625">
        <ele>48.59999847412109375</ele>
        <time>2026-09-17T08:50:44.000Z</time>
        <extensions>
          <ns3:TrackPointExtension>
            <ns3:hr>135</ns3:hr>
            <ns3:cad>84</ns3:cad>
          </ns3:TrackPointExtension>
        </extensions>
      </trkpt>
      <trkpt lat="37.5068617053329944610595703125" lon="127.051093876361846923828125">
        <ele>48.40000152587890625</ele>
        <time>2026-09-17T08:50:45.000Z</time>
        <extensions>
          <ns3:TrackPointExtension>
            <ns3:hr>135</ns3:hr>
            <ns3:cad>84</ns3:cad>
          </ns3:TrackPointExtension>
        </extensions>
      </trkpt>
      <trkpt lat="37.5068684108555316925048828125" lon="127.0511346124112606048583984375">
        <ele>48.40000152587890625</ele>
        <time>2026-09-17T08:50:46.000Z</time>
        <extensions>
          <ns3:TrackPointExtension>
            <ns3:hr>135</ns3:hr>
            <ns3:cad>84</ns3:cad>
          </ns3:TrackPointExtension>
        </extensions>
      </trkpt>
      <trkpt lat="37.50687670893967151641845703125" lon="127.05116135068237781524658203125">
        <ele>48.200000762939453125</ele>
        <time>2026-09-17T08:50:47.000Z</time>
        <extensions>
          <ns3:TrackPointExtension>
            <ns3:hr>135</ns3:hr>
            <ns3:cad>84</ns3:cad>
          </ns3:TrackPointExtension>
        </extensions>
      </trkpt>
      <trkpt lat="37.5068804807960987091064453125" lon="127.05120585858821868896484375">
        <ele>48.200000762939453125</ele>
        <time>2026-09-17T08:50:48.000Z</time>
        <extensions>
          <ns3:TrackPointExtension>
            <ns3:hr>135</ns3:hr>
            <ns3:cad>83</ns3:cad>
          </ns3:TrackPointExtension>
        </extensions>
      </trkpt>
      <trkpt lat="37.50687955878674983978271484375" lon="127.0512341894209384918212890625">
        <ele>48.200000762939453125</ele>
        <time>2026-09-17T08:50:49.000Z</time>
        <extensions>
          <ns3:TrackPointExtension>
            <ns3:hr>136</ns3:hr>
            <ns3:cad>83</ns3:cad>
          </ns3:TrackPointExtension>
        </extensions>
      </trkpt>
      <trkpt lat="37.5068818219006061553955078125" lon="127.05127702094614505767822265625">
        <ele>48.200000762939453125</ele>
        <time>2026-09-17T08:50:50.000Z</time>
        <extensions>
          <ns3:TrackPointExtension>
            <ns3:hr>135</ns3:hr>
            <ns3:cad>83</ns3:cad>
          </ns3:TrackPointExtension>
        </extensions>
      </trkpt>
      <trkpt lat="37.50688257627189159393310546875" lon="127.05131306312978267669677734375">
        <ele>48.200000762939453125</ele>
        <time>2026-09-17T08:50:51.000Z</time>
        <extensions>
          <ns3:TrackPointExtension>
            <ns3:hr>135</ns3:hr>
            <ns3:cad>83</ns3:cad>
          </ns3:TrackPointExtension>
        </extensions>
      </trkpt>
      <trkpt lat="37.5068838335573673248291015625" lon="127.05134072341024875640869140625">
        <ele>48.40000152587890625</ele>
        <time>2026-09-17T08:50:52.000Z</time>
        <extensions>
          <ns3:TrackPointExtension>
            <ns3:hr>135</ns3:hr>
            <ns3:cad>83</ns3:cad>
          </ns3:TrackPointExtension>
        </extensions>
      </trkpt>
      <trkpt lat="37.5068776309490203857421875" lon="127.05138464458286762237548828125">
        <ele>48.40000152587890625</ele>
        <time>2026-09-17T08:50:53.000Z</time>
        <extensions>
          <ns3:TrackPointExtension>
            <ns3:hr>136</ns3:hr>
            <ns3:cad>83</ns3:cad>
          </ns3:TrackPointExtension>
        </extensions>
      </trkpt>
      <trkpt lat="37.506881989538669586181640625" lon="127.0514122210443019866943359375">
        <ele>48.40000152587890625</ele>
        <time>2026-09-17T08:50:54.000Z</time>
        <extensions>
          <ns3:TrackPointExtension>
            <ns3:hr>136</ns3:hr>
            <ns3:cad>83</ns3:cad>
          </ns3:TrackPointExtension>
        </extensions>
      </trkpt>
      <trkpt lat="37.50688659958541393280029296875" lon="127.0514474250376224517822265625">
        <ele>48.40000152587890625</ele>
        <time>2026-09-17T08:50:55.000Z</time>
        <extensions>
          <ns3:TrackPointExtension>
            <ns3:hr>136</ns3:hr>
            <ns3:cad>83</ns3:cad>
          </ns3:TrackPointExtension>
        </extensions>
      </trkpt>
      <trkpt lat="37.506885342299938201904296875" lon="127.05148438923060894012451171875">
        <ele>48.40000152587890625</ele>
        <time>2026-09-17T08:50:56.000Z</time>
        <extensions>
          <ns3:TrackPointExtension>
            <ns3:hr>136</ns3:hr>
            <ns3:cad>83</ns3:cad>
          </ns3:TrackPointExtension>
        </extensions>
      </trkpt>
      <trkpt lat="37.50688609667122364044189453125" lon="127.05151841975748538970947265625">
        <ele>48.40000152587890625</ele>
        <time>2026-09-17T08:50:57.000Z</time>
        <extensions>
          <ns3:TrackPointExtension>
            <ns3:hr>136</ns3:hr>
            <ns3:cad>83</ns3:cad>
          </ns3:TrackPointExtension>
        </extensions>
      </trkpt>
      <trkpt lat="37.5068851746618747711181640625" lon="127.05156502313911914825439453125">
        <ele>48.40000152587890625</ele>
        <time>2026-09-17T08:50:58.000Z</time>
        <extensions>
          <ns3:TrackPointExtension>
            <ns3:hr>137</ns3:hr>
            <ns3:cad>83</ns3:cad>
          </ns3:TrackPointExtension>
        </extensions>
      </trkpt>
      <trkpt lat="37.50688509084284305572509765625" lon="127.05160458572208881378173828125">
        <ele>48.40000152587890625</ele>
        <time>2026-09-17T08:50:59.000Z</time>
        <extensions>
          <ns3:TrackPointExtension>
            <ns3:hr>136</ns3:hr>
            <ns3:cad>83</ns3:cad>
          </ns3:TrackPointExtension>
        </extensions>
      </trkpt>
      <trkpt lat="37.50688768923282623291015625" lon="127.0516482554376125335693359375">
        <ele>48.40000152587890625</ele>
        <time>2026-09-17T08:51:00.000Z</time>
        <extensions>
          <ns3:TrackPointExtension>
            <ns3:hr>136</ns3:hr>
            <ns3:cad>83</ns3:cad>
          </ns3:TrackPointExtension>
        </extensions>
      </trkpt>
      <trkpt lat="37.5068865157663822174072265625" lon="127.05168991349637508392333984375">
        <ele>48.40000152587890625</ele>
        <time>2026-09-17T08:51:01.000Z</time>
        <extensions>
          <ns3:TrackPointExtension>
            <ns3:hr>137</ns3:hr>
            <ns3:cad>83</ns3:cad>
          </ns3:TrackPointExtension>
        </extensions>
      </trkpt>
      <trkpt lat="37.50689799897372722625732421875" lon="127.05172025598585605621337890625">
        <ele>48.200000762939453125</ele>
        <time>2026-09-17T08:51:02.000Z</time>
        <extensions>
          <ns3:TrackPointExtension>
            <ns3:hr>136</ns3:hr>
            <ns3:cad>83</ns3:cad>
          </ns3:TrackPointExtension>
        </extensions>
      </trkpt>
      <trkpt lat="37.5068989209830760955810546875" lon="127.0517684519290924072265625">
        <ele>48.40000152587890625</ele>
        <time>2026-09-17T08:51:03.000Z</time>
        <extensions>
          <ns3:TrackPointExtension>
            <ns3:hr>136</ns3:hr>
            <ns3:cad>83</ns3:cad>
          </ns3:TrackPointExtension>
        </extensions>
      </trkpt>
      <trkpt lat="37.50689967535436153411865234375" lon="127.0517971180379390716552734375">
        <ele>48.40000152587890625</ele>
        <time>2026-09-17T08:51:04.000Z</time>
        <extensions>
          <ns3:TrackPointExtension>
            <ns3:hr>137</ns3:hr>
            <ns3:cad>83</ns3:cad>
          </ns3:TrackPointExtension>
        </extensions>
      </trkpt>
      <trkpt lat="37.506903447210788726806640625" lon="127.0518314838409423828125">
        <ele>48.40000152587890625</ele>
        <time>2026-09-17T08:51:05.000Z</time>
        <extensions>
          <ns3:TrackPointExtension>
            <ns3:hr>137</ns3:hr>
            <ns3:cad>83</ns3:cad>
          </ns3:TrackPointExtension>
        </extensions>
      </trkpt>
      <trkpt lat="37.50689716078341007232666015625" lon="127.05187096260488033294677734375">
        <ele>48.40000152587890625</ele>
        <time>2026-09-17T08:51:06.000Z</time>
        <extensions>
          <ns3:TrackPointExtension>
            <ns3:hr>137</ns3:hr>
            <ns3:cad>83</ns3:cad>
          </ns3:TrackPointExtension>
        </extensions>
      </trkpt>
      <trkpt lat="37.506904117763042449951171875" lon="127.05189728178083896636962890625">
        <ele>48.200000762939453125</ele>
        <time>2026-09-17T08:51:07.000Z</time>
        <extensions>
          <ns3:TrackPointExtension>
            <ns3:hr>137</ns3:hr>
            <ns3:cad>83</ns3:cad>
          </ns3:TrackPointExtension>
        </extensions>
      </trkpt>
      <trkpt lat="37.50690571032464504241943359375" lon="127.05193734727799892425537109375">
        <ele>48.200000762939453125</ele>
        <time>2026-09-17T08:51:08.000Z</time>
        <extensions>
          <ns3:TrackPointExtension>
            <ns3:hr>138</ns3:hr>
            <ns3:cad>83</ns3:cad>
          </ns3:TrackPointExtension>
        </extensions>
      </trkpt>
      <trkpt lat="37.506908141076564788818359375" lon="127.05196584574878215789794921875">
        <ele>48.200000762939453125</ele>
        <time>2026-09-17T08:51:09.000Z</time>
        <extensions>
          <ns3:TrackPointExtension>
            <ns3:hr>138</ns3:hr>
            <ns3:cad>83</ns3:cad>
          </ns3:TrackPointExtension>
        </extensions>
      </trkpt>
      <trkpt lat="37.506914176046848297119140625" lon="127.0519959367811679840087890625">
        <ele>48.200000762939453125</ele>
        <time>2026-09-17T08:51:10.000Z</time>
        <extensions>
          <ns3:TrackPointExtension>
            <ns3:hr>138</ns3:hr>
            <ns3:cad>83</ns3:cad>
          </ns3:TrackPointExtension>
        </extensions>
      </trkpt>
      <trkpt lat="37.5069250725209712982177734375" lon="127.0520395226776599884033203125">
        <ele>48.200000762939453125</ele>
        <time>2026-09-17T08:51:11.000Z</time>
        <extensions>
          <ns3:TrackPointExtension>
            <ns3:hr>138</ns3:hr>
            <ns3:cad>83</ns3:cad>
          </ns3:TrackPointExtension>
        </extensions>
      </trkpt>
      <trkpt lat="37.50692926347255706787109375" lon="127.05206550657749176025390625">
        <ele>48.40000152587890625</ele>
        <time>2026-09-17T08:51:12.000Z</time>
        <extensions>
          <ns3:TrackPointExtension>
            <ns3:hr>137</ns3:hr>
            <ns3:cad>83</ns3:cad>
          </ns3:TrackPointExtension>
        </extensions>
      </trkpt>
      <trkpt lat="37.5069393217563629150390625" lon="127.0521015487611293792724609375">
        <ele>48.40000152587890625</ele>
        <time>2026-09-17T08:51:13.000Z</time>
        <extensions>
          <ns3:TrackPointExtension>
            <ns3:hr>138</ns3:hr>
            <ns3:cad>83</ns3:cad>
          </ns3:TrackPointExtension>
        </extensions>
      </trkpt>
      <trkpt lat="37.5069505535066127777099609375" lon="127.05213516019284725189208984375">
        <ele>48.40000152587890625</ele>
        <time>2026-09-17T08:51:14.000Z</time>
        <extensions>
          <ns3:TrackPointExtension>
            <ns3:hr>138</ns3:hr>
            <ns3:cad>83</ns3:cad>
          </ns3:TrackPointExtension>
        </extensions>
      </trkpt>
      <trkpt lat="37.50696455128490924835205078125" lon="127.05216474831104278564453125">
        <ele>48.40000152587890625</ele>
        <time>2026-09-17T08:51:15.000Z</time>
        <extensions>
          <ns3:TrackPointExtension>
            <ns3:hr>138</ns3:hr>
            <ns3:cad>82</ns3:cad>
          </ns3:TrackPointExtension>
        </extensions>
      </trkpt>
      <trkpt lat="37.50698114745318889617919921875" lon="127.05220925621688365936279296875">
        <ele>48.40000152587890625</ele>
        <time>2026-09-17T08:51:16.000Z</time>
        <extensions>
          <ns3:TrackPointExtension>
            <ns3:hr>138</ns3:hr>
            <ns3:cad>82</ns3:cad>
          </ns3:TrackPointExtension>
        </extensions>
      </trkpt>
      <trkpt lat="37.5069964863359928131103515625" lon="127.05223985016345977783203125">
        <ele>48.200000762939453125</ele>
        <time>2026-09-17T08:51:17.000Z</time>
        <extensions>
          <ns3:TrackPointExtension>
            <ns3:hr>139</ns3:hr>
            <ns3:cad>82</ns3:cad>
          </ns3:TrackPointExtension>
        </extensions>
      </trkpt>
      <trkpt lat="37.507014088332653045654296875" lon="127.05226692371070384979248046875">
        <ele>48.200000762939453125</ele>
        <time>2026-09-17T08:51:18.000Z</time>
        <extensions>
          <ns3:TrackPointExtension>
            <ns3:hr>139</ns3:hr>
            <ns3:cad>82</ns3:cad>
          </ns3:TrackPointExtension>
        </extensions>
      </trkpt>
      <trkpt lat="37.50702909193933010101318359375" lon="127.052300535142421722412109375">
        <ele>48.200000762939453125</ele>
        <time>2026-09-17T08:51:19.000Z</time>
        <extensions>
          <ns3:TrackPointExtension>
            <ns3:hr>139</ns3:hr>
            <ns3:cad>82</ns3:cad>
          </ns3:TrackPointExtension>
        </extensions>
      </trkpt>
      <trkpt lat="37.5070434249937534332275390625" lon="127.0523204840719699859619140625">
        <ele>48.40000152587890625</ele>
        <time>2026-09-17T08:51:20.000Z</time>
        <extensions>
          <ns3:TrackPointExtension>
            <ns3:hr>139</ns3:hr>
            <ns3:cad>83</ns3:cad>
          </ns3:TrackPointExtension>
        </extensions>
      </trkpt>
      <trkpt lat="37.5070541538298130035400390625" lon="127.05235677771270275115966796875">
        <ele>48.40000152587890625</ele>
        <time>2026-09-17T08:51:21.000Z</time>
        <extensions>
          <ns3:TrackPointExtension>
            <ns3:hr>138</ns3:hr>
            <ns3:cad>83</ns3:cad>
          </ns3:TrackPointExtension>
        </extensions>
      </trkpt>
      <trkpt lat="37.5070655532181262969970703125" lon="127.052391059696674346923828125">
        <ele>48.40000152587890625</ele>
        <time>2026-09-17T08:51:22.000Z</time>
        <extensions>
          <ns3:TrackPointExtension>
            <ns3:hr>139</ns3:hr>
            <ns3:cad>83</ns3:cad>
          </ns3:TrackPointExtension>
        </extensions>
      </trkpt>
      <trkpt lat="37.50708005391061305999755859375" lon="127.052417211234569549560546875">
        <ele>48.40000152587890625</ele>
        <time>2026-09-17T08:51:23.000Z</time>
        <extensions>
          <ns3:TrackPointExtension>
            <ns3:hr>138</ns3:hr>
            <ns3:cad>83</ns3:cad>
          </ns3:TrackPointExtension>
        </extensions>
      </trkpt>
      <trkpt lat="37.5070970691740512847900390625" lon="127.0524545945227146148681640625">
        <ele>48.40000152587890625</ele>
        <time>2026-09-17T08:51:24.000Z</time>
        <extensions>
          <ns3:TrackPointExtension>
            <ns3:hr>138</ns3:hr>
            <ns3:cad>82</ns3:cad>
          </ns3:TrackPointExtension>
        </extensions>
      </trkpt>
      <trkpt lat="37.50710553489625453948974609375" lon="127.05247722566127777099609375">
        <ele>48.40000152587890625</ele>
        <time>2026-09-17T08:51:25.000Z</time>
        <extensions>
          <ns3:TrackPointExtension>
            <ns3:hr>138</ns3:hr>
            <ns3:cad>82</ns3:cad>
          </ns3:TrackPointExtension>
        </extensions>
      </trkpt>
      <trkpt lat="37.50711970031261444091796875" lon="127.052507735788822174072265625">
        <ele>48.59999847412109375</ele>
        <time>2026-09-17T08:51:26.000Z</time>
        <extensions>
          <ns3:TrackPointExtension>
            <ns3:hr>139</ns3:hr>
            <ns3:cad>82</ns3:cad>
          </ns3:TrackPointExtension>
        </extensions>
      </trkpt>
      <trkpt lat="37.50713369809091091156005859375" lon="127.0525380782783031463623046875">
        <ele>48.59999847412109375</ele>
        <time>2026-09-17T08:51:27.000Z</time>
        <extensions>
          <ns3:TrackPointExtension>
            <ns3:hr>138</ns3:hr>
            <ns3:cad>83</ns3:cad>
          </ns3:TrackPointExtension>
        </extensions>
      </trkpt>
      <trkpt lat="37.5071490369737148284912109375" lon="127.05256515182554721832275390625">
        <ele>48.799999237060546875</ele>
        <time>2026-09-17T08:51:28.000Z</time>
        <extensions>
          <ns3:TrackPointExtension>
            <ns3:hr>138</ns3:hr>
            <ns3:cad>83</ns3:cad>
          </ns3:TrackPointExtension>
        </extensions>
      </trkpt>
      <trkpt lat="37.50715884380042552947998046875" lon="127.05260194838047027587890625">
        <ele>48.59999847412109375</ele>
        <time>2026-09-17T08:51:29.000Z</time>
        <extensions>
          <ns3:TrackPointExtension>
            <ns3:hr>138</ns3:hr>
            <ns3:cad>83</ns3:cad>
          </ns3:TrackPointExtension>
        </extensions>
      </trkpt>
      <trkpt lat="37.50716923736035823822021484375" lon="127.05263338051736354827880859375">
        <ele>48.59999847412109375</ele>
        <time>2026-09-17T08:51:30.000Z</time>
        <extensions>
          <ns3:TrackPointExtension>
            <ns3:hr>138</ns3:hr>
            <ns3:cad>83</ns3:cad>
          </ns3:TrackPointExtension>
        </extensions>
      </trkpt>
      <trkpt lat="37.50718214549124240875244140625" lon="127.05266422592103481292724609375">
        <ele>48.59999847412109375</ele>
        <time>2026-09-17T08:51:31.000Z</time>
        <extensions>
          <ns3:TrackPointExtension>
            <ns3:hr>138</ns3:hr>
            <ns3:cad>83</ns3:cad>
          </ns3:TrackPointExtension>
        </extensions>
      </trkpt>
      <trkpt lat="37.5071989931166172027587890625" lon="127.0527010224759578704833984375">
        <ele>48.59999847412109375</ele>
        <time>2026-09-17T08:51:32.000Z</time>
        <extensions>
          <ns3:TrackPointExtension>
            <ns3:hr>139</ns3:hr>
            <ns3:cad>83</ns3:cad>
          </ns3:TrackPointExtension>
        </extensions>
      </trkpt>
      <trkpt lat="37.50721131451427936553955078125" lon="127.0527265034615993499755859375">
        <ele>48.59999847412109375</ele>
        <time>2026-09-17T08:51:33.000Z</time>
        <extensions>
          <ns3:TrackPointExtension>
            <ns3:hr>138</ns3:hr>
            <ns3:cad>82</ns3:cad>
          </ns3:TrackPointExtension>
        </extensions>
      </trkpt>
      <trkpt lat="37.507219947874546051025390625" lon="127.052756510674953460693359375">
        <ele>48.59999847412109375</ele>
        <time>2026-09-17T08:51:34.000Z</time>
        <extensions>
          <ns3:TrackPointExtension>
            <ns3:hr>139</ns3:hr>
            <ns3:cad>82</ns3:cad>
          </ns3:TrackPointExtension>
        </extensions>
      </trkpt>
      <trkpt lat="37.50723327510058879852294921875" lon="127.05278660170733928680419921875">
        <ele>48.59999847412109375</ele>
        <time>2026-09-17T08:51:35.000Z</time>
        <extensions>
          <ns3:TrackPointExtension>
            <ns3:hr>138</ns3:hr>
            <ns3:cad>82</ns3:cad>
          </ns3:TrackPointExtension>
        </extensions>
      </trkpt>
      <trkpt lat="37.50724685378372669219970703125" lon="127.052808813750743865966796875">
        <ele>48.59999847412109375</ele>
        <time>2026-09-17T08:51:36.000Z</time>
        <extensions>
          <ns3:TrackPointExtension>
            <ns3:hr>138</ns3:hr>
            <ns3:cad>82</ns3:cad>
          </ns3:TrackPointExtension>
        </extensions>
      </trkpt>
      <trkpt lat="37.50726579688489437103271484375" lon="127.05284611321985721588134765625">
        <ele>48.59999847412109375</ele>
        <time>2026-09-17T08:51:37.000Z</time>
        <extensions>
          <ns3:TrackPointExtension>
            <ns3:hr>138</ns3:hr>
            <ns3:cad>82</ns3:cad>
          </ns3:TrackPointExtension>
        </extensions>
      </trkpt>
      <trkpt lat="37.5072764419019222259521484375" lon="127.052872516214847564697265625">
        <ele>48.59999847412109375</ele>
        <time>2026-09-17T08:51:38.000Z</time>
        <extensions>
          <ns3:TrackPointExtension>
            <ns3:hr>137</ns3:hr>
            <ns3:cad>86</ns3:cad>
          </ns3:TrackPointExtension>
        </extensions>
      </trkpt>
      <trkpt lat="37.5072888471186161041259765625" lon="127.052897997200489044189453125">
        <ele>48.59999847412109375</ele>
        <time>2026-09-17T08:51:39.000Z</time>
        <extensions>
          <ns3:TrackPointExtension>
            <ns3:hr>137</ns3:hr>
            <ns3:cad>86</ns3:cad>
          </ns3:TrackPointExtension>
        </extensions>
      </trkpt>
      <trkpt lat="37.5073042698204517364501953125" lon="127.0529360510408878326416015625">
        <ele>48.59999847412109375</ele>
        <time>2026-09-17T08:51:40.000Z</time>
        <extensions>
          <ns3:TrackPointExtension>
            <ns3:hr>137</ns3:hr>
            <ns3:cad>86</ns3:cad>
          </ns3:TrackPointExtension>
        </extensions>
      </trkpt>
      <trkpt lat="37.50731575302779674530029296875" lon="127.0529591850936412811279296875">
        <ele>48.59999847412109375</ele>
        <time>2026-09-17T08:51:41.000Z</time>
        <extensions>
          <ns3:TrackPointExtension>
            <ns3:hr>137</ns3:hr>
            <ns3:cad>82</ns3:cad>
          </ns3:TrackPointExtension>
        </extensions>
      </trkpt>
      <trkpt lat="37.50732882879674434661865234375" lon="127.05299832858145236968994140625">
        <ele>48.799999237060546875</ele>
        <time>2026-09-17T08:51:42.000Z</time>
        <extensions>
          <ns3:TrackPointExtension>
            <ns3:hr>137</ns3:hr>
            <ns3:cad>83</ns3:cad>
          </ns3:TrackPointExtension>
        </extensions>
      </trkpt>
      <trkpt lat="37.50733938999474048614501953125" lon="127.05303051508963108062744140625">
        <ele>48.799999237060546875</ele>
        <time>2026-09-17T08:51:43.000Z</time>
        <extensions>
          <ns3:TrackPointExtension>
            <ns3:hr>137</ns3:hr>
            <ns3:cad>83</ns3:cad>
          </ns3:TrackPointExtension>
        </extensions>
      </trkpt>
      <trkpt lat="37.50734391622245311737060546875" lon="127.05306119285523891448974609375">
        <ele>48.799999237060546875</ele>
        <time>2026-09-17T08:51:44.000Z</time>
        <extensions>
          <ns3:TrackPointExtension>
            <ns3:hr>138</ns3:hr>
            <ns3:cad>83</ns3:cad>
          </ns3:TrackPointExtension>
        </extensions>
      </trkpt>
      <trkpt lat="37.50735104084014892578125" lon="127.0531016774475574493408203125">
        <ele>48.799999237060546875</ele>
        <time>2026-09-17T08:51:45.000Z</time>
        <extensions>
          <ns3:TrackPointExtension>
            <ns3:hr>138</ns3:hr>
            <ns3:cad>83</ns3:cad>
          </ns3:TrackPointExtension>
        </extensions>
      </trkpt>
      <trkpt lat="37.5073579140007495880126953125" lon="127.053126990795135498046875">
        <ele>48.799999237060546875</ele>
        <time>2026-09-17T08:51:46.000Z</time>
        <extensions>
          <ns3:TrackPointExtension>
            <ns3:hr>139</ns3:hr>
            <ns3:cad>83</ns3:cad>
          </ns3:TrackPointExtension>
        </extensions>
      </trkpt>
      <trkpt lat="37.50736453570425510406494140625" lon="127.05316781066358089447021484375">
        <ele>48.799999237060546875</ele>
        <time>2026-09-17T08:51:47.000Z</time>
        <extensions>
          <ns3:TrackPointExtension>
            <ns3:hr>139</ns3:hr>
            <ns3:cad>83</ns3:cad>
          </ns3:TrackPointExtension>
        </extensions>
      </trkpt>
      <trkpt lat="37.50737241469323635101318359375" lon="127.05319941043853759765625">
        <ele>48.799999237060546875</ele>
        <time>2026-09-17T08:51:48.000Z</time>
        <extensions>
          <ns3:TrackPointExtension>
            <ns3:hr>139</ns3:hr>
            <ns3:cad>83</ns3:cad>
          </ns3:TrackPointExtension>
        </extensions>
      </trkpt>
      <trkpt lat="37.507386244833469390869140625" lon="127.05322799272835254669189453125">
        <ele>49</ele>
        <time>2026-09-17T08:51:49.000Z</time>
        <extensions>
          <ns3:TrackPointExtension>
            <ns3:hr>139</ns3:hr>
            <ns3:cad>83</ns3:cad>
          </ns3:TrackPointExtension>
        </extensions>
      </trkpt>
      <trkpt lat="37.50739688985049724578857421875" lon="127.0532706566154956817626953125">
        <ele>49</ele>
        <time>2026-09-17T08:51:50.000Z</time>
        <extensions>
          <ns3:TrackPointExtension>
            <ns3:hr>139</ns3:hr>
            <ns3:cad>83</ns3:cad>
          </ns3:TrackPointExtension>
        </extensions>
      </trkpt>
      <trkpt lat="37.507407031953334808349609375" lon="127.05329152755439281463623046875">
        <ele>49</ele>
        <time>2026-09-17T08:51:51.000Z</time>
        <extensions>
          <ns3:TrackPointExtension>
            <ns3:hr>139</ns3:hr>
            <ns3:cad>83</ns3:cad>
          </ns3:TrackPointExtension>
        </extensions>
      </trkpt>
      <trkpt lat="37.50742387957870960235595703125" lon="127.05332522280514240264892578125">
        <ele>49</ele>
        <time>2026-09-17T08:51:52.000Z</time>
        <extensions>
          <ns3:TrackPointExtension>
            <ns3:hr>139</ns3:hr>
            <ns3:cad>83</ns3:cad>
          </ns3:TrackPointExtension>
        </extensions>
      </trkpt>
      <trkpt lat="37.50744097866117954254150390625" lon="127.05335590057075023651123046875">
        <ele>49</ele>
        <time>2026-09-17T08:51:53.000Z</time>
        <extensions>
          <ns3:TrackPointExtension>
            <ns3:hr>139</ns3:hr>
            <ns3:cad>83</ns3:cad>
          </ns3:TrackPointExtension>
        </extensions>
      </trkpt>
      <trkpt lat="37.507458664476871490478515625" lon="127.0533755980432033538818359375">
        <ele>49</ele>
        <time>2026-09-17T08:51:54.000Z</time>
        <extensions>
          <ns3:TrackPointExtension>
            <ns3:hr>139</ns3:hr>
            <ns3:cad>83</ns3:cad>
          </ns3:TrackPointExtension>
        </extensions>
      </trkpt>
      <trkpt lat="37.50747635029256343841552734375" lon="127.05340820364654064178466796875">
        <ele>48.799999237060546875</ele>
        <time>2026-09-17T08:51:55.000Z</time>
        <extensions>
          <ns3:TrackPointExtension>
            <ns3:hr>140</ns3:hr>
            <ns3:cad>83</ns3:cad>
          </ns3:TrackPointExtension>
        </extensions>
      </trkpt>
      <trkpt lat="37.507492862641811370849609375" lon="127.05342882312834262847900390625">
        <ele>48.799999237060546875</ele>
        <time>2026-09-17T08:51:56.000Z</time>
        <extensions>
          <ns3:TrackPointExtension>
            <ns3:hr>140</ns3:hr>
            <ns3:cad>83</ns3:cad>
          </ns3:TrackPointExtension>
        </extensions>
      </trkpt>
      <trkpt lat="37.5075161643326282501220703125" lon="127.0534547232091426849365234375">
        <ele>48.799999237060546875</ele>
        <time>2026-09-17T08:51:57.000Z</time>
        <extensions>
          <ns3:TrackPointExtension>
            <ns3:hr>140</ns3:hr>
            <ns3:cad>82</ns3:cad>
          </ns3:TrackPointExtension>
        </extensions>
      </trkpt>
      <trkpt lat="37.50754172913730144500732421875" lon="127.05347676761448383331298828125">
        <ele>48.799999237060546875</ele>
        <time>2026-09-17T08:51:58.000Z</time>
        <extensions>
          <ns3:TrackPointExtension>
            <ns3:hr>140</ns3:hr>
            <ns3:cad>82</ns3:cad>
          </ns3:TrackPointExtension>
        </extensions>
      </trkpt>
      <trkpt lat="37.50756184570491313934326171875" lon="127.05348364077508449554443359375">
        <ele>48.799999237060546875</ele>
        <time>2026-09-17T08:51:59.000Z</time>
        <extensions>
          <ns3:TrackPointExtension>
            <ns3:hr>140</ns3:hr>
            <ns3:cad>83</ns3:cad>
          </ns3:TrackPointExtension>
        </extensions>
      </trkpt>
      <trkpt lat="37.507595457136631011962890625" lon="127.05349738709628582000732421875">
        <ele>48.799999237060546875</ele>
        <time>2026-09-17T08:52:00.000Z</time>
        <extensions>
          <ns3:TrackPointExtension>
            <ns3:hr>140</ns3:hr>
            <ns3:cad>83</ns3:cad>
          </ns3:TrackPointExtension>
        </extensions>
      </trkpt>
      <trkpt lat="37.50761926174163818359375" lon="127.053510211408138275146484375">
        <ele>48.799999237060546875</ele>
        <time>2026-09-17T08:52:01.000Z</time>
        <extensions>
          <ns3:TrackPointExtension>
            <ns3:hr>140</ns3:hr>
            <ns3:cad>83</ns3:cad>
          </ns3:TrackPointExtension>
        </extensions>
      </trkpt>
      <trkpt lat="37.50764113850891590118408203125" lon="127.0535199344158172607421875">
        <ele>48.799999237060546875</ele>
        <time>2026-09-17T08:52:02.000Z</time>
        <extensions>
          <ns3:TrackPointExtension>
            <ns3:hr>139</ns3:hr>
            <ns3:cad>83</ns3:cad>
          </ns3:TrackPointExtension>
        </extensions>
      </trkpt>
      <trkpt lat="37.50767231918871402740478515625" lon="127.05353133380413055419921875">
        <ele>48.799999237060546875</ele>
        <time>2026-09-17T08:52:03.000Z</time>
        <extensions>
          <ns3:TrackPointExtension>
            <ns3:hr>139</ns3:hr>
            <ns3:cad>83</ns3:cad>
          </ns3:TrackPointExtension>
        </extensions>
      </trkpt>
      <trkpt lat="37.507694698870182037353515625" lon="127.05353292636573314666748046875">
        <ele>48.59999847412109375</ele>
        <time>2026-09-17T08:52:04.000Z</time>
        <extensions>
          <ns3:TrackPointExtension>
            <ns3:hr>139</ns3:hr>
            <ns3:cad>83</ns3:cad>
          </ns3:TrackPointExtension>
        </extensions>
      </trkpt>
      <trkpt lat="37.50772512517869472503662109375" lon="127.0535486005246639251708984375">
        <ele>48.59999847412109375</ele>
        <time>2026-09-17T08:52:05.000Z</time>
        <extensions>
          <ns3:TrackPointExtension>
            <ns3:hr>139</ns3:hr>
            <ns3:cad>83</ns3:cad>
          </ns3:TrackPointExtension>
        </extensions>
      </trkpt>
      <trkpt lat="37.50774867832660675048828125" lon="127.0535573177039623260498046875">
        <ele>48.59999847412109375</ele>
        <time>2026-09-17T08:52:06.000Z</time>
        <extensions>
          <ns3:TrackPointExtension>
            <ns3:hr>139</ns3:hr>
            <ns3:cad>83</ns3:cad>
          </ns3:TrackPointExtension>
        </extensions>
      </trkpt>
      <trkpt lat="37.50777457840740680694580078125" lon="127.053558491170406341552734375">
        <ele>48.59999847412109375</ele>
        <time>2026-09-17T08:52:07.000Z</time>
        <extensions>
          <ns3:TrackPointExtension>
            <ns3:hr>139</ns3:hr>
            <ns3:cad>83</ns3:cad>
          </ns3:TrackPointExtension>
        </extensions>
      </trkpt>
      <trkpt lat="37.5078083574771881103515625" lon="127.05355823971331119537353515625">
        <ele>48.59999847412109375</ele>
        <time>2026-09-17T08:52:08.000Z</time>
        <extensions>
          <ns3:TrackPointExtension>
            <ns3:hr>138</ns3:hr>
            <ns3:cad>83</ns3:cad>
          </ns3:TrackPointExtension>
        </extensions>
      </trkpt>
      <trkpt lat="37.50783056952059268951416015625" lon="127.05354734323918819427490234375">
        <ele>48.59999847412109375</ele>
        <time>2026-09-17T08:52:09.000Z</time>
        <extensions>
          <ns3:TrackPointExtension>
            <ns3:hr>138</ns3:hr>
            <ns3:cad>83</ns3:cad>
          </ns3:TrackPointExtension>
        </extensions>
      </trkpt>
      <trkpt lat="37.507856972515583038330078125" lon="127.05353594385087490081787109375">
        <ele>48.799999237060546875</ele>
        <time>2026-09-17T08:52:10.000Z</time>
        <extensions>
          <ns3:TrackPointExtension>
            <ns3:hr>138</ns3:hr>
            <ns3:cad>84</ns3:cad>
          </ns3:TrackPointExtension>
        </extensions>
      </trkpt>
      <trkpt lat="37.5078873150050640106201171875" lon="127.05352437682449817657470703125">
        <ele>48.799999237060546875</ele>
        <time>2026-09-17T08:52:11.000Z</time>
        <extensions>
          <ns3:TrackPointExtension>
            <ns3:hr>138</ns3:hr>
            <ns3:cad>84</ns3:cad>
          </ns3:TrackPointExtension>
        </extensions>
      </trkpt>
      <trkpt lat="37.5079091079533100128173828125" lon="127.05350593663752079010009765625">
        <ele>48.799999237060546875</ele>
        <time>2026-09-17T08:52:12.000Z</time>
        <extensions>
          <ns3:TrackPointExtension>
            <ns3:hr>138</ns3:hr>
            <ns3:cad>84</ns3:cad>
          </ns3:TrackPointExtension>
        </extensions>
      </trkpt>
      <trkpt lat="37.50794506631791591644287109375" lon="127.0534855686128139495849609375">
        <ele>48.799999237060546875</ele>
        <time>2026-09-17T08:52:13.000Z</time>
        <extensions>
          <ns3:TrackPointExtension>
            <ns3:hr>138</ns3:hr>
            <ns3:cad>83</ns3:cad>
          </ns3:TrackPointExtension>
        </extensions>
      </trkpt>
      <trkpt lat="37.50796317122876644134521484375" lon="127.05346855334937572479248046875">
        <ele>48.799999237060546875</ele>
        <time>2026-09-17T08:52:14.000Z</time>
        <extensions>
          <ns3:TrackPointExtension>
            <ns3:hr>138</ns3:hr>
            <ns3:cad>83</ns3:cad>
          </ns3:TrackPointExtension>
        </extensions>
      </trkpt>
      <trkpt lat="37.50799183733761310577392578125" lon="127.05344642512500286102294921875">
        <ele>48.59999847412109375</ele>
        <time>2026-09-17T08:52:15.000Z</time>
        <extensions>
          <ns3:TrackPointExtension>
            <ns3:hr>138</ns3:hr>
            <ns3:cad>83</ns3:cad>
          </ns3:TrackPointExtension>
        </extensions>
      </trkpt>
      <trkpt lat="37.50801899470388889312744140625" lon="127.05342798493802547454833984375">
        <ele>48.59999847412109375</ele>
        <time>2026-09-17T08:52:16.000Z</time>
        <extensions>
          <ns3:TrackPointExtension>
            <ns3:hr>138</ns3:hr>
            <ns3:cad>83</ns3:cad>
          </ns3:TrackPointExtension>
        </extensions>
      </trkpt>
      <trkpt lat="37.508040368556976318359375" lon="127.053408287465572357177734375">
        <ele>48.59999847412109375</ele>
        <time>2026-09-17T08:52:17.000Z</time>
        <extensions>
          <ns3:TrackPointExtension>
            <ns3:hr>138</ns3:hr>
            <ns3:cad>83</ns3:cad>
          </ns3:TrackPointExtension>
        </extensions>
      </trkpt>
      <trkpt lat="37.5080710463225841522216796875" lon="127.05338515341281890869140625">
        <ele>48.59999847412109375</ele>
        <time>2026-09-17T08:52:18.000Z</time>
        <extensions>
          <ns3:TrackPointExtension>
            <ns3:hr>138</ns3:hr>
            <ns3:cad>83</ns3:cad>
          </ns3:TrackPointExtension>
        </extensions>
      </trkpt>
      <trkpt lat="37.5080847926437854766845703125" lon="127.05336771905422210693359375">
        <ele>48.59999847412109375</ele>
        <time>2026-09-17T08:52:19.000Z</time>
        <extensions>
          <ns3:TrackPointExtension>
            <ns3:hr>138</ns3:hr>
            <ns3:cad>84</ns3:cad>
          </ns3:TrackPointExtension>
        </extensions>
      </trkpt>
      <trkpt lat="37.50810675323009490966796875" lon="127.0533470995724201202392578125">
        <ele>48.59999847412109375</ele>
        <time>2026-09-17T08:52:20.000Z</time>
        <extensions>
          <ns3:TrackPointExtension>
            <ns3:hr>137</ns3:hr>
            <ns3:cad>84</ns3:cad>
          </ns3:TrackPointExtension>
        </extensions>
      </trkpt>
      <trkpt lat="37.50813013873994350433349609375" lon="127.0533263124525547027587890625">
        <ele>48.59999847412109375</ele>
        <time>2026-09-17T08:52:21.000Z</time>
        <extensions>
          <ns3:TrackPointExtension>
            <ns3:hr>137</ns3:hr>
            <ns3:cad>84</ns3:cad>
          </ns3:TrackPointExtension>
        </extensions>
      </trkpt>
      <trkpt lat="37.50815209932625293731689453125" lon="127.0533045195043087005615234375">
        <ele>48.59999847412109375</ele>
        <time>2026-09-17T08:52:22.000Z</time>
        <extensions>
          <ns3:TrackPointExtension>
            <ns3:hr>138</ns3:hr>
            <ns3:cad>84</ns3:cad>
          </ns3:TrackPointExtension>
        </extensions>
      </trkpt>
      <trkpt lat="37.5081887282431125640869140625" lon="127.0532839000225067138671875">
        <ele>48.40000152587890625</ele>
        <time>2026-09-17T08:52:23.000Z</time>
        <extensions>
          <ns3:TrackPointExtension>
            <ns3:hr>138</ns3:hr>
            <ns3:cad>84</ns3:cad>
          </ns3:TrackPointExtension>
        </extensions>
      </trkpt>
      <trkpt lat="37.50821261666715145111083984375" lon="127.05326889641582965850830078125">
        <ele>48.59999847412109375</ele>
        <time>2026-09-17T08:52:24.000Z</time>
        <extensions>
          <ns3:TrackPointExtension>
            <ns3:hr>138</ns3:hr>
            <ns3:cad>84</ns3:cad>
          </ns3:TrackPointExtension>
        </extensions>
      </trkpt>
      <trkpt lat="37.50824027694761753082275390625" lon="127.0532548986375331878662109375">
        <ele>48.40000152587890625</ele>
        <time>2026-09-17T08:52:25.000Z</time>
        <extensions>
          <ns3:TrackPointExtension>
            <ns3:hr>137</ns3:hr>
            <ns3:cad>84</ns3:cad>
          </ns3:TrackPointExtension>
        </extensions>
      </trkpt>
      <trkpt lat="37.508265674114227294921875" lon="127.05323159694671630859375">
        <ele>48.40000152587890625</ele>
        <time>2026-09-17T08:52:26.000Z</time>
        <extensions>
          <ns3:TrackPointExtension>
            <ns3:hr>137</ns3:hr>
            <ns3:cad>84</ns3:cad>
          </ns3:TrackPointExtension>
        </extensions>
      </trkpt>
      <trkpt lat="37.50828151591122150421142578125" lon="127.05320737324655055999755859375">
        <ele>48.40000152587890625</ele>
        <time>2026-09-17T08:52:27.000Z</time>
        <extensions>
          <ns3:TrackPointExtension>
            <ns3:hr>137</ns3:hr>
            <ns3:cad>84</ns3:cad>
          </ns3:TrackPointExtension>
        </extensions>
      </trkpt>
      <trkpt lat="37.5083127804100513458251953125" lon="127.05317862331867218017578125">
        <ele>48.59999847412109375</ele>
        <time>2026-09-17T08:52:28.000Z</time>
        <extensions>
          <ns3:TrackPointExtension>
            <ns3:hr>137</ns3:hr>
            <ns3:cad>84</ns3:cad>
          </ns3:TrackPointExtension>
        </extensions>
      </trkpt>
      <trkpt lat="37.50834144651889801025390625" lon="127.05316093750298023223876953125">
        <ele>48.40000152587890625</ele>
        <time>2026-09-17T08:52:29.000Z</time>
        <extensions>
          <ns3:TrackPointExtension>
            <ns3:hr>137</ns3:hr>
            <ns3:cad>84</ns3:cad>
          </ns3:TrackPointExtension>
        </extensions>
      </trkpt>
      <trkpt lat="37.5083634071052074432373046875" lon="127.05314031802117824554443359375">
        <ele>48.40000152587890625</ele>
        <time>2026-09-17T08:52:30.000Z</time>
        <extensions>
          <ns3:TrackPointExtension>
            <ns3:hr>137</ns3:hr>
            <ns3:cad>84</ns3:cad>
          </ns3:TrackPointExtension>
        </extensions>
      </trkpt>
      <trkpt lat="37.50839550979435443878173828125" lon="127.053120620548725128173828125">
        <ele>48.40000152587890625</ele>
        <time>2026-09-17T08:52:31.000Z</time>
        <extensions>
          <ns3:TrackPointExtension>
            <ns3:hr>137</ns3:hr>
            <ns3:cad>83</ns3:cad>
          </ns3:TrackPointExtension>
        </extensions>
      </trkpt>
      <trkpt lat="37.5084172189235687255859375" lon="127.05310880206525325775146484375">
        <ele>48.40000152587890625</ele>
        <time>2026-09-17T08:52:32.000Z</time>
        <extensions>
          <ns3:TrackPointExtension>
            <ns3:hr>137</ns3:hr>
            <ns3:cad>82</ns3:cad>
          </ns3:TrackPointExtension>
        </extensions>
      </trkpt>
      <trkpt lat="37.50844446010887622833251953125" lon="127.05309036187827587127685546875">
        <ele>48.40000152587890625</ele>
        <time>2026-09-17T08:52:33.000Z</time>
        <extensions>
          <ns3:TrackPointExtension>
            <ns3:hr>137</ns3:hr>
            <ns3:cad>82</ns3:cad>
          </ns3:TrackPointExtension>
        </extensions>
      </trkpt>
      <trkpt lat="37.508463822305202484130859375" lon="127.0530720055103302001953125">
        <ele>48.40000152587890625</ele>
        <time>2026-09-17T08:52:34.000Z</time>
        <extensions>
          <ns3:TrackPointExtension>
            <ns3:hr>137</ns3:hr>
            <ns3:cad>82</ns3:cad>
          </ns3:TrackPointExtension>
        </extensions>
      </trkpt>
      <trkpt lat="37.5084864534437656402587890625" lon="127.05304644070565700531005859375">
        <ele>48.40000152587890625</ele>
        <time>2026-09-17T08:52:35.000Z</time>
        <extensions>
          <ns3:TrackPointExtension>
            <ns3:hr>137</ns3:hr>
            <ns3:cad>83</ns3:cad>
          </ns3:TrackPointExtension>
        </extensions>
      </trkpt>
      <trkpt lat="37.5085166282951831817626953125" lon="127.05302163027226924896240234375">
        <ele>48.40000152587890625</ele>
        <time>2026-09-17T08:52:36.000Z</time>
        <extensions>
          <ns3:TrackPointExtension>
            <ns3:hr>137</ns3:hr>
            <ns3:cad>83</ns3:cad>
          </ns3:TrackPointExtension>
        </extensions>
      </trkpt>
      <trkpt lat="37.508532218635082244873046875" lon="127.05300285480916500091552734375">
        <ele>48.40000152587890625</ele>
        <time>2026-09-17T08:52:37.000Z</time>
        <extensions>
          <ns3:TrackPointExtension>
            <ns3:hr>138</ns3:hr>
            <ns3:cad>84</ns3:cad>
          </ns3:TrackPointExtension>
        </extensions>
      </trkpt>
      <trkpt lat="37.50855275429785251617431640625" lon="127.0529793016612529754638671875">
        <ele>48.40000152587890625</ele>
        <time>2026-09-17T08:52:38.000Z</time>
        <extensions>
          <ns3:TrackPointExtension>
            <ns3:hr>138</ns3:hr>
            <ns3:cad>84</ns3:cad>
          </ns3:TrackPointExtension>
        </extensions>
      </trkpt>
      <trkpt lat="37.5085746310651302337646484375" lon="127.05295734107494354248046875">
        <ele>48.40000152587890625</ele>
        <time>2026-09-17T08:52:39.000Z</time>
        <extensions>
          <ns3:TrackPointExtension>
            <ns3:hr>138</ns3:hr>
            <ns3:cad>84</ns3:cad>
          </ns3:TrackPointExtension>
        </extensions>
      </trkpt>
      <trkpt lat="37.50859131105244159698486328125" lon="127.052933536469936370849609375">
        <ele>48.40000152587890625</ele>
        <time>2026-09-17T08:52:40.000Z</time>
        <extensions>
          <ns3:TrackPointExtension>
            <ns3:hr>138</ns3:hr>
            <ns3:cad>84</ns3:cad>
          </ns3:TrackPointExtension>
        </extensions>
      </trkpt>
      <trkpt lat="37.5086188875138759613037109375" lon="127.05290730111300945281982421875">
        <ele>48.40000152587890625</ele>
        <time>2026-09-17T08:52:41.000Z</time>
        <extensions>
          <ns3:TrackPointExtension>
            <ns3:hr>138</ns3:hr>
            <ns3:cad>84</ns3:cad>
          </ns3:TrackPointExtension>
        </extensions>
      </trkpt>
      <trkpt lat="37.50863238237798213958740234375" lon="127.0528871007263660430908203125">
        <ele>48.59999847412109375</ele>
        <time>2026-09-17T08:52:42.000Z</time>
        <extensions>
          <ns3:TrackPointExtension>
            <ns3:hr>137</ns3:hr>
            <ns3:cad>84</ns3:cad>
          </ns3:TrackPointExtension>
        </extensions>
      </trkpt>
      <trkpt lat="37.50865367241203784942626953125" lon="127.05285851843655109405517578125">
        <ele>48.59999847412109375</ele>
        <time>2026-09-17T08:52:43.000Z</time>
        <extensions>
          <ns3:TrackPointExtension>
            <ns3:hr>137</ns3:hr>
            <ns3:cad>84</ns3:cad>
          </ns3:TrackPointExtension>
        </extensions>
      </trkpt>
      <trkpt lat="37.50867714174091815948486328125" lon="127.05283639021217823028564453125">
        <ele>48.59999847412109375</ele>
        <time>2026-09-17T08:52:44.000Z</time>
        <extensions>
          <ns3:TrackPointExtension>
            <ns3:hr>137</ns3:hr>
            <ns3:cad>83</ns3:cad>
          </ns3:TrackPointExtension>
        </extensions>
      </trkpt>
      <trkpt lat="37.50869424082338809967041015625" lon="127.05281317234039306640625">
        <ele>48.799999237060546875</ele>
        <time>2026-09-17T08:52:45.000Z</time>
        <extensions>
          <ns3:TrackPointExtension>
            <ns3:hr>137</ns3:hr>
            <ns3:cad>83</ns3:cad>
          </ns3:TrackPointExtension>
        </extensions>
      </trkpt>
      <trkpt lat="37.50872097909450531005859375" lon="127.05277972854673862457275390625">
        <ele>48.799999237060546875</ele>
        <time>2026-09-17T08:52:46.000Z</time>
        <extensions>
          <ns3:TrackPointExtension>
            <ns3:hr>137</ns3:hr>
            <ns3:cad>83</ns3:cad>
          </ns3:TrackPointExtension>
        </extensions>
      </trkpt>
      <trkpt lat="37.50873983837664127349853515625" lon="127.052757181227207183837890625">
        <ele>48.799999237060546875</ele>
        <time>2026-09-17T08:52:47.000Z</time>
        <extensions>
          <ns3:TrackPointExtension>
            <ns3:hr>136</ns3:hr>
            <ns3:cad>83</ns3:cad>
          </ns3:TrackPointExtension>
        </extensions>
      </trkpt>
      <trkpt lat="37.50876364298164844512939453125" lon="127.0527305267751216888427734375">
        <ele>49</ele>
        <time>2026-09-17T08:52:48.000Z</time>
        <extensions>
          <ns3:TrackPointExtension>
            <ns3:hr>136</ns3:hr>
            <ns3:cad>83</ns3:cad>
          </ns3:TrackPointExtension>
        </extensions>
      </trkpt>
      <trkpt lat="37.508786022663116455078125" lon="127.052703537046909332275390625">
        <ele>49</ele>
        <time>2026-09-17T08:52:49.000Z</time>
        <extensions>
          <ns3:TrackPointExtension>
            <ns3:hr>136</ns3:hr>
            <ns3:cad>83</ns3:cad>
          </ns3:TrackPointExtension>
        </extensions>
      </trkpt>
      <trkpt lat="37.50880538485944271087646484375" lon="127.05268987454473972320556640625">
        <ele>49</ele>
        <time>2026-09-17T08:52:50.000Z</time>
        <extensions>
          <ns3:TrackPointExtension>
            <ns3:hr>136</ns3:hr>
            <ns3:cad>83</ns3:cad>
          </ns3:TrackPointExtension>
        </extensions>
      </trkpt>
      <trkpt lat="37.5088291056454181671142578125" lon="127.05266891978681087493896484375">
        <ele>49.200000762939453125</ele>
        <time>2026-09-17T08:52:51.000Z</time>
        <extensions>
          <ns3:TrackPointExtension>
            <ns3:hr>136</ns3:hr>
            <ns3:cad>83</ns3:cad>
          </ns3:TrackPointExtension>
        </extensions>
      </trkpt>
      <trkpt lat="37.50884528271853923797607421875" lon="127.0526524074375629425048828125">
        <ele>49.200000762939453125</ele>
        <time>2026-09-17T08:52:52.000Z</time>
        <extensions>
          <ns3:TrackPointExtension>
            <ns3:hr>136</ns3:hr>
            <ns3:cad>83</ns3:cad>
          </ns3:TrackPointExtension>
        </extensions>
      </trkpt>
      <trkpt lat="37.508862130343914031982421875" lon="127.05263321287930011749267578125">
        <ele>49.40000152587890625</ele>
        <time>2026-09-17T08:52:53.000Z</time>
        <extensions>
          <ns3:TrackPointExtension>
            <ns3:hr>136</ns3:hr>
            <ns3:cad>83</ns3:cad>
          </ns3:TrackPointExtension>
        </extensions>
      </trkpt>
      <trkpt lat="37.508888952434062957763671875" lon="127.0526104979217052459716796875">
        <ele>49.40000152587890625</ele>
        <time>2026-09-17T08:52:54.000Z</time>
        <extensions>
          <ns3:TrackPointExtension>
            <ns3:hr>136</ns3:hr>
            <ns3:cad>83</ns3:cad>
          </ns3:TrackPointExtension>
        </extensions>
      </trkpt>
      <trkpt lat="37.5089102424681186676025390625" lon="127.052594907581806182861328125">
        <ele>49.40000152587890625</ele>
        <time>2026-09-17T08:52:55.000Z</time>
        <extensions>
          <ns3:TrackPointExtension>
            <ns3:hr>136</ns3:hr>
            <ns3:cad>84</ns3:cad>
          </ns3:TrackPointExtension>
        </extensions>
      </trkpt>
      <trkpt lat="37.5089317001402378082275390625" lon="127.0525709353387355804443359375">
        <ele>49.59999847412109375</ele>
        <time>2026-09-17T08:52:56.000Z</time>
        <extensions>
          <ns3:TrackPointExtension>
            <ns3:hr>135</ns3:hr>
            <ns3:cad>84</ns3:cad>
          </ns3:TrackPointExtension>
        </extensions>
      </trkpt>
      <trkpt lat="37.5089528225362300872802734375" lon="127.05255056731402873992919921875">
        <ele>49.59999847412109375</ele>
        <time>2026-09-17T08:52:57.000Z</time>
        <extensions>
          <ns3:TrackPointExtension>
            <ns3:hr>135</ns3:hr>
            <ns3:cad>84</ns3:cad>
          </ns3:TrackPointExtension>
        </extensions>
      </trkpt>
      <trkpt lat="37.5089672394096851348876953125" lon="127.0525303669273853302001953125">
        <ele>49.799999237060546875</ele>
        <time>2026-09-17T08:52:58.000Z</time>
        <extensions>
          <ns3:TrackPointExtension>
            <ns3:hr>135</ns3:hr>
            <ns3:cad>83</ns3:cad>
          </ns3:TrackPointExtension>
        </extensions>
      </trkpt>
      <trkpt lat="37.50899163074791431427001953125" lon="127.05250144936144351959228515625">
        <ele>49.799999237060546875</ele>
        <time>2026-09-17T08:52:59.000Z</time>
        <extensions>
          <ns3:TrackPointExtension>
            <ns3:hr>135</ns3:hr>
            <ns3:cad>83</ns3:cad>
          </ns3:TrackPointExtension>
        </extensions>
      </trkpt>
      <trkpt lat="37.50900655053555965423583984375" lon="127.05247722566127777099609375">
        <ele>50</ele>
        <time>2026-09-17T08:53:00.000Z</time>
        <extensions>
          <ns3:TrackPointExtension>
            <ns3:hr>136</ns3:hr>
            <ns3:cad>83</ns3:cad>
          </ns3:TrackPointExtension>
        </extensions>
      </trkpt>
      <trkpt lat="37.50902180559933185577392578125" lon="127.052451409399509429931640625">
        <ele>50</ele>
        <time>2026-09-17T08:53:01.000Z</time>
        <extensions>
          <ns3:TrackPointExtension>
            <ns3:hr>136</ns3:hr>
            <ns3:cad>83</ns3:cad>
          </ns3:TrackPointExtension>
        </extensions>
      </trkpt>
      <trkpt lat="37.5090436823666095733642578125" lon="127.052426598966121673583984375">
        <ele>50</ele>
        <time>2026-09-17T08:53:02.000Z</time>
        <extensions>
          <ns3:TrackPointExtension>
            <ns3:hr>137</ns3:hr>
            <ns3:cad>82</ns3:cad>
          </ns3:TrackPointExtension>
        </extensions>
      </trkpt>
      <trkpt lat="37.50905952416360378265380859375" lon="127.05240271054208278656005859375">
        <ele>50</ele>
        <time>2026-09-17T08:53:03.000Z</time>
        <extensions>
          <ns3:TrackPointExtension>
            <ns3:hr>139</ns3:hr>
            <ns3:cad>82</ns3:cad>
          </ns3:TrackPointExtension>
        </extensions>
      </trkpt>
      <trkpt lat="37.509086430072784423828125" lon="127.05237354151904582977294921875">
        <ele>50.200000762939453125</ele>
        <time>2026-09-17T08:53:04.000Z</time>
        <extensions>
          <ns3:TrackPointExtension>
            <ns3:hr>139</ns3:hr>
            <ns3:cad>83</ns3:cad>
          </ns3:TrackPointExtension>
        </extensions>
      </trkpt>
      <trkpt lat="37.50910319387912750244140625" lon="127.0523533411324024200439453125">
        <ele>50.200000762939453125</ele>
        <time>2026-09-17T08:53:05.000Z</time>
        <extensions>
          <ns3:TrackPointExtension>
            <ns3:hr>139</ns3:hr>
            <ns3:cad>84</ns3:cad>
          </ns3:TrackPointExtension>
        </extensions>
      </trkpt>
      <trkpt lat="37.5091214664280414581298828125" lon="127.05232274718582630157470703125">
        <ele>50.40000152587890625</ele>
        <time>2026-09-17T08:53:06.000Z</time>
        <extensions>
          <ns3:TrackPointExtension>
            <ns3:hr>139</ns3:hr>
            <ns3:cad>84</ns3:cad>
          </ns3:TrackPointExtension>
        </extensions>
      </trkpt>
      <trkpt lat="37.50914786942303180694580078125" lon="127.0522923208773136138916015625">
        <ele>50.40000152587890625</ele>
        <time>2026-09-17T08:53:07.000Z</time>
        <extensions>
          <ns3:TrackPointExtension>
            <ns3:hr>139</ns3:hr>
            <ns3:cad>84</ns3:cad>
          </ns3:TrackPointExtension>
        </extensions>
      </trkpt>
      <trkpt lat="37.509166896343231201171875" lon="127.05226692371070384979248046875">
        <ele>50.59999847412109375</ele>
        <time>2026-09-17T08:53:08.000Z</time>
        <extensions>
          <ns3:TrackPointExtension>
            <ns3:hr>139</ns3:hr>
            <ns3:cad>84</ns3:cad>
          </ns3:TrackPointExtension>
        </extensions>
      </trkpt>
      <trkpt lat="37.50919128768146038055419921875" lon="127.05223725177347660064697265625">
        <ele>50.799999237060546875</ele>
        <time>2026-09-17T08:53:09.000Z</time>
        <extensions>
          <ns3:TrackPointExtension>
            <ns3:hr>139</ns3:hr>
            <ns3:cad>84</ns3:cad>
          </ns3:TrackPointExtension>
        </extensions>
      </trkpt>
      <trkpt lat="37.5092059560120105743408203125" lon="127.052211351692676544189453125">
        <ele>50.799999237060546875</ele>
        <time>2026-09-17T08:53:10.000Z</time>
        <extensions>
          <ns3:TrackPointExtension>
            <ns3:hr>140</ns3:hr>
            <ns3:cad>84</ns3:cad>
          </ns3:TrackPointExtension>
        </extensions>
      </trkpt>
      <trkpt lat="37.50922531820833683013916015625" lon="127.05218126066029071807861328125">
        <ele>50.799999237060546875</ele>
        <time>2026-09-17T08:53:11.000Z</time>
        <extensions>
          <ns3:TrackPointExtension>
            <ns3:hr>140</ns3:hr>
            <ns3:cad>84</ns3:cad>
          </ns3:TrackPointExtension>
        </extensions>
      </trkpt>
      <trkpt lat="37.50924409367144107818603515625" lon="127.05215443857014179229736328125">
        <ele>51</ele>
        <time>2026-09-17T08:53:12.000Z</time>
        <extensions>
          <ns3:TrackPointExtension>
            <ns3:hr>140</ns3:hr>
            <ns3:cad>84</ns3:cad>
          </ns3:TrackPointExtension>
        </extensions>
      </trkpt>
      <trkpt lat="37.50925716944038867950439453125" lon="127.05213566310703754425048828125">
        <ele>51</ele>
        <time>2026-09-17T08:53:13.000Z</time>
        <extensions>
          <ns3:TrackPointExtension>
            <ns3:hr>140</ns3:hr>
            <ns3:cad>83</ns3:cad>
          </ns3:TrackPointExtension>
        </extensions>
      </trkpt>
      <trkpt lat="37.509280554950237274169921875" lon="127.0521085895597934722900390625">
        <ele>51</ele>
        <time>2026-09-17T08:53:14.000Z</time>
        <extensions>
          <ns3:TrackPointExtension>
            <ns3:hr>140</ns3:hr>
            <ns3:cad>83</ns3:cad>
          </ns3:TrackPointExtension>
        </extensions>
      </trkpt>
      <trkpt lat="37.50929958187043666839599609375" lon="127.0520903170108795166015625">
        <ele>51</ele>
        <time>2026-09-17T08:53:15.000Z</time>
        <extensions>
          <ns3:TrackPointExtension>
            <ns3:hr>140</ns3:hr>
            <ns3:cad>83</ns3:cad>
          </ns3:TrackPointExtension>
        </extensions>
      </trkpt>
      <trkpt lat="37.50932070426642894744873046875" lon="127.0520717091858386993408203125">
        <ele>51.200000762939453125</ele>
        <time>2026-09-17T08:53:16.000Z</time>
        <extensions>
          <ns3:TrackPointExtension>
            <ns3:hr>140</ns3:hr>
            <ns3:cad>83</ns3:cad>
          </ns3:TrackPointExtension>
        </extensions>
      </trkpt>
      <trkpt lat="37.50934568233788013458251953125" lon="127.05204597674310207366943359375">
        <ele>51.200000762939453125</ele>
        <time>2026-09-17T08:53:17.000Z</time>
        <extensions>
          <ns3:TrackPointExtension>
            <ns3:hr>141</ns3:hr>
            <ns3:cad>83</ns3:cad>
          </ns3:TrackPointExtension>
        </extensions>
      </trkpt>
      <trkpt lat="37.509360015392303466796875" lon="127.05202770419418811798095703125">
        <ele>51.200000762939453125</ele>
        <time>2026-09-17T08:53:18.000Z</time>
        <extensions>
          <ns3:TrackPointExtension>
            <ns3:hr>141</ns3:hr>
            <ns3:cad>83</ns3:cad>
          </ns3:TrackPointExtension>
        </extensions>
      </trkpt>
      <trkpt lat="37.50938591547310352325439453125" lon="127.05200088210403919219970703125">
        <ele>51.40000152587890625</ele>
        <time>2026-09-17T08:53:19.000Z</time>
        <extensions>
          <ns3:TrackPointExtension>
            <ns3:hr>141</ns3:hr>
            <ns3:cad>83</ns3:cad>
          </ns3:TrackPointExtension>
        </extensions>
      </trkpt>
      <trkpt lat="37.50940787605941295623779296875" lon="127.05198177136480808258056640625">
        <ele>51.40000152587890625</ele>
        <time>2026-09-17T08:53:20.000Z</time>
        <extensions>
          <ns3:TrackPointExtension>
            <ns3:hr>141</ns3:hr>
            <ns3:cad>83</ns3:cad>
          </ns3:TrackPointExtension>
        </extensions>
      </trkpt>
      <trkpt lat="37.50942799262702465057373046875" lon="127.0519590564072132110595703125">
        <ele>51.40000152587890625</ele>
        <time>2026-09-17T08:53:21.000Z</time>
        <extensions>
          <ns3:TrackPointExtension>
            <ns3:hr>141</ns3:hr>
            <ns3:cad>84</ns3:cad>
          </ns3:TrackPointExtension>
        </extensions>
      </trkpt>
      <trkpt lat="37.50945632345974445343017578125" lon="127.0519389398396015167236328125">
        <ele>51.40000152587890625</ele>
        <time>2026-09-17T08:53:22.000Z</time>
        <extensions>
          <ns3:TrackPointExtension>
            <ns3:hr>141</ns3:hr>
            <ns3:cad>84</ns3:cad>
          </ns3:TrackPointExtension>
        </extensions>
      </trkpt>
      <trkpt lat="37.50947308726608753204345703125" lon="127.05192125402390956878662109375">
        <ele>51.40000152587890625</ele>
        <time>2026-09-17T08:53:23.000Z</time>
        <extensions>
          <ns3:TrackPointExtension>
            <ns3:hr>142</ns3:hr>
            <ns3:cad>84</ns3:cad>
          </ns3:TrackPointExtension>
        </extensions>
      </trkpt>
      <trkpt lat="37.5094946287572383880615234375" lon="127.05188713967800140380859375">
        <ele>51.40000152587890625</ele>
        <time>2026-09-17T08:53:24.000Z</time>
        <extensions>
          <ns3:TrackPointExtension>
            <ns3:hr>141</ns3:hr>
            <ns3:cad>83</ns3:cad>
          </ns3:TrackPointExtension>
        </extensions>
      </trkpt>
      <trkpt lat="37.509509213268756866455078125" lon="127.05186903476715087890625">
        <ele>51.59999847412109375</ele>
        <time>2026-09-17T08:53:25.000Z</time>
        <extensions>
          <ns3:TrackPointExtension>
            <ns3:hr>141</ns3:hr>
            <ns3:cad>83</ns3:cad>
          </ns3:TrackPointExtension>
        </extensions>
      </trkpt>
      <trkpt lat="37.50952740199863910675048828125" lon="127.051845900714397430419921875">
        <ele>51.59999847412109375</ele>
        <time>2026-09-17T08:53:26.000Z</time>
        <extensions>
          <ns3:TrackPointExtension>
            <ns3:hr>141</ns3:hr>
            <ns3:cad>83</ns3:cad>
          </ns3:TrackPointExtension>
        </extensions>
      </trkpt>
      <trkpt lat="37.509554810822010040283203125" lon="127.05182184465229511260986328125">
        <ele>51.59999847412109375</ele>
        <time>2026-09-17T08:53:27.000Z</time>
        <extensions>
          <ns3:TrackPointExtension>
            <ns3:hr>142</ns3:hr>
            <ns3:cad>83</ns3:cad>
          </ns3:TrackPointExtension>
        </extensions>
      </trkpt>
      <trkpt lat="37.50957484357059001922607421875" lon="127.05180130898952484130859375">
        <ele>51.799999237060546875</ele>
        <time>2026-09-17T08:53:28.000Z</time>
        <extensions>
          <ns3:TrackPointExtension>
            <ns3:hr>141</ns3:hr>
            <ns3:cad>83</ns3:cad>
          </ns3:TrackPointExtension>
        </extensions>
      </trkpt>
      <trkpt lat="37.50959412194788455963134765625" lon="127.0517813600599765777587890625">
        <ele>51.799999237060546875</ele>
        <time>2026-09-17T08:53:29.000Z</time>
        <extensions>
          <ns3:TrackPointExtension>
            <ns3:hr>141</ns3:hr>
            <ns3:cad>83</ns3:cad>
          </ns3:TrackPointExtension>
        </extensions>
      </trkpt>
      <trkpt lat="37.50962211750447750091552734375" lon="127.05175881274044513702392578125">
        <ele>52</ele>
        <time>2026-09-17T08:53:30.000Z</time>
        <extensions>
          <ns3:TrackPointExtension>
            <ns3:hr>141</ns3:hr>
            <ns3:cad>83</ns3:cad>
          </ns3:TrackPointExtension>
        </extensions>
      </trkpt>
      <trkpt lat="37.50963770784437656402587890625" lon="127.051743306219577789306640625">
        <ele>52</ele>
        <time>2026-09-17T08:53:31.000Z</time>
        <extensions>
          <ns3:TrackPointExtension>
            <ns3:hr>142</ns3:hr>
            <ns3:cad>83</ns3:cad>
          </ns3:TrackPointExtension>
        </extensions>
      </trkpt>
      <trkpt lat="37.509659416973590850830078125" lon="127.05172210000455379486083984375">
        <ele>52.200000762939453125</ele>
        <time>2026-09-17T08:53:32.000Z</time>
        <extensions>
          <ns3:TrackPointExtension>
            <ns3:hr>141</ns3:hr>
            <ns3:cad>83</ns3:cad>
          </ns3:TrackPointExtension>
        </extensions>
      </trkpt>
      <trkpt lat="37.50967659987509250640869140625" lon="127.051699720323085784912109375">
        <ele>52.200000762939453125</ele>
        <time>2026-09-17T08:53:33.000Z</time>
        <extensions>
          <ns3:TrackPointExtension>
            <ns3:hr>141</ns3:hr>
            <ns3:cad>83</ns3:cad>
          </ns3:TrackPointExtension>
        </extensions>
      </trkpt>
      <trkpt lat="37.50969302840530872344970703125" lon="127.0516801066696643829345703125">
        <ele>52.200000762939453125</ele>
        <time>2026-09-17T08:53:34.000Z</time>
        <extensions>
          <ns3:TrackPointExtension>
            <ns3:hr>141</ns3:hr>
            <ns3:cad>83</ns3:cad>
          </ns3:TrackPointExtension>
        </extensions>
      </trkpt>
      <trkpt lat="37.50972102396190166473388671875" lon="127.05165672115981578826904296875">
        <ele>52.200000762939453125</ele>
        <time>2026-09-17T08:53:35.000Z</time>
        <extensions>
          <ns3:TrackPointExtension>
            <ns3:hr>141</ns3:hr>
            <ns3:cad>83</ns3:cad>
          </ns3:TrackPointExtension>
        </extensions>
      </trkpt>
      <trkpt lat="37.50973485410213470458984375" lon="127.05163626931607723236083984375">
        <ele>52.40000152587890625</ele>
        <time>2026-09-17T08:53:36.000Z</time>
        <extensions>
          <ns3:TrackPointExtension>
            <ns3:hr>141</ns3:hr>
            <ns3:cad>83</ns3:cad>
          </ns3:TrackPointExtension>
        </extensions>
      </trkpt>
      <trkpt lat="37.50975790433585643768310546875" lon="127.0516140572726726531982421875">
        <ele>52.40000152587890625</ele>
        <time>2026-09-17T08:53:37.000Z</time>
        <extensions>
          <ns3:TrackPointExtension>
            <ns3:hr>141</ns3:hr>
            <ns3:cad>83</ns3:cad>
          </ns3:TrackPointExtension>
        </extensions>
      </trkpt>
      <trkpt lat="37.50978388823568820953369140625" lon="127.05159771256148815155029296875">
        <ele>52.40000152587890625</ele>
        <time>2026-09-17T08:53:38.000Z</time>
        <extensions>
          <ns3:TrackPointExtension>
            <ns3:hr>141</ns3:hr>
            <ns3:cad>83</ns3:cad>
          </ns3:TrackPointExtension>
        </extensions>
      </trkpt>
      <trkpt lat="37.50980685465037822723388671875" lon="127.05157600343227386474609375">
        <ele>52.59999847412109375</ele>
        <time>2026-09-17T08:53:39.000Z</time>
        <extensions>
          <ns3:TrackPointExtension>
            <ns3:hr>141</ns3:hr>
            <ns3:cad>83</ns3:cad>
          </ns3:TrackPointExtension>
        </extensions>
      </trkpt>
      <trkpt lat="37.5098305754363536834716796875" lon="127.05155094154179096221923828125">
        <ele>52.40000152587890625</ele>
        <time>2026-09-17T08:53:40.000Z</time>
        <extensions>
          <ns3:TrackPointExtension>
            <ns3:hr>141</ns3:hr>
            <ns3:cad>83</ns3:cad>
          </ns3:TrackPointExtension>
        </extensions>
      </trkpt>
      <trkpt lat="37.509848512709140777587890625" lon="127.05153174698352813720703125">
        <ele>52.40000152587890625</ele>
        <time>2026-09-17T08:53:41.000Z</time>
        <extensions>
          <ns3:TrackPointExtension>
            <ns3:hr>140</ns3:hr>
            <ns3:cad>83</ns3:cad>
          </ns3:TrackPointExtension>
        </extensions>
      </trkpt>
      <trkpt lat="37.5098684616386890411376953125" lon="127.0515057630836963653564453125">
        <ele>52.59999847412109375</ele>
        <time>2026-09-17T08:53:42.000Z</time>
        <extensions>
          <ns3:TrackPointExtension>
            <ns3:hr>140</ns3:hr>
            <ns3:cad>83</ns3:cad>
          </ns3:TrackPointExtension>
        </extensions>
      </trkpt>
      <trkpt lat="37.509890757501125335693359375" lon="127.051485143601894378662109375">
        <ele>52.59999847412109375</ele>
        <time>2026-09-17T08:53:43.000Z</time>
        <extensions>
          <ns3:TrackPointExtension>
            <ns3:hr>140</ns3:hr>
            <ns3:cad>83</ns3:cad>
          </ns3:TrackPointExtension>
        </extensions>
      </trkpt>
      <trkpt lat="37.509904168546199798583984375" lon="127.0514665357768535614013671875">
        <ele>52.799999237060546875</ele>
        <time>2026-09-17T08:53:44.000Z</time>
        <extensions>
          <ns3:TrackPointExtension>
            <ns3:hr>140</ns3:hr>
            <ns3:cad>83</ns3:cad>
          </ns3:TrackPointExtension>
        </extensions>
      </trkpt>
      <trkpt lat="37.50992487184703350067138671875" lon="127.0514423958957195281982421875">
        <ele>53</ele>
        <time>2026-09-17T08:53:45.000Z</time>
        <extensions>
          <ns3:TrackPointExtension>
            <ns3:hr>140</ns3:hr>
            <ns3:cad>83</ns3:cad>
          </ns3:TrackPointExtension>
        </extensions>
      </trkpt>
      <trkpt lat="37.509945742785930633544921875" lon="127.0514209382236003875732421875">
        <ele>53</ele>
        <time>2026-09-17T08:53:46.000Z</time>
        <extensions>
          <ns3:TrackPointExtension>
            <ns3:hr>140</ns3:hr>
            <ns3:cad>83</ns3:cad>
          </ns3:TrackPointExtension>
        </extensions>
      </trkpt>
      <trkpt lat="37.50996284186840057373046875" lon="127.0513971336185932159423828125">
        <ele>53.200000762939453125</ele>
        <time>2026-09-17T08:53:47.000Z</time>
        <extensions>
          <ns3:TrackPointExtension>
            <ns3:hr>140</ns3:hr>
            <ns3:cad>83</ns3:cad>
          </ns3:TrackPointExtension>
        </extensions>
      </trkpt>
      <trkpt lat="37.509989999234676361083984375" lon="127.05137559212744235992431640625">
        <ele>53.200000762939453125</ele>
        <time>2026-09-17T08:53:48.000Z</time>
        <extensions>
          <ns3:TrackPointExtension>
            <ns3:hr>140</ns3:hr>
            <ns3:cad>83</ns3:cad>
          </ns3:TrackPointExtension>
        </extensions>
      </trkpt>
      <trkpt lat="37.51000533811748027801513671875" lon="127.0513582415878772735595703125">
        <ele>53.200000762939453125</ele>
        <time>2026-09-17T08:53:49.000Z</time>
        <extensions>
          <ns3:TrackPointExtension>
            <ns3:hr>140</ns3:hr>
            <ns3:cad>83</ns3:cad>
          </ns3:TrackPointExtension>
        </extensions>
      </trkpt>
      <trkpt lat="37.5100226886570453643798828125" lon="127.051344327628612518310546875">
        <ele>53.40000152587890625</ele>
        <time>2026-09-17T08:53:50.000Z</time>
        <extensions>
          <ns3:TrackPointExtension>
            <ns3:hr>140</ns3:hr>
            <ns3:cad>83</ns3:cad>
          </ns3:TrackPointExtension>
        </extensions>
      </trkpt>
      <trkpt lat="37.510038278996944427490234375" lon="127.0513230375945568084716796875">
        <ele>53.40000152587890625</ele>
        <time>2026-09-17T08:53:51.000Z</time>
        <extensions>
          <ns3:TrackPointExtension>
            <ns3:hr>140</ns3:hr>
            <ns3:cad>83</ns3:cad>
          </ns3:TrackPointExtension>
        </extensions>
      </trkpt>
      <trkpt lat="37.51005898229777812957763671875" lon="127.0513025857508182525634765625">
        <ele>53.40000152587890625</ele>
        <time>2026-09-17T08:53:52.000Z</time>
        <extensions>
          <ns3:TrackPointExtension>
            <ns3:hr>140</ns3:hr>
            <ns3:cad>83</ns3:cad>
          </ns3:TrackPointExtension>
        </extensions>
      </trkpt>
      <trkpt lat="37.51008396036922931671142578125" lon="127.05128171481192111968994140625">
        <ele>53.40000152587890625</ele>
        <time>2026-09-17T08:53:53.000Z</time>
        <extensions>
          <ns3:TrackPointExtension>
            <ns3:hr>141</ns3:hr>
            <ns3:cad>83</ns3:cad>
          </ns3:TrackPointExtension>
        </extensions>
      </trkpt>
      <trkpt lat="37.510105669498443603515625" lon="127.05126897431910037994384765625">
        <ele>53.40000152587890625</ele>
        <time>2026-09-17T08:53:54.000Z</time>
        <extensions>
          <ns3:TrackPointExtension>
            <ns3:hr>141</ns3:hr>
            <ns3:cad>83</ns3:cad>
          </ns3:TrackPointExtension>
        </extensions>
      </trkpt>
      <trkpt lat="37.51013877801597118377685546875" lon="127.0512452535331249237060546875">
        <ele>53.59999847412109375</ele>
        <time>2026-09-17T08:53:55.000Z</time>
        <extensions>
          <ns3:TrackPointExtension>
            <ns3:hr>140</ns3:hr>
            <ns3:cad>83</ns3:cad>
          </ns3:TrackPointExtension>
        </extensions>
      </trkpt>
      <trkpt lat="37.51016962341964244842529296875" lon="127.05122337676584720611572265625">
        <ele>53.59999847412109375</ele>
        <time>2026-09-17T08:53:56.000Z</time>
        <extensions>
          <ns3:TrackPointExtension>
            <ns3:hr>140</ns3:hr>
            <ns3:cad>83</ns3:cad>
          </ns3:TrackPointExtension>
        </extensions>
      </trkpt>
      <trkpt lat="37.51019057817757129669189453125" lon="127.0512080378830432891845703125">
        <ele>53.799999237060546875</ele>
        <time>2026-09-17T08:53:57.000Z</time>
        <extensions>
          <ns3:TrackPointExtension>
            <ns3:hr>140</ns3:hr>
            <ns3:cad>83</ns3:cad>
          </ns3:TrackPointExtension>
        </extensions>
      </trkpt>
      <trkpt lat="37.510217987000942230224609375" lon="127.0511838980019092559814453125">
        <ele>53.799999237060546875</ele>
        <time>2026-09-17T08:53:58.000Z</time>
        <extensions>
          <ns3:TrackPointExtension>
            <ns3:hr>139</ns3:hr>
            <ns3:cad>83</ns3:cad>
          </ns3:TrackPointExtension>
        </extensions>
      </trkpt>
      <trkpt lat="37.51023642718791961669921875" lon="127.0511587522923946380615234375">
        <ele>54</ele>
        <time>2026-09-17T08:53:59.000Z</time>
        <extensions>
          <ns3:TrackPointExtension>
            <ns3:hr>139</ns3:hr>
            <ns3:cad>83</ns3:cad>
          </ns3:TrackPointExtension>
        </extensions>
      </trkpt>
      <trkpt lat="37.510261237621307373046875" lon="127.05113209784030914306640625">
        <ele>54</ele>
        <time>2026-09-17T08:54:00.000Z</time>
        <extensions>
          <ns3:TrackPointExtension>
            <ns3:hr>139</ns3:hr>
            <ns3:cad>83</ns3:cad>
          </ns3:TrackPointExtension>
        </extensions>
      </trkpt>
      <trkpt lat="37.51028981991112232208251953125" lon="127.05110636539757251739501953125">
        <ele>54</ele>
        <time>2026-09-17T08:54:01.000Z</time>
        <extensions>
          <ns3:TrackPointExtension>
            <ns3:hr>139</ns3:hr>
            <ns3:cad>83</ns3:cad>
          </ns3:TrackPointExtension>
        </extensions>
      </trkpt>
      <trkpt lat="37.51029870472848415374755859375" lon="127.05109991133213043212890625">
        <ele>54.200000762939453125</ele>
        <time>2026-09-17T08:54:02.000Z</time>
        <extensions>
          <ns3:TrackPointExtension>
            <ns3:hr>139</ns3:hr>
            <ns3:cad>83</ns3:cad>
          </ns3:TrackPointExtension>
        </extensions>
      </trkpt>
      <trkpt lat="37.5103296339511871337890625" lon="127.05107518471777439117431640625">
        <ele>54.40000152587890625</ele>
        <time>2026-09-17T08:54:03.000Z</time>
        <extensions>
          <ns3:TrackPointExtension>
            <ns3:hr>139</ns3:hr>
            <ns3:cad>83</ns3:cad>
          </ns3:TrackPointExtension>
        </extensions>
      </trkpt>
      <trkpt lat="37.51034916378557682037353515625" lon="127.0510585047304630279541015625">
        <ele>54.40000152587890625</ele>
        <time>2026-09-17T08:54:04.000Z</time>
        <extensions>
          <ns3:TrackPointExtension>
            <ns3:hr>139</ns3:hr>
            <ns3:cad>83</ns3:cad>
          </ns3:TrackPointExtension>
        </extensions>
      </trkpt>
      <trkpt lat="37.51036777161061763763427734375" lon="127.051040567457675933837890625">
        <ele>54.40000152587890625</ele>
        <time>2026-09-17T08:54:05.000Z</time>
        <extensions>
          <ns3:TrackPointExtension>
            <ns3:hr>138</ns3:hr>
            <ns3:cad>83</ns3:cad>
          </ns3:TrackPointExtension>
        </extensions>
      </trkpt>
      <trkpt lat="37.51038989983499050140380859375" lon="127.05101810395717620849609375">
        <ele>54.40000152587890625</ele>
        <time>2026-09-17T08:54:06.000Z</time>
        <extensions>
          <ns3:TrackPointExtension>
            <ns3:hr>138</ns3:hr>
            <ns3:cad>82</ns3:cad>
          </ns3:TrackPointExtension>
        </extensions>
      </trkpt>
      <trkpt lat="37.5104033946990966796875" lon="127.05099589191377162933349609375">
        <ele>54.59999847412109375</ele>
        <time>2026-09-17T08:54:07.000Z</time>
        <extensions>
          <ns3:TrackPointExtension>
            <ns3:hr>139</ns3:hr>
            <ns3:cad>82</ns3:cad>
          </ns3:TrackPointExtension>
        </extensions>
      </trkpt>
      <trkpt lat="37.510422505438327789306640625" lon="127.0509743504226207733154296875">
        <ele>54.59999847412109375</ele>
        <time>2026-09-17T08:54:08.000Z</time>
        <extensions>
          <ns3:TrackPointExtension>
            <ns3:hr>139</ns3:hr>
            <ns3:cad>82</ns3:cad>
          </ns3:TrackPointExtension>
        </extensions>
      </trkpt>
      <trkpt lat="37.5104414485394954681396484375" lon="127.05095431767404079437255859375">
        <ele>54.799999237060546875</ele>
        <time>2026-09-17T08:54:09.000Z</time>
        <extensions>
          <ns3:TrackPointExtension>
            <ns3:hr>139</ns3:hr>
            <ns3:cad>82</ns3:cad>
          </ns3:TrackPointExtension>
        </extensions>
      </trkpt>
      <trkpt lat="37.51045930199325084686279296875" lon="127.05092833377420902252197265625">
        <ele>54.799999237060546875</ele>
        <time>2026-09-17T08:54:10.000Z</time>
        <extensions>
          <ns3:TrackPointExtension>
            <ns3:hr>139</ns3:hr>
            <ns3:cad>82</ns3:cad>
          </ns3:TrackPointExtension>
        </extensions>
      </trkpt>
      <trkpt lat="37.51048780046403408050537109375" lon="127.05089849419891834259033203125">
        <ele>55</ele>
        <time>2026-09-17T08:54:11.000Z</time>
        <extensions>
          <ns3:TrackPointExtension>
            <ns3:hr>139</ns3:hr>
            <ns3:cad>82</ns3:cad>
          </ns3:TrackPointExtension>
        </extensions>
      </trkpt>
      <trkpt lat="37.51050339080393314361572265625" lon="127.0508824847638607025146484375">
        <ele>55.200000762939453125</ele>
        <time>2026-09-17T08:54:12.000Z</time>
        <extensions>
          <ns3:TrackPointExtension>
            <ns3:hr>139</ns3:hr>
            <ns3:cad>83</ns3:cad>
          </ns3:TrackPointExtension>
        </extensions>
      </trkpt>
      <trkpt lat="37.5105296261608600616455078125" lon="127.0508573390543460845947265625">
        <ele>55.200000762939453125</ele>
        <time>2026-09-17T08:54:13.000Z</time>
        <extensions>
          <ns3:TrackPointExtension>
            <ns3:hr>139</ns3:hr>
            <ns3:cad>83</ns3:cad>
          </ns3:TrackPointExtension>
        </extensions>
      </trkpt>
      <trkpt lat="37.5105500780045986175537109375" lon="127.05084099434316158294677734375">
        <ele>55.200000762939453125</ele>
        <time>2026-09-17T08:54:14.000Z</time>
        <extensions>
          <ns3:TrackPointExtension>
            <ns3:hr>139</ns3:hr>
            <ns3:cad>83</ns3:cad>
          </ns3:TrackPointExtension>
        </extensions>
      </trkpt>
      <trkpt lat="37.510568015277385711669921875" lon="127.050811909139156341552734375">
        <ele>55.40000152587890625</ele>
        <time>2026-09-17T08:54:15.000Z</time>
        <extensions>
          <ns3:TrackPointExtension>
            <ns3:hr>139</ns3:hr>
            <ns3:cad>83</ns3:cad>
          </ns3:TrackPointExtension>
        </extensions>
      </trkpt>
      <trkpt lat="37.510593831539154052734375" lon="127.050787769258022308349609375">
        <ele>55.40000152587890625</ele>
        <time>2026-09-17T08:54:16.000Z</time>
        <extensions>
          <ns3:TrackPointExtension>
            <ns3:hr>139</ns3:hr>
            <ns3:cad>83</ns3:cad>
          </ns3:TrackPointExtension>
        </extensions>
      </trkpt>
      <trkpt lat="37.5106139481067657470703125" lon="127.0507706701755523681640625">
        <ele>55.40000152587890625</ele>
        <time>2026-09-17T08:54:17.000Z</time>
        <extensions>
          <ns3:TrackPointExtension>
            <ns3:hr>139</ns3:hr>
            <ns3:cad>83</ns3:cad>
          </ns3:TrackPointExtension>
        </extensions>
      </trkpt>
      <trkpt lat="37.5106318853795528411865234375" lon="127.05074829049408435821533203125">
        <ele>55.59999847412109375</ele>
        <time>2026-09-17T08:54:18.000Z</time>
        <extensions>
          <ns3:TrackPointExtension>
            <ns3:hr>139</ns3:hr>
            <ns3:cad>83</ns3:cad>
          </ns3:TrackPointExtension>
        </extensions>
      </trkpt>
      <trkpt lat="37.510658204555511474609375" lon="127.050726413726806640625">
        <ele>55.59999847412109375</ele>
        <time>2026-09-17T08:54:19.000Z</time>
        <extensions>
          <ns3:TrackPointExtension>
            <ns3:hr>139</ns3:hr>
            <ns3:cad>83</ns3:cad>
          </ns3:TrackPointExtension>
        </extensions>
      </trkpt>
      <trkpt lat="37.5106756389141082763671875" lon="127.05070537514984607696533203125">
        <ele>55.59999847412109375</ele>
        <time>2026-09-17T08:54:20.000Z</time>
        <extensions>
          <ns3:TrackPointExtension>
            <ns3:hr>139</ns3:hr>
            <ns3:cad>83</ns3:cad>
          </ns3:TrackPointExtension>
        </extensions>
      </trkpt>
      <trkpt lat="37.510693408548831939697265625" lon="127.05067888833582401275634765625">
        <ele>55.799999237060546875</ele>
        <time>2026-09-17T08:54:21.000Z</time>
        <extensions>
          <ns3:TrackPointExtension>
            <ns3:hr>140</ns3:hr>
            <ns3:cad>83</ns3:cad>
          </ns3:TrackPointExtension>
        </extensions>
      </trkpt>
      <trkpt lat="37.5107185542583465576171875" lon="127.0506571792066097259521484375">
        <ele>56</ele>
        <time>2026-09-17T08:54:22.000Z</time>
        <extensions>
          <ns3:TrackPointExtension>
            <ns3:hr>140</ns3:hr>
            <ns3:cad>83</ns3:cad>
          </ns3:TrackPointExtension>
        </extensions>
      </trkpt>
      <trkpt lat="37.51074068248271942138671875" lon="127.050638906657695770263671875">
        <ele>56</ele>
        <time>2026-09-17T08:54:23.000Z</time>
        <extensions>
          <ns3:TrackPointExtension>
            <ns3:hr>140</ns3:hr>
            <ns3:cad>83</ns3:cad>
          </ns3:TrackPointExtension>
        </extensions>
      </trkpt>
      <trkpt lat="37.51076859422028064727783203125" lon="127.0506152696907520294189453125">
        <ele>56</ele>
        <time>2026-09-17T08:54:24.000Z</time>
        <extensions>
          <ns3:TrackPointExtension>
            <ns3:hr>139</ns3:hr>
            <ns3:cad>83</ns3:cad>
          </ns3:TrackPointExtension>
        </extensions>
      </trkpt>
      <trkpt lat="37.51078871078789234161376953125" lon="127.05059607513248920440673828125">
        <ele>56.200000762939453125</ele>
        <time>2026-09-17T08:54:25.000Z</time>
        <extensions>
          <ns3:TrackPointExtension>
            <ns3:hr>140</ns3:hr>
            <ns3:cad>83</ns3:cad>
          </ns3:TrackPointExtension>
        </extensions>
      </trkpt>
      <trkpt lat="37.51080832444131374359130859375" lon="127.0505663193762302398681640625">
        <ele>56.40000152587890625</ele>
        <time>2026-09-17T08:54:26.000Z</time>
        <extensions>
          <ns3:TrackPointExtension>
            <ns3:hr>140</ns3:hr>
            <ns3:cad>83</ns3:cad>
          </ns3:TrackPointExtension>
        </extensions>
      </trkpt>
      <trkpt lat="37.5108364038169384002685546875" lon="127.0505555905401706695556640625">
        <ele>56.40000152587890625</ele>
        <time>2026-09-17T08:54:27.000Z</time>
        <extensions>
          <ns3:TrackPointExtension>
            <ns3:hr>140</ns3:hr>
            <ns3:cad>83</ns3:cad>
          </ns3:TrackPointExtension>
        </extensions>
      </trkpt>
      <trkpt lat="37.5108526647090911865234375" lon="127.05053673125803470611572265625">
        <ele>56.59999847412109375</ele>
        <time>2026-09-17T08:54:28.000Z</time>
        <extensions>
          <ns3:TrackPointExtension>
            <ns3:hr>140</ns3:hr>
            <ns3:cad>82</ns3:cad>
          </ns3:TrackPointExtension>
        </extensions>
      </trkpt>
      <trkpt lat="37.51087638549506664276123046875" lon="127.05050974152982234954833984375">
        <ele>56.799999237060546875</ele>
        <time>2026-09-17T08:54:29.000Z</time>
        <extensions>
          <ns3:TrackPointExtension>
            <ns3:hr>140</ns3:hr>
            <ns3:cad>82</ns3:cad>
          </ns3:TrackPointExtension>
        </extensions>
      </trkpt>
      <trkpt lat="37.51089331693947315216064453125" lon="127.05048576928675174713134765625">
        <ele>56.799999237060546875</ele>
        <time>2026-09-17T08:54:30.000Z</time>
        <extensions>
          <ns3:TrackPointExtension>
            <ns3:hr>141</ns3:hr>
            <ns3:cad>82</ns3:cad>
          </ns3:TrackPointExtension>
        </extensions>
      </trkpt>
      <trkpt lat="37.510912679135799407958984375" lon="127.05046900548040866851806640625">
        <ele>57</ele>
        <time>2026-09-17T08:54:31.000Z</time>
        <extensions>
          <ns3:TrackPointExtension>
            <ns3:hr>142</ns3:hr>
            <ns3:cad>82</ns3:cad>
          </ns3:TrackPointExtension>
        </extensions>
      </trkpt>
      <trkpt lat="37.5109346397221088409423828125" lon="127.05045081675052642822265625">
        <ele>57</ele>
        <time>2026-09-17T08:54:32.000Z</time>
        <extensions>
          <ns3:TrackPointExtension>
            <ns3:hr>142</ns3:hr>
            <ns3:cad>82</ns3:cad>
          </ns3:TrackPointExtension>
        </extensions>
      </trkpt>
      <trkpt lat="37.5109493918716907501220703125" lon="127.050432376563549041748046875">
        <ele>57.200000762939453125</ele>
        <time>2026-09-17T08:54:33.000Z</time>
        <extensions>
          <ns3:TrackPointExtension>
            <ns3:hr>143</ns3:hr>
            <ns3:cad>82</ns3:cad>
          </ns3:TrackPointExtension>
        </extensions>
      </trkpt>
      <trkpt lat="37.51097344793379306793212890625" lon="127.0504063926637172698974609375">
        <ele>57.40000152587890625</ele>
        <time>2026-09-17T08:54:34.000Z</time>
        <extensions>
          <ns3:TrackPointExtension>
            <ns3:hr>143</ns3:hr>
            <ns3:cad>82</ns3:cad>
          </ns3:TrackPointExtension>
        </extensions>
      </trkpt>
      <trkpt lat="37.5109956599771976470947265625" lon="127.05038786865770816802978515625">
        <ele>57.40000152587890625</ele>
        <time>2026-09-17T08:54:35.000Z</time>
        <extensions>
          <ns3:TrackPointExtension>
            <ns3:hr>143</ns3:hr>
            <ns3:cad>82</ns3:cad>
          </ns3:TrackPointExtension>
        </extensions>
      </trkpt>
      <trkpt lat="37.51101803965866565704345703125" lon="127.05036791972815990447998046875">
        <ele>57.59999847412109375</ele>
        <time>2026-09-17T08:54:36.000Z</time>
        <extensions>
          <ns3:TrackPointExtension>
            <ns3:hr>143</ns3:hr>
            <ns3:cad>82</ns3:cad>
          </ns3:TrackPointExtension>
        </extensions>
      </trkpt>
      <trkpt lat="37.51104905270040035247802734375" lon="127.0503517426550388336181640625">
        <ele>57.799999237060546875</ele>
        <time>2026-09-17T08:54:37.000Z</time>
        <extensions>
          <ns3:TrackPointExtension>
            <ns3:hr>143</ns3:hr>
            <ns3:cad>82</ns3:cad>
          </ns3:TrackPointExtension>
        </extensions>
      </trkpt>
      <trkpt lat="37.51106749288737773895263671875" lon="127.05032877624034881591796875">
        <ele>57.799999237060546875</ele>
        <time>2026-09-17T08:54:38.000Z</time>
        <extensions>
          <ns3:TrackPointExtension>
            <ns3:hr>143</ns3:hr>
            <ns3:cad>82</ns3:cad>
          </ns3:TrackPointExtension>
        </extensions>
      </trkpt>
      <trkpt lat="37.5110875256359577178955078125" lon="127.05030472017824649810791015625">
        <ele>58</ele>
        <time>2026-09-17T08:54:39.000Z</time>
        <extensions>
          <ns3:TrackPointExtension>
            <ns3:hr>144</ns3:hr>
            <ns3:cad>82</ns3:cad>
          </ns3:TrackPointExtension>
        </extensions>
      </trkpt>
      <trkpt lat="37.51111191697418689727783203125" lon="127.050285525619983673095703125">
        <ele>58</ele>
        <time>2026-09-17T08:54:40.000Z</time>
        <extensions>
          <ns3:TrackPointExtension>
            <ns3:hr>144</ns3:hr>
            <ns3:cad>83</ns3:cad>
          </ns3:TrackPointExtension>
        </extensions>
      </trkpt>
      <trkpt lat="37.51113387756049633026123046875" lon="127.0502625592052936553955078125">
        <ele>58.200000762939453125</ele>
        <time>2026-09-17T08:54:41.000Z</time>
        <extensions>
          <ns3:TrackPointExtension>
            <ns3:hr>144</ns3:hr>
            <ns3:cad>83</ns3:cad>
          </ns3:TrackPointExtension>
        </extensions>
      </trkpt>
      <trkpt lat="37.51116120256483554840087890625" lon="127.0502427779138088226318359375">
        <ele>58.40000152587890625</ele>
        <time>2026-09-17T08:54:42.000Z</time>
        <extensions>
          <ns3:TrackPointExtension>
            <ns3:hr>143</ns3:hr>
            <ns3:cad>83</ns3:cad>
          </ns3:TrackPointExtension>
        </extensions>
      </trkpt>
      <trkpt lat="37.51118148677051067352294921875" lon="127.050222493708133697509765625">
        <ele>58.59999847412109375</ele>
        <time>2026-09-17T08:54:43.000Z</time>
        <extensions>
          <ns3:TrackPointExtension>
            <ns3:hr>144</ns3:hr>
            <ns3:cad>83</ns3:cad>
          </ns3:TrackPointExtension>
        </extensions>
      </trkpt>
      <trkpt lat="37.51119665801525115966796875" lon="127.0501971803605556488037109375">
        <ele>58.799999237060546875</ele>
        <time>2026-09-17T08:54:44.000Z</time>
        <extensions>
          <ns3:TrackPointExtension>
            <ns3:hr>144</ns3:hr>
            <ns3:cad>83</ns3:cad>
          </ns3:TrackPointExtension>
        </extensions>
      </trkpt>
      <trkpt lat="37.51121006906032562255859375" lon="127.05016784369945526123046875">
        <ele>58.799999237060546875</ele>
        <time>2026-09-17T08:54:45.000Z</time>
        <extensions>
          <ns3:TrackPointExtension>
            <ns3:hr>144</ns3:hr>
            <ns3:cad>83</ns3:cad>
          </ns3:TrackPointExtension>
        </extensions>
      </trkpt>
      <trkpt lat="37.51121082343161106109619140625" lon="127.050143368542194366455078125">
        <ele>59</ele>
        <time>2026-09-17T08:54:46.000Z</time>
        <extensions>
          <ns3:TrackPointExtension>
            <ns3:hr>144</ns3:hr>
            <ns3:cad>82</ns3:cad>
          </ns3:TrackPointExtension>
        </extensions>
      </trkpt>
      <trkpt lat="37.511205375194549560546875" lon="127.05011629499495029449462890625">
        <ele>59.40000152587890625</ele>
        <time>2026-09-17T08:54:47.000Z</time>
        <extensions>
          <ns3:TrackPointExtension>
            <ns3:hr>145</ns3:hr>
            <ns3:cad>82</ns3:cad>
          </ns3:TrackPointExtension>
        </extensions>
      </trkpt>
      <trkpt lat="37.511200346052646636962890625" lon="127.050078324973583221435546875">
        <ele>59.799999237060546875</ele>
        <time>2026-09-17T08:54:48.000Z</time>
        <extensions>
          <ns3:TrackPointExtension>
            <ns3:hr>145</ns3:hr>
            <ns3:cad>82</ns3:cad>
          </ns3:TrackPointExtension>
        </extensions>
      </trkpt>
      <trkpt lat="37.5111917965114116668701171875" lon="127.05005561001598834991455078125">
        <ele>60.200000762939453125</ele>
        <time>2026-09-17T08:54:49.000Z</time>
        <extensions>
          <ns3:TrackPointExtension>
            <ns3:hr>145</ns3:hr>
            <ns3:cad>81</ns3:cad>
          </ns3:TrackPointExtension>
        </extensions>
      </trkpt>
      <trkpt lat="37.5111825764179229736328125" lon="127.050023339688777923583984375">
        <ele>60.59999847412109375</ele>
        <time>2026-09-17T08:54:50.000Z</time>
        <extensions>
          <ns3:TrackPointExtension>
            <ns3:hr>145</ns3:hr>
            <ns3:cad>81</ns3:cad>
          </ns3:TrackPointExtension>
        </extensions>
      </trkpt>
      <trkpt lat="37.51117494888603687286376953125" lon="127.049999535083770751953125">
        <ele>61.200000762939453125</ele>
        <time>2026-09-17T08:54:51.000Z</time>
        <extensions>
          <ns3:TrackPointExtension>
            <ns3:hr>145</ns3:hr>
            <ns3:cad>79</ns3:cad>
          </ns3:TrackPointExtension>
        </extensions>
      </trkpt>
      <trkpt lat="37.51116388477385044097900390625" lon="127.0499752275645732879638671875">
        <ele>61.59999847412109375</ele>
        <time>2026-09-17T08:54:52.000Z</time>
        <extensions>
          <ns3:TrackPointExtension>
            <ns3:hr>146</ns3:hr>
            <ns3:cad>79</ns3:cad>
          </ns3:TrackPointExtension>
        </extensions>
      </trkpt>
      <trkpt lat="37.51115717925131320953369140625" lon="127.049966342747211456298828125">
        <ele>62</ele>
        <time>2026-09-17T08:54:53.000Z</time>
        <extensions>
          <ns3:TrackPointExtension>
            <ns3:hr>146</ns3:hr>
            <ns3:cad>79</ns3:cad>
          </ns3:TrackPointExtension>
        </extensions>
      </trkpt>
      <trkpt lat="37.51115131191909313201904296875" lon="127.04992644488811492919921875">
        <ele>62.40000152587890625</ele>
        <time>2026-09-17T08:54:54.000Z</time>
        <extensions>
          <ns3:TrackPointExtension>
            <ns3:hr>147</ns3:hr>
            <ns3:cad>79</ns3:cad>
          </ns3:TrackPointExtension>
        </extensions>
      </trkpt>
      <trkpt lat="37.51114561222493648529052734375" lon="127.04990507103502750396728515625">
        <ele>62.799999237060546875</ele>
        <time>2026-09-17T08:54:55.000Z</time>
        <extensions>
          <ns3:TrackPointExtension>
            <ns3:hr>147</ns3:hr>
            <ns3:cad>79</ns3:cad>
          </ns3:TrackPointExtension>
        </extensions>
      </trkpt>
      <trkpt lat="37.51113940961658954620361328125" lon="127.0499044843018054962158203125">
        <ele>63.200000762939453125</ele>
        <time>2026-09-17T08:54:56.000Z</time>
        <extensions>
          <ns3:TrackPointExtension>
            <ns3:hr>147</ns3:hr>
            <ns3:cad>79</ns3:cad>
          </ns3:TrackPointExtension>
        </extensions>
      </trkpt>
      <trkpt lat="37.51113119535148143768310546875" lon="127.0498726330697536468505859375">
        <ele>63.59999847412109375</ele>
        <time>2026-09-17T08:54:57.000Z</time>
        <extensions>
          <ns3:TrackPointExtension>
            <ns3:hr>147</ns3:hr>
            <ns3:cad>78</ns3:cad>
          </ns3:TrackPointExtension>
        </extensions>
      </trkpt>
      <trkpt lat="37.5111260823905467987060546875" lon="127.04984120093286037445068359375">
        <ele>64</ele>
        <time>2026-09-17T08:54:58.000Z</time>
        <extensions>
          <ns3:TrackPointExtension>
            <ns3:hr>148</ns3:hr>
            <ns3:cad>78</ns3:cad>
          </ns3:TrackPointExtension>
        </extensions>
      </trkpt>
      <trkpt lat="37.511119544506072998046875" lon="127.0498283766210079193115234375">
        <ele>64.40000152587890625</ele>
        <time>2026-09-17T08:54:59.000Z</time>
        <extensions>
          <ns3:TrackPointExtension>
            <ns3:hr>148</ns3:hr>
            <ns3:cad>77</ns3:cad>
          </ns3:TrackPointExtension>
        </extensions>
      </trkpt>
      <trkpt lat="37.5111096538603305816650390625" lon="127.0498089306056499481201171875">
        <ele>64.59999847412109375</ele>
        <time>2026-09-17T08:55:00.000Z</time>
        <extensions>
          <ns3:TrackPointExtension>
            <ns3:hr>148</ns3:hr>
            <ns3:cad>77</ns3:cad>
          </ns3:TrackPointExtension>
        </extensions>
      </trkpt>
      <trkpt lat="37.51110219396650791168212890625" lon="127.0497717149555683135986328125">
        <ele>65</ele>
        <time>2026-09-17T08:55:01.000Z</time>
        <extensions>
          <ns3:TrackPointExtension>
            <ns3:hr>148</ns3:hr>
            <ns3:cad>77</ns3:cad>
          </ns3:TrackPointExtension>
        </extensions>
      </trkpt>
      <trkpt lat="37.511094398796558380126953125" lon="127.04975101165473461151123046875">
        <ele>65.40000152587890625</ele>
        <time>2026-09-17T08:55:02.000Z</time>
        <extensions>
          <ns3:TrackPointExtension>
            <ns3:hr>148</ns3:hr>
            <ns3:cad>78</ns3:cad>
          </ns3:TrackPointExtension>
        </extensions>
      </trkpt>
      <trkpt lat="37.511086352169513702392578125" lon="127.04972972162067890167236328125">
        <ele>66</ele>
        <time>2026-09-17T08:55:03.000Z</time>
        <extensions>
          <ns3:TrackPointExtension>
            <ns3:hr>148</ns3:hr>
            <ns3:cad>78</ns3:cad>
          </ns3:TrackPointExtension>
        </extensions>
      </trkpt>
      <trkpt lat="37.51107101328670978546142578125" lon="127.049701474606990814208984375">
        <ele>66.40000152587890625</ele>
        <time>2026-09-17T08:55:04.000Z</time>
        <extensions>
          <ns3:TrackPointExtension>
            <ns3:hr>148</ns3:hr>
            <ns3:cad>78</ns3:cad>
          </ns3:TrackPointExtension>
        </extensions>
      </trkpt>
      <trkpt lat="37.51105575822293758392333984375" lon="127.04966786317527294158935546875">
        <ele>66.8000030517578125</ele>
        <time>2026-09-17T08:55:05.000Z</time>
        <extensions>
          <ns3:TrackPointExtension>
            <ns3:hr>149</ns3:hr>
            <ns3:cad>77</ns3:cad>
          </ns3:TrackPointExtension>
        </extensions>
      </trkpt>
      <trkpt lat="37.5110486336052417755126953125" lon="127.04966048710048198699951171875">
        <ele>67.1999969482421875</ele>
        <time>2026-09-17T08:55:06.000Z</time>
        <extensions>
          <ns3:TrackPointExtension>
            <ns3:hr>149</ns3:hr>
            <ns3:cad>77</ns3:cad>
          </ns3:TrackPointExtension>
        </extensions>
      </trkpt>
      <trkpt lat="37.51103547401726245880126953125" lon="127.04963752068579196929931640625">
        <ele>67.59999847412109375</ele>
        <time>2026-09-17T08:55:07.000Z</time>
        <extensions>
          <ns3:TrackPointExtension>
            <ns3:hr>149</ns3:hr>
            <ns3:cad>77</ns3:cad>
          </ns3:TrackPointExtension>
        </extensions>
      </trkpt>
      <trkpt lat="37.51103103160858154296875" lon="127.04960768111050128936767578125">
        <ele>68</ele>
        <time>2026-09-17T08:55:08.000Z</time>
        <extensions>
          <ns3:TrackPointExtension>
            <ns3:hr>149</ns3:hr>
            <ns3:cad>77</ns3:cad>
          </ns3:TrackPointExtension>
        </extensions>
      </trkpt>
      <trkpt lat="37.5110241584479808807373046875" lon="127.04959116876125335693359375">
        <ele>68.40000152587890625</ele>
        <time>2026-09-17T08:55:09.000Z</time>
        <extensions>
          <ns3:TrackPointExtension>
            <ns3:hr>149</ns3:hr>
            <ns3:cad>77</ns3:cad>
          </ns3:TrackPointExtension>
        </extensions>
      </trkpt>
      <trkpt lat="37.5110177882015705108642578125" lon="127.0495744049549102783203125">
        <ele>68.8000030517578125</ele>
        <time>2026-09-17T08:55:10.000Z</time>
        <extensions>
          <ns3:TrackPointExtension>
            <ns3:hr>149</ns3:hr>
            <ns3:cad>77</ns3:cad>
          </ns3:TrackPointExtension>
        </extensions>
      </trkpt>
      <trkpt lat="37.51101166941225528717041015625" lon="127.049547247588634490966796875">
        <ele>69.1999969482421875</ele>
        <time>2026-09-17T08:55:11.000Z</time>
        <extensions>
          <ns3:TrackPointExtension>
            <ns3:hr>149</ns3:hr>
            <ns3:cad>77</ns3:cad>
          </ns3:TrackPointExtension>
        </extensions>
      </trkpt>
      <trkpt lat="37.511006891727447509765625" lon="127.04952905885875225067138671875">
        <ele>69.59999847412109375</ele>
        <time>2026-09-17T08:55:12.000Z</time>
        <extensions>
          <ns3:TrackPointExtension>
            <ns3:hr>150</ns3:hr>
            <ns3:cad>78</ns3:cad>
          </ns3:TrackPointExtension>
        </extensions>
      </trkpt>
      <trkpt lat="37.51100622117519378662109375" lon="127.04950994811952114105224609375">
        <ele>69.8000030517578125</ele>
        <time>2026-09-17T08:55:13.000Z</time>
        <extensions>
          <ns3:TrackPointExtension>
            <ns3:hr>150</ns3:hr>
            <ns3:cad>78</ns3:cad>
          </ns3:TrackPointExtension>
        </extensions>
      </trkpt>
      <trkpt lat="37.51100161112844944000244140625" lon="127.0494877360761165618896484375">
        <ele>70.1999969482421875</ele>
        <time>2026-09-17T08:55:14.000Z</time>
        <extensions>
          <ns3:TrackPointExtension>
            <ns3:hr>151</ns3:hr>
            <ns3:cad>78</ns3:cad>
          </ns3:TrackPointExtension>
        </extensions>
      </trkpt>
      <trkpt lat="37.5109959952533245086669921875" lon="127.049463428556919097900390625">
        <ele>70.1999969482421875</ele>
        <time>2026-09-17T08:55:15.000Z</time>
        <extensions>
          <ns3:TrackPointExtension>
            <ns3:hr>151</ns3:hr>
            <ns3:cad>78</ns3:cad>
          </ns3:TrackPointExtension>
        </extensions>
      </trkpt>
      <trkpt lat="37.5109852664172649383544921875" lon="127.0494478382170200347900390625">
        <ele>70.59999847412109375</ele>
        <time>2026-09-17T08:55:16.000Z</time>
        <extensions>
          <ns3:TrackPointExtension>
            <ns3:hr>152</ns3:hr>
            <ns3:cad>78</ns3:cad>
          </ns3:TrackPointExtension>
        </extensions>
      </trkpt>
      <trkpt lat="37.5109706819057464599609375" lon="127.04942227341234683990478515625">
        <ele>70.8000030517578125</ele>
        <time>2026-09-17T08:55:17.000Z</time>
        <extensions>
          <ns3:TrackPointExtension>
            <ns3:hr>152</ns3:hr>
            <ns3:cad>77</ns3:cad>
          </ns3:TrackPointExtension>
        </extensions>
      </trkpt>
      <trkpt lat="37.51096070744097232818603515625" lon="127.049391679465770721435546875">
        <ele>71</ele>
        <time>2026-09-17T08:55:18.000Z</time>
        <extensions>
          <ns3:TrackPointExtension>
            <ns3:hr>153</ns3:hr>
            <ns3:cad>79</ns3:cad>
          </ns3:TrackPointExtension>
        </extensions>
      </trkpt>
      <trkpt lat="37.5109477154910564422607421875" lon="127.0493705570697784423828125">
        <ele>71.1999969482421875</ele>
        <time>2026-09-17T08:55:19.000Z</time>
        <extensions>
          <ns3:TrackPointExtension>
            <ns3:hr>153</ns3:hr>
            <ns3:cad>79</ns3:cad>
          </ns3:TrackPointExtension>
        </extensions>
      </trkpt>
      <trkpt lat="37.51093908213078975677490234375" lon="127.0493308268487453460693359375">
        <ele>71.40000152587890625</ele>
        <time>2026-09-17T08:55:20.000Z</time>
        <extensions>
          <ns3:TrackPointExtension>
            <ns3:hr>153</ns3:hr>
            <ns3:cad>80</ns3:cad>
          </ns3:TrackPointExtension>
        </extensions>
      </trkpt>
      <trkpt lat="37.51093891449272632598876953125" lon="127.04929453320801258087158203125">
        <ele>71.40000152587890625</ele>
        <time>2026-09-17T08:55:21.000Z</time>
        <extensions>
          <ns3:TrackPointExtension>
            <ns3:hr>154</ns3:hr>
            <ns3:cad>80</ns3:cad>
          </ns3:TrackPointExtension>
        </extensions>
      </trkpt>
      <trkpt lat="37.51093539409339427947998046875" lon="127.04926821403205394744873046875">
        <ele>71.59999847412109375</ele>
        <time>2026-09-17T08:55:22.000Z</time>
        <extensions>
          <ns3:TrackPointExtension>
            <ns3:hr>154</ns3:hr>
            <ns3:cad>80</ns3:cad>
          </ns3:TrackPointExtension>
        </extensions>
      </trkpt>
      <trkpt lat="37.5109319575130939483642578125" lon="127.0492309145629405975341796875">
        <ele>71.59999847412109375</ele>
        <time>2026-09-17T08:55:23.000Z</time>
        <extensions>
          <ns3:TrackPointExtension>
            <ns3:hr>154</ns3:hr>
            <ns3:cad>81</ns3:cad>
          </ns3:TrackPointExtension>
        </extensions>
      </trkpt>
      <trkpt lat="37.51093153841793537139892578125" lon="127.049202583730220794677734375">
        <ele>71.59999847412109375</ele>
        <time>2026-09-17T08:55:24.000Z</time>
        <extensions>
          <ns3:TrackPointExtension>
            <ns3:hr>155</ns3:hr>
            <ns3:cad>81</ns3:cad>
          </ns3:TrackPointExtension>
        </extensions>
      </trkpt>
      <trkpt lat="37.51092717982828617095947265625" lon="127.049167715013027191162109375">
        <ele>71.40000152587890625</ele>
        <time>2026-09-17T08:55:25.000Z</time>
        <extensions>
          <ns3:TrackPointExtension>
            <ns3:hr>155</ns3:hr>
            <ns3:cad>81</ns3:cad>
          </ns3:TrackPointExtension>
        </extensions>
      </trkpt>
      <trkpt lat="37.51092500053346157073974609375" lon="127.0491291582584381103515625">
        <ele>71.40000152587890625</ele>
        <time>2026-09-17T08:55:26.000Z</time>
        <extensions>
          <ns3:TrackPointExtension>
            <ns3:hr>155</ns3:hr>
            <ns3:cad>81</ns3:cad>
          </ns3:TrackPointExtension>
        </extensions>
      </trkpt>
      <trkpt lat="37.5109178759157657623291015625" lon="127.049106694757938385009765625">
        <ele>71</ele>
        <time>2026-09-17T08:55:27.000Z</time>
        <extensions>
          <ns3:TrackPointExtension>
            <ns3:hr>155</ns3:hr>
            <ns3:cad>80</ns3:cad>
          </ns3:TrackPointExtension>
        </extensions>
      </trkpt>
      <trkpt lat="37.510907314717769622802734375" lon="127.04907408915460109710693359375">
        <ele>70.40000152587890625</ele>
        <time>2026-09-17T08:55:28.000Z</time>
        <extensions>
          <ns3:TrackPointExtension>
            <ns3:hr>155</ns3:hr>
            <ns3:cad>80</ns3:cad>
          </ns3:TrackPointExtension>
        </extensions>
      </trkpt>
      <trkpt lat="37.5108955800533294677734375" lon="127.04904927872121334075927734375">
        <ele>69.59999847412109375</ele>
        <time>2026-09-17T08:55:29.000Z</time>
        <extensions>
          <ns3:TrackPointExtension>
            <ns3:hr>156</ns3:hr>
            <ns3:cad>80</ns3:cad>
          </ns3:TrackPointExtension>
        </extensions>
      </trkpt>
      <trkpt lat="37.5108853541314601898193359375" lon="127.04901725985109806060791015625">
        <ele>69</ele>
        <time>2026-09-17T08:55:30.000Z</time>
        <extensions>
          <ns3:TrackPointExtension>
            <ns3:hr>155</ns3:hr>
            <ns3:cad>90</ns3:cad>
          </ns3:TrackPointExtension>
        </extensions>
      </trkpt>
      <trkpt lat="37.51086683012545108795166015625" lon="127.04898255877196788787841796875">
        <ele>68.40000152587890625</ele>
        <time>2026-09-17T08:55:31.000Z</time>
        <extensions>
          <ns3:TrackPointExtension>
            <ns3:hr>155</ns3:hr>
            <ns3:cad>90</ns3:cad>
          </ns3:TrackPointExtension>
        </extensions>
      </trkpt>
      <trkpt lat="37.51085375435650348663330078125" lon="127.0489574968814849853515625">
        <ele>68</ele>
        <time>2026-09-17T08:55:32.000Z</time>
        <extensions>
          <ns3:TrackPointExtension>
            <ns3:hr>155</ns3:hr>
            <ns3:cad>90</ns3:cad>
          </ns3:TrackPointExtension>
        </extensions>
      </trkpt>
      <trkpt lat="37.51083749346435070037841796875" lon="127.04892053268849849700927734375">
        <ele>67.40000152587890625</ele>
        <time>2026-09-17T08:55:33.000Z</time>
        <extensions>
          <ns3:TrackPointExtension>
            <ns3:hr>154</ns3:hr>
            <ns3:cad>0</ns3:cad>
          </ns3:TrackPointExtension>
        </extensions>
      </trkpt>
      <trkpt lat="37.5108256749808788299560546875" lon="127.04889471642673015594482421875">
        <ele>67.1999969482421875</ele>
        <time>2026-09-17T08:55:34.000Z</time>
        <extensions>
          <ns3:TrackPointExtension>
            <ns3:hr>154</ns3:hr>
            <ns3:cad>0</ns3:cad>
          </ns3:TrackPointExtension>
        </extensions>
      </trkpt>
      <trkpt lat="37.51081553287804126739501953125" lon="127.048853226006031036376953125">
        <ele>67</ele>
        <time>2026-09-17T08:55:35.000Z</time>
        <extensions>
          <ns3:TrackPointExtension>
            <ns3:hr>154</ns3:hr>
            <ns3:cad>0</ns3:cad>
          </ns3:TrackPointExtension>
        </extensions>
      </trkpt>
      <trkpt lat="37.5108062289655208587646484375" lon="127.04881793819367885589599609375">
        <ele>66.8000030517578125</ele>
        <time>2026-09-17T08:55:36.000Z</time>
        <extensions>
          <ns3:TrackPointExtension>
            <ns3:hr>154</ns3:hr>
            <ns3:cad>0</ns3:cad>
          </ns3:TrackPointExtension>
        </extensions>
      </trkpt>
      <trkpt lat="37.51079843379557132720947265625" lon="127.0487833209335803985595703125">
        <ele>66.8000030517578125</ele>
        <time>2026-09-17T08:55:37.000Z</time>
        <extensions>
          <ns3:TrackPointExtension>
            <ns3:hr>154</ns3:hr>
            <ns3:cad>0</ns3:cad>
          </ns3:TrackPointExtension>
        </extensions>
      </trkpt>
      <trkpt lat="37.5107874535024166107177734375" lon="127.0487447641789913177490234375">
        <ele>66.8000030517578125</ele>
        <time>2026-09-17T08:55:38.000Z</time>
        <extensions>
          <ns3:TrackPointExtension>
            <ns3:hr>153</ns3:hr>
            <ns3:cad>88</ns3:cad>
          </ns3:TrackPointExtension>
        </extensions>
      </trkpt>
      <trkpt lat="37.5107767246663570404052734375" lon="127.04871769063174724578857421875">
        <ele>66.8000030517578125</ele>
        <time>2026-09-17T08:55:39.000Z</time>
        <extensions>
          <ns3:TrackPointExtension>
            <ns3:hr>153</ns3:hr>
            <ns3:cad>85</ns3:cad>
          </ns3:TrackPointExtension>
        </extensions>
      </trkpt>
      <trkpt lat="37.51075987704098224639892578125" lon="127.04869036562740802764892578125">
        <ele>67</ele>
        <time>2026-09-17T08:55:40.000Z</time>
        <extensions>
          <ns3:TrackPointExtension>
            <ns3:hr>153</ns3:hr>
            <ns3:cad>85</ns3:cad>
          </ns3:TrackPointExtension>
        </extensions>
      </trkpt>
      <trkpt lat="37.51075183041393756866455078125" lon="127.0486609451472759246826171875">
        <ele>67</ele>
        <time>2026-09-17T08:55:41.000Z</time>
        <extensions>
          <ns3:TrackPointExtension>
            <ns3:hr>153</ns3:hr>
            <ns3:cad>83</ns3:cad>
          </ns3:TrackPointExtension>
        </extensions>
      </trkpt>
      <trkpt lat="37.51074143685400485992431640625" lon="127.0486280880868434906005859375">
        <ele>67</ele>
        <time>2026-09-17T08:55:42.000Z</time>
        <extensions>
          <ns3:TrackPointExtension>
            <ns3:hr>153</ns3:hr>
            <ns3:cad>83</ns3:cad>
          </ns3:TrackPointExtension>
        </extensions>
      </trkpt>
      <trkpt lat="37.51072936691343784332275390625" lon="127.048588357865810394287109375">
        <ele>67</ele>
        <time>2026-09-17T08:55:43.000Z</time>
        <extensions>
          <ns3:TrackPointExtension>
            <ns3:hr>153</ns3:hr>
            <ns3:cad>83</ns3:cad>
          </ns3:TrackPointExtension>
        </extensions>
      </trkpt>
      <trkpt lat="37.51072048209607601165771484375" lon="127.0485605299472808837890625">
        <ele>67</ele>
        <time>2026-09-17T08:55:44.000Z</time>
        <extensions>
          <ns3:TrackPointExtension>
            <ns3:hr>153</ns3:hr>
            <ns3:cad>83</ns3:cad>
          </ns3:TrackPointExtension>
        </extensions>
      </trkpt>
      <trkpt lat="37.51071042381227016448974609375" lon="127.048522643744945526123046875">
        <ele>67</ele>
        <time>2026-09-17T08:55:45.000Z</time>
        <extensions>
          <ns3:TrackPointExtension>
            <ns3:hr>153</ns3:hr>
            <ns3:cad>83</ns3:cad>
          </ns3:TrackPointExtension>
        </extensions>
      </trkpt>
      <trkpt lat="37.51070371828973293304443359375" lon="127.04848383553326129913330078125">
        <ele>67.1999969482421875</ele>
        <time>2026-09-17T08:55:46.000Z</time>
        <extensions>
          <ns3:TrackPointExtension>
            <ns3:hr>153</ns3:hr>
            <ns3:cad>83</ns3:cad>
          </ns3:TrackPointExtension>
        </extensions>
      </trkpt>
      <trkpt lat="37.51069298945367336273193359375" lon="127.048455588519573211669921875">
        <ele>67.1999969482421875</ele>
        <time>2026-09-17T08:55:47.000Z</time>
        <extensions>
          <ns3:TrackPointExtension>
            <ns3:hr>153</ns3:hr>
            <ns3:cad>84</ns3:cad>
          </ns3:TrackPointExtension>
        </extensions>
      </trkpt>
      <trkpt lat="37.51068293116986751556396484375" lon="127.04841275699436664581298828125">
        <ele>67</ele>
        <time>2026-09-17T08:55:48.000Z</time>
        <extensions>
          <ns3:TrackPointExtension>
            <ns3:hr>153</ns3:hr>
            <ns3:cad>84</ns3:cad>
          </ns3:TrackPointExtension>
        </extensions>
      </trkpt>
      <trkpt lat="37.5106741301715373992919921875" lon="127.0483856834471225738525390625">
        <ele>67</ele>
        <time>2026-09-17T08:55:49.000Z</time>
        <extensions>
          <ns3:TrackPointExtension>
            <ns3:hr>152</ns3:hr>
            <ns3:cad>84</ns3:cad>
          </ns3:TrackPointExtension>
        </extensions>
      </trkpt>
      <trkpt lat="37.51066314987838268280029296875" lon="127.04835726879537105560302734375">
        <ele>67</ele>
        <time>2026-09-17T08:55:50.000Z</time>
        <extensions>
          <ns3:TrackPointExtension>
            <ns3:hr>151</ns3:hr>
            <ns3:cad>83</ns3:cad>
          </ns3:TrackPointExtension>
        </extensions>
      </trkpt>
      <trkpt lat="37.51065560616552829742431640625" lon="127.04831846058368682861328125">
        <ele>67</ele>
        <time>2026-09-17T08:55:51.000Z</time>
        <extensions>
          <ns3:TrackPointExtension>
            <ns3:hr>151</ns3:hr>
            <ns3:cad>83</ns3:cad>
          </ns3:TrackPointExtension>
        </extensions>
      </trkpt>
      <trkpt lat="37.510645799338817596435546875" lon="127.04829323105514049530029296875">
        <ele>67</ele>
        <time>2026-09-17T08:55:52.000Z</time>
        <extensions>
          <ns3:TrackPointExtension>
            <ns3:hr>151</ns3:hr>
            <ns3:cad>83</ns3:cad>
          </ns3:TrackPointExtension>
        </extensions>
      </trkpt>
      <trkpt lat="37.51063331030309200286865234375" lon="127.04825517721474170684814453125">
        <ele>67</ele>
        <time>2026-09-17T08:55:53.000Z</time>
        <extensions>
          <ns3:TrackPointExtension>
            <ns3:hr>150</ns3:hr>
            <ns3:cad>83</ns3:cad>
          </ns3:TrackPointExtension>
        </extensions>
      </trkpt>
      <trkpt lat="37.5106241740286350250244140625" lon="127.048231624066829681396484375">
        <ele>67.1999969482421875</ele>
        <time>2026-09-17T08:55:54.000Z</time>
        <extensions>
          <ns3:TrackPointExtension>
            <ns3:hr>150</ns3:hr>
            <ns3:cad>83</ns3:cad>
          </ns3:TrackPointExtension>
        </extensions>
      </trkpt>
      <trkpt lat="37.51061587594449520111083984375" lon="127.0481992699205875396728515625">
        <ele>67.1999969482421875</ele>
        <time>2026-09-17T08:55:55.000Z</time>
        <extensions>
          <ns3:TrackPointExtension>
            <ns3:hr>150</ns3:hr>
            <ns3:cad>83</ns3:cad>
          </ns3:TrackPointExtension>
        </extensions>
      </trkpt>
      <trkpt lat="37.51060162670910358428955078125" lon="127.04815979115664958953857421875">
        <ele>67.40000152587890625</ele>
        <time>2026-09-17T08:55:56.000Z</time>
        <extensions>
          <ns3:TrackPointExtension>
            <ns3:hr>150</ns3:hr>
            <ns3:cad>83</ns3:cad>
          </ns3:TrackPointExtension>
        </extensions>
      </trkpt>
      <trkpt lat="37.510593496263027191162109375" lon="127.04813431017100811004638671875">
        <ele>67.40000152587890625</ele>
        <time>2026-09-17T08:55:57.000Z</time>
        <extensions>
          <ns3:TrackPointExtension>
            <ns3:hr>151</ns3:hr>
            <ns3:cad>83</ns3:cad>
          </ns3:TrackPointExtension>
        </extensions>
      </trkpt>
      <trkpt lat="37.51058670692145824432373046875" lon="127.0480980165302753448486328125">
        <ele>67.8000030517578125</ele>
        <time>2026-09-17T08:55:58.000Z</time>
        <extensions>
          <ns3:TrackPointExtension>
            <ns3:hr>150</ns3:hr>
            <ns3:cad>83</ns3:cad>
          </ns3:TrackPointExtension>
        </extensions>
      </trkpt>
      <trkpt lat="37.5105817615985870361328125" lon="127.048070020973682403564453125">
        <ele>68</ele>
        <time>2026-09-17T08:55:59.000Z</time>
        <extensions>
          <ns3:TrackPointExtension>
            <ns3:hr>150</ns3:hr>
            <ns3:cad>83</ns3:cad>
          </ns3:TrackPointExtension>
        </extensions>
      </trkpt>
      <trkpt lat="37.510575391352176666259765625" lon="127.04804076813161373138427734375">
        <ele>68.40000152587890625</ele>
        <time>2026-09-17T08:56:00.000Z</time>
        <extensions>
          <ns3:TrackPointExtension>
            <ns3:hr>149</ns3:hr>
            <ns3:cad>83</ns3:cad>
          </ns3:TrackPointExtension>
        </extensions>
      </trkpt>
      <trkpt lat="37.51056524924933910369873046875" lon="127.04800757579505443572998046875">
        <ele>68.8000030517578125</ele>
        <time>2026-09-17T08:56:01.000Z</time>
        <extensions>
          <ns3:TrackPointExtension>
            <ns3:hr>149</ns3:hr>
            <ns3:cad>83</ns3:cad>
          </ns3:TrackPointExtension>
        </extensions>
      </trkpt>
      <trkpt lat="37.51055368222296237945556640625" lon="127.047979496419429779052734375">
        <ele>69.40000152587890625</ele>
        <time>2026-09-17T08:56:02.000Z</time>
        <extensions>
          <ns3:TrackPointExtension>
            <ns3:hr>149</ns3:hr>
            <ns3:cad>83</ns3:cad>
          </ns3:TrackPointExtension>
        </extensions>
      </trkpt>
      <trkpt lat="37.51054664142429828643798828125" lon="127.0479639060795307159423828125">
        <ele>69.8000030517578125</ele>
        <time>2026-09-17T08:56:03.000Z</time>
        <extensions>
          <ns3:TrackPointExtension>
            <ns3:hr>149</ns3:hr>
            <ns3:cad>83</ns3:cad>
          </ns3:TrackPointExtension>
        </extensions>
      </trkpt>
      <trkpt lat="37.51054211519658565521240234375" lon="127.04793917946517467498779296875">
        <ele>70.1999969482421875</ele>
        <time>2026-09-17T08:56:04.000Z</time>
        <extensions>
          <ns3:TrackPointExtension>
            <ns3:hr>149</ns3:hr>
            <ns3:cad>83</ns3:cad>
          </ns3:TrackPointExtension>
        </extensions>
      </trkpt>
      <trkpt lat="37.5105336494743824005126953125" lon="127.0479047298431396484375">
        <ele>70.40000152587890625</ele>
        <time>2026-09-17T08:56:05.000Z</time>
        <extensions>
          <ns3:TrackPointExtension>
            <ns3:hr>149</ns3:hr>
            <ns3:cad>81</ns3:cad>
          </ns3:TrackPointExtension>
        </extensions>
      </trkpt>
      <trkpt lat="37.51053356565535068511962890625" lon="127.0478861220180988311767578125">
        <ele>70.8000030517578125</ele>
        <time>2026-09-17T08:56:06.000Z</time>
        <extensions>
          <ns3:TrackPointExtension>
            <ns3:hr>149</ns3:hr>
            <ns3:cad>81</ns3:cad>
          </ns3:TrackPointExtension>
        </extensions>
      </trkpt>
      <trkpt lat="37.5105281174182891845703125" lon="127.04784647561609745025634765625">
        <ele>71</ele>
        <time>2026-09-17T08:56:07.000Z</time>
        <extensions>
          <ns3:TrackPointExtension>
            <ns3:hr>148</ns3:hr>
            <ns3:cad>81</ns3:cad>
          </ns3:TrackPointExtension>
        </extensions>
      </trkpt>
      <trkpt lat="37.5105262733995914459228515625" lon="127.0478160493075847625732421875">
        <ele>71.1999969482421875</ele>
        <time>2026-09-17T08:56:08.000Z</time>
        <extensions>
          <ns3:TrackPointExtension>
            <ns3:hr>149</ns3:hr>
            <ns3:cad>80</ns3:cad>
          </ns3:TrackPointExtension>
        </extensions>
      </trkpt>
      <trkpt lat="37.5105108506977558135986328125" lon="127.0478014647960662841796875">
        <ele>71.40000152587890625</ele>
        <time>2026-09-17T08:56:09.000Z</time>
        <extensions>
          <ns3:TrackPointExtension>
            <ns3:hr>149</ns3:hr>
            <ns3:cad>80</ns3:cad>
          </ns3:TrackPointExtension>
        </extensions>
      </trkpt>
      <trkpt lat="37.5104986131191253662109375" lon="127.0477664284408092498779296875">
        <ele>71.59999847412109375</ele>
        <time>2026-09-17T08:56:10.000Z</time>
        <extensions>
          <ns3:TrackPointExtension>
            <ns3:hr>150</ns3:hr>
            <ns3:cad>80</ns3:cad>
          </ns3:TrackPointExtension>
        </extensions>
      </trkpt>
      <trkpt lat="37.5104873813688755035400390625" lon="127.0477426238358020782470703125">
        <ele>71.8000030517578125</ele>
        <time>2026-09-17T08:56:11.000Z</time>
        <extensions>
          <ns3:TrackPointExtension>
            <ns3:hr>150</ns3:hr>
            <ns3:cad>80</ns3:cad>
          </ns3:TrackPointExtension>
        </extensions>
      </trkpt>
      <trkpt lat="37.51047723926603794097900390625" lon="127.04771571792662143707275390625">
        <ele>72</ele>
        <time>2026-09-17T08:56:12.000Z</time>
        <extensions>
          <ns3:TrackPointExtension>
            <ns3:hr>151</ns3:hr>
            <ns3:cad>80</ns3:cad>
          </ns3:TrackPointExtension>
        </extensions>
      </trkpt>
      <trkpt lat="37.51046818681061267852783203125" lon="127.0476866327226161956787109375">
        <ele>72</ele>
        <time>2026-09-17T08:56:13.000Z</time>
        <extensions>
          <ns3:TrackPointExtension>
            <ns3:hr>151</ns3:hr>
            <ns3:cad>80</ns3:cad>
          </ns3:TrackPointExtension>
        </extensions>
      </trkpt>
      <trkpt lat="37.51045829616487026214599609375" lon="127.04766358248889446258544921875">
        <ele>72</ele>
        <time>2026-09-17T08:56:14.000Z</time>
        <extensions>
          <ns3:TrackPointExtension>
            <ns3:hr>151</ns3:hr>
            <ns3:cad>80</ns3:cad>
          </ns3:TrackPointExtension>
        </extensions>
      </trkpt>
      <trkpt lat="37.51044941134750843048095703125" lon="127.047638855874538421630859375">
        <ele>72.1999969482421875</ele>
        <time>2026-09-17T08:56:15.000Z</time>
        <extensions>
          <ns3:TrackPointExtension>
            <ns3:hr>151</ns3:hr>
            <ns3:cad>80</ns3:cad>
          </ns3:TrackPointExtension>
        </extensions>
      </trkpt>
      <trkpt lat="37.51044622622430324554443359375" lon="127.04760440625250339508056640625">
        <ele>72.1999969482421875</ele>
        <time>2026-09-17T08:56:16.000Z</time>
        <extensions>
          <ns3:TrackPointExtension>
            <ns3:hr>152</ns3:hr>
            <ns3:cad>80</ns3:cad>
          </ns3:TrackPointExtension>
        </extensions>
      </trkpt>
      <trkpt lat="37.51044387929141521453857421875" lon="127.0475815236568450927734375">
        <ele>72.40000152587890625</ele>
        <time>2026-09-17T08:56:17.000Z</time>
        <extensions>
          <ns3:TrackPointExtension>
            <ns3:hr>152</ns3:hr>
            <ns3:cad>81</ns3:cad>
          </ns3:TrackPointExtension>
        </extensions>
      </trkpt>
      <trkpt lat="37.5104369223117828369140625" lon="127.047551013529300689697265625">
        <ele>72.59999847412109375</ele>
        <time>2026-09-17T08:56:18.000Z</time>
        <extensions>
          <ns3:TrackPointExtension>
            <ns3:hr>153</ns3:hr>
            <ns3:cad>81</ns3:cad>
          </ns3:TrackPointExtension>
        </extensions>
      </trkpt>
      <trkpt lat="37.51043356955051422119140625" lon="127.0475198328495025634765625">
        <ele>72.59999847412109375</ele>
        <time>2026-09-17T08:56:19.000Z</time>
        <extensions>
          <ns3:TrackPointExtension>
            <ns3:hr>153</ns3:hr>
            <ns3:cad>81</ns3:cad>
          </ns3:TrackPointExtension>
        </extensions>
      </trkpt>
      <trkpt lat="37.51042678020894527435302734375" lon="127.04749611206352710723876953125">
        <ele>72.8000030517578125</ele>
        <time>2026-09-17T08:56:20.000Z</time>
        <extensions>
          <ns3:TrackPointExtension>
            <ns3:hr>153</ns3:hr>
            <ns3:cad>81</ns3:cad>
          </ns3:TrackPointExtension>
        </extensions>
      </trkpt>
      <trkpt lat="37.510417811572551727294921875" lon="127.04746224917471408843994140625">
        <ele>72.59999847412109375</ele>
        <time>2026-09-17T08:56:21.000Z</time>
        <extensions>
          <ns3:TrackPointExtension>
            <ns3:hr>153</ns3:hr>
            <ns3:cad>81</ns3:cad>
          </ns3:TrackPointExtension>
        </extensions>
      </trkpt>
      <trkpt lat="37.5104122795164585113525390625" lon="127.04743542708456516265869140625">
        <ele>72.59999847412109375</ele>
        <time>2026-09-17T08:56:22.000Z</time>
        <extensions>
          <ns3:TrackPointExtension>
            <ns3:hr>153</ns3:hr>
            <ns3:cad>81</ns3:cad>
          </ns3:TrackPointExtension>
        </extensions>
      </trkpt>
      <trkpt lat="37.5104035623371601104736328125" lon="127.047407515347003936767578125">
        <ele>72.40000152587890625</ele>
        <time>2026-09-17T08:56:23.000Z</time>
        <extensions>
          <ns3:TrackPointExtension>
            <ns3:hr>153</ns3:hr>
            <ns3:cad>81</ns3:cad>
          </ns3:TrackPointExtension>
        </extensions>
      </trkpt>
      <trkpt lat="37.51039928756654262542724609375" lon="127.04736937768757343292236328125">
        <ele>72.40000152587890625</ele>
        <time>2026-09-17T08:56:24.000Z</time>
        <extensions>
          <ns3:TrackPointExtension>
            <ns3:hr>153</ns3:hr>
            <ns3:cad>81</ns3:cad>
          </ns3:TrackPointExtension>
        </extensions>
      </trkpt>
      <trkpt lat="37.5103867985308170318603515625" lon="127.04735278151929378509521484375">
        <ele>72.40000152587890625</ele>
        <time>2026-09-17T08:56:25.000Z</time>
        <extensions>
          <ns3:TrackPointExtension>
            <ns3:hr>153</ns3:hr>
            <ns3:cad>81</ns3:cad>
          </ns3:TrackPointExtension>
        </extensions>
      </trkpt>
      <trkpt lat="37.51037187874317169189453125" lon="127.04732595942914485931396484375">
        <ele>72.40000152587890625</ele>
        <time>2026-09-17T08:56:26.000Z</time>
        <extensions>
          <ns3:TrackPointExtension>
            <ns3:hr>153</ns3:hr>
            <ns3:cad>81</ns3:cad>
          </ns3:TrackPointExtension>
        </extensions>
      </trkpt>
      <trkpt lat="37.510363161563873291015625" lon="127.04728773795068264007568359375">
        <ele>72.40000152587890625</ele>
        <time>2026-09-17T08:56:27.000Z</time>
        <extensions>
          <ns3:TrackPointExtension>
            <ns3:hr>153</ns3:hr>
            <ns3:cad>81</ns3:cad>
          </ns3:TrackPointExtension>
        </extensions>
      </trkpt>
      <trkpt lat="37.51035050489008426666259765625" lon="127.047264687716960906982421875">
        <ele>72.40000152587890625</ele>
        <time>2026-09-17T08:56:28.000Z</time>
        <extensions>
          <ns3:TrackPointExtension>
            <ns3:hr>152</ns3:hr>
            <ns3:cad>82</ns3:cad>
          </ns3:TrackPointExtension>
        </extensions>
      </trkpt>
      <trkpt lat="37.510338686406612396240234375" lon="127.0472229458391666412353515625">
        <ele>72.1999969482421875</ele>
        <time>2026-09-17T08:56:29.000Z</time>
        <extensions>
          <ns3:TrackPointExtension>
            <ns3:hr>152</ns3:hr>
            <ns3:cad>82</ns3:cad>
          </ns3:TrackPointExtension>
        </extensions>
      </trkpt>
      <trkpt lat="37.51032921485602855682373046875" lon="127.0471840538084506988525390625">
        <ele>72</ele>
        <time>2026-09-17T08:56:30.000Z</time>
        <extensions>
          <ns3:TrackPointExtension>
            <ns3:hr>152</ns3:hr>
            <ns3:cad>82</ns3:cad>
          </ns3:TrackPointExtension>
        </extensions>
      </trkpt>
      <trkpt lat="37.51031018793582916259765625" lon="127.047168128192424774169921875">
        <ele>71.8000030517578125</ele>
        <time>2026-09-17T08:56:31.000Z</time>
        <extensions>
          <ns3:TrackPointExtension>
            <ns3:hr>152</ns3:hr>
            <ns3:cad>83</ns3:cad>
          </ns3:TrackPointExtension>
        </extensions>
      </trkpt>
      <trkpt lat="37.51030054874718189239501953125" lon="127.04712613485753536224365234375">
        <ele>71.59999847412109375</ele>
        <time>2026-09-17T08:56:32.000Z</time>
        <extensions>
          <ns3:TrackPointExtension>
            <ns3:hr>152</ns3:hr>
            <ns3:cad>83</ns3:cad>
          </ns3:TrackPointExtension>
        </extensions>
      </trkpt>
      <trkpt lat="37.51029015518724918365478515625" lon="127.04709093086421489715576171875">
        <ele>71.59999847412109375</ele>
        <time>2026-09-17T08:56:33.000Z</time>
        <extensions>
          <ns3:TrackPointExtension>
            <ns3:hr>151</ns3:hr>
            <ns3:cad>83</ns3:cad>
          </ns3:TrackPointExtension>
        </extensions>
      </trkpt>
      <trkpt lat="37.5102828629314899444580078125" lon="127.04706679098308086395263671875">
        <ele>71.40000152587890625</ele>
        <time>2026-09-17T08:56:34.000Z</time>
        <extensions>
          <ns3:TrackPointExtension>
            <ns3:hr>151</ns3:hr>
            <ns3:cad>81</ns3:cad>
          </ns3:TrackPointExtension>
        </extensions>
      </trkpt>
      <trkpt lat="37.51027397811412811279296875" lon="127.04702806659042835235595703125">
        <ele>71.40000152587890625</ele>
        <time>2026-09-17T08:56:35.000Z</time>
        <extensions>
          <ns3:TrackPointExtension>
            <ns3:hr>151</ns3:hr>
            <ns3:cad>81</ns3:cad>
          </ns3:TrackPointExtension>
        </extensions>
      </trkpt>
      <trkpt lat="37.51026500947773456573486328125" lon="127.04700694419443607330322265625">
        <ele>71.1999969482421875</ele>
        <time>2026-09-17T08:56:36.000Z</time>
        <extensions>
          <ns3:TrackPointExtension>
            <ns3:hr>151</ns3:hr>
            <ns3:cad>81</ns3:cad>
          </ns3:TrackPointExtension>
        </extensions>
      </trkpt>
      <trkpt lat="37.510254196822643280029296875" lon="127.0469785295426845550537109375">
        <ele>71</ele>
        <time>2026-09-17T08:56:37.000Z</time>
        <extensions>
          <ns3:TrackPointExtension>
            <ns3:hr>151</ns3:hr>
            <ns3:cad>82</ns3:cad>
          </ns3:TrackPointExtension>
        </extensions>
      </trkpt>
      <trkpt lat="37.5102439709007740020751953125" lon="127.0469592511653900146484375">
        <ele>70.59999847412109375</ele>
        <time>2026-09-17T08:56:38.000Z</time>
        <extensions>
          <ns3:TrackPointExtension>
            <ns3:hr>151</ns3:hr>
            <ns3:cad>82</ns3:cad>
          </ns3:TrackPointExtension>
        </extensions>
      </trkpt>
      <trkpt lat="37.5102319009602069854736328125" lon="127.0469332672655582427978515625">
        <ele>70.1999969482421875</ele>
        <time>2026-09-17T08:56:39.000Z</time>
        <extensions>
          <ns3:TrackPointExtension>
            <ns3:hr>150</ns3:hr>
            <ns3:cad>82</ns3:cad>
          </ns3:TrackPointExtension>
        </extensions>
      </trkpt>
      <trkpt lat="37.51022393815219402313232421875" lon="127.046911977231502532958984375">
        <ele>69.59999847412109375</ele>
        <time>2026-09-17T08:56:40.000Z</time>
        <extensions>
          <ns3:TrackPointExtension>
            <ns3:hr>150</ns3:hr>
            <ns3:cad>96</ns3:cad>
          </ns3:TrackPointExtension>
        </extensions>
      </trkpt>
      <trkpt lat="37.5102169811725616455078125" lon="127.046888172626495361328125">
        <ele>69</ele>
        <time>2026-09-17T08:56:41.000Z</time>
        <extensions>
          <ns3:TrackPointExtension>
            <ns3:hr>149</ns3:hr>
            <ns3:cad>96</ns3:cad>
          </ns3:TrackPointExtension>
        </extensions>
      </trkpt>
      <trkpt lat="37.510213293135166168212890625" lon="127.04685690812766551971435546875">
        <ele>68.59999847412109375</ele>
        <time>2026-09-17T08:56:42.000Z</time>
        <extensions>
          <ns3:TrackPointExtension>
            <ns3:hr>148</ns3:hr>
            <ns3:cad>96</ns3:cad>
          </ns3:TrackPointExtension>
        </extensions>
      </trkpt>
      <trkpt lat="37.5102087669074535369873046875" lon="127.046832181513309478759765625">
        <ele>68</ele>
        <time>2026-09-17T08:56:43.000Z</time>
        <extensions>
          <ns3:TrackPointExtension>
            <ns3:hr>147</ns3:hr>
            <ns3:cad>95</ns3:cad>
          </ns3:TrackPointExtension>
        </extensions>
      </trkpt>
      <trkpt lat="37.51020851545035839080810546875" lon="127.04679471440613269805908203125">
        <ele>67.40000152587890625</ele>
        <time>2026-09-17T08:56:44.000Z</time>
        <extensions>
          <ns3:TrackPointExtension>
            <ns3:hr>147</ns3:hr>
            <ns3:cad>95</ns3:cad>
          </ns3:TrackPointExtension>
        </extensions>
      </trkpt>
      <trkpt lat="37.5102104432880878448486328125" lon="127.0467669703066349029541015625">
        <ele>67</ele>
        <time>2026-09-17T08:56:45.000Z</time>
        <extensions>
          <ns3:TrackPointExtension>
            <ns3:hr>146</ns3:hr>
            <ns3:cad>95</ns3:cad>
          </ns3:TrackPointExtension>
        </extensions>
      </trkpt>
      <trkpt lat="37.51020180992782115936279296875" lon="127.04674475826323032379150390625">
        <ele>66.59999847412109375</ele>
        <time>2026-09-17T08:56:46.000Z</time>
        <extensions>
          <ns3:TrackPointExtension>
            <ns3:hr>145</ns3:hr>
            <ns3:cad>99</ns3:cad>
          </ns3:TrackPointExtension>
        </extensions>
      </trkpt>
      <trkpt lat="37.51019351184368133544921875" lon="127.04670972190797328948974609375">
        <ele>66.1999969482421875</ele>
        <time>2026-09-17T08:56:47.000Z</time>
        <extensions>
          <ns3:TrackPointExtension>
            <ns3:hr>145</ns3:hr>
            <ns3:cad>99</ns3:cad>
          </ns3:TrackPointExtension>
        </extensions>
      </trkpt>
      <trkpt lat="37.51018521375954151153564453125" lon="127.04668625257909297943115234375">
        <ele>65.8000030517578125</ele>
        <time>2026-09-17T08:56:48.000Z</time>
        <extensions>
          <ns3:TrackPointExtension>
            <ns3:hr>145</ns3:hr>
            <ns3:cad>99</ns3:cad>
          </ns3:TrackPointExtension>
        </extensions>
      </trkpt>
      <trkpt lat="37.51016979105770587921142578125" lon="127.0466405712068080902099609375">
        <ele>65.1999969482421875</ele>
        <time>2026-09-17T08:56:49.000Z</time>
        <extensions>
          <ns3:TrackPointExtension>
            <ns3:hr>145</ns3:hr>
            <ns3:cad>92</ns3:cad>
          </ns3:TrackPointExtension>
        </extensions>
      </trkpt>
      <trkpt lat="37.51016241498291492462158203125" lon="127.0466036908328533172607421875">
        <ele>64.8000030517578125</ele>
        <time>2026-09-17T08:56:50.000Z</time>
        <extensions>
          <ns3:TrackPointExtension>
            <ns3:hr>145</ns3:hr>
            <ns3:cad>92</ns3:cad>
          </ns3:TrackPointExtension>
        </extensions>
      </trkpt>
      <trkpt lat="37.510152943432331085205078125" lon="127.04656161367893218994140625">
        <ele>64.59999847412109375</ele>
        <time>2026-09-17T08:56:51.000Z</time>
        <extensions>
          <ns3:TrackPointExtension>
            <ns3:hr>145</ns3:hr>
            <ns3:cad>92</ns3:cad>
          </ns3:TrackPointExtension>
        </extensions>
      </trkpt>
      <trkpt lat="37.51014196313917636871337890625" lon="127.046519704163074493408203125">
        <ele>64.1999969482421875</ele>
        <time>2026-09-17T08:56:52.000Z</time>
        <extensions>
          <ns3:TrackPointExtension>
            <ns3:hr>145</ns3:hr>
            <ns3:cad>92</ns3:cad>
          </ns3:TrackPointExtension>
        </extensions>
      </trkpt>
      <trkpt lat="37.5101338326930999755859375" lon="127.04648273997008800506591796875">
        <ele>64.1999969482421875</ele>
        <time>2026-09-17T08:56:53.000Z</time>
        <extensions>
          <ns3:TrackPointExtension>
            <ns3:hr>145</ns3:hr>
            <ns3:cad>86</ns3:cad>
          </ns3:TrackPointExtension>
        </extensions>
      </trkpt>
      <trkpt lat="37.51012402586638927459716796875" lon="127.04644602723419666290283203125">
        <ele>64.1999969482421875</ele>
        <time>2026-09-17T08:56:54.000Z</time>
        <extensions>
          <ns3:TrackPointExtension>
            <ns3:hr>144</ns3:hr>
            <ns3:cad>86</ns3:cad>
          </ns3:TrackPointExtension>
        </extensions>
      </trkpt>
      <trkpt lat="37.510111033916473388671875" lon="127.04641082324087619781494140625">
        <ele>64.1999969482421875</ele>
        <time>2026-09-17T08:56:55.000Z</time>
        <extensions>
          <ns3:TrackPointExtension>
            <ns3:hr>144</ns3:hr>
            <ns3:cad>86</ns3:cad>
          </ns3:TrackPointExtension>
        </extensions>
      </trkpt>
      <trkpt lat="37.51010156236588954925537109375" lon="127.04637654125690460205078125">
        <ele>64</ele>
        <time>2026-09-17T08:56:56.000Z</time>
        <extensions>
          <ns3:TrackPointExtension>
            <ns3:hr>144</ns3:hr>
            <ns3:cad>86</ns3:cad>
          </ns3:TrackPointExtension>
        </extensions>
      </trkpt>
      <trkpt lat="37.5100914202630519866943359375" lon="127.0463337935507297515869140625">
        <ele>64</ele>
        <time>2026-09-17T08:56:57.000Z</time>
        <extensions>
          <ns3:TrackPointExtension>
            <ns3:hr>144</ns3:hr>
            <ns3:cad>86</ns3:cad>
          </ns3:TrackPointExtension>
        </extensions>
      </trkpt>
      <trkpt lat="37.510083205997943878173828125" lon="127.0463042892515659332275390625">
        <ele>64</ele>
        <time>2026-09-17T08:56:58.000Z</time>
        <extensions>
          <ns3:TrackPointExtension>
            <ns3:hr>143</ns3:hr>
            <ns3:cad>86</ns3:cad>
          </ns3:TrackPointExtension>
        </extensions>
      </trkpt>
      <trkpt lat="37.51007306389510631561279296875" lon="127.0462674088776111602783203125">
        <ele>64</ele>
        <time>2026-09-17T08:56:59.000Z</time>
        <extensions>
          <ns3:TrackPointExtension>
            <ns3:hr>143</ns3:hr>
            <ns3:cad>83</ns3:cad>
          </ns3:TrackPointExtension>
        </extensions>
      </trkpt>
      <trkpt lat="37.51006719656288623809814453125" lon="127.04623329453170299530029296875">
        <ele>64</ele>
        <time>2026-09-17T08:57:00.000Z</time>
        <extensions>
          <ns3:TrackPointExtension>
            <ns3:hr>142</ns3:hr>
            <ns3:cad>83</ns3:cad>
          </ns3:TrackPointExtension>
        </extensions>
      </trkpt>
      <trkpt lat="37.51005797646939754486083984375" lon="127.04620890319347381591796875">
        <ele>64.1999969482421875</ele>
        <time>2026-09-17T08:57:01.000Z</time>
        <extensions>
          <ns3:TrackPointExtension>
            <ns3:hr>141</ns3:hr>
            <ns3:cad>84</ns3:cad>
          </ns3:TrackPointExtension>
        </extensions>
      </trkpt>
      <trkpt lat="37.51004272140562534332275390625" lon="127.04617294482886791229248046875">
        <ele>64.1999969482421875</ele>
        <time>2026-09-17T08:57:02.000Z</time>
        <extensions>
          <ns3:TrackPointExtension>
            <ns3:hr>141</ns3:hr>
            <ns3:cad>84</ns3:cad>
          </ns3:TrackPointExtension>
        </extensions>
      </trkpt>
      <trkpt lat="37.51003081910312175750732421875" lon="127.04615517519414424896240234375">
        <ele>64.40000152587890625</ele>
        <time>2026-09-17T08:57:03.000Z</time>
        <extensions>
          <ns3:TrackPointExtension>
            <ns3:hr>140</ns3:hr>
            <ns3:cad>84</ns3:cad>
          </ns3:TrackPointExtension>
        </extensions>
      </trkpt>
      <trkpt lat="37.510008774697780609130859375" lon="127.0461332984268665313720703125">
        <ele>64.59999847412109375</ele>
        <time>2026-09-17T08:57:04.000Z</time>
        <extensions>
          <ns3:TrackPointExtension>
            <ns3:hr>138</ns3:hr>
            <ns3:cad>83</ns3:cad>
          </ns3:TrackPointExtension>
        </extensions>
      </trkpt>
      <trkpt lat="37.50998991541564464569091796875" lon="127.0461021177470684051513671875">
        <ele>64.8000030517578125</ele>
        <time>2026-09-17T08:57:05.000Z</time>
        <extensions>
          <ns3:TrackPointExtension>
            <ns3:hr>137</ns3:hr>
            <ns3:cad>83</ns3:cad>
          </ns3:TrackPointExtension>
        </extensions>
      </trkpt>
      <trkpt lat="37.509973235428333282470703125" lon="127.04608552157878875732421875">
        <ele>64.8000030517578125</ele>
        <time>2026-09-17T08:57:06.000Z</time>
        <extensions>
          <ns3:TrackPointExtension>
            <ns3:hr>136</ns3:hr>
            <ns3:cad>83</ns3:cad>
          </ns3:TrackPointExtension>
        </extensions>
      </trkpt>
      <trkpt lat="37.50995613634586334228515625" lon="127.0460524968802928924560546875">
        <ele>65</ele>
        <time>2026-09-17T08:57:07.000Z</time>
        <extensions>
          <ns3:TrackPointExtension>
            <ns3:hr>135</ns3:hr>
            <ns3:cad>82</ns3:cad>
          </ns3:TrackPointExtension>
        </extensions>
      </trkpt>
      <trkpt lat="37.509945742785930633544921875" lon="127.0460250042378902435302734375">
        <ele>65</ele>
        <time>2026-09-17T08:57:08.000Z</time>
        <extensions>
          <ns3:TrackPointExtension>
            <ns3:hr>135</ns3:hr>
            <ns3:cad>82</ns3:cad>
          </ns3:TrackPointExtension>
        </extensions>
      </trkpt>
      <trkpt lat="37.509936355054378509521484375" lon="127.0459918119013309478759765625">
        <ele>65</ele>
        <time>2026-09-17T08:57:09.000Z</time>
        <extensions>
          <ns3:TrackPointExtension>
            <ns3:hr>135</ns3:hr>
            <ns3:cad>82</ns3:cad>
          </ns3:TrackPointExtension>
        </extensions>
      </trkpt>
      <trkpt lat="37.5099308229982852935791015625" lon="127.045955769717693328857421875">
        <ele>65.1999969482421875</ele>
        <time>2026-09-17T08:57:10.000Z</time>
        <extensions>
          <ns3:TrackPointExtension>
            <ns3:hr>135</ns3:hr>
            <ns3:cad>82</ns3:cad>
          </ns3:TrackPointExtension>
        </extensions>
      </trkpt>
      <trkpt lat="37.5099177472293376922607421875" lon="127.04592986963689327239990234375">
        <ele>65.1999969482421875</ele>
        <time>2026-09-17T08:57:11.000Z</time>
        <extensions>
          <ns3:TrackPointExtension>
            <ns3:hr>135</ns3:hr>
            <ns3:cad>82</ns3:cad>
          </ns3:TrackPointExtension>
        </extensions>
      </trkpt>
      <trkpt lat="37.5099036656320095062255859375" lon="127.04589449800550937652587890625">
        <ele>65.40000152587890625</ele>
        <time>2026-09-17T08:57:12.000Z</time>
        <extensions>
          <ns3:TrackPointExtension>
            <ns3:hr>136</ns3:hr>
            <ns3:cad>82</ns3:cad>
          </ns3:TrackPointExtension>
        </extensions>
      </trkpt>
      <trkpt lat="37.50989117659628391265869140625" lon="127.04586113803088665008544921875">
        <ele>65.40000152587890625</ele>
        <time>2026-09-17T08:57:13.000Z</time>
        <extensions>
          <ns3:TrackPointExtension>
            <ns3:hr>136</ns3:hr>
            <ns3:cad>82</ns3:cad>
          </ns3:TrackPointExtension>
        </extensions>
      </trkpt>
      <trkpt lat="37.50987994484603404998779296875" lon="127.04584454186260700225830078125">
        <ele>65.40000152587890625</ele>
        <time>2026-09-17T08:57:14.000Z</time>
        <extensions>
          <ns3:TrackPointExtension>
            <ns3:hr>136</ns3:hr>
            <ns3:cad>82</ns3:cad>
          </ns3:TrackPointExtension>
        </extensions>
      </trkpt>
      <trkpt lat="37.50986804254353046417236328125" lon="127.0458087511360645294189453125">
        <ele>65.40000152587890625</ele>
        <time>2026-09-17T08:57:15.000Z</time>
        <extensions>
          <ns3:TrackPointExtension>
            <ns3:hr>137</ns3:hr>
            <ns3:cad>82</ns3:cad>
          </ns3:TrackPointExtension>
        </extensions>
      </trkpt>
      <trkpt lat="37.509855888783931732177734375" lon="127.04578687436878681182861328125">
        <ele>65.40000152587890625</ele>
        <time>2026-09-17T08:57:16.000Z</time>
        <extensions>
          <ns3:TrackPointExtension>
            <ns3:hr>137</ns3:hr>
            <ns3:cad>83</ns3:cad>
          </ns3:TrackPointExtension>
        </extensions>
      </trkpt>
      <trkpt lat="37.50983904115855693817138671875" lon="127.04575552605092525482177734375">
        <ele>65.40000152587890625</ele>
        <time>2026-09-17T08:57:17.000Z</time>
        <extensions>
          <ns3:TrackPointExtension>
            <ns3:hr>138</ns3:hr>
            <ns3:cad>83</ns3:cad>
          </ns3:TrackPointExtension>
        </extensions>
      </trkpt>
      <trkpt lat="37.50982864759862422943115234375" lon="127.0457205735146999359130859375">
        <ele>65.59999847412109375</ele>
        <time>2026-09-17T08:57:18.000Z</time>
        <extensions>
          <ns3:TrackPointExtension>
            <ns3:hr>138</ns3:hr>
            <ns3:cad>83</ns3:cad>
          </ns3:TrackPointExtension>
        </extensions>
      </trkpt>
      <trkpt lat="37.50981456600129604339599609375" lon="127.04569928348064422607421875">
        <ele>65.59999847412109375</ele>
        <time>2026-09-17T08:57:19.000Z</time>
        <extensions>
          <ns3:TrackPointExtension>
            <ns3:hr>138</ns3:hr>
            <ns3:cad>83</ns3:cad>
          </ns3:TrackPointExtension>
        </extensions>
      </trkpt>
      <trkpt lat="37.509798891842365264892578125" lon="127.04566416330635547637939453125">
        <ele>65.59999847412109375</ele>
        <time>2026-09-17T08:57:20.000Z</time>
        <extensions>
          <ns3:TrackPointExtension>
            <ns3:hr>139</ns3:hr>
            <ns3:cad>82</ns3:cad>
          </ns3:TrackPointExtension>
        </extensions>
      </trkpt>
      <trkpt lat="37.50978874973952770233154296875" lon="127.04562946222722530364990234375">
        <ele>65.59999847412109375</ele>
        <time>2026-09-17T08:57:21.000Z</time>
        <extensions>
          <ns3:TrackPointExtension>
            <ns3:hr>139</ns3:hr>
            <ns3:cad>82</ns3:cad>
          </ns3:TrackPointExtension>
        </extensions>
      </trkpt>
      <trkpt lat="37.50977517105638980865478515625" lon="127.04560004174709320068359375">
        <ele>65.8000030517578125</ele>
        <time>2026-09-17T08:57:22.000Z</time>
        <extensions>
          <ns3:TrackPointExtension>
            <ns3:hr>139</ns3:hr>
            <ns3:cad>82</ns3:cad>
          </ns3:TrackPointExtension>
        </extensions>
      </trkpt>
      <trkpt lat="37.50976192764937877655029296875" lon="127.04556240700185298919677734375">
        <ele>65.8000030517578125</ele>
        <time>2026-09-17T08:57:23.000Z</time>
        <extensions>
          <ns3:TrackPointExtension>
            <ns3:hr>139</ns3:hr>
            <ns3:cad>82</ns3:cad>
          </ns3:TrackPointExtension>
        </extensions>
      </trkpt>
      <trkpt lat="37.5097551383078098297119140625" lon="127.045540027320384979248046875">
        <ele>65.8000030517578125</ele>
        <time>2026-09-17T08:57:24.000Z</time>
        <extensions>
          <ns3:TrackPointExtension>
            <ns3:hr>139</ns3:hr>
            <ns3:cad>82</ns3:cad>
          </ns3:TrackPointExtension>
        </extensions>
      </trkpt>
      <trkpt lat="37.50974482856690883636474609375" lon="127.045508511364459991455078125">
        <ele>66</ele>
        <time>2026-09-17T08:57:25.000Z</time>
        <extensions>
          <ns3:TrackPointExtension>
            <ns3:hr>140</ns3:hr>
            <ns3:cad>82</ns3:cad>
          </ns3:TrackPointExtension>
        </extensions>
      </trkpt>
      <trkpt lat="37.509735524654388427734375" lon="127.04548009671270847320556640625">
        <ele>66</ele>
        <time>2026-09-17T08:57:26.000Z</time>
        <extensions>
          <ns3:TrackPointExtension>
            <ns3:hr>140</ns3:hr>
            <ns3:cad>82</ns3:cad>
          </ns3:TrackPointExtension>
        </extensions>
      </trkpt>
      <trkpt lat="37.5097216106951236724853515625" lon="127.0454620756208896636962890625">
        <ele>66</ele>
        <time>2026-09-17T08:57:27.000Z</time>
        <extensions>
          <ns3:TrackPointExtension>
            <ns3:hr>140</ns3:hr>
            <ns3:cad>82</ns3:cad>
          </ns3:TrackPointExtension>
        </extensions>
      </trkpt>
      <trkpt lat="37.50970400869846343994140625" lon="127.04542092047631740570068359375">
        <ele>66.1999969482421875</ele>
        <time>2026-09-17T08:57:28.000Z</time>
        <extensions>
          <ns3:TrackPointExtension>
            <ns3:hr>140</ns3:hr>
            <ns3:cad>82</ns3:cad>
          </ns3:TrackPointExtension>
        </extensions>
      </trkpt>
      <trkpt lat="37.50969353131949901580810546875" lon="127.04539887607097625732421875">
        <ele>66.40000152587890625</ele>
        <time>2026-09-17T08:57:29.000Z</time>
        <extensions>
          <ns3:TrackPointExtension>
            <ns3:hr>140</ns3:hr>
            <ns3:cad>82</ns3:cad>
          </ns3:TrackPointExtension>
        </extensions>
      </trkpt>
      <trkpt lat="37.5096823833882808685302734375" lon="127.0453759096562862396240234375">
        <ele>66.40000152587890625</ele>
        <time>2026-09-17T08:57:30.000Z</time>
        <extensions>
          <ns3:TrackPointExtension>
            <ns3:hr>141</ns3:hr>
            <ns3:cad>82</ns3:cad>
          </ns3:TrackPointExtension>
        </extensions>
      </trkpt>
      <trkpt lat="37.50966905616223812103271484375" lon="127.0453430525958538055419921875">
        <ele>66.59999847412109375</ele>
        <time>2026-09-17T08:57:31.000Z</time>
        <extensions>
          <ns3:TrackPointExtension>
            <ns3:hr>141</ns3:hr>
            <ns3:cad>83</ns3:cad>
          </ns3:TrackPointExtension>
        </extensions>
      </trkpt>
      <trkpt lat="37.50965748913586139678955078125" lon="127.04532444477081298828125">
        <ele>66.59999847412109375</ele>
        <time>2026-09-17T08:57:32.000Z</time>
        <extensions>
          <ns3:TrackPointExtension>
            <ns3:hr>141</ns3:hr>
            <ns3:cad>82</ns3:cad>
          </ns3:TrackPointExtension>
        </extensions>
      </trkpt>
      <trkpt lat="37.5096438266336917877197265625" lon="127.04529200680553913116455078125">
        <ele>66.59999847412109375</ele>
        <time>2026-09-17T08:57:33.000Z</time>
        <extensions>
          <ns3:TrackPointExtension>
            <ns3:hr>142</ns3:hr>
            <ns3:cad>82</ns3:cad>
          </ns3:TrackPointExtension>
        </extensions>
      </trkpt>
      <trkpt lat="37.5096376240253448486328125" lon="127.0452588982880115509033203125">
        <ele>66.59999847412109375</ele>
        <time>2026-09-17T08:57:34.000Z</time>
        <extensions>
          <ns3:TrackPointExtension>
            <ns3:hr>142</ns3:hr>
            <ns3:cad>82</ns3:cad>
          </ns3:TrackPointExtension>
        </extensions>
      </trkpt>
      <trkpt lat="37.509632594883441925048828125" lon="127.0452293939888477325439453125">
        <ele>66.59999847412109375</ele>
        <time>2026-09-17T08:57:35.000Z</time>
        <extensions>
          <ns3:TrackPointExtension>
            <ns3:hr>142</ns3:hr>
            <ns3:cad>82</ns3:cad>
          </ns3:TrackPointExtension>
        </extensions>
      </trkpt>
      <trkpt lat="37.5096220336854457855224609375" lon="127.045187316834926605224609375">
        <ele>66.59999847412109375</ele>
        <time>2026-09-17T08:57:36.000Z</time>
        <extensions>
          <ns3:TrackPointExtension>
            <ns3:hr>142</ns3:hr>
            <ns3:cad>82</ns3:cad>
          </ns3:TrackPointExtension>
        </extensions>
      </trkpt>
      <trkpt lat="37.50961004756391048431396484375" lon="127.04516418278217315673828125">
        <ele>66.8000030517578125</ele>
        <time>2026-09-17T08:57:37.000Z</time>
        <extensions>
          <ns3:TrackPointExtension>
            <ns3:hr>142</ns3:hr>
            <ns3:cad>83</ns3:cad>
          </ns3:TrackPointExtension>
        </extensions>
      </trkpt>
      <trkpt lat="37.50959713943302631378173828125" lon="127.045128978788852691650390625">
        <ele>66.8000030517578125</ele>
        <time>2026-09-17T08:57:38.000Z</time>
        <extensions>
          <ns3:TrackPointExtension>
            <ns3:hr>141</ns3:hr>
            <ns3:cad>84</ns3:cad>
          </ns3:TrackPointExtension>
        </extensions>
      </trkpt>
      <trkpt lat="37.50958205200731754302978515625" lon="127.04509536735713481903076171875">
        <ele>66.8000030517578125</ele>
        <time>2026-09-17T08:57:39.000Z</time>
        <extensions>
          <ns3:TrackPointExtension>
            <ns3:hr>142</ns3:hr>
            <ns3:cad>84</ns3:cad>
          </ns3:TrackPointExtension>
        </extensions>
      </trkpt>
      <trkpt lat="37.509569562971591949462890625" lon="127.0450788550078868865966796875">
        <ele>66.59999847412109375</ele>
        <time>2026-09-17T08:57:40.000Z</time>
        <extensions>
          <ns3:TrackPointExtension>
            <ns3:hr>141</ns3:hr>
            <ns3:cad>84</ns3:cad>
          </ns3:TrackPointExtension>
        </extensions>
      </trkpt>
      <trkpt lat="37.5095544755458831787109375" lon="127.04503803513944149017333984375">
        <ele>66.59999847412109375</ele>
        <time>2026-09-17T08:57:41.000Z</time>
        <extensions>
          <ns3:TrackPointExtension>
            <ns3:hr>141</ns3:hr>
            <ns3:cad>84</ns3:cad>
          </ns3:TrackPointExtension>
        </extensions>
      </trkpt>
      <trkpt lat="37.50954173505306243896484375" lon="127.045006267726421356201171875">
        <ele>66.59999847412109375</ele>
        <time>2026-09-17T08:57:42.000Z</time>
        <extensions>
          <ns3:TrackPointExtension>
            <ns3:hr>141</ns3:hr>
            <ns3:cad>84</ns3:cad>
          </ns3:TrackPointExtension>
        </extensions>
      </trkpt>
      <trkpt lat="37.50952287577092647552490234375" lon="127.04497332684695720672607421875">
        <ele>66.59999847412109375</ele>
        <time>2026-09-17T08:57:43.000Z</time>
        <extensions>
          <ns3:TrackPointExtension>
            <ns3:hr>141</ns3:hr>
            <ns3:cad>83</ns3:cad>
          </ns3:TrackPointExtension>
        </extensions>
      </trkpt>
      <trkpt lat="37.5095117278397083282470703125" lon="127.044929824769496917724609375">
        <ele>66.59999847412109375</ele>
        <time>2026-09-17T08:57:44.000Z</time>
        <extensions>
          <ns3:TrackPointExtension>
            <ns3:hr>141</ns3:hr>
            <ns3:cad>83</ns3:cad>
          </ns3:TrackPointExtension>
        </extensions>
      </trkpt>
      <trkpt lat="37.50949823297560214996337890625" lon="127.0449024997651576995849609375">
        <ele>66.8000030517578125</ele>
        <time>2026-09-17T08:57:45.000Z</time>
        <extensions>
          <ns3:TrackPointExtension>
            <ns3:hr>142</ns3:hr>
            <ns3:cad>82</ns3:cad>
          </ns3:TrackPointExtension>
        </extensions>
      </trkpt>
      <trkpt lat="37.50948448665440082550048828125" lon="127.04486419446766376495361328125">
        <ele>66.8000030517578125</ele>
        <time>2026-09-17T08:57:46.000Z</time>
        <extensions>
          <ns3:TrackPointExtension>
            <ns3:hr>141</ns3:hr>
            <ns3:cad>82</ns3:cad>
          </ns3:TrackPointExtension>
        </extensions>
      </trkpt>
      <trkpt lat="37.509470991790294647216796875" lon="127.04482756555080413818359375">
        <ele>67</ele>
        <time>2026-09-17T08:57:47.000Z</time>
        <extensions>
          <ns3:TrackPointExtension>
            <ns3:hr>141</ns3:hr>
            <ns3:cad>82</ns3:cad>
          </ns3:TrackPointExtension>
        </extensions>
      </trkpt>
      <trkpt lat="37.50945967622101306915283203125" lon="127.0447968877851963043212890625">
        <ele>67</ele>
        <time>2026-09-17T08:57:48.000Z</time>
        <extensions>
          <ns3:TrackPointExtension>
            <ns3:hr>141</ns3:hr>
            <ns3:cad>82</ns3:cad>
          </ns3:TrackPointExtension>
        </extensions>
      </trkpt>
      <trkpt lat="37.50944492407143115997314453125" lon="127.04475774429738521575927734375">
        <ele>67</ele>
        <time>2026-09-17T08:57:49.000Z</time>
        <extensions>
          <ns3:TrackPointExtension>
            <ns3:hr>141</ns3:hr>
            <ns3:cad>83</ns3:cad>
          </ns3:TrackPointExtension>
        </extensions>
      </trkpt>
      <trkpt lat="37.50943486578762531280517578125" lon="127.0447303354740142822265625">
        <ele>67</ele>
        <time>2026-09-17T08:57:50.000Z</time>
        <extensions>
          <ns3:TrackPointExtension>
            <ns3:hr>141</ns3:hr>
            <ns3:cad>83</ns3:cad>
          </ns3:TrackPointExtension>
        </extensions>
      </trkpt>
      <trkpt lat="37.50942212529480457305908203125" lon="127.0447016693651676177978515625">
        <ele>67</ele>
        <time>2026-09-17T08:57:51.000Z</time>
        <extensions>
          <ns3:TrackPointExtension>
            <ns3:hr>141</ns3:hr>
            <ns3:cad>83</ns3:cad>
          </ns3:TrackPointExtension>
        </extensions>
      </trkpt>
      <trkpt lat="37.50940921716392040252685546875" lon="127.04467157833278179168701171875">
        <ele>67</ele>
        <time>2026-09-17T08:57:52.000Z</time>
        <extensions>
          <ns3:TrackPointExtension>
            <ns3:hr>141</ns3:hr>
            <ns3:cad>83</ns3:cad>
          </ns3:TrackPointExtension>
        </extensions>
      </trkpt>
      <trkpt lat="37.5093997456133365631103515625" lon="127.04464760608971118927001953125">
        <ele>67</ele>
        <time>2026-09-17T08:57:53.000Z</time>
        <extensions>
          <ns3:TrackPointExtension>
            <ns3:hr>142</ns3:hr>
            <ns3:cad>83</ns3:cad>
          </ns3:TrackPointExtension>
        </extensions>
      </trkpt>
      <trkpt lat="37.50938625074923038482666015625" lon="127.0446096360683441162109375">
        <ele>67</ele>
        <time>2026-09-17T08:57:54.000Z</time>
        <extensions>
          <ns3:TrackPointExtension>
            <ns3:hr>142</ns3:hr>
            <ns3:cad>83</ns3:cad>
          </ns3:TrackPointExtension>
        </extensions>
      </trkpt>
      <trkpt lat="37.50937451608479022979736328125" lon="127.0445833168923854827880859375">
        <ele>67</ele>
        <time>2026-09-17T08:57:55.000Z</time>
        <extensions>
          <ns3:TrackPointExtension>
            <ns3:hr>142</ns3:hr>
            <ns3:cad>83</ns3:cad>
          </ns3:TrackPointExtension>
        </extensions>
      </trkpt>
      <trkpt lat="37.50936429016292095184326171875" lon="127.0445578359067440032958984375">
        <ele>66.8000030517578125</ele>
        <time>2026-09-17T08:57:56.000Z</time>
        <extensions>
          <ns3:TrackPointExtension>
            <ns3:hr>141</ns3:hr>
            <ns3:cad>83</ns3:cad>
          </ns3:TrackPointExtension>
        </extensions>
      </trkpt>
      <trkpt lat="37.5093541480600833892822265625" lon="127.044515423476696014404296875">
        <ele>66.8000030517578125</ele>
        <time>2026-09-17T08:57:57.000Z</time>
        <extensions>
          <ns3:TrackPointExtension>
            <ns3:hr>141</ns3:hr>
            <ns3:cad>81</ns3:cad>
          </ns3:TrackPointExtension>
        </extensions>
      </trkpt>
      <trkpt lat="37.50934098847210407257080078125" lon="127.04449522309005260467529296875">
        <ele>66.8000030517578125</ele>
        <time>2026-09-17T08:57:58.000Z</time>
        <extensions>
          <ns3:TrackPointExtension>
            <ns3:hr>141</ns3:hr>
            <ns3:cad>81</ns3:cad>
          </ns3:TrackPointExtension>
        </extensions>
      </trkpt>
      <trkpt lat="37.50932439230382442474365234375" lon="127.0444647967815399169921875">
        <ele>66.59999847412109375</ele>
        <time>2026-09-17T08:57:59.000Z</time>
        <extensions>
          <ns3:TrackPointExtension>
            <ns3:hr>141</ns3:hr>
            <ns3:cad>81</ns3:cad>
          </ns3:TrackPointExtension>
        </extensions>
      </trkpt>
      <trkpt lat="37.50931785441935062408447265625" lon="127.0444290898740291595458984375">
        <ele>66.8000030517578125</ele>
        <time>2026-09-17T08:58:00.000Z</time>
        <extensions>
          <ns3:TrackPointExtension>
            <ns3:hr>141</ns3:hr>
            <ns3:cad>81</ns3:cad>
          </ns3:TrackPointExtension>
        </extensions>
      </trkpt>
      <trkpt lat="37.509308718144893646240234375" lon="127.0444123260676860809326171875">
        <ele>66.8000030517578125</ele>
        <time>2026-09-17T08:58:01.000Z</time>
        <extensions>
          <ns3:TrackPointExtension>
            <ns3:hr>141</ns3:hr>
            <ns3:cad>82</ns3:cad>
          </ns3:TrackPointExtension>
        </extensions>
      </trkpt>
      <trkpt lat="37.50928298570215702056884765625" lon="127.0444072969257831573486328125">
        <ele>66.59999847412109375</ele>
        <time>2026-09-17T08:58:02.000Z</time>
        <extensions>
          <ns3:TrackPointExtension>
            <ns3:hr>141</ns3:hr>
            <ns3:cad>82</ns3:cad>
          </ns3:TrackPointExtension>
        </extensions>
      </trkpt>
      <trkpt lat="37.5092585943639278411865234375" lon="127.0444119907915592193603515625">
        <ele>66.59999847412109375</ele>
        <time>2026-09-17T08:58:03.000Z</time>
        <extensions>
          <ns3:TrackPointExtension>
            <ns3:hr>141</ns3:hr>
            <ns3:cad>82</ns3:cad>
          </ns3:TrackPointExtension>
        </extensions>
      </trkpt>
      <trkpt lat="37.50924535095691680908203125" lon="127.04442783258855342864990234375">
        <ele>66.59999847412109375</ele>
        <time>2026-09-17T08:58:04.000Z</time>
        <extensions>
          <ns3:TrackPointExtension>
            <ns3:hr>141</ns3:hr>
            <ns3:cad>82</ns3:cad>
          </ns3:TrackPointExtension>
        </extensions>
      </trkpt>
      <trkpt lat="37.5092156790196895599365234375" lon="127.04444778151810169219970703125">
        <ele>66.1999969482421875</ele>
        <time>2026-09-17T08:58:05.000Z</time>
        <extensions>
          <ns3:TrackPointExtension>
            <ns3:hr>140</ns3:hr>
            <ns3:cad>82</ns3:cad>
          </ns3:TrackPointExtension>
        </extensions>
      </trkpt>
      <trkpt lat="37.50918273814022541046142578125" lon="127.04446546733379364013671875">
        <ele>66</ele>
        <time>2026-09-17T08:58:06.000Z</time>
        <extensions>
          <ns3:TrackPointExtension>
            <ns3:hr>140</ns3:hr>
            <ns3:cad>40</ns3:cad>
          </ns3:TrackPointExtension>
        </extensions>
      </trkpt>
      <trkpt lat="37.50915742479264736175537109375" lon="127.04448047094047069549560546875">
        <ele>65.8000030517578125</ele>
        <time>2026-09-17T08:58:07.000Z</time>
        <extensions>
          <ns3:TrackPointExtension>
            <ns3:hr>140</ns3:hr>
            <ns3:cad>40</ns3:cad>
          </ns3:TrackPointExtension>
        </extensions>
      </trkpt>
      <trkpt lat="37.5091228075325489044189453125" lon="127.0444887690246105194091796875">
        <ele>65.59999847412109375</ele>
        <time>2026-09-17T08:58:08.000Z</time>
        <extensions>
          <ns3:TrackPointExtension>
            <ns3:hr>140</ns3:hr>
            <ns3:cad>40</ns3:cad>
          </ns3:TrackPointExtension>
        </extensions>
      </trkpt>
      <trkpt lat="37.50909590162336826324462890625" lon="127.04449187032878398895263671875">
        <ele>65.1999969482421875</ele>
        <time>2026-09-17T08:58:09.000Z</time>
        <extensions>
          <ns3:TrackPointExtension>
            <ns3:hr>141</ns3:hr>
            <ns3:cad>40</ns3:cad>
          </ns3:TrackPointExtension>
        </extensions>
      </trkpt>
      <trkpt lat="37.50907008536159992218017578125" lon="127.04450980760157108306884765625">
        <ele>65</ele>
        <time>2026-09-17T08:58:10.000Z</time>
        <extensions>
          <ns3:TrackPointExtension>
            <ns3:hr>141</ns3:hr>
            <ns3:cad>40</ns3:cad>
          </ns3:TrackPointExtension>
        </extensions>
      </trkpt>
      <trkpt lat="37.5090363062918186187744140625" lon="127.044528163969516754150390625">
        <ele>64.8000030517578125</ele>
        <time>2026-09-17T08:58:11.000Z</time>
        <extensions>
          <ns3:TrackPointExtension>
            <ns3:hr>141</ns3:hr>
            <ns3:cad>40</ns3:cad>
          </ns3:TrackPointExtension>
        </extensions>
      </trkpt>
      <trkpt lat="37.50901409424841403961181640625" lon="127.04455473460257053375244140625">
        <ele>64.59999847412109375</ele>
        <time>2026-09-17T08:58:12.000Z</time>
        <extensions>
          <ns3:TrackPointExtension>
            <ns3:hr>141</ns3:hr>
            <ns3:cad>40</ns3:cad>
          </ns3:TrackPointExtension>
        </extensions>
      </trkpt>
      <trkpt lat="37.508988194167613983154296875" lon="127.04458105377852916717529296875">
        <ele>64.40000152587890625</ele>
        <time>2026-09-17T08:58:13.000Z</time>
        <extensions>
          <ns3:TrackPointExtension>
            <ns3:hr>141</ns3:hr>
            <ns3:cad>40</ns3:cad>
          </ns3:TrackPointExtension>
        </extensions>
      </trkpt>
      <trkpt lat="37.50896774232387542724609375" lon="127.0445984043180942535400390625">
        <ele>64.1999969482421875</ele>
        <time>2026-09-17T08:58:14.000Z</time>
        <extensions>
          <ns3:TrackPointExtension>
            <ns3:hr>140</ns3:hr>
            <ns3:cad>40</ns3:cad>
          </ns3:TrackPointExtension>
        </extensions>
      </trkpt>
      <trkpt lat="37.50894519500434398651123046875" lon="127.04462103545665740966796875">
        <ele>63.799999237060546875</ele>
        <time>2026-09-17T08:58:15.000Z</time>
        <extensions>
          <ns3:TrackPointExtension>
            <ns3:hr>140</ns3:hr>
            <ns3:cad>83</ns3:cad>
          </ns3:TrackPointExtension>
        </extensions>
      </trkpt>
      <trkpt lat="37.50891502015292644500732421875" lon="127.04464676789939403533935546875">
        <ele>63.59999847412109375</ele>
        <time>2026-09-17T08:58:16.000Z</time>
        <extensions>
          <ns3:TrackPointExtension>
            <ns3:hr>140</ns3:hr>
            <ns3:cad>83</ns3:cad>
          </ns3:TrackPointExtension>
        </extensions>
      </trkpt>
      <trkpt lat="37.50889121554791927337646484375" lon="127.04465925693511962890625">
        <ele>63.40000152587890625</ele>
        <time>2026-09-17T08:58:17.000Z</time>
        <extensions>
          <ns3:TrackPointExtension>
            <ns3:hr>139</ns3:hr>
            <ns3:cad>83</ns3:cad>
          </ns3:TrackPointExtension>
        </extensions>
      </trkpt>
      <trkpt lat="37.5088649801909923553466796875" lon="127.044679708778858184814453125">
        <ele>63.40000152587890625</ele>
        <time>2026-09-17T08:58:18.000Z</time>
        <extensions>
          <ns3:TrackPointExtension>
            <ns3:hr>139</ns3:hr>
            <ns3:cad>83</ns3:cad>
          </ns3:TrackPointExtension>
        </extensions>
      </trkpt>
      <trkpt lat="37.5088408403098583221435546875" lon="127.04469538293778896331787109375">
        <ele>63.200000762939453125</ele>
        <time>2026-09-17T08:58:19.000Z</time>
        <extensions>
          <ns3:TrackPointExtension>
            <ns3:hr>138</ns3:hr>
            <ns3:cad>83</ns3:cad>
          </ns3:TrackPointExtension>
        </extensions>
      </trkpt>
      <trkpt lat="37.50882114283740520477294921875" lon="127.04471952281892299652099609375">
        <ele>63</ele>
        <time>2026-09-17T08:58:20.000Z</time>
        <extensions>
          <ns3:TrackPointExtension>
            <ns3:hr>138</ns3:hr>
            <ns3:cad>83</ns3:cad>
          </ns3:TrackPointExtension>
        </extensions>
      </trkpt>
      <trkpt lat="37.50879381783306598663330078125" lon="127.0447383821010589599609375">
        <ele>62.799999237060546875</ele>
        <time>2026-09-17T08:58:21.000Z</time>
        <extensions>
          <ns3:TrackPointExtension>
            <ns3:hr>138</ns3:hr>
            <ns3:cad>83</ns3:cad>
          </ns3:TrackPointExtension>
        </extensions>
      </trkpt>
      <trkpt lat="37.5087680853903293609619140625" lon="127.0447536371648311614990234375">
        <ele>62.59999847412109375</ele>
        <time>2026-09-17T08:58:22.000Z</time>
        <extensions>
          <ns3:TrackPointExtension>
            <ns3:hr>137</ns3:hr>
            <ns3:cad>82</ns3:cad>
          </ns3:TrackPointExtension>
        </extensions>
      </trkpt>
      <trkpt lat="37.508751489222049713134765625" lon="127.044776268303394317626953125">
        <ele>62.40000152587890625</ele>
        <time>2026-09-17T08:58:23.000Z</time>
        <extensions>
          <ns3:TrackPointExtension>
            <ns3:hr>136</ns3:hr>
            <ns3:cad>82</ns3:cad>
          </ns3:TrackPointExtension>
        </extensions>
      </trkpt>
      <trkpt lat="37.50872910954058170318603515625" lon="127.044799737632274627685546875">
        <ele>62</ele>
        <time>2026-09-17T08:58:24.000Z</time>
        <extensions>
          <ns3:TrackPointExtension>
            <ns3:hr>136</ns3:hr>
            <ns3:cad>82</ns3:cad>
          </ns3:TrackPointExtension>
        </extensions>
      </trkpt>
      <trkpt lat="37.508710920810699462890625" lon="127.04481306485831737518310546875">
        <ele>61.799999237060546875</ele>
        <time>2026-09-17T08:58:25.000Z</time>
        <extensions>
          <ns3:TrackPointExtension>
            <ns3:hr>135</ns3:hr>
            <ns3:cad>82</ns3:cad>
          </ns3:TrackPointExtension>
        </extensions>
      </trkpt>
      <trkpt lat="37.50868803821504116058349609375" lon="127.0448362827301025390625">
        <ele>61.59999847412109375</ele>
        <time>2026-09-17T08:58:26.000Z</time>
        <extensions>
          <ns3:TrackPointExtension>
            <ns3:hr>135</ns3:hr>
            <ns3:cad>82</ns3:cad>
          </ns3:TrackPointExtension>
        </extensions>
      </trkpt>
      <trkpt lat="37.5086678378283977508544921875" lon="127.0448572374880313873291015625">
        <ele>61.59999847412109375</ele>
        <time>2026-09-17T08:58:27.000Z</time>
        <extensions>
          <ns3:TrackPointExtension>
            <ns3:hr>135</ns3:hr>
            <ns3:cad>82</ns3:cad>
          </ns3:TrackPointExtension>
        </extensions>
      </trkpt>
      <trkpt lat="37.50864931382238864898681640625" lon="127.04487911425530910491943359375">
        <ele>61.40000152587890625</ele>
        <time>2026-09-17T08:58:28.000Z</time>
        <extensions>
          <ns3:TrackPointExtension>
            <ns3:hr>135</ns3:hr>
            <ns3:cad>82</ns3:cad>
          </ns3:TrackPointExtension>
        </extensions>
      </trkpt>
      <trkpt lat="37.50862282700836658477783203125" lon="127.04490224830806255340576171875">
        <ele>61.200000762939453125</ele>
        <time>2026-09-17T08:58:29.000Z</time>
        <extensions>
          <ns3:TrackPointExtension>
            <ns3:hr>135</ns3:hr>
            <ns3:cad>82</ns3:cad>
          </ns3:TrackPointExtension>
        </extensions>
      </trkpt>
      <trkpt lat="37.50859835185110569000244140625" lon="127.04492202959954738616943359375">
        <ele>61</ele>
        <time>2026-09-17T08:58:30.000Z</time>
        <extensions>
          <ns3:TrackPointExtension>
            <ns3:hr>134</ns3:hr>
            <ns3:cad>82</ns3:cad>
          </ns3:TrackPointExtension>
        </extensions>
      </trkpt>
      <trkpt lat="37.50857639126479625701904296875" lon="127.044943906366825103759765625">
        <ele>60.799999237060546875</ele>
        <time>2026-09-17T08:58:31.000Z</time>
        <extensions>
          <ns3:TrackPointExtension>
            <ns3:hr>134</ns3:hr>
            <ns3:cad>83</ns3:cad>
          </ns3:TrackPointExtension>
        </extensions>
      </trkpt>
      <trkpt lat="37.50854663550853729248046875" lon="127.044975422322750091552734375">
        <ele>60.59999847412109375</ele>
        <time>2026-09-17T08:58:32.000Z</time>
        <extensions>
          <ns3:TrackPointExtension>
            <ns3:hr>134</ns3:hr>
            <ns3:cad>83</ns3:cad>
          </ns3:TrackPointExtension>
        </extensions>
      </trkpt>
      <trkpt lat="37.508525848388671875" lon="127.044994533061981201171875">
        <ele>60.40000152587890625</ele>
        <time>2026-09-17T08:58:33.000Z</time>
        <extensions>
          <ns3:TrackPointExtension>
            <ns3:hr>133</ns3:hr>
            <ns3:cad>83</ns3:cad>
          </ns3:TrackPointExtension>
        </extensions>
      </trkpt>
      <trkpt lat="37.5085001997649669647216796875" lon="127.04501624219119548797607421875">
        <ele>60.40000152587890625</ele>
        <time>2026-09-17T08:58:34.000Z</time>
        <extensions>
          <ns3:TrackPointExtension>
            <ns3:hr>133</ns3:hr>
            <ns3:cad>83</ns3:cad>
          </ns3:TrackPointExtension>
        </extensions>
      </trkpt>
      <trkpt lat="37.50847647897899150848388671875" lon="127.04503786750137805938720703125">
        <ele>60.200000762939453125</ele>
        <time>2026-09-17T08:58:35.000Z</time>
        <extensions>
          <ns3:TrackPointExtension>
            <ns3:hr>133</ns3:hr>
            <ns3:cad>83</ns3:cad>
          </ns3:TrackPointExtension>
        </extensions>
      </trkpt>
      <trkpt lat="37.50846088863909244537353515625" lon="127.04505781643092632293701171875">
        <ele>60</ele>
        <time>2026-09-17T08:58:36.000Z</time>
        <extensions>
          <ns3:TrackPointExtension>
            <ns3:hr>133</ns3:hr>
            <ns3:cad>82</ns3:cad>
          </ns3:TrackPointExtension>
        </extensions>
      </trkpt>
      <trkpt lat="37.50843859277665615081787109375" lon="127.04507910646498203277587890625">
        <ele>60</ele>
        <time>2026-09-17T08:58:37.000Z</time>
        <extensions>
          <ns3:TrackPointExtension>
            <ns3:hr>132</ns3:hr>
            <ns3:cad>82</ns3:cad>
          </ns3:TrackPointExtension>
        </extensions>
      </trkpt>
      <trkpt lat="37.5084197334945201873779296875" lon="127.045099474489688873291015625">
        <ele>59.799999237060546875</ele>
        <time>2026-09-17T08:58:38.000Z</time>
        <extensions>
          <ns3:TrackPointExtension>
            <ns3:hr>132</ns3:hr>
            <ns3:cad>82</ns3:cad>
          </ns3:TrackPointExtension>
        </extensions>
      </trkpt>
      <trkpt lat="37.50840120948851108551025390625" lon="127.04512587748467922210693359375">
        <ele>59.59999847412109375</ele>
        <time>2026-09-17T08:58:39.000Z</time>
        <extensions>
          <ns3:TrackPointExtension>
            <ns3:hr>132</ns3:hr>
            <ns3:cad>82</ns3:cad>
          </ns3:TrackPointExtension>
        </extensions>
      </trkpt>
      <trkpt lat="37.5083774887025356292724609375" lon="127.04515353776514530181884765625">
        <ele>59.40000152587890625</ele>
        <time>2026-09-17T08:58:40.000Z</time>
        <extensions>
          <ns3:TrackPointExtension>
            <ns3:hr>132</ns3:hr>
            <ns3:cad>82</ns3:cad>
          </ns3:TrackPointExtension>
        </extensions>
      </trkpt>
      <trkpt lat="37.50836516730487346649169921875" lon="127.04517315141856670379638671875">
        <ele>59.40000152587890625</ele>
        <time>2026-09-17T08:58:41.000Z</time>
        <extensions>
          <ns3:TrackPointExtension>
            <ns3:hr>131</ns3:hr>
            <ns3:cad>82</ns3:cad>
          </ns3:TrackPointExtension>
        </extensions>
      </trkpt>
      <trkpt lat="37.50834303908050060272216796875" lon="127.04520173370838165283203125">
        <ele>59.200000762939453125</ele>
        <time>2026-09-17T08:58:42.000Z</time>
        <extensions>
          <ns3:TrackPointExtension>
            <ns3:hr>131</ns3:hr>
            <ns3:cad>82</ns3:cad>
          </ns3:TrackPointExtension>
        </extensions>
      </trkpt>
      <trkpt lat="37.50832526944577693939208984375" lon="127.04522947780787944793701171875">
        <ele>59.200000762939453125</ele>
        <time>2026-09-17T08:58:43.000Z</time>
        <extensions>
          <ns3:TrackPointExtension>
            <ns3:hr>131</ns3:hr>
            <ns3:cad>82</ns3:cad>
          </ns3:TrackPointExtension>
        </extensions>
      </trkpt>
      <trkpt lat="37.50831152312457561492919921875" lon="127.0452572219073772430419921875">
        <ele>59</ele>
        <time>2026-09-17T08:58:44.000Z</time>
        <extensions>
          <ns3:TrackPointExtension>
            <ns3:hr>131</ns3:hr>
            <ns3:cad>82</ns3:cad>
          </ns3:TrackPointExtension>
        </extensions>
      </trkpt>
      <trkpt lat="37.508290149271488189697265625" lon="127.04528345726430416107177734375">
        <ele>58.799999237060546875</ele>
        <time>2026-09-17T08:58:45.000Z</time>
        <extensions>
          <ns3:TrackPointExtension>
            <ns3:hr>130</ns3:hr>
            <ns3:cad>82</ns3:cad>
          </ns3:TrackPointExtension>
        </extensions>
      </trkpt>
      <trkpt lat="37.5082792527973651885986328125" lon="127.045306004583835601806640625">
        <ele>58.59999847412109375</ele>
        <time>2026-09-17T08:58:46.000Z</time>
        <extensions>
          <ns3:TrackPointExtension>
            <ns3:hr>130</ns3:hr>
            <ns3:cad>82</ns3:cad>
          </ns3:TrackPointExtension>
        </extensions>
      </trkpt>
      <trkpt lat="37.5082601420581340789794921875" lon="127.04533928073942661285400390625">
        <ele>58.40000152587890625</ele>
        <time>2026-09-17T08:58:47.000Z</time>
        <extensions>
          <ns3:TrackPointExtension>
            <ns3:hr>130</ns3:hr>
            <ns3:cad>82</ns3:cad>
          </ns3:TrackPointExtension>
        </extensions>
      </trkpt>
      <trkpt lat="37.50823860056698322296142578125" lon="127.0453661866486072540283203125">
        <ele>58.40000152587890625</ele>
        <time>2026-09-17T08:58:48.000Z</time>
        <extensions>
          <ns3:TrackPointExtension>
            <ns3:hr>130</ns3:hr>
            <ns3:cad>82</ns3:cad>
          </ns3:TrackPointExtension>
        </extensions>
      </trkpt>
      <trkpt lat="37.50822267495095729827880859375" lon="127.0453913323581218719482421875">
        <ele>58.40000152587890625</ele>
        <time>2026-09-17T08:58:49.000Z</time>
        <extensions>
          <ns3:TrackPointExtension>
            <ns3:hr>130</ns3:hr>
            <ns3:cad>82</ns3:cad>
          </ns3:TrackPointExtension>
        </extensions>
      </trkpt>
      <trkpt lat="37.5081972777843475341796875" lon="127.0454087667167186737060546875">
        <ele>58.200000762939453125</ele>
        <time>2026-09-17T08:58:50.000Z</time>
        <extensions>
          <ns3:TrackPointExtension>
            <ns3:hr>130</ns3:hr>
            <ns3:cad>82</ns3:cad>
          </ns3:TrackPointExtension>
        </extensions>
      </trkpt>
      <trkpt lat="37.50818043015897274017333984375" lon="127.04543114639818668365478515625">
        <ele>58</ele>
        <time>2026-09-17T08:58:51.000Z</time>
        <extensions>
          <ns3:TrackPointExtension>
            <ns3:hr>130</ns3:hr>
            <ns3:cad>82</ns3:cad>
          </ns3:TrackPointExtension>
        </extensions>
      </trkpt>
      <trkpt lat="37.5081639178097248077392578125" lon="127.04546299763023853302001953125">
        <ele>58</ele>
        <time>2026-09-17T08:58:52.000Z</time>
        <extensions>
          <ns3:TrackPointExtension>
            <ns3:hr>129</ns3:hr>
            <ns3:cad>82</ns3:cad>
          </ns3:TrackPointExtension>
        </extensions>
      </trkpt>
      <trkpt lat="37.50814572907984256744384765625" lon="127.04549283720552921295166015625">
        <ele>57.799999237060546875</ele>
        <time>2026-09-17T08:58:53.000Z</time>
        <extensions>
          <ns3:TrackPointExtension>
            <ns3:hr>129</ns3:hr>
            <ns3:cad>82</ns3:cad>
          </ns3:TrackPointExtension>
        </extensions>
      </trkpt>
      <trkpt lat="37.50813734717667102813720703125" lon="127.0455234311521053314208984375">
        <ele>57.59999847412109375</ele>
        <time>2026-09-17T08:58:54.000Z</time>
        <extensions>
          <ns3:TrackPointExtension>
            <ns3:hr>129</ns3:hr>
            <ns3:cad>82</ns3:cad>
          </ns3:TrackPointExtension>
        </extensions>
      </trkpt>
      <trkpt lat="37.5081220082938671112060546875" lon="127.04555771313607692718505859375">
        <ele>57.40000152587890625</ele>
        <time>2026-09-17T08:58:55.000Z</time>
        <extensions>
          <ns3:TrackPointExtension>
            <ns3:hr>129</ns3:hr>
            <ns3:cad>82</ns3:cad>
          </ns3:TrackPointExtension>
        </extensions>
      </trkpt>
      <trkpt lat="37.50810482539236545562744140625" lon="127.0455857925117015838623046875">
        <ele>57.40000152587890625</ele>
        <time>2026-09-17T08:58:56.000Z</time>
        <extensions>
          <ns3:TrackPointExtension>
            <ns3:hr>129</ns3:hr>
            <ns3:cad>82</ns3:cad>
          </ns3:TrackPointExtension>
        </extensions>
      </trkpt>
      <trkpt lat="37.5080819427967071533203125" lon="127.045607753098011016845703125">
        <ele>57.40000152587890625</ele>
        <time>2026-09-17T08:58:57.000Z</time>
        <extensions>
          <ns3:TrackPointExtension>
            <ns3:hr>129</ns3:hr>
            <ns3:cad>83</ns3:cad>
          </ns3:TrackPointExtension>
        </extensions>
      </trkpt>
      <trkpt lat="37.5080596469342708587646484375" lon="127.04563834704458713531494140625">
        <ele>57.200000762939453125</ele>
        <time>2026-09-17T08:58:58.000Z</time>
        <extensions>
          <ns3:TrackPointExtension>
            <ns3:hr>129</ns3:hr>
            <ns3:cad>83</ns3:cad>
          </ns3:TrackPointExtension>
        </extensions>
      </trkpt>
      <trkpt lat="37.50804916955530643463134765625" lon="127.04565770924091339111328125">
        <ele>57.200000762939453125</ele>
        <time>2026-09-17T08:58:59.000Z</time>
        <extensions>
          <ns3:TrackPointExtension>
            <ns3:hr>129</ns3:hr>
            <ns3:cad>83</ns3:cad>
          </ns3:TrackPointExtension>
        </extensions>
      </trkpt>
      <trkpt lat="37.508030645549297332763671875" lon="127.04568964429199695587158203125">
        <ele>57</ele>
        <time>2026-09-17T08:59:00.000Z</time>
        <extensions>
          <ns3:TrackPointExtension>
            <ns3:hr>130</ns3:hr>
            <ns3:cad>82</ns3:cad>
          </ns3:TrackPointExtension>
        </extensions>
      </trkpt>
      <trkpt lat="37.508012540638446807861328125" lon="127.04571546055376529693603515625">
        <ele>56.799999237060546875</ele>
        <time>2026-09-17T08:59:01.000Z</time>
        <extensions>
          <ns3:TrackPointExtension>
            <ns3:hr>129</ns3:hr>
            <ns3:cad>82</ns3:cad>
          </ns3:TrackPointExtension>
        </extensions>
      </trkpt>
      <trkpt lat="37.50799904577434062957763671875" lon="127.0457373373210430145263671875">
        <ele>56.59999847412109375</ele>
        <time>2026-09-17T08:59:02.000Z</time>
        <extensions>
          <ns3:TrackPointExtension>
            <ns3:hr>129</ns3:hr>
            <ns3:cad>82</ns3:cad>
          </ns3:TrackPointExtension>
        </extensions>
      </trkpt>
      <trkpt lat="37.50797909684479236602783203125" lon="127.04576390795409679412841796875">
        <ele>56.59999847412109375</ele>
        <time>2026-09-17T08:59:03.000Z</time>
        <extensions>
          <ns3:TrackPointExtension>
            <ns3:hr>130</ns3:hr>
            <ns3:cad>82</ns3:cad>
          </ns3:TrackPointExtension>
        </extensions>
      </trkpt>
      <trkpt lat="37.50796015374362468719482421875" lon="127.04578385688364505767822265625">
        <ele>56.40000152587890625</ele>
        <time>2026-09-17T08:59:04.000Z</time>
        <extensions>
          <ns3:TrackPointExtension>
            <ns3:hr>129</ns3:hr>
            <ns3:cad>82</ns3:cad>
          </ns3:TrackPointExtension>
        </extensions>
      </trkpt>
      <trkpt lat="37.50794825144112110137939453125" lon="127.045810930430889129638671875">
        <ele>56.40000152587890625</ele>
        <time>2026-09-17T08:59:05.000Z</time>
        <extensions>
          <ns3:TrackPointExtension>
            <ns3:hr>129</ns3:hr>
            <ns3:cad>83</ns3:cad>
          </ns3:TrackPointExtension>
        </extensions>
      </trkpt>
      <trkpt lat="37.50792813487350940704345703125" lon="127.0458335615694522857666015625">
        <ele>56.40000152587890625</ele>
        <time>2026-09-17T08:59:06.000Z</time>
        <extensions>
          <ns3:TrackPointExtension>
            <ns3:hr>129</ns3:hr>
            <ns3:cad>83</ns3:cad>
          </ns3:TrackPointExtension>
        </extensions>
      </trkpt>
      <trkpt lat="37.50791472382843494415283203125" lon="127.04585527069866657257080078125">
        <ele>56.40000152587890625</ele>
        <time>2026-09-17T08:59:07.000Z</time>
        <extensions>
          <ns3:TrackPointExtension>
            <ns3:hr>130</ns3:hr>
            <ns3:cad>83</ns3:cad>
          </ns3:TrackPointExtension>
        </extensions>
      </trkpt>
      <trkpt lat="37.50789192505180835723876953125" lon="127.0458915643393993377685546875">
        <ele>56.200000762939453125</ele>
        <time>2026-09-17T08:59:08.000Z</time>
        <extensions>
          <ns3:TrackPointExtension>
            <ns3:hr>129</ns3:hr>
            <ns3:cad>83</ns3:cad>
          </ns3:TrackPointExtension>
        </extensions>
      </trkpt>
      <trkpt lat="37.507871724665164947509765625" lon="127.04591880552470684051513671875">
        <ele>56.200000762939453125</ele>
        <time>2026-09-17T08:59:09.000Z</time>
        <extensions>
          <ns3:TrackPointExtension>
            <ns3:hr>129</ns3:hr>
            <ns3:cad>82</ns3:cad>
          </ns3:TrackPointExtension>
        </extensions>
      </trkpt>
      <trkpt lat="37.5078614987432956695556640625" lon="127.0459472201764583587646484375">
        <ele>56.200000762939453125</ele>
        <time>2026-09-17T08:59:10.000Z</time>
        <extensions>
          <ns3:TrackPointExtension>
            <ns3:hr>129</ns3:hr>
            <ns3:cad>82</ns3:cad>
          </ns3:TrackPointExtension>
        </extensions>
      </trkpt>
      <trkpt lat="37.5078376941382884979248046875" lon="127.045983262360095977783203125">
        <ele>56</ele>
        <time>2026-09-17T08:59:11.000Z</time>
        <extensions>
          <ns3:TrackPointExtension>
            <ns3:hr>129</ns3:hr>
            <ns3:cad>82</ns3:cad>
          </ns3:TrackPointExtension>
        </extensions>
      </trkpt>
      <trkpt lat="37.50782235525548458099365234375" lon="127.0460132695734500885009765625">
        <ele>56</ele>
        <time>2026-09-17T08:59:12.000Z</time>
        <extensions>
          <ns3:TrackPointExtension>
            <ns3:hr>129</ns3:hr>
            <ns3:cad>82</ns3:cad>
          </ns3:TrackPointExtension>
        </extensions>
      </trkpt>
      <trkpt lat="37.50780793838202953338623046875" lon="127.04604528844356536865234375">
        <ele>56</ele>
        <time>2026-09-17T08:59:13.000Z</time>
        <extensions>
          <ns3:TrackPointExtension>
            <ns3:hr>129</ns3:hr>
            <ns3:cad>82</ns3:cad>
          </ns3:TrackPointExtension>
        </extensions>
      </trkpt>
      <trkpt lat="37.50779033638536930084228515625" lon="127.0460806600749492645263671875">
        <ele>55.799999237060546875</ele>
        <time>2026-09-17T08:59:14.000Z</time>
        <extensions>
          <ns3:TrackPointExtension>
            <ns3:hr>129</ns3:hr>
            <ns3:cad>82</ns3:cad>
          </ns3:TrackPointExtension>
        </extensions>
      </trkpt>
      <trkpt lat="37.5077837146818637847900390625" lon="127.04610706306993961334228515625">
        <ele>55.799999237060546875</ele>
        <time>2026-09-17T08:59:15.000Z</time>
        <extensions>
          <ns3:TrackPointExtension>
            <ns3:hr>129</ns3:hr>
            <ns3:cad>82</ns3:cad>
          </ns3:TrackPointExtension>
        </extensions>
      </trkpt>
      <trkpt lat="37.5077649392187595367431640625" lon="127.0461440272629261016845703125">
        <ele>55.799999237060546875</ele>
        <time>2026-09-17T08:59:16.000Z</time>
        <extensions>
          <ns3:TrackPointExtension>
            <ns3:hr>129</ns3:hr>
            <ns3:cad>82</ns3:cad>
          </ns3:TrackPointExtension>
        </extensions>
      </trkpt>
      <trkpt lat="37.50774524174630641937255859375" lon="127.0461706817150115966796875">
        <ele>55.59999847412109375</ele>
        <time>2026-09-17T08:59:17.000Z</time>
        <extensions>
          <ns3:TrackPointExtension>
            <ns3:hr>129</ns3:hr>
            <ns3:cad>82</ns3:cad>
          </ns3:TrackPointExtension>
        </extensions>
      </trkpt>
      <trkpt lat="37.50773685984313488006591796875" lon="127.0461959950625896453857421875">
        <ele>55.59999847412109375</ele>
        <time>2026-09-17T08:59:18.000Z</time>
        <extensions>
          <ns3:TrackPointExtension>
            <ns3:hr>129</ns3:hr>
            <ns3:cad>82</ns3:cad>
          </ns3:TrackPointExtension>
        </extensions>
      </trkpt>
      <trkpt lat="37.50771582126617431640625" lon="127.04623329453170299530029296875">
        <ele>55.59999847412109375</ele>
        <time>2026-09-17T08:59:19.000Z</time>
        <extensions>
          <ns3:TrackPointExtension>
            <ns3:hr>129</ns3:hr>
            <ns3:cad>82</ns3:cad>
          </ns3:TrackPointExtension>
        </extensions>
      </trkpt>
      <trkpt lat="37.507708780467510223388671875" lon="127.0462627150118350982666015625">
        <ele>55.40000152587890625</ele>
        <time>2026-09-17T08:59:20.000Z</time>
        <extensions>
          <ns3:TrackPointExtension>
            <ns3:hr>129</ns3:hr>
            <ns3:cad>82</ns3:cad>
          </ns3:TrackPointExtension>
        </extensions>
      </trkpt>
      <trkpt lat="37.50769780017435550689697265625" lon="127.04629314132034778594970703125">
        <ele>55.200000762939453125</ele>
        <time>2026-09-17T08:59:21.000Z</time>
        <extensions>
          <ns3:TrackPointExtension>
            <ns3:hr>129</ns3:hr>
            <ns3:cad>82</ns3:cad>
          </ns3:TrackPointExtension>
        </extensions>
      </trkpt>
      <trkpt lat="37.50767902471125125885009765625" lon="127.0463233999907970428466796875">
        <ele>55.200000762939453125</ele>
        <time>2026-09-17T08:59:22.000Z</time>
        <extensions>
          <ns3:TrackPointExtension>
            <ns3:hr>129</ns3:hr>
            <ns3:cad>82</ns3:cad>
          </ns3:TrackPointExtension>
        </extensions>
      </trkpt>
      <trkpt lat="37.50766418874263763427734375" lon="127.0463502220809459686279296875">
        <ele>55.200000762939453125</ele>
        <time>2026-09-17T08:59:23.000Z</time>
        <extensions>
          <ns3:TrackPointExtension>
            <ns3:hr>129</ns3:hr>
            <ns3:cad>82</ns3:cad>
          </ns3:TrackPointExtension>
        </extensions>
      </trkpt>
      <trkpt lat="37.5076415576040744781494140625" lon="127.0463767088949680328369140625">
        <ele>55.200000762939453125</ele>
        <time>2026-09-17T08:59:24.000Z</time>
        <extensions>
          <ns3:TrackPointExtension>
            <ns3:hr>129</ns3:hr>
            <ns3:cad>81</ns3:cad>
          </ns3:TrackPointExtension>
        </extensions>
      </trkpt>
      <trkpt lat="37.50761683098971843719482421875" lon="127.046400010585784912109375">
        <ele>55</ele>
        <time>2026-09-17T08:59:25.000Z</time>
        <extensions>
          <ns3:TrackPointExtension>
            <ns3:hr>129</ns3:hr>
            <ns3:cad>81</ns3:cad>
          </ns3:TrackPointExtension>
        </extensions>
      </trkpt>
      <trkpt lat="37.50760249793529510498046875" lon="127.046427838504314422607421875">
        <ele>55</ele>
        <time>2026-09-17T08:59:26.000Z</time>
        <extensions>
          <ns3:TrackPointExtension>
            <ns3:hr>129</ns3:hr>
            <ns3:cad>81</ns3:cad>
          </ns3:TrackPointExtension>
        </extensions>
      </trkpt>
      <trkpt lat="37.50758011825382709503173828125" lon="127.04646094702184200286865234375">
        <ele>54.799999237060546875</ele>
        <time>2026-09-17T08:59:27.000Z</time>
        <extensions>
          <ns3:TrackPointExtension>
            <ns3:hr>129</ns3:hr>
            <ns3:cad>81</ns3:cad>
          </ns3:TrackPointExtension>
        </extensions>
      </trkpt>
      <trkpt lat="37.507561929523944854736328125" lon="127.04648307524621486663818359375">
        <ele>54.59999847412109375</ele>
        <time>2026-09-17T08:59:28.000Z</time>
        <extensions>
          <ns3:TrackPointExtension>
            <ns3:hr>129</ns3:hr>
            <ns3:cad>81</ns3:cad>
          </ns3:TrackPointExtension>
        </extensions>
      </trkpt>
      <trkpt lat="37.50754692591726779937744140625" lon="127.04650872386991977691650390625">
        <ele>54.40000152587890625</ele>
        <time>2026-09-17T08:59:29.000Z</time>
        <extensions>
          <ns3:TrackPointExtension>
            <ns3:hr>129</ns3:hr>
            <ns3:cad>81</ns3:cad>
          </ns3:TrackPointExtension>
        </extensions>
      </trkpt>
      <trkpt lat="37.5075258873403072357177734375" lon="127.04654208384454250335693359375">
        <ele>54.200000762939453125</ele>
        <time>2026-09-17T08:59:30.000Z</time>
        <extensions>
          <ns3:TrackPointExtension>
            <ns3:hr>129</ns3:hr>
            <ns3:cad>83</ns3:cad>
          </ns3:TrackPointExtension>
        </extensions>
      </trkpt>
      <trkpt lat="37.50752060674130916595458984375" lon="127.04656354151666164398193359375">
        <ele>54.40000152587890625</ele>
        <time>2026-09-17T08:59:31.000Z</time>
        <extensions>
          <ns3:TrackPointExtension>
            <ns3:hr>130</ns3:hr>
            <ns3:cad>83</ns3:cad>
          </ns3:TrackPointExtension>
        </extensions>
      </trkpt>
      <trkpt lat="37.5075034238398075103759765625" lon="127.04659673385322093963623046875">
        <ele>54.40000152587890625</ele>
        <time>2026-09-17T08:59:32.000Z</time>
        <extensions>
          <ns3:TrackPointExtension>
            <ns3:hr>130</ns3:hr>
            <ns3:cad>82</ns3:cad>
          </ns3:TrackPointExtension>
        </extensions>
      </trkpt>
      <trkpt lat="37.50748422928154468536376953125" lon="127.0466244779527187347412109375">
        <ele>54.40000152587890625</ele>
        <time>2026-09-17T08:59:33.000Z</time>
        <extensions>
          <ns3:TrackPointExtension>
            <ns3:hr>130</ns3:hr>
            <ns3:cad>82</ns3:cad>
          </ns3:TrackPointExtension>
        </extensions>
      </trkpt>
      <trkpt lat="37.5074735842645168304443359375" lon="127.04664434306323528289794921875">
        <ele>54.40000152587890625</ele>
        <time>2026-09-17T08:59:34.000Z</time>
        <extensions>
          <ns3:TrackPointExtension>
            <ns3:hr>130</ns3:hr>
            <ns3:cad>82</ns3:cad>
          </ns3:TrackPointExtension>
        </extensions>
      </trkpt>
      <trkpt lat="37.50744869001209735870361328125" lon="127.04667317681014537811279296875">
        <ele>54.40000152587890625</ele>
        <time>2026-09-17T08:59:35.000Z</time>
        <extensions>
          <ns3:TrackPointExtension>
            <ns3:hr>130</ns3:hr>
            <ns3:cad>83</ns3:cad>
          </ns3:TrackPointExtension>
        </extensions>
      </trkpt>
      <trkpt lat="37.50743544660508632659912109375" lon="127.04669832251965999603271484375">
        <ele>54.40000152587890625</ele>
        <time>2026-09-17T08:59:36.000Z</time>
        <extensions>
          <ns3:TrackPointExtension>
            <ns3:hr>130</ns3:hr>
            <ns3:cad>83</ns3:cad>
          </ns3:TrackPointExtension>
        </extensions>
      </trkpt>
      <trkpt lat="37.50741876661777496337890625" lon="127.04672380350530147552490234375">
        <ele>54.200000762939453125</ele>
        <time>2026-09-17T08:59:37.000Z</time>
        <extensions>
          <ns3:TrackPointExtension>
            <ns3:hr>131</ns3:hr>
            <ns3:cad>83</ns3:cad>
          </ns3:TrackPointExtension>
        </extensions>
      </trkpt>
      <trkpt lat="37.50739621929824352264404296875" lon="127.04675029031932353973388671875">
        <ele>54.200000762939453125</ele>
        <time>2026-09-17T08:59:38.000Z</time>
        <extensions>
          <ns3:TrackPointExtension>
            <ns3:hr>131</ns3:hr>
            <ns3:cad>82</ns3:cad>
          </ns3:TrackPointExtension>
        </extensions>
      </trkpt>
      <trkpt lat="37.50738213770091533660888671875" lon="127.04677359201014041900634765625">
        <ele>54.200000762939453125</ele>
        <time>2026-09-17T08:59:39.000Z</time>
        <extensions>
          <ns3:TrackPointExtension>
            <ns3:hr>131</ns3:hr>
            <ns3:cad>82</ns3:cad>
          </ns3:TrackPointExtension>
        </extensions>
      </trkpt>
      <trkpt lat="37.5073605962097644805908203125" lon="127.046806029975414276123046875">
        <ele>54.200000762939453125</ele>
        <time>2026-09-17T08:59:40.000Z</time>
        <extensions>
          <ns3:TrackPointExtension>
            <ns3:hr>130</ns3:hr>
            <ns3:cad>82</ns3:cad>
          </ns3:TrackPointExtension>
        </extensions>
      </trkpt>
      <trkpt lat="37.5073389708995819091796875" lon="127.0468293316662311553955078125">
        <ele>54.200000762939453125</ele>
        <time>2026-09-17T08:59:41.000Z</time>
        <extensions>
          <ns3:TrackPointExtension>
            <ns3:hr>130</ns3:hr>
            <ns3:cad>82</ns3:cad>
          </ns3:TrackPointExtension>
        </extensions>
      </trkpt>
      <trkpt lat="37.5073263980448246002197265625" lon="127.0468514598906040191650390625">
        <ele>54.40000152587890625</ele>
        <time>2026-09-17T08:59:42.000Z</time>
        <extensions>
          <ns3:TrackPointExtension>
            <ns3:hr>130</ns3:hr>
            <ns3:cad>82</ns3:cad>
          </ns3:TrackPointExtension>
        </extensions>
      </trkpt>
      <trkpt lat="37.5073059462010860443115234375" lon="127.04687937162816524505615234375">
        <ele>54.200000762939453125</ele>
        <time>2026-09-17T08:59:43.000Z</time>
        <extensions>
          <ns3:TrackPointExtension>
            <ns3:hr>131</ns3:hr>
            <ns3:cad>82</ns3:cad>
          </ns3:TrackPointExtension>
        </extensions>
      </trkpt>
      <trkpt lat="37.5072891823947429656982421875" lon="127.04690552316606044769287109375">
        <ele>54.200000762939453125</ele>
        <time>2026-09-17T08:59:44.000Z</time>
        <extensions>
          <ns3:TrackPointExtension>
            <ns3:hr>131</ns3:hr>
            <ns3:cad>82</ns3:cad>
          </ns3:TrackPointExtension>
        </extensions>
      </trkpt>
      <trkpt lat="37.50728130340576171875" lon="127.04692882485687732696533203125">
        <ele>54</ele>
        <time>2026-09-17T08:59:45.000Z</time>
        <extensions>
          <ns3:TrackPointExtension>
            <ns3:hr>131</ns3:hr>
            <ns3:cad>82</ns3:cad>
          </ns3:TrackPointExtension>
        </extensions>
      </trkpt>
      <trkpt lat="37.50725976191461086273193359375" lon="127.0469657890498638153076171875">
        <ele>54</ele>
        <time>2026-09-17T08:59:46.000Z</time>
        <extensions>
          <ns3:TrackPointExtension>
            <ns3:hr>132</ns3:hr>
            <ns3:cad>82</ns3:cad>
          </ns3:TrackPointExtension>
        </extensions>
      </trkpt>
      <trkpt lat="37.50724333338439464569091796875" lon="127.04698431305587291717529296875">
        <ele>53.799999237060546875</ele>
        <time>2026-09-17T08:59:47.000Z</time>
        <extensions>
          <ns3:TrackPointExtension>
            <ns3:hr>132</ns3:hr>
            <ns3:cad>82</ns3:cad>
          </ns3:TrackPointExtension>
        </extensions>
      </trkpt>
      <trkpt lat="37.507219612598419189453125" lon="127.0470035076141357421875">
        <ele>53.59999847412109375</ele>
        <time>2026-09-17T08:59:48.000Z</time>
        <extensions>
          <ns3:TrackPointExtension>
            <ns3:hr>133</ns3:hr>
            <ns3:cad>82</ns3:cad>
          </ns3:TrackPointExtension>
        </extensions>
      </trkpt>
      <trkpt lat="37.50720075331628322601318359375" lon="127.0470301620662212371826171875">
        <ele>53.59999847412109375</ele>
        <time>2026-09-17T08:59:49.000Z</time>
        <extensions>
          <ns3:TrackPointExtension>
            <ns3:hr>134</ns3:hr>
            <ns3:cad>82</ns3:cad>
          </ns3:TrackPointExtension>
        </extensions>
      </trkpt>
      <trkpt lat="37.507191114127635955810546875" lon="127.04705622978508472442626953125">
        <ele>53.59999847412109375</ele>
        <time>2026-09-17T08:59:50.000Z</time>
        <extensions>
          <ns3:TrackPointExtension>
            <ns3:hr>134</ns3:hr>
            <ns3:cad>83</ns3:cad>
          </ns3:TrackPointExtension>
        </extensions>
      </trkpt>
      <trkpt lat="37.50718717463314533233642578125" lon="127.04709629528224468231201171875">
        <ele>53.59999847412109375</ele>
        <time>2026-09-17T08:59:51.000Z</time>
        <extensions>
          <ns3:TrackPointExtension>
            <ns3:hr>134</ns3:hr>
            <ns3:cad>83</ns3:cad>
          </ns3:TrackPointExtension>
        </extensions>
      </trkpt>
      <trkpt lat="37.50718901865184307098388671875" lon="127.04712697304785251617431640625">
        <ele>53.59999847412109375</ele>
        <time>2026-09-17T08:59:52.000Z</time>
        <extensions>
          <ns3:TrackPointExtension>
            <ns3:hr>134</ns3:hr>
            <ns3:cad>83</ns3:cad>
          </ns3:TrackPointExtension>
        </extensions>
      </trkpt>
      <trkpt lat="37.5071859173476696014404296875" lon="127.0471699722111225128173828125">
        <ele>53.40000152587890625</ele>
        <time>2026-09-17T08:59:53.000Z</time>
        <extensions>
          <ns3:TrackPointExtension>
            <ns3:hr>134</ns3:hr>
            <ns3:cad>83</ns3:cad>
          </ns3:TrackPointExtension>
        </extensions>
      </trkpt>
      <trkpt lat="37.50718466006219387054443359375" lon="127.047206349670886993408203125">
        <ele>53.200000762939453125</ele>
        <time>2026-09-17T08:59:54.000Z</time>
        <extensions>
          <ns3:TrackPointExtension>
            <ns3:hr>135</ns3:hr>
            <ns3:cad>83</ns3:cad>
          </ns3:TrackPointExtension>
        </extensions>
      </trkpt>
      <trkpt lat="37.507183067500591278076171875" lon="127.04723929055035114288330078125">
        <ele>53</ele>
        <time>2026-09-17T08:59:55.000Z</time>
        <extensions>
          <ns3:TrackPointExtension>
            <ns3:hr>134</ns3:hr>
            <ns3:cad>83</ns3:cad>
          </ns3:TrackPointExtension>
        </extensions>
      </trkpt>
      <trkpt lat="37.50717292539775371551513671875" lon="127.04728312790393829345703125">
        <ele>52.799999237060546875</ele>
        <time>2026-09-17T08:59:56.000Z</time>
        <extensions>
          <ns3:TrackPointExtension>
            <ns3:hr>135</ns3:hr>
            <ns3:cad>83</ns3:cad>
          </ns3:TrackPointExtension>
        </extensions>
      </trkpt>
      <trkpt lat="37.50717275775969028472900390625" lon="127.04731422476470470428466796875">
        <ele>52.799999237060546875</ele>
        <time>2026-09-17T08:59:57.000Z</time>
        <extensions>
          <ns3:TrackPointExtension>
            <ns3:hr>135</ns3:hr>
            <ns3:cad>83</ns3:cad>
          </ns3:TrackPointExtension>
        </extensions>
      </trkpt>
      <trkpt lat="37.50716722570359706878662109375" lon="127.04735479317605495452880859375">
        <ele>52.59999847412109375</ele>
        <time>2026-09-17T08:59:58.000Z</time>
        <extensions>
          <ns3:TrackPointExtension>
            <ns3:hr>135</ns3:hr>
            <ns3:cad>83</ns3:cad>
          </ns3:TrackPointExtension>
        </extensions>
      </trkpt>
      <trkpt lat="37.50715884380042552947998046875" lon="127.04740047454833984375">
        <ele>52.40000152587890625</ele>
        <time>2026-09-17T08:59:59.000Z</time>
        <extensions>
          <ns3:TrackPointExtension>
            <ns3:hr>135</ns3:hr>
            <ns3:cad>82</ns3:cad>
          </ns3:TrackPointExtension>
        </extensions>
      </trkpt>
      <trkpt lat="37.5071512162685394287109375" lon="127.0474274642765522003173828125">
        <ele>52.200000762939453125</ele>
        <time>2026-09-17T09:00:00.000Z</time>
        <extensions>
          <ns3:TrackPointExtension>
            <ns3:hr>134</ns3:hr>
            <ns3:cad>82</ns3:cad>
          </ns3:TrackPointExtension>
        </extensions>
      </trkpt>
      <trkpt lat="37.5071419961750507354736328125" lon="127.04746954143047332763671875">
        <ele>52.200000762939453125</ele>
        <time>2026-09-17T09:00:01.000Z</time>
        <extensions>
          <ns3:TrackPointExtension>
            <ns3:hr>135</ns3:hr>
            <ns3:cad>82</ns3:cad>
          </ns3:TrackPointExtension>
        </extensions>
      </trkpt>
      <trkpt lat="37.5071373023092746734619140625" lon="127.04750801436603069305419921875">
        <ele>52</ele>
        <time>2026-09-17T09:00:02.000Z</time>
        <extensions>
          <ns3:TrackPointExtension>
            <ns3:hr>134</ns3:hr>
            <ns3:cad>82</ns3:cad>
          </ns3:TrackPointExtension>
        </extensions>
      </trkpt>
      <trkpt lat="37.5071359612047672271728515625" lon="127.04754355363547801971435546875">
        <ele>51.799999237060546875</ele>
        <time>2026-09-17T09:00:03.000Z</time>
        <extensions>
          <ns3:TrackPointExtension>
            <ns3:hr>134</ns3:hr>
            <ns3:cad>82</ns3:cad>
          </ns3:TrackPointExtension>
        </extensions>
      </trkpt>
      <trkpt lat="37.50712833367288112640380859375" lon="127.04758328385651111602783203125">
        <ele>51.59999847412109375</ele>
        <time>2026-09-17T09:00:04.000Z</time>
        <extensions>
          <ns3:TrackPointExtension>
            <ns3:hr>134</ns3:hr>
            <ns3:cad>82</ns3:cad>
          </ns3:TrackPointExtension>
        </extensions>
      </trkpt>
      <trkpt lat="37.50712263397872447967529296875" lon="127.0476155541837215423583984375">
        <ele>51.200000762939453125</ele>
        <time>2026-09-17T09:00:05.000Z</time>
        <extensions>
          <ns3:TrackPointExtension>
            <ns3:hr>135</ns3:hr>
            <ns3:cad>83</ns3:cad>
          </ns3:TrackPointExtension>
        </extensions>
      </trkpt>
      <trkpt lat="37.507120706140995025634765625" lon="127.047651596367359161376953125">
        <ele>51.200000762939453125</ele>
        <time>2026-09-17T09:00:06.000Z</time>
        <extensions>
          <ns3:TrackPointExtension>
            <ns3:hr>134</ns3:hr>
            <ns3:cad>83</ns3:cad>
          </ns3:TrackPointExtension>
        </extensions>
      </trkpt>
      <trkpt lat="37.5071148388087749481201171875" lon="127.04768571071326732635498046875">
        <ele>51.200000762939453125</ele>
        <time>2026-09-17T09:00:07.000Z</time>
        <extensions>
          <ns3:TrackPointExtension>
            <ns3:hr>135</ns3:hr>
            <ns3:cad>83</ns3:cad>
          </ns3:TrackPointExtension>
        </extensions>
      </trkpt>
      <trkpt lat="37.50711643137037754058837890625" lon="127.0477094314992427825927734375">
        <ele>51.40000152587890625</ele>
        <time>2026-09-17T09:00:08.000Z</time>
        <extensions>
          <ns3:TrackPointExtension>
            <ns3:hr>135</ns3:hr>
            <ns3:cad>83</ns3:cad>
          </ns3:TrackPointExtension>
        </extensions>
      </trkpt>
      <trkpt lat="37.507114000618457794189453125" lon="127.0477526821196079254150390625">
        <ele>51.40000152587890625</ele>
        <time>2026-09-17T09:00:09.000Z</time>
        <extensions>
          <ns3:TrackPointExtension>
            <ns3:hr>135</ns3:hr>
            <ns3:cad>83</ns3:cad>
          </ns3:TrackPointExtension>
        </extensions>
      </trkpt>
      <trkpt lat="37.50711089931428432464599609375" lon="127.047783695161342620849609375">
        <ele>51.40000152587890625</ele>
        <time>2026-09-17T09:00:10.000Z</time>
        <extensions>
          <ns3:TrackPointExtension>
            <ns3:hr>135</ns3:hr>
            <ns3:cad>83</ns3:cad>
          </ns3:TrackPointExtension>
        </extensions>
      </trkpt>
      <trkpt lat="37.5071088038384914398193359375" lon="127.04781864769756793975830078125">
        <ele>51.40000152587890625</ele>
        <time>2026-09-17T09:00:11.000Z</time>
        <extensions>
          <ns3:TrackPointExtension>
            <ns3:hr>135</ns3:hr>
            <ns3:cad>83</ns3:cad>
          </ns3:TrackPointExtension>
        </extensions>
      </trkpt>
      <trkpt lat="37.5071010924875736236572265625" lon="127.04785318113863468170166015625">
        <ele>51.40000152587890625</ele>
        <time>2026-09-17T09:00:12.000Z</time>
        <extensions>
          <ns3:TrackPointExtension>
            <ns3:hr>135</ns3:hr>
            <ns3:cad>83</ns3:cad>
          </ns3:TrackPointExtension>
        </extensions>
      </trkpt>
      <trkpt lat="37.5071020983159542083740234375" lon="127.04787882976233959197998046875">
        <ele>51.40000152587890625</ele>
        <time>2026-09-17T09:00:13.000Z</time>
        <extensions>
          <ns3:TrackPointExtension>
            <ns3:hr>136</ns3:hr>
            <ns3:cad>83</ns3:cad>
          </ns3:TrackPointExtension>
        </extensions>
      </trkpt>
      <trkpt lat="37.50710419379174709320068359375" lon="127.04791738651692867279052734375">
        <ele>51.59999847412109375</ele>
        <time>2026-09-17T09:00:14.000Z</time>
        <extensions>
          <ns3:TrackPointExtension>
            <ns3:hr>135</ns3:hr>
            <ns3:cad>83</ns3:cad>
          </ns3:TrackPointExtension>
        </extensions>
      </trkpt>
      <trkpt lat="37.5070997513830661773681640625" lon="127.0479451306164264678955078125">
        <ele>51.59999847412109375</ele>
        <time>2026-09-17T09:00:15.000Z</time>
        <extensions>
          <ns3:TrackPointExtension>
            <ns3:hr>135</ns3:hr>
            <ns3:cad>83</ns3:cad>
          </ns3:TrackPointExtension>
        </extensions>
      </trkpt>
      <trkpt lat="37.5070975720882415771484375" lon="127.0479784905910491943359375">
        <ele>51.59999847412109375</ele>
        <time>2026-09-17T09:00:16.000Z</time>
        <extensions>
          <ns3:TrackPointExtension>
            <ns3:hr>136</ns3:hr>
            <ns3:cad>83</ns3:cad>
          </ns3:TrackPointExtension>
        </extensions>
      </trkpt>
      <trkpt lat="37.5070886872708797454833984375" lon="127.04801134765148162841796875">
        <ele>51.40000152587890625</ele>
        <time>2026-09-17T09:00:17.000Z</time>
        <extensions>
          <ns3:TrackPointExtension>
            <ns3:hr>136</ns3:hr>
            <ns3:cad>83</ns3:cad>
          </ns3:TrackPointExtension>
        </extensions>
      </trkpt>
      <trkpt lat="37.5070860050618648529052734375" lon="127.04804060049355030059814453125">
        <ele>51.40000152587890625</ele>
        <time>2026-09-17T09:00:18.000Z</time>
        <extensions>
          <ns3:TrackPointExtension>
            <ns3:hr>136</ns3:hr>
            <ns3:cad>83</ns3:cad>
          </ns3:TrackPointExtension>
        </extensions>
      </trkpt>
      <trkpt lat="37.50707946717739105224609375" lon="127.0480849407613277435302734375">
        <ele>51.40000152587890625</ele>
        <time>2026-09-17T09:00:19.000Z</time>
        <extensions>
          <ns3:TrackPointExtension>
            <ns3:hr>136</ns3:hr>
            <ns3:cad>83</ns3:cad>
          </ns3:TrackPointExtension>
        </extensions>
      </trkpt>
      <trkpt lat="37.50707301311194896697998046875" lon="127.04812257550656795501708984375">
        <ele>51.40000152587890625</ele>
        <time>2026-09-17T09:00:20.000Z</time>
        <extensions>
          <ns3:TrackPointExtension>
            <ns3:hr>136</ns3:hr>
            <ns3:cad>83</ns3:cad>
          </ns3:TrackPointExtension>
        </extensions>
      </trkpt>
      <trkpt lat="37.50707368366420269012451171875" lon="127.04814638011157512664794921875">
        <ele>51.40000152587890625</ele>
        <time>2026-09-17T09:00:21.000Z</time>
        <extensions>
          <ns3:TrackPointExtension>
            <ns3:hr>136</ns3:hr>
            <ns3:cad>83</ns3:cad>
          </ns3:TrackPointExtension>
        </extensions>
      </trkpt>
      <trkpt lat="37.50706848688423633575439453125" lon="127.04818409867584705352783203125">
        <ele>51.40000152587890625</ele>
        <time>2026-09-17T09:00:22.000Z</time>
        <extensions>
          <ns3:TrackPointExtension>
            <ns3:hr>136</ns3:hr>
            <ns3:cad>83</ns3:cad>
          </ns3:TrackPointExtension>
        </extensions>
      </trkpt>
      <trkpt lat="37.5070648826658725738525390625" lon="127.0482136867940425872802734375">
        <ele>51.59999847412109375</ele>
        <time>2026-09-17T09:00:23.000Z</time>
        <extensions>
          <ns3:TrackPointExtension>
            <ns3:hr>137</ns3:hr>
            <ns3:cad>83</ns3:cad>
          </ns3:TrackPointExtension>
        </extensions>
      </trkpt>
      <trkpt lat="37.50706345774233341217041015625" lon="127.048245705664157867431640625">
        <ele>51.59999847412109375</ele>
        <time>2026-09-17T09:00:24.000Z</time>
        <extensions>
          <ns3:TrackPointExtension>
            <ns3:hr>137</ns3:hr>
            <ns3:cad>83</ns3:cad>
          </ns3:TrackPointExtension>
        </extensions>
      </trkpt>
      <trkpt lat="37.50705641694366931915283203125" lon="127.04828250221908092498779296875">
        <ele>51.59999847412109375</ele>
        <time>2026-09-17T09:00:25.000Z</time>
        <extensions>
          <ns3:TrackPointExtension>
            <ns3:hr>137</ns3:hr>
            <ns3:cad>83</ns3:cad>
          </ns3:TrackPointExtension>
        </extensions>
      </trkpt>
      <trkpt lat="37.5070534832775592803955078125" lon="127.0483119226992130279541015625">
        <ele>51.59999847412109375</ele>
        <time>2026-09-17T09:00:26.000Z</time>
        <extensions>
          <ns3:TrackPointExtension>
            <ns3:hr>137</ns3:hr>
            <ns3:cad>83</ns3:cad>
          </ns3:TrackPointExtension>
        </extensions>
      </trkpt>
      <trkpt lat="37.507046945393085479736328125" lon="127.0483528263866901397705078125">
        <ele>51.40000152587890625</ele>
        <time>2026-09-17T09:00:27.000Z</time>
        <extensions>
          <ns3:TrackPointExtension>
            <ns3:hr>137</ns3:hr>
            <ns3:cad>83</ns3:cad>
          </ns3:TrackPointExtension>
        </extensions>
      </trkpt>
      <trkpt lat="37.50704417936503887176513671875" lon="127.0483830012381076812744140625">
        <ele>51.40000152587890625</ele>
        <time>2026-09-17T09:00:28.000Z</time>
        <extensions>
          <ns3:TrackPointExtension>
            <ns3:hr>137</ns3:hr>
            <ns3:cad>83</ns3:cad>
          </ns3:TrackPointExtension>
        </extensions>
      </trkpt>
      <trkpt lat="37.50703931786119937896728515625" lon="127.04842600040137767791748046875">
        <ele>51.40000152587890625</ele>
        <time>2026-09-17T09:00:29.000Z</time>
        <extensions>
          <ns3:TrackPointExtension>
            <ns3:hr>137</ns3:hr>
            <ns3:cad>83</ns3:cad>
          </ns3:TrackPointExtension>
        </extensions>
      </trkpt>
      <trkpt lat="37.50702850520610809326171875" lon="127.04846556298434734344482421875">
        <ele>51.40000152587890625</ele>
        <time>2026-09-17T09:00:30.000Z</time>
        <extensions>
          <ns3:TrackPointExtension>
            <ns3:hr>137</ns3:hr>
            <ns3:cad>83</ns3:cad>
          </ns3:TrackPointExtension>
        </extensions>
      </trkpt>
      <trkpt lat="37.50702372752130031585693359375" lon="127.0485013537108898162841796875">
        <ele>51.40000152587890625</ele>
        <time>2026-09-17T09:00:31.000Z</time>
        <extensions>
          <ns3:TrackPointExtension>
            <ns3:hr>137</ns3:hr>
            <ns3:cad>83</ns3:cad>
          </ns3:TrackPointExtension>
        </extensions>
      </trkpt>
      <trkpt lat="37.50702003948390483856201171875" lon="127.0485432632267475128173828125">
        <ele>51.40000152587890625</ele>
        <time>2026-09-17T09:00:32.000Z</time>
        <extensions>
          <ns3:TrackPointExtension>
            <ns3:hr>137</ns3:hr>
            <ns3:cad>83</ns3:cad>
          </ns3:TrackPointExtension>
        </extensions>
      </trkpt>
      <trkpt lat="37.50701769255101680755615234375" lon="127.04857670702040195465087890625">
        <ele>51.40000152587890625</ele>
        <time>2026-09-17T09:00:33.000Z</time>
        <extensions>
          <ns3:TrackPointExtension>
            <ns3:hr>137</ns3:hr>
            <ns3:cad>83</ns3:cad>
          </ns3:TrackPointExtension>
        </extensions>
      </trkpt>
      <trkpt lat="37.50701501034200191497802734375" lon="127.04860855825245380401611328125">
        <ele>51.40000152587890625</ele>
        <time>2026-09-17T09:00:34.000Z</time>
        <extensions>
          <ns3:TrackPointExtension>
            <ns3:hr>137</ns3:hr>
            <ns3:cad>83</ns3:cad>
          </ns3:TrackPointExtension>
        </extensions>
      </trkpt>
      <trkpt lat="37.50700729899108409881591796875" lon="127.04865180887281894683837890625">
        <ele>51.40000152587890625</ele>
        <time>2026-09-17T09:00:35.000Z</time>
        <extensions>
          <ns3:TrackPointExtension>
            <ns3:hr>137</ns3:hr>
            <ns3:cad>83</ns3:cad>
          </ns3:TrackPointExtension>
        </extensions>
      </trkpt>
      <trkpt lat="37.50700428150594234466552734375" lon="127.0486824028193950653076171875">
        <ele>51.40000152587890625</ele>
        <time>2026-09-17T09:00:36.000Z</time>
        <extensions>
          <ns3:TrackPointExtension>
            <ns3:hr>137</ns3:hr>
            <ns3:cad>83</ns3:cad>
          </ns3:TrackPointExtension>
        </extensions>
      </trkpt>
      <trkpt lat="37.507000006735324859619140625" lon="127.0487199537456035614013671875">
        <ele>51.40000152587890625</ele>
        <time>2026-09-17T09:00:37.000Z</time>
        <extensions>
          <ns3:TrackPointExtension>
            <ns3:hr>137</ns3:hr>
            <ns3:cad>83</ns3:cad>
          </ns3:TrackPointExtension>
        </extensions>
      </trkpt>
      <trkpt lat="37.5069924630224704742431640625" lon="127.0487564988434314727783203125">
        <ele>51.59999847412109375</ele>
        <time>2026-09-17T09:00:38.000Z</time>
        <extensions>
          <ns3:TrackPointExtension>
            <ns3:hr>137</ns3:hr>
            <ns3:cad>83</ns3:cad>
          </ns3:TrackPointExtension>
        </extensions>
      </trkpt>
      <trkpt lat="37.50699003227055072784423828125" lon="127.0487849973142147064208984375">
        <ele>51.59999847412109375</ele>
        <time>2026-09-17T09:00:39.000Z</time>
        <extensions>
          <ns3:TrackPointExtension>
            <ns3:hr>137</ns3:hr>
            <ns3:cad>83</ns3:cad>
          </ns3:TrackPointExtension>
        </extensions>
      </trkpt>
      <trkpt lat="37.5069850869476795196533203125" lon="127.0488178543746471405029296875">
        <ele>51.59999847412109375</ele>
        <time>2026-09-17T09:00:40.000Z</time>
        <extensions>
          <ns3:TrackPointExtension>
            <ns3:hr>137</ns3:hr>
            <ns3:cad>83</ns3:cad>
          </ns3:TrackPointExtension>
        </extensions>
      </trkpt>
      <trkpt lat="37.50698097981512546539306640625" lon="127.04885364510118961334228515625">
        <ele>51.59999847412109375</ele>
        <time>2026-09-17T09:00:41.000Z</time>
        <extensions>
          <ns3:TrackPointExtension>
            <ns3:hr>138</ns3:hr>
            <ns3:cad>82</ns3:cad>
          </ns3:TrackPointExtension>
        </extensions>
      </trkpt>
      <trkpt lat="37.5069817341864109039306640625" lon="127.04888549633324146270751953125">
        <ele>51.59999847412109375</ele>
        <time>2026-09-17T09:00:42.000Z</time>
        <extensions>
          <ns3:TrackPointExtension>
            <ns3:hr>139</ns3:hr>
            <ns3:cad>82</ns3:cad>
          </ns3:TrackPointExtension>
        </extensions>
      </trkpt>
      <trkpt lat="37.50697745941579341888427734375" lon="127.0489281602203845977783203125">
        <ele>51.40000152587890625</ele>
        <time>2026-09-17T09:00:43.000Z</time>
        <extensions>
          <ns3:TrackPointExtension>
            <ns3:hr>139</ns3:hr>
            <ns3:cad>82</ns3:cad>
          </ns3:TrackPointExtension>
        </extensions>
      </trkpt>
      <trkpt lat="37.5069768726825714111328125" lon="127.04895908944308757781982421875">
        <ele>51.40000152587890625</ele>
        <time>2026-09-17T09:00:44.000Z</time>
        <extensions>
          <ns3:TrackPointExtension>
            <ns3:hr>139</ns3:hr>
            <ns3:cad>83</ns3:cad>
          </ns3:TrackPointExtension>
        </extensions>
      </trkpt>
      <trkpt lat="37.506975866854190826416015625" lon="127.04899613745510578155517578125">
        <ele>51.40000152587890625</ele>
        <time>2026-09-17T09:00:45.000Z</time>
        <extensions>
          <ns3:TrackPointExtension>
            <ns3:hr>139</ns3:hr>
            <ns3:cad>83</ns3:cad>
          </ns3:TrackPointExtension>
        </extensions>
      </trkpt>
      <trkpt lat="37.5069639645516872406005859375" lon="127.04902865923941135406494140625">
        <ele>51.59999847412109375</ele>
        <time>2026-09-17T09:00:46.000Z</time>
        <extensions>
          <ns3:TrackPointExtension>
            <ns3:hr>139</ns3:hr>
            <ns3:cad>83</ns3:cad>
          </ns3:TrackPointExtension>
        </extensions>
      </trkpt>
      <trkpt lat="37.506962120532989501953125" lon="127.04905279912054538726806640625">
        <ele>51.59999847412109375</ele>
        <time>2026-09-17T09:00:47.000Z</time>
        <extensions>
          <ns3:TrackPointExtension>
            <ns3:hr>139</ns3:hr>
            <ns3:cad>83</ns3:cad>
          </ns3:TrackPointExtension>
        </extensions>
      </trkpt>
      <trkpt lat="37.50695717521011829376220703125" lon="127.049085907638072967529296875">
        <ele>51.59999847412109375</ele>
        <time>2026-09-17T09:00:48.000Z</time>
        <extensions>
          <ns3:TrackPointExtension>
            <ns3:hr>139</ns3:hr>
            <ns3:cad>83</ns3:cad>
          </ns3:TrackPointExtension>
        </extensions>
      </trkpt>
      <trkpt lat="37.506949715316295623779296875" lon="127.049118094146251678466796875">
        <ele>51.59999847412109375</ele>
        <time>2026-09-17T09:00:49.000Z</time>
        <extensions>
          <ns3:TrackPointExtension>
            <ns3:hr>139</ns3:hr>
            <ns3:cad>83</ns3:cad>
          </ns3:TrackPointExtension>
        </extensions>
      </trkpt>
      <trkpt lat="37.50694745220243930816650390625" lon="127.04915254376828670501708984375">
        <ele>51.40000152587890625</ele>
        <time>2026-09-17T09:00:50.000Z</time>
        <extensions>
          <ns3:TrackPointExtension>
            <ns3:hr>139</ns3:hr>
            <ns3:cad>82</ns3:cad>
          </ns3:TrackPointExtension>
        </extensions>
      </trkpt>
      <trkpt lat="37.50694460235536098480224609375" lon="127.0491957105696201324462890625">
        <ele>51.40000152587890625</ele>
        <time>2026-09-17T09:00:51.000Z</time>
        <extensions>
          <ns3:TrackPointExtension>
            <ns3:hr>139</ns3:hr>
            <ns3:cad>82</ns3:cad>
          </ns3:TrackPointExtension>
        </extensions>
      </trkpt>
      <trkpt lat="37.50694577582180500030517578125" lon="127.04923233948647975921630859375">
        <ele>51.40000152587890625</ele>
        <time>2026-09-17T09:00:52.000Z</time>
        <extensions>
          <ns3:TrackPointExtension>
            <ns3:hr>138</ns3:hr>
            <ns3:cad>82</ns3:cad>
          </ns3:TrackPointExtension>
        </extensions>
      </trkpt>
      <trkpt lat="37.50694594345986843109130859375" lon="127.04927156679332256317138671875">
        <ele>51.40000152587890625</ele>
        <time>2026-09-17T09:00:53.000Z</time>
        <extensions>
          <ns3:TrackPointExtension>
            <ns3:hr>138</ns3:hr>
            <ns3:cad>82</ns3:cad>
          </ns3:TrackPointExtension>
        </extensions>
      </trkpt>
      <trkpt lat="37.506942339241504669189453125" lon="127.0493076927959918975830078125">
        <ele>51.200000762939453125</ele>
        <time>2026-09-17T09:00:54.000Z</time>
        <extensions>
          <ns3:TrackPointExtension>
            <ns3:hr>138</ns3:hr>
            <ns3:cad>82</ns3:cad>
          </ns3:TrackPointExtension>
        </extensions>
      </trkpt>
      <trkpt lat="37.5069401599466800689697265625" lon="127.049334347248077392578125">
        <ele>51.40000152587890625</ele>
        <time>2026-09-17T09:00:55.000Z</time>
        <extensions>
          <ns3:TrackPointExtension>
            <ns3:hr>138</ns3:hr>
            <ns3:cad>81</ns3:cad>
          </ns3:TrackPointExtension>
        </extensions>
      </trkpt>
      <trkpt lat="37.506935633718967437744140625" lon="127.0493811182677745819091796875">
        <ele>51.40000152587890625</ele>
        <time>2026-09-17T09:00:56.000Z</time>
        <extensions>
          <ns3:TrackPointExtension>
            <ns3:hr>139</ns3:hr>
            <ns3:cad>82</ns3:cad>
          </ns3:TrackPointExtension>
        </extensions>
      </trkpt>
      <trkpt lat="37.5069285929203033447265625" lon="127.04941682517528533935546875">
        <ele>51.200000762939453125</ele>
        <time>2026-09-17T09:00:57.000Z</time>
        <extensions>
          <ns3:TrackPointExtension>
            <ns3:hr>138</ns3:hr>
            <ns3:cad>82</ns3:cad>
          </ns3:TrackPointExtension>
        </extensions>
      </trkpt>
      <trkpt lat="37.50692834146320819854736328125" lon="127.04944591037929058074951171875">
        <ele>51.200000762939453125</ele>
        <time>2026-09-17T09:00:58.000Z</time>
        <extensions>
          <ns3:TrackPointExtension>
            <ns3:hr>138</ns3:hr>
            <ns3:cad>82</ns3:cad>
          </ns3:TrackPointExtension>
        </extensions>
      </trkpt>
      <trkpt lat="37.50691710971295833587646484375" lon="127.0494884066283702850341796875">
        <ele>51.200000762939453125</ele>
        <time>2026-09-17T09:00:59.000Z</time>
        <extensions>
          <ns3:TrackPointExtension>
            <ns3:hr>138</ns3:hr>
            <ns3:cad>82</ns3:cad>
          </ns3:TrackPointExtension>
        </extensions>
      </trkpt>
      <trkpt lat="37.5069150142371654510498046875" lon="127.04951330088078975677490234375">
        <ele>51</ele>
        <time>2026-09-17T09:01:00.000Z</time>
        <extensions>
          <ns3:TrackPointExtension>
            <ns3:hr>138</ns3:hr>
            <ns3:cad>82</ns3:cad>
          </ns3:TrackPointExtension>
        </extensions>
      </trkpt>
      <trkpt lat="37.50690604560077190399169921875" lon="127.04954431392252445220947265625">
        <ele>51</ele>
        <time>2026-09-17T09:01:01.000Z</time>
        <extensions>
          <ns3:TrackPointExtension>
            <ns3:hr>137</ns3:hr>
            <ns3:cad>82</ns3:cad>
          </ns3:TrackPointExtension>
        </extensions>
      </trkpt>
      <trkpt lat="37.50689816661179065704345703125" lon="127.049579434096813201904296875">
        <ele>50.799999237060546875</ele>
        <time>2026-09-17T09:01:02.000Z</time>
        <extensions>
          <ns3:TrackPointExtension>
            <ns3:hr>137</ns3:hr>
            <ns3:cad>82</ns3:cad>
          </ns3:TrackPointExtension>
        </extensions>
      </trkpt>
      <trkpt lat="37.50689514912664890289306640625" lon="127.0496017299592494964599609375">
        <ele>50.799999237060546875</ele>
        <time>2026-09-17T09:01:03.000Z</time>
        <extensions>
          <ns3:TrackPointExtension>
            <ns3:hr>137</ns3:hr>
            <ns3:cad>82</ns3:cad>
          </ns3:TrackPointExtension>
        </extensions>
      </trkpt>
      <trkpt lat="37.50688877888023853302001953125" lon="127.049641795456409454345703125">
        <ele>50.799999237060546875</ele>
        <time>2026-09-17T09:01:04.000Z</time>
        <extensions>
          <ns3:TrackPointExtension>
            <ns3:hr>136</ns3:hr>
            <ns3:cad>82</ns3:cad>
          </ns3:TrackPointExtension>
        </extensions>
      </trkpt>
      <trkpt lat="37.50688509084284305572509765625" lon="127.04967699944972991943359375">
        <ele>50.799999237060546875</ele>
        <time>2026-09-17T09:01:05.000Z</time>
        <extensions>
          <ns3:TrackPointExtension>
            <ns3:hr>136</ns3:hr>
            <ns3:cad>82</ns3:cad>
          </ns3:TrackPointExtension>
        </extensions>
      </trkpt>
      <trkpt lat="37.50688911415636539459228515625" lon="127.04970574937760829925537109375">
        <ele>50.59999847412109375</ele>
        <time>2026-09-17T09:01:06.000Z</time>
        <extensions>
          <ns3:TrackPointExtension>
            <ns3:hr>135</ns3:hr>
            <ns3:cad>82</ns3:cad>
          </ns3:TrackPointExtension>
        </extensions>
      </trkpt>
      <trkpt lat="37.50688324682414531707763671875" lon="127.04974128864705562591552734375">
        <ele>50.59999847412109375</ele>
        <time>2026-09-17T09:01:07.000Z</time>
        <extensions>
          <ns3:TrackPointExtension>
            <ns3:hr>135</ns3:hr>
            <ns3:cad>82</ns3:cad>
          </ns3:TrackPointExtension>
        </extensions>
      </trkpt>
      <trkpt lat="37.50688106752932071685791015625" lon="127.049768865108489990234375">
        <ele>50.59999847412109375</ele>
        <time>2026-09-17T09:01:08.000Z</time>
        <extensions>
          <ns3:TrackPointExtension>
            <ns3:hr>135</ns3:hr>
            <ns3:cad>82</ns3:cad>
          </ns3:TrackPointExtension>
        </extensions>
      </trkpt>
      <trkpt lat="37.5068788044154644012451171875" lon="127.0497992075979709625244140625">
        <ele>50.59999847412109375</ele>
        <time>2026-09-17T09:01:09.000Z</time>
        <extensions>
          <ns3:TrackPointExtension>
            <ns3:hr>135</ns3:hr>
            <ns3:cad>82</ns3:cad>
          </ns3:TrackPointExtension>
        </extensions>
      </trkpt>
      <trkpt lat="37.50686681829392910003662109375" lon="127.0498320646584033966064453125">
        <ele>50.59999847412109375</ele>
        <time>2026-09-17T09:01:10.000Z</time>
        <extensions>
          <ns3:TrackPointExtension>
            <ns3:hr>134</ns3:hr>
            <ns3:cad>82</ns3:cad>
          </ns3:TrackPointExtension>
        </extensions>
      </trkpt>
      <trkpt lat="37.50685893930494785308837890625" lon="127.049859724938869476318359375">
        <ele>50.40000152587890625</ele>
        <time>2026-09-17T09:01:11.000Z</time>
        <extensions>
          <ns3:TrackPointExtension>
            <ns3:hr>134</ns3:hr>
            <ns3:cad>82</ns3:cad>
          </ns3:TrackPointExtension>
        </extensions>
      </trkpt>
      <trkpt lat="37.5068549998104572296142578125" lon="127.0499004609882831573486328125">
        <ele>50.40000152587890625</ele>
        <time>2026-09-17T09:01:12.000Z</time>
        <extensions>
          <ns3:TrackPointExtension>
            <ns3:hr>134</ns3:hr>
            <ns3:cad>82</ns3:cad>
          </ns3:TrackPointExtension>
        </extensions>
      </trkpt>
      <trkpt lat="37.50685240142047405242919921875" lon="127.04993491061031818389892578125">
        <ele>50.200000762939453125</ele>
        <time>2026-09-17T09:01:13.000Z</time>
        <extensions>
          <ns3:TrackPointExtension>
            <ns3:hr>135</ns3:hr>
            <ns3:cad>82</ns3:cad>
          </ns3:TrackPointExtension>
        </extensions>
      </trkpt>
      <trkpt lat="37.5068586878478527069091796875" lon="127.04997547902166843414306640625">
        <ele>50</ele>
        <time>2026-09-17T09:01:14.000Z</time>
        <extensions>
          <ns3:TrackPointExtension>
            <ns3:hr>134</ns3:hr>
            <ns3:cad>82</ns3:cad>
          </ns3:TrackPointExtension>
        </extensions>
      </trkpt>
      <trkpt lat="37.50685173086822032928466796875" lon="127.05001839436590671539306640625">
        <ele>50</ele>
        <time>2026-09-17T09:01:15.000Z</time>
        <extensions>
          <ns3:TrackPointExtension>
            <ns3:hr>134</ns3:hr>
            <ns3:cad>82</ns3:cad>
          </ns3:TrackPointExtension>
        </extensions>
      </trkpt>
      <trkpt lat="37.50684879720211029052734375" lon="127.05004580318927764892578125">
        <ele>49.799999237060546875</ele>
        <time>2026-09-17T09:01:16.000Z</time>
        <extensions>
          <ns3:TrackPointExtension>
            <ns3:hr>134</ns3:hr>
            <ns3:cad>82</ns3:cad>
          </ns3:TrackPointExtension>
        </extensions>
      </trkpt>
      <trkpt lat="37.50684938393533229827880859375" lon="127.05008360557258129119873046875">
        <ele>49.799999237060546875</ele>
        <time>2026-09-17T09:01:17.000Z</time>
        <extensions>
          <ns3:TrackPointExtension>
            <ns3:hr>134</ns3:hr>
            <ns3:cad>83</ns3:cad>
          </ns3:TrackPointExtension>
        </extensions>
      </trkpt>
      <trkpt lat="37.50684368424117565155029296875" lon="127.050125934183597564697265625">
        <ele>49.59999847412109375</ele>
        <time>2026-09-17T09:01:18.000Z</time>
        <extensions>
          <ns3:TrackPointExtension>
            <ns3:hr>134</ns3:hr>
            <ns3:cad>83</ns3:cad>
          </ns3:TrackPointExtension>
        </extensions>
      </trkpt>
      <trkpt lat="37.50684536062180995941162109375" lon="127.050154767930507659912109375">
        <ele>49.59999847412109375</ele>
        <time>2026-09-17T09:01:19.000Z</time>
        <extensions>
          <ns3:TrackPointExtension>
            <ns3:hr>134</ns3:hr>
            <ns3:cad>83</ns3:cad>
          </ns3:TrackPointExtension>
        </extensions>
      </trkpt>
      <trkpt lat="37.5068422593176364898681640625" lon="127.05020061694085597991943359375">
        <ele>49.59999847412109375</ele>
        <time>2026-09-17T09:01:20.000Z</time>
        <extensions>
          <ns3:TrackPointExtension>
            <ns3:hr>134</ns3:hr>
            <ns3:cad>83</ns3:cad>
          </ns3:TrackPointExtension>
        </extensions>
      </trkpt>
      <trkpt lat="37.50684217549860477447509765625" lon="127.05023280344903469085693359375">
        <ele>49.59999847412109375</ele>
        <time>2026-09-17T09:01:21.000Z</time>
        <extensions>
          <ns3:TrackPointExtension>
            <ns3:hr>134</ns3:hr>
            <ns3:cad>83</ns3:cad>
          </ns3:TrackPointExtension>
        </extensions>
      </trkpt>
      <trkpt lat="37.50684167258441448211669921875" lon="127.0502690970897674560546875">
        <ele>49.59999847412109375</ele>
        <time>2026-09-17T09:01:22.000Z</time>
        <extensions>
          <ns3:TrackPointExtension>
            <ns3:hr>134</ns3:hr>
            <ns3:cad>82</ns3:cad>
          </ns3:TrackPointExtension>
        </extensions>
      </trkpt>
      <trkpt lat="37.50684116967022418975830078125" lon="127.05031209625303745269775390625">
        <ele>49.59999847412109375</ele>
        <time>2026-09-17T09:01:23.000Z</time>
        <extensions>
          <ns3:TrackPointExtension>
            <ns3:hr>134</ns3:hr>
            <ns3:cad>82</ns3:cad>
          </ns3:TrackPointExtension>
        </extensions>
      </trkpt>
      <trkpt lat="37.50684536062180995941162109375" lon="127.05033757723867893218994140625">
        <ele>49.59999847412109375</ele>
        <time>2026-09-17T09:01:24.000Z</time>
        <extensions>
          <ns3:TrackPointExtension>
            <ns3:hr>133</ns3:hr>
            <ns3:cad>82</ns3:cad>
          </ns3:TrackPointExtension>
        </extensions>
      </trkpt>
      <trkpt lat="37.506841756403446197509765625" lon="127.05037797801196575164794921875">
        <ele>49.59999847412109375</ele>
        <time>2026-09-17T09:01:25.000Z</time>
        <extensions>
          <ns3:TrackPointExtension>
            <ns3:hr>134</ns3:hr>
            <ns3:cad>82</ns3:cad>
          </ns3:TrackPointExtension>
        </extensions>
      </trkpt>
      <trkpt lat="37.506841756403446197509765625" lon="127.0504067279398441314697265625">
        <ele>49.59999847412109375</ele>
        <time>2026-09-17T09:01:26.000Z</time>
        <extensions>
          <ns3:TrackPointExtension>
            <ns3:hr>134</ns3:hr>
            <ns3:cad>83</ns3:cad>
          </ns3:TrackPointExtension>
        </extensions>
      </trkpt>
      <trkpt lat="37.50684678554534912109375" lon="127.05043765716254711151123046875">
        <ele>49.59999847412109375</ele>
        <time>2026-09-17T09:01:27.000Z</time>
        <extensions>
          <ns3:TrackPointExtension>
            <ns3:hr>133</ns3:hr>
            <ns3:cad>83</ns3:cad>
          </ns3:TrackPointExtension>
        </extensions>
      </trkpt>
      <trkpt lat="37.50684770755469799041748046875" lon="127.0504794828593730926513671875">
        <ele>49.59999847412109375</ele>
        <time>2026-09-17T09:01:28.000Z</time>
        <extensions>
          <ns3:TrackPointExtension>
            <ns3:hr>134</ns3:hr>
            <ns3:cad>83</ns3:cad>
          </ns3:TrackPointExtension>
        </extensions>
      </trkpt>
      <trkpt lat="37.50684703700244426727294921875" lon="127.05050638876855373382568359375">
        <ele>49.59999847412109375</ele>
        <time>2026-09-17T09:01:29.000Z</time>
        <extensions>
          <ns3:TrackPointExtension>
            <ns3:hr>134</ns3:hr>
            <ns3:cad>83</ns3:cad>
          </ns3:TrackPointExtension>
        </extensions>
      </trkpt>
      <trkpt lat="37.5068462826311588287353515625" lon="127.0505480468273162841796875">
        <ele>49.59999847412109375</ele>
        <time>2026-09-17T09:01:30.000Z</time>
        <extensions>
          <ns3:TrackPointExtension>
            <ns3:hr>133</ns3:hr>
            <ns3:cad>83</ns3:cad>
          </ns3:TrackPointExtension>
        </extensions>
      </trkpt>
      <trkpt lat="37.50684670172631740570068359375" lon="127.0505844242870807647705078125">
        <ele>49.59999847412109375</ele>
        <time>2026-09-17T09:01:31.000Z</time>
        <extensions>
          <ns3:TrackPointExtension>
            <ns3:hr>134</ns3:hr>
            <ns3:cad>83</ns3:cad>
          </ns3:TrackPointExtension>
        </extensions>
      </trkpt>
      <trkpt lat="37.5068493001163005828857421875" lon="127.0506135933101177215576171875">
        <ele>49.59999847412109375</ele>
        <time>2026-09-17T09:01:32.000Z</time>
        <extensions>
          <ns3:TrackPointExtension>
            <ns3:hr>134</ns3:hr>
            <ns3:cad>82</ns3:cad>
          </ns3:TrackPointExtension>
        </extensions>
      </trkpt>
      <trkpt lat="37.5068476237356662750244140625" lon="127.05065667629241943359375">
        <ele>49.59999847412109375</ele>
        <time>2026-09-17T09:01:33.000Z</time>
        <extensions>
          <ns3:TrackPointExtension>
            <ns3:hr>134</ns3:hr>
            <ns3:cad>82</ns3:cad>
          </ns3:TrackPointExtension>
        </extensions>
      </trkpt>
      <trkpt lat="37.50684804283082485198974609375" lon="127.05068609677255153656005859375">
        <ele>49.40000152587890625</ele>
        <time>2026-09-17T09:01:34.000Z</time>
        <extensions>
          <ns3:TrackPointExtension>
            <ns3:hr>134</ns3:hr>
            <ns3:cad>82</ns3:cad>
          </ns3:TrackPointExtension>
        </extensions>
      </trkpt>
      <trkpt lat="37.50685307197272777557373046875" lon="127.0507192052900791168212890625">
        <ele>49.40000152587890625</ele>
        <time>2026-09-17T09:01:35.000Z</time>
        <extensions>
          <ns3:TrackPointExtension>
            <ns3:hr>135</ns3:hr>
            <ns3:cad>82</ns3:cad>
          </ns3:TrackPointExtension>
        </extensions>
      </trkpt>
      <trkpt lat="37.506852485239505767822265625" lon="127.05075935460627079010009765625">
        <ele>49.40000152587890625</ele>
        <time>2026-09-17T09:01:36.000Z</time>
        <extensions>
          <ns3:TrackPointExtension>
            <ns3:hr>136</ns3:hr>
            <ns3:cad>82</ns3:cad>
          </ns3:TrackPointExtension>
        </extensions>
      </trkpt>
      <trkpt lat="37.50686195679008960723876953125" lon="127.050785757601261138916015625">
        <ele>49.40000152587890625</ele>
        <time>2026-09-17T09:01:37.000Z</time>
        <extensions>
          <ns3:TrackPointExtension>
            <ns3:hr>138</ns3:hr>
            <ns3:cad>82</ns3:cad>
          </ns3:TrackPointExtension>
        </extensions>
      </trkpt>
      <trkpt lat="37.5068610347807407379150390625" lon="127.0508308522403240203857421875">
        <ele>49.40000152587890625</ele>
        <time>2026-09-17T09:01:38.000Z</time>
        <extensions>
          <ns3:TrackPointExtension>
            <ns3:hr>138</ns3:hr>
            <ns3:cad>82</ns3:cad>
          </ns3:TrackPointExtension>
        </extensions>
      </trkpt>
      <trkpt lat="37.50686262734234333038330078125" lon="127.05086496658623218536376953125">
        <ele>49.40000152587890625</ele>
        <time>2026-09-17T09:01:39.000Z</time>
        <extensions>
          <ns3:TrackPointExtension>
            <ns3:hr>138</ns3:hr>
            <ns3:cad>82</ns3:cad>
          </ns3:TrackPointExtension>
        </extensions>
      </trkpt>
      <trkpt lat="37.50686514191329479217529296875" lon="127.05089815892279148101806640625">
        <ele>49.40000152587890625</ele>
        <time>2026-09-17T09:01:40.000Z</time>
        <extensions>
          <ns3:TrackPointExtension>
            <ns3:hr>139</ns3:hr>
            <ns3:cad>83</ns3:cad>
          </ns3:TrackPointExtension>
        </extensions>
      </trkpt>
      <trkpt lat="37.5068657286465167999267578125" lon="127.0509465225040912628173828125">
        <ele>49.40000152587890625</ele>
        <time>2026-09-17T09:01:41.000Z</time>
        <extensions>
          <ns3:TrackPointExtension>
            <ns3:hr>138</ns3:hr>
            <ns3:cad>83</ns3:cad>
          </ns3:TrackPointExtension>
        </extensions>
      </trkpt>
      <trkpt lat="37.506861872971057891845703125" lon="127.0509797148406505584716796875">
        <ele>49.40000152587890625</ele>
        <time>2026-09-17T09:01:42.000Z</time>
        <extensions>
          <ns3:TrackPointExtension>
            <ns3:hr>137</ns3:hr>
            <ns3:cad>83</ns3:cad>
          </ns3:TrackPointExtension>
        </extensions>
      </trkpt>
      <trkpt lat="37.5068642199039459228515625" lon="127.05101818777620792388916015625">
        <ele>49.40000152587890625</ele>
        <time>2026-09-17T09:01:43.000Z</time>
        <extensions>
          <ns3:TrackPointExtension>
            <ns3:hr>136</ns3:hr>
            <ns3:cad>82</ns3:cad>
          </ns3:TrackPointExtension>
        </extensions>
      </trkpt>
      <trkpt lat="37.5068623758852481842041015625" lon="127.0510554872453212738037109375">
        <ele>49.40000152587890625</ele>
        <time>2026-09-17T09:01:44.000Z</time>
        <extensions>
          <ns3:TrackPointExtension>
            <ns3:hr>135</ns3:hr>
            <ns3:cad>82</ns3:cad>
          </ns3:TrackPointExtension>
        </extensions>
      </trkpt>
      <trkpt lat="37.50686757266521453857421875" lon="127.0510818064212799072265625">
        <ele>49.40000152587890625</ele>
        <time>2026-09-17T09:01:45.000Z</time>
        <extensions>
          <ns3:TrackPointExtension>
            <ns3:hr>136</ns3:hr>
            <ns3:cad>82</ns3:cad>
          </ns3:TrackPointExtension>
        </extensions>
      </trkpt>
      <trkpt lat="37.5068667344748973846435546875" lon="127.05111910589039325714111328125">
        <ele>49.40000152587890625</ele>
        <time>2026-09-17T09:01:46.000Z</time>
        <extensions>
          <ns3:TrackPointExtension>
            <ns3:hr>136</ns3:hr>
            <ns3:cad>83</ns3:cad>
          </ns3:TrackPointExtension>
        </extensions>
      </trkpt>
      <trkpt lat="37.50686044804751873016357421875" lon="127.0511446706950664520263671875">
        <ele>49.40000152587890625</ele>
        <time>2026-09-17T09:01:47.000Z</time>
        <extensions>
          <ns3:TrackPointExtension>
            <ns3:hr>136</ns3:hr>
            <ns3:cad>83</ns3:cad>
          </ns3:TrackPointExtension>
        </extensions>
      </trkpt>
      <trkpt lat="37.506867237389087677001953125" lon="127.0511783659458160400390625">
        <ele>49.200000762939453125</ele>
        <time>2026-09-17T09:01:48.000Z</time>
        <extensions>
          <ns3:TrackPointExtension>
            <ns3:hr>136</ns3:hr>
            <ns3:cad>83</ns3:cad>
          </ns3:TrackPointExtension>
        </extensions>
      </trkpt>
      <trkpt lat="37.5068695843219757080078125" lon="127.0512197725474834442138671875">
        <ele>49.200000762939453125</ele>
        <time>2026-09-17T09:01:49.000Z</time>
        <extensions>
          <ns3:TrackPointExtension>
            <ns3:hr>136</ns3:hr>
            <ns3:cad>83</ns3:cad>
          </ns3:TrackPointExtension>
        </extensions>
      </trkpt>
      <trkpt lat="37.5068704225122928619384765625" lon="127.0512481033802032470703125">
        <ele>49.200000762939453125</ele>
        <time>2026-09-17T09:01:50.000Z</time>
        <extensions>
          <ns3:TrackPointExtension>
            <ns3:hr>137</ns3:hr>
            <ns3:cad>83</ns3:cad>
          </ns3:TrackPointExtension>
        </extensions>
      </trkpt>
      <trkpt lat="37.50687100924551486968994140625" lon="127.05128858797252178192138671875">
        <ele>49.200000762939453125</ele>
        <time>2026-09-17T09:01:51.000Z</time>
        <extensions>
          <ns3:TrackPointExtension>
            <ns3:hr>136</ns3:hr>
            <ns3:cad>83</ns3:cad>
          </ns3:TrackPointExtension>
        </extensions>
      </trkpt>
      <trkpt lat="37.50686824321746826171875" lon="127.05132412724196910858154296875">
        <ele>49.200000762939453125</ele>
        <time>2026-09-17T09:01:52.000Z</time>
        <extensions>
          <ns3:TrackPointExtension>
            <ns3:hr>136</ns3:hr>
            <ns3:cad>83</ns3:cad>
          </ns3:TrackPointExtension>
        </extensions>
      </trkpt>
      <trkpt lat="37.5068690814077854156494140625" lon="127.0513589121401309967041015625">
        <ele>49.200000762939453125</ele>
        <time>2026-09-17T09:01:53.000Z</time>
        <extensions>
          <ns3:TrackPointExtension>
            <ns3:hr>136</ns3:hr>
            <ns3:cad>83</ns3:cad>
          </ns3:TrackPointExtension>
        </extensions>
      </trkpt>
      <trkpt lat="37.5068722665309906005859375" lon="127.051399312913417816162109375">
        <ele>49.40000152587890625</ele>
        <time>2026-09-17T09:01:54.000Z</time>
        <extensions>
          <ns3:TrackPointExtension>
            <ns3:hr>135</ns3:hr>
            <ns3:cad>83</ns3:cad>
          </ns3:TrackPointExtension>
        </extensions>
      </trkpt>
      <trkpt lat="37.50687654130160808563232421875" lon="127.051429487764835357666015625">
        <ele>49.40000152587890625</ele>
        <time>2026-09-17T09:01:55.000Z</time>
        <extensions>
          <ns3:TrackPointExtension>
            <ns3:hr>135</ns3:hr>
            <ns3:cad>83</ns3:cad>
          </ns3:TrackPointExtension>
        </extensions>
      </trkpt>
      <trkpt lat="37.50687872059643268585205078125" lon="127.0514635182917118072509765625">
        <ele>49.40000152587890625</ele>
        <time>2026-09-17T09:01:56.000Z</time>
        <extensions>
          <ns3:TrackPointExtension>
            <ns3:hr>135</ns3:hr>
            <ns3:cad>83</ns3:cad>
          </ns3:TrackPointExtension>
        </extensions>
      </trkpt>
      <trkpt lat="37.50687561929225921630859375" lon="127.0514975488185882568359375">
        <ele>49.40000152587890625</ele>
        <time>2026-09-17T09:01:57.000Z</time>
        <extensions>
          <ns3:TrackPointExtension>
            <ns3:hr>135</ns3:hr>
            <ns3:cad>83</ns3:cad>
          </ns3:TrackPointExtension>
        </extensions>
      </trkpt>
      <trkpt lat="37.50688207335770130157470703125" lon="127.0515282265841960906982421875">
        <ele>49.40000152587890625</ele>
        <time>2026-09-17T09:01:58.000Z</time>
        <extensions>
          <ns3:TrackPointExtension>
            <ns3:hr>136</ns3:hr>
            <ns3:cad>83</ns3:cad>
          </ns3:TrackPointExtension>
        </extensions>
      </trkpt>
      <trkpt lat="37.5068776309490203857421875" lon="127.05157868564128875732421875">
        <ele>49.40000152587890625</ele>
        <time>2026-09-17T09:01:59.000Z</time>
        <extensions>
          <ns3:TrackPointExtension>
            <ns3:hr>135</ns3:hr>
            <ns3:cad>83</ns3:cad>
          </ns3:TrackPointExtension>
        </extensions>
      </trkpt>
      <trkpt lat="37.50687603838741779327392578125" lon="127.051615901291370391845703125">
        <ele>49.40000152587890625</ele>
        <time>2026-09-17T09:02:00.000Z</time>
        <extensions>
          <ns3:TrackPointExtension>
            <ns3:hr>135</ns3:hr>
            <ns3:cad>82</ns3:cad>
          </ns3:TrackPointExtension>
        </extensions>
      </trkpt>
      <trkpt lat="37.50688089989125728607177734375" lon="127.05164951272308826446533203125">
        <ele>49.40000152587890625</ele>
        <time>2026-09-17T09:02:01.000Z</time>
        <extensions>
          <ns3:TrackPointExtension>
            <ns3:hr>135</ns3:hr>
            <ns3:cad>82</ns3:cad>
          </ns3:TrackPointExtension>
        </extensions>
      </trkpt>
      <trkpt lat="37.50687687657773494720458984375" lon="127.05168756656348705291748046875">
        <ele>49.40000152587890625</ele>
        <time>2026-09-17T09:02:02.000Z</time>
        <extensions>
          <ns3:TrackPointExtension>
            <ns3:hr>135</ns3:hr>
            <ns3:cad>82</ns3:cad>
          </ns3:TrackPointExtension>
        </extensions>
      </trkpt>
      <trkpt lat="37.5068734399974346160888671875" lon="127.0517156459391117095947265625">
        <ele>49.40000152587890625</ele>
        <time>2026-09-17T09:02:03.000Z</time>
        <extensions>
          <ns3:TrackPointExtension>
            <ns3:hr>135</ns3:hr>
            <ns3:cad>82</ns3:cad>
          </ns3:TrackPointExtension>
        </extensions>
      </trkpt>
      <trkpt lat="37.5068757869303226470947265625" lon="127.0517531968653202056884765625">
        <ele>49.40000152587890625</ele>
        <time>2026-09-17T09:02:04.000Z</time>
        <extensions>
          <ns3:TrackPointExtension>
            <ns3:hr>136</ns3:hr>
            <ns3:cad>82</ns3:cad>
          </ns3:TrackPointExtension>
        </extensions>
      </trkpt>
      <trkpt lat="37.50687654130160808563232421875" lon="127.05178597010672092437744140625">
        <ele>49.40000152587890625</ele>
        <time>2026-09-17T09:02:05.000Z</time>
        <extensions>
          <ns3:TrackPointExtension>
            <ns3:hr>137</ns3:hr>
            <ns3:cad>82</ns3:cad>
          </ns3:TrackPointExtension>
        </extensions>
      </trkpt>
      <trkpt lat="37.50688140280544757843017578125" lon="127.05181078054010868072509765625">
        <ele>49.40000152587890625</ele>
        <time>2026-09-17T09:02:06.000Z</time>
        <extensions>
          <ns3:TrackPointExtension>
            <ns3:hr>137</ns3:hr>
            <ns3:cad>83</ns3:cad>
          </ns3:TrackPointExtension>
        </extensions>
      </trkpt>
      <trkpt lat="37.50688257627189159393310546875" lon="127.05185520462691783905029296875">
        <ele>49.40000152587890625</ele>
        <time>2026-09-17T09:02:07.000Z</time>
        <extensions>
          <ns3:TrackPointExtension>
            <ns3:hr>138</ns3:hr>
            <ns3:cad>83</ns3:cad>
          </ns3:TrackPointExtension>
        </extensions>
      </trkpt>
      <trkpt lat="37.50688089989125728607177734375" lon="127.05188177525997161865234375">
        <ele>49.40000152587890625</ele>
        <time>2026-09-17T09:02:08.000Z</time>
        <extensions>
          <ns3:TrackPointExtension>
            <ns3:hr>138</ns3:hr>
            <ns3:cad>83</ns3:cad>
          </ns3:TrackPointExtension>
        </extensions>
      </trkpt>
      <trkpt lat="37.50688894651830196380615234375" lon="127.05191723071038722991943359375">
        <ele>49.40000152587890625</ele>
        <time>2026-09-17T09:02:09.000Z</time>
        <extensions>
          <ns3:TrackPointExtension>
            <ns3:hr>138</ns3:hr>
            <ns3:cad>82</ns3:cad>
          </ns3:TrackPointExtension>
        </extensions>
      </trkpt>
      <trkpt lat="37.5068962387740612030029296875" lon="127.05195880495011806488037109375">
        <ele>49.200000762939453125</ele>
        <time>2026-09-17T09:02:10.000Z</time>
        <extensions>
          <ns3:TrackPointExtension>
            <ns3:hr>137</ns3:hr>
            <ns3:cad>82</ns3:cad>
          </ns3:TrackPointExtension>
        </extensions>
      </trkpt>
      <trkpt lat="37.5069036148488521575927734375" lon="127.05198478884994983673095703125">
        <ele>49.200000762939453125</ele>
        <time>2026-09-17T09:02:11.000Z</time>
        <extensions>
          <ns3:TrackPointExtension>
            <ns3:hr>137</ns3:hr>
            <ns3:cad>82</ns3:cad>
          </ns3:TrackPointExtension>
        </extensions>
      </trkpt>
      <trkpt lat="37.506916187703609466552734375" lon="127.052023597061634063720703125">
        <ele>49.200000762939453125</ele>
        <time>2026-09-17T09:02:12.000Z</time>
        <extensions>
          <ns3:TrackPointExtension>
            <ns3:hr>137</ns3:hr>
            <ns3:cad>82</ns3:cad>
          </ns3:TrackPointExtension>
        </extensions>
      </trkpt>
      <trkpt lat="37.50692834146320819854736328125" lon="127.05205637030303478240966796875">
        <ele>49.200000762939453125</ele>
        <time>2026-09-17T09:02:13.000Z</time>
        <extensions>
          <ns3:TrackPointExtension>
            <ns3:hr>136</ns3:hr>
            <ns3:cad>83</ns3:cad>
          </ns3:TrackPointExtension>
        </extensions>
      </trkpt>
      <trkpt lat="37.506939657032489776611328125" lon="127.05208369530737400054931640625">
        <ele>49.200000762939453125</ele>
        <time>2026-09-17T09:02:14.000Z</time>
        <extensions>
          <ns3:TrackPointExtension>
            <ns3:hr>136</ns3:hr>
            <ns3:cad>83</ns3:cad>
          </ns3:TrackPointExtension>
        </extensions>
      </trkpt>
      <trkpt lat="37.5069542415440082550048828125" lon="127.05211336724460124969482421875">
        <ele>49.200000762939453125</ele>
        <time>2026-09-17T09:02:15.000Z</time>
        <extensions>
          <ns3:TrackPointExtension>
            <ns3:hr>135</ns3:hr>
            <ns3:cad>83</ns3:cad>
          </ns3:TrackPointExtension>
        </extensions>
      </trkpt>
      <trkpt lat="37.50696170143783092498779296875" lon="127.0521397702395915985107421875">
        <ele>49</ele>
        <time>2026-09-17T09:02:16.000Z</time>
        <extensions>
          <ns3:TrackPointExtension>
            <ns3:hr>135</ns3:hr>
            <ns3:cad>83</ns3:cad>
          </ns3:TrackPointExtension>
        </extensions>
      </trkpt>
      <trkpt lat="37.5069768726825714111328125" lon="127.0521739684045314788818359375">
        <ele>49</ele>
        <time>2026-09-17T09:02:17.000Z</time>
        <extensions>
          <ns3:TrackPointExtension>
            <ns3:hr>135</ns3:hr>
            <ns3:cad>83</ns3:cad>
          </ns3:TrackPointExtension>
        </extensions>
      </trkpt>
      <trkpt lat="37.50698735006153583526611328125" lon="127.052205987274646759033203125">
        <ele>49.200000762939453125</ele>
        <time>2026-09-17T09:02:18.000Z</time>
        <extensions>
          <ns3:TrackPointExtension>
            <ns3:hr>135</ns3:hr>
            <ns3:cad>83</ns3:cad>
          </ns3:TrackPointExtension>
        </extensions>
      </trkpt>
      <trkpt lat="37.50699891708791255950927734375" lon="127.05222568474709987640380859375">
        <ele>49.200000762939453125</ele>
        <time>2026-09-17T09:02:19.000Z</time>
        <extensions>
          <ns3:TrackPointExtension>
            <ns3:hr>135</ns3:hr>
            <ns3:cad>83</ns3:cad>
          </ns3:TrackPointExtension>
        </extensions>
      </trkpt>
      <trkpt lat="37.50701241195201873779296875" lon="127.05225996673107147216796875">
        <ele>49.40000152587890625</ele>
        <time>2026-09-17T09:02:20.000Z</time>
        <extensions>
          <ns3:TrackPointExtension>
            <ns3:hr>135</ns3:hr>
            <ns3:cad>83</ns3:cad>
          </ns3:TrackPointExtension>
        </extensions>
      </trkpt>
      <trkpt lat="37.50702322460711002349853515625" lon="127.0522929914295673370361328125">
        <ele>49.40000152587890625</ele>
        <time>2026-09-17T09:02:21.000Z</time>
        <extensions>
          <ns3:TrackPointExtension>
            <ns3:hr>135</ns3:hr>
            <ns3:cad>82</ns3:cad>
          </ns3:TrackPointExtension>
        </extensions>
      </trkpt>
      <trkpt lat="37.507034875452518463134765625" lon="127.05232056789100170135498046875">
        <ele>49.59999847412109375</ele>
        <time>2026-09-17T09:02:22.000Z</time>
        <extensions>
          <ns3:TrackPointExtension>
            <ns3:hr>135</ns3:hr>
            <ns3:cad>82</ns3:cad>
          </ns3:TrackPointExtension>
        </extensions>
      </trkpt>
      <trkpt lat="37.5070501305162906646728515625" lon="127.05235945992171764373779296875">
        <ele>49.40000152587890625</ele>
        <time>2026-09-17T09:02:23.000Z</time>
        <extensions>
          <ns3:TrackPointExtension>
            <ns3:hr>135</ns3:hr>
            <ns3:cad>82</ns3:cad>
          </ns3:TrackPointExtension>
        </extensions>
      </trkpt>
      <trkpt lat="37.507064044475555419921875" lon="127.05239047296345233917236328125">
        <ele>49.40000152587890625</ele>
        <time>2026-09-17T09:02:24.000Z</time>
        <extensions>
          <ns3:TrackPointExtension>
            <ns3:hr>135</ns3:hr>
            <ns3:cad>82</ns3:cad>
          </ns3:TrackPointExtension>
        </extensions>
      </trkpt>
      <trkpt lat="37.50708240084350109100341796875" lon="127.05241494812071323394775390625">
        <ele>49.200000762939453125</ele>
        <time>2026-09-17T09:02:25.000Z</time>
        <extensions>
          <ns3:TrackPointExtension>
            <ns3:hr>136</ns3:hr>
            <ns3:cad>82</ns3:cad>
          </ns3:TrackPointExtension>
        </extensions>
      </trkpt>
      <trkpt lat="37.50709849409759044647216796875" lon="127.05245618708431720733642578125">
        <ele>49.200000762939453125</ele>
        <time>2026-09-17T09:02:26.000Z</time>
        <extensions>
          <ns3:TrackPointExtension>
            <ns3:hr>135</ns3:hr>
            <ns3:cad>82</ns3:cad>
          </ns3:TrackPointExtension>
        </extensions>
      </trkpt>
      <trkpt lat="37.5071071274578571319580078125" lon="127.052476890385150909423828125">
        <ele>49.200000762939453125</ele>
        <time>2026-09-17T09:02:27.000Z</time>
        <extensions>
          <ns3:TrackPointExtension>
            <ns3:hr>136</ns3:hr>
            <ns3:cad>82</ns3:cad>
          </ns3:TrackPointExtension>
        </extensions>
      </trkpt>
      <trkpt lat="37.50712246634066104888916015625" lon="127.05251351930201053619384765625">
        <ele>49.200000762939453125</ele>
        <time>2026-09-17T09:02:28.000Z</time>
        <extensions>
          <ns3:TrackPointExtension>
            <ns3:hr>136</ns3:hr>
            <ns3:cad>82</ns3:cad>
          </ns3:TrackPointExtension>
        </extensions>
      </trkpt>
      <trkpt lat="37.50713654793798923492431640625" lon="127.05254436470568180084228515625">
        <ele>49.40000152587890625</ele>
        <time>2026-09-17T09:02:29.000Z</time>
        <extensions>
          <ns3:TrackPointExtension>
            <ns3:hr>136</ns3:hr>
            <ns3:cad>82</ns3:cad>
          </ns3:TrackPointExtension>
        </extensions>
      </trkpt>
      <trkpt lat="37.50715130008757114410400390625" lon="127.05257135443389415740966796875">
        <ele>49.40000152587890625</ele>
        <time>2026-09-17T09:02:30.000Z</time>
        <extensions>
          <ns3:TrackPointExtension>
            <ns3:hr>136</ns3:hr>
            <ns3:cad>82</ns3:cad>
          </ns3:TrackPointExtension>
        </extensions>
      </trkpt>
      <trkpt lat="37.50716487877070903778076171875" lon="127.05261058174073696136474609375">
        <ele>49.40000152587890625</ele>
        <time>2026-09-17T09:02:31.000Z</time>
        <extensions>
          <ns3:TrackPointExtension>
            <ns3:hr>136</ns3:hr>
            <ns3:cad>82</ns3:cad>
          </ns3:TrackPointExtension>
        </extensions>
      </trkpt>
      <trkpt lat="37.50717393122613430023193359375" lon="127.052634470164775848388671875">
        <ele>49.40000152587890625</ele>
        <time>2026-09-17T09:02:32.000Z</time>
        <extensions>
          <ns3:TrackPointExtension>
            <ns3:hr>136</ns3:hr>
            <ns3:cad>82</ns3:cad>
          </ns3:TrackPointExtension>
        </extensions>
      </trkpt>
      <trkpt lat="37.507187426090240478515625" lon="127.0526654832065105438232421875">
        <ele>49.59999847412109375</ele>
        <time>2026-09-17T09:02:33.000Z</time>
        <extensions>
          <ns3:TrackPointExtension>
            <ns3:hr>136</ns3:hr>
            <ns3:cad>82</ns3:cad>
          </ns3:TrackPointExtension>
        </extensions>
      </trkpt>
      <trkpt lat="37.5071919523179531097412109375" lon="127.05270278267562389373779296875">
        <ele>49.59999847412109375</ele>
        <time>2026-09-17T09:02:34.000Z</time>
        <extensions>
          <ns3:TrackPointExtension>
            <ns3:hr>137</ns3:hr>
            <ns3:cad>82</ns3:cad>
          </ns3:TrackPointExtension>
        </extensions>
      </trkpt>
      <trkpt lat="37.5072053633630275726318359375" lon="127.0527291856706142425537109375">
        <ele>49.59999847412109375</ele>
        <time>2026-09-17T09:02:35.000Z</time>
        <extensions>
          <ns3:TrackPointExtension>
            <ns3:hr>137</ns3:hr>
            <ns3:cad>82</ns3:cad>
          </ns3:TrackPointExtension>
        </extensions>
      </trkpt>
      <trkpt lat="37.50722086988389492034912109375" lon="127.0527667365968227386474609375">
        <ele>49.59999847412109375</ele>
        <time>2026-09-17T09:02:36.000Z</time>
        <extensions>
          <ns3:TrackPointExtension>
            <ns3:hr>138</ns3:hr>
            <ns3:cad>83</ns3:cad>
          </ns3:TrackPointExtension>
        </extensions>
      </trkpt>
      <trkpt lat="37.507230676710605621337890625" lon="127.05279280431568622589111328125">
        <ele>49.59999847412109375</ele>
        <time>2026-09-17T09:02:37.000Z</time>
        <extensions>
          <ns3:TrackPointExtension>
            <ns3:hr>139</ns3:hr>
            <ns3:cad>83</ns3:cad>
          </ns3:TrackPointExtension>
        </extensions>
      </trkpt>
      <trkpt lat="37.50724316574633121490478515625" lon="127.05281694419682025909423828125">
        <ele>49.799999237060546875</ele>
        <time>2026-09-17T09:02:38.000Z</time>
        <extensions>
          <ns3:TrackPointExtension>
            <ns3:hr>139</ns3:hr>
            <ns3:cad>82</ns3:cad>
          </ns3:TrackPointExtension>
        </extensions>
      </trkpt>
      <trkpt lat="37.5072516314685344696044921875" lon="127.0528562553226947784423828125">
        <ele>49.799999237060546875</ele>
        <time>2026-09-17T09:02:39.000Z</time>
        <extensions>
          <ns3:TrackPointExtension>
            <ns3:hr>140</ns3:hr>
            <ns3:cad>82</ns3:cad>
          </ns3:TrackPointExtension>
        </extensions>
      </trkpt>
      <trkpt lat="37.50725992955267429351806640625" lon="127.05287712626159191131591796875">
        <ele>49.799999237060546875</ele>
        <time>2026-09-17T09:02:40.000Z</time>
        <extensions>
          <ns3:TrackPointExtension>
            <ns3:hr>140</ns3:hr>
            <ns3:cad>82</ns3:cad>
          </ns3:TrackPointExtension>
        </extensions>
      </trkpt>
      <trkpt lat="37.50727149657905101776123046875" lon="127.0529098995029926300048828125">
        <ele>49.799999237060546875</ele>
        <time>2026-09-17T09:02:41.000Z</time>
        <extensions>
          <ns3:TrackPointExtension>
            <ns3:hr>140</ns3:hr>
            <ns3:cad>82</ns3:cad>
          </ns3:TrackPointExtension>
        </extensions>
      </trkpt>
      <trkpt lat="37.5072885118424892425537109375" lon="127.0529444329440593719482421875">
        <ele>49.799999237060546875</ele>
        <time>2026-09-17T09:02:42.000Z</time>
        <extensions>
          <ns3:TrackPointExtension>
            <ns3:hr>140</ns3:hr>
            <ns3:cad>82</ns3:cad>
          </ns3:TrackPointExtension>
        </extensions>
      </trkpt>
      <trkpt lat="37.50730418600142002105712890625" lon="127.05296530388295650482177734375">
        <ele>49.799999237060546875</ele>
        <time>2026-09-17T09:02:43.000Z</time>
        <extensions>
          <ns3:TrackPointExtension>
            <ns3:hr>139</ns3:hr>
            <ns3:cad>82</ns3:cad>
          </ns3:TrackPointExtension>
        </extensions>
      </trkpt>
      <trkpt lat="37.50732078216969966888427734375" lon="127.05300352536141872406005859375">
        <ele>49.799999237060546875</ele>
        <time>2026-09-17T09:02:44.000Z</time>
        <extensions>
          <ns3:TrackPointExtension>
            <ns3:hr>139</ns3:hr>
            <ns3:cad>83</ns3:cad>
          </ns3:TrackPointExtension>
        </extensions>
      </trkpt>
      <trkpt lat="37.5073324330151081085205078125" lon="127.053032778203487396240234375">
        <ele>49.799999237060546875</ele>
        <time>2026-09-17T09:02:45.000Z</time>
        <extensions>
          <ns3:TrackPointExtension>
            <ns3:hr>139</ns3:hr>
            <ns3:cad>83</ns3:cad>
          </ns3:TrackPointExtension>
        </extensions>
      </trkpt>
      <trkpt lat="37.50734726898372173309326171875" lon="127.05306655727326869964599609375">
        <ele>49.799999237060546875</ele>
        <time>2026-09-17T09:02:46.000Z</time>
        <extensions>
          <ns3:TrackPointExtension>
            <ns3:hr>139</ns3:hr>
            <ns3:cad>83</ns3:cad>
          </ns3:TrackPointExtension>
        </extensions>
      </trkpt>
      <trkpt lat="37.50735749490559101104736328125" lon="127.053103856742382049560546875">
        <ele>49.799999237060546875</ele>
        <time>2026-09-17T09:02:47.000Z</time>
        <extensions>
          <ns3:TrackPointExtension>
            <ns3:hr>139</ns3:hr>
            <ns3:cad>83</ns3:cad>
          </ns3:TrackPointExtension>
        </extensions>
      </trkpt>
      <trkpt lat="37.50737140886485576629638671875" lon="127.053125314414501190185546875">
        <ele>49.799999237060546875</ele>
        <time>2026-09-17T09:02:48.000Z</time>
        <extensions>
          <ns3:TrackPointExtension>
            <ns3:hr>140</ns3:hr>
            <ns3:cad>83</ns3:cad>
          </ns3:TrackPointExtension>
        </extensions>
      </trkpt>
      <trkpt lat="37.50738800503313541412353515625" lon="127.05316596664488315582275390625">
        <ele>49.799999237060546875</ele>
        <time>2026-09-17T09:02:49.000Z</time>
        <extensions>
          <ns3:TrackPointExtension>
            <ns3:hr>139</ns3:hr>
            <ns3:cad>83</ns3:cad>
          </ns3:TrackPointExtension>
        </extensions>
      </trkpt>
      <trkpt lat="37.507393620908260345458984375" lon="127.05319337546825408935546875">
        <ele>49.799999237060546875</ele>
        <time>2026-09-17T09:02:50.000Z</time>
        <extensions>
          <ns3:TrackPointExtension>
            <ns3:hr>139</ns3:hr>
            <ns3:cad>83</ns3:cad>
          </ns3:TrackPointExtension>
        </extensions>
      </trkpt>
      <trkpt lat="37.507404349744319915771484375" lon="127.0532304234802722930908203125">
        <ele>49.799999237060546875</ele>
        <time>2026-09-17T09:02:51.000Z</time>
        <extensions>
          <ns3:TrackPointExtension>
            <ns3:hr>139</ns3:hr>
            <ns3:cad>83</ns3:cad>
          </ns3:TrackPointExtension>
        </extensions>
      </trkpt>
      <trkpt lat="37.50741432420909404754638671875" lon="127.053264789283275604248046875">
        <ele>49.799999237060546875</ele>
        <time>2026-09-17T09:02:52.000Z</time>
        <extensions>
          <ns3:TrackPointExtension>
            <ns3:hr>139</ns3:hr>
            <ns3:cad>83</ns3:cad>
          </ns3:TrackPointExtension>
        </extensions>
      </trkpt>
      <trkpt lat="37.50742656178772449493408203125" lon="127.0532854087650775909423828125">
        <ele>49.799999237060546875</ele>
        <time>2026-09-17T09:02:53.000Z</time>
        <extensions>
          <ns3:TrackPointExtension>
            <ns3:hr>140</ns3:hr>
            <ns3:cad>83</ns3:cad>
          </ns3:TrackPointExtension>
        </extensions>
      </trkpt>
      <trkpt lat="37.50744148157536983489990234375" lon="127.0533214509487152099609375">
        <ele>50</ele>
        <time>2026-09-17T09:02:54.000Z</time>
        <extensions>
          <ns3:TrackPointExtension>
            <ns3:hr>139</ns3:hr>
            <ns3:cad>83</ns3:cad>
          </ns3:TrackPointExtension>
        </extensions>
      </trkpt>
      <trkpt lat="37.50745254568755626678466796875" lon="127.05334181897342205047607421875">
        <ele>50</ele>
        <time>2026-09-17T09:02:55.000Z</time>
        <extensions>
          <ns3:TrackPointExtension>
            <ns3:hr>140</ns3:hr>
            <ns3:cad>83</ns3:cad>
          </ns3:TrackPointExtension>
        </extensions>
      </trkpt>
      <trkpt lat="37.5074703991413116455078125" lon="127.05336545594036579132080078125">
        <ele>50</ele>
        <time>2026-09-17T09:02:56.000Z</time>
        <extensions>
          <ns3:TrackPointExtension>
            <ns3:hr>140</ns3:hr>
            <ns3:cad>83</ns3:cad>
          </ns3:TrackPointExtension>
        </extensions>
      </trkpt>
      <trkpt lat="37.50748909078538417816162109375" lon="127.05339026637375354766845703125">
        <ele>50</ele>
        <time>2026-09-17T09:02:57.000Z</time>
        <extensions>
          <ns3:TrackPointExtension>
            <ns3:hr>140</ns3:hr>
            <ns3:cad>83</ns3:cad>
          </ns3:TrackPointExtension>
        </extensions>
      </trkpt>
      <trkpt lat="37.5075052678585052490234375" lon="127.05340384505689144134521484375">
        <ele>50</ele>
        <time>2026-09-17T09:02:58.000Z</time>
        <extensions>
          <ns3:TrackPointExtension>
            <ns3:hr>139</ns3:hr>
            <ns3:cad>83</ns3:cad>
          </ns3:TrackPointExtension>
        </extensions>
      </trkpt>
      <trkpt lat="37.50752815045416355133056640625" lon="127.0534315891563892364501953125">
        <ele>49.799999237060546875</ele>
        <time>2026-09-17T09:02:59.000Z</time>
        <extensions>
          <ns3:TrackPointExtension>
            <ns3:hr>140</ns3:hr>
            <ns3:cad>83</ns3:cad>
          </ns3:TrackPointExtension>
        </extensions>
      </trkpt>
      <trkpt lat="37.507546506822109222412109375" lon="127.05345262773334980010986328125">
        <ele>50</ele>
        <time>2026-09-17T09:03:00.000Z</time>
        <extensions>
          <ns3:TrackPointExtension>
            <ns3:hr>140</ns3:hr>
            <ns3:cad>83</ns3:cad>
          </ns3:TrackPointExtension>
        </extensions>
      </trkpt>
      <trkpt lat="37.50756804831326007843017578125" lon="127.05346318893134593963623046875">
        <ele>50</ele>
        <time>2026-09-17T09:03:01.000Z</time>
        <extensions>
          <ns3:TrackPointExtension>
            <ns3:hr>140</ns3:hr>
            <ns3:cad>83</ns3:cad>
          </ns3:TrackPointExtension>
        </extensions>
      </trkpt>
      <trkpt lat="37.50760476104915142059326171875" lon="127.05347592942416667938232421875">
        <ele>49.799999237060546875</ele>
        <time>2026-09-17T09:03:02.000Z</time>
        <extensions>
          <ns3:TrackPointExtension>
            <ns3:hr>140</ns3:hr>
            <ns3:cad>83</ns3:cad>
          </ns3:TrackPointExtension>
        </extensions>
      </trkpt>
      <trkpt lat="37.507625631988048553466796875" lon="127.0534835569560527801513671875">
        <ele>49.799999237060546875</ele>
        <time>2026-09-17T09:03:03.000Z</time>
        <extensions>
          <ns3:TrackPointExtension>
            <ns3:hr>139</ns3:hr>
            <ns3:cad>83</ns3:cad>
          </ns3:TrackPointExtension>
        </extensions>
      </trkpt>
      <trkpt lat="37.50764809548854827880859375" lon="127.053488753736019134521484375">
        <ele>49.799999237060546875</ele>
        <time>2026-09-17T09:03:04.000Z</time>
        <extensions>
          <ns3:TrackPointExtension>
            <ns3:hr>140</ns3:hr>
            <ns3:cad>83</ns3:cad>
          </ns3:TrackPointExtension>
        </extensions>
      </trkpt>
      <trkpt lat="37.50767332501709461212158203125" lon="127.05350157804787158966064453125">
        <ele>49.799999237060546875</ele>
        <time>2026-09-17T09:03:05.000Z</time>
        <extensions>
          <ns3:TrackPointExtension>
            <ns3:hr>140</ns3:hr>
            <ns3:cad>82</ns3:cad>
          </ns3:TrackPointExtension>
        </extensions>
      </trkpt>
      <trkpt lat="37.5076962076127529144287109375" lon="127.0535090379416942596435546875">
        <ele>49.799999237060546875</ele>
        <time>2026-09-17T09:03:06.000Z</time>
        <extensions>
          <ns3:TrackPointExtension>
            <ns3:hr>139</ns3:hr>
            <ns3:cad>82</ns3:cad>
          </ns3:TrackPointExtension>
        </extensions>
      </trkpt>
      <trkpt lat="37.50771917402744293212890625" lon="127.0535127259790897369384765625">
        <ele>49.59999847412109375</ele>
        <time>2026-09-17T09:03:07.000Z</time>
        <extensions>
          <ns3:TrackPointExtension>
            <ns3:hr>140</ns3:hr>
            <ns3:cad>82</ns3:cad>
          </ns3:TrackPointExtension>
        </extensions>
      </trkpt>
      <trkpt lat="37.507742308080196380615234375" lon="127.0535226166248321533203125">
        <ele>49.59999847412109375</ele>
        <time>2026-09-17T09:03:08.000Z</time>
        <extensions>
          <ns3:TrackPointExtension>
            <ns3:hr>139</ns3:hr>
            <ns3:cad>83</ns3:cad>
          </ns3:TrackPointExtension>
        </extensions>
      </trkpt>
      <trkpt lat="37.507766783237457275390625" lon="127.05352387391030788421630859375">
        <ele>49.59999847412109375</ele>
        <time>2026-09-17T09:03:09.000Z</time>
        <extensions>
          <ns3:TrackPointExtension>
            <ns3:hr>139</ns3:hr>
            <ns3:cad>83</ns3:cad>
          </ns3:TrackPointExtension>
        </extensions>
      </trkpt>
      <trkpt lat="37.50779720954596996307373046875" lon="127.05352923832833766937255859375">
        <ele>49.59999847412109375</ele>
        <time>2026-09-17T09:03:10.000Z</time>
        <extensions>
          <ns3:TrackPointExtension>
            <ns3:hr>139</ns3:hr>
            <ns3:cad>83</ns3:cad>
          </ns3:TrackPointExtension>
        </extensions>
      </trkpt>
      <trkpt lat="37.507826797664165496826171875" lon="127.053532339632511138916015625">
        <ele>49.59999847412109375</ele>
        <time>2026-09-17T09:03:11.000Z</time>
        <extensions>
          <ns3:TrackPointExtension>
            <ns3:hr>139</ns3:hr>
            <ns3:cad>83</ns3:cad>
          </ns3:TrackPointExtension>
        </extensions>
      </trkpt>
      <trkpt lat="37.507858984172344207763671875" lon="127.0535306632518768310546875">
        <ele>49.59999847412109375</ele>
        <time>2026-09-17T09:03:12.000Z</time>
        <extensions>
          <ns3:TrackPointExtension>
            <ns3:hr>139</ns3:hr>
            <ns3:cad>83</ns3:cad>
          </ns3:TrackPointExtension>
        </extensions>
      </trkpt>
      <trkpt lat="37.50789209268987178802490234375" lon="127.0535244606435298919677734375">
        <ele>49.59999847412109375</ele>
        <time>2026-09-17T09:03:13.000Z</time>
        <extensions>
          <ns3:TrackPointExtension>
            <ns3:hr>139</ns3:hr>
            <ns3:cad>83</ns3:cad>
          </ns3:TrackPointExtension>
        </extensions>
      </trkpt>
      <trkpt lat="37.50791740603744983673095703125" lon="127.05351130105555057525634765625">
        <ele>49.59999847412109375</ele>
        <time>2026-09-17T09:03:14.000Z</time>
        <extensions>
          <ns3:TrackPointExtension>
            <ns3:hr>139</ns3:hr>
            <ns3:cad>83</ns3:cad>
          </ns3:TrackPointExtension>
        </extensions>
      </trkpt>
      <trkpt lat="37.50795244239270687103271484375" lon="127.0534976385533809661865234375">
        <ele>49.59999847412109375</ele>
        <time>2026-09-17T09:03:15.000Z</time>
        <extensions>
          <ns3:TrackPointExtension>
            <ns3:hr>139</ns3:hr>
            <ns3:cad>83</ns3:cad>
          </ns3:TrackPointExtension>
        </extensions>
      </trkpt>
      <trkpt lat="37.50797205604612827301025390625" lon="127.05347341485321521759033203125">
        <ele>49.59999847412109375</ele>
        <time>2026-09-17T09:03:16.000Z</time>
        <extensions>
          <ns3:TrackPointExtension>
            <ns3:hr>138</ns3:hr>
            <ns3:cad>83</ns3:cad>
          </ns3:TrackPointExtension>
        </extensions>
      </trkpt>
      <trkpt lat="37.50799284316599369049072265625" lon="127.05345162190496921539306640625">
        <ele>49.59999847412109375</ele>
        <time>2026-09-17T09:03:17.000Z</time>
        <extensions>
          <ns3:TrackPointExtension>
            <ns3:hr>138</ns3:hr>
            <ns3:cad>83</ns3:cad>
          </ns3:TrackPointExtension>
        </extensions>
      </trkpt>
      <trkpt lat="37.50802117399871349334716796875" lon="127.05343251116573810577392578125">
        <ele>49.59999847412109375</ele>
        <time>2026-09-17T09:03:18.000Z</time>
        <extensions>
          <ns3:TrackPointExtension>
            <ns3:hr>138</ns3:hr>
            <ns3:cad>83</ns3:cad>
          </ns3:TrackPointExtension>
        </extensions>
      </trkpt>
      <trkpt lat="37.508040703833103179931640625" lon="127.0534180104732513427734375">
        <ele>49.59999847412109375</ele>
        <time>2026-09-17T09:03:19.000Z</time>
        <extensions>
          <ns3:TrackPointExtension>
            <ns3:hr>138</ns3:hr>
            <ns3:cad>83</ns3:cad>
          </ns3:TrackPointExtension>
        </extensions>
      </trkpt>
      <trkpt lat="37.5080710463225841522216796875" lon="127.05339160747826099395751953125">
        <ele>49.59999847412109375</ele>
        <time>2026-09-17T09:03:20.000Z</time>
        <extensions>
          <ns3:TrackPointExtension>
            <ns3:hr>138</ns3:hr>
            <ns3:cad>83</ns3:cad>
          </ns3:TrackPointExtension>
        </extensions>
      </trkpt>
      <trkpt lat="37.5080881454050540924072265625" lon="127.053371407091617584228515625">
        <ele>49.59999847412109375</ele>
        <time>2026-09-17T09:03:21.000Z</time>
        <extensions>
          <ns3:TrackPointExtension>
            <ns3:hr>138</ns3:hr>
            <ns3:cad>83</ns3:cad>
          </ns3:TrackPointExtension>
        </extensions>
      </trkpt>
      <trkpt lat="37.50810767523944377899169921875" lon="127.0533470995724201202392578125">
        <ele>49.59999847412109375</ele>
        <time>2026-09-17T09:03:22.000Z</time>
        <extensions>
          <ns3:TrackPointExtension>
            <ns3:hr>138</ns3:hr>
            <ns3:cad>83</ns3:cad>
          </ns3:TrackPointExtension>
        </extensions>
      </trkpt>
      <trkpt lat="37.5081355869770050048828125" lon="127.053317092359066009521484375">
        <ele>49.59999847412109375</ele>
        <time>2026-09-17T09:03:23.000Z</time>
        <extensions>
          <ns3:TrackPointExtension>
            <ns3:hr>138</ns3:hr>
            <ns3:cad>83</ns3:cad>
          </ns3:TrackPointExtension>
        </extensions>
      </trkpt>
      <trkpt lat="37.50815771520137786865234375" lon="127.0532981492578983306884765625">
        <ele>49.59999847412109375</ele>
        <time>2026-09-17T09:03:24.000Z</time>
        <extensions>
          <ns3:TrackPointExtension>
            <ns3:hr>138</ns3:hr>
            <ns3:cad>83</ns3:cad>
          </ns3:TrackPointExtension>
        </extensions>
      </trkpt>
      <trkpt lat="37.50819124281406402587890625" lon="127.05327945761382579803466796875">
        <ele>49.59999847412109375</ele>
        <time>2026-09-17T09:03:25.000Z</time>
        <extensions>
          <ns3:TrackPointExtension>
            <ns3:hr>138</ns3:hr>
            <ns3:cad>83</ns3:cad>
          </ns3:TrackPointExtension>
        </extensions>
      </trkpt>
      <trkpt lat="37.50821831636130809783935546875" lon="127.053267471492290496826171875">
        <ele>49.59999847412109375</ele>
        <time>2026-09-17T09:03:26.000Z</time>
        <extensions>
          <ns3:TrackPointExtension>
            <ns3:hr>138</ns3:hr>
            <ns3:cad>83</ns3:cad>
          </ns3:TrackPointExtension>
        </extensions>
      </trkpt>
      <trkpt lat="37.50824128277599811553955078125" lon="127.05324861221015453338623046875">
        <ele>49.40000152587890625</ele>
        <time>2026-09-17T09:03:27.000Z</time>
        <extensions>
          <ns3:TrackPointExtension>
            <ns3:hr>138</ns3:hr>
            <ns3:cad>83</ns3:cad>
          </ns3:TrackPointExtension>
        </extensions>
      </trkpt>
      <trkpt lat="37.50826978124678134918212890625" lon="127.05322128720581531524658203125">
        <ele>49.40000152587890625</ele>
        <time>2026-09-17T09:03:28.000Z</time>
        <extensions>
          <ns3:TrackPointExtension>
            <ns3:hr>138</ns3:hr>
            <ns3:cad>82</ns3:cad>
          </ns3:TrackPointExtension>
        </extensions>
      </trkpt>
      <trkpt lat="37.5082839466631412506103515625" lon="127.05320050008594989776611328125">
        <ele>49.40000152587890625</ele>
        <time>2026-09-17T09:03:29.000Z</time>
        <extensions>
          <ns3:TrackPointExtension>
            <ns3:hr>138</ns3:hr>
            <ns3:cad>82</ns3:cad>
          </ns3:TrackPointExtension>
        </extensions>
      </trkpt>
      <trkpt lat="37.50830800272524356842041015625" lon="127.05317904241383075714111328125">
        <ele>49.40000152587890625</ele>
        <time>2026-09-17T09:03:30.000Z</time>
        <extensions>
          <ns3:TrackPointExtension>
            <ns3:hr>138</ns3:hr>
            <ns3:cad>82</ns3:cad>
          </ns3:TrackPointExtension>
        </extensions>
      </trkpt>
      <trkpt lat="37.5083305500447750091552734375" lon="127.05316093750298023223876953125">
        <ele>49.40000152587890625</ele>
        <time>2026-09-17T09:03:31.000Z</time>
        <extensions>
          <ns3:TrackPointExtension>
            <ns3:hr>139</ns3:hr>
            <ns3:cad>83</ns3:cad>
          </ns3:TrackPointExtension>
        </extensions>
      </trkpt>
      <trkpt lat="37.508352510631084442138671875" lon="127.05313973128795623779296875">
        <ele>49.59999847412109375</ele>
        <time>2026-09-17T09:03:32.000Z</time>
        <extensions>
          <ns3:TrackPointExtension>
            <ns3:hr>139</ns3:hr>
            <ns3:cad>83</ns3:cad>
          </ns3:TrackPointExtension>
        </extensions>
      </trkpt>
      <trkpt lat="37.50838494859635829925537109375" lon="127.05311785452067852020263671875">
        <ele>49.40000152587890625</ele>
        <time>2026-09-17T09:03:33.000Z</time>
        <extensions>
          <ns3:TrackPointExtension>
            <ns3:hr>139</ns3:hr>
            <ns3:cad>83</ns3:cad>
          </ns3:TrackPointExtension>
        </extensions>
      </trkpt>
      <trkpt lat="37.50840489752590656280517578125" lon="127.053097151219844818115234375">
        <ele>49.40000152587890625</ele>
        <time>2026-09-17T09:03:34.000Z</time>
        <extensions>
          <ns3:TrackPointExtension>
            <ns3:hr>140</ns3:hr>
            <ns3:cad>84</ns3:cad>
          </ns3:TrackPointExtension>
        </extensions>
      </trkpt>
      <trkpt lat="37.5084344856441020965576171875" lon="127.05307125113904476165771484375">
        <ele>49.200000762939453125</ele>
        <time>2026-09-17T09:03:35.000Z</time>
        <extensions>
          <ns3:TrackPointExtension>
            <ns3:hr>140</ns3:hr>
            <ns3:cad>84</ns3:cad>
          </ns3:TrackPointExtension>
        </extensions>
      </trkpt>
      <trkpt lat="37.50846424140036106109619140625" lon="127.05305130220949649810791015625">
        <ele>49.200000762939453125</ele>
        <time>2026-09-17T09:03:36.000Z</time>
        <extensions>
          <ns3:TrackPointExtension>
            <ns3:hr>140</ns3:hr>
            <ns3:cad>84</ns3:cad>
          </ns3:TrackPointExtension>
        </extensions>
      </trkpt>
      <trkpt lat="37.50848293304443359375" lon="127.05302707850933074951171875">
        <ele>49.200000762939453125</ele>
        <time>2026-09-17T09:03:37.000Z</time>
        <extensions>
          <ns3:TrackPointExtension>
            <ns3:hr>140</ns3:hr>
            <ns3:cad>83</ns3:cad>
          </ns3:TrackPointExtension>
        </extensions>
      </trkpt>
      <trkpt lat="37.50851671211421489715576171875" lon="127.05300738103687763214111328125">
        <ele>49.200000762939453125</ele>
        <time>2026-09-17T09:03:38.000Z</time>
        <extensions>
          <ns3:TrackPointExtension>
            <ns3:hr>139</ns3:hr>
            <ns3:cad>84</ns3:cad>
          </ns3:TrackPointExtension>
        </extensions>
      </trkpt>
      <trkpt lat="37.50854319892823696136474609375" lon="127.05298483371734619140625">
        <ele>49.200000762939453125</ele>
        <time>2026-09-17T09:03:39.000Z</time>
        <extensions>
          <ns3:TrackPointExtension>
            <ns3:hr>140</ns3:hr>
            <ns3:cad>84</ns3:cad>
          </ns3:TrackPointExtension>
        </extensions>
      </trkpt>
      <trkpt lat="37.5085647404193878173828125" lon="127.05296312458813190460205078125">
        <ele>49.200000762939453125</ele>
        <time>2026-09-17T09:03:40.000Z</time>
        <extensions>
          <ns3:TrackPointExtension>
            <ns3:hr>140</ns3:hr>
            <ns3:cad>84</ns3:cad>
          </ns3:TrackPointExtension>
        </extensions>
      </trkpt>
      <trkpt lat="37.5085930712521076202392578125" lon="127.052939236164093017578125">
        <ele>49.200000762939453125</ele>
        <time>2026-09-17T09:03:41.000Z</time>
        <extensions>
          <ns3:TrackPointExtension>
            <ns3:hr>140</ns3:hr>
            <ns3:cad>83</ns3:cad>
          </ns3:TrackPointExtension>
        </extensions>
      </trkpt>
      <trkpt lat="37.50861042179167270660400390625" lon="127.0529169403016567230224609375">
        <ele>49.200000762939453125</ele>
        <time>2026-09-17T09:03:42.000Z</time>
        <extensions>
          <ns3:TrackPointExtension>
            <ns3:hr>140</ns3:hr>
            <ns3:cad>83</ns3:cad>
          </ns3:TrackPointExtension>
        </extensions>
      </trkpt>
      <trkpt lat="37.5086346454918384552001953125" lon="127.05289640463888645172119140625">
        <ele>49.40000152587890625</ele>
        <time>2026-09-17T09:03:43.000Z</time>
        <extensions>
          <ns3:TrackPointExtension>
            <ns3:hr>140</ns3:hr>
            <ns3:cad>83</ns3:cad>
          </ns3:TrackPointExtension>
        </extensions>
      </trkpt>
      <trkpt lat="37.5086534209549427032470703125" lon="127.0528746955096721649169921875">
        <ele>49.40000152587890625</ele>
        <time>2026-09-17T09:03:44.000Z</time>
        <extensions>
          <ns3:TrackPointExtension>
            <ns3:hr>141</ns3:hr>
            <ns3:cad>83</ns3:cad>
          </ns3:TrackPointExtension>
        </extensions>
      </trkpt>
      <trkpt lat="37.50867445953190326690673828125" lon="127.0528508909046649932861328125">
        <ele>49.40000152587890625</ele>
        <time>2026-09-17T09:03:45.000Z</time>
        <extensions>
          <ns3:TrackPointExtension>
            <ns3:hr>141</ns3:hr>
            <ns3:cad>83</ns3:cad>
          </ns3:TrackPointExtension>
        </extensions>
      </trkpt>
      <trkpt lat="37.50869625248014926910400390625" lon="127.05281845293939113616943359375">
        <ele>49.40000152587890625</ele>
        <time>2026-09-17T09:03:46.000Z</time>
        <extensions>
          <ns3:TrackPointExtension>
            <ns3:hr>141</ns3:hr>
            <ns3:cad>83</ns3:cad>
          </ns3:TrackPointExtension>
        </extensions>
      </trkpt>
      <trkpt lat="37.5087090767920017242431640625" lon="127.0527932234108448028564453125">
        <ele>49.40000152587890625</ele>
        <time>2026-09-17T09:03:47.000Z</time>
        <extensions>
          <ns3:TrackPointExtension>
            <ns3:hr>141</ns3:hr>
            <ns3:cad>82</ns3:cad>
          </ns3:TrackPointExtension>
        </extensions>
      </trkpt>
      <trkpt lat="37.50873363576829433441162109375" lon="127.0527680777013301849365234375">
        <ele>49.59999847412109375</ele>
        <time>2026-09-17T09:03:48.000Z</time>
        <extensions>
          <ns3:TrackPointExtension>
            <ns3:hr>141</ns3:hr>
            <ns3:cad>82</ns3:cad>
          </ns3:TrackPointExtension>
        </extensions>
      </trkpt>
      <trkpt lat="37.50875894911587238311767578125" lon="127.0527533255517482757568359375">
        <ele>49.799999237060546875</ele>
        <time>2026-09-17T09:03:49.000Z</time>
        <extensions>
          <ns3:TrackPointExtension>
            <ns3:hr>142</ns3:hr>
            <ns3:cad>82</ns3:cad>
          </ns3:TrackPointExtension>
        </extensions>
      </trkpt>
      <trkpt lat="37.5087766349315643310546875" lon="127.05273211933672428131103515625">
        <ele>49.799999237060546875</ele>
        <time>2026-09-17T09:03:50.000Z</time>
        <extensions>
          <ns3:TrackPointExtension>
            <ns3:hr>142</ns3:hr>
            <ns3:cad>82</ns3:cad>
          </ns3:TrackPointExtension>
        </extensions>
      </trkpt>
      <trkpt lat="37.50880010426044464111328125" lon="127.05271057784557342529296875">
        <ele>50</ele>
        <time>2026-09-17T09:03:51.000Z</time>
        <extensions>
          <ns3:TrackPointExtension>
            <ns3:hr>142</ns3:hr>
            <ns3:cad>82</ns3:cad>
          </ns3:TrackPointExtension>
        </extensions>
      </trkpt>
      <trkpt lat="37.50881510786712169647216796875" lon="127.05268769524991512298583984375">
        <ele>50.200000762939453125</ele>
        <time>2026-09-17T09:03:52.000Z</time>
        <extensions>
          <ns3:TrackPointExtension>
            <ns3:hr>142</ns3:hr>
            <ns3:cad>82</ns3:cad>
          </ns3:TrackPointExtension>
        </extensions>
      </trkpt>
      <trkpt lat="37.50883354805409908294677734375" lon="127.05266338773071765899658203125">
        <ele>50.200000762939453125</ele>
        <time>2026-09-17T09:03:53.000Z</time>
        <extensions>
          <ns3:TrackPointExtension>
            <ns3:hr>141</ns3:hr>
            <ns3:cad>83</ns3:cad>
          </ns3:TrackPointExtension>
        </extensions>
      </trkpt>
      <trkpt lat="37.50885634683072566986083984375" lon="127.0526386611163616180419921875">
        <ele>50.200000762939453125</ele>
        <time>2026-09-17T09:03:54.000Z</time>
        <extensions>
          <ns3:TrackPointExtension>
            <ns3:hr>142</ns3:hr>
            <ns3:cad>83</ns3:cad>
          </ns3:TrackPointExtension>
        </extensions>
      </trkpt>
      <trkpt lat="37.508872188627719879150390625" lon="127.05261745490133762359619140625">
        <ele>50.200000762939453125</ele>
        <time>2026-09-17T09:03:55.000Z</time>
        <extensions>
          <ns3:TrackPointExtension>
            <ns3:hr>142</ns3:hr>
            <ns3:cad>83</ns3:cad>
          </ns3:TrackPointExtension>
        </extensions>
      </trkpt>
      <trkpt lat="37.5088931433856487274169921875" lon="127.0525937341153621673583984375">
        <ele>50.200000762939453125</ele>
        <time>2026-09-17T09:03:56.000Z</time>
        <extensions>
          <ns3:TrackPointExtension>
            <ns3:hr>142</ns3:hr>
            <ns3:cad>83</ns3:cad>
          </ns3:TrackPointExtension>
        </extensions>
      </trkpt>
      <trkpt lat="37.5089139305055141448974609375" lon="127.05256867222487926483154296875">
        <ele>50.40000152587890625</ele>
        <time>2026-09-17T09:03:57.000Z</time>
        <extensions>
          <ns3:TrackPointExtension>
            <ns3:hr>142</ns3:hr>
            <ns3:cad>83</ns3:cad>
          </ns3:TrackPointExtension>
        </extensions>
      </trkpt>
      <trkpt lat="37.5089330412447452545166015625" lon="127.052540592849254608154296875">
        <ele>50.59999847412109375</ele>
        <time>2026-09-17T09:03:58.000Z</time>
        <extensions>
          <ns3:TrackPointExtension>
            <ns3:hr>141</ns3:hr>
            <ns3:cad>82</ns3:cad>
          </ns3:TrackPointExtension>
        </extensions>
      </trkpt>
      <trkpt lat="37.50895827077329158782958984375" lon="127.05251066945493221282958984375">
        <ele>50.59999847412109375</ele>
        <time>2026-09-17T09:03:59.000Z</time>
        <extensions>
          <ns3:TrackPointExtension>
            <ns3:hr>142</ns3:hr>
            <ns3:cad>82</ns3:cad>
          </ns3:TrackPointExtension>
        </extensions>
      </trkpt>
      <trkpt lat="37.50897335819900035858154296875" lon="127.05248870886862277984619140625">
        <ele>50.59999847412109375</ele>
        <time>2026-09-17T09:04:00.000Z</time>
        <extensions>
          <ns3:TrackPointExtension>
            <ns3:hr>141</ns3:hr>
            <ns3:cad>82</ns3:cad>
          </ns3:TrackPointExtension>
        </extensions>
      </trkpt>
      <trkpt lat="37.50899858772754669189453125" lon="127.05246725119650363922119140625">
        <ele>50.59999847412109375</ele>
        <time>2026-09-17T09:04:01.000Z</time>
        <extensions>
          <ns3:TrackPointExtension>
            <ns3:hr>141</ns3:hr>
            <ns3:cad>82</ns3:cad>
          </ns3:TrackPointExtension>
        </extensions>
      </trkpt>
      <trkpt lat="37.5090212188661098480224609375" lon="127.0524401776492595672607421875">
        <ele>50.799999237060546875</ele>
        <time>2026-09-17T09:04:02.000Z</time>
        <extensions>
          <ns3:TrackPointExtension>
            <ns3:hr>141</ns3:hr>
            <ns3:cad>83</ns3:cad>
          </ns3:TrackPointExtension>
        </extensions>
      </trkpt>
      <trkpt lat="37.50903806649148464202880859375" lon="127.05241813324391841888427734375">
        <ele>50.799999237060546875</ele>
        <time>2026-09-17T09:04:03.000Z</time>
        <extensions>
          <ns3:TrackPointExtension>
            <ns3:hr>141</ns3:hr>
            <ns3:cad>83</ns3:cad>
          </ns3:TrackPointExtension>
        </extensions>
      </trkpt>
      <trkpt lat="37.509065307676792144775390625" lon="127.05238896422088146209716796875">
        <ele>51</ele>
        <time>2026-09-17T09:04:04.000Z</time>
        <extensions>
          <ns3:TrackPointExtension>
            <ns3:hr>142</ns3:hr>
            <ns3:cad>83</ns3:cad>
          </ns3:TrackPointExtension>
        </extensions>
      </trkpt>
      <trkpt lat="37.509084083139896392822265625" lon="127.05236817710101604461669921875">
        <ele>51.200000762939453125</ele>
        <time>2026-09-17T09:04:05.000Z</time>
        <extensions>
          <ns3:TrackPointExtension>
            <ns3:hr>142</ns3:hr>
            <ns3:cad>83</ns3:cad>
          </ns3:TrackPointExtension>
        </extensions>
      </trkpt>
      <trkpt lat="37.50910311006009578704833984375" lon="127.0523483119904994964599609375">
        <ele>51.200000762939453125</ele>
        <time>2026-09-17T09:04:06.000Z</time>
        <extensions>
          <ns3:TrackPointExtension>
            <ns3:hr>142</ns3:hr>
            <ns3:cad>83</ns3:cad>
          </ns3:TrackPointExtension>
        </extensions>
      </trkpt>
      <trkpt lat="37.50912926159799098968505859375" lon="127.0523317158222198486328125">
        <ele>51.200000762939453125</ele>
        <time>2026-09-17T09:04:07.000Z</time>
        <extensions>
          <ns3:TrackPointExtension>
            <ns3:hr>142</ns3:hr>
            <ns3:cad>83</ns3:cad>
          </ns3:TrackPointExtension>
        </extensions>
      </trkpt>
      <trkpt lat="37.50914342701435089111328125" lon="127.0523080788552761077880859375">
        <ele>51.40000152587890625</ele>
        <time>2026-09-17T09:04:08.000Z</time>
        <extensions>
          <ns3:TrackPointExtension>
            <ns3:hr>142</ns3:hr>
            <ns3:cad>82</ns3:cad>
          </ns3:TrackPointExtension>
        </extensions>
      </trkpt>
      <trkpt lat="37.5091620348393917083740234375" lon="127.05227714963257312774658203125">
        <ele>51.40000152587890625</ele>
        <time>2026-09-17T09:04:09.000Z</time>
        <extensions>
          <ns3:TrackPointExtension>
            <ns3:hr>142</ns3:hr>
            <ns3:cad>82</ns3:cad>
          </ns3:TrackPointExtension>
        </extensions>
      </trkpt>
      <trkpt lat="37.5091824866831302642822265625" lon="127.0522507466375827789306640625">
        <ele>51.40000152587890625</ele>
        <time>2026-09-17T09:04:10.000Z</time>
        <extensions>
          <ns3:TrackPointExtension>
            <ns3:hr>143</ns3:hr>
            <ns3:cad>82</ns3:cad>
          </ns3:TrackPointExtension>
        </extensions>
      </trkpt>
      <trkpt lat="37.5091999210417270660400390625" lon="127.05222819931805133819580078125">
        <ele>51.40000152587890625</ele>
        <time>2026-09-17T09:04:11.000Z</time>
        <extensions>
          <ns3:TrackPointExtension>
            <ns3:hr>143</ns3:hr>
            <ns3:cad>82</ns3:cad>
          </ns3:TrackPointExtension>
        </extensions>
      </trkpt>
      <trkpt lat="37.50922012142837047576904296875" lon="127.05219768919050693511962890625">
        <ele>51.59999847412109375</ele>
        <time>2026-09-17T09:04:12.000Z</time>
        <extensions>
          <ns3:TrackPointExtension>
            <ns3:hr>144</ns3:hr>
            <ns3:cad>82</ns3:cad>
          </ns3:TrackPointExtension>
        </extensions>
      </trkpt>
      <trkpt lat="37.50923386774957180023193359375" lon="127.05217069946229457855224609375">
        <ele>51.59999847412109375</ele>
        <time>2026-09-17T09:04:13.000Z</time>
        <extensions>
          <ns3:TrackPointExtension>
            <ns3:hr>144</ns3:hr>
            <ns3:cad>82</ns3:cad>
          </ns3:TrackPointExtension>
        </extensions>
      </trkpt>
      <trkpt lat="37.5092505477368831634521484375" lon="127.05214597284793853759765625">
        <ele>51.799999237060546875</ele>
        <time>2026-09-17T09:04:14.000Z</time>
        <extensions>
          <ns3:TrackPointExtension>
            <ns3:hr>144</ns3:hr>
            <ns3:cad>82</ns3:cad>
          </ns3:TrackPointExtension>
        </extensions>
      </trkpt>
      <trkpt lat="37.509273849427700042724609375" lon="127.0521236769855022430419921875">
        <ele>51.799999237060546875</ele>
        <time>2026-09-17T09:04:15.000Z</time>
        <extensions>
          <ns3:TrackPointExtension>
            <ns3:hr>144</ns3:hr>
            <ns3:cad>82</ns3:cad>
          </ns3:TrackPointExtension>
        </extensions>
      </trkpt>
      <trkpt lat="37.5092907808721065521240234375" lon="127.05210045911371707916259765625">
        <ele>52</ele>
        <time>2026-09-17T09:04:16.000Z</time>
        <extensions>
          <ns3:TrackPointExtension>
            <ns3:hr>144</ns3:hr>
            <ns3:cad>83</ns3:cad>
          </ns3:TrackPointExtension>
        </extensions>
      </trkpt>
      <trkpt lat="37.5093077123165130615234375" lon="127.0520750619471073150634765625">
        <ele>52</ele>
        <time>2026-09-17T09:04:17.000Z</time>
        <extensions>
          <ns3:TrackPointExtension>
            <ns3:hr>144</ns3:hr>
            <ns3:cad>83</ns3:cad>
          </ns3:TrackPointExtension>
        </extensions>
      </trkpt>
      <trkpt lat="37.5093300081789493560791015625" lon="127.05204916186630725860595703125">
        <ele>52</ele>
        <time>2026-09-17T09:04:18.000Z</time>
        <extensions>
          <ns3:TrackPointExtension>
            <ns3:hr>143</ns3:hr>
            <ns3:cad>83</ns3:cad>
          </ns3:TrackPointExtension>
        </extensions>
      </trkpt>
      <trkpt lat="37.50934668816626071929931640625" lon="127.0520240999758243560791015625">
        <ele>52</ele>
        <time>2026-09-17T09:04:19.000Z</time>
        <extensions>
          <ns3:TrackPointExtension>
            <ns3:hr>143</ns3:hr>
            <ns3:cad>82</ns3:cad>
          </ns3:TrackPointExtension>
        </extensions>
      </trkpt>
      <trkpt lat="37.50937770120799541473388671875" lon="127.0519986189901828765869140625">
        <ele>52.200000762939453125</ele>
        <time>2026-09-17T09:04:20.000Z</time>
        <extensions>
          <ns3:TrackPointExtension>
            <ns3:hr>143</ns3:hr>
            <ns3:cad>82</ns3:cad>
          </ns3:TrackPointExtension>
        </extensions>
      </trkpt>
      <trkpt lat="37.5093973986804485321044921875" lon="127.05197590403258800506591796875">
        <ele>52.200000762939453125</ele>
        <time>2026-09-17T09:04:21.000Z</time>
        <extensions>
          <ns3:TrackPointExtension>
            <ns3:hr>143</ns3:hr>
            <ns3:cad>82</ns3:cad>
          </ns3:TrackPointExtension>
        </extensions>
      </trkpt>
      <trkpt lat="37.50942396931350231170654296875" lon="127.051947824656963348388671875">
        <ele>52.200000762939453125</ele>
        <time>2026-09-17T09:04:22.000Z</time>
        <extensions>
          <ns3:TrackPointExtension>
            <ns3:hr>143</ns3:hr>
            <ns3:cad>82</ns3:cad>
          </ns3:TrackPointExtension>
        </extensions>
      </trkpt>
      <trkpt lat="37.50944592989981174468994140625" lon="127.05192242749035358428955078125">
        <ele>52.200000762939453125</ele>
        <time>2026-09-17T09:04:23.000Z</time>
        <extensions>
          <ns3:TrackPointExtension>
            <ns3:hr>143</ns3:hr>
            <ns3:cad>82</ns3:cad>
          </ns3:TrackPointExtension>
        </extensions>
      </trkpt>
      <trkpt lat="37.5094637833535671234130859375" lon="127.05189560540020465850830078125">
        <ele>52.200000762939453125</ele>
        <time>2026-09-17T09:04:24.000Z</time>
        <extensions>
          <ns3:TrackPointExtension>
            <ns3:hr>144</ns3:hr>
            <ns3:cad>82</ns3:cad>
          </ns3:TrackPointExtension>
        </extensions>
      </trkpt>
      <trkpt lat="37.50948934815824031829833984375" lon="127.0518671907484531402587890625">
        <ele>52.40000152587890625</ele>
        <time>2026-09-17T09:04:25.000Z</time>
        <extensions>
          <ns3:TrackPointExtension>
            <ns3:hr>144</ns3:hr>
            <ns3:cad>83</ns3:cad>
          </ns3:TrackPointExtension>
        </extensions>
      </trkpt>
      <trkpt lat="37.50950728543102741241455078125" lon="127.05184346996247768402099609375">
        <ele>52.40000152587890625</ele>
        <time>2026-09-17T09:04:26.000Z</time>
        <extensions>
          <ns3:TrackPointExtension>
            <ns3:hr>144</ns3:hr>
            <ns3:cad>82</ns3:cad>
          </ns3:TrackPointExtension>
        </extensions>
      </trkpt>
      <trkpt lat="37.509526647627353668212890625" lon="127.05182117410004138946533203125">
        <ele>52.59999847412109375</ele>
        <time>2026-09-17T09:04:27.000Z</time>
        <extensions>
          <ns3:TrackPointExtension>
            <ns3:hr>144</ns3:hr>
            <ns3:cad>82</ns3:cad>
          </ns3:TrackPointExtension>
        </extensions>
      </trkpt>
      <trkpt lat="37.50955539755523204803466796875" lon="127.05179887823760509490966796875">
        <ele>52.59999847412109375</ele>
        <time>2026-09-17T09:04:28.000Z</time>
        <extensions>
          <ns3:TrackPointExtension>
            <ns3:hr>144</ns3:hr>
            <ns3:cad>82</ns3:cad>
          </ns3:TrackPointExtension>
        </extensions>
      </trkpt>
      <trkpt lat="37.50957333482801914215087890625" lon="127.05178060568869113922119140625">
        <ele>52.59999847412109375</ele>
        <time>2026-09-17T09:04:29.000Z</time>
        <extensions>
          <ns3:TrackPointExtension>
            <ns3:hr>144</ns3:hr>
            <ns3:cad>82</ns3:cad>
          </ns3:TrackPointExtension>
        </extensions>
      </trkpt>
      <trkpt lat="37.509596049785614013671875" lon="127.0517625845968723297119140625">
        <ele>52.799999237060546875</ele>
        <time>2026-09-17T09:04:30.000Z</time>
        <extensions>
          <ns3:TrackPointExtension>
            <ns3:hr>144</ns3:hr>
            <ns3:cad>82</ns3:cad>
          </ns3:TrackPointExtension>
        </extensions>
      </trkpt>
      <trkpt lat="37.50962077639997005462646484375" lon="127.05174657516181468963623046875">
        <ele>52.799999237060546875</ele>
        <time>2026-09-17T09:04:31.000Z</time>
        <extensions>
          <ns3:TrackPointExtension>
            <ns3:hr>144</ns3:hr>
            <ns3:cad>83</ns3:cad>
          </ns3:TrackPointExtension>
        </extensions>
      </trkpt>
      <trkpt lat="37.509637959301471710205078125" lon="127.05173551104962825775146484375">
        <ele>53</ele>
        <time>2026-09-17T09:04:32.000Z</time>
        <extensions>
          <ns3:TrackPointExtension>
            <ns3:hr>144</ns3:hr>
            <ns3:cad>83</ns3:cad>
          </ns3:TrackPointExtension>
        </extensions>
      </trkpt>
      <trkpt lat="37.50966235063970088958740234375" lon="127.0517116226255893707275390625">
        <ele>53</ele>
        <time>2026-09-17T09:04:33.000Z</time>
        <extensions>
          <ns3:TrackPointExtension>
            <ns3:hr>144</ns3:hr>
            <ns3:cad>83</ns3:cad>
          </ns3:TrackPointExtension>
        </extensions>
      </trkpt>
      <trkpt lat="37.50968196429312229156494140625" lon="127.0516871474683284759521484375">
        <ele>53</ele>
        <time>2026-09-17T09:04:34.000Z</time>
        <extensions>
          <ns3:TrackPointExtension>
            <ns3:hr>144</ns3:hr>
            <ns3:cad>82</ns3:cad>
          </ns3:TrackPointExtension>
        </extensions>
      </trkpt>
      <trkpt lat="37.5097008235752582550048828125" lon="127.05165906809270381927490234375">
        <ele>53.200000762939453125</ele>
        <time>2026-09-17T09:04:35.000Z</time>
        <extensions>
          <ns3:TrackPointExtension>
            <ns3:hr>143</ns3:hr>
            <ns3:cad>82</ns3:cad>
          </ns3:TrackPointExtension>
        </extensions>
      </trkpt>
      <trkpt lat="37.5097299925982952117919921875" lon="127.05164398066699504852294921875">
        <ele>53.200000762939453125</ele>
        <time>2026-09-17T09:04:36.000Z</time>
        <extensions>
          <ns3:TrackPointExtension>
            <ns3:hr>143</ns3:hr>
            <ns3:cad>82</ns3:cad>
          </ns3:TrackPointExtension>
        </extensions>
      </trkpt>
      <trkpt lat="37.50974424183368682861328125" lon="127.05162453465163707733154296875">
        <ele>53.200000762939453125</ele>
        <time>2026-09-17T09:04:37.000Z</time>
        <extensions>
          <ns3:TrackPointExtension>
            <ns3:hr>143</ns3:hr>
            <ns3:cad>82</ns3:cad>
          </ns3:TrackPointExtension>
        </extensions>
      </trkpt>
      <trkpt lat="37.50976863317191600799560546875" lon="127.0515956170856952667236328125">
        <ele>53.40000152587890625</ele>
        <time>2026-09-17T09:04:38.000Z</time>
        <extensions>
          <ns3:TrackPointExtension>
            <ns3:hr>143</ns3:hr>
            <ns3:cad>82</ns3:cad>
          </ns3:TrackPointExtension>
        </extensions>
      </trkpt>
      <trkpt lat="37.5097878277301788330078125" lon="127.05157055519521236419677734375">
        <ele>53.40000152587890625</ele>
        <time>2026-09-17T09:04:39.000Z</time>
        <extensions>
          <ns3:TrackPointExtension>
            <ns3:hr>143</ns3:hr>
            <ns3:cad>82</ns3:cad>
          </ns3:TrackPointExtension>
        </extensions>
      </trkpt>
      <trkpt lat="37.50980853103101253509521484375" lon="127.05155027098953723907470703125">
        <ele>53.40000152587890625</ele>
        <time>2026-09-17T09:04:40.000Z</time>
        <extensions>
          <ns3:TrackPointExtension>
            <ns3:hr>142</ns3:hr>
            <ns3:cad>83</ns3:cad>
          </ns3:TrackPointExtension>
        </extensions>
      </trkpt>
      <trkpt lat="37.50983267091214656829833984375" lon="127.051527388393878936767578125">
        <ele>53.40000152587890625</ele>
        <time>2026-09-17T09:04:41.000Z</time>
        <extensions>
          <ns3:TrackPointExtension>
            <ns3:hr>142</ns3:hr>
            <ns3:cad>83</ns3:cad>
          </ns3:TrackPointExtension>
        </extensions>
      </trkpt>
      <trkpt lat="37.50984775833785533905029296875" lon="127.0515027455985546112060546875">
        <ele>53.40000152587890625</ele>
        <time>2026-09-17T09:04:42.000Z</time>
        <extensions>
          <ns3:TrackPointExtension>
            <ns3:hr>142</ns3:hr>
            <ns3:cad>83</ns3:cad>
          </ns3:TrackPointExtension>
        </extensions>
      </trkpt>
      <trkpt lat="37.50986586324870586395263671875" lon="127.05147634260356426239013671875">
        <ele>53.59999847412109375</ele>
        <time>2026-09-17T09:04:43.000Z</time>
        <extensions>
          <ns3:TrackPointExtension>
            <ns3:hr>142</ns3:hr>
            <ns3:cad>82</ns3:cad>
          </ns3:TrackPointExtension>
        </extensions>
      </trkpt>
      <trkpt lat="37.5098885782063007354736328125" lon="127.05145119689404964447021484375">
        <ele>53.59999847412109375</ele>
        <time>2026-09-17T09:04:44.000Z</time>
        <extensions>
          <ns3:TrackPointExtension>
            <ns3:hr>142</ns3:hr>
            <ns3:cad>82</ns3:cad>
          </ns3:TrackPointExtension>
        </extensions>
      </trkpt>
      <trkpt lat="37.50990844331681728363037109375" lon="127.051428146660327911376953125">
        <ele>53.799999237060546875</ele>
        <time>2026-09-17T09:04:45.000Z</time>
        <extensions>
          <ns3:TrackPointExtension>
            <ns3:hr>143</ns3:hr>
            <ns3:cad>82</ns3:cad>
          </ns3:TrackPointExtension>
        </extensions>
      </trkpt>
      <trkpt lat="37.5099314935505390167236328125" lon="127.05140794627368450164794921875">
        <ele>53.799999237060546875</ele>
        <time>2026-09-17T09:04:46.000Z</time>
        <extensions>
          <ns3:TrackPointExtension>
            <ns3:hr>142</ns3:hr>
            <ns3:cad>82</ns3:cad>
          </ns3:TrackPointExtension>
        </extensions>
      </trkpt>
      <trkpt lat="37.5099532864987850189208984375" lon="127.05138816498219966888427734375">
        <ele>53.799999237060546875</ele>
        <time>2026-09-17T09:04:47.000Z</time>
        <extensions>
          <ns3:TrackPointExtension>
            <ns3:hr>142</ns3:hr>
            <ns3:cad>82</ns3:cad>
          </ns3:TrackPointExtension>
        </extensions>
      </trkpt>
      <trkpt lat="37.50997197814285755157470703125" lon="127.05136704258620738983154296875">
        <ele>54</ele>
        <time>2026-09-17T09:04:48.000Z</time>
        <extensions>
          <ns3:TrackPointExtension>
            <ns3:hr>143</ns3:hr>
            <ns3:cad>82</ns3:cad>
          </ns3:TrackPointExtension>
        </extensions>
      </trkpt>
      <trkpt lat="37.5099962018430233001708984375" lon="127.0513481833040714263916015625">
        <ele>54</ele>
        <time>2026-09-17T09:04:49.000Z</time>
        <extensions>
          <ns3:TrackPointExtension>
            <ns3:hr>142</ns3:hr>
            <ns3:cad>82</ns3:cad>
          </ns3:TrackPointExtension>
        </extensions>
      </trkpt>
      <trkpt lat="37.510012127459049224853515625" lon="127.05133192241191864013671875">
        <ele>54</ele>
        <time>2026-09-17T09:04:50.000Z</time>
        <extensions>
          <ns3:TrackPointExtension>
            <ns3:hr>142</ns3:hr>
            <ns3:cad>82</ns3:cad>
          </ns3:TrackPointExtension>
        </extensions>
      </trkpt>
      <trkpt lat="37.51003383658826351165771484375" lon="127.0513139851391315460205078125">
        <ele>54</ele>
        <time>2026-09-17T09:04:51.000Z</time>
        <extensions>
          <ns3:TrackPointExtension>
            <ns3:hr>143</ns3:hr>
            <ns3:cad>82</ns3:cad>
          </ns3:TrackPointExtension>
        </extensions>
      </trkpt>
      <trkpt lat="37.51005747355520725250244140625" lon="127.05129412002861499786376953125">
        <ele>54.200000762939453125</ele>
        <time>2026-09-17T09:04:52.000Z</time>
        <extensions>
          <ns3:TrackPointExtension>
            <ns3:hr>143</ns3:hr>
            <ns3:cad>82</ns3:cad>
          </ns3:TrackPointExtension>
        </extensions>
      </trkpt>
      <trkpt lat="37.51007859595119953155517578125" lon="127.05127065069973468780517578125">
        <ele>54.200000762939453125</ele>
        <time>2026-09-17T09:04:53.000Z</time>
        <extensions>
          <ns3:TrackPointExtension>
            <ns3:hr>143</ns3:hr>
            <ns3:cad>82</ns3:cad>
          </ns3:TrackPointExtension>
        </extensions>
      </trkpt>
      <trkpt lat="37.5101041607558727264404296875" lon="127.05124734900891780853271484375">
        <ele>54.200000762939453125</ele>
        <time>2026-09-17T09:04:54.000Z</time>
        <extensions>
          <ns3:TrackPointExtension>
            <ns3:hr>144</ns3:hr>
            <ns3:cad>82</ns3:cad>
          </ns3:TrackPointExtension>
        </extensions>
      </trkpt>
      <trkpt lat="37.51011681742966175079345703125" lon="127.05122756771743297576904296875">
        <ele>54.200000762939453125</ele>
        <time>2026-09-17T09:04:55.000Z</time>
        <extensions>
          <ns3:TrackPointExtension>
            <ns3:hr>144</ns3:hr>
            <ns3:cad>82</ns3:cad>
          </ns3:TrackPointExtension>
        </extensions>
      </trkpt>
      <trkpt lat="37.5101365149021148681640625" lon="127.05120258964598178863525390625">
        <ele>54.40000152587890625</ele>
        <time>2026-09-17T09:04:56.000Z</time>
        <extensions>
          <ns3:TrackPointExtension>
            <ns3:hr>144</ns3:hr>
            <ns3:cad>82</ns3:cad>
          </ns3:TrackPointExtension>
        </extensions>
      </trkpt>
      <trkpt lat="37.51016207970678806304931640625" lon="127.05117928795516490936279296875">
        <ele>54.40000152587890625</ele>
        <time>2026-09-17T09:04:57.000Z</time>
        <extensions>
          <ns3:TrackPointExtension>
            <ns3:hr>145</ns3:hr>
            <ns3:cad>82</ns3:cad>
          </ns3:TrackPointExtension>
        </extensions>
      </trkpt>
      <trkpt lat="37.510180436074733734130859375" lon="127.0511610992252826690673828125">
        <ele>54.59999847412109375</ele>
        <time>2026-09-17T09:04:58.000Z</time>
        <extensions>
          <ns3:TrackPointExtension>
            <ns3:hr>146</ns3:hr>
            <ns3:cad>82</ns3:cad>
          </ns3:TrackPointExtension>
        </extensions>
      </trkpt>
      <trkpt lat="37.5102044083178043365478515625" lon="127.051141150295734405517578125">
        <ele>54.59999847412109375</ele>
        <time>2026-09-17T09:04:59.000Z</time>
        <extensions>
          <ns3:TrackPointExtension>
            <ns3:hr>146</ns3:hr>
            <ns3:cad>82</ns3:cad>
          </ns3:TrackPointExtension>
        </extensions>
      </trkpt>
      <trkpt lat="37.51022561453282833099365234375" lon="127.05111977644264698028564453125">
        <ele>54.799999237060546875</ele>
        <time>2026-09-17T09:05:00.000Z</time>
        <extensions>
          <ns3:TrackPointExtension>
            <ns3:hr>146</ns3:hr>
            <ns3:cad>82</ns3:cad>
          </ns3:TrackPointExtension>
        </extensions>
      </trkpt>
      <trkpt lat="37.51024506054818630218505859375" lon="127.05109513364732265472412109375">
        <ele>54.799999237060546875</ele>
        <time>2026-09-17T09:05:01.000Z</time>
        <extensions>
          <ns3:TrackPointExtension>
            <ns3:hr>146</ns3:hr>
            <ns3:cad>82</ns3:cad>
          </ns3:TrackPointExtension>
        </extensions>
      </trkpt>
      <trkpt lat="37.5102734751999378204345703125" lon="127.05106638371944427490234375">
        <ele>54.799999237060546875</ele>
        <time>2026-09-17T09:05:02.000Z</time>
        <extensions>
          <ns3:TrackPointExtension>
            <ns3:hr>145</ns3:hr>
            <ns3:cad>82</ns3:cad>
          </ns3:TrackPointExtension>
        </extensions>
      </trkpt>
      <trkpt lat="37.510297782719135284423828125" lon="127.05104769207537174224853515625">
        <ele>55</ele>
        <time>2026-09-17T09:05:03.000Z</time>
        <extensions>
          <ns3:TrackPointExtension>
            <ns3:hr>145</ns3:hr>
            <ns3:cad>82</ns3:cad>
          </ns3:TrackPointExtension>
        </extensions>
      </trkpt>
      <trkpt lat="37.51031982712447643280029296875" lon="127.05102254636585712432861328125">
        <ele>55</ele>
        <time>2026-09-17T09:05:04.000Z</time>
        <extensions>
          <ns3:TrackPointExtension>
            <ns3:hr>146</ns3:hr>
            <ns3:cad>82</ns3:cad>
          </ns3:TrackPointExtension>
        </extensions>
      </trkpt>
      <trkpt lat="37.51034748740494251251220703125" lon="127.05100393854081630706787109375">
        <ele>55.200000762939453125</ele>
        <time>2026-09-17T09:05:05.000Z</time>
        <extensions>
          <ns3:TrackPointExtension>
            <ns3:hr>146</ns3:hr>
            <ns3:cad>82</ns3:cad>
          </ns3:TrackPointExtension>
        </extensions>
      </trkpt>
      <trkpt lat="37.51036659814417362213134765625" lon="127.05098633654415607452392578125">
        <ele>55.200000762939453125</ele>
        <time>2026-09-17T09:05:06.000Z</time>
        <extensions>
          <ns3:TrackPointExtension>
            <ns3:hr>146</ns3:hr>
            <ns3:cad>83</ns3:cad>
          </ns3:TrackPointExtension>
        </extensions>
      </trkpt>
      <trkpt lat="37.5103935040533542633056640625" lon="127.050960771739482879638671875">
        <ele>55.40000152587890625</ele>
        <time>2026-09-17T09:05:07.000Z</time>
        <extensions>
          <ns3:TrackPointExtension>
            <ns3:hr>146</ns3:hr>
            <ns3:cad>83</ns3:cad>
          </ns3:TrackPointExtension>
        </extensions>
      </trkpt>
      <trkpt lat="37.5104173086583614349365234375" lon="127.0509421639144420623779296875">
        <ele>55.40000152587890625</ele>
        <time>2026-09-17T09:05:08.000Z</time>
        <extensions>
          <ns3:TrackPointExtension>
            <ns3:hr>147</ns3:hr>
            <ns3:cad>83</ns3:cad>
          </ns3:TrackPointExtension>
        </extensions>
      </trkpt>
      <trkpt lat="37.5104342401027679443359375" lon="127.0509217120707035064697265625">
        <ele>55.59999847412109375</ele>
        <time>2026-09-17T09:05:09.000Z</time>
        <extensions>
          <ns3:TrackPointExtension>
            <ns3:hr>147</ns3:hr>
            <ns3:cad>82</ns3:cad>
          </ns3:TrackPointExtension>
        </extensions>
      </trkpt>
      <trkpt lat="37.51046366058290004730224609375" lon="127.050893716514110565185546875">
        <ele>55.59999847412109375</ele>
        <time>2026-09-17T09:05:10.000Z</time>
        <extensions>
          <ns3:TrackPointExtension>
            <ns3:hr>147</ns3:hr>
            <ns3:cad>82</ns3:cad>
          </ns3:TrackPointExtension>
        </extensions>
      </trkpt>
      <trkpt lat="37.51048059202730655670166015625" lon="127.0508767850697040557861328125">
        <ele>55.59999847412109375</ele>
        <time>2026-09-17T09:05:11.000Z</time>
        <extensions>
          <ns3:TrackPointExtension>
            <ns3:hr>147</ns3:hr>
            <ns3:cad>82</ns3:cad>
          </ns3:TrackPointExtension>
        </extensions>
      </trkpt>
      <trkpt lat="37.51050137914717197418212890625" lon="127.05086245201528072357177734375">
        <ele>55.799999237060546875</ele>
        <time>2026-09-17T09:05:12.000Z</time>
        <extensions>
          <ns3:TrackPointExtension>
            <ns3:hr>148</ns3:hr>
            <ns3:cad>82</ns3:cad>
          </ns3:TrackPointExtension>
        </extensions>
      </trkpt>
      <trkpt lat="37.51052074134349822998046875" lon="127.05084250308573246002197265625">
        <ele>56</ele>
        <time>2026-09-17T09:05:13.000Z</time>
        <extensions>
          <ns3:TrackPointExtension>
            <ns3:hr>148</ns3:hr>
            <ns3:cad>82</ns3:cad>
          </ns3:TrackPointExtension>
        </extensions>
      </trkpt>
      <trkpt lat="37.510539181530475616455078125" lon="127.05082557164132595062255859375">
        <ele>56</ele>
        <time>2026-09-17T09:05:14.000Z</time>
        <extensions>
          <ns3:TrackPointExtension>
            <ns3:hr>148</ns3:hr>
            <ns3:cad>82</ns3:cad>
          </ns3:TrackPointExtension>
        </extensions>
      </trkpt>
      <trkpt lat="37.51056860201060771942138671875" lon="127.050804533064365386962890625">
        <ele>56.200000762939453125</ele>
        <time>2026-09-17T09:05:15.000Z</time>
        <extensions>
          <ns3:TrackPointExtension>
            <ns3:hr>147</ns3:hr>
            <ns3:cad>82</ns3:cad>
          </ns3:TrackPointExtension>
        </extensions>
      </trkpt>
      <trkpt lat="37.51059005968272686004638671875" lon="127.05078542232513427734375">
        <ele>56.200000762939453125</ele>
        <time>2026-09-17T09:05:16.000Z</time>
        <extensions>
          <ns3:TrackPointExtension>
            <ns3:hr>148</ns3:hr>
            <ns3:cad>82</ns3:cad>
          </ns3:TrackPointExtension>
        </extensions>
      </trkpt>
      <trkpt lat="37.5106077454984188079833984375" lon="127.0507627911865711212158203125">
        <ele>56.200000762939453125</ele>
        <time>2026-09-17T09:05:17.000Z</time>
        <extensions>
          <ns3:TrackPointExtension>
            <ns3:hr>147</ns3:hr>
            <ns3:cad>82</ns3:cad>
          </ns3:TrackPointExtension>
        </extensions>
      </trkpt>
      <trkpt lat="37.51063230447471141815185546875" lon="127.0507384836673736572265625">
        <ele>56.40000152587890625</ele>
        <time>2026-09-17T09:05:18.000Z</time>
        <extensions>
          <ns3:TrackPointExtension>
            <ns3:hr>147</ns3:hr>
            <ns3:cad>83</ns3:cad>
          </ns3:TrackPointExtension>
        </extensions>
      </trkpt>
      <trkpt lat="37.51064504496753215789794921875" lon="127.05072364769876003265380859375">
        <ele>56.40000152587890625</ele>
        <time>2026-09-17T09:05:19.000Z</time>
        <extensions>
          <ns3:TrackPointExtension>
            <ns3:hr>147</ns3:hr>
            <ns3:cad>82</ns3:cad>
          </ns3:TrackPointExtension>
        </extensions>
      </trkpt>
      <trkpt lat="37.510658539831638336181640625" lon="127.05070420168340206146240234375">
        <ele>56.59999847412109375</ele>
        <time>2026-09-17T09:05:20.000Z</time>
        <extensions>
          <ns3:TrackPointExtension>
            <ns3:hr>148</ns3:hr>
            <ns3:cad>82</ns3:cad>
          </ns3:TrackPointExtension>
        </extensions>
      </trkpt>
      <trkpt lat="37.5106821767985820770263671875" lon="127.05067813396453857421875">
        <ele>56.59999847412109375</ele>
        <time>2026-09-17T09:05:21.000Z</time>
        <extensions>
          <ns3:TrackPointExtension>
            <ns3:hr>147</ns3:hr>
            <ns3:cad>82</ns3:cad>
          </ns3:TrackPointExtension>
        </extensions>
      </trkpt>
      <trkpt lat="37.51070120371878147125244140625" lon="127.05065508373081684112548828125">
        <ele>56.59999847412109375</ele>
        <time>2026-09-17T09:05:22.000Z</time>
        <extensions>
          <ns3:TrackPointExtension>
            <ns3:hr>147</ns3:hr>
            <ns3:cad>82</ns3:cad>
          </ns3:TrackPointExtension>
        </extensions>
      </trkpt>
      <trkpt lat="37.51072802580893039703369140625" lon="127.05062759108841419219970703125">
        <ele>56.799999237060546875</ele>
        <time>2026-09-17T09:05:23.000Z</time>
        <extensions>
          <ns3:TrackPointExtension>
            <ns3:hr>147</ns3:hr>
            <ns3:cad>82</ns3:cad>
          </ns3:TrackPointExtension>
        </extensions>
      </trkpt>
      <trkpt lat="37.51074512489140033721923828125" lon="127.0505990087985992431640625">
        <ele>56.799999237060546875</ele>
        <time>2026-09-17T09:05:24.000Z</time>
        <extensions>
          <ns3:TrackPointExtension>
            <ns3:hr>148</ns3:hr>
            <ns3:cad>82</ns3:cad>
          </ns3:TrackPointExtension>
        </extensions>
      </trkpt>
      <trkpt lat="37.51076021231710910797119140625" lon="127.05057914368808269500732421875">
        <ele>56.799999237060546875</ele>
        <time>2026-09-17T09:05:25.000Z</time>
        <extensions>
          <ns3:TrackPointExtension>
            <ns3:hr>147</ns3:hr>
            <ns3:cad>82</ns3:cad>
          </ns3:TrackPointExtension>
        </extensions>
      </trkpt>
      <trkpt lat="37.510787285864353179931640625" lon="127.0505609549582004547119140625">
        <ele>57</ele>
        <time>2026-09-17T09:05:26.000Z</time>
        <extensions>
          <ns3:TrackPointExtension>
            <ns3:hr>147</ns3:hr>
            <ns3:cad>82</ns3:cad>
          </ns3:TrackPointExtension>
        </extensions>
      </trkpt>
      <trkpt lat="37.510806731879711151123046875" lon="127.0505411736667156219482421875">
        <ele>57.200000762939453125</ele>
        <time>2026-09-17T09:05:27.000Z</time>
        <extensions>
          <ns3:TrackPointExtension>
            <ns3:hr>147</ns3:hr>
            <ns3:cad>83</ns3:cad>
          </ns3:TrackPointExtension>
        </extensions>
      </trkpt>
      <trkpt lat="37.51083053648471832275390625" lon="127.05051292665302753448486328125">
        <ele>57.200000762939453125</ele>
        <time>2026-09-17T09:05:28.000Z</time>
        <extensions>
          <ns3:TrackPointExtension>
            <ns3:hr>147</ns3:hr>
            <ns3:cad>82</ns3:cad>
          </ns3:TrackPointExtension>
        </extensions>
      </trkpt>
      <trkpt lat="37.51085425727069377899169921875" lon="127.050494067370891571044921875">
        <ele>57.200000762939453125</ele>
        <time>2026-09-17T09:05:29.000Z</time>
        <extensions>
          <ns3:TrackPointExtension>
            <ns3:hr>147</ns3:hr>
            <ns3:cad>82</ns3:cad>
          </ns3:TrackPointExtension>
        </extensions>
      </trkpt>
      <trkpt lat="37.51087387092411518096923828125" lon="127.0504717715084552764892578125">
        <ele>57.40000152587890625</ele>
        <time>2026-09-17T09:05:30.000Z</time>
        <extensions>
          <ns3:TrackPointExtension>
            <ns3:hr>147</ns3:hr>
            <ns3:cad>82</ns3:cad>
          </ns3:TrackPointExtension>
        </extensions>
      </trkpt>
      <trkpt lat="37.510895915329456329345703125" lon="127.05045123584568500518798828125">
        <ele>57.40000152587890625</ele>
        <time>2026-09-17T09:05:31.000Z</time>
        <extensions>
          <ns3:TrackPointExtension>
            <ns3:hr>147</ns3:hr>
            <ns3:cad>83</ns3:cad>
          </ns3:TrackPointExtension>
        </extensions>
      </trkpt>
      <trkpt lat="37.51091368496417999267578125" lon="127.0504348911345005035400390625">
        <ele>57.59999847412109375</ele>
        <time>2026-09-17T09:05:32.000Z</time>
        <extensions>
          <ns3:TrackPointExtension>
            <ns3:hr>147</ns3:hr>
            <ns3:cad>83</ns3:cad>
          </ns3:TrackPointExtension>
        </extensions>
      </trkpt>
      <trkpt lat="37.51093514263629913330078125" lon="127.0504114218056201934814453125">
        <ele>57.59999847412109375</ele>
        <time>2026-09-17T09:05:33.000Z</time>
        <extensions>
          <ns3:TrackPointExtension>
            <ns3:hr>148</ns3:hr>
            <ns3:cad>82</ns3:cad>
          </ns3:TrackPointExtension>
        </extensions>
      </trkpt>
      <trkpt lat="37.51095936633646488189697265625" lon="127.0503936521708965301513671875">
        <ele>57.799999237060546875</ele>
        <time>2026-09-17T09:05:34.000Z</time>
        <extensions>
          <ns3:TrackPointExtension>
            <ns3:hr>148</ns3:hr>
            <ns3:cad>82</ns3:cad>
          </ns3:TrackPointExtension>
        </extensions>
      </trkpt>
      <trkpt lat="37.510979734361171722412109375" lon="127.05037571489810943603515625">
        <ele>58</ele>
        <time>2026-09-17T09:05:35.000Z</time>
        <extensions>
          <ns3:TrackPointExtension>
            <ns3:hr>148</ns3:hr>
            <ns3:cad>82</ns3:cad>
          </ns3:TrackPointExtension>
        </extensions>
      </trkpt>
      <trkpt lat="37.51100932247936725616455078125" lon="127.05035802908241748809814453125">
        <ele>58.200000762939453125</ele>
        <time>2026-09-17T09:05:36.000Z</time>
        <extensions>
          <ns3:TrackPointExtension>
            <ns3:hr>148</ns3:hr>
            <ns3:cad>83</ns3:cad>
          </ns3:TrackPointExtension>
        </extensions>
      </trkpt>
      <trkpt lat="37.51103304326534271240234375" lon="127.0503400079905986785888671875">
        <ele>58.200000762939453125</ele>
        <time>2026-09-17T09:05:37.000Z</time>
        <extensions>
          <ns3:TrackPointExtension>
            <ns3:hr>148</ns3:hr>
            <ns3:cad>83</ns3:cad>
          </ns3:TrackPointExtension>
        </extensions>
      </trkpt>
      <trkpt lat="37.511057518422603607177734375" lon="127.05032533966004848480224609375">
        <ele>58.40000152587890625</ele>
        <time>2026-09-17T09:05:38.000Z</time>
        <extensions>
          <ns3:TrackPointExtension>
            <ns3:hr>149</ns3:hr>
            <ns3:cad>83</ns3:cad>
          </ns3:TrackPointExtension>
        </extensions>
      </trkpt>
      <trkpt lat="37.51108760945498943328857421875" lon="127.05030254088342189788818359375">
        <ele>58.40000152587890625</ele>
        <time>2026-09-17T09:05:39.000Z</time>
        <extensions>
          <ns3:TrackPointExtension>
            <ns3:hr>149</ns3:hr>
            <ns3:cad>83</ns3:cad>
          </ns3:TrackPointExtension>
        </extensions>
      </trkpt>
      <trkpt lat="37.51110672019422054290771484375" lon="127.05028192140161991119384765625">
        <ele>58.40000152587890625</ele>
        <time>2026-09-17T09:05:40.000Z</time>
        <extensions>
          <ns3:TrackPointExtension>
            <ns3:hr>149</ns3:hr>
            <ns3:cad>82</ns3:cad>
          </ns3:TrackPointExtension>
        </extensions>
      </trkpt>
      <trkpt lat="37.5111327879130840301513671875" lon="127.05024571157991886138916015625">
        <ele>58.59999847412109375</ele>
        <time>2026-09-17T09:05:41.000Z</time>
        <extensions>
          <ns3:TrackPointExtension>
            <ns3:hr>148</ns3:hr>
            <ns3:cad>82</ns3:cad>
          </ns3:TrackPointExtension>
        </extensions>
      </trkpt>
      <trkpt lat="37.51115516759455204010009765625" lon="127.05021654255688190460205078125">
        <ele>58.799999237060546875</ele>
        <time>2026-09-17T09:05:42.000Z</time>
        <extensions>
          <ns3:TrackPointExtension>
            <ns3:hr>148</ns3:hr>
            <ns3:cad>82</ns3:cad>
          </ns3:TrackPointExtension>
        </extensions>
      </trkpt>
      <trkpt lat="37.5111743621528148651123046875" lon="127.05019441433250904083251953125">
        <ele>59</ele>
        <time>2026-09-17T09:05:43.000Z</time>
        <extensions>
          <ns3:TrackPointExtension>
            <ns3:hr>148</ns3:hr>
            <ns3:cad>82</ns3:cad>
          </ns3:TrackPointExtension>
        </extensions>
      </trkpt>
      <trkpt lat="37.51119263470172882080078125" lon="127.050172202289104461669921875">
        <ele>59.200000762939453125</ele>
        <time>2026-09-17T09:05:44.000Z</time>
        <extensions>
          <ns3:TrackPointExtension>
            <ns3:hr>148</ns3:hr>
            <ns3:cad>82</ns3:cad>
          </ns3:TrackPointExtension>
        </extensions>
      </trkpt>
      <trkpt lat="37.5112025253474712371826171875" lon="127.0501435361802577972412109375">
        <ele>59.40000152587890625</ele>
        <time>2026-09-17T09:05:45.000Z</time>
        <extensions>
          <ns3:TrackPointExtension>
            <ns3:hr>149</ns3:hr>
            <ns3:cad>83</ns3:cad>
          </ns3:TrackPointExtension>
        </extensions>
      </trkpt>
      <trkpt lat="37.51120814122259616851806640625" lon="127.0501242578029632568359375">
        <ele>59.59999847412109375</ele>
        <time>2026-09-17T09:05:46.000Z</time>
        <extensions>
          <ns3:TrackPointExtension>
            <ns3:hr>149</ns3:hr>
            <ns3:cad>83</ns3:cad>
          </ns3:TrackPointExtension>
        </extensions>
      </trkpt>
      <trkpt lat="37.511205039918422698974609375" lon="127.0500920712947845458984375">
        <ele>60</ele>
        <time>2026-09-17T09:05:47.000Z</time>
        <extensions>
          <ns3:TrackPointExtension>
            <ns3:hr>149</ns3:hr>
            <ns3:cad>83</ns3:cad>
          </ns3:TrackPointExtension>
        </extensions>
      </trkpt>
      <trkpt lat="37.51119758002460002899169921875" lon="127.05006583593785762786865234375">
        <ele>60.40000152587890625</ele>
        <time>2026-09-17T09:05:48.000Z</time>
        <extensions>
          <ns3:TrackPointExtension>
            <ns3:hr>149</ns3:hr>
            <ns3:cad>82</ns3:cad>
          </ns3:TrackPointExtension>
        </extensions>
      </trkpt>
      <trkpt lat="37.5111877731978893280029296875" lon="127.05005493946373462677001953125">
        <ele>60.799999237060546875</ele>
        <time>2026-09-17T09:05:49.000Z</time>
        <extensions>
          <ns3:TrackPointExtension>
            <ns3:hr>150</ns3:hr>
            <ns3:cad>82</ns3:cad>
          </ns3:TrackPointExtension>
        </extensions>
      </trkpt>
      <trkpt lat="37.5111767090857028961181640625" lon="127.050024010241031646728515625">
        <ele>61.200000762939453125</ele>
        <time>2026-09-17T09:05:50.000Z</time>
        <extensions>
          <ns3:TrackPointExtension>
            <ns3:hr>150</ns3:hr>
            <ns3:cad>82</ns3:cad>
          </ns3:TrackPointExtension>
        </extensions>
      </trkpt>
      <trkpt lat="37.51116824336349964141845703125" lon="127.050003223121166229248046875">
        <ele>61.799999237060546875</ele>
        <time>2026-09-17T09:05:51.000Z</time>
        <extensions>
          <ns3:TrackPointExtension>
            <ns3:hr>150</ns3:hr>
            <ns3:cad>78</ns3:cad>
          </ns3:TrackPointExtension>
        </extensions>
      </trkpt>
      <trkpt lat="37.51116036437451839447021484375" lon="127.0499785803258419036865234375">
        <ele>62.200000762939453125</ele>
        <time>2026-09-17T09:05:52.000Z</time>
        <extensions>
          <ns3:TrackPointExtension>
            <ns3:hr>150</ns3:hr>
            <ns3:cad>78</ns3:cad>
          </ns3:TrackPointExtension>
        </extensions>
      </trkpt>
      <trkpt lat="37.51116002909839153289794921875" lon="127.0499427057802677154541015625">
        <ele>62.799999237060546875</ele>
        <time>2026-09-17T09:05:53.000Z</time>
        <extensions>
          <ns3:TrackPointExtension>
            <ns3:hr>151</ns3:hr>
            <ns3:cad>78</ns3:cad>
          </ns3:TrackPointExtension>
        </extensions>
      </trkpt>
      <trkpt lat="37.51114837825298309326171875" lon="127.0499189011752605438232421875">
        <ele>63.200000762939453125</ele>
        <time>2026-09-17T09:05:54.000Z</time>
        <extensions>
          <ns3:TrackPointExtension>
            <ns3:hr>151</ns3:hr>
            <ns3:cad>78</ns3:cad>
          </ns3:TrackPointExtension>
        </extensions>
      </trkpt>
      <trkpt lat="37.51114259473979473114013671875" lon="127.04990725032985210418701171875">
        <ele>63.40000152587890625</ele>
        <time>2026-09-17T09:05:55.000Z</time>
        <extensions>
          <ns3:TrackPointExtension>
            <ns3:hr>151</ns3:hr>
            <ns3:cad>79</ns3:cad>
          </ns3:TrackPointExtension>
        </extensions>
      </trkpt>
      <trkpt lat="37.51113496720790863037109375" lon="127.0498783327639102935791015625">
        <ele>63.799999237060546875</ele>
        <time>2026-09-17T09:05:56.000Z</time>
        <extensions>
          <ns3:TrackPointExtension>
            <ns3:hr>152</ns3:hr>
            <ns3:cad>79</ns3:cad>
          </ns3:TrackPointExtension>
        </extensions>
      </trkpt>
      <trkpt lat="37.511126585304737091064453125" lon="127.04985042102634906768798828125">
        <ele>64</ele>
        <time>2026-09-17T09:05:57.000Z</time>
        <extensions>
          <ns3:TrackPointExtension>
            <ns3:hr>152</ns3:hr>
            <ns3:cad>79</ns3:cad>
          </ns3:TrackPointExtension>
        </extensions>
      </trkpt>
      <trkpt lat="37.51111753284931182861328125" lon="127.049827873706817626953125">
        <ele>64.40000152587890625</ele>
        <time>2026-09-17T09:05:58.000Z</time>
        <extensions>
          <ns3:TrackPointExtension>
            <ns3:hr>152</ns3:hr>
            <ns3:cad>78</ns3:cad>
          </ns3:TrackPointExtension>
        </extensions>
      </trkpt>
      <trkpt lat="37.51111216843128204345703125" lon="127.0498025603592395782470703125">
        <ele>64.8000030517578125</ele>
        <time>2026-09-17T09:05:59.000Z</time>
        <extensions>
          <ns3:TrackPointExtension>
            <ns3:hr>152</ns3:hr>
            <ns3:cad>78</ns3:cad>
          </ns3:TrackPointExtension>
        </extensions>
      </trkpt>
      <trkpt lat="37.5111063010990619659423828125" lon="127.04977699555456638336181640625">
        <ele>65.1999969482421875</ele>
        <time>2026-09-17T09:06:00.000Z</time>
        <extensions>
          <ns3:TrackPointExtension>
            <ns3:hr>152</ns3:hr>
            <ns3:cad>78</ns3:cad>
          </ns3:TrackPointExtension>
        </extensions>
      </trkpt>
      <trkpt lat="37.51110076904296875" lon="127.0497676916420459747314453125">
        <ele>65.59999847412109375</ele>
        <time>2026-09-17T09:06:01.000Z</time>
        <extensions>
          <ns3:TrackPointExtension>
            <ns3:hr>153</ns3:hr>
            <ns3:cad>79</ns3:cad>
          </ns3:TrackPointExtension>
        </extensions>
      </trkpt>
      <trkpt lat="37.5110949017107486724853515625" lon="127.04975235275924205780029296875">
        <ele>66</ele>
        <time>2026-09-17T09:06:02.000Z</time>
        <extensions>
          <ns3:TrackPointExtension>
            <ns3:hr>153</ns3:hr>
            <ns3:cad>79</ns3:cad>
          </ns3:TrackPointExtension>
        </extensions>
      </trkpt>
      <trkpt lat="37.5110868550837039947509765625" lon="127.04972033388912677764892578125">
        <ele>66.40000152587890625</ele>
        <time>2026-09-17T09:06:03.000Z</time>
        <extensions>
          <ns3:TrackPointExtension>
            <ns3:hr>153</ns3:hr>
            <ns3:cad>79</ns3:cad>
          </ns3:TrackPointExtension>
        </extensions>
      </trkpt>
      <trkpt lat="37.51108861528337001800537109375" lon="127.04969988204538822174072265625">
        <ele>66.8000030517578125</ele>
        <time>2026-09-17T09:06:04.000Z</time>
        <extensions>
          <ns3:TrackPointExtension>
            <ns3:hr>153</ns3:hr>
            <ns3:cad>79</ns3:cad>
          </ns3:TrackPointExtension>
        </extensions>
      </trkpt>
      <trkpt lat="37.5110814906656742095947265625" lon="127.04969217069447040557861328125">
        <ele>67.1999969482421875</ele>
        <time>2026-09-17T09:06:05.000Z</time>
        <extensions>
          <ns3:TrackPointExtension>
            <ns3:hr>153</ns3:hr>
            <ns3:cad>79</ns3:cad>
          </ns3:TrackPointExtension>
        </extensions>
      </trkpt>
      <trkpt lat="37.51107302494347095489501953125" lon="127.0496714673936367034912109375">
        <ele>67.59999847412109375</ele>
        <time>2026-09-17T09:06:06.000Z</time>
        <extensions>
          <ns3:TrackPointExtension>
            <ns3:hr>153</ns3:hr>
            <ns3:cad>79</ns3:cad>
          </ns3:TrackPointExtension>
        </extensions>
      </trkpt>
      <trkpt lat="37.51106648705899715423583984375" lon="127.04963919706642627716064453125">
        <ele>68</ele>
        <time>2026-09-17T09:06:07.000Z</time>
        <extensions>
          <ns3:TrackPointExtension>
            <ns3:hr>153</ns3:hr>
            <ns3:cad>79</ns3:cad>
          </ns3:TrackPointExtension>
        </extensions>
      </trkpt>
      <trkpt lat="37.51105844043195247650146484375" lon="127.04961807467043399810791015625">
        <ele>68.40000152587890625</ele>
        <time>2026-09-17T09:06:08.000Z</time>
        <extensions>
          <ns3:TrackPointExtension>
            <ns3:hr>153</ns3:hr>
            <ns3:cad>79</ns3:cad>
          </ns3:TrackPointExtension>
        </extensions>
      </trkpt>
      <trkpt lat="37.51105257309973239898681640625" lon="127.04959577880799770355224609375">
        <ele>68.8000030517578125</ele>
        <time>2026-09-17T09:06:09.000Z</time>
        <extensions>
          <ns3:TrackPointExtension>
            <ns3:hr>153</ns3:hr>
            <ns3:cad>78</ns3:cad>
          </ns3:TrackPointExtension>
        </extensions>
      </trkpt>
      <trkpt lat="37.51104536466300487518310546875" lon="127.049571387469768524169921875">
        <ele>69.1999969482421875</ele>
        <time>2026-09-17T09:06:10.000Z</time>
        <extensions>
          <ns3:TrackPointExtension>
            <ns3:hr>153</ns3:hr>
            <ns3:cad>78</ns3:cad>
          </ns3:TrackPointExtension>
        </extensions>
      </trkpt>
      <trkpt lat="37.51104083843529224395751953125" lon="127.04954850487411022186279296875">
        <ele>69.59999847412109375</ele>
        <time>2026-09-17T09:06:11.000Z</time>
        <extensions>
          <ns3:TrackPointExtension>
            <ns3:hr>153</ns3:hr>
            <ns3:cad>77</ns3:cad>
          </ns3:TrackPointExtension>
        </extensions>
      </trkpt>
      <trkpt lat="37.5110379047691822052001953125" lon="127.04952503554522991180419921875">
        <ele>69.8000030517578125</ele>
        <time>2026-09-17T09:06:12.000Z</time>
        <extensions>
          <ns3:TrackPointExtension>
            <ns3:hr>153</ns3:hr>
            <ns3:cad>77</ns3:cad>
          </ns3:TrackPointExtension>
        </extensions>
      </trkpt>
      <trkpt lat="37.5110311992466449737548828125" lon="127.04949385486543178558349609375">
        <ele>70</ele>
        <time>2026-09-17T09:06:13.000Z</time>
        <extensions>
          <ns3:TrackPointExtension>
            <ns3:hr>153</ns3:hr>
            <ns3:cad>77</ns3:cad>
          </ns3:TrackPointExtension>
        </extensions>
      </trkpt>
      <trkpt lat="37.51102424226701259613037109375" lon="127.04947658814489841461181640625">
        <ele>70.1999969482421875</ele>
        <time>2026-09-17T09:06:14.000Z</time>
        <extensions>
          <ns3:TrackPointExtension>
            <ns3:hr>153</ns3:hr>
            <ns3:cad>77</ns3:cad>
          </ns3:TrackPointExtension>
        </extensions>
      </trkpt>
      <trkpt lat="37.51101703383028507232666015625" lon="127.049462758004665374755859375">
        <ele>70.40000152587890625</ele>
        <time>2026-09-17T09:06:15.000Z</time>
        <extensions>
          <ns3:TrackPointExtension>
            <ns3:hr>154</ns3:hr>
            <ns3:cad>77</ns3:cad>
          </ns3:TrackPointExtension>
        </extensions>
      </trkpt>
      <trkpt lat="37.511007227003574371337890625" lon="127.04943694174289703369140625">
        <ele>70.8000030517578125</ele>
        <time>2026-09-17T09:06:16.000Z</time>
        <extensions>
          <ns3:TrackPointExtension>
            <ns3:hr>154</ns3:hr>
            <ns3:cad>77</ns3:cad>
          </ns3:TrackPointExtension>
        </extensions>
      </trkpt>
      <trkpt lat="37.51099842600524425506591796875" lon="127.04941171221435070037841796875">
        <ele>71</ele>
        <time>2026-09-17T09:06:17.000Z</time>
        <extensions>
          <ns3:TrackPointExtension>
            <ns3:hr>153</ns3:hr>
            <ns3:cad>77</ns3:cad>
          </ns3:TrackPointExtension>
        </extensions>
      </trkpt>
      <trkpt lat="37.5109859369695186614990234375" lon="127.04939947463572025299072265625">
        <ele>71.40000152587890625</ele>
        <time>2026-09-17T09:06:18.000Z</time>
        <extensions>
          <ns3:TrackPointExtension>
            <ns3:hr>153</ns3:hr>
            <ns3:cad>78</ns3:cad>
          </ns3:TrackPointExtension>
        </extensions>
      </trkpt>
      <trkpt lat="37.51097277738153934478759765625" lon="127.04937525093555450439453125">
        <ele>71.59999847412109375</ele>
        <time>2026-09-17T09:06:19.000Z</time>
        <extensions>
          <ns3:TrackPointExtension>
            <ns3:hr>153</ns3:hr>
            <ns3:cad>78</ns3:cad>
          </ns3:TrackPointExtension>
        </extensions>
      </trkpt>
      <trkpt lat="37.5109706819057464599609375" lon="127.04934231005609035491943359375">
        <ele>72</ele>
        <time>2026-09-17T09:06:20.000Z</time>
        <extensions>
          <ns3:TrackPointExtension>
            <ns3:hr>154</ns3:hr>
            <ns3:cad>78</ns3:cad>
          </ns3:TrackPointExtension>
        </extensions>
      </trkpt>
      <trkpt lat="37.51096464693546295166015625" lon="127.04932219348847866058349609375">
        <ele>72</ele>
        <time>2026-09-17T09:06:21.000Z</time>
        <extensions>
          <ns3:TrackPointExtension>
            <ns3:hr>153</ns3:hr>
            <ns3:cad>78</ns3:cad>
          </ns3:TrackPointExtension>
        </extensions>
      </trkpt>
      <trkpt lat="37.5109567679464817047119140625" lon="127.04928816296160221099853515625">
        <ele>72.1999969482421875</ele>
        <time>2026-09-17T09:06:22.000Z</time>
        <extensions>
          <ns3:TrackPointExtension>
            <ns3:hr>153</ns3:hr>
            <ns3:cad>78</ns3:cad>
          </ns3:TrackPointExtension>
        </extensions>
      </trkpt>
      <trkpt lat="37.5109550915658473968505859375" lon="127.0492641068994998931884765625">
        <ele>72.1999969482421875</ele>
        <time>2026-09-17T09:06:23.000Z</time>
        <extensions>
          <ns3:TrackPointExtension>
            <ns3:hr>153</ns3:hr>
            <ns3:cad>79</ns3:cad>
          </ns3:TrackPointExtension>
        </extensions>
      </trkpt>
      <trkpt lat="37.5109517388045787811279296875" lon="127.0492418110370635986328125">
        <ele>72</ele>
        <time>2026-09-17T09:06:24.000Z</time>
        <extensions>
          <ns3:TrackPointExtension>
            <ns3:hr>154</ns3:hr>
            <ns3:cad>80</ns3:cad>
          </ns3:TrackPointExtension>
        </extensions>
      </trkpt>
      <trkpt lat="37.51094729639589786529541015625" lon="127.049201913177967071533203125">
        <ele>72</ele>
        <time>2026-09-17T09:06:25.000Z</time>
        <extensions>
          <ns3:TrackPointExtension>
            <ns3:hr>154</ns3:hr>
            <ns3:cad>80</ns3:cad>
          </ns3:TrackPointExtension>
        </extensions>
      </trkpt>
      <trkpt lat="37.51093774102628231048583984375" lon="127.04917609691619873046875">
        <ele>72</ele>
        <time>2026-09-17T09:06:26.000Z</time>
        <extensions>
          <ns3:TrackPointExtension>
            <ns3:hr>154</ns3:hr>
            <ns3:cad>80</ns3:cad>
          </ns3:TrackPointExtension>
        </extensions>
      </trkpt>
      <trkpt lat="37.5109299458563327789306640625" lon="127.0491452515125274658203125">
        <ele>71.8000030517578125</ele>
        <time>2026-09-17T09:06:27.000Z</time>
        <extensions>
          <ns3:TrackPointExtension>
            <ns3:hr>154</ns3:hr>
            <ns3:cad>81</ns3:cad>
          </ns3:TrackPointExtension>
        </extensions>
      </trkpt>
      <trkpt lat="37.510924749076366424560546875" lon="127.0491112209856510162353515625">
        <ele>71.59999847412109375</ele>
        <time>2026-09-17T09:06:28.000Z</time>
        <extensions>
          <ns3:TrackPointExtension>
            <ns3:hr>154</ns3:hr>
            <ns3:cad>81</ns3:cad>
          </ns3:TrackPointExtension>
        </extensions>
      </trkpt>
      <trkpt lat="37.51091309823095798492431640625" lon="127.04907224513590335845947265625">
        <ele>71</ele>
        <time>2026-09-17T09:06:29.000Z</time>
        <extensions>
          <ns3:TrackPointExtension>
            <ns3:hr>155</ns3:hr>
            <ns3:cad>81</ns3:cad>
          </ns3:TrackPointExtension>
        </extensions>
      </trkpt>
      <trkpt lat="37.51090186648070812225341796875" lon="127.04904592595994472503662109375">
        <ele>70.40000152587890625</ele>
        <time>2026-09-17T09:06:30.000Z</time>
        <extensions>
          <ns3:TrackPointExtension>
            <ns3:hr>156</ns3:hr>
            <ns3:cad>81</ns3:cad>
          </ns3:TrackPointExtension>
        </extensions>
      </trkpt>
      <trkpt lat="37.510888874530792236328125" lon="127.0490129850804805755615234375">
        <ele>69.8000030517578125</ele>
        <time>2026-09-17T09:06:31.000Z</time>
        <extensions>
          <ns3:TrackPointExtension>
            <ns3:hr>157</ns3:hr>
            <ns3:cad>81</ns3:cad>
          </ns3:TrackPointExtension>
        </extensions>
      </trkpt>
      <trkpt lat="37.5108759663999080657958984375" lon="127.04898641444742679595947265625">
        <ele>69.1999969482421875</ele>
        <time>2026-09-17T09:06:32.000Z</time>
        <extensions>
          <ns3:TrackPointExtension>
            <ns3:hr>157</ns3:hr>
            <ns3:cad>81</ns3:cad>
          </ns3:TrackPointExtension>
        </extensions>
      </trkpt>
      <trkpt lat="37.51086565665900707244873046875" lon="127.0489455945789813995361328125">
        <ele>68.59999847412109375</ele>
        <time>2026-09-17T09:06:33.000Z</time>
        <extensions>
          <ns3:TrackPointExtension>
            <ns3:hr>157</ns3:hr>
            <ns3:cad>81</ns3:cad>
          </ns3:TrackPointExtension>
        </extensions>
      </trkpt>
      <trkpt lat="37.51085199415683746337890625" lon="127.04891986213624477386474609375">
        <ele>68.1999969482421875</ele>
        <time>2026-09-17T09:06:34.000Z</time>
        <extensions>
          <ns3:TrackPointExtension>
            <ns3:hr>157</ns3:hr>
            <ns3:cad>81</ns3:cad>
          </ns3:TrackPointExtension>
        </extensions>
      </trkpt>
      <trkpt lat="37.51083313487470149993896484375" lon="127.04887568950653076171875">
        <ele>67.8000030517578125</ele>
        <time>2026-09-17T09:06:35.000Z</time>
        <extensions>
          <ns3:TrackPointExtension>
            <ns3:hr>157</ns3:hr>
            <ns3:cad>81</ns3:cad>
          </ns3:TrackPointExtension>
        </extensions>
      </trkpt>
      <trkpt lat="37.51081670634448528289794921875" lon="127.04885213635861873626708984375">
        <ele>67.59999847412109375</ele>
        <time>2026-09-17T09:06:36.000Z</time>
        <extensions>
          <ns3:TrackPointExtension>
            <ns3:hr>156</ns3:hr>
            <ns3:cad>84</ns3:cad>
          </ns3:TrackPointExtension>
        </extensions>
      </trkpt>
      <trkpt lat="37.5108052231371402740478515625" lon="127.0488155074417591094970703125">
        <ele>67.40000152587890625</ele>
        <time>2026-09-17T09:06:37.000Z</time>
        <extensions>
          <ns3:TrackPointExtension>
            <ns3:hr>156</ns3:hr>
            <ns3:cad>84</ns3:cad>
          </ns3:TrackPointExtension>
        </extensions>
      </trkpt>
      <trkpt lat="37.510796673595905303955078125" lon="127.0487762801349163055419921875">
        <ele>67.40000152587890625</ele>
        <time>2026-09-17T09:06:38.000Z</time>
        <extensions>
          <ns3:TrackPointExtension>
            <ns3:hr>156</ns3:hr>
            <ns3:cad>83</ns3:cad>
          </ns3:TrackPointExtension>
        </extensions>
      </trkpt>
      <trkpt lat="37.5107867829501628875732421875" lon="127.0487383939325809478759765625">
        <ele>67.40000152587890625</ele>
        <time>2026-09-17T09:06:39.000Z</time>
        <extensions>
          <ns3:TrackPointExtension>
            <ns3:hr>156</ns3:hr>
            <ns3:cad>83</ns3:cad>
          </ns3:TrackPointExtension>
        </extensions>
      </trkpt>
      <trkpt lat="37.51078133471310138702392578125" lon="127.04869262874126434326171875">
        <ele>67.40000152587890625</ele>
        <time>2026-09-17T09:06:40.000Z</time>
        <extensions>
          <ns3:TrackPointExtension>
            <ns3:hr>155</ns3:hr>
            <ns3:cad>83</ns3:cad>
          </ns3:TrackPointExtension>
        </extensions>
      </trkpt>
      <trkpt lat="37.5107737071812152862548828125" lon="127.04866714775562286376953125">
        <ele>67.40000152587890625</ele>
        <time>2026-09-17T09:06:41.000Z</time>
        <extensions>
          <ns3:TrackPointExtension>
            <ns3:hr>155</ns3:hr>
            <ns3:cad>83</ns3:cad>
          </ns3:TrackPointExtension>
        </extensions>
      </trkpt>
      <trkpt lat="37.51076457090675830841064453125" lon="127.0486324466764926910400390625">
        <ele>67.40000152587890625</ele>
        <time>2026-09-17T09:06:42.000Z</time>
        <extensions>
          <ns3:TrackPointExtension>
            <ns3:hr>155</ns3:hr>
            <ns3:cad>84</ns3:cad>
          </ns3:TrackPointExtension>
        </extensions>
      </trkpt>
      <trkpt lat="37.51075685955584049224853515625" lon="127.048601098358631134033203125">
        <ele>67.40000152587890625</ele>
        <time>2026-09-17T09:06:43.000Z</time>
        <extensions>
          <ns3:TrackPointExtension>
            <ns3:hr>155</ns3:hr>
            <ns3:cad>84</ns3:cad>
          </ns3:TrackPointExtension>
        </extensions>
      </trkpt>
      <trkpt lat="37.51074495725333690643310546875" lon="127.0485734380781650543212890625">
        <ele>67.40000152587890625</ele>
        <time>2026-09-17T09:06:44.000Z</time>
        <extensions>
          <ns3:TrackPointExtension>
            <ns3:hr>155</ns3:hr>
            <ns3:cad>84</ns3:cad>
          </ns3:TrackPointExtension>
        </extensions>
      </trkpt>
      <trkpt lat="37.510732300579547882080078125" lon="127.0485389046370983123779296875">
        <ele>67.40000152587890625</ele>
        <time>2026-09-17T09:06:45.000Z</time>
        <extensions>
          <ns3:TrackPointExtension>
            <ns3:hr>155</ns3:hr>
            <ns3:cad>84</ns3:cad>
          </ns3:TrackPointExtension>
        </extensions>
      </trkpt>
      <trkpt lat="37.5107214041054248809814453125" lon="127.0485122501850128173828125">
        <ele>67.40000152587890625</ele>
        <time>2026-09-17T09:06:46.000Z</time>
        <extensions>
          <ns3:TrackPointExtension>
            <ns3:hr>154</ns3:hr>
            <ns3:cad>84</ns3:cad>
          </ns3:TrackPointExtension>
        </extensions>
      </trkpt>
      <trkpt lat="37.51070690341293811798095703125" lon="127.04847536981105804443359375">
        <ele>67.40000152587890625</ele>
        <time>2026-09-17T09:06:47.000Z</time>
        <extensions>
          <ns3:TrackPointExtension>
            <ns3:hr>154</ns3:hr>
            <ns3:cad>84</ns3:cad>
          </ns3:TrackPointExtension>
        </extensions>
      </trkpt>
      <trkpt lat="37.510698772966861724853515625" lon="127.04844309948384761810302734375">
        <ele>67.40000152587890625</ele>
        <time>2026-09-17T09:06:48.000Z</time>
        <extensions>
          <ns3:TrackPointExtension>
            <ns3:hr>154</ns3:hr>
            <ns3:cad>84</ns3:cad>
          </ns3:TrackPointExtension>
        </extensions>
      </trkpt>
      <trkpt lat="37.5106885470449924468994140625" lon="127.04841434955596923828125">
        <ele>67.40000152587890625</ele>
        <time>2026-09-17T09:06:49.000Z</time>
        <extensions>
          <ns3:TrackPointExtension>
            <ns3:hr>154</ns3:hr>
            <ns3:cad>84</ns3:cad>
          </ns3:TrackPointExtension>
        </extensions>
      </trkpt>
      <trkpt lat="37.51067488454282283782958984375" lon="127.04838627018034458160400390625">
        <ele>67.40000152587890625</ele>
        <time>2026-09-17T09:06:50.000Z</time>
        <extensions>
          <ns3:TrackPointExtension>
            <ns3:hr>154</ns3:hr>
            <ns3:cad>84</ns3:cad>
          </ns3:TrackPointExtension>
        </extensions>
      </trkpt>
      <trkpt lat="37.5106630660593509674072265625" lon="127.04835760407149791717529296875">
        <ele>67.40000152587890625</ele>
        <time>2026-09-17T09:06:51.000Z</time>
        <extensions>
          <ns3:TrackPointExtension>
            <ns3:hr>154</ns3:hr>
            <ns3:cad>84</ns3:cad>
          </ns3:TrackPointExtension>
        </extensions>
      </trkpt>
      <trkpt lat="37.5106530077755451202392578125" lon="127.04831787385046482086181640625">
        <ele>67.40000152587890625</ele>
        <time>2026-09-17T09:06:52.000Z</time>
        <extensions>
          <ns3:TrackPointExtension>
            <ns3:hr>154</ns3:hr>
            <ns3:cad>84</ns3:cad>
          </ns3:TrackPointExtension>
        </extensions>
      </trkpt>
      <trkpt lat="37.51064387150108814239501953125" lon="127.04828484915196895599365234375">
        <ele>67.59999847412109375</ele>
        <time>2026-09-17T09:06:53.000Z</time>
        <extensions>
          <ns3:TrackPointExtension>
            <ns3:hr>153</ns3:hr>
            <ns3:cad>84</ns3:cad>
          </ns3:TrackPointExtension>
        </extensions>
      </trkpt>
      <trkpt lat="37.51063347794115543365478515625" lon="127.048255093395709991455078125">
        <ele>67.59999847412109375</ele>
        <time>2026-09-17T09:06:54.000Z</time>
        <extensions>
          <ns3:TrackPointExtension>
            <ns3:hr>153</ns3:hr>
            <ns3:cad>83</ns3:cad>
          </ns3:TrackPointExtension>
        </extensions>
      </trkpt>
      <trkpt lat="37.51062425784766674041748046875" lon="127.04821678809821605682373046875">
        <ele>67.8000030517578125</ele>
        <time>2026-09-17T09:06:55.000Z</time>
        <extensions>
          <ns3:TrackPointExtension>
            <ns3:hr>153</ns3:hr>
            <ns3:cad>83</ns3:cad>
          </ns3:TrackPointExtension>
        </extensions>
      </trkpt>
      <trkpt lat="37.51061453483998775482177734375" lon="127.0481912232935428619384765625">
        <ele>67.8000030517578125</ele>
        <time>2026-09-17T09:06:56.000Z</time>
        <extensions>
          <ns3:TrackPointExtension>
            <ns3:hr>153</ns3:hr>
            <ns3:cad>83</ns3:cad>
          </ns3:TrackPointExtension>
        </extensions>
      </trkpt>
      <trkpt lat="37.5106050632894039154052734375" lon="127.0481587015092372894287109375">
        <ele>67.8000030517578125</ele>
        <time>2026-09-17T09:06:57.000Z</time>
        <extensions>
          <ns3:TrackPointExtension>
            <ns3:hr>152</ns3:hr>
            <ns3:cad>83</ns3:cad>
          </ns3:TrackPointExtension>
        </extensions>
      </trkpt>
      <trkpt lat="37.510596849024295806884765625" lon="127.04811997711658477783203125">
        <ele>67.8000030517578125</ele>
        <time>2026-09-17T09:06:58.000Z</time>
        <extensions>
          <ns3:TrackPointExtension>
            <ns3:hr>152</ns3:hr>
            <ns3:cad>83</ns3:cad>
          </ns3:TrackPointExtension>
        </extensions>
      </trkpt>
      <trkpt lat="37.5105899758636951446533203125" lon="127.0480909757316112518310546875">
        <ele>68</ele>
        <time>2026-09-17T09:06:59.000Z</time>
        <extensions>
          <ns3:TrackPointExtension>
            <ns3:hr>151</ns3:hr>
            <ns3:cad>83</ns3:cad>
          </ns3:TrackPointExtension>
        </extensions>
      </trkpt>
      <trkpt lat="37.51058419235050678253173828125" lon="127.04805987887084484100341796875">
        <ele>68.40000152587890625</ele>
        <time>2026-09-17T09:07:00.000Z</time>
        <extensions>
          <ns3:TrackPointExtension>
            <ns3:hr>151</ns3:hr>
            <ns3:cad>83</ns3:cad>
          </ns3:TrackPointExtension>
        </extensions>
      </trkpt>
      <trkpt lat="37.510576061904430389404296875" lon="127.0480235852301120758056640625">
        <ele>68.8000030517578125</ele>
        <time>2026-09-17T09:07:01.000Z</time>
        <extensions>
          <ns3:TrackPointExtension>
            <ns3:hr>151</ns3:hr>
            <ns3:cad>83</ns3:cad>
          </ns3:TrackPointExtension>
        </extensions>
      </trkpt>
      <trkpt lat="37.5105668418109416961669921875" lon="127.048004977405071258544921875">
        <ele>69.1999969482421875</ele>
        <time>2026-09-17T09:07:02.000Z</time>
        <extensions>
          <ns3:TrackPointExtension>
            <ns3:hr>151</ns3:hr>
            <ns3:cad>82</ns3:cad>
          </ns3:TrackPointExtension>
        </extensions>
      </trkpt>
      <trkpt lat="37.51056139357388019561767578125" lon="127.04797253943979740142822265625">
        <ele>69.8000030517578125</ele>
        <time>2026-09-17T09:07:03.000Z</time>
        <extensions>
          <ns3:TrackPointExtension>
            <ns3:hr>150</ns3:hr>
            <ns3:cad>81</ns3:cad>
          </ns3:TrackPointExtension>
        </extensions>
      </trkpt>
      <trkpt lat="37.510550916194915771484375" lon="127.0479447953402996063232421875">
        <ele>70</ele>
        <time>2026-09-17T09:07:04.000Z</time>
        <extensions>
          <ns3:TrackPointExtension>
            <ns3:hr>150</ns3:hr>
            <ns3:cad>81</ns3:cad>
          </ns3:TrackPointExtension>
        </extensions>
      </trkpt>
      <trkpt lat="37.51053909771144390106201171875" lon="127.0479303784668445587158203125">
        <ele>70.40000152587890625</ele>
        <time>2026-09-17T09:07:05.000Z</time>
        <extensions>
          <ns3:TrackPointExtension>
            <ns3:hr>149</ns3:hr>
            <ns3:cad>80</ns3:cad>
          </ns3:TrackPointExtension>
        </extensions>
      </trkpt>
      <trkpt lat="37.5105299614369869232177734375" lon="127.04790271818637847900390625">
        <ele>70.59999847412109375</ele>
        <time>2026-09-17T09:07:06.000Z</time>
        <extensions>
          <ns3:TrackPointExtension>
            <ns3:hr>149</ns3:hr>
            <ns3:cad>80</ns3:cad>
          </ns3:TrackPointExtension>
        </extensions>
      </trkpt>
      <trkpt lat="37.51052803359925746917724609375" lon="127.04787463881075382232666015625">
        <ele>70.8000030517578125</ele>
        <time>2026-09-17T09:07:07.000Z</time>
        <extensions>
          <ns3:TrackPointExtension>
            <ns3:hr>149</ns3:hr>
            <ns3:cad>80</ns3:cad>
          </ns3:TrackPointExtension>
        </extensions>
      </trkpt>
      <trkpt lat="37.51052116043865680694580078125" lon="127.0478572882711887359619140625">
        <ele>71</ele>
        <time>2026-09-17T09:07:08.000Z</time>
        <extensions>
          <ns3:TrackPointExtension>
            <ns3:hr>149</ns3:hr>
            <ns3:cad>79</ns3:cad>
          </ns3:TrackPointExtension>
        </extensions>
      </trkpt>
      <trkpt lat="37.51051135361194610595703125" lon="127.04783373512327671051025390625">
        <ele>71.1999969482421875</ele>
        <time>2026-09-17T09:07:09.000Z</time>
        <extensions>
          <ns3:TrackPointExtension>
            <ns3:hr>150</ns3:hr>
            <ns3:cad>79</ns3:cad>
          </ns3:TrackPointExtension>
        </extensions>
      </trkpt>
      <trkpt lat="37.51050422899425029754638671875" lon="127.04779953695833683013916015625">
        <ele>71.59999847412109375</ele>
        <time>2026-09-17T09:07:10.000Z</time>
        <extensions>
          <ns3:TrackPointExtension>
            <ns3:hr>150</ns3:hr>
            <ns3:cad>79</ns3:cad>
          </ns3:TrackPointExtension>
        </extensions>
      </trkpt>
      <trkpt lat="37.5104927457869052886962890625" lon="127.0477801747620105743408203125">
        <ele>71.8000030517578125</ele>
        <time>2026-09-17T09:07:11.000Z</time>
        <extensions>
          <ns3:TrackPointExtension>
            <ns3:hr>150</ns3:hr>
            <ns3:cad>79</ns3:cad>
          </ns3:TrackPointExtension>
        </extensions>
      </trkpt>
      <trkpt lat="37.51048645935952663421630859375" lon="127.04774354584515094757080078125">
        <ele>72</ele>
        <time>2026-09-17T09:07:12.000Z</time>
        <extensions>
          <ns3:TrackPointExtension>
            <ns3:hr>150</ns3:hr>
            <ns3:cad>80</ns3:cad>
          </ns3:TrackPointExtension>
        </extensions>
      </trkpt>
      <trkpt lat="37.510482855141162872314453125" lon="127.04771789722144603729248046875">
        <ele>72.1999969482421875</ele>
        <time>2026-09-17T09:07:13.000Z</time>
        <extensions>
          <ns3:TrackPointExtension>
            <ns3:hr>150</ns3:hr>
            <ns3:cad>80</ns3:cad>
          </ns3:TrackPointExtension>
        </extensions>
      </trkpt>
      <trkpt lat="37.51047673635184764862060546875" lon="127.04769551753997802734375">
        <ele>72.40000152587890625</ele>
        <time>2026-09-17T09:07:14.000Z</time>
        <extensions>
          <ns3:TrackPointExtension>
            <ns3:hr>150</ns3:hr>
            <ns3:cad>80</ns3:cad>
          </ns3:TrackPointExtension>
        </extensions>
      </trkpt>
      <trkpt lat="37.51046885736286640167236328125" lon="127.04765872098505496978759765625">
        <ele>72.59999847412109375</ele>
        <time>2026-09-17T09:07:15.000Z</time>
        <extensions>
          <ns3:TrackPointExtension>
            <ns3:hr>151</ns3:hr>
            <ns3:cad>80</ns3:cad>
          </ns3:TrackPointExtension>
        </extensions>
      </trkpt>
      <trkpt lat="37.510465420782566070556640625" lon="127.04763189889490604400634765625">
        <ele>72.8000030517578125</ele>
        <time>2026-09-17T09:07:16.000Z</time>
        <extensions>
          <ns3:TrackPointExtension>
            <ns3:hr>151</ns3:hr>
            <ns3:cad>80</ns3:cad>
          </ns3:TrackPointExtension>
        </extensions>
      </trkpt>
      <trkpt lat="37.5104572065174579620361328125" lon="127.0476108603179454803466796875">
        <ele>72.8000030517578125</ele>
        <time>2026-09-17T09:07:17.000Z</time>
        <extensions>
          <ns3:TrackPointExtension>
            <ns3:hr>151</ns3:hr>
            <ns3:cad>81</ns3:cad>
          </ns3:TrackPointExtension>
        </extensions>
      </trkpt>
      <trkpt lat="37.5104525126516819000244140625" lon="127.04757607541978359222412109375">
        <ele>73</ele>
        <time>2026-09-17T09:07:18.000Z</time>
        <extensions>
          <ns3:TrackPointExtension>
            <ns3:hr>151</ns3:hr>
            <ns3:cad>81</ns3:cad>
          </ns3:TrackPointExtension>
        </extensions>
      </trkpt>
      <trkpt lat="37.51044790260493755340576171875" lon="127.04754606820642948150634765625">
        <ele>73</ele>
        <time>2026-09-17T09:07:19.000Z</time>
        <extensions>
          <ns3:TrackPointExtension>
            <ns3:hr>151</ns3:hr>
            <ns3:cad>81</ns3:cad>
          </ns3:TrackPointExtension>
        </extensions>
      </trkpt>
      <trkpt lat="37.5104394368827342987060546875" lon="127.04752385616302490234375">
        <ele>73</ele>
        <time>2026-09-17T09:07:20.000Z</time>
        <extensions>
          <ns3:TrackPointExtension>
            <ns3:hr>151</ns3:hr>
            <ns3:cad>80</ns3:cad>
          </ns3:TrackPointExtension>
        </extensions>
      </trkpt>
      <trkpt lat="37.51042761839926242828369140625" lon="127.04748756252229213714599609375">
        <ele>73</ele>
        <time>2026-09-17T09:07:21.000Z</time>
        <extensions>
          <ns3:TrackPointExtension>
            <ns3:hr>152</ns3:hr>
            <ns3:cad>80</ns3:cad>
          </ns3:TrackPointExtension>
        </extensions>
      </trkpt>
      <trkpt lat="37.51041890121996402740478515625" lon="127.04746543429791927337646484375">
        <ele>73</ele>
        <time>2026-09-17T09:07:22.000Z</time>
        <extensions>
          <ns3:TrackPointExtension>
            <ns3:hr>152</ns3:hr>
            <ns3:cad>80</ns3:cad>
          </ns3:TrackPointExtension>
        </extensions>
      </trkpt>
      <trkpt lat="37.5104122795164585113525390625" lon="127.0474331639707088470458984375">
        <ele>72.8000030517578125</ele>
        <time>2026-09-17T09:07:23.000Z</time>
        <extensions>
          <ns3:TrackPointExtension>
            <ns3:hr>152</ns3:hr>
            <ns3:cad>81</ns3:cad>
          </ns3:TrackPointExtension>
        </extensions>
      </trkpt>
      <trkpt lat="37.5104012154042720794677734375" lon="127.04739150591194629669189453125">
        <ele>72.8000030517578125</ele>
        <time>2026-09-17T09:07:24.000Z</time>
        <extensions>
          <ns3:TrackPointExtension>
            <ns3:hr>152</ns3:hr>
            <ns3:cad>81</ns3:cad>
          </ns3:TrackPointExtension>
        </extensions>
      </trkpt>
      <trkpt lat="37.510395683348178863525390625" lon="127.04735957086086273193359375">
        <ele>72.8000030517578125</ele>
        <time>2026-09-17T09:07:25.000Z</time>
        <extensions>
          <ns3:TrackPointExtension>
            <ns3:hr>152</ns3:hr>
            <ns3:cad>82</ns3:cad>
          </ns3:TrackPointExtension>
        </extensions>
      </trkpt>
      <trkpt lat="37.51038319431245326995849609375" lon="127.04730902798473834991455078125">
        <ele>72.8000030517578125</ele>
        <time>2026-09-17T09:07:26.000Z</time>
        <extensions>
          <ns3:TrackPointExtension>
            <ns3:hr>153</ns3:hr>
            <ns3:cad>82</ns3:cad>
          </ns3:TrackPointExtension>
        </extensions>
      </trkpt>
      <trkpt lat="37.51037296839058399200439453125" lon="127.04727952368557453155517578125">
        <ele>72.59999847412109375</ele>
        <time>2026-09-17T09:07:27.000Z</time>
        <extensions>
          <ns3:TrackPointExtension>
            <ns3:hr>153</ns3:hr>
            <ns3:cad>82</ns3:cad>
          </ns3:TrackPointExtension>
        </extensions>
      </trkpt>
      <trkpt lat="37.510365508496761322021484375" lon="127.04724499024450778961181640625">
        <ele>72.59999847412109375</ele>
        <time>2026-09-17T09:07:28.000Z</time>
        <extensions>
          <ns3:TrackPointExtension>
            <ns3:hr>153</ns3:hr>
            <ns3:cad>82</ns3:cad>
          </ns3:TrackPointExtension>
        </extensions>
      </trkpt>
      <trkpt lat="37.510354109108448028564453125" lon="127.04720526002347469329833984375">
        <ele>72.59999847412109375</ele>
        <time>2026-09-17T09:07:29.000Z</time>
        <extensions>
          <ns3:TrackPointExtension>
            <ns3:hr>154</ns3:hr>
            <ns3:cad>82</ns3:cad>
          </ns3:TrackPointExtension>
        </extensions>
      </trkpt>
      <trkpt lat="37.5103403627872467041015625" lon="127.04717726446688175201416015625">
        <ele>72.40000152587890625</ele>
        <time>2026-09-17T09:07:30.000Z</time>
        <extensions>
          <ns3:TrackPointExtension>
            <ns3:hr>153</ns3:hr>
            <ns3:cad>82</ns3:cad>
          </ns3:TrackPointExtension>
        </extensions>
      </trkpt>
      <trkpt lat="37.5103257782757282257080078125" lon="127.04714759252965450286865234375">
        <ele>72.1999969482421875</ele>
        <time>2026-09-17T09:07:31.000Z</time>
        <extensions>
          <ns3:TrackPointExtension>
            <ns3:hr>153</ns3:hr>
            <ns3:cad>83</ns3:cad>
          </ns3:TrackPointExtension>
        </extensions>
      </trkpt>
      <trkpt lat="37.51031563617289066314697265625" lon="127.047113813459873199462890625">
        <ele>72</ele>
        <time>2026-09-17T09:07:32.000Z</time>
        <extensions>
          <ns3:TrackPointExtension>
            <ns3:hr>153</ns3:hr>
            <ns3:cad>83</ns3:cad>
          </ns3:TrackPointExtension>
        </extensions>
      </trkpt>
      <trkpt lat="37.51031110994517803192138671875" lon="127.04708556644618511199951171875">
        <ele>72</ele>
        <time>2026-09-17T09:07:33.000Z</time>
        <extensions>
          <ns3:TrackPointExtension>
            <ns3:hr>153</ns3:hr>
            <ns3:cad>83</ns3:cad>
          </ns3:TrackPointExtension>
        </extensions>
      </trkpt>
      <trkpt lat="37.51030004583299160003662109375" lon="127.047052122652530670166015625">
        <ele>72</ele>
        <time>2026-09-17T09:07:34.000Z</time>
        <extensions>
          <ns3:TrackPointExtension>
            <ns3:hr>153</ns3:hr>
            <ns3:cad>83</ns3:cad>
          </ns3:TrackPointExtension>
        </extensions>
      </trkpt>
      <trkpt lat="37.51029141247272491455078125" lon="127.047025300562381744384765625">
        <ele>71.8000030517578125</ele>
        <time>2026-09-17T09:07:35.000Z</time>
        <extensions>
          <ns3:TrackPointExtension>
            <ns3:hr>154</ns3:hr>
            <ns3:cad>83</ns3:cad>
          </ns3:TrackPointExtension>
        </extensions>
      </trkpt>
      <trkpt lat="37.5102801807224750518798828125" lon="127.0470023341476917266845703125">
        <ele>71.59999847412109375</ele>
        <time>2026-09-17T09:07:36.000Z</time>
        <extensions>
          <ns3:TrackPointExtension>
            <ns3:hr>153</ns3:hr>
            <ns3:cad>83</ns3:cad>
          </ns3:TrackPointExtension>
        </extensions>
      </trkpt>
      <trkpt lat="37.51026802696287631988525390625" lon="127.04697593115270137786865234375">
        <ele>71.40000152587890625</ele>
        <time>2026-09-17T09:07:37.000Z</time>
        <extensions>
          <ns3:TrackPointExtension>
            <ns3:hr>153</ns3:hr>
            <ns3:cad>82</ns3:cad>
          </ns3:TrackPointExtension>
        </extensions>
      </trkpt>
      <trkpt lat="37.510253526270389556884765625" lon="127.04695648513734340667724609375">
        <ele>71</ele>
        <time>2026-09-17T09:07:38.000Z</time>
        <extensions>
          <ns3:TrackPointExtension>
            <ns3:hr>153</ns3:hr>
            <ns3:cad>82</ns3:cad>
          </ns3:TrackPointExtension>
        </extensions>
      </trkpt>
      <trkpt lat="37.5102396123111248016357421875" lon="127.04693184234201908111572265625">
        <ele>70.59999847412109375</ele>
        <time>2026-09-17T09:07:39.000Z</time>
        <extensions>
          <ns3:TrackPointExtension>
            <ns3:hr>153</ns3:hr>
            <ns3:cad>82</ns3:cad>
          </ns3:TrackPointExtension>
        </extensions>
      </trkpt>
      <trkpt lat="37.51023114658892154693603515625" lon="127.04690367914736270904541015625">
        <ele>70.1999969482421875</ele>
        <time>2026-09-17T09:07:40.000Z</time>
        <extensions>
          <ns3:TrackPointExtension>
            <ns3:hr>153</ns3:hr>
            <ns3:cad>83</ns3:cad>
          </ns3:TrackPointExtension>
        </extensions>
      </trkpt>
      <trkpt lat="37.51022678799927234649658203125" lon="127.0468761026859283447265625">
        <ele>69.59999847412109375</ele>
        <time>2026-09-17T09:07:41.000Z</time>
        <extensions>
          <ns3:TrackPointExtension>
            <ns3:hr>152</ns3:hr>
            <ns3:cad>94</ns3:cad>
          </ns3:TrackPointExtension>
        </extensions>
      </trkpt>
      <trkpt lat="37.510215975344181060791015625" lon="127.04684701748192310333251953125">
        <ele>69</ele>
        <time>2026-09-17T09:07:42.000Z</time>
        <extensions>
          <ns3:TrackPointExtension>
            <ns3:hr>152</ns3:hr>
            <ns3:cad>94</ns3:cad>
          </ns3:TrackPointExtension>
        </extensions>
      </trkpt>
      <trkpt lat="37.510205246508121490478515625" lon="127.0468129031360149383544921875">
        <ele>68.40000152587890625</ele>
        <time>2026-09-17T09:07:43.000Z</time>
        <extensions>
          <ns3:TrackPointExtension>
            <ns3:hr>152</ns3:hr>
            <ns3:cad>95</ns3:cad>
          </ns3:TrackPointExtension>
        </extensions>
      </trkpt>
      <trkpt lat="37.5101980380713939666748046875" lon="127.046791613101959228515625">
        <ele>68</ele>
        <time>2026-09-17T09:07:44.000Z</time>
        <extensions>
          <ns3:TrackPointExtension>
            <ns3:hr>151</ns3:hr>
            <ns3:cad>95</ns3:cad>
          </ns3:TrackPointExtension>
        </extensions>
      </trkpt>
      <trkpt lat="37.51018948853015899658203125" lon="127.046759761869907379150390625">
        <ele>67.40000152587890625</ele>
        <time>2026-09-17T09:07:45.000Z</time>
        <extensions>
          <ns3:TrackPointExtension>
            <ns3:hr>151</ns3:hr>
            <ns3:cad>95</ns3:cad>
          </ns3:TrackPointExtension>
        </extensions>
      </trkpt>
      <trkpt lat="37.5101832859218120574951171875" lon="127.046742998063564300537109375">
        <ele>66.8000030517578125</ele>
        <time>2026-09-17T09:07:46.000Z</time>
        <extensions>
          <ns3:TrackPointExtension>
            <ns3:hr>150</ns3:hr>
            <ns3:cad>100</ns3:cad>
          </ns3:TrackPointExtension>
        </extensions>
      </trkpt>
      <trkpt lat="37.510175406932830810546875" lon="127.0467113144695758819580078125">
        <ele>66.40000152587890625</ele>
        <time>2026-09-17T09:07:47.000Z</time>
        <extensions>
          <ns3:TrackPointExtension>
            <ns3:hr>150</ns3:hr>
            <ns3:cad>100</ns3:cad>
          </ns3:TrackPointExtension>
        </extensions>
      </trkpt>
      <trkpt lat="37.51016643829643726348876953125" lon="127.04668172635138034820556640625">
        <ele>65.8000030517578125</ele>
        <time>2026-09-17T09:07:48.000Z</time>
        <extensions>
          <ns3:TrackPointExtension>
            <ns3:hr>148</ns3:hr>
            <ns3:cad>100</ns3:cad>
          </ns3:TrackPointExtension>
        </extensions>
      </trkpt>
      <trkpt lat="37.5101581402122974395751953125" lon="127.04666144214570522308349609375">
        <ele>65.40000152587890625</ele>
        <time>2026-09-17T09:07:49.000Z</time>
        <extensions>
          <ns3:TrackPointExtension>
            <ns3:hr>148</ns3:hr>
            <ns3:cad>98</ns3:cad>
          </ns3:TrackPointExtension>
        </extensions>
      </trkpt>
      <trkpt lat="37.51014850102365016937255859375" lon="127.046628333628177642822265625">
        <ele>64.8000030517578125</ele>
        <time>2026-09-17T09:07:50.000Z</time>
        <extensions>
          <ns3:TrackPointExtension>
            <ns3:hr>147</ns3:hr>
            <ns3:cad>98</ns3:cad>
          </ns3:TrackPointExtension>
        </extensions>
      </trkpt>
      <trkpt lat="37.51013441942632198333740234375" lon="127.0466013438999652862548828125">
        <ele>64.59999847412109375</ele>
        <time>2026-09-17T09:07:51.000Z</time>
        <extensions>
          <ns3:TrackPointExtension>
            <ns3:hr>146</ns3:hr>
            <ns3:cad>98</ns3:cad>
          </ns3:TrackPointExtension>
        </extensions>
      </trkpt>
      <trkpt lat="37.51011832617223262786865234375" lon="127.04657477326691150665283203125">
        <ele>64.40000152587890625</ele>
        <time>2026-09-17T09:07:52.000Z</time>
        <extensions>
          <ns3:TrackPointExtension>
            <ns3:hr>146</ns3:hr>
            <ns3:cad>83</ns3:cad>
          </ns3:TrackPointExtension>
        </extensions>
      </trkpt>
      <trkpt lat="37.51011162064969539642333984375" lon="127.04653202556073665618896484375">
        <ele>64.1999969482421875</ele>
        <time>2026-09-17T09:07:53.000Z</time>
        <extensions>
          <ns3:TrackPointExtension>
            <ns3:hr>146</ns3:hr>
            <ns3:cad>83</ns3:cad>
          </ns3:TrackPointExtension>
        </extensions>
      </trkpt>
      <trkpt lat="37.51010575331747531890869140625" lon="127.0465086400508880615234375">
        <ele>64.1999969482421875</ele>
        <time>2026-09-17T09:07:54.000Z</time>
        <extensions>
          <ns3:TrackPointExtension>
            <ns3:hr>145</ns3:hr>
            <ns3:cad>83</ns3:cad>
          </ns3:TrackPointExtension>
        </extensions>
      </trkpt>
      <trkpt lat="37.510094605386257171630859375" lon="127.0464611984789371490478515625">
        <ele>64.1999969482421875</ele>
        <time>2026-09-17T09:07:55.000Z</time>
        <extensions>
          <ns3:TrackPointExtension>
            <ns3:hr>145</ns3:hr>
            <ns3:cad>83</ns3:cad>
          </ns3:TrackPointExtension>
        </extensions>
      </trkpt>
      <trkpt lat="37.5100904144346714019775390625" lon="127.0464335381984710693359375">
        <ele>64.1999969482421875</ele>
        <time>2026-09-17T09:07:56.000Z</time>
        <extensions>
          <ns3:TrackPointExtension>
            <ns3:hr>145</ns3:hr>
            <ns3:cad>83</ns3:cad>
          </ns3:TrackPointExtension>
        </extensions>
      </trkpt>
      <trkpt lat="37.51007960177958011627197265625" lon="127.04640730284154415130615234375">
        <ele>64.1999969482421875</ele>
        <time>2026-09-17T09:07:57.000Z</time>
        <extensions>
          <ns3:TrackPointExtension>
            <ns3:hr>145</ns3:hr>
            <ns3:cad>83</ns3:cad>
          </ns3:TrackPointExtension>
        </extensions>
      </trkpt>
      <trkpt lat="37.5100686214864253997802734375" lon="127.0463636331260204315185546875">
        <ele>64</ele>
        <time>2026-09-17T09:07:58.000Z</time>
        <extensions>
          <ns3:TrackPointExtension>
            <ns3:hr>145</ns3:hr>
            <ns3:cad>82</ns3:cad>
          </ns3:TrackPointExtension>
        </extensions>
      </trkpt>
      <trkpt lat="37.51006350852549076080322265625" lon="127.04633630812168121337890625">
        <ele>64</ele>
        <time>2026-09-17T09:07:59.000Z</time>
        <extensions>
          <ns3:TrackPointExtension>
            <ns3:hr>144</ns3:hr>
            <ns3:cad>82</ns3:cad>
          </ns3:TrackPointExtension>
        </extensions>
      </trkpt>
      <trkpt lat="37.5100518576800823211669921875" lon="127.046305127441883087158203125">
        <ele>64</ele>
        <time>2026-09-17T09:08:00.000Z</time>
        <extensions>
          <ns3:TrackPointExtension>
            <ns3:hr>144</ns3:hr>
            <ns3:cad>82</ns3:cad>
          </ns3:TrackPointExtension>
        </extensions>
      </trkpt>
      <trkpt lat="37.5100474990904331207275390625" lon="127.046265564858913421630859375">
        <ele>64.1999969482421875</ele>
        <time>2026-09-17T09:08:01.000Z</time>
        <extensions>
          <ns3:TrackPointExtension>
            <ns3:hr>143</ns3:hr>
            <ns3:cad>82</ns3:cad>
          </ns3:TrackPointExtension>
        </extensions>
      </trkpt>
      <trkpt lat="37.5100391171872615814208984375" lon="127.04624050296843051910400390625">
        <ele>64.1999969482421875</ele>
        <time>2026-09-17T09:08:02.000Z</time>
        <extensions>
          <ns3:TrackPointExtension>
            <ns3:hr>143</ns3:hr>
            <ns3:cad>82</ns3:cad>
          </ns3:TrackPointExtension>
        </extensions>
      </trkpt>
      <trkpt lat="37.51002578996121883392333984375" lon="127.0462057180702686309814453125">
        <ele>64.40000152587890625</ele>
        <time>2026-09-17T09:08:03.000Z</time>
        <extensions>
          <ns3:TrackPointExtension>
            <ns3:hr>141</ns3:hr>
            <ns3:cad>82</ns3:cad>
          </ns3:TrackPointExtension>
        </extensions>
      </trkpt>
      <trkpt lat="37.5100186653435230255126953125" lon="127.04617277719080448150634765625">
        <ele>64.40000152587890625</ele>
        <time>2026-09-17T09:08:04.000Z</time>
        <extensions>
          <ns3:TrackPointExtension>
            <ns3:hr>139</ns3:hr>
            <ns3:cad>82</ns3:cad>
          </ns3:TrackPointExtension>
        </extensions>
      </trkpt>
      <trkpt lat="37.5100122950971126556396484375" lon="127.0461530797183513641357421875">
        <ele>64.59999847412109375</ele>
        <time>2026-09-17T09:08:05.000Z</time>
        <extensions>
          <ns3:TrackPointExtension>
            <ns3:hr>138</ns3:hr>
            <ns3:cad>82</ns3:cad>
          </ns3:TrackPointExtension>
        </extensions>
      </trkpt>
      <trkpt lat="37.5099972076714038848876953125" lon="127.04612449742853641510009765625">
        <ele>64.8000030517578125</ele>
        <time>2026-09-17T09:08:06.000Z</time>
        <extensions>
          <ns3:TrackPointExtension>
            <ns3:hr>138</ns3:hr>
            <ns3:cad>82</ns3:cad>
          </ns3:TrackPointExtension>
        </extensions>
      </trkpt>
      <trkpt lat="37.50998019240796566009521484375" lon="127.04610220156610012054443359375">
        <ele>65</ele>
        <time>2026-09-17T09:08:07.000Z</time>
        <extensions>
          <ns3:TrackPointExtension>
            <ns3:hr>138</ns3:hr>
            <ns3:cad>82</ns3:cad>
          </ns3:TrackPointExtension>
        </extensions>
      </trkpt>
      <trkpt lat="37.5099646858870983123779296875" lon="127.04608283936977386474609375">
        <ele>65</ele>
        <time>2026-09-17T09:08:08.000Z</time>
        <extensions>
          <ns3:TrackPointExtension>
            <ns3:hr>138</ns3:hr>
            <ns3:cad>82</ns3:cad>
          </ns3:TrackPointExtension>
        </extensions>
      </trkpt>
      <trkpt lat="37.50995320267975330352783203125" lon="127.0460535027086734771728515625">
        <ele>65</ele>
        <time>2026-09-17T09:08:09.000Z</time>
        <extensions>
          <ns3:TrackPointExtension>
            <ns3:hr>138</ns3:hr>
            <ns3:cad>82</ns3:cad>
          </ns3:TrackPointExtension>
        </extensions>
      </trkpt>
      <trkpt lat="37.509941048920154571533203125" lon="127.04603598453104496002197265625">
        <ele>65.1999969482421875</ele>
        <time>2026-09-17T09:08:10.000Z</time>
        <extensions>
          <ns3:TrackPointExtension>
            <ns3:hr>138</ns3:hr>
            <ns3:cad>82</ns3:cad>
          </ns3:TrackPointExtension>
        </extensions>
      </trkpt>
      <trkpt lat="37.5099299848079681396484375" lon="127.046005390584468841552734375">
        <ele>65.1999969482421875</ele>
        <time>2026-09-17T09:08:11.000Z</time>
        <extensions>
          <ns3:TrackPointExtension>
            <ns3:hr>137</ns3:hr>
            <ns3:cad>81</ns3:cad>
          </ns3:TrackPointExtension>
        </extensions>
      </trkpt>
      <trkpt lat="37.5099210999906063079833984375" lon="127.0459720306098461151123046875">
        <ele>65.1999969482421875</ele>
        <time>2026-09-17T09:08:12.000Z</time>
        <extensions>
          <ns3:TrackPointExtension>
            <ns3:hr>138</ns3:hr>
            <ns3:cad>81</ns3:cad>
          </ns3:TrackPointExtension>
        </extensions>
      </trkpt>
      <trkpt lat="37.509914226830005645751953125" lon="127.04595082439482212066650390625">
        <ele>65.1999969482421875</ele>
        <time>2026-09-17T09:08:13.000Z</time>
        <extensions>
          <ns3:TrackPointExtension>
            <ns3:hr>138</ns3:hr>
            <ns3:cad>82</ns3:cad>
          </ns3:TrackPointExtension>
        </extensions>
      </trkpt>
      <trkpt lat="37.5099033303558826446533203125" lon="127.045910842716693878173828125">
        <ele>65.1999969482421875</ele>
        <time>2026-09-17T09:08:14.000Z</time>
        <extensions>
          <ns3:TrackPointExtension>
            <ns3:hr>138</ns3:hr>
            <ns3:cad>83</ns3:cad>
          </ns3:TrackPointExtension>
        </extensions>
      </trkpt>
      <trkpt lat="37.5098922662436962127685546875" lon="127.04588175751268863677978515625">
        <ele>65.1999969482421875</ele>
        <time>2026-09-17T09:08:15.000Z</time>
        <extensions>
          <ns3:TrackPointExtension>
            <ns3:hr>138</ns3:hr>
            <ns3:cad>83</ns3:cad>
          </ns3:TrackPointExtension>
        </extensions>
      </trkpt>
      <trkpt lat="37.50988011248409748077392578125" lon="127.0458514988422393798828125">
        <ele>65.40000152587890625</ele>
        <time>2026-09-17T09:08:16.000Z</time>
        <extensions>
          <ns3:TrackPointExtension>
            <ns3:hr>138</ns3:hr>
            <ns3:cad>82</ns3:cad>
          </ns3:TrackPointExtension>
        </extensions>
      </trkpt>
      <trkpt lat="37.5098661147058010101318359375" lon="127.0458070747554302215576171875">
        <ele>65.40000152587890625</ele>
        <time>2026-09-17T09:08:17.000Z</time>
        <extensions>
          <ns3:TrackPointExtension>
            <ns3:hr>139</ns3:hr>
            <ns3:cad>82</ns3:cad>
          </ns3:TrackPointExtension>
        </extensions>
      </trkpt>
      <trkpt lat="37.509853877127170562744140625" lon="127.04578519798815250396728515625">
        <ele>65.40000152587890625</ele>
        <time>2026-09-17T09:08:18.000Z</time>
        <extensions>
          <ns3:TrackPointExtension>
            <ns3:hr>139</ns3:hr>
            <ns3:cad>82</ns3:cad>
          </ns3:TrackPointExtension>
        </extensions>
      </trkpt>
      <trkpt lat="37.50984021462500095367431640625" lon="127.0457530952990055084228515625">
        <ele>65.59999847412109375</ele>
        <time>2026-09-17T09:08:19.000Z</time>
        <extensions>
          <ns3:TrackPointExtension>
            <ns3:hr>139</ns3:hr>
            <ns3:cad>82</ns3:cad>
          </ns3:TrackPointExtension>
        </extensions>
      </trkpt>
      <trkpt lat="37.5098299048840999603271484375" lon="127.04572878777980804443359375">
        <ele>65.59999847412109375</ele>
        <time>2026-09-17T09:08:20.000Z</time>
        <extensions>
          <ns3:TrackPointExtension>
            <ns3:hr>139</ns3:hr>
            <ns3:cad>82</ns3:cad>
          </ns3:TrackPointExtension>
        </extensions>
      </trkpt>
      <trkpt lat="37.5098148174583911895751953125" lon="127.04570137895643711090087890625">
        <ele>65.59999847412109375</ele>
        <time>2026-09-17T09:08:21.000Z</time>
        <extensions>
          <ns3:TrackPointExtension>
            <ns3:hr>140</ns3:hr>
            <ns3:cad>82</ns3:cad>
          </ns3:TrackPointExtension>
        </extensions>
      </trkpt>
      <trkpt lat="37.50980048440396785736083984375" lon="127.0456649176776409149169921875">
        <ele>65.59999847412109375</ele>
        <time>2026-09-17T09:08:22.000Z</time>
        <extensions>
          <ns3:TrackPointExtension>
            <ns3:hr>139</ns3:hr>
            <ns3:cad>82</ns3:cad>
          </ns3:TrackPointExtension>
        </extensions>
      </trkpt>
      <trkpt lat="37.50978724099695682525634765625" lon="127.045641280710697174072265625">
        <ele>65.59999847412109375</ele>
        <time>2026-09-17T09:08:23.000Z</time>
        <extensions>
          <ns3:TrackPointExtension>
            <ns3:hr>139</ns3:hr>
            <ns3:cad>82</ns3:cad>
          </ns3:TrackPointExtension>
        </extensions>
      </trkpt>
      <trkpt lat="37.50977466814219951629638671875" lon="127.04561420716345310211181640625">
        <ele>65.59999847412109375</ele>
        <time>2026-09-17T09:08:24.000Z</time>
        <extensions>
          <ns3:TrackPointExtension>
            <ns3:hr>140</ns3:hr>
            <ns3:cad>82</ns3:cad>
          </ns3:TrackPointExtension>
        </extensions>
      </trkpt>
      <trkpt lat="37.50976108945906162261962890625" lon="127.045572213828563690185546875">
        <ele>65.8000030517578125</ele>
        <time>2026-09-17T09:08:25.000Z</time>
        <extensions>
          <ns3:TrackPointExtension>
            <ns3:hr>139</ns3:hr>
            <ns3:cad>82</ns3:cad>
          </ns3:TrackPointExtension>
        </extensions>
      </trkpt>
      <trkpt lat="37.5097514502704143524169921875" lon="127.04554715193808078765869140625">
        <ele>66</ele>
        <time>2026-09-17T09:08:26.000Z</time>
        <extensions>
          <ns3:TrackPointExtension>
            <ns3:hr>139</ns3:hr>
            <ns3:cad>82</ns3:cad>
          </ns3:TrackPointExtension>
        </extensions>
      </trkpt>
      <trkpt lat="37.5097363628447055816650390625" lon="127.0455116964876651763916015625">
        <ele>66</ele>
        <time>2026-09-17T09:08:27.000Z</time>
        <extensions>
          <ns3:TrackPointExtension>
            <ns3:hr>140</ns3:hr>
            <ns3:cad>82</ns3:cad>
          </ns3:TrackPointExtension>
        </extensions>
      </trkpt>
      <trkpt lat="37.50972672365605831146240234375" lon="127.045483030378818511962890625">
        <ele>66.1999969482421875</ele>
        <time>2026-09-17T09:08:28.000Z</time>
        <extensions>
          <ns3:TrackPointExtension>
            <ns3:hr>140</ns3:hr>
            <ns3:cad>82</ns3:cad>
          </ns3:TrackPointExtension>
        </extensions>
      </trkpt>
      <trkpt lat="37.50971515662968158721923828125" lon="127.045462243258953094482421875">
        <ele>66.1999969482421875</ele>
        <time>2026-09-17T09:08:29.000Z</time>
        <extensions>
          <ns3:TrackPointExtension>
            <ns3:hr>141</ns3:hr>
            <ns3:cad>82</ns3:cad>
          </ns3:TrackPointExtension>
        </extensions>
      </trkpt>
      <trkpt lat="37.50970358960330486297607421875" lon="127.0454248599708080291748046875">
        <ele>66.40000152587890625</ele>
        <time>2026-09-17T09:08:30.000Z</time>
        <extensions>
          <ns3:TrackPointExtension>
            <ns3:hr>141</ns3:hr>
            <ns3:cad>82</ns3:cad>
          </ns3:TrackPointExtension>
        </extensions>
      </trkpt>
      <trkpt lat="37.50968992710113525390625" lon="127.0454050786793231964111328125">
        <ele>66.40000152587890625</ele>
        <time>2026-09-17T09:08:31.000Z</time>
        <extensions>
          <ns3:TrackPointExtension>
            <ns3:hr>141</ns3:hr>
            <ns3:cad>82</ns3:cad>
          </ns3:TrackPointExtension>
        </extensions>
      </trkpt>
      <trkpt lat="37.5096783600747585296630859375" lon="127.04537046141922473907470703125">
        <ele>66.40000152587890625</ele>
        <time>2026-09-17T09:08:32.000Z</time>
        <extensions>
          <ns3:TrackPointExtension>
            <ns3:hr>140</ns3:hr>
            <ns3:cad>82</ns3:cad>
          </ns3:TrackPointExtension>
        </extensions>
      </trkpt>
      <trkpt lat="37.5096652843058109283447265625" lon="127.04533659853041172027587890625">
        <ele>66.59999847412109375</ele>
        <time>2026-09-17T09:08:33.000Z</time>
        <extensions>
          <ns3:TrackPointExtension>
            <ns3:hr>140</ns3:hr>
            <ns3:cad>83</ns3:cad>
          </ns3:TrackPointExtension>
        </extensions>
      </trkpt>
      <trkpt lat="37.509651370346546173095703125" lon="127.04531430266797542572021484375">
        <ele>66.59999847412109375</ele>
        <time>2026-09-17T09:08:34.000Z</time>
        <extensions>
          <ns3:TrackPointExtension>
            <ns3:hr>140</ns3:hr>
            <ns3:cad>83</ns3:cad>
          </ns3:TrackPointExtension>
        </extensions>
      </trkpt>
      <trkpt lat="37.5096364505589008331298828125" lon="127.04528161324560642242431640625">
        <ele>66.59999847412109375</ele>
        <time>2026-09-17T09:08:35.000Z</time>
        <extensions>
          <ns3:TrackPointExtension>
            <ns3:hr>141</ns3:hr>
            <ns3:cad>83</ns3:cad>
          </ns3:TrackPointExtension>
        </extensions>
      </trkpt>
      <trkpt lat="37.50962412916123867034912109375" lon="127.0452511869370937347412109375">
        <ele>66.59999847412109375</ele>
        <time>2026-09-17T09:08:36.000Z</time>
        <extensions>
          <ns3:TrackPointExtension>
            <ns3:hr>140</ns3:hr>
            <ns3:cad>83</ns3:cad>
          </ns3:TrackPointExtension>
        </extensions>
      </trkpt>
      <trkpt lat="37.509611137211322784423828125" lon="127.04522595740854740142822265625">
        <ele>66.40000152587890625</ele>
        <time>2026-09-17T09:08:37.000Z</time>
        <extensions>
          <ns3:TrackPointExtension>
            <ns3:hr>141</ns3:hr>
            <ns3:cad>83</ns3:cad>
          </ns3:TrackPointExtension>
        </extensions>
      </trkpt>
      <trkpt lat="37.50959780998528003692626953125" lon="127.04518605954945087432861328125">
        <ele>66.40000152587890625</ele>
        <time>2026-09-17T09:08:38.000Z</time>
        <extensions>
          <ns3:TrackPointExtension>
            <ns3:hr>140</ns3:hr>
            <ns3:cad>83</ns3:cad>
          </ns3:TrackPointExtension>
        </extensions>
      </trkpt>
      <trkpt lat="37.50958926044404506683349609375" lon="127.04516359604895114898681640625">
        <ele>66.59999847412109375</ele>
        <time>2026-09-17T09:08:39.000Z</time>
        <extensions>
          <ns3:TrackPointExtension>
            <ns3:hr>140</ns3:hr>
            <ns3:cad>83</ns3:cad>
          </ns3:TrackPointExtension>
        </extensions>
      </trkpt>
      <trkpt lat="37.50957216136157512664794921875" lon="127.04512906260788440704345703125">
        <ele>66.59999847412109375</ele>
        <time>2026-09-17T09:08:40.000Z</time>
        <extensions>
          <ns3:TrackPointExtension>
            <ns3:hr>140</ns3:hr>
            <ns3:cad>83</ns3:cad>
          </ns3:TrackPointExtension>
        </extensions>
      </trkpt>
      <trkpt lat="37.5095590017735958099365234375" lon="127.04509905539453029632568359375">
        <ele>66.40000152587890625</ele>
        <time>2026-09-17T09:08:41.000Z</time>
        <extensions>
          <ns3:TrackPointExtension>
            <ns3:hr>141</ns3:hr>
            <ns3:cad>83</ns3:cad>
          </ns3:TrackPointExtension>
        </extensions>
      </trkpt>
      <trkpt lat="37.50954232178628444671630859375" lon="127.04507474787533283233642578125">
        <ele>66.59999847412109375</ele>
        <time>2026-09-17T09:08:42.000Z</time>
        <extensions>
          <ns3:TrackPointExtension>
            <ns3:hr>141</ns3:hr>
            <ns3:cad>83</ns3:cad>
          </ns3:TrackPointExtension>
        </extensions>
      </trkpt>
      <trkpt lat="37.5095308385789394378662109375" lon="127.045038454234600067138671875">
        <ele>66.59999847412109375</ele>
        <time>2026-09-17T09:08:43.000Z</time>
        <extensions>
          <ns3:TrackPointExtension>
            <ns3:hr>141</ns3:hr>
            <ns3:cad>83</ns3:cad>
          </ns3:TrackPointExtension>
        </extensions>
      </trkpt>
      <trkpt lat="37.50951952300965785980224609375" lon="127.04501573927700519561767578125">
        <ele>66.59999847412109375</ele>
        <time>2026-09-17T09:08:44.000Z</time>
        <extensions>
          <ns3:TrackPointExtension>
            <ns3:hr>141</ns3:hr>
            <ns3:cad>83</ns3:cad>
          </ns3:TrackPointExtension>
        </extensions>
      </trkpt>
      <trkpt lat="37.50950544141232967376708984375" lon="127.04498003236949443817138671875">
        <ele>66.59999847412109375</ele>
        <time>2026-09-17T09:08:45.000Z</time>
        <extensions>
          <ns3:TrackPointExtension>
            <ns3:hr>141</ns3:hr>
            <ns3:cad>83</ns3:cad>
          </ns3:TrackPointExtension>
        </extensions>
      </trkpt>
      <trkpt lat="37.509497813880443572998046875" lon="127.04494566656649112701416015625">
        <ele>66.8000030517578125</ele>
        <time>2026-09-17T09:08:46.000Z</time>
        <extensions>
          <ns3:TrackPointExtension>
            <ns3:hr>141</ns3:hr>
            <ns3:cad>82</ns3:cad>
          </ns3:TrackPointExtension>
        </extensions>
      </trkpt>
      <trkpt lat="37.5094842351973056793212890625" lon="127.04491985030472278594970703125">
        <ele>66.8000030517578125</ele>
        <time>2026-09-17T09:08:47.000Z</time>
        <extensions>
          <ns3:TrackPointExtension>
            <ns3:hr>141</ns3:hr>
            <ns3:cad>82</ns3:cad>
          </ns3:TrackPointExtension>
        </extensions>
      </trkpt>
      <trkpt lat="37.50946839340031147003173828125" lon="127.0448890887200832366943359375">
        <ele>66.8000030517578125</ele>
        <time>2026-09-17T09:08:48.000Z</time>
        <extensions>
          <ns3:TrackPointExtension>
            <ns3:hr>140</ns3:hr>
            <ns3:cad>82</ns3:cad>
          </ns3:TrackPointExtension>
        </extensions>
      </trkpt>
      <trkpt lat="37.50946017913520336151123046875" lon="127.04486913979053497314453125">
        <ele>66.8000030517578125</ele>
        <time>2026-09-17T09:08:49.000Z</time>
        <extensions>
          <ns3:TrackPointExtension>
            <ns3:hr>141</ns3:hr>
            <ns3:cad>83</ns3:cad>
          </ns3:TrackPointExtension>
        </extensions>
      </trkpt>
      <trkpt lat="37.50945263542234897613525390625" lon="127.0448441617190837860107421875">
        <ele>66.8000030517578125</ele>
        <time>2026-09-17T09:08:50.000Z</time>
        <extensions>
          <ns3:TrackPointExtension>
            <ns3:hr>141</ns3:hr>
            <ns3:cad>83</ns3:cad>
          </ns3:TrackPointExtension>
        </extensions>
      </trkpt>
      <trkpt lat="37.509443499147891998291015625" lon="127.04480904154479503631591796875">
        <ele>66.8000030517578125</ele>
        <time>2026-09-17T09:08:51.000Z</time>
        <extensions>
          <ns3:TrackPointExtension>
            <ns3:hr>141</ns3:hr>
            <ns3:cad>83</ns3:cad>
          </ns3:TrackPointExtension>
        </extensions>
      </trkpt>
      <trkpt lat="37.5094299204647541046142578125" lon="127.0447875000536441802978515625">
        <ele>67</ele>
        <time>2026-09-17T09:08:52.000Z</time>
        <extensions>
          <ns3:TrackPointExtension>
            <ns3:hr>141</ns3:hr>
            <ns3:cad>83</ns3:cad>
          </ns3:TrackPointExtension>
        </extensions>
      </trkpt>
      <trkpt lat="37.5094131566584110260009765625" lon="127.04475724138319492340087890625">
        <ele>67</ele>
        <time>2026-09-17T09:08:53.000Z</time>
        <extensions>
          <ns3:TrackPointExtension>
            <ns3:hr>142</ns3:hr>
            <ns3:cad>83</ns3:cad>
          </ns3:TrackPointExtension>
        </extensions>
      </trkpt>
      <trkpt lat="37.509401924908161163330078125" lon="127.04472321085631847381591796875">
        <ele>67.1999969482421875</ele>
        <time>2026-09-17T09:08:54.000Z</time>
        <extensions>
          <ns3:TrackPointExtension>
            <ns3:hr>142</ns3:hr>
            <ns3:cad>83</ns3:cad>
          </ns3:TrackPointExtension>
        </extensions>
      </trkpt>
      <trkpt lat="37.5093863345682621002197265625" lon="127.044699490070343017578125">
        <ele>67.1999969482421875</ele>
        <time>2026-09-17T09:08:55.000Z</time>
        <extensions>
          <ns3:TrackPointExtension>
            <ns3:hr>142</ns3:hr>
            <ns3:cad>83</ns3:cad>
          </ns3:TrackPointExtension>
        </extensions>
      </trkpt>
      <trkpt lat="37.50937904231250286102294921875" lon="127.04465917311608791351318359375">
        <ele>67</ele>
        <time>2026-09-17T09:08:56.000Z</time>
        <extensions>
          <ns3:TrackPointExtension>
            <ns3:hr>142</ns3:hr>
            <ns3:cad>83</ns3:cad>
          </ns3:TrackPointExtension>
        </extensions>
      </trkpt>
      <trkpt lat="37.5093694031238555908203125" lon="127.04462983645498752593994140625">
        <ele>67</ele>
        <time>2026-09-17T09:08:57.000Z</time>
        <extensions>
          <ns3:TrackPointExtension>
            <ns3:hr>142</ns3:hr>
            <ns3:cad>83</ns3:cad>
          </ns3:TrackPointExtension>
        </extensions>
      </trkpt>
      <trkpt lat="37.50935800373554229736328125" lon="127.04459982924163341522216796875">
        <ele>67</ele>
        <time>2026-09-17T09:08:58.000Z</time>
        <extensions>
          <ns3:TrackPointExtension>
            <ns3:hr>142</ns3:hr>
            <ns3:cad>82</ns3:cad>
          </ns3:TrackPointExtension>
        </extensions>
      </trkpt>
      <trkpt lat="37.50935138203203678131103515625" lon="127.04455532133579254150390625">
        <ele>66.8000030517578125</ele>
        <time>2026-09-17T09:08:59.000Z</time>
        <extensions>
          <ns3:TrackPointExtension>
            <ns3:hr>142</ns3:hr>
            <ns3:cad>82</ns3:cad>
          </ns3:TrackPointExtension>
        </extensions>
      </trkpt>
      <trkpt lat="37.50934031791985034942626953125" lon="127.0445326901972293853759765625">
        <ele>66.8000030517578125</ele>
        <time>2026-09-17T09:09:00.000Z</time>
        <extensions>
          <ns3:TrackPointExtension>
            <ns3:hr>142</ns3:hr>
            <ns3:cad>82</ns3:cad>
          </ns3:TrackPointExtension>
        </extensions>
      </trkpt>
      <trkpt lat="37.50933093018829822540283203125" lon="127.0445008389651775360107421875">
        <ele>66.8000030517578125</ele>
        <time>2026-09-17T09:09:01.000Z</time>
        <extensions>
          <ns3:TrackPointExtension>
            <ns3:hr>142</ns3:hr>
            <ns3:cad>82</ns3:cad>
          </ns3:TrackPointExtension>
        </extensions>
      </trkpt>
      <trkpt lat="37.5093135796487331390380859375" lon="127.04446756280958652496337890625">
        <ele>66.8000030517578125</ele>
        <time>2026-09-17T09:09:02.000Z</time>
        <extensions>
          <ns3:TrackPointExtension>
            <ns3:hr>142</ns3:hr>
            <ns3:cad>82</ns3:cad>
          </ns3:TrackPointExtension>
        </extensions>
      </trkpt>
      <trkpt lat="37.5093005038797855377197265625" lon="127.04444778151810169219970703125">
        <ele>66.8000030517578125</ele>
        <time>2026-09-17T09:09:03.000Z</time>
        <extensions>
          <ns3:TrackPointExtension>
            <ns3:hr>141</ns3:hr>
            <ns3:cad>82</ns3:cad>
          </ns3:TrackPointExtension>
        </extensions>
      </trkpt>
      <trkpt lat="37.5092844106256961822509765625" lon="127.04442380927503108978271484375">
        <ele>66.8000030517578125</ele>
        <time>2026-09-17T09:09:04.000Z</time>
        <extensions>
          <ns3:TrackPointExtension>
            <ns3:hr>141</ns3:hr>
            <ns3:cad>82</ns3:cad>
          </ns3:TrackPointExtension>
        </extensions>
      </trkpt>
      <trkpt lat="37.50926437787711620330810546875" lon="127.04441408626735210418701171875">
        <ele>66.59999847412109375</ele>
        <time>2026-09-17T09:09:05.000Z</time>
        <extensions>
          <ns3:TrackPointExtension>
            <ns3:hr>141</ns3:hr>
            <ns3:cad>82</ns3:cad>
          </ns3:TrackPointExtension>
        </extensions>
      </trkpt>
      <trkpt lat="37.5092441774904727935791015625" lon="127.04441961832344532012939453125">
        <ele>66.59999847412109375</ele>
        <time>2026-09-17T09:09:06.000Z</time>
        <extensions>
          <ns3:TrackPointExtension>
            <ns3:hr>142</ns3:hr>
            <ns3:cad>82</ns3:cad>
          </ns3:TrackPointExtension>
        </extensions>
      </trkpt>
      <trkpt lat="37.5092213787138462066650390625" lon="127.044427581131458282470703125">
        <ele>66.40000152587890625</ele>
        <time>2026-09-17T09:09:07.000Z</time>
        <extensions>
          <ns3:TrackPointExtension>
            <ns3:hr>142</ns3:hr>
            <ns3:cad>82</ns3:cad>
          </ns3:TrackPointExtension>
        </extensions>
      </trkpt>
      <trkpt lat="37.50919933430850505828857421875" lon="127.0444411598145961761474609375">
        <ele>66.1999969482421875</ele>
        <time>2026-09-17T09:09:08.000Z</time>
        <extensions>
          <ns3:TrackPointExtension>
            <ns3:hr>142</ns3:hr>
            <ns3:cad>82</ns3:cad>
          </ns3:TrackPointExtension>
        </extensions>
      </trkpt>
      <trkpt lat="37.5091787986457347869873046875" lon="127.0444569177925586700439453125">
        <ele>66</ele>
        <time>2026-09-17T09:09:09.000Z</time>
        <extensions>
          <ns3:TrackPointExtension>
            <ns3:hr>143</ns3:hr>
            <ns3:cad>81</ns3:cad>
          </ns3:TrackPointExtension>
        </extensions>
      </trkpt>
      <trkpt lat="37.50914342701435089111328125" lon="127.04447309486567974090576171875">
        <ele>65.8000030517578125</ele>
        <time>2026-09-17T09:09:10.000Z</time>
        <extensions>
          <ns3:TrackPointExtension>
            <ns3:hr>143</ns3:hr>
            <ns3:cad>81</ns3:cad>
          </ns3:TrackPointExtension>
        </extensions>
      </trkpt>
      <trkpt lat="37.5091184489428997039794921875" lon="127.04448415897786617279052734375">
        <ele>65.59999847412109375</ele>
        <time>2026-09-17T09:09:11.000Z</time>
        <extensions>
          <ns3:TrackPointExtension>
            <ns3:hr>143</ns3:hr>
            <ns3:cad>81</ns3:cad>
          </ns3:TrackPointExtension>
        </extensions>
      </trkpt>
      <trkpt lat="37.50909053720533847808837890625" lon="127.04450243152678012847900390625">
        <ele>65.40000152587890625</ele>
        <time>2026-09-17T09:09:12.000Z</time>
        <extensions>
          <ns3:TrackPointExtension>
            <ns3:hr>142</ns3:hr>
            <ns3:cad>81</ns3:cad>
          </ns3:TrackPointExtension>
        </extensions>
      </trkpt>
      <trkpt lat="37.509062625467777252197265625" lon="127.04451584257185459136962890625">
        <ele>65.1999969482421875</ele>
        <time>2026-09-17T09:09:13.000Z</time>
        <extensions>
          <ns3:TrackPointExtension>
            <ns3:hr>142</ns3:hr>
            <ns3:cad>81</ns3:cad>
          </ns3:TrackPointExtension>
        </extensions>
      </trkpt>
      <trkpt lat="37.5090406648814678192138671875" lon="127.04452690668404102325439453125">
        <ele>65</ele>
        <time>2026-09-17T09:09:14.000Z</time>
        <extensions>
          <ns3:TrackPointExtension>
            <ns3:hr>142</ns3:hr>
            <ns3:cad>81</ns3:cad>
          </ns3:TrackPointExtension>
        </extensions>
      </trkpt>
      <trkpt lat="37.50901275314390659332275390625" lon="127.04454299993813037872314453125">
        <ele>64.8000030517578125</ele>
        <time>2026-09-17T09:09:15.000Z</time>
        <extensions>
          <ns3:TrackPointExtension>
            <ns3:hr>142</ns3:hr>
            <ns3:cad>82</ns3:cad>
          </ns3:TrackPointExtension>
        </extensions>
      </trkpt>
      <trkpt lat="37.50899045728147029876708984375" lon="127.04455674625933170318603515625">
        <ele>64.59999847412109375</ele>
        <time>2026-09-17T09:09:16.000Z</time>
        <extensions>
          <ns3:TrackPointExtension>
            <ns3:hr>143</ns3:hr>
            <ns3:cad>82</ns3:cad>
          </ns3:TrackPointExtension>
        </extensions>
      </trkpt>
      <trkpt lat="37.508969418704509735107421875" lon="127.04457367770373821258544921875">
        <ele>64.40000152587890625</ele>
        <time>2026-09-17T09:09:17.000Z</time>
        <extensions>
          <ns3:TrackPointExtension>
            <ns3:hr>142</ns3:hr>
            <ns3:cad>82</ns3:cad>
          </ns3:TrackPointExtension>
        </extensions>
      </trkpt>
      <trkpt lat="37.5089402496814727783203125" lon="127.04458859749138355255126953125">
        <ele>64.1999969482421875</ele>
        <time>2026-09-17T09:09:18.000Z</time>
        <extensions>
          <ns3:TrackPointExtension>
            <ns3:hr>142</ns3:hr>
            <ns3:cad>83</ns3:cad>
          </ns3:TrackPointExtension>
        </extensions>
      </trkpt>
      <trkpt lat="37.50891954638063907623291015625" lon="127.04460049979388713836669921875">
        <ele>63.799999237060546875</ele>
        <time>2026-09-17T09:09:19.000Z</time>
        <extensions>
          <ns3:TrackPointExtension>
            <ns3:hr>142</ns3:hr>
            <ns3:cad>82</ns3:cad>
          </ns3:TrackPointExtension>
        </extensions>
      </trkpt>
      <trkpt lat="37.50889406539499759674072265625" lon="127.04462371766567230224609375">
        <ele>63.59999847412109375</ele>
        <time>2026-09-17T09:09:20.000Z</time>
        <extensions>
          <ns3:TrackPointExtension>
            <ns3:hr>143</ns3:hr>
            <ns3:cad>82</ns3:cad>
          </ns3:TrackPointExtension>
        </extensions>
      </trkpt>
      <trkpt lat="37.508872188627719879150390625" lon="127.04464190639555454254150390625">
        <ele>63.40000152587890625</ele>
        <time>2026-09-17T09:09:21.000Z</time>
        <extensions>
          <ns3:TrackPointExtension>
            <ns3:hr>142</ns3:hr>
            <ns3:cad>83</ns3:cad>
          </ns3:TrackPointExtension>
        </extensions>
      </trkpt>
      <trkpt lat="37.5088569335639476776123046875" lon="127.04466537572443485260009765625">
        <ele>63.200000762939453125</ele>
        <time>2026-09-17T09:09:22.000Z</time>
        <extensions>
          <ns3:TrackPointExtension>
            <ns3:hr>142</ns3:hr>
            <ns3:cad>83</ns3:cad>
          </ns3:TrackPointExtension>
        </extensions>
      </trkpt>
      <trkpt lat="37.50882868655025959014892578125" lon="127.04468783922493457794189453125">
        <ele>63</ele>
        <time>2026-09-17T09:09:23.000Z</time>
        <extensions>
          <ns3:TrackPointExtension>
            <ns3:hr>142</ns3:hr>
            <ns3:cad>83</ns3:cad>
          </ns3:TrackPointExtension>
        </extensions>
      </trkpt>
      <trkpt lat="37.50880689360201358795166015625" lon="127.04470778815448284149169921875">
        <ele>62.799999237060546875</ele>
        <time>2026-09-17T09:09:24.000Z</time>
        <extensions>
          <ns3:TrackPointExtension>
            <ns3:hr>142</ns3:hr>
            <ns3:cad>83</ns3:cad>
          </ns3:TrackPointExtension>
        </extensions>
      </trkpt>
      <trkpt lat="37.5087811611592769622802734375" lon="127.04472287558019161224365234375">
        <ele>62.40000152587890625</ele>
        <time>2026-09-17T09:09:25.000Z</time>
        <extensions>
          <ns3:TrackPointExtension>
            <ns3:hr>142</ns3:hr>
            <ns3:cad>83</ns3:cad>
          </ns3:TrackPointExtension>
        </extensions>
      </trkpt>
      <trkpt lat="37.508754171431064605712890625" lon="127.04473846592009067535400390625">
        <ele>62.200000762939453125</ele>
        <time>2026-09-17T09:09:26.000Z</time>
        <extensions>
          <ns3:TrackPointExtension>
            <ns3:hr>141</ns3:hr>
            <ns3:cad>83</ns3:cad>
          </ns3:TrackPointExtension>
        </extensions>
      </trkpt>
      <trkpt lat="37.50873665325343608856201171875" lon="127.044758498668670654296875">
        <ele>62</ele>
        <time>2026-09-17T09:09:27.000Z</time>
        <extensions>
          <ns3:TrackPointExtension>
            <ns3:hr>141</ns3:hr>
            <ns3:cad>83</ns3:cad>
          </ns3:TrackPointExtension>
        </extensions>
      </trkpt>
      <trkpt lat="37.50871217809617519378662109375" lon="127.0447885058820247650146484375">
        <ele>61.799999237060546875</ele>
        <time>2026-09-17T09:09:28.000Z</time>
        <extensions>
          <ns3:TrackPointExtension>
            <ns3:hr>141</ns3:hr>
            <ns3:cad>83</ns3:cad>
          </ns3:TrackPointExtension>
        </extensions>
      </trkpt>
      <trkpt lat="37.5086946599185466766357421875" lon="127.04481457360088825225830078125">
        <ele>61.799999237060546875</ele>
        <time>2026-09-17T09:09:29.000Z</time>
        <extensions>
          <ns3:TrackPointExtension>
            <ns3:hr>141</ns3:hr>
            <ns3:cad>83</ns3:cad>
          </ns3:TrackPointExtension>
        </extensions>
      </trkpt>
      <trkpt lat="37.5086732022464275360107421875" lon="127.04483427107334136962890625">
        <ele>61.59999847412109375</ele>
        <time>2026-09-17T09:09:30.000Z</time>
        <extensions>
          <ns3:TrackPointExtension>
            <ns3:hr>141</ns3:hr>
            <ns3:cad>83</ns3:cad>
          </ns3:TrackPointExtension>
        </extensions>
      </trkpt>
      <trkpt lat="37.50865124166011810302734375" lon="127.0448577404022216796875">
        <ele>61.40000152587890625</ele>
        <time>2026-09-17T09:09:31.000Z</time>
        <extensions>
          <ns3:TrackPointExtension>
            <ns3:hr>141</ns3:hr>
            <ns3:cad>83</ns3:cad>
          </ns3:TrackPointExtension>
        </extensions>
      </trkpt>
      <trkpt lat="37.50862886197865009307861328125" lon="127.0448693074285984039306640625">
        <ele>61.200000762939453125</ele>
        <time>2026-09-17T09:09:32.000Z</time>
        <extensions>
          <ns3:TrackPointExtension>
            <ns3:hr>141</ns3:hr>
            <ns3:cad>83</ns3:cad>
          </ns3:TrackPointExtension>
        </extensions>
      </trkpt>
      <trkpt lat="37.50860706903040409088134765625" lon="127.04488816671073436737060546875">
        <ele>61</ele>
        <time>2026-09-17T09:09:33.000Z</time>
        <extensions>
          <ns3:TrackPointExtension>
            <ns3:hr>141</ns3:hr>
            <ns3:cad>82</ns3:cad>
          </ns3:TrackPointExtension>
        </extensions>
      </trkpt>
      <trkpt lat="37.508582174777984619140625" lon="127.0449135638773441314697265625">
        <ele>60.799999237060546875</ele>
        <time>2026-09-17T09:09:34.000Z</time>
        <extensions>
          <ns3:TrackPointExtension>
            <ns3:hr>141</ns3:hr>
            <ns3:cad>82</ns3:cad>
          </ns3:TrackPointExtension>
        </extensions>
      </trkpt>
      <trkpt lat="37.50856532715260982513427734375" lon="127.04493192024528980255126953125">
        <ele>60.799999237060546875</ele>
        <time>2026-09-17T09:09:35.000Z</time>
        <extensions>
          <ns3:TrackPointExtension>
            <ns3:hr>141</ns3:hr>
            <ns3:cad>82</ns3:cad>
          </ns3:TrackPointExtension>
        </extensions>
      </trkpt>
      <trkpt lat="37.50853934325277805328369140625" lon="127.0449537970125675201416015625">
        <ele>60.59999847412109375</ele>
        <time>2026-09-17T09:09:36.000Z</time>
        <extensions>
          <ns3:TrackPointExtension>
            <ns3:hr>141</ns3:hr>
            <ns3:cad>82</ns3:cad>
          </ns3:TrackPointExtension>
        </extensions>
      </trkpt>
      <trkpt lat="37.50851620920002460479736328125" lon="127.04497500322759151458740234375">
        <ele>60.200000762939453125</ele>
        <time>2026-09-17T09:09:37.000Z</time>
        <extensions>
          <ns3:TrackPointExtension>
            <ns3:hr>142</ns3:hr>
            <ns3:cad>82</ns3:cad>
          </ns3:TrackPointExtension>
        </extensions>
      </trkpt>
      <trkpt lat="37.50849341042339801788330078125" lon="127.04499654471874237060546875">
        <ele>60</ele>
        <time>2026-09-17T09:09:38.000Z</time>
        <extensions>
          <ns3:TrackPointExtension>
            <ns3:hr>141</ns3:hr>
            <ns3:cad>82</ns3:cad>
          </ns3:TrackPointExtension>
        </extensions>
      </trkpt>
      <trkpt lat="37.50846826471388339996337890625" lon="127.0450178347527980804443359375">
        <ele>59.799999237060546875</ele>
        <time>2026-09-17T09:09:39.000Z</time>
        <extensions>
          <ns3:TrackPointExtension>
            <ns3:hr>141</ns3:hr>
            <ns3:cad>82</ns3:cad>
          </ns3:TrackPointExtension>
        </extensions>
      </trkpt>
      <trkpt lat="37.508448064327239990234375" lon="127.0450389571487903594970703125">
        <ele>59.59999847412109375</ele>
        <time>2026-09-17T09:09:40.000Z</time>
        <extensions>
          <ns3:TrackPointExtension>
            <ns3:hr>142</ns3:hr>
            <ns3:cad>82</ns3:cad>
          </ns3:TrackPointExtension>
        </extensions>
      </trkpt>
      <trkpt lat="37.50843104906380176544189453125" lon="127.04506468959152698516845703125">
        <ele>59.59999847412109375</ele>
        <time>2026-09-17T09:09:41.000Z</time>
        <extensions>
          <ns3:TrackPointExtension>
            <ns3:hr>141</ns3:hr>
            <ns3:cad>82</ns3:cad>
          </ns3:TrackPointExtension>
        </extensions>
      </trkpt>
      <trkpt lat="37.50840850174427032470703125" lon="127.0450870692729949951171875">
        <ele>59.59999847412109375</ele>
        <time>2026-09-17T09:09:42.000Z</time>
        <extensions>
          <ns3:TrackPointExtension>
            <ns3:hr>141</ns3:hr>
            <ns3:cad>82</ns3:cad>
          </ns3:TrackPointExtension>
        </extensions>
      </trkpt>
      <trkpt lat="37.5083959288895130157470703125" lon="127.04510861076414585113525390625">
        <ele>59.40000152587890625</ele>
        <time>2026-09-17T09:09:43.000Z</time>
        <extensions>
          <ns3:TrackPointExtension>
            <ns3:hr>141</ns3:hr>
            <ns3:cad>83</ns3:cad>
          </ns3:TrackPointExtension>
        </extensions>
      </trkpt>
      <trkpt lat="37.508373968303203582763671875" lon="127.0451412163674831390380859375">
        <ele>59.40000152587890625</ele>
        <time>2026-09-17T09:09:44.000Z</time>
        <extensions>
          <ns3:TrackPointExtension>
            <ns3:hr>142</ns3:hr>
            <ns3:cad>83</ns3:cad>
          </ns3:TrackPointExtension>
        </extensions>
      </trkpt>
      <trkpt lat="37.50835812650620937347412109375" lon="127.0451687090098857879638671875">
        <ele>59.200000762939453125</ele>
        <time>2026-09-17T09:09:45.000Z</time>
        <extensions>
          <ns3:TrackPointExtension>
            <ns3:hr>141</ns3:hr>
            <ns3:cad>82</ns3:cad>
          </ns3:TrackPointExtension>
        </extensions>
      </trkpt>
      <trkpt lat="37.508343122899532318115234375" lon="127.04519578255712985992431640625">
        <ele>59.200000762939453125</ele>
        <time>2026-09-17T09:09:46.000Z</time>
        <extensions>
          <ns3:TrackPointExtension>
            <ns3:hr>141</ns3:hr>
            <ns3:cad>82</ns3:cad>
          </ns3:TrackPointExtension>
        </extensions>
      </trkpt>
      <trkpt lat="37.50831806100904941558837890625" lon="127.04522319138050079345703125">
        <ele>59</ele>
        <time>2026-09-17T09:09:47.000Z</time>
        <extensions>
          <ns3:TrackPointExtension>
            <ns3:hr>140</ns3:hr>
            <ns3:cad>82</ns3:cad>
          </ns3:TrackPointExtension>
        </extensions>
      </trkpt>
      <trkpt lat="37.508303560316562652587890625" lon="127.04523970372974872589111328125">
        <ele>58.799999237060546875</ele>
        <time>2026-09-17T09:09:48.000Z</time>
        <extensions>
          <ns3:TrackPointExtension>
            <ns3:hr>138</ns3:hr>
            <ns3:cad>82</ns3:cad>
          </ns3:TrackPointExtension>
        </extensions>
      </trkpt>
      <trkpt lat="37.50828084535896778106689453125" lon="127.04526744782924652099609375">
        <ele>58.59999847412109375</ele>
        <time>2026-09-17T09:09:49.000Z</time>
        <extensions>
          <ns3:TrackPointExtension>
            <ns3:hr>136</ns3:hr>
            <ns3:cad>82</ns3:cad>
          </ns3:TrackPointExtension>
        </extensions>
      </trkpt>
      <trkpt lat="37.50826508738100528717041015625" lon="127.045293934643268585205078125">
        <ele>58.59999847412109375</ele>
        <time>2026-09-17T09:09:50.000Z</time>
        <extensions>
          <ns3:TrackPointExtension>
            <ns3:hr>134</ns3:hr>
            <ns3:cad>82</ns3:cad>
          </ns3:TrackPointExtension>
        </extensions>
      </trkpt>
      <trkpt lat="37.5082561187446117401123046875" lon="127.04531597904860973358154296875">
        <ele>58.40000152587890625</ele>
        <time>2026-09-17T09:09:51.000Z</time>
        <extensions>
          <ns3:TrackPointExtension>
            <ns3:hr>134</ns3:hr>
            <ns3:cad>83</ns3:cad>
          </ns3:TrackPointExtension>
        </extensions>
      </trkpt>
      <trkpt lat="37.50823306851089000701904296875" lon="127.0453474111855030059814453125">
        <ele>58.200000762939453125</ele>
        <time>2026-09-17T09:09:52.000Z</time>
        <extensions>
          <ns3:TrackPointExtension>
            <ns3:hr>134</ns3:hr>
            <ns3:cad>83</ns3:cad>
          </ns3:TrackPointExtension>
        </extensions>
      </trkpt>
      <trkpt lat="37.508218400180339813232421875" lon="127.04536559991538524627685546875">
        <ele>58</ele>
        <time>2026-09-17T09:09:53.000Z</time>
        <extensions>
          <ns3:TrackPointExtension>
            <ns3:hr>134</ns3:hr>
            <ns3:cad>83</ns3:cad>
          </ns3:TrackPointExtension>
        </extensions>
      </trkpt>
      <trkpt lat="37.5082024745643138885498046875" lon="127.0453970320522785186767578125">
        <ele>57.799999237060546875</ele>
        <time>2026-09-17T09:09:54.000Z</time>
        <extensions>
          <ns3:TrackPointExtension>
            <ns3:hr>134</ns3:hr>
            <ns3:cad>83</ns3:cad>
          </ns3:TrackPointExtension>
        </extensions>
      </trkpt>
      <trkpt lat="37.50818361528217792510986328125" lon="127.0454303920269012451171875">
        <ele>57.59999847412109375</ele>
        <time>2026-09-17T09:09:55.000Z</time>
        <extensions>
          <ns3:TrackPointExtension>
            <ns3:hr>134</ns3:hr>
            <ns3:cad>83</ns3:cad>
          </ns3:TrackPointExtension>
        </extensions>
      </trkpt>
      <trkpt lat="37.50817741267383098602294921875" lon="127.0454513467848300933837890625">
        <ele>57.59999847412109375</ele>
        <time>2026-09-17T09:09:56.000Z</time>
        <extensions>
          <ns3:TrackPointExtension>
            <ns3:hr>134</ns3:hr>
            <ns3:cad>82</ns3:cad>
          </ns3:TrackPointExtension>
        </extensions>
      </trkpt>
      <trkpt lat="37.508158385753631591796875" lon="127.045486383140087127685546875">
        <ele>57.59999847412109375</ele>
        <time>2026-09-17T09:09:57.000Z</time>
        <extensions>
          <ns3:TrackPointExtension>
            <ns3:hr>133</ns3:hr>
            <ns3:cad>82</ns3:cad>
          </ns3:TrackPointExtension>
        </extensions>
      </trkpt>
      <trkpt lat="37.50814522616565227508544921875" lon="127.045511864125728607177734375">
        <ele>57.59999847412109375</ele>
        <time>2026-09-17T09:09:58.000Z</time>
        <extensions>
          <ns3:TrackPointExtension>
            <ns3:hr>133</ns3:hr>
            <ns3:cad>82</ns3:cad>
          </ns3:TrackPointExtension>
        </extensions>
      </trkpt>
      <trkpt lat="37.5081344135105609893798828125" lon="127.045536004006862640380859375">
        <ele>57.40000152587890625</ele>
        <time>2026-09-17T09:09:59.000Z</time>
        <extensions>
          <ns3:TrackPointExtension>
            <ns3:hr>133</ns3:hr>
            <ns3:cad>83</ns3:cad>
          </ns3:TrackPointExtension>
        </extensions>
      </trkpt>
      <trkpt lat="37.50811253674328327178955078125" lon="127.0455660112202167510986328125">
        <ele>57.40000152587890625</ele>
        <time>2026-09-17T09:10:00.000Z</time>
        <extensions>
          <ns3:TrackPointExtension>
            <ns3:hr>133</ns3:hr>
            <ns3:cad>83</ns3:cad>
          </ns3:TrackPointExtension>
        </extensions>
      </trkpt>
      <trkpt lat="37.50810080207884311676025390625" lon="127.04558671452105045318603515625">
        <ele>57.200000762939453125</ele>
        <time>2026-09-17T09:10:01.000Z</time>
        <extensions>
          <ns3:TrackPointExtension>
            <ns3:hr>133</ns3:hr>
            <ns3:cad>83</ns3:cad>
          </ns3:TrackPointExtension>
        </extensions>
      </trkpt>
      <trkpt lat="37.5080797635018825531005859375" lon="127.0456183142960071563720703125">
        <ele>57.200000762939453125</ele>
        <time>2026-09-17T09:10:02.000Z</time>
        <extensions>
          <ns3:TrackPointExtension>
            <ns3:hr>133</ns3:hr>
            <ns3:cad>82</ns3:cad>
          </ns3:TrackPointExtension>
        </extensions>
      </trkpt>
      <trkpt lat="37.5080562941730022430419921875" lon="127.0456414483487606048583984375">
        <ele>57</ele>
        <time>2026-09-17T09:10:03.000Z</time>
        <extensions>
          <ns3:TrackPointExtension>
            <ns3:hr>133</ns3:hr>
            <ns3:cad>82</ns3:cad>
          </ns3:TrackPointExtension>
        </extensions>
      </trkpt>
      <trkpt lat="37.508042044937610626220703125" lon="127.04566399566829204559326171875">
        <ele>57</ele>
        <time>2026-09-17T09:10:04.000Z</time>
        <extensions>
          <ns3:TrackPointExtension>
            <ns3:hr>132</ns3:hr>
            <ns3:cad>82</ns3:cad>
          </ns3:TrackPointExtension>
        </extensions>
      </trkpt>
      <trkpt lat="37.50802067108452320098876953125" lon="127.04569634981453418731689453125">
        <ele>57</ele>
        <time>2026-09-17T09:10:05.000Z</time>
        <extensions>
          <ns3:TrackPointExtension>
            <ns3:hr>133</ns3:hr>
            <ns3:cad>83</ns3:cad>
          </ns3:TrackPointExtension>
        </extensions>
      </trkpt>
      <trkpt lat="37.5080016441643238067626953125" lon="127.0457178913056850433349609375">
        <ele>56.799999237060546875</ele>
        <time>2026-09-17T09:10:06.000Z</time>
        <extensions>
          <ns3:TrackPointExtension>
            <ns3:hr>133</ns3:hr>
            <ns3:cad>83</ns3:cad>
          </ns3:TrackPointExtension>
        </extensions>
      </trkpt>
      <trkpt lat="37.50798848457634449005126953125" lon="127.04574194736778736114501953125">
        <ele>56.59999847412109375</ele>
        <time>2026-09-17T09:10:07.000Z</time>
        <extensions>
          <ns3:TrackPointExtension>
            <ns3:hr>132</ns3:hr>
            <ns3:cad>83</ns3:cad>
          </ns3:TrackPointExtension>
        </extensions>
      </trkpt>
      <trkpt lat="37.507968954741954803466796875" lon="127.04576994292438030242919921875">
        <ele>56.40000152587890625</ele>
        <time>2026-09-17T09:10:08.000Z</time>
        <extensions>
          <ns3:TrackPointExtension>
            <ns3:hr>132</ns3:hr>
            <ns3:cad>83</ns3:cad>
          </ns3:TrackPointExtension>
        </extensions>
      </trkpt>
      <trkpt lat="37.5079533644020557403564453125" lon="127.04579207114875316619873046875">
        <ele>56.200000762939453125</ele>
        <time>2026-09-17T09:10:09.000Z</time>
        <extensions>
          <ns3:TrackPointExtension>
            <ns3:hr>132</ns3:hr>
            <ns3:cad>83</ns3:cad>
          </ns3:TrackPointExtension>
        </extensions>
      </trkpt>
      <trkpt lat="37.5079397857189178466796875" lon="127.04582341946661472320556640625">
        <ele>56.200000762939453125</ele>
        <time>2026-09-17T09:10:10.000Z</time>
        <extensions>
          <ns3:TrackPointExtension>
            <ns3:hr>132</ns3:hr>
            <ns3:cad>83</ns3:cad>
          </ns3:TrackPointExtension>
        </extensions>
      </trkpt>
      <trkpt lat="37.5079184956848621368408203125" lon="127.0458523370325565338134765625">
        <ele>56</ele>
        <time>2026-09-17T09:10:11.000Z</time>
        <extensions>
          <ns3:TrackPointExtension>
            <ns3:hr>133</ns3:hr>
            <ns3:cad>83</ns3:cad>
          </ns3:TrackPointExtension>
        </extensions>
      </trkpt>
      <trkpt lat="37.507905922830104827880859375" lon="127.045877315104007720947265625">
        <ele>56.200000762939453125</ele>
        <time>2026-09-17T09:10:12.000Z</time>
        <extensions>
          <ns3:TrackPointExtension>
            <ns3:hr>132</ns3:hr>
            <ns3:cad>83</ns3:cad>
          </ns3:TrackPointExtension>
        </extensions>
      </trkpt>
      <trkpt lat="37.50788622535765171051025390625" lon="127.045910842716693878173828125">
        <ele>56</ele>
        <time>2026-09-17T09:10:13.000Z</time>
        <extensions>
          <ns3:TrackPointExtension>
            <ns3:hr>132</ns3:hr>
            <ns3:cad>83</ns3:cad>
          </ns3:TrackPointExtension>
        </extensions>
      </trkpt>
      <trkpt lat="37.5078713893890380859375" lon="127.04593607224524021148681640625">
        <ele>56</ele>
        <time>2026-09-17T09:10:14.000Z</time>
        <extensions>
          <ns3:TrackPointExtension>
            <ns3:hr>132</ns3:hr>
            <ns3:cad>82</ns3:cad>
          </ns3:TrackPointExtension>
        </extensions>
      </trkpt>
      <trkpt lat="37.50785999000072479248046875" lon="127.04596457071602344512939453125">
        <ele>55.799999237060546875</ele>
        <time>2026-09-17T09:10:15.000Z</time>
        <extensions>
          <ns3:TrackPointExtension>
            <ns3:hr>132</ns3:hr>
            <ns3:cad>82</ns3:cad>
          </ns3:TrackPointExtension>
        </extensions>
      </trkpt>
      <trkpt lat="37.50783459283411502838134765625" lon="127.04599357210099697113037109375">
        <ele>55.799999237060546875</ele>
        <time>2026-09-17T09:10:16.000Z</time>
        <extensions>
          <ns3:TrackPointExtension>
            <ns3:hr>133</ns3:hr>
            <ns3:cad>82</ns3:cad>
          </ns3:TrackPointExtension>
        </extensions>
      </trkpt>
      <trkpt lat="37.50781866721808910369873046875" lon="127.04601670615375041961669921875">
        <ele>55.59999847412109375</ele>
        <time>2026-09-17T09:10:17.000Z</time>
        <extensions>
          <ns3:TrackPointExtension>
            <ns3:hr>133</ns3:hr>
            <ns3:cad>82</ns3:cad>
          </ns3:TrackPointExtension>
        </extensions>
      </trkpt>
      <trkpt lat="37.5078003108501434326171875" lon="127.0460499823093414306640625">
        <ele>55.59999847412109375</ele>
        <time>2026-09-17T09:10:18.000Z</time>
        <extensions>
          <ns3:TrackPointExtension>
            <ns3:hr>133</ns3:hr>
            <ns3:cad>82</ns3:cad>
          </ns3:TrackPointExtension>
        </extensions>
      </trkpt>
      <trkpt lat="37.50777793116867542266845703125" lon="127.04607789404690265655517578125">
        <ele>55.59999847412109375</ele>
        <time>2026-09-17T09:10:19.000Z</time>
        <extensions>
          <ns3:TrackPointExtension>
            <ns3:hr>134</ns3:hr>
            <ns3:cad>82</ns3:cad>
          </ns3:TrackPointExtension>
        </extensions>
      </trkpt>
      <trkpt lat="37.5077629275619983673095703125" lon="127.04609968699514865875244140625">
        <ele>55.59999847412109375</ele>
        <time>2026-09-17T09:10:20.000Z</time>
        <extensions>
          <ns3:TrackPointExtension>
            <ns3:hr>134</ns3:hr>
            <ns3:cad>82</ns3:cad>
          </ns3:TrackPointExtension>
        </extensions>
      </trkpt>
      <trkpt lat="37.5077394582331180572509765625" lon="127.04613137058913707733154296875">
        <ele>55.40000152587890625</ele>
        <time>2026-09-17T09:10:21.000Z</time>
        <extensions>
          <ns3:TrackPointExtension>
            <ns3:hr>134</ns3:hr>
            <ns3:cad>82</ns3:cad>
          </ns3:TrackPointExtension>
        </extensions>
      </trkpt>
      <trkpt lat="37.50772261060774326324462890625" lon="127.0461544208228588104248046875">
        <ele>55.200000762939453125</ele>
        <time>2026-09-17T09:10:22.000Z</time>
        <extensions>
          <ns3:TrackPointExtension>
            <ns3:hr>134</ns3:hr>
            <ns3:cad>82</ns3:cad>
          </ns3:TrackPointExtension>
        </extensions>
      </trkpt>
      <trkpt lat="37.507706098258495330810546875" lon="127.04618216492235660552978515625">
        <ele>55.200000762939453125</ele>
        <time>2026-09-17T09:10:23.000Z</time>
        <extensions>
          <ns3:TrackPointExtension>
            <ns3:hr>134</ns3:hr>
            <ns3:cad>82</ns3:cad>
          </ns3:TrackPointExtension>
        </extensions>
      </trkpt>
      <trkpt lat="37.50768321566283702850341796875" lon="127.0462073944509029388427734375">
        <ele>55.200000762939453125</ele>
        <time>2026-09-17T09:10:24.000Z</time>
        <extensions>
          <ns3:TrackPointExtension>
            <ns3:hr>133</ns3:hr>
            <ns3:cad>82</ns3:cad>
          </ns3:TrackPointExtension>
        </extensions>
      </trkpt>
      <trkpt lat="37.507673911750316619873046875" lon="127.0462318696081638336181640625">
        <ele>55</ele>
        <time>2026-09-17T09:10:25.000Z</time>
        <extensions>
          <ns3:TrackPointExtension>
            <ns3:hr>133</ns3:hr>
            <ns3:cad>82</ns3:cad>
          </ns3:TrackPointExtension>
        </extensions>
      </trkpt>
      <trkpt lat="37.5076546333730220794677734375" lon="127.04626313410699367523193359375">
        <ele>55</ele>
        <time>2026-09-17T09:10:26.000Z</time>
        <extensions>
          <ns3:TrackPointExtension>
            <ns3:hr>132</ns3:hr>
            <ns3:cad>83</ns3:cad>
          </ns3:TrackPointExtension>
        </extensions>
      </trkpt>
      <trkpt lat="37.50763979740440845489501953125" lon="127.04629112966358661651611328125">
        <ele>55</ele>
        <time>2026-09-17T09:10:27.000Z</time>
        <extensions>
          <ns3:TrackPointExtension>
            <ns3:hr>131</ns3:hr>
            <ns3:cad>83</ns3:cad>
          </ns3:TrackPointExtension>
        </extensions>
      </trkpt>
      <trkpt lat="37.50762261450290679931640625" lon="127.0463193766772747039794921875">
        <ele>54.799999237060546875</ele>
        <time>2026-09-17T09:10:28.000Z</time>
        <extensions>
          <ns3:TrackPointExtension>
            <ns3:hr>131</ns3:hr>
            <ns3:cad>83</ns3:cad>
          </ns3:TrackPointExtension>
        </extensions>
      </trkpt>
      <trkpt lat="37.50760023482143878936767578125" lon="127.0463515631854534149169921875">
        <ele>54.799999237060546875</ele>
        <time>2026-09-17T09:10:29.000Z</time>
        <extensions>
          <ns3:TrackPointExtension>
            <ns3:hr>131</ns3:hr>
            <ns3:cad>83</ns3:cad>
          </ns3:TrackPointExtension>
        </extensions>
      </trkpt>
      <trkpt lat="37.50758766196668148040771484375" lon="127.04638081602752208709716796875">
        <ele>54.59999847412109375</ele>
        <time>2026-09-17T09:10:30.000Z</time>
        <extensions>
          <ns3:TrackPointExtension>
            <ns3:hr>132</ns3:hr>
            <ns3:cad>83</ns3:cad>
          </ns3:TrackPointExtension>
        </extensions>
      </trkpt>
      <trkpt lat="37.50757165253162384033203125" lon="127.04641819931566715240478515625">
        <ele>54.59999847412109375</ele>
        <time>2026-09-17T09:10:31.000Z</time>
        <extensions>
          <ns3:TrackPointExtension>
            <ns3:hr>132</ns3:hr>
            <ns3:cad>83</ns3:cad>
          </ns3:TrackPointExtension>
        </extensions>
      </trkpt>
      <trkpt lat="37.5075513683259487152099609375" lon="127.046446613967418670654296875">
        <ele>54.59999847412109375</ele>
        <time>2026-09-17T09:10:32.000Z</time>
        <extensions>
          <ns3:TrackPointExtension>
            <ns3:hr>132</ns3:hr>
            <ns3:cad>83</ns3:cad>
          </ns3:TrackPointExtension>
        </extensions>
      </trkpt>
      <trkpt lat="37.50753946602344512939453125" lon="127.04647402279078960418701171875">
        <ele>54.59999847412109375</ele>
        <time>2026-09-17T09:10:33.000Z</time>
        <extensions>
          <ns3:TrackPointExtension>
            <ns3:hr>132</ns3:hr>
            <ns3:cad>83</ns3:cad>
          </ns3:TrackPointExtension>
        </extensions>
      </trkpt>
      <trkpt lat="37.50751691870391368865966796875" lon="127.04650637693703174591064453125">
        <ele>54.40000152587890625</ele>
        <time>2026-09-17T09:10:34.000Z</time>
        <extensions>
          <ns3:TrackPointExtension>
            <ns3:hr>132</ns3:hr>
            <ns3:cad>83</ns3:cad>
          </ns3:TrackPointExtension>
        </extensions>
      </trkpt>
      <trkpt lat="37.50750350765883922576904296875" lon="127.0465292595326900482177734375">
        <ele>54.40000152587890625</ele>
        <time>2026-09-17T09:10:35.000Z</time>
        <extensions>
          <ns3:TrackPointExtension>
            <ns3:hr>132</ns3:hr>
            <ns3:cad>83</ns3:cad>
          </ns3:TrackPointExtension>
        </extensions>
      </trkpt>
      <trkpt lat="37.5074886716902256011962890625" lon="127.04656471498310565948486328125">
        <ele>54.40000152587890625</ele>
        <time>2026-09-17T09:10:36.000Z</time>
        <extensions>
          <ns3:TrackPointExtension>
            <ns3:hr>132</ns3:hr>
            <ns3:cad>83</ns3:cad>
          </ns3:TrackPointExtension>
        </extensions>
      </trkpt>
      <trkpt lat="37.50747081823647022247314453125" lon="127.04659245908260345458984375">
        <ele>54.200000762939453125</ele>
        <time>2026-09-17T09:10:37.000Z</time>
        <extensions>
          <ns3:TrackPointExtension>
            <ns3:hr>133</ns3:hr>
            <ns3:cad>83</ns3:cad>
          </ns3:TrackPointExtension>
        </extensions>
      </trkpt>
      <trkpt lat="37.5074625201523303985595703125" lon="127.04661701805889606475830078125">
        <ele>54.200000762939453125</ele>
        <time>2026-09-17T09:10:38.000Z</time>
        <extensions>
          <ns3:TrackPointExtension>
            <ns3:hr>133</ns3:hr>
            <ns3:cad>83</ns3:cad>
          </ns3:TrackPointExtension>
        </extensions>
      </trkpt>
      <trkpt lat="37.50744156539440155029296875" lon="127.04665188677608966827392578125">
        <ele>54.200000762939453125</ele>
        <time>2026-09-17T09:10:39.000Z</time>
        <extensions>
          <ns3:TrackPointExtension>
            <ns3:hr>133</ns3:hr>
            <ns3:cad>83</ns3:cad>
          </ns3:TrackPointExtension>
        </extensions>
      </trkpt>
      <trkpt lat="37.507423125207424163818359375" lon="127.0466781221330165863037109375">
        <ele>54.200000762939453125</ele>
        <time>2026-09-17T09:10:40.000Z</time>
        <extensions>
          <ns3:TrackPointExtension>
            <ns3:hr>133</ns3:hr>
            <ns3:cad>83</ns3:cad>
          </ns3:TrackPointExtension>
        </extensions>
      </trkpt>
      <trkpt lat="37.5074048526585102081298828125" lon="127.04670385457575321197509765625">
        <ele>54.200000762939453125</ele>
        <time>2026-09-17T09:10:41.000Z</time>
        <extensions>
          <ns3:TrackPointExtension>
            <ns3:hr>133</ns3:hr>
            <ns3:cad>83</ns3:cad>
          </ns3:TrackPointExtension>
        </extensions>
      </trkpt>
      <trkpt lat="37.50738549046218395233154296875" lon="127.0467307604849338531494140625">
        <ele>54</ele>
        <time>2026-09-17T09:10:42.000Z</time>
        <extensions>
          <ns3:TrackPointExtension>
            <ns3:hr>134</ns3:hr>
            <ns3:cad>83</ns3:cad>
          </ns3:TrackPointExtension>
        </extensions>
      </trkpt>
      <trkpt lat="37.50737861730158329010009765625" lon="127.046749703586101531982421875">
        <ele>54</ele>
        <time>2026-09-17T09:10:43.000Z</time>
        <extensions>
          <ns3:TrackPointExtension>
            <ns3:hr>133</ns3:hr>
            <ns3:cad>83</ns3:cad>
          </ns3:TrackPointExtension>
        </extensions>
      </trkpt>
      <trkpt lat="37.50736570917069911956787109375" lon="127.046773172914981842041015625">
        <ele>54</ele>
        <time>2026-09-17T09:10:44.000Z</time>
        <extensions>
          <ns3:TrackPointExtension>
            <ns3:hr>133</ns3:hr>
            <ns3:cad>83</ns3:cad>
          </ns3:TrackPointExtension>
        </extensions>
      </trkpt>
      <trkpt lat="37.50735162757337093353271484375" lon="127.0467907749116420745849609375">
        <ele>53.799999237060546875</ele>
        <time>2026-09-17T09:10:45.000Z</time>
        <extensions>
          <ns3:TrackPointExtension>
            <ns3:hr>134</ns3:hr>
            <ns3:cad>83</ns3:cad>
          </ns3:TrackPointExtension>
        </extensions>
      </trkpt>
      <trkpt lat="37.5073443353176116943359375" lon="127.0468075387179851531982421875">
        <ele>53.799999237060546875</ele>
        <time>2026-09-17T09:10:46.000Z</time>
        <extensions>
          <ns3:TrackPointExtension>
            <ns3:hr>133</ns3:hr>
            <ns3:cad>83</ns3:cad>
          </ns3:TrackPointExtension>
        </extensions>
      </trkpt>
      <trkpt lat="37.50733318738639354705810546875" lon="127.04682623036205768585205078125">
        <ele>53.799999237060546875</ele>
        <time>2026-09-17T09:10:47.000Z</time>
        <extensions>
          <ns3:TrackPointExtension>
            <ns3:hr>133</ns3:hr>
            <ns3:cad>83</ns3:cad>
          </ns3:TrackPointExtension>
        </extensions>
      </trkpt>
      <trkpt lat="37.50731256790459156036376953125" lon="127.04685221426188945770263671875">
        <ele>53.799999237060546875</ele>
        <time>2026-09-17T09:10:48.000Z</time>
        <extensions>
          <ns3:TrackPointExtension>
            <ns3:hr>134</ns3:hr>
            <ns3:cad>83</ns3:cad>
          </ns3:TrackPointExtension>
        </extensions>
      </trkpt>
      <trkpt lat="37.507295720279216766357421875" lon="127.04687719233334064483642578125">
        <ele>53.799999237060546875</ele>
        <time>2026-09-17T09:10:49.000Z</time>
        <extensions>
          <ns3:TrackPointExtension>
            <ns3:hr>133</ns3:hr>
            <ns3:cad>83</ns3:cad>
          </ns3:TrackPointExtension>
        </extensions>
      </trkpt>
      <trkpt lat="37.5072865001857280731201171875" lon="127.0468980632722377777099609375">
        <ele>53.799999237060546875</ele>
        <time>2026-09-17T09:10:50.000Z</time>
        <extensions>
          <ns3:TrackPointExtension>
            <ns3:hr>134</ns3:hr>
            <ns3:cad>80</ns3:cad>
          </ns3:TrackPointExtension>
        </extensions>
      </trkpt>
      <trkpt lat="37.50726780854165554046630859375" lon="127.04692010767757892608642578125">
        <ele>53.59999847412109375</ele>
        <time>2026-09-17T09:10:51.000Z</time>
        <extensions>
          <ns3:TrackPointExtension>
            <ns3:hr>134</ns3:hr>
            <ns3:cad>80</ns3:cad>
          </ns3:TrackPointExtension>
        </extensions>
      </trkpt>
      <trkpt lat="37.50725406222045421600341796875" lon="127.04694340936839580535888671875">
        <ele>53.59999847412109375</ele>
        <time>2026-09-17T09:10:52.000Z</time>
        <extensions>
          <ns3:TrackPointExtension>
            <ns3:hr>134</ns3:hr>
            <ns3:cad>80</ns3:cad>
          </ns3:TrackPointExtension>
        </extensions>
      </trkpt>
      <trkpt lat="37.50723595730960369110107421875" lon="127.0469654537737369537353515625">
        <ele>53.40000152587890625</ele>
        <time>2026-09-17T09:10:53.000Z</time>
        <extensions>
          <ns3:TrackPointExtension>
            <ns3:hr>133</ns3:hr>
            <ns3:cad>80</ns3:cad>
          </ns3:TrackPointExtension>
        </extensions>
      </trkpt>
      <trkpt lat="37.50720687210559844970703125" lon="127.04698699526488780975341796875">
        <ele>53.40000152587890625</ele>
        <time>2026-09-17T09:10:54.000Z</time>
        <extensions>
          <ns3:TrackPointExtension>
            <ns3:hr>134</ns3:hr>
            <ns3:cad>80</ns3:cad>
          </ns3:TrackPointExtension>
        </extensions>
      </trkpt>
      <trkpt lat="37.50719153322279453277587890625" lon="127.0470048487186431884765625">
        <ele>53.200000762939453125</ele>
        <time>2026-09-17T09:10:55.000Z</time>
        <extensions>
          <ns3:TrackPointExtension>
            <ns3:hr>133</ns3:hr>
            <ns3:cad>80</ns3:cad>
          </ns3:TrackPointExtension>
        </extensions>
      </trkpt>
      <trkpt lat="37.50717627815902233123779296875" lon="127.0470402203500270843505859375">
        <ele>53.200000762939453125</ele>
        <time>2026-09-17T09:10:56.000Z</time>
        <extensions>
          <ns3:TrackPointExtension>
            <ns3:hr>133</ns3:hr>
            <ns3:cad>80</ns3:cad>
          </ns3:TrackPointExtension>
        </extensions>
      </trkpt>
      <trkpt lat="37.50717124901711940765380859375" lon="127.0470744185149669647216796875">
        <ele>53.200000762939453125</ele>
        <time>2026-09-17T09:10:57.000Z</time>
        <extensions>
          <ns3:TrackPointExtension>
            <ns3:hr>133</ns3:hr>
            <ns3:cad>80</ns3:cad>
          </ns3:TrackPointExtension>
        </extensions>
      </trkpt>
      <trkpt lat="37.5071715004742145538330078125" lon="127.0471035875380039215087890625">
        <ele>53.200000762939453125</ele>
        <time>2026-09-17T09:10:58.000Z</time>
        <extensions>
          <ns3:TrackPointExtension>
            <ns3:hr>134</ns3:hr>
            <ns3:cad>80</ns3:cad>
          </ns3:TrackPointExtension>
        </extensions>
      </trkpt>
      <trkpt lat="37.50717108137905597686767578125" lon="127.04714524559676647186279296875">
        <ele>53</ele>
        <time>2026-09-17T09:10:59.000Z</time>
        <extensions>
          <ns3:TrackPointExtension>
            <ns3:hr>133</ns3:hr>
            <ns3:cad>83</ns3:cad>
          </ns3:TrackPointExtension>
        </extensions>
      </trkpt>
      <trkpt lat="37.5071694888174533843994140625" lon="127.0471726544201374053955078125">
        <ele>52.799999237060546875</ele>
        <time>2026-09-17T09:11:00.000Z</time>
        <extensions>
          <ns3:TrackPointExtension>
            <ns3:hr>133</ns3:hr>
            <ns3:cad>83</ns3:cad>
          </ns3:TrackPointExtension>
        </extensions>
      </trkpt>
      <trkpt lat="37.50716395676136016845703125" lon="127.0472081936895847320556640625">
        <ele>52.799999237060546875</ele>
        <time>2026-09-17T09:11:01.000Z</time>
        <extensions>
          <ns3:TrackPointExtension>
            <ns3:hr>134</ns3:hr>
            <ns3:cad>83</ns3:cad>
          </ns3:TrackPointExtension>
        </extensions>
      </trkpt>
      <trkpt lat="37.50715398229658603668212890625" lon="127.0472527854144573211669921875">
        <ele>52.59999847412109375</ele>
        <time>2026-09-17T09:11:02.000Z</time>
        <extensions>
          <ns3:TrackPointExtension>
            <ns3:hr>133</ns3:hr>
            <ns3:cad>83</ns3:cad>
          </ns3:TrackPointExtension>
        </extensions>
      </trkpt>
      <trkpt lat="37.5071540661156177520751953125" lon="127.04728270880877971649169921875">
        <ele>52.59999847412109375</ele>
        <time>2026-09-17T09:11:03.000Z</time>
        <extensions>
          <ns3:TrackPointExtension>
            <ns3:hr>133</ns3:hr>
            <ns3:cad>84</ns3:cad>
          </ns3:TrackPointExtension>
        </extensions>
      </trkpt>
      <trkpt lat="37.50714912079274654388427734375" lon="127.04732260666787624359130859375">
        <ele>52.40000152587890625</ele>
        <time>2026-09-17T09:11:04.000Z</time>
        <extensions>
          <ns3:TrackPointExtension>
            <ns3:hr>133</ns3:hr>
            <ns3:cad>84</ns3:cad>
          </ns3:TrackPointExtension>
        </extensions>
      </trkpt>
      <trkpt lat="37.507145516574382781982421875" lon="127.047359235584735870361328125">
        <ele>52.40000152587890625</ele>
        <time>2026-09-17T09:11:05.000Z</time>
        <extensions>
          <ns3:TrackPointExtension>
            <ns3:hr>134</ns3:hr>
            <ns3:cad>84</ns3:cad>
          </ns3:TrackPointExtension>
        </extensions>
      </trkpt>
      <trkpt lat="37.50714509747922420501708984375" lon="127.04739770852029323577880859375">
        <ele>52.200000762939453125</ele>
        <time>2026-09-17T09:11:06.000Z</time>
        <extensions>
          <ns3:TrackPointExtension>
            <ns3:hr>133</ns3:hr>
            <ns3:cad>84</ns3:cad>
          </ns3:TrackPointExtension>
        </extensions>
      </trkpt>
      <trkpt lat="37.507140152156352996826171875" lon="127.04743844456970691680908203125">
        <ele>52</ele>
        <time>2026-09-17T09:11:07.000Z</time>
        <extensions>
          <ns3:TrackPointExtension>
            <ns3:hr>133</ns3:hr>
            <ns3:cad>84</ns3:cad>
          </ns3:TrackPointExtension>
        </extensions>
      </trkpt>
      <trkpt lat="37.50713646411895751953125" lon="127.04746861942112445831298828125">
        <ele>51.799999237060546875</ele>
        <time>2026-09-17T09:11:08.000Z</time>
        <extensions>
          <ns3:TrackPointExtension>
            <ns3:hr>133</ns3:hr>
            <ns3:cad>83</ns3:cad>
          </ns3:TrackPointExtension>
        </extensions>
      </trkpt>
      <trkpt lat="37.507128082215785980224609375" lon="127.04750834964215755462646484375">
        <ele>51.59999847412109375</ele>
        <time>2026-09-17T09:11:09.000Z</time>
        <extensions>
          <ns3:TrackPointExtension>
            <ns3:hr>134</ns3:hr>
            <ns3:cad>84</ns3:cad>
          </ns3:TrackPointExtension>
        </extensions>
      </trkpt>
      <trkpt lat="37.50712615437805652618408203125" lon="127.0475458167493343353271484375">
        <ele>51.40000152587890625</ele>
        <time>2026-09-17T09:11:10.000Z</time>
        <extensions>
          <ns3:TrackPointExtension>
            <ns3:hr>134</ns3:hr>
            <ns3:cad>84</ns3:cad>
          </ns3:TrackPointExtension>
        </extensions>
      </trkpt>
      <trkpt lat="37.5071208737790584564208984375" lon="127.04758261330425739288330078125">
        <ele>51.40000152587890625</ele>
        <time>2026-09-17T09:11:11.000Z</time>
        <extensions>
          <ns3:TrackPointExtension>
            <ns3:hr>134</ns3:hr>
            <ns3:cad>85</ns3:cad>
          </ns3:TrackPointExtension>
        </extensions>
      </trkpt>
      <trkpt lat="37.5071161799132823944091796875" lon="127.04762184061110019683837890625">
        <ele>51.200000762939453125</ele>
        <time>2026-09-17T09:11:12.000Z</time>
        <extensions>
          <ns3:TrackPointExtension>
            <ns3:hr>134</ns3:hr>
            <ns3:cad>85</ns3:cad>
          </ns3:TrackPointExtension>
        </extensions>
      </trkpt>
      <trkpt lat="37.50711928121745586395263671875" lon="127.0476497523486614227294921875">
        <ele>51.200000762939453125</ele>
        <time>2026-09-17T09:11:13.000Z</time>
        <extensions>
          <ns3:TrackPointExtension>
            <ns3:hr>134</ns3:hr>
            <ns3:cad>85</ns3:cad>
          </ns3:TrackPointExtension>
        </extensions>
      </trkpt>
      <trkpt lat="37.50711165368556976318359375" lon="127.04768654890358448028564453125">
        <ele>51</ele>
        <time>2026-09-17T09:11:14.000Z</time>
        <extensions>
          <ns3:TrackPointExtension>
            <ns3:hr>134</ns3:hr>
            <ns3:cad>84</ns3:cad>
          </ns3:TrackPointExtension>
        </extensions>
      </trkpt>
      <trkpt lat="37.50711274333298206329345703125" lon="127.04771806485950946807861328125">
        <ele>51</ele>
        <time>2026-09-17T09:11:15.000Z</time>
        <extensions>
          <ns3:TrackPointExtension>
            <ns3:hr>134</ns3:hr>
            <ns3:cad>84</ns3:cad>
          </ns3:TrackPointExtension>
        </extensions>
      </trkpt>
      <trkpt lat="37.50711433589458465576171875" lon="127.04775326885282993316650390625">
        <ele>51</ele>
        <time>2026-09-17T09:11:16.000Z</time>
        <extensions>
          <ns3:TrackPointExtension>
            <ns3:hr>134</ns3:hr>
            <ns3:cad>84</ns3:cad>
          </ns3:TrackPointExtension>
        </extensions>
      </trkpt>
      <trkpt lat="37.50710620544850826263427734375" lon="127.04779199324548244476318359375">
        <ele>51</ele>
        <time>2026-09-17T09:11:17.000Z</time>
        <extensions>
          <ns3:TrackPointExtension>
            <ns3:hr>134</ns3:hr>
            <ns3:cad>84</ns3:cad>
          </ns3:TrackPointExtension>
        </extensions>
      </trkpt>
      <trkpt lat="37.5071029365062713623046875" lon="127.04782367683947086334228515625">
        <ele>51</ele>
        <time>2026-09-17T09:11:18.000Z</time>
        <extensions>
          <ns3:TrackPointExtension>
            <ns3:hr>134</ns3:hr>
            <ns3:cad>83</ns3:cad>
          </ns3:TrackPointExtension>
        </extensions>
      </trkpt>
      <trkpt lat="37.5070975720882415771484375" lon="127.04786273650825023651123046875">
        <ele>51</ele>
        <time>2026-09-17T09:11:19.000Z</time>
        <extensions>
          <ns3:TrackPointExtension>
            <ns3:hr>134</ns3:hr>
            <ns3:cad>83</ns3:cad>
          </ns3:TrackPointExtension>
        </extensions>
      </trkpt>
      <trkpt lat="37.50709212385118007659912109375" lon="127.04789341427385807037353515625">
        <ele>51</ele>
        <time>2026-09-17T09:11:20.000Z</time>
        <extensions>
          <ns3:TrackPointExtension>
            <ns3:hr>134</ns3:hr>
            <ns3:cad>82</ns3:cad>
          </ns3:TrackPointExtension>
        </extensions>
      </trkpt>
      <trkpt lat="37.50708960928022861480712890625" lon="127.0479223318397998809814453125">
        <ele>51</ele>
        <time>2026-09-17T09:11:21.000Z</time>
        <extensions>
          <ns3:TrackPointExtension>
            <ns3:hr>134</ns3:hr>
            <ns3:cad>82</ns3:cad>
          </ns3:TrackPointExtension>
        </extensions>
      </trkpt>
      <trkpt lat="37.50708525069057941436767578125" lon="127.04796533100306987762451171875">
        <ele>51</ele>
        <time>2026-09-17T09:11:22.000Z</time>
        <extensions>
          <ns3:TrackPointExtension>
            <ns3:hr>133</ns3:hr>
            <ns3:cad>82</ns3:cad>
          </ns3:TrackPointExtension>
        </extensions>
      </trkpt>
      <trkpt lat="37.5070819817483425140380859375" lon="127.0479920692741870880126953125">
        <ele>51</ele>
        <time>2026-09-17T09:11:23.000Z</time>
        <extensions>
          <ns3:TrackPointExtension>
            <ns3:hr>133</ns3:hr>
            <ns3:cad>82</ns3:cad>
          </ns3:TrackPointExtension>
        </extensions>
      </trkpt>
      <trkpt lat="37.50708173029124736785888671875" lon="127.0480259321630001068115234375">
        <ele>51</ele>
        <time>2026-09-17T09:11:24.000Z</time>
        <extensions>
          <ns3:TrackPointExtension>
            <ns3:hr>132</ns3:hr>
            <ns3:cad>82</ns3:cad>
          </ns3:TrackPointExtension>
        </extensions>
      </trkpt>
      <trkpt lat="37.50708080828189849853515625" lon="127.04805904068052768707275390625">
        <ele>51</ele>
        <time>2026-09-17T09:11:25.000Z</time>
        <extensions>
          <ns3:TrackPointExtension>
            <ns3:hr>132</ns3:hr>
            <ns3:cad>82</ns3:cad>
          </ns3:TrackPointExtension>
        </extensions>
      </trkpt>
      <trkpt lat="37.50708390958607196807861328125" lon="127.0480916462838649749755859375">
        <ele>51</ele>
        <time>2026-09-17T09:11:26.000Z</time>
        <extensions>
          <ns3:TrackPointExtension>
            <ns3:hr>131</ns3:hr>
            <ns3:cad>83</ns3:cad>
          </ns3:TrackPointExtension>
        </extensions>
      </trkpt>
      <trkpt lat="37.50707770697772502899169921875" lon="127.048121653497219085693359375">
        <ele>51</ele>
        <time>2026-09-17T09:11:27.000Z</time>
        <extensions>
          <ns3:TrackPointExtension>
            <ns3:hr>132</ns3:hr>
            <ns3:cad>83</ns3:cad>
          </ns3:TrackPointExtension>
        </extensions>
      </trkpt>
      <trkpt lat="37.507070414721965789794921875" lon="127.0481523312628269195556640625">
        <ele>51</ele>
        <time>2026-09-17T09:11:28.000Z</time>
        <extensions>
          <ns3:TrackPointExtension>
            <ns3:hr>132</ns3:hr>
            <ns3:cad>83</ns3:cad>
          </ns3:TrackPointExtension>
        </extensions>
      </trkpt>
      <trkpt lat="37.507064379751682281494140625" lon="127.0481908880174160003662109375">
        <ele>51</ele>
        <time>2026-09-17T09:11:29.000Z</time>
        <extensions>
          <ns3:TrackPointExtension>
            <ns3:hr>132</ns3:hr>
            <ns3:cad>84</ns3:cad>
          </ns3:TrackPointExtension>
        </extensions>
      </trkpt>
      <trkpt lat="37.50705725513398647308349609375" lon="127.04822869040071964263916015625">
        <ele>51.200000762939453125</ele>
        <time>2026-09-17T09:11:30.000Z</time>
        <extensions>
          <ns3:TrackPointExtension>
            <ns3:hr>132</ns3:hr>
            <ns3:cad>84</ns3:cad>
          </ns3:TrackPointExtension>
        </extensions>
      </trkpt>
      <trkpt lat="37.507054992020130157470703125" lon="127.04825945198535919189453125">
        <ele>51.200000762939453125</ele>
        <time>2026-09-17T09:11:31.000Z</time>
        <extensions>
          <ns3:TrackPointExtension>
            <ns3:hr>132</ns3:hr>
            <ns3:cad>84</ns3:cad>
          </ns3:TrackPointExtension>
        </extensions>
      </trkpt>
      <trkpt lat="37.5070508010685443878173828125" lon="127.04829624854028224945068359375">
        <ele>51.200000762939453125</ele>
        <time>2026-09-17T09:11:32.000Z</time>
        <extensions>
          <ns3:TrackPointExtension>
            <ns3:hr>133</ns3:hr>
            <ns3:cad>84</ns3:cad>
          </ns3:TrackPointExtension>
        </extensions>
      </trkpt>
      <trkpt lat="37.50704728066921234130859375" lon="127.048334218561649322509765625">
        <ele>51.200000762939453125</ele>
        <time>2026-09-17T09:11:33.000Z</time>
        <extensions>
          <ns3:TrackPointExtension>
            <ns3:hr>133</ns3:hr>
            <ns3:cad>84</ns3:cad>
          </ns3:TrackPointExtension>
        </extensions>
      </trkpt>
      <trkpt lat="37.5070477835834026336669921875" lon="127.04836984165012836456298828125">
        <ele>51.200000762939453125</ele>
        <time>2026-09-17T09:11:34.000Z</time>
        <extensions>
          <ns3:TrackPointExtension>
            <ns3:hr>134</ns3:hr>
            <ns3:cad>84</ns3:cad>
          </ns3:TrackPointExtension>
        </extensions>
      </trkpt>
      <trkpt lat="37.50703378580510616302490234375" lon="127.0484068058431148529052734375">
        <ele>51.200000762939453125</ele>
        <time>2026-09-17T09:11:35.000Z</time>
        <extensions>
          <ns3:TrackPointExtension>
            <ns3:hr>134</ns3:hr>
            <ns3:cad>84</ns3:cad>
          </ns3:TrackPointExtension>
        </extensions>
      </trkpt>
      <trkpt lat="37.507032863795757293701171875" lon="127.048434801399707794189453125">
        <ele>51.200000762939453125</ele>
        <time>2026-09-17T09:11:36.000Z</time>
        <extensions>
          <ns3:TrackPointExtension>
            <ns3:hr>135</ns3:hr>
            <ns3:cad>84</ns3:cad>
          </ns3:TrackPointExtension>
        </extensions>
      </trkpt>
      <trkpt lat="37.5070276670157909393310546875" lon="127.0484735257923603057861328125">
        <ele>51.200000762939453125</ele>
        <time>2026-09-17T09:11:37.000Z</time>
        <extensions>
          <ns3:TrackPointExtension>
            <ns3:hr>135</ns3:hr>
            <ns3:cad>84</ns3:cad>
          </ns3:TrackPointExtension>
        </extensions>
      </trkpt>
      <trkpt lat="37.50702045857906341552734375" lon="127.04850814305245876312255859375">
        <ele>51.200000762939453125</ele>
        <time>2026-09-17T09:11:38.000Z</time>
        <extensions>
          <ns3:TrackPointExtension>
            <ns3:hr>135</ns3:hr>
            <ns3:cad>83</ns3:cad>
          </ns3:TrackPointExtension>
        </extensions>
      </trkpt>
      <trkpt lat="37.50701643526554107666015625" lon="127.04854217357933521270751953125">
        <ele>51.200000762939453125</ele>
        <time>2026-09-17T09:11:39.000Z</time>
        <extensions>
          <ns3:TrackPointExtension>
            <ns3:hr>135</ns3:hr>
            <ns3:cad>83</ns3:cad>
          </ns3:TrackPointExtension>
        </extensions>
      </trkpt>
      <trkpt lat="37.50700713135302066802978515625" lon="127.048577629029750823974609375">
        <ele>51.200000762939453125</ele>
        <time>2026-09-17T09:11:40.000Z</time>
        <extensions>
          <ns3:TrackPointExtension>
            <ns3:hr>136</ns3:hr>
            <ns3:cad>83</ns3:cad>
          </ns3:TrackPointExtension>
        </extensions>
      </trkpt>
      <trkpt lat="37.50700109638273715972900390625" lon="127.04860403202474117279052734375">
        <ele>51.200000762939453125</ele>
        <time>2026-09-17T09:11:41.000Z</time>
        <extensions>
          <ns3:TrackPointExtension>
            <ns3:hr>136</ns3:hr>
            <ns3:cad>83</ns3:cad>
          </ns3:TrackPointExtension>
        </extensions>
      </trkpt>
      <trkpt lat="37.50699573196470737457275390625" lon="127.04863739199936389923095703125">
        <ele>51.200000762939453125</ele>
        <time>2026-09-17T09:11:42.000Z</time>
        <extensions>
          <ns3:TrackPointExtension>
            <ns3:hr>135</ns3:hr>
            <ns3:cad>83</ns3:cad>
          </ns3:TrackPointExtension>
        </extensions>
      </trkpt>
      <trkpt lat="37.5069854222238063812255859375" lon="127.04867251217365264892578125">
        <ele>51.200000762939453125</ele>
        <time>2026-09-17T09:11:43.000Z</time>
        <extensions>
          <ns3:TrackPointExtension>
            <ns3:hr>135</ns3:hr>
            <ns3:cad>84</ns3:cad>
          </ns3:TrackPointExtension>
        </extensions>
      </trkpt>
      <trkpt lat="37.50698131509125232696533203125" lon="127.0487105660140514373779296875">
        <ele>51.200000762939453125</ele>
        <time>2026-09-17T09:11:44.000Z</time>
        <extensions>
          <ns3:TrackPointExtension>
            <ns3:hr>135</ns3:hr>
            <ns3:cad>84</ns3:cad>
          </ns3:TrackPointExtension>
        </extensions>
      </trkpt>
      <trkpt lat="37.506971172988414764404296875" lon="127.04874903894960880279541015625">
        <ele>51</ele>
        <time>2026-09-17T09:11:45.000Z</time>
        <extensions>
          <ns3:TrackPointExtension>
            <ns3:hr>135</ns3:hr>
            <ns3:cad>84</ns3:cad>
          </ns3:TrackPointExtension>
        </extensions>
      </trkpt>
      <trkpt lat="37.506971172988414764404296875" lon="127.04878382384777069091796875">
        <ele>51</ele>
        <time>2026-09-17T09:11:46.000Z</time>
        <extensions>
          <ns3:TrackPointExtension>
            <ns3:hr>135</ns3:hr>
            <ns3:cad>84</ns3:cad>
          </ns3:TrackPointExtension>
        </extensions>
      </trkpt>
      <trkpt lat="37.50696153379976749420166015625" lon="127.04882699064910411834716796875">
        <ele>51</ele>
        <time>2026-09-17T09:11:47.000Z</time>
        <extensions>
          <ns3:TrackPointExtension>
            <ns3:hr>135</ns3:hr>
            <ns3:cad>84</ns3:cad>
          </ns3:TrackPointExtension>
        </extensions>
      </trkpt>
      <trkpt lat="37.50696036033332347869873046875" lon="127.04886303283274173736572265625">
        <ele>51</ele>
        <time>2026-09-17T09:11:48.000Z</time>
        <extensions>
          <ns3:TrackPointExtension>
            <ns3:hr>135</ns3:hr>
            <ns3:cad>84</ns3:cad>
          </ns3:TrackPointExtension>
        </extensions>
      </trkpt>
      <trkpt lat="37.506965138018131256103515625" lon="127.0489053614437580108642578125">
        <ele>51</ele>
        <time>2026-09-17T09:11:49.000Z</time>
        <extensions>
          <ns3:TrackPointExtension>
            <ns3:hr>136</ns3:hr>
            <ns3:cad>84</ns3:cad>
          </ns3:TrackPointExtension>
        </extensions>
      </trkpt>
      <trkpt lat="37.50695818103849887847900390625" lon="127.04894433729350566864013671875">
        <ele>51.200000762939453125</ele>
        <time>2026-09-17T09:11:50.000Z</time>
        <extensions>
          <ns3:TrackPointExtension>
            <ns3:hr>136</ns3:hr>
            <ns3:cad>84</ns3:cad>
          </ns3:TrackPointExtension>
        </extensions>
      </trkpt>
      <trkpt lat="37.50695231370627880096435546875" lon="127.0489677228033542633056640625">
        <ele>51.200000762939453125</ele>
        <time>2026-09-17T09:11:51.000Z</time>
        <extensions>
          <ns3:TrackPointExtension>
            <ns3:hr>136</ns3:hr>
            <ns3:cad>84</ns3:cad>
          </ns3:TrackPointExtension>
        </extensions>
      </trkpt>
      <trkpt lat="37.50694678165018558502197265625" lon="127.04899932257831096649169921875">
        <ele>51</ele>
        <time>2026-09-17T09:11:52.000Z</time>
        <extensions>
          <ns3:TrackPointExtension>
            <ns3:hr>136</ns3:hr>
            <ns3:cad>84</ns3:cad>
          </ns3:TrackPointExtension>
        </extensions>
      </trkpt>
      <trkpt lat="37.50694124959409236907958984375" lon="127.0490304194390773773193359375">
        <ele>51</ele>
        <time>2026-09-17T09:11:53.000Z</time>
        <extensions>
          <ns3:TrackPointExtension>
            <ns3:hr>137</ns3:hr>
            <ns3:cad>84</ns3:cad>
          </ns3:TrackPointExtension>
        </extensions>
      </trkpt>
      <trkpt lat="37.50693798065185546875" lon="127.0490669645369052886962890625">
        <ele>51</ele>
        <time>2026-09-17T09:11:54.000Z</time>
        <extensions>
          <ns3:TrackPointExtension>
            <ns3:hr>137</ns3:hr>
            <ns3:cad>84</ns3:cad>
          </ns3:TrackPointExtension>
        </extensions>
      </trkpt>
      <trkpt lat="37.50692716799676418304443359375" lon="127.04911566339433193206787109375">
        <ele>50.799999237060546875</ele>
        <time>2026-09-17T09:11:55.000Z</time>
        <extensions>
          <ns3:TrackPointExtension>
            <ns3:hr>137</ns3:hr>
            <ns3:cad>83</ns3:cad>
          </ns3:TrackPointExtension>
        </extensions>
      </trkpt>
      <trkpt lat="37.50692063011229038238525390625" lon="127.04914868809282779693603515625">
        <ele>51</ele>
        <time>2026-09-17T09:11:56.000Z</time>
        <extensions>
          <ns3:TrackPointExtension>
            <ns3:hr>137</ns3:hr>
            <ns3:cad>83</ns3:cad>
          </ns3:TrackPointExtension>
        </extensions>
      </trkpt>
      <trkpt lat="37.5069259107112884521484375" lon="127.04919663257896900177001953125">
        <ele>51</ele>
        <time>2026-09-17T09:11:57.000Z</time>
        <extensions>
          <ns3:TrackPointExtension>
            <ns3:hr>137</ns3:hr>
            <ns3:cad>83</ns3:cad>
          </ns3:TrackPointExtension>
        </extensions>
      </trkpt>
      <trkpt lat="37.50692532397806644439697265625" lon="127.049236111342906951904296875">
        <ele>51</ele>
        <time>2026-09-17T09:11:58.000Z</time>
        <extensions>
          <ns3:TrackPointExtension>
            <ns3:hr>137</ns3:hr>
            <ns3:cad>83</ns3:cad>
          </ns3:TrackPointExtension>
        </extensions>
      </trkpt>
      <trkpt lat="37.50692792236804962158203125" lon="127.04926854930818080902099609375">
        <ele>51</ele>
        <time>2026-09-17T09:11:59.000Z</time>
        <extensions>
          <ns3:TrackPointExtension>
            <ns3:hr>137</ns3:hr>
            <ns3:cad>83</ns3:cad>
          </ns3:TrackPointExtension>
        </extensions>
      </trkpt>
      <trkpt lat="37.50692498870193958282470703125" lon="127.0493029989302158355712890625">
        <ele>50.799999237060546875</ele>
        <time>2026-09-17T09:12:00.000Z</time>
        <extensions>
          <ns3:TrackPointExtension>
            <ns3:hr>137</ns3:hr>
            <ns3:cad>83</ns3:cad>
          </ns3:TrackPointExtension>
        </extensions>
      </trkpt>
      <trkpt lat="37.50691878609359264373779296875" lon="127.04933510161936283111572265625">
        <ele>50.59999847412109375</ele>
        <time>2026-09-17T09:12:01.000Z</time>
        <extensions>
          <ns3:TrackPointExtension>
            <ns3:hr>137</ns3:hr>
            <ns3:cad>84</ns3:cad>
          </ns3:TrackPointExtension>
        </extensions>
      </trkpt>
      <trkpt lat="37.50691258348524570465087890625" lon="127.04937164671719074249267578125">
        <ele>50.59999847412109375</ele>
        <time>2026-09-17T09:12:02.000Z</time>
        <extensions>
          <ns3:TrackPointExtension>
            <ns3:hr>138</ns3:hr>
            <ns3:cad>84</ns3:cad>
          </ns3:TrackPointExtension>
        </extensions>
      </trkpt>
      <trkpt lat="37.506905458867549896240234375" lon="127.04940685071051120758056640625">
        <ele>50.59999847412109375</ele>
        <time>2026-09-17T09:12:03.000Z</time>
        <extensions>
          <ns3:TrackPointExtension>
            <ns3:hr>138</ns3:hr>
            <ns3:cad>84</ns3:cad>
          </ns3:TrackPointExtension>
        </extensions>
      </trkpt>
      <trkpt lat="37.50690218992531299591064453125" lon="127.04943560063838958740234375">
        <ele>50.59999847412109375</ele>
        <time>2026-09-17T09:12:04.000Z</time>
        <extensions>
          <ns3:TrackPointExtension>
            <ns3:hr>138</ns3:hr>
            <ns3:cad>84</ns3:cad>
          </ns3:TrackPointExtension>
        </extensions>
      </trkpt>
      <trkpt lat="37.506897412240505218505859375" lon="127.04947776161134243011474609375">
        <ele>50.59999847412109375</ele>
        <time>2026-09-17T09:12:05.000Z</time>
        <extensions>
          <ns3:TrackPointExtension>
            <ns3:hr>137</ns3:hr>
            <ns3:cad>84</ns3:cad>
          </ns3:TrackPointExtension>
        </extensions>
      </trkpt>
      <trkpt lat="37.50689841806888580322265625" lon="127.04950802028179168701171875">
        <ele>50.59999847412109375</ele>
        <time>2026-09-17T09:12:06.000Z</time>
        <extensions>
          <ns3:TrackPointExtension>
            <ns3:hr>137</ns3:hr>
            <ns3:cad>84</ns3:cad>
          </ns3:TrackPointExtension>
        </extensions>
      </trkpt>
      <trkpt lat="37.50689079053699970245361328125" lon="127.049544565379619598388671875">
        <ele>50.40000152587890625</ele>
        <time>2026-09-17T09:12:07.000Z</time>
        <extensions>
          <ns3:TrackPointExtension>
            <ns3:hr>137</ns3:hr>
            <ns3:cad>84</ns3:cad>
          </ns3:TrackPointExtension>
        </extensions>
      </trkpt>
      <trkpt lat="37.506886683404445648193359375" lon="127.0495802722871303558349609375">
        <ele>50.40000152587890625</ele>
        <time>2026-09-17T09:12:08.000Z</time>
        <extensions>
          <ns3:TrackPointExtension>
            <ns3:hr>137</ns3:hr>
            <ns3:cad>84</ns3:cad>
          </ns3:TrackPointExtension>
        </extensions>
      </trkpt>
      <trkpt lat="37.50688911415636539459228515625" lon="127.0496070943772792816162109375">
        <ele>50.200000762939453125</ele>
        <time>2026-09-17T09:12:09.000Z</time>
        <extensions>
          <ns3:TrackPointExtension>
            <ns3:hr>138</ns3:hr>
            <ns3:cad>84</ns3:cad>
          </ns3:TrackPointExtension>
        </extensions>
      </trkpt>
      <trkpt lat="37.50688022933900356292724609375" lon="127.049642466008663177490234375">
        <ele>50</ele>
        <time>2026-09-17T09:12:10.000Z</time>
        <extensions>
          <ns3:TrackPointExtension>
            <ns3:hr>138</ns3:hr>
            <ns3:cad>84</ns3:cad>
          </ns3:TrackPointExtension>
        </extensions>
      </trkpt>
      <trkpt lat="37.50688106752932071685791015625" lon="127.04967523925006389617919921875">
        <ele>49.799999237060546875</ele>
        <time>2026-09-17T09:12:11.000Z</time>
        <extensions>
          <ns3:TrackPointExtension>
            <ns3:hr>138</ns3:hr>
            <ns3:cad>84</ns3:cad>
          </ns3:TrackPointExtension>
        </extensions>
      </trkpt>
      <trkpt lat="37.50688291154801845550537109375" lon="127.049715556204319000244140625">
        <ele>49.799999237060546875</ele>
        <time>2026-09-17T09:12:12.000Z</time>
        <extensions>
          <ns3:TrackPointExtension>
            <ns3:hr>138</ns3:hr>
            <ns3:cad>84</ns3:cad>
          </ns3:TrackPointExtension>
        </extensions>
      </trkpt>
      <trkpt lat="37.5068804807960987091064453125" lon="127.049747742712497711181640625">
        <ele>49.799999237060546875</ele>
        <time>2026-09-17T09:12:13.000Z</time>
        <extensions>
          <ns3:TrackPointExtension>
            <ns3:hr>138</ns3:hr>
            <ns3:cad>84</ns3:cad>
          </ns3:TrackPointExtension>
        </extensions>
      </trkpt>
      <trkpt lat="37.506874613463878631591796875" lon="127.049774229526519775390625">
        <ele>49.799999237060546875</ele>
        <time>2026-09-17T09:12:14.000Z</time>
        <extensions>
          <ns3:TrackPointExtension>
            <ns3:hr>138</ns3:hr>
            <ns3:cad>84</ns3:cad>
          </ns3:TrackPointExtension>
        </extensions>
      </trkpt>
      <trkpt lat="37.506863214075565338134765625" lon="127.0498129539191722869873046875">
        <ele>49.799999237060546875</ele>
        <time>2026-09-17T09:12:15.000Z</time>
        <extensions>
          <ns3:TrackPointExtension>
            <ns3:hr>139</ns3:hr>
            <ns3:cad>84</ns3:cad>
          </ns3:TrackPointExtension>
        </extensions>
      </trkpt>
      <trkpt lat="37.5068560056388378143310546875" lon="127.049840278923511505126953125">
        <ele>49.799999237060546875</ele>
        <time>2026-09-17T09:12:16.000Z</time>
        <extensions>
          <ns3:TrackPointExtension>
            <ns3:hr>138</ns3:hr>
            <ns3:cad>84</ns3:cad>
          </ns3:TrackPointExtension>
        </extensions>
      </trkpt>
      <trkpt lat="37.50685214996337890625" lon="127.0498863793909549713134765625">
        <ele>49.799999237060546875</ele>
        <time>2026-09-17T09:12:17.000Z</time>
        <extensions>
          <ns3:TrackPointExtension>
            <ns3:hr>138</ns3:hr>
            <ns3:cad>84</ns3:cad>
          </ns3:TrackPointExtension>
        </extensions>
      </trkpt>
      <trkpt lat="37.506844438612461090087890625" lon="127.04992418177425861358642578125">
        <ele>49.59999847412109375</ele>
        <time>2026-09-17T09:12:18.000Z</time>
        <extensions>
          <ns3:TrackPointExtension>
            <ns3:hr>139</ns3:hr>
            <ns3:cad>84</ns3:cad>
          </ns3:TrackPointExtension>
        </extensions>
      </trkpt>
      <trkpt lat="37.50684879720211029052734375" lon="127.04996475018560886383056640625">
        <ele>49.59999847412109375</ele>
        <time>2026-09-17T09:12:19.000Z</time>
        <extensions>
          <ns3:TrackPointExtension>
            <ns3:hr>139</ns3:hr>
            <ns3:cad>84</ns3:cad>
          </ns3:TrackPointExtension>
        </extensions>
      </trkpt>
      <trkpt lat="37.50684284605085849761962890625" lon="127.05001495778560638427734375">
        <ele>49.59999847412109375</ele>
        <time>2026-09-17T09:12:20.000Z</time>
        <extensions>
          <ns3:TrackPointExtension>
            <ns3:hr>138</ns3:hr>
            <ns3:cad>84</ns3:cad>
          </ns3:TrackPointExtension>
        </extensions>
      </trkpt>
      <trkpt lat="37.50684502534568309783935546875" lon="127.050048820674419403076171875">
        <ele>49.40000152587890625</ele>
        <time>2026-09-17T09:12:21.000Z</time>
        <extensions>
          <ns3:TrackPointExtension>
            <ns3:hr>138</ns3:hr>
            <ns3:cad>84</ns3:cad>
          </ns3:TrackPointExtension>
        </extensions>
      </trkpt>
      <trkpt lat="37.5068482942879199981689453125" lon="127.050091065466403961181640625">
        <ele>49.40000152587890625</ele>
        <time>2026-09-17T09:12:22.000Z</time>
        <extensions>
          <ns3:TrackPointExtension>
            <ns3:hr>137</ns3:hr>
            <ns3:cad>84</ns3:cad>
          </ns3:TrackPointExtension>
        </extensions>
      </trkpt>
      <trkpt lat="37.506839744746685028076171875" lon="127.05012601800262928009033203125">
        <ele>49.200000762939453125</ele>
        <time>2026-09-17T09:12:23.000Z</time>
        <extensions>
          <ns3:TrackPointExtension>
            <ns3:hr>136</ns3:hr>
            <ns3:cad>84</ns3:cad>
          </ns3:TrackPointExtension>
        </extensions>
      </trkpt>
      <trkpt lat="37.5068419240415096282958984375" lon="127.05015468411147594451904296875">
        <ele>49.200000762939453125</ele>
        <time>2026-09-17T09:12:24.000Z</time>
        <extensions>
          <ns3:TrackPointExtension>
            <ns3:hr>136</ns3:hr>
            <ns3:cad>84</ns3:cad>
          </ns3:TrackPointExtension>
        </extensions>
      </trkpt>
      <trkpt lat="37.50683714635670185089111328125" lon="127.05019843764603137969970703125">
        <ele>49.200000762939453125</ele>
        <time>2026-09-17T09:12:25.000Z</time>
        <extensions>
          <ns3:TrackPointExtension>
            <ns3:hr>136</ns3:hr>
            <ns3:cad>84</ns3:cad>
          </ns3:TrackPointExtension>
        </extensions>
      </trkpt>
      <trkpt lat="37.50683278776705265045166015625" lon="127.05022978596389293670654296875">
        <ele>49.200000762939453125</ele>
        <time>2026-09-17T09:12:26.000Z</time>
        <extensions>
          <ns3:TrackPointExtension>
            <ns3:hr>135</ns3:hr>
            <ns3:cad>84</ns3:cad>
          </ns3:TrackPointExtension>
        </extensions>
      </trkpt>
      <trkpt lat="37.50683136284351348876953125" lon="127.05026465468108654022216796875">
        <ele>49.200000762939453125</ele>
        <time>2026-09-17T09:12:27.000Z</time>
        <extensions>
          <ns3:TrackPointExtension>
            <ns3:hr>135</ns3:hr>
            <ns3:cad>84</ns3:cad>
          </ns3:TrackPointExtension>
        </extensions>
      </trkpt>
      <trkpt lat="37.5068239867687225341796875" lon="127.05030254088342189788818359375">
        <ele>49</ele>
        <time>2026-09-17T09:12:28.000Z</time>
        <extensions>
          <ns3:TrackPointExtension>
            <ns3:hr>135</ns3:hr>
            <ns3:cad>84</ns3:cad>
          </ns3:TrackPointExtension>
        </extensions>
      </trkpt>
      <trkpt lat="37.50682599842548370361328125" lon="127.0503339730203151702880859375">
        <ele>49</ele>
        <time>2026-09-17T09:12:29.000Z</time>
        <extensions>
          <ns3:TrackPointExtension>
            <ns3:hr>135</ns3:hr>
            <ns3:cad>83</ns3:cad>
          </ns3:TrackPointExtension>
        </extensions>
      </trkpt>
      <trkpt lat="37.5068213045597076416015625" lon="127.050372697412967681884765625">
        <ele>48.799999237060546875</ele>
        <time>2026-09-17T09:12:30.000Z</time>
        <extensions>
          <ns3:TrackPointExtension>
            <ns3:hr>134</ns3:hr>
            <ns3:cad>83</ns3:cad>
          </ns3:TrackPointExtension>
        </extensions>
      </trkpt>
      <trkpt lat="37.506821639835834503173828125" lon="127.05040932632982730865478515625">
        <ele>48.799999237060546875</ele>
        <time>2026-09-17T09:12:31.000Z</time>
        <extensions>
          <ns3:TrackPointExtension>
            <ns3:hr>135</ns3:hr>
            <ns3:cad>83</ns3:cad>
          </ns3:TrackPointExtension>
        </extensions>
      </trkpt>
      <trkpt lat="37.50682490877807140350341796875" lon="127.05044486559927463531494140625">
        <ele>48.799999237060546875</ele>
        <time>2026-09-17T09:12:32.000Z</time>
        <extensions>
          <ns3:TrackPointExtension>
            <ns3:hr>135</ns3:hr>
            <ns3:cad>83</ns3:cad>
          </ns3:TrackPointExtension>
        </extensions>
      </trkpt>
      <trkpt lat="37.506824992597103118896484375" lon="127.0504835061728954315185546875">
        <ele>48.799999237060546875</ele>
        <time>2026-09-17T09:12:33.000Z</time>
        <extensions>
          <ns3:TrackPointExtension>
            <ns3:hr>135</ns3:hr>
            <ns3:cad>83</ns3:cad>
          </ns3:TrackPointExtension>
        </extensions>
      </trkpt>
      <trkpt lat="37.50682859681546688079833984375" lon="127.05050580203533172607421875">
        <ele>49</ele>
        <time>2026-09-17T09:12:34.000Z</time>
        <extensions>
          <ns3:TrackPointExtension>
            <ns3:hr>135</ns3:hr>
            <ns3:cad>83</ns3:cad>
          </ns3:TrackPointExtension>
        </extensions>
      </trkpt>
      <trkpt lat="37.506829686462879180908203125" lon="127.050549052655696868896484375">
        <ele>49</ele>
        <time>2026-09-17T09:12:35.000Z</time>
        <extensions>
          <ns3:TrackPointExtension>
            <ns3:hr>135</ns3:hr>
            <ns3:cad>83</ns3:cad>
          </ns3:TrackPointExtension>
        </extensions>
      </trkpt>
      <trkpt lat="37.50683002173900604248046875" lon="127.05057285726070404052734375">
        <ele>49</ele>
        <time>2026-09-17T09:12:36.000Z</time>
        <extensions>
          <ns3:TrackPointExtension>
            <ns3:hr>135</ns3:hr>
            <ns3:cad>83</ns3:cad>
          </ns3:TrackPointExtension>
        </extensions>
      </trkpt>
      <trkpt lat="37.50683136284351348876953125" lon="127.05060102045536041259765625">
        <ele>49</ele>
        <time>2026-09-17T09:12:37.000Z</time>
        <extensions>
          <ns3:TrackPointExtension>
            <ns3:hr>135</ns3:hr>
            <ns3:cad>41</ns3:cad>
          </ns3:TrackPointExtension>
        </extensions>
      </trkpt>
      <trkpt lat="37.50682943500578403472900390625" lon="127.050638906657695770263671875">
        <ele>49</ele>
        <time>2026-09-17T09:12:38.000Z</time>
        <extensions>
          <ns3:TrackPointExtension>
            <ns3:hr>135</ns3:hr>
            <ns3:cad>41</ns3:cad>
          </ns3:TrackPointExtension>
        </extensions>
      </trkpt>
      <trkpt lat="37.5068298541009426116943359375" lon="127.05066447146236896514892578125">
        <ele>49</ele>
        <time>2026-09-17T09:12:39.000Z</time>
        <extensions>
          <ns3:TrackPointExtension>
            <ns3:hr>135</ns3:hr>
            <ns3:cad>84</ns3:cad>
          </ns3:TrackPointExtension>
        </extensions>
      </trkpt>
      <trkpt lat="37.5068265013396739959716796875" lon="127.0506982505321502685546875">
        <ele>49</ele>
        <time>2026-09-17T09:12:40.000Z</time>
        <extensions>
          <ns3:TrackPointExtension>
            <ns3:hr>136</ns3:hr>
            <ns3:cad>84</ns3:cad>
          </ns3:TrackPointExtension>
        </extensions>
      </trkpt>
      <trkpt lat="37.5068251602351665496826171875" lon="127.050732113420963287353515625">
        <ele>49</ele>
        <time>2026-09-17T09:12:41.000Z</time>
        <extensions>
          <ns3:TrackPointExtension>
            <ns3:hr>136</ns3:hr>
            <ns3:cad>84</ns3:cad>
          </ns3:TrackPointExtension>
        </extensions>
      </trkpt>
      <trkpt lat="37.50683479942381381988525390625" lon="127.05076321028172969818115234375">
        <ele>49</ele>
        <time>2026-09-17T09:12:42.000Z</time>
        <extensions>
          <ns3:TrackPointExtension>
            <ns3:hr>136</ns3:hr>
            <ns3:cad>83</ns3:cad>
          </ns3:TrackPointExtension>
        </extensions>
      </trkpt>
      <trkpt lat="37.506837733089923858642578125" lon="127.05080914311110973358154296875">
        <ele>49</ele>
        <time>2026-09-17T09:12:43.000Z</time>
        <extensions>
          <ns3:TrackPointExtension>
            <ns3:hr>135</ns3:hr>
            <ns3:cad>83</ns3:cad>
          </ns3:TrackPointExtension>
        </extensions>
      </trkpt>
      <trkpt lat="37.5068389065563678741455078125" lon="127.0508365519344806671142578125">
        <ele>49</ele>
        <time>2026-09-17T09:12:44.000Z</time>
        <extensions>
          <ns3:TrackPointExtension>
            <ns3:hr>135</ns3:hr>
            <ns3:cad>83</ns3:cad>
          </ns3:TrackPointExtension>
        </extensions>
      </trkpt>
      <trkpt lat="37.50683815218508243560791015625" lon="127.0508727617561817169189453125">
        <ele>48.799999237060546875</ele>
        <time>2026-09-17T09:12:45.000Z</time>
        <extensions>
          <ns3:TrackPointExtension>
            <ns3:hr>135</ns3:hr>
            <ns3:cad>83</ns3:cad>
          </ns3:TrackPointExtension>
        </extensions>
      </trkpt>
      <trkpt lat="37.50683697871863842010498046875" lon="127.05091760493814945220947265625">
        <ele>48.799999237060546875</ele>
        <time>2026-09-17T09:12:46.000Z</time>
        <extensions>
          <ns3:TrackPointExtension>
            <ns3:hr>135</ns3:hr>
            <ns3:cad>83</ns3:cad>
          </ns3:TrackPointExtension>
        </extensions>
      </trkpt>
      <trkpt lat="37.5068389065563678741455078125" lon="127.050943672657012939453125">
        <ele>48.799999237060546875</ele>
        <time>2026-09-17T09:12:47.000Z</time>
        <extensions>
          <ns3:TrackPointExtension>
            <ns3:hr>135</ns3:hr>
            <ns3:cad>83</ns3:cad>
          </ns3:TrackPointExtension>
        </extensions>
      </trkpt>
      <trkpt lat="37.5068352185189723968505859375" lon="127.05098994076251983642578125">
        <ele>48.799999237060546875</ele>
        <time>2026-09-17T09:12:48.000Z</time>
        <extensions>
          <ns3:TrackPointExtension>
            <ns3:hr>135</ns3:hr>
            <ns3:cad>83</ns3:cad>
          </ns3:TrackPointExtension>
        </extensions>
      </trkpt>
      <trkpt lat="37.5068399123847484588623046875" lon="127.05101785250008106231689453125">
        <ele>48.799999237060546875</ele>
        <time>2026-09-17T09:12:49.000Z</time>
        <extensions>
          <ns3:TrackPointExtension>
            <ns3:hr>136</ns3:hr>
            <ns3:cad>82</ns3:cad>
          </ns3:TrackPointExtension>
        </extensions>
      </trkpt>
      <trkpt lat="37.50684854574501514434814453125" lon="127.05105020664632320404052734375">
        <ele>48.799999237060546875</ele>
        <time>2026-09-17T09:12:50.000Z</time>
        <extensions>
          <ns3:TrackPointExtension>
            <ns3:hr>135</ns3:hr>
            <ns3:cad>82</ns3:cad>
          </ns3:TrackPointExtension>
        </extensions>
      </trkpt>
      <trkpt lat="37.50684879720211029052734375" lon="127.05108490772545337677001953125">
        <ele>48.799999237060546875</ele>
        <time>2026-09-17T09:12:51.000Z</time>
        <extensions>
          <ns3:TrackPointExtension>
            <ns3:hr>135</ns3:hr>
            <ns3:cad>82</ns3:cad>
          </ns3:TrackPointExtension>
        </extensions>
      </trkpt>
      <trkpt lat="37.5068533234298229217529296875" lon="127.05110770650207996368408203125">
        <ele>49</ele>
        <time>2026-09-17T09:12:52.000Z</time>
        <extensions>
          <ns3:TrackPointExtension>
            <ns3:hr>136</ns3:hr>
            <ns3:cad>83</ns3:cad>
          </ns3:TrackPointExtension>
        </extensions>
      </trkpt>
      <trkpt lat="37.5068481266498565673828125" lon="127.05114693380892276763916015625">
        <ele>48.799999237060546875</ele>
        <time>2026-09-17T09:12:53.000Z</time>
        <extensions>
          <ns3:TrackPointExtension>
            <ns3:hr>135</ns3:hr>
            <ns3:cad>83</ns3:cad>
          </ns3:TrackPointExtension>
        </extensions>
      </trkpt>
      <trkpt lat="37.50684745609760284423828125" lon="127.05118012614548206329345703125">
        <ele>48.799999237060546875</ele>
        <time>2026-09-17T09:12:54.000Z</time>
        <extensions>
          <ns3:TrackPointExtension>
            <ns3:hr>135</ns3:hr>
            <ns3:cad>83</ns3:cad>
          </ns3:TrackPointExtension>
        </extensions>
      </trkpt>
      <trkpt lat="37.5068481266498565673828125" lon="127.0512127317488193511962890625">
        <ele>48.799999237060546875</ele>
        <time>2026-09-17T09:12:55.000Z</time>
        <extensions>
          <ns3:TrackPointExtension>
            <ns3:hr>136</ns3:hr>
            <ns3:cad>83</ns3:cad>
          </ns3:TrackPointExtension>
        </extensions>
      </trkpt>
      <trkpt lat="37.506845109164714813232421875" lon="127.05125221051275730133056640625">
        <ele>48.799999237060546875</ele>
        <time>2026-09-17T09:12:56.000Z</time>
        <extensions>
          <ns3:TrackPointExtension>
            <ns3:hr>135</ns3:hr>
            <ns3:cad>83</ns3:cad>
          </ns3:TrackPointExtension>
        </extensions>
      </trkpt>
      <trkpt lat="37.506841085851192474365234375" lon="127.051286660134792327880859375">
        <ele>48.799999237060546875</ele>
        <time>2026-09-17T09:12:57.000Z</time>
        <extensions>
          <ns3:TrackPointExtension>
            <ns3:hr>136</ns3:hr>
            <ns3:cad>83</ns3:cad>
          </ns3:TrackPointExtension>
        </extensions>
      </trkpt>
      <trkpt lat="37.506835050880908966064453125" lon="127.0513327606022357940673828125">
        <ele>48.799999237060546875</ele>
        <time>2026-09-17T09:12:58.000Z</time>
        <extensions>
          <ns3:TrackPointExtension>
            <ns3:hr>136</ns3:hr>
            <ns3:cad>83</ns3:cad>
          </ns3:TrackPointExtension>
        </extensions>
      </trkpt>
      <trkpt lat="37.5068285129964351654052734375" lon="127.05136653967201709747314453125">
        <ele>48.799999237060546875</ele>
        <time>2026-09-17T09:12:59.000Z</time>
        <extensions>
          <ns3:TrackPointExtension>
            <ns3:hr>137</ns3:hr>
            <ns3:cad>83</ns3:cad>
          </ns3:TrackPointExtension>
        </extensions>
      </trkpt>
      <trkpt lat="37.50682859681546688079833984375" lon="127.0514009892940521240234375">
        <ele>48.799999237060546875</ele>
        <time>2026-09-17T09:13:00.000Z</time>
        <extensions>
          <ns3:TrackPointExtension>
            <ns3:hr>138</ns3:hr>
            <ns3:cad>83</ns3:cad>
          </ns3:TrackPointExtension>
        </extensions>
      </trkpt>
      <trkpt lat="37.50682759098708629608154296875" lon="127.05143879167735576629638671875">
        <ele>48.799999237060546875</ele>
        <time>2026-09-17T09:13:01.000Z</time>
        <extensions>
          <ns3:TrackPointExtension>
            <ns3:hr>139</ns3:hr>
            <ns3:cad>83</ns3:cad>
          </ns3:TrackPointExtension>
        </extensions>
      </trkpt>
      <trkpt lat="37.50683278776705265045166015625" lon="127.05146980471909046173095703125">
        <ele>48.799999237060546875</ele>
        <time>2026-09-17T09:13:02.000Z</time>
        <extensions>
          <ns3:TrackPointExtension>
            <ns3:hr>140</ns3:hr>
            <ns3:cad>83</ns3:cad>
          </ns3:TrackPointExtension>
        </extensions>
      </trkpt>
      <trkpt lat="37.50683546997606754302978515625" lon="127.05151020549237728118896484375">
        <ele>48.59999847412109375</ele>
        <time>2026-09-17T09:13:03.000Z</time>
        <extensions>
          <ns3:TrackPointExtension>
            <ns3:hr>141</ns3:hr>
            <ns3:cad>84</ns3:cad>
          </ns3:TrackPointExtension>
        </extensions>
      </trkpt>
      <trkpt lat="37.506841085851192474365234375" lon="127.05154691822826862335205078125">
        <ele>48.59999847412109375</ele>
        <time>2026-09-17T09:13:04.000Z</time>
        <extensions>
          <ns3:TrackPointExtension>
            <ns3:hr>141</ns3:hr>
            <ns3:cad>84</ns3:cad>
          </ns3:TrackPointExtension>
        </extensions>
      </trkpt>
      <trkpt lat="37.5068476237356662750244140625" lon="127.05158027820289134979248046875">
        <ele>48.59999847412109375</ele>
        <time>2026-09-17T09:13:05.000Z</time>
        <extensions>
          <ns3:TrackPointExtension>
            <ns3:hr>141</ns3:hr>
            <ns3:cad>84</ns3:cad>
          </ns3:TrackPointExtension>
        </extensions>
      </trkpt>
      <trkpt lat="37.50684209167957305908203125" lon="127.05162520520389080047607421875">
        <ele>48.59999847412109375</ele>
        <time>2026-09-17T09:13:06.000Z</time>
        <extensions>
          <ns3:TrackPointExtension>
            <ns3:hr>141</ns3:hr>
            <ns3:cad>84</ns3:cad>
          </ns3:TrackPointExtension>
        </extensions>
      </trkpt>
      <trkpt lat="37.50684016384184360504150390625" lon="127.0516566373407840728759765625">
        <ele>48.799999237060546875</ele>
        <time>2026-09-17T09:13:07.000Z</time>
        <extensions>
          <ns3:TrackPointExtension>
            <ns3:hr>141</ns3:hr>
            <ns3:cad>83</ns3:cad>
          </ns3:TrackPointExtension>
        </extensions>
      </trkpt>
      <trkpt lat="37.50684267841279506683349609375" lon="127.05169360153377056121826171875">
        <ele>48.799999237060546875</ele>
        <time>2026-09-17T09:13:08.000Z</time>
        <extensions>
          <ns3:TrackPointExtension>
            <ns3:hr>141</ns3:hr>
            <ns3:cad>83</ns3:cad>
          </ns3:TrackPointExtension>
        </extensions>
      </trkpt>
      <trkpt lat="37.50684033147990703582763671875" lon="127.05172888934612274169921875">
        <ele>48.799999237060546875</ele>
        <time>2026-09-17T09:13:09.000Z</time>
        <extensions>
          <ns3:TrackPointExtension>
            <ns3:hr>141</ns3:hr>
            <ns3:cad>83</ns3:cad>
          </ns3:TrackPointExtension>
        </extensions>
      </trkpt>
      <trkpt lat="37.50684351660311222076416015625" lon="127.05176266841590404510498046875">
        <ele>48.799999237060546875</ele>
        <time>2026-09-17T09:13:10.000Z</time>
        <extensions>
          <ns3:TrackPointExtension>
            <ns3:hr>140</ns3:hr>
            <ns3:cad>83</ns3:cad>
          </ns3:TrackPointExtension>
        </extensions>
      </trkpt>
      <trkpt lat="37.50684351660311222076416015625" lon="127.0518018119037151336669921875">
        <ele>48.799999237060546875</ele>
        <time>2026-09-17T09:13:11.000Z</time>
        <extensions>
          <ns3:TrackPointExtension>
            <ns3:hr>140</ns3:hr>
            <ns3:cad>83</ns3:cad>
          </ns3:TrackPointExtension>
        </extensions>
      </trkpt>
      <trkpt lat="37.50684653408825397491455078125" lon="127.051833830773830413818359375">
        <ele>48.799999237060546875</ele>
        <time>2026-09-17T09:13:12.000Z</time>
        <extensions>
          <ns3:TrackPointExtension>
            <ns3:hr>140</ns3:hr>
            <ns3:cad>83</ns3:cad>
          </ns3:TrackPointExtension>
        </extensions>
      </trkpt>
      <trkpt lat="37.50685818493366241455078125" lon="127.05187297426164150238037109375">
        <ele>48.59999847412109375</ele>
        <time>2026-09-17T09:13:13.000Z</time>
        <extensions>
          <ns3:TrackPointExtension>
            <ns3:hr>140</ns3:hr>
            <ns3:cad>84</ns3:cad>
          </ns3:TrackPointExtension>
        </extensions>
      </trkpt>
      <trkpt lat="37.5068660639226436614990234375" lon="127.05190993845462799072265625">
        <ele>48.59999847412109375</ele>
        <time>2026-09-17T09:13:14.000Z</time>
        <extensions>
          <ns3:TrackPointExtension>
            <ns3:hr>140</ns3:hr>
            <ns3:cad>84</ns3:cad>
          </ns3:TrackPointExtension>
        </extensions>
      </trkpt>
      <trkpt lat="37.50687486492097377777099609375" lon="127.051935754716396331787109375">
        <ele>48.59999847412109375</ele>
        <time>2026-09-17T09:13:15.000Z</time>
        <extensions>
          <ns3:TrackPointExtension>
            <ns3:hr>140</ns3:hr>
            <ns3:cad>84</ns3:cad>
          </ns3:TrackPointExtension>
        </extensions>
      </trkpt>
      <trkpt lat="37.506877295672893524169921875" lon="127.051974646747112274169921875">
        <ele>48.59999847412109375</ele>
        <time>2026-09-17T09:13:16.000Z</time>
        <extensions>
          <ns3:TrackPointExtension>
            <ns3:hr>141</ns3:hr>
            <ns3:cad>84</ns3:cad>
          </ns3:TrackPointExtension>
        </extensions>
      </trkpt>
      <trkpt lat="37.50688710249960422515869140625" lon="127.05199308693408966064453125">
        <ele>48.799999237060546875</ele>
        <time>2026-09-17T09:13:17.000Z</time>
        <extensions>
          <ns3:TrackPointExtension>
            <ns3:hr>140</ns3:hr>
            <ns3:cad>84</ns3:cad>
          </ns3:TrackPointExtension>
        </extensions>
      </trkpt>
      <trkpt lat="37.50690168701112270355224609375" lon="127.05202887766063213348388671875">
        <ele>48.799999237060546875</ele>
        <time>2026-09-17T09:13:18.000Z</time>
        <extensions>
          <ns3:TrackPointExtension>
            <ns3:hr>140</ns3:hr>
            <ns3:cad>84</ns3:cad>
          </ns3:TrackPointExtension>
        </extensions>
      </trkpt>
      <trkpt lat="37.506909482181072235107421875" lon="127.0520579628646373748779296875">
        <ele>48.799999237060546875</ele>
        <time>2026-09-17T09:13:19.000Z</time>
        <extensions>
          <ns3:TrackPointExtension>
            <ns3:hr>140</ns3:hr>
            <ns3:cad>84</ns3:cad>
          </ns3:TrackPointExtension>
        </extensions>
      </trkpt>
      <trkpt lat="37.50692515634000301361083984375" lon="127.0520871318876743316650390625">
        <ele>48.799999237060546875</ele>
        <time>2026-09-17T09:13:20.000Z</time>
        <extensions>
          <ns3:TrackPointExtension>
            <ns3:hr>140</ns3:hr>
            <ns3:cad>84</ns3:cad>
          </ns3:TrackPointExtension>
        </extensions>
      </trkpt>
      <trkpt lat="37.50694644637405872344970703125" lon="127.05211956985294818878173828125">
        <ele>48.799999237060546875</ele>
        <time>2026-09-17T09:13:21.000Z</time>
        <extensions>
          <ns3:TrackPointExtension>
            <ns3:hr>141</ns3:hr>
            <ns3:cad>84</ns3:cad>
          </ns3:TrackPointExtension>
        </extensions>
      </trkpt>
      <trkpt lat="37.50696019269526004791259765625" lon="127.05214169807732105255126953125">
        <ele>49</ele>
        <time>2026-09-17T09:13:22.000Z</time>
        <extensions>
          <ns3:TrackPointExtension>
            <ns3:hr>140</ns3:hr>
            <ns3:cad>83</ns3:cad>
          </ns3:TrackPointExtension>
        </extensions>
      </trkpt>
      <trkpt lat="37.506979219615459442138671875" lon="127.052175812423229217529296875">
        <ele>49</ele>
        <time>2026-09-17T09:13:23.000Z</time>
        <extensions>
          <ns3:TrackPointExtension>
            <ns3:hr>140</ns3:hr>
            <ns3:cad>83</ns3:cad>
          </ns3:TrackPointExtension>
        </extensions>
      </trkpt>
      <trkpt lat="37.50699724070727825164794921875" lon="127.05221562646329402923583984375">
        <ele>49</ele>
        <time>2026-09-17T09:13:24.000Z</time>
        <extensions>
          <ns3:TrackPointExtension>
            <ns3:hr>140</ns3:hr>
            <ns3:cad>83</ns3:cad>
          </ns3:TrackPointExtension>
        </extensions>
      </trkpt>
      <trkpt lat="37.5070098973810672760009765625" lon="127.05224546603858470916748046875">
        <ele>49</ele>
        <time>2026-09-17T09:13:25.000Z</time>
        <extensions>
          <ns3:TrackPointExtension>
            <ns3:hr>140</ns3:hr>
            <ns3:cad>83</ns3:cad>
          </ns3:TrackPointExtension>
        </extensions>
      </trkpt>
      <trkpt lat="37.50702020712196826934814453125" lon="127.05228402279317378997802734375">
        <ele>49</ele>
        <time>2026-09-17T09:13:26.000Z</time>
        <extensions>
          <ns3:TrackPointExtension>
            <ns3:hr>140</ns3:hr>
            <ns3:cad>83</ns3:cad>
          </ns3:TrackPointExtension>
        </extensions>
      </trkpt>
      <trkpt lat="37.50703252851963043212890625" lon="127.0523141138255596160888671875">
        <ele>49</ele>
        <time>2026-09-17T09:13:27.000Z</time>
        <extensions>
          <ns3:TrackPointExtension>
            <ns3:hr>140</ns3:hr>
            <ns3:cad>83</ns3:cad>
          </ns3:TrackPointExtension>
        </extensions>
      </trkpt>
      <trkpt lat="37.50704593956470489501953125" lon="127.05234403721988201141357421875">
        <ele>49</ele>
        <time>2026-09-17T09:13:28.000Z</time>
        <extensions>
          <ns3:TrackPointExtension>
            <ns3:hr>139</ns3:hr>
            <ns3:cad>83</ns3:cad>
          </ns3:TrackPointExtension>
        </extensions>
      </trkpt>
      <trkpt lat="37.50705624930560588836669921875" lon="127.05238737165927886962890625">
        <ele>48.799999237060546875</ele>
        <time>2026-09-17T09:13:29.000Z</time>
        <extensions>
          <ns3:TrackPointExtension>
            <ns3:hr>140</ns3:hr>
            <ns3:cad>83</ns3:cad>
          </ns3:TrackPointExtension>
        </extensions>
      </trkpt>
      <trkpt lat="37.507070414721965789794921875" lon="127.0524120144546031951904296875">
        <ele>48.799999237060546875</ele>
        <time>2026-09-17T09:13:30.000Z</time>
        <extensions>
          <ns3:TrackPointExtension>
            <ns3:hr>140</ns3:hr>
            <ns3:cad>82</ns3:cad>
          </ns3:TrackPointExtension>
        </extensions>
      </trkpt>
      <trkpt lat="37.5070849992334842681884765625" lon="127.05245065502822399139404296875">
        <ele>48.799999237060546875</ele>
        <time>2026-09-17T09:13:31.000Z</time>
        <extensions>
          <ns3:TrackPointExtension>
            <ns3:hr>140</ns3:hr>
            <ns3:cad>82</ns3:cad>
          </ns3:TrackPointExtension>
        </extensions>
      </trkpt>
      <trkpt lat="37.507097907364368438720703125" lon="127.052483260631561279296875">
        <ele>48.799999237060546875</ele>
        <time>2026-09-17T09:13:32.000Z</time>
        <extensions>
          <ns3:TrackPointExtension>
            <ns3:hr>139</ns3:hr>
            <ns3:cad>82</ns3:cad>
          </ns3:TrackPointExtension>
        </extensions>
      </trkpt>
      <trkpt lat="37.5071111507713794708251953125" lon="127.0525136031210422515869140625">
        <ele>49</ele>
        <time>2026-09-17T09:13:33.000Z</time>
        <extensions>
          <ns3:TrackPointExtension>
            <ns3:hr>140</ns3:hr>
            <ns3:cad>82</ns3:cad>
          </ns3:TrackPointExtension>
        </extensions>
      </trkpt>
      <trkpt lat="37.50712246634066104888916015625" lon="127.05254972912371158599853515625">
        <ele>49</ele>
        <time>2026-09-17T09:13:34.000Z</time>
        <extensions>
          <ns3:TrackPointExtension>
            <ns3:hr>140</ns3:hr>
            <ns3:cad>82</ns3:cad>
          </ns3:TrackPointExtension>
        </extensions>
      </trkpt>
      <trkpt lat="37.5071373023092746734619140625" lon="127.05257185734808444976806640625">
        <ele>49</ele>
        <time>2026-09-17T09:13:35.000Z</time>
        <extensions>
          <ns3:TrackPointExtension>
            <ns3:hr>140</ns3:hr>
            <ns3:cad>82</ns3:cad>
          </ns3:TrackPointExtension>
        </extensions>
      </trkpt>
      <trkpt lat="37.50715264119207859039306640625" lon="127.05260035581886768341064453125">
        <ele>49</ele>
        <time>2026-09-17T09:13:36.000Z</time>
        <extensions>
          <ns3:TrackPointExtension>
            <ns3:hr>139</ns3:hr>
            <ns3:cad>83</ns3:cad>
          </ns3:TrackPointExtension>
        </extensions>
      </trkpt>
      <trkpt lat="37.5071632862091064453125" lon="127.05263170413672924041748046875">
        <ele>49</ele>
        <time>2026-09-17T09:13:37.000Z</time>
        <extensions>
          <ns3:TrackPointExtension>
            <ns3:hr>139</ns3:hr>
            <ns3:cad>83</ns3:cad>
          </ns3:TrackPointExtension>
        </extensions>
      </trkpt>
      <trkpt lat="37.50716990791261196136474609375" lon="127.052657604217529296875">
        <ele>49</ele>
        <time>2026-09-17T09:13:38.000Z</time>
        <extensions>
          <ns3:TrackPointExtension>
            <ns3:hr>139</ns3:hr>
            <ns3:cad>83</ns3:cad>
          </ns3:TrackPointExtension>
        </extensions>
      </trkpt>
      <trkpt lat="37.507179044187068939208984375" lon="127.052694819867610931396484375">
        <ele>49</ele>
        <time>2026-09-17T09:13:39.000Z</time>
        <extensions>
          <ns3:TrackPointExtension>
            <ns3:hr>140</ns3:hr>
            <ns3:cad>84</ns3:cad>
          </ns3:TrackPointExtension>
        </extensions>
      </trkpt>
      <trkpt lat="37.5071929581463336944580078125" lon="127.05272675491869449615478515625">
        <ele>49</ele>
        <time>2026-09-17T09:13:40.000Z</time>
        <extensions>
          <ns3:TrackPointExtension>
            <ns3:hr>140</ns3:hr>
            <ns3:cad>84</ns3:cad>
          </ns3:TrackPointExtension>
        </extensions>
      </trkpt>
      <trkpt lat="37.507203519344329833984375" lon="127.05275525338947772979736328125">
        <ele>49</ele>
        <time>2026-09-17T09:13:41.000Z</time>
        <extensions>
          <ns3:TrackPointExtension>
            <ns3:hr>140</ns3:hr>
            <ns3:cad>84</ns3:cad>
          </ns3:TrackPointExtension>
        </extensions>
      </trkpt>
      <trkpt lat="37.50721299089491367340087890625" lon="127.05279414542019367218017578125">
        <ele>49</ele>
        <time>2026-09-17T09:13:42.000Z</time>
        <extensions>
          <ns3:TrackPointExtension>
            <ns3:hr>139</ns3:hr>
            <ns3:cad>84</ns3:cad>
          </ns3:TrackPointExtension>
        </extensions>
      </trkpt>
      <trkpt lat="37.5072254799306392669677734375" lon="127.0528197102248668670654296875">
        <ele>49</ele>
        <time>2026-09-17T09:13:43.000Z</time>
        <extensions>
          <ns3:TrackPointExtension>
            <ns3:hr>140</ns3:hr>
            <ns3:cad>84</ns3:cad>
          </ns3:TrackPointExtension>
        </extensions>
      </trkpt>
      <trkpt lat="37.50723092816770076751708984375" lon="127.05285675823688507080078125">
        <ele>49</ele>
        <time>2026-09-17T09:13:44.000Z</time>
        <extensions>
          <ns3:TrackPointExtension>
            <ns3:hr>140</ns3:hr>
            <ns3:cad>84</ns3:cad>
          </ns3:TrackPointExtension>
        </extensions>
      </trkpt>
      <trkpt lat="37.5072432495653629302978515625" lon="127.052880562841892242431640625">
        <ele>49</ele>
        <time>2026-09-17T09:13:45.000Z</time>
        <extensions>
          <ns3:TrackPointExtension>
            <ns3:hr>140</ns3:hr>
            <ns3:cad>84</ns3:cad>
          </ns3:TrackPointExtension>
        </extensions>
      </trkpt>
      <trkpt lat="37.50725590623915195465087890625" lon="127.05291182734072208404541015625">
        <ele>49</ele>
        <time>2026-09-17T09:13:46.000Z</time>
        <extensions>
          <ns3:TrackPointExtension>
            <ns3:hr>140</ns3:hr>
            <ns3:cad>84</ns3:cad>
          </ns3:TrackPointExtension>
        </extensions>
      </trkpt>
      <trkpt lat="37.507266215980052947998046875" lon="127.052949965000152587890625">
        <ele>49.200000762939453125</ele>
        <time>2026-09-17T09:13:47.000Z</time>
        <extensions>
          <ns3:TrackPointExtension>
            <ns3:hr>140</ns3:hr>
            <ns3:cad>84</ns3:cad>
          </ns3:TrackPointExtension>
        </extensions>
      </trkpt>
      <trkpt lat="37.507278956472873687744140625" lon="127.0529742725193500518798828125">
        <ele>49.200000762939453125</ele>
        <time>2026-09-17T09:13:48.000Z</time>
        <extensions>
          <ns3:TrackPointExtension>
            <ns3:hr>139</ns3:hr>
            <ns3:cad>84</ns3:cad>
          </ns3:TrackPointExtension>
        </extensions>
      </trkpt>
      <trkpt lat="37.507291696965694427490234375" lon="127.0530116558074951171875">
        <ele>49.200000762939453125</ele>
        <time>2026-09-17T09:13:49.000Z</time>
        <extensions>
          <ns3:TrackPointExtension>
            <ns3:hr>140</ns3:hr>
            <ns3:cad>84</ns3:cad>
          </ns3:TrackPointExtension>
        </extensions>
      </trkpt>
      <trkpt lat="37.507305108010768890380859375" lon="127.05304208211600780487060546875">
        <ele>49.200000762939453125</ele>
        <time>2026-09-17T09:13:50.000Z</time>
        <extensions>
          <ns3:TrackPointExtension>
            <ns3:hr>140</ns3:hr>
            <ns3:cad>84</ns3:cad>
          </ns3:TrackPointExtension>
        </extensions>
      </trkpt>
      <trkpt lat="37.50731826759874820709228515625" lon="127.05307343043386936187744140625">
        <ele>49.200000762939453125</ele>
        <time>2026-09-17T09:13:51.000Z</time>
        <extensions>
          <ns3:TrackPointExtension>
            <ns3:hr>140</ns3:hr>
            <ns3:cad>84</ns3:cad>
          </ns3:TrackPointExtension>
        </extensions>
      </trkpt>
      <trkpt lat="37.50733695924282073974609375" lon="127.05310360528528690338134765625">
        <ele>49</ele>
        <time>2026-09-17T09:13:52.000Z</time>
        <extensions>
          <ns3:TrackPointExtension>
            <ns3:hr>140</ns3:hr>
            <ns3:cad>84</ns3:cad>
          </ns3:TrackPointExtension>
        </extensions>
      </trkpt>
      <trkpt lat="37.50735011883080005645751953125" lon="127.05312606878578662872314453125">
        <ele>49</ele>
        <time>2026-09-17T09:13:53.000Z</time>
        <extensions>
          <ns3:TrackPointExtension>
            <ns3:hr>141</ns3:hr>
            <ns3:cad>84</ns3:cad>
          </ns3:TrackPointExtension>
        </extensions>
      </trkpt>
      <trkpt lat="37.5073631107807159423828125" lon="127.05316630192101001739501953125">
        <ele>49.200000762939453125</ele>
        <time>2026-09-17T09:13:54.000Z</time>
        <extensions>
          <ns3:TrackPointExtension>
            <ns3:hr>141</ns3:hr>
            <ns3:cad>83</ns3:cad>
          </ns3:TrackPointExtension>
        </extensions>
      </trkpt>
      <trkpt lat="37.507369481027126312255859375" lon="127.053202092647552490234375">
        <ele>49.200000762939453125</ele>
        <time>2026-09-17T09:13:55.000Z</time>
        <extensions>
          <ns3:TrackPointExtension>
            <ns3:hr>141</ns3:hr>
            <ns3:cad>83</ns3:cad>
          </ns3:TrackPointExtension>
        </extensions>
      </trkpt>
      <trkpt lat="37.5073810480535030364990234375" lon="127.05323335714638233184814453125">
        <ele>49.200000762939453125</ele>
        <time>2026-09-17T09:13:56.000Z</time>
        <extensions>
          <ns3:TrackPointExtension>
            <ns3:hr>141</ns3:hr>
            <ns3:cad>83</ns3:cad>
          </ns3:TrackPointExtension>
        </extensions>
      </trkpt>
      <trkpt lat="37.5073944590985774993896484375" lon="127.05327208153903484344482421875">
        <ele>49.200000762939453125</ele>
        <time>2026-09-17T09:13:57.000Z</time>
        <extensions>
          <ns3:TrackPointExtension>
            <ns3:hr>140</ns3:hr>
            <ns3:cad>83</ns3:cad>
          </ns3:TrackPointExtension>
        </extensions>
      </trkpt>
      <trkpt lat="37.5074065290391445159912109375" lon="127.053291611373424530029296875">
        <ele>49</ele>
        <time>2026-09-17T09:13:58.000Z</time>
        <extensions>
          <ns3:TrackPointExtension>
            <ns3:hr>141</ns3:hr>
            <ns3:cad>84</ns3:cad>
          </ns3:TrackPointExtension>
        </extensions>
      </trkpt>
      <trkpt lat="37.50741985626518726348876953125" lon="127.053320109844207763671875">
        <ele>49</ele>
        <time>2026-09-17T09:13:59.000Z</time>
        <extensions>
          <ns3:TrackPointExtension>
            <ns3:hr>141</ns3:hr>
            <ns3:cad>84</ns3:cad>
          </ns3:TrackPointExtension>
        </extensions>
      </trkpt>
      <trkpt lat="37.507434189319610595703125" lon="127.05335020087659358978271484375">
        <ele>49.200000762939453125</ele>
        <time>2026-09-17T09:14:00.000Z</time>
        <extensions>
          <ns3:TrackPointExtension>
            <ns3:hr>140</ns3:hr>
            <ns3:cad>84</ns3:cad>
          </ns3:TrackPointExtension>
        </extensions>
      </trkpt>
      <trkpt lat="37.50745338387787342071533203125" lon="127.05336906015872955322265625">
        <ele>49.200000762939453125</ele>
        <time>2026-09-17T09:14:01.000Z</time>
        <extensions>
          <ns3:TrackPointExtension>
            <ns3:hr>141</ns3:hr>
            <ns3:cad>84</ns3:cad>
          </ns3:TrackPointExtension>
        </extensions>
      </trkpt>
      <trkpt lat="37.50747584737837314605712890625" lon="127.05340216867625713348388671875">
        <ele>49.40000152587890625</ele>
        <time>2026-09-17T09:14:02.000Z</time>
        <extensions>
          <ns3:TrackPointExtension>
            <ns3:hr>141</ns3:hr>
            <ns3:cad>83</ns3:cad>
          </ns3:TrackPointExtension>
        </extensions>
      </trkpt>
      <trkpt lat="37.50749386847019195556640625" lon="127.05341507680714130401611328125">
        <ele>49.40000152587890625</ele>
        <time>2026-09-17T09:14:03.000Z</time>
        <extensions>
          <ns3:TrackPointExtension>
            <ns3:hr>141</ns3:hr>
            <ns3:cad>83</ns3:cad>
          </ns3:TrackPointExtension>
        </extensions>
      </trkpt>
      <trkpt lat="37.50751591287553310394287109375" lon="127.05343544483184814453125">
        <ele>49.40000152587890625</ele>
        <time>2026-09-17T09:14:04.000Z</time>
        <extensions>
          <ns3:TrackPointExtension>
            <ns3:hr>141</ns3:hr>
            <ns3:cad>83</ns3:cad>
          </ns3:TrackPointExtension>
        </extensions>
      </trkpt>
      <trkpt lat="37.5075374543666839599609375" lon="127.05345648340880870819091796875">
        <ele>49.40000152587890625</ele>
        <time>2026-09-17T09:14:05.000Z</time>
        <extensions>
          <ns3:TrackPointExtension>
            <ns3:hr>141</ns3:hr>
            <ns3:cad>83</ns3:cad>
          </ns3:TrackPointExtension>
        </extensions>
      </trkpt>
      <trkpt lat="37.507557906210422515869140625" lon="127.05346763134002685546875">
        <ele>49.40000152587890625</ele>
        <time>2026-09-17T09:14:06.000Z</time>
        <extensions>
          <ns3:TrackPointExtension>
            <ns3:hr>140</ns3:hr>
            <ns3:cad>83</ns3:cad>
          </ns3:TrackPointExtension>
        </extensions>
      </trkpt>
      <trkpt lat="37.50759436748921871185302734375" lon="127.05348615534603595733642578125">
        <ele>49.200000762939453125</ele>
        <time>2026-09-17T09:14:07.000Z</time>
        <extensions>
          <ns3:TrackPointExtension>
            <ns3:hr>141</ns3:hr>
            <ns3:cad>83</ns3:cad>
          </ns3:TrackPointExtension>
        </extensions>
      </trkpt>
      <trkpt lat="37.50761515460908412933349609375" lon="127.0534936152398586273193359375">
        <ele>49.200000762939453125</ele>
        <time>2026-09-17T09:14:08.000Z</time>
        <extensions>
          <ns3:TrackPointExtension>
            <ns3:hr>141</ns3:hr>
            <ns3:cad>83</ns3:cad>
          </ns3:TrackPointExtension>
        </extensions>
      </trkpt>
      <trkpt lat="37.5076422281563282012939453125" lon="127.0535103790462017059326171875">
        <ele>49.40000152587890625</ele>
        <time>2026-09-17T09:14:09.000Z</time>
        <extensions>
          <ns3:TrackPointExtension>
            <ns3:hr>140</ns3:hr>
            <ns3:cad>83</ns3:cad>
          </ns3:TrackPointExtension>
        </extensions>
      </trkpt>
      <trkpt lat="37.507665194571018218994140625" lon="127.05353694967925548553466796875">
        <ele>49.200000762939453125</ele>
        <time>2026-09-17T09:14:10.000Z</time>
        <extensions>
          <ns3:TrackPointExtension>
            <ns3:hr>140</ns3:hr>
            <ns3:cad>83</ns3:cad>
          </ns3:TrackPointExtension>
        </extensions>
      </trkpt>
      <trkpt lat="37.5076740793883800506591796875" lon="127.0535656996071338653564453125">
        <ele>49.200000762939453125</ele>
        <time>2026-09-17T09:14:11.000Z</time>
        <extensions>
          <ns3:TrackPointExtension>
            <ns3:hr>140</ns3:hr>
            <ns3:cad>83</ns3:cad>
          </ns3:TrackPointExtension>
        </extensions>
      </trkpt>
      <trkpt lat="37.50767651014029979705810546875" lon="127.05360417254269123077392578125">
        <ele>49.200000762939453125</ele>
        <time>2026-09-17T09:14:12.000Z</time>
        <extensions>
          <ns3:TrackPointExtension>
            <ns3:hr>140</ns3:hr>
            <ns3:cad>83</ns3:cad>
          </ns3:TrackPointExtension>
        </extensions>
      </trkpt>
      <trkpt lat="37.507663853466510772705078125" lon="127.05362923443317413330078125">
        <ele>49.40000152587890625</ele>
        <time>2026-09-17T09:14:13.000Z</time>
        <extensions>
          <ns3:TrackPointExtension>
            <ns3:hr>140</ns3:hr>
            <ns3:cad>83</ns3:cad>
          </ns3:TrackPointExtension>
        </extensions>
      </trkpt>
      <trkpt lat="37.5076492689549922943115234375" lon="127.0536558888852596282958984375">
        <ele>49.40000152587890625</ele>
        <time>2026-09-17T09:14:14.000Z</time>
        <extensions>
          <ns3:TrackPointExtension>
            <ns3:hr>139</ns3:hr>
            <ns3:cad>81</ns3:cad>
          </ns3:TrackPointExtension>
        </extensions>
      </trkpt>
      <trkpt lat="37.50762839801609516143798828125" lon="127.05367441289126873016357421875">
        <ele>49.40000152587890625</ele>
        <time>2026-09-17T09:14:15.000Z</time>
        <extensions>
          <ns3:TrackPointExtension>
            <ns3:hr>139</ns3:hr>
            <ns3:cad>81</ns3:cad>
          </ns3:TrackPointExtension>
        </extensions>
      </trkpt>
      <trkpt lat="37.5076107122004032135009765625" lon="127.0536947809159755706787109375">
        <ele>49.40000152587890625</ele>
        <time>2026-09-17T09:14:16.000Z</time>
        <extensions>
          <ns3:TrackPointExtension>
            <ns3:hr>139</ns3:hr>
            <ns3:cad>81</ns3:cad>
          </ns3:TrackPointExtension>
        </extensions>
      </trkpt>
      <trkpt lat="37.5075936131179332733154296875" lon="127.053723447024822235107421875">
        <ele>49.40000152587890625</ele>
        <time>2026-09-17T09:14:17.000Z</time>
        <extensions>
          <ns3:TrackPointExtension>
            <ns3:hr>139</ns3:hr>
            <ns3:cad>81</ns3:cad>
          </ns3:TrackPointExtension>
        </extensions>
      </trkpt>
      <trkpt lat="37.507590092718601226806640625" lon="127.053750269114971160888671875">
        <ele>49.40000152587890625</ele>
        <time>2026-09-17T09:14:18.000Z</time>
        <extensions>
          <ns3:TrackPointExtension>
            <ns3:hr>139</ns3:hr>
            <ns3:cad>82</ns3:cad>
          </ns3:TrackPointExtension>
        </extensions>
      </trkpt>
      <trkpt lat="37.50759470276534557342529296875" lon="127.05376979894936084747314453125">
        <ele>49.40000152587890625</ele>
        <time>2026-09-17T09:14:19.000Z</time>
        <extensions>
          <ns3:TrackPointExtension>
            <ns3:hr>139</ns3:hr>
            <ns3:cad>82</ns3:cad>
          </ns3:TrackPointExtension>
        </extensions>
      </trkpt>
      <trkpt lat="37.50760023482143878936767578125" lon="127.0538057573139667510986328125">
        <ele>49.40000152587890625</ele>
        <time>2026-09-17T09:14:20.000Z</time>
        <extensions>
          <ns3:TrackPointExtension>
            <ns3:hr>139</ns3:hr>
            <ns3:cad>83</ns3:cad>
          </ns3:TrackPointExtension>
        </extensions>
      </trkpt>
      <trkpt lat="37.50760476104915142059326171875" lon="127.05383618362247943878173828125">
        <ele>49.59999847412109375</ele>
        <time>2026-09-17T09:14:21.000Z</time>
        <extensions>
          <ns3:TrackPointExtension>
            <ns3:hr>138</ns3:hr>
            <ns3:cad>83</ns3:cad>
          </ns3:TrackPointExtension>
        </extensions>
      </trkpt>
      <trkpt lat="37.5076093710958957672119140625" lon="127.05386233516037464141845703125">
        <ele>49.59999847412109375</ele>
        <time>2026-09-17T09:14:22.000Z</time>
        <extensions>
          <ns3:TrackPointExtension>
            <ns3:hr>138</ns3:hr>
            <ns3:cad>83</ns3:cad>
          </ns3:TrackPointExtension>
        </extensions>
      </trkpt>
      <trkpt lat="37.50761833973228931427001953125" lon="127.05389535985887050628662109375">
        <ele>49.59999847412109375</ele>
        <time>2026-09-17T09:14:23.000Z</time>
        <extensions>
          <ns3:TrackPointExtension>
            <ns3:hr>138</ns3:hr>
            <ns3:cad>82</ns3:cad>
          </ns3:TrackPointExtension>
        </extensions>
      </trkpt>
      <trkpt lat="37.50764834694564342498779296875" lon="127.05392385832965373992919921875">
        <ele>49.59999847412109375</ele>
        <time>2026-09-17T09:14:24.000Z</time>
        <extensions>
          <ns3:TrackPointExtension>
            <ns3:hr>137</ns3:hr>
            <ns3:cad>82</ns3:cad>
          </ns3:TrackPointExtension>
        </extensions>
      </trkpt>
      <trkpt lat="37.50767567194998264312744140625" lon="127.05394598655402660369873046875">
        <ele>49.59999847412109375</ele>
        <time>2026-09-17T09:14:25.000Z</time>
        <extensions>
          <ns3:TrackPointExtension>
            <ns3:hr>137</ns3:hr>
            <ns3:cad>82</ns3:cad>
          </ns3:TrackPointExtension>
        </extensions>
      </trkpt>
      <trkpt lat="37.507686652243137359619140625" lon="127.05398119054734706878662109375">
        <ele>49.40000152587890625</ele>
        <time>2026-09-17T09:14:26.000Z</time>
        <extensions>
          <ns3:TrackPointExtension>
            <ns3:hr>137</ns3:hr>
            <ns3:cad>82</ns3:cad>
          </ns3:TrackPointExtension>
        </extensions>
      </trkpt>
      <trkpt lat="37.507694698870182037353515625" lon="127.05400834791362285614013671875">
        <ele>49.40000152587890625</ele>
        <time>2026-09-17T09:14:27.000Z</time>
        <extensions>
          <ns3:TrackPointExtension>
            <ns3:hr>137</ns3:hr>
            <ns3:cad>82</ns3:cad>
          </ns3:TrackPointExtension>
        </extensions>
      </trkpt>
      <trkpt lat="37.50771045684814453125" lon="127.05403835512697696685791015625">
        <ele>49.40000152587890625</ele>
        <time>2026-09-17T09:14:28.000Z</time>
        <extensions>
          <ns3:TrackPointExtension>
            <ns3:hr>137</ns3:hr>
            <ns3:cad>82</ns3:cad>
          </ns3:TrackPointExtension>
        </extensions>
      </trkpt>
      <trkpt lat="37.50771825201809406280517578125" lon="127.0540669374167919158935546875">
        <ele>49.40000152587890625</ele>
        <time>2026-09-17T09:14:29.000Z</time>
        <extensions>
          <ns3:TrackPointExtension>
            <ns3:hr>137</ns3:hr>
            <ns3:cad>82</ns3:cad>
          </ns3:TrackPointExtension>
        </extensions>
      </trkpt>
      <trkpt lat="37.50772562809288501739501953125" lon="127.05409317277371883392333984375">
        <ele>49.59999847412109375</ele>
        <time>2026-09-17T09:14:30.000Z</time>
        <extensions>
          <ns3:TrackPointExtension>
            <ns3:hr>137</ns3:hr>
            <ns3:cad>83</ns3:cad>
          </ns3:TrackPointExtension>
        </extensions>
      </trkpt>
      <trkpt lat="37.5077361054718494415283203125" lon="127.05412720330059528350830078125">
        <ele>49.59999847412109375</ele>
        <time>2026-09-17T09:14:31.000Z</time>
        <extensions>
          <ns3:TrackPointExtension>
            <ns3:hr>136</ns3:hr>
            <ns3:cad>83</ns3:cad>
          </ns3:TrackPointExtension>
        </extensions>
      </trkpt>
      <trkpt lat="37.5077498517930507659912109375" lon="127.054156959056854248046875">
        <ele>49.59999847412109375</ele>
        <time>2026-09-17T09:14:32.000Z</time>
        <extensions>
          <ns3:TrackPointExtension>
            <ns3:hr>136</ns3:hr>
            <ns3:cad>83</ns3:cad>
          </ns3:TrackPointExtension>
        </extensions>
      </trkpt>
      <trkpt lat="37.50775764696300029754638671875" lon="127.05419459380209445953369140625">
        <ele>49.59999847412109375</ele>
        <time>2026-09-17T09:14:33.000Z</time>
        <extensions>
          <ns3:TrackPointExtension>
            <ns3:hr>136</ns3:hr>
            <ns3:cad>83</ns3:cad>
          </ns3:TrackPointExtension>
        </extensions>
      </trkpt>
      <trkpt lat="37.507764436304569244384765625" lon="127.0542322285473346710205078125">
        <ele>49.59999847412109375</ele>
        <time>2026-09-17T09:14:34.000Z</time>
        <extensions>
          <ns3:TrackPointExtension>
            <ns3:hr>136</ns3:hr>
            <ns3:cad>83</ns3:cad>
          </ns3:TrackPointExtension>
        </extensions>
      </trkpt>
      <trkpt lat="37.507773824036121368408203125" lon="127.0542624033987522125244140625">
        <ele>49.59999847412109375</ele>
        <time>2026-09-17T09:14:35.000Z</time>
        <extensions>
          <ns3:TrackPointExtension>
            <ns3:hr>137</ns3:hr>
            <ns3:cad>83</ns3:cad>
          </ns3:TrackPointExtension>
        </extensions>
      </trkpt>
      <trkpt lat="37.50778396613895893096923828125" lon="127.0543019659817218780517578125">
        <ele>49.40000152587890625</ele>
        <time>2026-09-17T09:14:36.000Z</time>
        <extensions>
          <ns3:TrackPointExtension>
            <ns3:hr>136</ns3:hr>
            <ns3:cad>83</ns3:cad>
          </ns3:TrackPointExtension>
        </extensions>
      </trkpt>
      <trkpt lat="37.50779318623244762420654296875" lon="127.054332979023456573486328125">
        <ele>49.40000152587890625</ele>
        <time>2026-09-17T09:14:37.000Z</time>
        <extensions>
          <ns3:TrackPointExtension>
            <ns3:hr>136</ns3:hr>
            <ns3:cad>83</ns3:cad>
          </ns3:TrackPointExtension>
        </extensions>
      </trkpt>
      <trkpt lat="37.50780760310590267181396484375" lon="127.0543660037219524383544921875">
        <ele>49.40000152587890625</ele>
        <time>2026-09-17T09:14:38.000Z</time>
        <extensions>
          <ns3:TrackPointExtension>
            <ns3:hr>137</ns3:hr>
            <ns3:cad>83</ns3:cad>
          </ns3:TrackPointExtension>
        </extensions>
      </trkpt>
      <trkpt lat="37.50781967304646968841552734375" lon="127.05439760349690914154052734375">
        <ele>49.59999847412109375</ele>
        <time>2026-09-17T09:14:39.000Z</time>
        <extensions>
          <ns3:TrackPointExtension>
            <ns3:hr>137</ns3:hr>
            <ns3:cad>84</ns3:cad>
          </ns3:TrackPointExtension>
        </extensions>
      </trkpt>
      <trkpt lat="37.50782922841608524322509765625" lon="127.0544253475964069366455078125">
        <ele>49.59999847412109375</ele>
        <time>2026-09-17T09:14:40.000Z</time>
        <extensions>
          <ns3:TrackPointExtension>
            <ns3:hr>137</ns3:hr>
            <ns3:cad>84</ns3:cad>
          </ns3:TrackPointExtension>
        </extensions>
      </trkpt>
      <trkpt lat="37.50783408991992473602294921875" lon="127.05446231178939342498779296875">
        <ele>49.59999847412109375</ele>
        <time>2026-09-17T09:14:41.000Z</time>
        <extensions>
          <ns3:TrackPointExtension>
            <ns3:hr>137</ns3:hr>
            <ns3:cad>84</ns3:cad>
          </ns3:TrackPointExtension>
        </extensions>
      </trkpt>
      <trkpt lat="37.5078405439853668212890625" lon="127.0544989407062530517578125">
        <ele>49.59999847412109375</ele>
        <time>2026-09-17T09:14:42.000Z</time>
        <extensions>
          <ns3:TrackPointExtension>
            <ns3:hr>137</ns3:hr>
            <ns3:cad>83</ns3:cad>
          </ns3:TrackPointExtension>
        </extensions>
      </trkpt>
      <trkpt lat="37.5078497640788555145263671875" lon="127.0545276068150997161865234375">
        <ele>49.40000152587890625</ele>
        <time>2026-09-17T09:14:43.000Z</time>
        <extensions>
          <ns3:TrackPointExtension>
            <ns3:hr>137</ns3:hr>
            <ns3:cad>83</ns3:cad>
          </ns3:TrackPointExtension>
        </extensions>
      </trkpt>
      <trkpt lat="37.50786292366683483123779296875" lon="127.054572366178035736083984375">
        <ele>49.40000152587890625</ele>
        <time>2026-09-17T09:14:44.000Z</time>
        <extensions>
          <ns3:TrackPointExtension>
            <ns3:hr>137</ns3:hr>
            <ns3:cad>83</ns3:cad>
          </ns3:TrackPointExtension>
        </extensions>
      </trkpt>
      <trkpt lat="37.50787197612226009368896484375" lon="127.0546040497720241546630859375">
        <ele>49.59999847412109375</ele>
        <time>2026-09-17T09:14:45.000Z</time>
        <extensions>
          <ns3:TrackPointExtension>
            <ns3:hr>137</ns3:hr>
            <ns3:cad>82</ns3:cad>
          </ns3:TrackPointExtension>
        </extensions>
      </trkpt>
      <trkpt lat="37.507879771292209625244140625" lon="127.05464269034564495086669921875">
        <ele>49.59999847412109375</ele>
        <time>2026-09-17T09:14:46.000Z</time>
        <extensions>
          <ns3:TrackPointExtension>
            <ns3:hr>137</ns3:hr>
            <ns3:cad>82</ns3:cad>
          </ns3:TrackPointExtension>
        </extensions>
      </trkpt>
      <trkpt lat="37.50788639299571514129638671875" lon="127.05468644388020038604736328125">
        <ele>49.59999847412109375</ele>
        <time>2026-09-17T09:14:47.000Z</time>
        <extensions>
          <ns3:TrackPointExtension>
            <ns3:hr>137</ns3:hr>
            <ns3:cad>82</ns3:cad>
          </ns3:TrackPointExtension>
        </extensions>
      </trkpt>
      <trkpt lat="37.50789158977568149566650390625" lon="127.054713182151317596435546875">
        <ele>49.799999237060546875</ele>
        <time>2026-09-17T09:14:48.000Z</time>
        <extensions>
          <ns3:TrackPointExtension>
            <ns3:hr>137</ns3:hr>
            <ns3:cad>82</ns3:cad>
          </ns3:TrackPointExtension>
        </extensions>
      </trkpt>
      <trkpt lat="37.50789980404078960418701171875" lon="127.0547539182007312774658203125">
        <ele>49.59999847412109375</ele>
        <time>2026-09-17T09:14:49.000Z</time>
        <extensions>
          <ns3:TrackPointExtension>
            <ns3:hr>137</ns3:hr>
            <ns3:cad>82</ns3:cad>
          </ns3:TrackPointExtension>
        </extensions>
      </trkpt>
      <trkpt lat="37.507907934486865997314453125" lon="127.05478568561375141143798828125">
        <ele>49.59999847412109375</ele>
        <time>2026-09-17T09:14:50.000Z</time>
        <extensions>
          <ns3:TrackPointExtension>
            <ns3:hr>137</ns3:hr>
            <ns3:cad>82</ns3:cad>
          </ns3:TrackPointExtension>
        </extensions>
      </trkpt>
      <trkpt lat="37.50792411155998706817626953125" lon="127.0548146031796932220458984375">
        <ele>49.59999847412109375</ele>
        <time>2026-09-17T09:14:51.000Z</time>
        <extensions>
          <ns3:TrackPointExtension>
            <ns3:hr>136</ns3:hr>
            <ns3:cad>82</ns3:cad>
          </ns3:TrackPointExtension>
        </extensions>
      </trkpt>
      <trkpt lat="37.507938109338283538818359375" lon="127.0548477955162525177001953125">
        <ele>49.59999847412109375</ele>
        <time>2026-09-17T09:14:52.000Z</time>
        <extensions>
          <ns3:TrackPointExtension>
            <ns3:hr>137</ns3:hr>
            <ns3:cad>82</ns3:cad>
          </ns3:TrackPointExtension>
        </extensions>
      </trkpt>
      <trkpt lat="37.507954537868499755859375" lon="127.05486581660807132720947265625">
        <ele>49.799999237060546875</ele>
        <time>2026-09-17T09:14:53.000Z</time>
        <extensions>
          <ns3:TrackPointExtension>
            <ns3:hr>137</ns3:hr>
            <ns3:cad>83</ns3:cad>
          </ns3:TrackPointExtension>
        </extensions>
      </trkpt>
      <trkpt lat="37.50797289423644542694091796875" lon="127.0549011044204235076904296875">
        <ele>49.799999237060546875</ele>
        <time>2026-09-17T09:14:54.000Z</time>
        <extensions>
          <ns3:TrackPointExtension>
            <ns3:hr>137</ns3:hr>
            <ns3:cad>83</ns3:cad>
          </ns3:TrackPointExtension>
        </extensions>
      </trkpt>
      <trkpt lat="37.507989741861820220947265625" lon="127.0549279265105724334716796875">
        <ele>50</ele>
        <time>2026-09-17T09:14:55.000Z</time>
        <extensions>
          <ns3:TrackPointExtension>
            <ns3:hr>137</ns3:hr>
            <ns3:cad>83</ns3:cad>
          </ns3:TrackPointExtension>
        </extensions>
      </trkpt>
      <trkpt lat="37.5080096907913684844970703125" lon="127.0549547486007213592529296875">
        <ele>50</ele>
        <time>2026-09-17T09:14:56.000Z</time>
        <extensions>
          <ns3:TrackPointExtension>
            <ns3:hr>138</ns3:hr>
            <ns3:cad>83</ns3:cad>
          </ns3:TrackPointExtension>
        </extensions>
      </trkpt>
      <trkpt lat="37.50802972353994846343994140625" lon="127.05498240888118743896484375">
        <ele>49.799999237060546875</ele>
        <time>2026-09-17T09:14:57.000Z</time>
        <extensions>
          <ns3:TrackPointExtension>
            <ns3:hr>139</ns3:hr>
            <ns3:cad>83</ns3:cad>
          </ns3:TrackPointExtension>
        </extensions>
      </trkpt>
      <trkpt lat="37.508036680519580841064453125" lon="127.05501015298068523406982421875">
        <ele>49.799999237060546875</ele>
        <time>2026-09-17T09:14:58.000Z</time>
        <extensions>
          <ns3:TrackPointExtension>
            <ns3:hr>139</ns3:hr>
            <ns3:cad>83</ns3:cad>
          </ns3:TrackPointExtension>
        </extensions>
      </trkpt>
      <trkpt lat="37.5080472417175769805908203125" lon="127.05505038611590862274169921875">
        <ele>49.799999237060546875</ele>
        <time>2026-09-17T09:14:59.000Z</time>
        <extensions>
          <ns3:TrackPointExtension>
            <ns3:hr>140</ns3:hr>
            <ns3:cad>82</ns3:cad>
          </ns3:TrackPointExtension>
        </extensions>
      </trkpt>
      <trkpt lat="37.5080546177923679351806640625" lon="127.0550814829766750335693359375">
        <ele>49.799999237060546875</ele>
        <time>2026-09-17T09:15:00.000Z</time>
        <extensions>
          <ns3:TrackPointExtension>
            <ns3:hr>140</ns3:hr>
            <ns3:cad>82</ns3:cad>
          </ns3:TrackPointExtension>
        </extensions>
      </trkpt>
      <trkpt lat="37.50806987285614013671875" lon="127.0550970733165740966796875">
        <ele>49.799999237060546875</ele>
        <time>2026-09-17T09:15:01.000Z</time>
        <extensions>
          <ns3:TrackPointExtension>
            <ns3:hr>140</ns3:hr>
            <ns3:cad>82</ns3:cad>
          </ns3:TrackPointExtension>
        </extensions>
      </trkpt>
      <trkpt lat="37.50808035023510456085205078125" lon="127.0551321096718311309814453125">
        <ele>49.799999237060546875</ele>
        <time>2026-09-17T09:15:02.000Z</time>
        <extensions>
          <ns3:TrackPointExtension>
            <ns3:hr>140</ns3:hr>
            <ns3:cad>82</ns3:cad>
          </ns3:TrackPointExtension>
        </extensions>
      </trkpt>
      <trkpt lat="37.50809309072792530059814453125" lon="127.0551606081426143646240234375">
        <ele>49.59999847412109375</ele>
        <time>2026-09-17T09:15:03.000Z</time>
        <extensions>
          <ns3:TrackPointExtension>
            <ns3:hr>140</ns3:hr>
            <ns3:cad>82</ns3:cad>
          </ns3:TrackPointExtension>
        </extensions>
      </trkpt>
      <trkpt lat="37.50810767523944377899169921875" lon="127.0551948063075542449951171875">
        <ele>49.799999237060546875</ele>
        <time>2026-09-17T09:15:04.000Z</time>
        <extensions>
          <ns3:TrackPointExtension>
            <ns3:hr>139</ns3:hr>
            <ns3:cad>82</ns3:cad>
          </ns3:TrackPointExtension>
        </extensions>
      </trkpt>
      <trkpt lat="37.50811840407550334930419921875" lon="127.05523076467216014862060546875">
        <ele>49.799999237060546875</ele>
        <time>2026-09-17T09:15:05.000Z</time>
        <extensions>
          <ns3:TrackPointExtension>
            <ns3:hr>139</ns3:hr>
            <ns3:cad>82</ns3:cad>
          </ns3:TrackPointExtension>
        </extensions>
      </trkpt>
      <trkpt lat="37.50812695361673831939697265625" lon="127.05525607801973819732666015625">
        <ele>49.799999237060546875</ele>
        <time>2026-09-17T09:15:06.000Z</time>
        <extensions>
          <ns3:TrackPointExtension>
            <ns3:hr>139</ns3:hr>
            <ns3:cad>82</ns3:cad>
          </ns3:TrackPointExtension>
        </extensions>
      </trkpt>
      <trkpt lat="37.5081313960254192352294921875" lon="127.0552886836230754852294921875">
        <ele>50</ele>
        <time>2026-09-17T09:15:07.000Z</time>
        <extensions>
          <ns3:TrackPointExtension>
            <ns3:hr>139</ns3:hr>
            <ns3:cad>82</ns3:cad>
          </ns3:TrackPointExtension>
        </extensions>
      </trkpt>
      <trkpt lat="37.5081458128988742828369140625" lon="127.055322714149951934814453125">
        <ele>50</ele>
        <time>2026-09-17T09:15:08.000Z</time>
        <extensions>
          <ns3:TrackPointExtension>
            <ns3:hr>140</ns3:hr>
            <ns3:cad>83</ns3:cad>
          </ns3:TrackPointExtension>
        </extensions>
      </trkpt>
      <trkpt lat="37.50815897248685359954833984375" lon="127.05535498447716236114501953125">
        <ele>50</ele>
        <time>2026-09-17T09:15:09.000Z</time>
        <extensions>
          <ns3:TrackPointExtension>
            <ns3:hr>140</ns3:hr>
            <ns3:cad>83</ns3:cad>
          </ns3:TrackPointExtension>
        </extensions>
      </trkpt>
      <trkpt lat="37.508168108761310577392578125" lon="127.05538918264210224151611328125">
        <ele>50</ele>
        <time>2026-09-17T09:15:10.000Z</time>
        <extensions>
          <ns3:TrackPointExtension>
            <ns3:hr>140</ns3:hr>
            <ns3:cad>83</ns3:cad>
          </ns3:TrackPointExtension>
        </extensions>
      </trkpt>
      <trkpt lat="37.5081813521683216094970703125" lon="127.0554140768945217132568359375">
        <ele>50</ele>
        <time>2026-09-17T09:15:11.000Z</time>
        <extensions>
          <ns3:TrackPointExtension>
            <ns3:hr>140</ns3:hr>
            <ns3:cad>84</ns3:cad>
          </ns3:TrackPointExtension>
        </extensions>
      </trkpt>
      <trkpt lat="37.508194930851459503173828125" lon="127.05544919706881046295166015625">
        <ele>50</ele>
        <time>2026-09-17T09:15:12.000Z</time>
        <extensions>
          <ns3:TrackPointExtension>
            <ns3:hr>141</ns3:hr>
            <ns3:cad>84</ns3:cad>
          </ns3:TrackPointExtension>
        </extensions>
      </trkpt>
      <trkpt lat="37.50820373184978961944580078125" lon="127.05547501333057880401611328125">
        <ele>50</ele>
        <time>2026-09-17T09:15:13.000Z</time>
        <extensions>
          <ns3:TrackPointExtension>
            <ns3:hr>141</ns3:hr>
            <ns3:cad>84</ns3:cad>
          </ns3:TrackPointExtension>
        </extensions>
      </trkpt>
      <trkpt lat="37.50822066329419612884521484375" lon="127.05549462698400020599365234375">
        <ele>50</ele>
        <time>2026-09-17T09:15:14.000Z</time>
        <extensions>
          <ns3:TrackPointExtension>
            <ns3:hr>141</ns3:hr>
            <ns3:cad>84</ns3:cad>
          </ns3:TrackPointExtension>
        </extensions>
      </trkpt>
      <trkpt lat="37.50822921283543109893798828125" lon="127.0555287413299083709716796875">
        <ele>49.799999237060546875</ele>
        <time>2026-09-17T09:15:15.000Z</time>
        <extensions>
          <ns3:TrackPointExtension>
            <ns3:hr>141</ns3:hr>
            <ns3:cad>83</ns3:cad>
          </ns3:TrackPointExtension>
        </extensions>
      </trkpt>
      <trkpt lat="37.5082396902143955230712890625" lon="127.055553384125232696533203125">
        <ele>49.799999237060546875</ele>
        <time>2026-09-17T09:15:16.000Z</time>
        <extensions>
          <ns3:TrackPointExtension>
            <ns3:hr>140</ns3:hr>
            <ns3:cad>83</ns3:cad>
          </ns3:TrackPointExtension>
        </extensions>
      </trkpt>
      <trkpt lat="37.5082547776401042938232421875" lon="127.05559034831821918487548828125">
        <ele>49.799999237060546875</ele>
        <time>2026-09-17T09:15:17.000Z</time>
        <extensions>
          <ns3:TrackPointExtension>
            <ns3:hr>140</ns3:hr>
            <ns3:cad>83</ns3:cad>
          </ns3:TrackPointExtension>
        </extensions>
      </trkpt>
      <trkpt lat="37.50826961360871791839599609375" lon="127.055618427693843841552734375">
        <ele>49.799999237060546875</ele>
        <time>2026-09-17T09:15:18.000Z</time>
        <extensions>
          <ns3:TrackPointExtension>
            <ns3:hr>140</ns3:hr>
            <ns3:cad>83</ns3:cad>
          </ns3:TrackPointExtension>
        </extensions>
      </trkpt>
      <trkpt lat="37.5082826055586338043212890625" lon="127.0556310005486011505126953125">
        <ele>49.799999237060546875</ele>
        <time>2026-09-17T09:15:19.000Z</time>
        <extensions>
          <ns3:TrackPointExtension>
            <ns3:hr>139</ns3:hr>
            <ns3:cad>83</ns3:cad>
          </ns3:TrackPointExtension>
        </extensions>
      </trkpt>
      <trkpt lat="37.508313953876495361328125" lon="127.05564533360302448272705078125">
        <ele>49.799999237060546875</ele>
        <time>2026-09-17T09:15:20.000Z</time>
        <extensions>
          <ns3:TrackPointExtension>
            <ns3:hr>139</ns3:hr>
            <ns3:cad>83</ns3:cad>
          </ns3:TrackPointExtension>
        </extensions>
      </trkpt>
      <trkpt lat="37.50832929275929927825927734375" lon="127.05565832555294036865234375">
        <ele>49.799999237060546875</ele>
        <time>2026-09-17T09:15:21.000Z</time>
        <extensions>
          <ns3:TrackPointExtension>
            <ns3:hr>139</ns3:hr>
            <ns3:cad>83</ns3:cad>
          </ns3:TrackPointExtension>
        </extensions>
      </trkpt>
      <trkpt lat="37.50834069214761257171630859375" lon="127.0556745864450931549072265625">
        <ele>49.59999847412109375</ele>
        <time>2026-09-17T09:15:22.000Z</time>
        <extensions>
          <ns3:TrackPointExtension>
            <ns3:hr>139</ns3:hr>
            <ns3:cad>83</ns3:cad>
          </ns3:TrackPointExtension>
        </extensions>
      </trkpt>
      <trkpt lat="37.5083670951426029205322265625" lon="127.05570149235427379608154296875">
        <ele>49.59999847412109375</ele>
        <time>2026-09-17T09:15:23.000Z</time>
        <extensions>
          <ns3:TrackPointExtension>
            <ns3:hr>140</ns3:hr>
            <ns3:cad>83</ns3:cad>
          </ns3:TrackPointExtension>
        </extensions>
      </trkpt>
      <trkpt lat="37.50838897190988063812255859375" lon="127.05571758560836315155029296875">
        <ele>49.59999847412109375</ele>
        <time>2026-09-17T09:15:24.000Z</time>
        <extensions>
          <ns3:TrackPointExtension>
            <ns3:hr>139</ns3:hr>
            <ns3:cad>83</ns3:cad>
          </ns3:TrackPointExtension>
        </extensions>
      </trkpt>
      <trkpt lat="37.5084090046584606170654296875" lon="127.05575480125844478607177734375">
        <ele>49.59999847412109375</ele>
        <time>2026-09-17T09:15:25.000Z</time>
        <extensions>
          <ns3:TrackPointExtension>
            <ns3:hr>139</ns3:hr>
            <ns3:cad>83</ns3:cad>
          </ns3:TrackPointExtension>
        </extensions>
      </trkpt>
      <trkpt lat="37.50842132605612277984619140625" lon="127.05577441491186618804931640625">
        <ele>49.59999847412109375</ele>
        <time>2026-09-17T09:15:26.000Z</time>
        <extensions>
          <ns3:TrackPointExtension>
            <ns3:hr>139</ns3:hr>
            <ns3:cad>83</ns3:cad>
          </ns3:TrackPointExtension>
        </extensions>
      </trkpt>
      <trkpt lat="37.50843800604343414306640625" lon="127.0558026619255542755126953125">
        <ele>49.799999237060546875</ele>
        <time>2026-09-17T09:15:27.000Z</time>
        <extensions>
          <ns3:TrackPointExtension>
            <ns3:hr>138</ns3:hr>
            <ns3:cad>83</ns3:cad>
          </ns3:TrackPointExtension>
        </extensions>
      </trkpt>
      <trkpt lat="37.50846340321004390716552734375" lon="127.05582738853991031646728515625">
        <ele>49.799999237060546875</ele>
        <time>2026-09-17T09:15:28.000Z</time>
        <extensions>
          <ns3:TrackPointExtension>
            <ns3:hr>138</ns3:hr>
            <ns3:cad>83</ns3:cad>
          </ns3:TrackPointExtension>
        </extensions>
      </trkpt>
      <trkpt lat="37.50847631134092807769775390625" lon="127.05584431998431682586669921875">
        <ele>49.799999237060546875</ele>
        <time>2026-09-17T09:15:29.000Z</time>
        <extensions>
          <ns3:TrackPointExtension>
            <ns3:hr>138</ns3:hr>
            <ns3:cad>83</ns3:cad>
          </ns3:TrackPointExtension>
        </extensions>
      </trkpt>
      <trkpt lat="37.50848452560603618621826171875" lon="127.05588857643306255340576171875">
        <ele>49.799999237060546875</ele>
        <time>2026-09-17T09:15:30.000Z</time>
        <extensions>
          <ns3:TrackPointExtension>
            <ns3:hr>138</ns3:hr>
            <ns3:cad>83</ns3:cad>
          </ns3:TrackPointExtension>
        </extensions>
      </trkpt>
      <trkpt lat="37.50848452560603618621826171875" lon="127.05591858364641666412353515625">
        <ele>49.59999847412109375</ele>
        <time>2026-09-17T09:15:31.000Z</time>
        <extensions>
          <ns3:TrackPointExtension>
            <ns3:hr>138</ns3:hr>
            <ns3:cad>83</ns3:cad>
          </ns3:TrackPointExtension>
        </extensions>
      </trkpt>
      <trkpt lat="37.50847346149384975433349609375" lon="127.05594020895659923553466796875">
        <ele>49.40000152587890625</ele>
        <time>2026-09-17T09:15:32.000Z</time>
        <extensions>
          <ns3:TrackPointExtension>
            <ns3:hr>138</ns3:hr>
            <ns3:cad>83</ns3:cad>
          </ns3:TrackPointExtension>
        </extensions>
      </trkpt>
      <trkpt lat="37.5084596313536167144775390625" lon="127.055968455970287322998046875">
        <ele>49.200000762939453125</ele>
        <time>2026-09-17T09:15:33.000Z</time>
        <extensions>
          <ns3:TrackPointExtension>
            <ns3:hr>139</ns3:hr>
            <ns3:cad>83</ns3:cad>
          </ns3:TrackPointExtension>
        </extensions>
      </trkpt>
      <trkpt lat="37.5084601342678070068359375" lon="127.05599318258464336395263671875">
        <ele>49.200000762939453125</ele>
        <time>2026-09-17T09:15:34.000Z</time>
        <extensions>
          <ns3:TrackPointExtension>
            <ns3:hr>139</ns3:hr>
            <ns3:cad>83</ns3:cad>
          </ns3:TrackPointExtension>
        </extensions>
      </trkpt>
      <trkpt lat="37.5084683485329151153564453125" lon="127.05603224225342273712158203125">
        <ele>49.200000762939453125</ele>
        <time>2026-09-17T09:15:35.000Z</time>
        <extensions>
          <ns3:TrackPointExtension>
            <ns3:hr>139</ns3:hr>
            <ns3:cad>83</ns3:cad>
          </ns3:TrackPointExtension>
        </extensions>
      </trkpt>
      <trkpt lat="37.50847782008349895477294921875" lon="127.05606333911418914794921875">
        <ele>49.40000152587890625</ele>
        <time>2026-09-17T09:15:36.000Z</time>
        <extensions>
          <ns3:TrackPointExtension>
            <ns3:hr>139</ns3:hr>
            <ns3:cad>83</ns3:cad>
          </ns3:TrackPointExtension>
        </extensions>
      </trkpt>
      <trkpt lat="37.50849433243274688720703125" lon="127.05609275959432125091552734375">
        <ele>49.59999847412109375</ele>
        <time>2026-09-17T09:15:37.000Z</time>
        <extensions>
          <ns3:TrackPointExtension>
            <ns3:hr>140</ns3:hr>
            <ns3:cad>83</ns3:cad>
          </ns3:TrackPointExtension>
        </extensions>
      </trkpt>
      <trkpt lat="37.508507072925567626953125" lon="127.05613550730049610137939453125">
        <ele>49.799999237060546875</ele>
        <time>2026-09-17T09:15:38.000Z</time>
        <extensions>
          <ns3:TrackPointExtension>
            <ns3:hr>140</ns3:hr>
            <ns3:cad>82</ns3:cad>
          </ns3:TrackPointExtension>
        </extensions>
      </trkpt>
      <trkpt lat="37.50851872377097606658935546875" lon="127.0561587251722812652587890625">
        <ele>49.799999237060546875</ele>
        <time>2026-09-17T09:15:39.000Z</time>
        <extensions>
          <ns3:TrackPointExtension>
            <ns3:hr>139</ns3:hr>
            <ns3:cad>82</ns3:cad>
          </ns3:TrackPointExtension>
        </extensions>
      </trkpt>
      <trkpt lat="37.5085384212434291839599609375" lon="127.05618898384273052215576171875">
        <ele>49.799999237060546875</ele>
        <time>2026-09-17T09:15:40.000Z</time>
        <extensions>
          <ns3:TrackPointExtension>
            <ns3:hr>139</ns3:hr>
            <ns3:cad>82</ns3:cad>
          </ns3:TrackPointExtension>
        </extensions>
      </trkpt>
      <trkpt lat="37.5085525028407573699951171875" lon="127.05622024834156036376953125">
        <ele>49.799999237060546875</ele>
        <time>2026-09-17T09:15:41.000Z</time>
        <extensions>
          <ns3:TrackPointExtension>
            <ns3:hr>138</ns3:hr>
            <ns3:cad>83</ns3:cad>
          </ns3:TrackPointExtension>
        </extensions>
      </trkpt>
      <trkpt lat="37.50856147147715091705322265625" lon="127.0562385208904743194580078125">
        <ele>49.799999237060546875</ele>
        <time>2026-09-17T09:15:42.000Z</time>
        <extensions>
          <ns3:TrackPointExtension>
            <ns3:hr>138</ns3:hr>
            <ns3:cad>83</ns3:cad>
          </ns3:TrackPointExtension>
        </extensions>
      </trkpt>
      <trkpt lat="37.50857873819768428802490234375" lon="127.0562807656824588775634765625">
        <ele>49.799999237060546875</ele>
        <time>2026-09-17T09:15:43.000Z</time>
        <extensions>
          <ns3:TrackPointExtension>
            <ns3:hr>137</ns3:hr>
            <ns3:cad>83</ns3:cad>
          </ns3:TrackPointExtension>
        </extensions>
      </trkpt>
      <trkpt lat="37.50859013758599758148193359375" lon="127.05630884505808353424072265625">
        <ele>49.59999847412109375</ele>
        <time>2026-09-17T09:15:44.000Z</time>
        <extensions>
          <ns3:TrackPointExtension>
            <ns3:hr>137</ns3:hr>
            <ns3:cad>83</ns3:cad>
          </ns3:TrackPointExtension>
        </extensions>
      </trkpt>
      <trkpt lat="37.508603967726230621337890625" lon="127.056334577500820159912109375">
        <ele>49.799999237060546875</ele>
        <time>2026-09-17T09:15:45.000Z</time>
        <extensions>
          <ns3:TrackPointExtension>
            <ns3:hr>137</ns3:hr>
            <ns3:cad>83</ns3:cad>
          </ns3:TrackPointExtension>
        </extensions>
      </trkpt>
      <trkpt lat="37.508620731532573699951171875" lon="127.0563676021993160247802734375">
        <ele>49.799999237060546875</ele>
        <time>2026-09-17T09:15:46.000Z</time>
        <extensions>
          <ns3:TrackPointExtension>
            <ns3:hr>137</ns3:hr>
            <ns3:cad>83</ns3:cad>
          </ns3:TrackPointExtension>
        </extensions>
      </trkpt>
      <trkpt lat="37.508636154234409332275390625" lon="127.0563893951475620269775390625">
        <ele>49.59999847412109375</ele>
        <time>2026-09-17T09:15:47.000Z</time>
        <extensions>
          <ns3:TrackPointExtension>
            <ns3:hr>137</ns3:hr>
            <ns3:cad>83</ns3:cad>
          </ns3:TrackPointExtension>
        </extensions>
      </trkpt>
      <trkpt lat="37.508654259145259857177734375" lon="127.05642635934054851531982421875">
        <ele>49.799999237060546875</ele>
        <time>2026-09-17T09:15:48.000Z</time>
        <extensions>
          <ns3:TrackPointExtension>
            <ns3:hr>137</ns3:hr>
            <ns3:cad>83</ns3:cad>
          </ns3:TrackPointExtension>
        </extensions>
      </trkpt>
      <trkpt lat="37.50867110677063465118408203125" lon="127.05645552836358547210693359375">
        <ele>49.799999237060546875</ele>
        <time>2026-09-17T09:15:49.000Z</time>
        <extensions>
          <ns3:TrackPointExtension>
            <ns3:hr>137</ns3:hr>
            <ns3:cad>83</ns3:cad>
          </ns3:TrackPointExtension>
        </extensions>
      </trkpt>
      <trkpt lat="37.508683763444423675537109375" lon="127.05647765658795833587646484375">
        <ele>49.799999237060546875</ele>
        <time>2026-09-17T09:15:50.000Z</time>
        <extensions>
          <ns3:TrackPointExtension>
            <ns3:hr>138</ns3:hr>
            <ns3:cad>83</ns3:cad>
          </ns3:TrackPointExtension>
        </extensions>
      </trkpt>
      <trkpt lat="37.50869424082338809967041015625" lon="127.05651839263737201690673828125">
        <ele>49.799999237060546875</ele>
        <time>2026-09-17T09:15:51.000Z</time>
        <extensions>
          <ns3:TrackPointExtension>
            <ns3:hr>138</ns3:hr>
            <ns3:cad>83</ns3:cad>
          </ns3:TrackPointExtension>
        </extensions>
      </trkpt>
      <trkpt lat="37.50871251337230205535888671875" lon="127.05654353834688663482666015625">
        <ele>50</ele>
        <time>2026-09-17T09:15:52.000Z</time>
        <extensions>
          <ns3:TrackPointExtension>
            <ns3:hr>139</ns3:hr>
            <ns3:cad>83</ns3:cad>
          </ns3:TrackPointExtension>
        </extensions>
      </trkpt>
      <trkpt lat="37.50873598270118236541748046875" lon="127.05657924525439739227294921875">
        <ele>49.799999237060546875</ele>
        <time>2026-09-17T09:15:53.000Z</time>
        <extensions>
          <ns3:TrackPointExtension>
            <ns3:hr>140</ns3:hr>
            <ns3:cad>83</ns3:cad>
          </ns3:TrackPointExtension>
        </extensions>
      </trkpt>
      <trkpt lat="37.50874838791787624359130859375" lon="127.0566098392009735107421875">
        <ele>50</ele>
        <time>2026-09-17T09:15:54.000Z</time>
        <extensions>
          <ns3:TrackPointExtension>
            <ns3:hr>140</ns3:hr>
            <ns3:cad>83</ns3:cad>
          </ns3:TrackPointExtension>
        </extensions>
      </trkpt>
      <trkpt lat="37.508758865296840667724609375" lon="127.05663590691983699798583984375">
        <ele>50</ele>
        <time>2026-09-17T09:15:55.000Z</time>
        <extensions>
          <ns3:TrackPointExtension>
            <ns3:hr>140</ns3:hr>
            <ns3:cad>83</ns3:cad>
          </ns3:TrackPointExtension>
        </extensions>
      </trkpt>
      <trkpt lat="37.5087637268006801605224609375" lon="127.056675888597965240478515625">
        <ele>50</ele>
        <time>2026-09-17T09:15:56.000Z</time>
        <extensions>
          <ns3:TrackPointExtension>
            <ns3:hr>140</ns3:hr>
            <ns3:cad>83</ns3:cad>
          </ns3:TrackPointExtension>
        </extensions>
      </trkpt>
      <trkpt lat="37.5087712705135345458984375" lon="127.0567028783261775970458984375">
        <ele>50</ele>
        <time>2026-09-17T09:15:57.000Z</time>
        <extensions>
          <ns3:TrackPointExtension>
            <ns3:hr>140</ns3:hr>
            <ns3:cad>83</ns3:cad>
          </ns3:TrackPointExtension>
        </extensions>
      </trkpt>
      <trkpt lat="37.5087819993495941162109375" lon="127.05673112533986568450927734375">
        <ele>50</ele>
        <time>2026-09-17T09:15:58.000Z</time>
        <extensions>
          <ns3:TrackPointExtension>
            <ns3:hr>139</ns3:hr>
            <ns3:cad>83</ns3:cad>
          </ns3:TrackPointExtension>
        </extensions>
      </trkpt>
      <trkpt lat="37.5087861903011798858642578125" lon="127.05676733516156673431396484375">
        <ele>50</ele>
        <time>2026-09-17T09:15:59.000Z</time>
        <extensions>
          <ns3:TrackPointExtension>
            <ns3:hr>139</ns3:hr>
            <ns3:cad>83</ns3:cad>
          </ns3:TrackPointExtension>
        </extensions>
      </trkpt>
      <trkpt lat="37.50879314728081226348876953125" lon="127.05679264850914478302001953125">
        <ele>49.799999237060546875</ele>
        <time>2026-09-17T09:16:00.000Z</time>
        <extensions>
          <ns3:TrackPointExtension>
            <ns3:hr>138</ns3:hr>
            <ns3:cad>82</ns3:cad>
          </ns3:TrackPointExtension>
        </extensions>
      </trkpt>
      <trkpt lat="37.50880186446011066436767578125" lon="127.0568302832543849945068359375">
        <ele>49.799999237060546875</ele>
        <time>2026-09-17T09:16:01.000Z</time>
        <extensions>
          <ns3:TrackPointExtension>
            <ns3:hr>138</ns3:hr>
            <ns3:cad>82</ns3:cad>
          </ns3:TrackPointExtension>
        </extensions>
      </trkpt>
      <trkpt lat="37.50881141982972621917724609375" lon="127.05686339177191257476806640625">
        <ele>49.799999237060546875</ele>
        <time>2026-09-17T09:16:02.000Z</time>
        <extensions>
          <ns3:TrackPointExtension>
            <ns3:hr>138</ns3:hr>
            <ns3:cad>82</ns3:cad>
          </ns3:TrackPointExtension>
        </extensions>
      </trkpt>
      <trkpt lat="37.5088240765035152435302734375" lon="127.0568923093378543853759765625">
        <ele>49.799999237060546875</ele>
        <time>2026-09-17T09:16:03.000Z</time>
        <extensions>
          <ns3:TrackPointExtension>
            <ns3:hr>138</ns3:hr>
            <ns3:cad>82</ns3:cad>
          </ns3:TrackPointExtension>
        </extensions>
      </trkpt>
      <trkpt lat="37.50883723609149456024169921875" lon="127.05693363212049007415771484375">
        <ele>49.799999237060546875</ele>
        <time>2026-09-17T09:16:04.000Z</time>
        <extensions>
          <ns3:TrackPointExtension>
            <ns3:hr>139</ns3:hr>
            <ns3:cad>82</ns3:cad>
          </ns3:TrackPointExtension>
        </extensions>
      </trkpt>
      <trkpt lat="37.5088463723659515380859375" lon="127.0569600351154804229736328125">
        <ele>49.799999237060546875</ele>
        <time>2026-09-17T09:16:05.000Z</time>
        <extensions>
          <ns3:TrackPointExtension>
            <ns3:hr>138</ns3:hr>
            <ns3:cad>83</ns3:cad>
          </ns3:TrackPointExtension>
        </extensions>
      </trkpt>
      <trkpt lat="37.50885374844074249267578125" lon="127.05699431709945201873779296875">
        <ele>49.799999237060546875</ele>
        <time>2026-09-17T09:16:06.000Z</time>
        <extensions>
          <ns3:TrackPointExtension>
            <ns3:hr>139</ns3:hr>
            <ns3:cad>83</ns3:cad>
          </ns3:TrackPointExtension>
        </extensions>
      </trkpt>
      <trkpt lat="37.5088544189929962158203125" lon="127.05702700652182102203369140625">
        <ele>49.799999237060546875</ele>
        <time>2026-09-17T09:16:07.000Z</time>
        <extensions>
          <ns3:TrackPointExtension>
            <ns3:hr>139</ns3:hr>
            <ns3:cad>83</ns3:cad>
          </ns3:TrackPointExtension>
        </extensions>
      </trkpt>
      <trkpt lat="37.508860789239406585693359375" lon="127.05705332569777965545654296875">
        <ele>49.799999237060546875</ele>
        <time>2026-09-17T09:16:08.000Z</time>
        <extensions>
          <ns3:TrackPointExtension>
            <ns3:hr>139</ns3:hr>
            <ns3:cad>83</ns3:cad>
          </ns3:TrackPointExtension>
        </extensions>
      </trkpt>
      <trkpt lat="37.50887093134224414825439453125" lon="127.05709054134786128997802734375">
        <ele>49.59999847412109375</ele>
        <time>2026-09-17T09:16:09.000Z</time>
        <extensions>
          <ns3:TrackPointExtension>
            <ns3:hr>139</ns3:hr>
            <ns3:cad>83</ns3:cad>
          </ns3:TrackPointExtension>
        </extensions>
      </trkpt>
      <trkpt lat="37.50887629576027393341064453125" lon="127.057116441428661346435546875">
        <ele>49.59999847412109375</ele>
        <time>2026-09-17T09:16:10.000Z</time>
        <extensions>
          <ns3:TrackPointExtension>
            <ns3:hr>139</ns3:hr>
            <ns3:cad>83</ns3:cad>
          </ns3:TrackPointExtension>
        </extensions>
      </trkpt>
      <trkpt lat="37.50888601876795291900634765625" lon="127.0571467839181423187255859375">
        <ele>49.799999237060546875</ele>
        <time>2026-09-17T09:16:11.000Z</time>
        <extensions>
          <ns3:TrackPointExtension>
            <ns3:hr>139</ns3:hr>
            <ns3:cad>84</ns3:cad>
          </ns3:TrackPointExtension>
        </extensions>
      </trkpt>
      <trkpt lat="37.50889205373823642730712890625" lon="127.05718341283500194549560546875">
        <ele>49.59999847412109375</ele>
        <time>2026-09-17T09:16:12.000Z</time>
        <extensions>
          <ns3:TrackPointExtension>
            <ns3:hr>139</ns3:hr>
            <ns3:cad>84</ns3:cad>
          </ns3:TrackPointExtension>
        </extensions>
      </trkpt>
      <trkpt lat="37.5089055486023426055908203125" lon="127.0572064630687236785888671875">
        <ele>49.59999847412109375</ele>
        <time>2026-09-17T09:16:13.000Z</time>
        <extensions>
          <ns3:TrackPointExtension>
            <ns3:hr>139</ns3:hr>
            <ns3:cad>84</ns3:cad>
          </ns3:TrackPointExtension>
        </extensions>
      </trkpt>
      <trkpt lat="37.50892071984708309173583984375" lon="127.0572420023381710052490234375">
        <ele>49.59999847412109375</ele>
        <time>2026-09-17T09:16:14.000Z</time>
        <extensions>
          <ns3:TrackPointExtension>
            <ns3:hr>138</ns3:hr>
            <ns3:cad>84</ns3:cad>
          </ns3:TrackPointExtension>
        </extensions>
      </trkpt>
      <trkpt lat="37.50892776064574718475341796875" lon="127.05727075226604938507080078125">
        <ele>49.59999847412109375</ele>
        <time>2026-09-17T09:16:15.000Z</time>
        <extensions>
          <ns3:TrackPointExtension>
            <ns3:hr>138</ns3:hr>
            <ns3:cad>84</ns3:cad>
          </ns3:TrackPointExtension>
        </extensions>
      </trkpt>
      <trkpt lat="37.50893949531018733978271484375" lon="127.05730411224067211151123046875">
        <ele>49.59999847412109375</ele>
        <time>2026-09-17T09:16:16.000Z</time>
        <extensions>
          <ns3:TrackPointExtension>
            <ns3:hr>138</ns3:hr>
            <ns3:cad>84</ns3:cad>
          </ns3:TrackPointExtension>
        </extensions>
      </trkpt>
      <trkpt lat="37.5089538283646106719970703125" lon="127.057335376739501953125">
        <ele>49.59999847412109375</ele>
        <time>2026-09-17T09:16:17.000Z</time>
        <extensions>
          <ns3:TrackPointExtension>
            <ns3:hr>139</ns3:hr>
            <ns3:cad>84</ns3:cad>
          </ns3:TrackPointExtension>
        </extensions>
      </trkpt>
      <trkpt lat="37.50896464101970195770263671875" lon="127.05736446194350719451904296875">
        <ele>49.59999847412109375</ele>
        <time>2026-09-17T09:16:18.000Z</time>
        <extensions>
          <ns3:TrackPointExtension>
            <ns3:hr>138</ns3:hr>
            <ns3:cad>84</ns3:cad>
          </ns3:TrackPointExtension>
        </extensions>
      </trkpt>
      <trkpt lat="37.50897151418030261993408203125" lon="127.05739933066070079803466796875">
        <ele>49.59999847412109375</ele>
        <time>2026-09-17T09:16:19.000Z</time>
        <extensions>
          <ns3:TrackPointExtension>
            <ns3:hr>138</ns3:hr>
            <ns3:cad>84</ns3:cad>
          </ns3:TrackPointExtension>
        </extensions>
      </trkpt>
      <trkpt lat="37.50897419638931751251220703125" lon="127.05744207836687564849853515625">
        <ele>49.59999847412109375</ele>
        <time>2026-09-17T09:16:20.000Z</time>
        <extensions>
          <ns3:TrackPointExtension>
            <ns3:hr>139</ns3:hr>
            <ns3:cad>84</ns3:cad>
          </ns3:TrackPointExtension>
        </extensions>
      </trkpt>
      <trkpt lat="37.508979476988315582275390625" lon="127.05747962929308414459228515625">
        <ele>49.59999847412109375</ele>
        <time>2026-09-17T09:16:21.000Z</time>
        <extensions>
          <ns3:TrackPointExtension>
            <ns3:hr>138</ns3:hr>
            <ns3:cad>83</ns3:cad>
          </ns3:TrackPointExtension>
        </extensions>
      </trkpt>
      <trkpt lat="37.50898844562470912933349609375" lon="127.05751818604767322540283203125">
        <ele>49.59999847412109375</ele>
        <time>2026-09-17T09:16:22.000Z</time>
        <extensions>
          <ns3:TrackPointExtension>
            <ns3:hr>138</ns3:hr>
            <ns3:cad>83</ns3:cad>
          </ns3:TrackPointExtension>
        </extensions>
      </trkpt>
      <trkpt lat="37.509001605212688446044921875" lon="127.057545594871044158935546875">
        <ele>49.799999237060546875</ele>
        <time>2026-09-17T09:16:23.000Z</time>
        <extensions>
          <ns3:TrackPointExtension>
            <ns3:hr>138</ns3:hr>
            <ns3:cad>83</ns3:cad>
          </ns3:TrackPointExtension>
        </extensions>
      </trkpt>
      <trkpt lat="37.50901258550584316253662109375" lon="127.05758708529174327850341796875">
        <ele>49.799999237060546875</ele>
        <time>2026-09-17T09:16:24.000Z</time>
        <extensions>
          <ns3:TrackPointExtension>
            <ns3:hr>139</ns3:hr>
            <ns3:cad>83</ns3:cad>
          </ns3:TrackPointExtension>
        </extensions>
      </trkpt>
      <trkpt lat="37.50902012921869754791259765625" lon="127.05762228928506374359130859375">
        <ele>49.799999237060546875</ele>
        <time>2026-09-17T09:16:25.000Z</time>
        <extensions>
          <ns3:TrackPointExtension>
            <ns3:hr>138</ns3:hr>
            <ns3:cad>83</ns3:cad>
          </ns3:TrackPointExtension>
        </extensions>
      </trkpt>
      <trkpt lat="37.5090420059859752655029296875" lon="127.05764542333781719207763671875">
        <ele>49.59999847412109375</ele>
        <time>2026-09-17T09:16:26.000Z</time>
        <extensions>
          <ns3:TrackPointExtension>
            <ns3:hr>138</ns3:hr>
            <ns3:cad>83</ns3:cad>
          </ns3:TrackPointExtension>
        </extensions>
      </trkpt>
      <trkpt lat="37.50905851833522319793701171875" lon="127.05768012441694736480712890625">
        <ele>49.59999847412109375</ele>
        <time>2026-09-17T09:16:27.000Z</time>
        <extensions>
          <ns3:TrackPointExtension>
            <ns3:hr>138</ns3:hr>
            <ns3:cad>83</ns3:cad>
          </ns3:TrackPointExtension>
        </extensions>
      </trkpt>
      <trkpt lat="37.50906975008547306060791015625" lon="127.05770258791744709014892578125">
        <ele>49.59999847412109375</ele>
        <time>2026-09-17T09:16:28.000Z</time>
        <extensions>
          <ns3:TrackPointExtension>
            <ns3:hr>139</ns3:hr>
            <ns3:cad>83</ns3:cad>
          </ns3:TrackPointExtension>
        </extensions>
      </trkpt>
      <trkpt lat="37.50908617861568927764892578125" lon="127.05773661844432353973388671875">
        <ele>49.59999847412109375</ele>
        <time>2026-09-17T09:16:29.000Z</time>
        <extensions>
          <ns3:TrackPointExtension>
            <ns3:hr>139</ns3:hr>
            <ns3:cad>83</ns3:cad>
          </ns3:TrackPointExtension>
        </extensions>
      </trkpt>
      <trkpt lat="37.50909053720533847808837890625" lon="127.0577700622379779815673828125">
        <ele>49.59999847412109375</ele>
        <time>2026-09-17T09:16:30.000Z</time>
        <extensions>
          <ns3:TrackPointExtension>
            <ns3:hr>139</ns3:hr>
            <ns3:cad>83</ns3:cad>
          </ns3:TrackPointExtension>
        </extensions>
      </trkpt>
      <trkpt lat="37.50910093076527118682861328125" lon="127.0577982254326343536376953125">
        <ele>49.59999847412109375</ele>
        <time>2026-09-17T09:16:31.000Z</time>
        <extensions>
          <ns3:TrackPointExtension>
            <ns3:hr>139</ns3:hr>
            <ns3:cad>83</ns3:cad>
          </ns3:TrackPointExtension>
        </extensions>
      </trkpt>
      <trkpt lat="37.50911450944840908050537109375" lon="127.057838626205921173095703125">
        <ele>49.799999237060546875</ele>
        <time>2026-09-17T09:16:32.000Z</time>
        <extensions>
          <ns3:TrackPointExtension>
            <ns3:hr>139</ns3:hr>
            <ns3:cad>84</ns3:cad>
          </ns3:TrackPointExtension>
        </extensions>
      </trkpt>
      <trkpt lat="37.50911953859031200408935546875" lon="127.05786955542862415313720703125">
        <ele>49.59999847412109375</ele>
        <time>2026-09-17T09:16:33.000Z</time>
        <extensions>
          <ns3:TrackPointExtension>
            <ns3:hr>138</ns3:hr>
            <ns3:cad>84</ns3:cad>
          </ns3:TrackPointExtension>
        </extensions>
      </trkpt>
      <trkpt lat="37.509131692349910736083984375" lon="127.0578951202332973480224609375">
        <ele>49.59999847412109375</ele>
        <time>2026-09-17T09:16:34.000Z</time>
        <extensions>
          <ns3:TrackPointExtension>
            <ns3:hr>139</ns3:hr>
            <ns3:cad>84</ns3:cad>
          </ns3:TrackPointExtension>
        </extensions>
      </trkpt>
      <trkpt lat="37.50914887525141239166259765625" lon="127.05792454071342945098876953125">
        <ele>49.59999847412109375</ele>
        <time>2026-09-17T09:16:35.000Z</time>
        <extensions>
          <ns3:TrackPointExtension>
            <ns3:hr>139</ns3:hr>
            <ns3:cad>83</ns3:cad>
          </ns3:TrackPointExtension>
        </extensions>
      </trkpt>
      <trkpt lat="37.509162537753582000732421875" lon="127.05794951878488063812255859375">
        <ele>49.40000152587890625</ele>
        <time>2026-09-17T09:16:36.000Z</time>
        <extensions>
          <ns3:TrackPointExtension>
            <ns3:hr>139</ns3:hr>
            <ns3:cad>82</ns3:cad>
          </ns3:TrackPointExtension>
        </extensions>
      </trkpt>
      <trkpt lat="37.50917066819965839385986328125" lon="127.0579900033771991729736328125">
        <ele>49.40000152587890625</ele>
        <time>2026-09-17T09:16:37.000Z</time>
        <extensions>
          <ns3:TrackPointExtension>
            <ns3:hr>139</ns3:hr>
            <ns3:cad>82</ns3:cad>
          </ns3:TrackPointExtension>
        </extensions>
      </trkpt>
      <trkpt lat="37.5091787986457347869873046875" lon="127.0580164901912212371826171875">
        <ele>49.40000152587890625</ele>
        <time>2026-09-17T09:16:38.000Z</time>
        <extensions>
          <ns3:TrackPointExtension>
            <ns3:hr>139</ns3:hr>
            <ns3:cad>82</ns3:cad>
          </ns3:TrackPointExtension>
        </extensions>
      </trkpt>
      <trkpt lat="37.50919816084206104278564453125" lon="127.058050520718097686767578125">
        <ele>49.40000152587890625</ele>
        <time>2026-09-17T09:16:39.000Z</time>
        <extensions>
          <ns3:TrackPointExtension>
            <ns3:hr>139</ns3:hr>
            <ns3:cad>83</ns3:cad>
          </ns3:TrackPointExtension>
        </extensions>
      </trkpt>
      <trkpt lat="37.50920821912586688995361328125" lon="127.058086059987545013427734375">
        <ele>49.40000152587890625</ele>
        <time>2026-09-17T09:16:40.000Z</time>
        <extensions>
          <ns3:TrackPointExtension>
            <ns3:hr>139</ns3:hr>
            <ns3:cad>83</ns3:cad>
          </ns3:TrackPointExtension>
        </extensions>
      </trkpt>
      <trkpt lat="37.5092116557061672210693359375" lon="127.058115564286708831787109375">
        <ele>49.59999847412109375</ele>
        <time>2026-09-17T09:16:41.000Z</time>
        <extensions>
          <ns3:TrackPointExtension>
            <ns3:hr>139</ns3:hr>
            <ns3:cad>84</ns3:cad>
          </ns3:TrackPointExtension>
        </extensions>
      </trkpt>
      <trkpt lat="37.50922858715057373046875" lon="127.0581559650599956512451171875">
        <ele>49.59999847412109375</ele>
        <time>2026-09-17T09:16:42.000Z</time>
        <extensions>
          <ns3:TrackPointExtension>
            <ns3:hr>140</ns3:hr>
            <ns3:cad>84</ns3:cad>
          </ns3:TrackPointExtension>
        </extensions>
      </trkpt>
      <trkpt lat="37.509234286844730377197265625" lon="127.05818496644496917724609375">
        <ele>49.59999847412109375</ele>
        <time>2026-09-17T09:16:43.000Z</time>
        <extensions>
          <ns3:TrackPointExtension>
            <ns3:hr>140</ns3:hr>
            <ns3:cad>84</ns3:cad>
          </ns3:TrackPointExtension>
        </extensions>
      </trkpt>
      <trkpt lat="37.5092512182891368865966796875" lon="127.0582166500389575958251953125">
        <ele>49.59999847412109375</ele>
        <time>2026-09-17T09:16:44.000Z</time>
        <extensions>
          <ns3:TrackPointExtension>
            <ns3:hr>141</ns3:hr>
            <ns3:cad>84</ns3:cad>
          </ns3:TrackPointExtension>
        </extensions>
      </trkpt>
      <trkpt lat="37.50926077365875244140625" lon="127.0582525245845317840576171875">
        <ele>49.59999847412109375</ele>
        <time>2026-09-17T09:16:45.000Z</time>
        <extensions>
          <ns3:TrackPointExtension>
            <ns3:hr>141</ns3:hr>
            <ns3:cad>83</ns3:cad>
          </ns3:TrackPointExtension>
        </extensions>
      </trkpt>
      <trkpt lat="37.50927192158997058868408203125" lon="127.05826953984797000885009765625">
        <ele>49.59999847412109375</ele>
        <time>2026-09-17T09:16:46.000Z</time>
        <extensions>
          <ns3:TrackPointExtension>
            <ns3:hr>141</ns3:hr>
            <ns3:cad>83</ns3:cad>
          </ns3:TrackPointExtension>
        </extensions>
      </trkpt>
      <trkpt lat="37.50928566791117191314697265625" lon="127.0582971163094043731689453125">
        <ele>49.59999847412109375</ele>
        <time>2026-09-17T09:16:47.000Z</time>
        <extensions>
          <ns3:TrackPointExtension>
            <ns3:hr>141</ns3:hr>
            <ns3:cad>82</ns3:cad>
          </ns3:TrackPointExtension>
        </extensions>
      </trkpt>
      <trkpt lat="37.509297318756580352783203125" lon="127.05832569859921932220458984375">
        <ele>49.59999847412109375</ele>
        <time>2026-09-17T09:16:48.000Z</time>
        <extensions>
          <ns3:TrackPointExtension>
            <ns3:hr>141</ns3:hr>
            <ns3:cad>82</ns3:cad>
          </ns3:TrackPointExtension>
        </extensions>
      </trkpt>
      <trkpt lat="37.5093102268874645233154296875" lon="127.0583380199968814849853515625">
        <ele>49.59999847412109375</ele>
        <time>2026-09-17T09:16:49.000Z</time>
        <extensions>
          <ns3:TrackPointExtension>
            <ns3:hr>141</ns3:hr>
            <ns3:cad>82</ns3:cad>
          </ns3:TrackPointExtension>
        </extensions>
      </trkpt>
      <trkpt lat="37.50932539813220500946044921875" lon="127.05835319124162197113037109375">
        <ele>49.40000152587890625</ele>
        <time>2026-09-17T09:16:50.000Z</time>
        <extensions>
          <ns3:TrackPointExtension>
            <ns3:hr>141</ns3:hr>
            <ns3:cad>82</ns3:cad>
          </ns3:TrackPointExtension>
        </extensions>
      </trkpt>
      <trkpt lat="37.5093360431492328643798828125" lon="127.0583728887140750885009765625">
        <ele>49.40000152587890625</ele>
        <time>2026-09-17T09:16:51.000Z</time>
        <extensions>
          <ns3:TrackPointExtension>
            <ns3:hr>141</ns3:hr>
            <ns3:cad>81</ns3:cad>
          </ns3:TrackPointExtension>
        </extensions>
      </trkpt>
      <trkpt lat="37.50934165902435779571533203125" lon="127.05840465612709522247314453125">
        <ele>49.59999847412109375</ele>
        <time>2026-09-17T09:16:52.000Z</time>
        <extensions>
          <ns3:TrackPointExtension>
            <ns3:hr>141</ns3:hr>
            <ns3:cad>81</ns3:cad>
          </ns3:TrackPointExtension>
        </extensions>
      </trkpt>
      <trkpt lat="37.50933830626308917999267578125" lon="127.058439441025257110595703125">
        <ele>49.59999847412109375</ele>
        <time>2026-09-17T09:16:53.000Z</time>
        <extensions>
          <ns3:TrackPointExtension>
            <ns3:hr>141</ns3:hr>
            <ns3:cad>81</ns3:cad>
          </ns3:TrackPointExtension>
        </extensions>
      </trkpt>
      <trkpt lat="37.5093336962163448333740234375" lon="127.0584677718579769134521484375">
        <ele>49.59999847412109375</ele>
        <time>2026-09-17T09:16:54.000Z</time>
        <extensions>
          <ns3:TrackPointExtension>
            <ns3:hr>141</ns3:hr>
            <ns3:cad>81</ns3:cad>
          </ns3:TrackPointExtension>
        </extensions>
      </trkpt>
      <trkpt lat="37.50930796377360820770263671875" lon="127.0584873855113983154296875">
        <ele>49.59999847412109375</ele>
        <time>2026-09-17T09:16:55.000Z</time>
        <extensions>
          <ns3:TrackPointExtension>
            <ns3:hr>142</ns3:hr>
            <ns3:cad>81</ns3:cad>
          </ns3:TrackPointExtension>
        </extensions>
      </trkpt>
      <trkpt lat="37.50928499735891819000244140625" lon="127.05850808881223201751708984375">
        <ele>49.59999847412109375</ele>
        <time>2026-09-17T09:16:56.000Z</time>
        <extensions>
          <ns3:TrackPointExtension>
            <ns3:hr>141</ns3:hr>
            <ns3:cad>81</ns3:cad>
          </ns3:TrackPointExtension>
        </extensions>
      </trkpt>
      <trkpt lat="37.509266473352909088134765625" lon="127.0585194043815135955810546875">
        <ele>49.40000152587890625</ele>
        <time>2026-09-17T09:16:57.000Z</time>
        <extensions>
          <ns3:TrackPointExtension>
            <ns3:hr>141</ns3:hr>
            <ns3:cad>81</ns3:cad>
          </ns3:TrackPointExtension>
        </extensions>
      </trkpt>
      <trkpt lat="37.5092379748821258544921875" lon="127.05853021703660488128662109375">
        <ele>49.40000152587890625</ele>
        <time>2026-09-17T09:16:58.000Z</time>
        <extensions>
          <ns3:TrackPointExtension>
            <ns3:hr>142</ns3:hr>
            <ns3:cad>81</ns3:cad>
          </ns3:TrackPointExtension>
        </extensions>
      </trkpt>
      <trkpt lat="37.5092140026390552520751953125" lon="127.0585408620536327362060546875">
        <ele>49.40000152587890625</ele>
        <time>2026-09-17T09:16:59.000Z</time>
        <extensions>
          <ns3:TrackPointExtension>
            <ns3:hr>141</ns3:hr>
            <ns3:cad>81</ns3:cad>
          </ns3:TrackPointExtension>
        </extensions>
      </trkpt>
      <trkpt lat="37.50917485915124416351318359375" lon="127.05855905078351497650146484375">
        <ele>49.40000152587890625</ele>
        <time>2026-09-17T09:17:00.000Z</time>
        <extensions>
          <ns3:TrackPointExtension>
            <ns3:hr>141</ns3:hr>
            <ns3:cad>81</ns3:cad>
          </ns3:TrackPointExtension>
        </extensions>
      </trkpt>
      <trkpt lat="37.50914904288947582244873046875" lon="127.0585760660469532012939453125">
        <ele>49.40000152587890625</ele>
        <time>2026-09-17T09:17:01.000Z</time>
        <extensions>
          <ns3:TrackPointExtension>
            <ns3:hr>142</ns3:hr>
            <ns3:cad>81</ns3:cad>
          </ns3:TrackPointExtension>
        </extensions>
      </trkpt>
      <trkpt lat="37.50911953859031200408935546875" lon="127.05859056673943996429443359375">
        <ele>49.40000152587890625</ele>
        <time>2026-09-17T09:17:02.000Z</time>
        <extensions>
          <ns3:TrackPointExtension>
            <ns3:hr>141</ns3:hr>
            <ns3:cad>83</ns3:cad>
          </ns3:TrackPointExtension>
        </extensions>
      </trkpt>
      <trkpt lat="37.50909104011952877044677734375" lon="127.0586025528609752655029296875">
        <ele>49.40000152587890625</ele>
        <time>2026-09-17T09:17:03.000Z</time>
        <extensions>
          <ns3:TrackPointExtension>
            <ns3:hr>141</ns3:hr>
            <ns3:cad>83</ns3:cad>
          </ns3:TrackPointExtension>
        </extensions>
      </trkpt>
      <trkpt lat="37.50906639732420444488525390625" lon="127.0586173050105571746826171875">
        <ele>49.40000152587890625</ele>
        <time>2026-09-17T09:17:04.000Z</time>
        <extensions>
          <ns3:TrackPointExtension>
            <ns3:hr>141</ns3:hr>
            <ns3:cad>83</ns3:cad>
          </ns3:TrackPointExtension>
        </extensions>
      </trkpt>
      <trkpt lat="37.50903940759599208831787109375" lon="127.05862660892307758331298828125">
        <ele>49.40000152587890625</ele>
        <time>2026-09-17T09:17:05.000Z</time>
        <extensions>
          <ns3:TrackPointExtension>
            <ns3:hr>141</ns3:hr>
            <ns3:cad>83</ns3:cad>
          </ns3:TrackPointExtension>
        </extensions>
      </trkpt>
      <trkpt lat="37.5090118311345577239990234375" lon="127.0586407743394374847412109375">
        <ele>49.40000152587890625</ele>
        <time>2026-09-17T09:17:06.000Z</time>
        <extensions>
          <ns3:TrackPointExtension>
            <ns3:hr>141</ns3:hr>
            <ns3:cad>83</ns3:cad>
          </ns3:TrackPointExtension>
        </extensions>
      </trkpt>
      <trkpt lat="37.50898324884474277496337890625" lon="127.05866265110671520233154296875">
        <ele>49.40000152587890625</ele>
        <time>2026-09-17T09:17:07.000Z</time>
        <extensions>
          <ns3:TrackPointExtension>
            <ns3:hr>142</ns3:hr>
            <ns3:cad>83</ns3:cad>
          </ns3:TrackPointExtension>
        </extensions>
      </trkpt>
      <trkpt lat="37.50894385389983654022216796875" lon="127.05867036245763301849365234375">
        <ele>49.40000152587890625</ele>
        <time>2026-09-17T09:17:08.000Z</time>
        <extensions>
          <ns3:TrackPointExtension>
            <ns3:hr>141</ns3:hr>
            <ns3:cad>83</ns3:cad>
          </ns3:TrackPointExtension>
        </extensions>
      </trkpt>
      <trkpt lat="37.50892172567546367645263671875" lon="127.05868117511272430419921875">
        <ele>49.200000762939453125</ele>
        <time>2026-09-17T09:17:09.000Z</time>
        <extensions>
          <ns3:TrackPointExtension>
            <ns3:hr>141</ns3:hr>
            <ns3:cad>83</ns3:cad>
          </ns3:TrackPointExtension>
        </extensions>
      </trkpt>
      <trkpt lat="37.508889622986316680908203125" lon="127.05869349651038646697998046875">
        <ele>49.200000762939453125</ele>
        <time>2026-09-17T09:17:10.000Z</time>
        <extensions>
          <ns3:TrackPointExtension>
            <ns3:hr>141</ns3:hr>
            <ns3:cad>83</ns3:cad>
          </ns3:TrackPointExtension>
        </extensions>
      </trkpt>
      <trkpt lat="37.5088552571833133697509765625" lon="127.05870791338384151458740234375">
        <ele>49.200000762939453125</ele>
        <time>2026-09-17T09:17:11.000Z</time>
        <extensions>
          <ns3:TrackPointExtension>
            <ns3:hr>141</ns3:hr>
            <ns3:cad>83</ns3:cad>
          </ns3:TrackPointExtension>
        </extensions>
      </trkpt>
      <trkpt lat="37.50883162021636962890625" lon="127.0587182231247425079345703125">
        <ele>49.200000762939453125</ele>
        <time>2026-09-17T09:17:12.000Z</time>
        <extensions>
          <ns3:TrackPointExtension>
            <ns3:hr>142</ns3:hr>
            <ns3:cad>83</ns3:cad>
          </ns3:TrackPointExtension>
        </extensions>
      </trkpt>
      <trkpt lat="37.5087965838611125946044921875" lon="127.05873641185462474822998046875">
        <ele>49</ele>
        <time>2026-09-17T09:17:13.000Z</time>
        <extensions>
          <ns3:TrackPointExtension>
            <ns3:hr>141</ns3:hr>
            <ns3:cad>83</ns3:cad>
          </ns3:TrackPointExtension>
        </extensions>
      </trkpt>
      <trkpt lat="37.508768923580646514892578125" lon="127.0587463863193988800048828125">
        <ele>49</ele>
        <time>2026-09-17T09:17:14.000Z</time>
        <extensions>
          <ns3:TrackPointExtension>
            <ns3:hr>141</ns3:hr>
            <ns3:cad>83</ns3:cad>
          </ns3:TrackPointExtension>
        </extensions>
      </trkpt>
      <trkpt lat="37.50874453224241733551025390625" lon="127.058757953345775604248046875">
        <ele>49</ele>
        <time>2026-09-17T09:17:15.000Z</time>
        <extensions>
          <ns3:TrackPointExtension>
            <ns3:hr>142</ns3:hr>
            <ns3:cad>40</ns3:cad>
          </ns3:TrackPointExtension>
        </extensions>
      </trkpt>
      <trkpt lat="37.50872340984642505645751953125" lon="127.05876725725829601287841796875">
        <ele>49</ele>
        <time>2026-09-17T09:17:16.000Z</time>
        <extensions>
          <ns3:TrackPointExtension>
            <ns3:hr>141</ns3:hr>
            <ns3:cad>40</ns3:cad>
          </ns3:TrackPointExtension>
        </extensions>
      </trkpt>
      <trkpt lat="37.5087030418217182159423828125" lon="127.05877597443759441375732421875">
        <ele>49</ele>
        <time>2026-09-17T09:17:17.000Z</time>
        <extensions>
          <ns3:TrackPointExtension>
            <ns3:hr>142</ns3:hr>
            <ns3:cad>40</ns3:cad>
          </ns3:TrackPointExtension>
        </extensions>
      </trkpt>
      <trkpt lat="37.50867462716996669769287109375" lon="127.05879374407231807708740234375">
        <ele>49</ele>
        <time>2026-09-17T09:17:18.000Z</time>
        <extensions>
          <ns3:TrackPointExtension>
            <ns3:hr>142</ns3:hr>
            <ns3:cad>40</ns3:cad>
          </ns3:TrackPointExtension>
        </extensions>
      </trkpt>
      <trkpt lat="37.50865182839334011077880859375" lon="127.0588090829551219940185546875">
        <ele>49</ele>
        <time>2026-09-17T09:17:19.000Z</time>
        <extensions>
          <ns3:TrackPointExtension>
            <ns3:hr>142</ns3:hr>
            <ns3:cad>40</ns3:cad>
          </ns3:TrackPointExtension>
        </extensions>
      </trkpt>
      <trkpt lat="37.50862986780703067779541015625" lon="127.058821655809879302978515625">
        <ele>48.799999237060546875</ele>
        <time>2026-09-17T09:17:20.000Z</time>
        <extensions>
          <ns3:TrackPointExtension>
            <ns3:hr>142</ns3:hr>
            <ns3:cad>82</ns3:cad>
          </ns3:TrackPointExtension>
        </extensions>
      </trkpt>
      <trkpt lat="37.50859617255628108978271484375" lon="127.05883464775979518890380859375">
        <ele>48.799999237060546875</ele>
        <time>2026-09-17T09:17:21.000Z</time>
        <extensions>
          <ns3:TrackPointExtension>
            <ns3:hr>140</ns3:hr>
            <ns3:cad>82</ns3:cad>
          </ns3:TrackPointExtension>
        </extensions>
      </trkpt>
      <trkpt lat="37.5085739605128765106201171875" lon="127.05885551869869232177734375">
        <ele>48.799999237060546875</ele>
        <time>2026-09-17T09:17:22.000Z</time>
        <extensions>
          <ns3:TrackPointExtension>
            <ns3:hr>140</ns3:hr>
            <ns3:cad>82</ns3:cad>
          </ns3:TrackPointExtension>
        </extensions>
      </trkpt>
      <trkpt lat="37.5085360743105411529541015625" lon="127.058880329132080078125">
        <ele>48.799999237060546875</ele>
        <time>2026-09-17T09:17:23.000Z</time>
        <extensions>
          <ns3:TrackPointExtension>
            <ns3:hr>140</ns3:hr>
            <ns3:cad>82</ns3:cad>
          </ns3:TrackPointExtension>
        </extensions>
      </trkpt>
      <trkpt lat="37.5085099227726459503173828125" lon="127.05889516510069370269775390625">
        <ele>48.799999237060546875</ele>
        <time>2026-09-17T09:17:24.000Z</time>
        <extensions>
          <ns3:TrackPointExtension>
            <ns3:hr>140</ns3:hr>
            <ns3:cad>83</ns3:cad>
          </ns3:TrackPointExtension>
        </extensions>
      </trkpt>
      <trkpt lat="37.50848670490086078643798828125" lon="127.05890555866062641143798828125">
        <ele>48.799999237060546875</ele>
        <time>2026-09-17T09:17:25.000Z</time>
        <extensions>
          <ns3:TrackPointExtension>
            <ns3:hr>140</ns3:hr>
            <ns3:cad>83</ns3:cad>
          </ns3:TrackPointExtension>
        </extensions>
      </trkpt>
      <trkpt lat="37.50845636241137981414794921875" lon="127.0589187182486057281494140625">
        <ele>48.799999237060546875</ele>
        <time>2026-09-17T09:17:26.000Z</time>
        <extensions>
          <ns3:TrackPointExtension>
            <ns3:hr>141</ns3:hr>
            <ns3:cad>83</ns3:cad>
          </ns3:TrackPointExtension>
        </extensions>
      </trkpt>
      <trkpt lat="37.50843532383441925048828125" lon="127.05892902798950672149658203125">
        <ele>48.799999237060546875</ele>
        <time>2026-09-17T09:17:27.000Z</time>
        <extensions>
          <ns3:TrackPointExtension>
            <ns3:hr>141</ns3:hr>
            <ns3:cad>83</ns3:cad>
          </ns3:TrackPointExtension>
        </extensions>
      </trkpt>
      <trkpt lat="37.50840447843074798583984375" lon="127.058937661349773406982421875">
        <ele>48.59999847412109375</ele>
        <time>2026-09-17T09:17:28.000Z</time>
        <extensions>
          <ns3:TrackPointExtension>
            <ns3:hr>141</ns3:hr>
            <ns3:cad>83</ns3:cad>
          </ns3:TrackPointExtension>
        </extensions>
      </trkpt>
      <trkpt lat="37.50837924890220165252685546875" lon="127.0589428581297397613525390625">
        <ele>48.799999237060546875</ele>
        <time>2026-09-17T09:17:29.000Z</time>
        <extensions>
          <ns3:TrackPointExtension>
            <ns3:hr>140</ns3:hr>
            <ns3:cad>83</ns3:cad>
          </ns3:TrackPointExtension>
        </extensions>
      </trkpt>
      <trkpt lat="37.508359886705875396728515625" lon="127.058949060738086700439453125">
        <ele>48.59999847412109375</ele>
        <time>2026-09-17T09:17:30.000Z</time>
        <extensions>
          <ns3:TrackPointExtension>
            <ns3:hr>140</ns3:hr>
            <ns3:cad>83</ns3:cad>
          </ns3:TrackPointExtension>
        </extensions>
      </trkpt>
      <trkpt lat="37.50833666883409023284912109375" lon="127.05895400606095790863037109375">
        <ele>48.59999847412109375</ele>
        <time>2026-09-17T09:17:31.000Z</time>
        <extensions>
          <ns3:TrackPointExtension>
            <ns3:hr>139</ns3:hr>
            <ns3:cad>83</ns3:cad>
          </ns3:TrackPointExtension>
        </extensions>
      </trkpt>
      <trkpt lat="37.50832124613225460052490234375" lon="127.05895920284092426300048828125">
        <ele>48.59999847412109375</ele>
        <time>2026-09-17T09:17:32.000Z</time>
        <extensions>
          <ns3:TrackPointExtension>
            <ns3:hr>139</ns3:hr>
            <ns3:cad>84</ns3:cad>
          </ns3:TrackPointExtension>
        </extensions>
      </trkpt>
      <trkpt lat="37.50829517841339111328125" lon="127.0589656569063663482666015625">
        <ele>48.59999847412109375</ele>
        <time>2026-09-17T09:17:33.000Z</time>
        <extensions>
          <ns3:TrackPointExtension>
            <ns3:hr>139</ns3:hr>
            <ns3:cad>84</ns3:cad>
          </ns3:TrackPointExtension>
        </extensions>
      </trkpt>
      <trkpt lat="37.50827439129352569580078125" lon="127.058979570865631103515625">
        <ele>48.40000152587890625</ele>
        <time>2026-09-17T09:17:34.000Z</time>
        <extensions>
          <ns3:TrackPointExtension>
            <ns3:hr>139</ns3:hr>
            <ns3:cad>84</ns3:cad>
          </ns3:TrackPointExtension>
        </extensions>
      </trkpt>
      <trkpt lat="37.5082520954310894012451171875" lon="127.05899507738649845123291015625">
        <ele>48.40000152587890625</ele>
        <time>2026-09-17T09:17:35.000Z</time>
        <extensions>
          <ns3:TrackPointExtension>
            <ns3:hr>140</ns3:hr>
            <ns3:cad>83</ns3:cad>
          </ns3:TrackPointExtension>
        </extensions>
      </trkpt>
      <trkpt lat="37.50822250731289386749267578125" lon="127.059010080993175506591796875">
        <ele>48.40000152587890625</ele>
        <time>2026-09-17T09:17:36.000Z</time>
        <extensions>
          <ns3:TrackPointExtension>
            <ns3:hr>139</ns3:hr>
            <ns3:cad>83</ns3:cad>
          </ns3:TrackPointExtension>
        </extensions>
      </trkpt>
      <trkpt lat="37.50819518230855464935302734375" lon="127.0590243302285671234130859375">
        <ele>48.59999847412109375</ele>
        <time>2026-09-17T09:17:37.000Z</time>
        <extensions>
          <ns3:TrackPointExtension>
            <ns3:hr>139</ns3:hr>
            <ns3:cad>83</ns3:cad>
          </ns3:TrackPointExtension>
        </extensions>
      </trkpt>
      <trkpt lat="37.50815478153526782989501953125" lon="127.0590491406619548797607421875">
        <ele>48.799999237060546875</ele>
        <time>2026-09-17T09:17:38.000Z</time>
        <extensions>
          <ns3:TrackPointExtension>
            <ns3:hr>139</ns3:hr>
            <ns3:cad>83</ns3:cad>
          </ns3:TrackPointExtension>
        </extensions>
      </trkpt>
      <trkpt lat="37.50812125392258167266845703125" lon="127.059067748486995697021484375">
        <ele>48.799999237060546875</ele>
        <time>2026-09-17T09:17:39.000Z</time>
        <extensions>
          <ns3:TrackPointExtension>
            <ns3:hr>138</ns3:hr>
            <ns3:cad>83</ns3:cad>
          </ns3:TrackPointExtension>
        </extensions>
      </trkpt>
      <trkpt lat="37.508086301386356353759765625" lon="127.05908543430268764495849609375">
        <ele>49</ele>
        <time>2026-09-17T09:17:40.000Z</time>
        <extensions>
          <ns3:TrackPointExtension>
            <ns3:hr>138</ns3:hr>
            <ns3:cad>83</ns3:cad>
          </ns3:TrackPointExtension>
        </extensions>
      </trkpt>
      <trkpt lat="37.508051097393035888671875" lon="127.05909834243357181549072265625">
        <ele>49</ele>
        <time>2026-09-17T09:17:41.000Z</time>
        <extensions>
          <ns3:TrackPointExtension>
            <ns3:hr>138</ns3:hr>
            <ns3:cad>84</ns3:cad>
          </ns3:TrackPointExtension>
        </extensions>
      </trkpt>
      <trkpt lat="37.50802352093160152435302734375" lon="127.05911477096378803253173828125">
        <ele>49</ele>
        <time>2026-09-17T09:17:42.000Z</time>
        <extensions>
          <ns3:TrackPointExtension>
            <ns3:hr>138</ns3:hr>
            <ns3:cad>84</ns3:cad>
          </ns3:TrackPointExtension>
        </extensions>
      </trkpt>
      <trkpt lat="37.5079825334250926971435546875" lon="127.05912910401821136474609375">
        <ele>49</ele>
        <time>2026-09-17T09:17:43.000Z</time>
        <extensions>
          <ns3:TrackPointExtension>
            <ns3:hr>138</ns3:hr>
            <ns3:cad>84</ns3:cad>
          </ns3:TrackPointExtension>
        </extensions>
      </trkpt>
      <trkpt lat="37.507950849831104278564453125" lon="127.05913673155009746551513671875">
        <ele>49</ele>
        <time>2026-09-17T09:17:44.000Z</time>
        <extensions>
          <ns3:TrackPointExtension>
            <ns3:hr>138</ns3:hr>
            <ns3:cad>84</ns3:cad>
          </ns3:TrackPointExtension>
        </extensions>
      </trkpt>
      <trkpt lat="37.5079181604087352752685546875" lon="127.05914913676679134368896484375">
        <ele>49</ele>
        <time>2026-09-17T09:17:45.000Z</time>
        <extensions>
          <ns3:TrackPointExtension>
            <ns3:hr>138</ns3:hr>
            <ns3:cad>84</ns3:cad>
          </ns3:TrackPointExtension>
        </extensions>
      </trkpt>
      <trkpt lat="37.50788337551057338714599609375" lon="127.0591472089290618896484375">
        <ele>48.799999237060546875</ele>
        <time>2026-09-17T09:17:46.000Z</time>
        <extensions>
          <ns3:TrackPointExtension>
            <ns3:hr>139</ns3:hr>
            <ns3:cad>84</ns3:cad>
          </ns3:TrackPointExtension>
        </extensions>
      </trkpt>
      <trkpt lat="37.50785839743912220001220703125" lon="127.05915466882288455963134765625">
        <ele>48.799999237060546875</ele>
        <time>2026-09-17T09:17:47.000Z</time>
        <extensions>
          <ns3:TrackPointExtension>
            <ns3:hr>139</ns3:hr>
            <ns3:cad>84</ns3:cad>
          </ns3:TrackPointExtension>
        </extensions>
      </trkpt>
      <trkpt lat="37.50782109797000885009765625" lon="127.05916053615510463714599609375">
        <ele>48.799999237060546875</ele>
        <time>2026-09-17T09:17:48.000Z</time>
        <extensions>
          <ns3:TrackPointExtension>
            <ns3:hr>139</ns3:hr>
            <ns3:cad>84</ns3:cad>
          </ns3:TrackPointExtension>
        </extensions>
      </trkpt>
      <trkpt lat="37.5077870674431324005126953125" lon="127.05916271544992923736572265625">
        <ele>48.59999847412109375</ele>
        <time>2026-09-17T09:17:49.000Z</time>
        <extensions>
          <ns3:TrackPointExtension>
            <ns3:hr>140</ns3:hr>
            <ns3:cad>84</ns3:cad>
          </ns3:TrackPointExtension>
        </extensions>
      </trkpt>
      <trkpt lat="37.507756389677524566650390625" lon="127.05917713232338428497314453125">
        <ele>48.40000152587890625</ele>
        <time>2026-09-17T09:17:50.000Z</time>
        <extensions>
          <ns3:TrackPointExtension>
            <ns3:hr>140</ns3:hr>
            <ns3:cad>84</ns3:cad>
          </ns3:TrackPointExtension>
        </extensions>
      </trkpt>
      <trkpt lat="37.50772763974964618682861328125" lon="127.059191800653934478759765625">
        <ele>48.40000152587890625</ele>
        <time>2026-09-17T09:17:51.000Z</time>
        <extensions>
          <ns3:TrackPointExtension>
            <ns3:hr>140</ns3:hr>
            <ns3:cad>84</ns3:cad>
          </ns3:TrackPointExtension>
        </extensions>
      </trkpt>
      <trkpt lat="37.5076680444180965423583984375" lon="127.05922809429466724395751953125">
        <ele>48.200000762939453125</ele>
        <time>2026-09-17T09:17:52.000Z</time>
        <extensions>
          <ns3:TrackPointExtension>
            <ns3:hr>140</ns3:hr>
            <ns3:cad>84</ns3:cad>
          </ns3:TrackPointExtension>
        </extensions>
      </trkpt>
      <trkpt lat="37.5076485984027385711669921875" lon="127.05925810150802135467529296875">
        <ele>48.200000762939453125</ele>
        <time>2026-09-17T09:17:53.000Z</time>
        <extensions>
          <ns3:TrackPointExtension>
            <ns3:hr>141</ns3:hr>
            <ns3:cad>84</ns3:cad>
          </ns3:TrackPointExtension>
        </extensions>
      </trkpt>
      <trkpt lat="37.50762688927352428436279296875" lon="127.05928173847496509552001953125">
        <ele>48.200000762939453125</ele>
        <time>2026-09-17T09:17:54.000Z</time>
        <extensions>
          <ns3:TrackPointExtension>
            <ns3:hr>141</ns3:hr>
            <ns3:cad>84</ns3:cad>
          </ns3:TrackPointExtension>
        </extensions>
      </trkpt>
      <trkpt lat="37.5076113827526569366455078125" lon="127.05930487252771854400634765625">
        <ele>48.40000152587890625</ele>
        <time>2026-09-17T09:17:55.000Z</time>
        <extensions>
          <ns3:TrackPointExtension>
            <ns3:hr>141</ns3:hr>
            <ns3:cad>84</ns3:cad>
          </ns3:TrackPointExtension>
        </extensions>
      </trkpt>
      <trkpt lat="37.507591433823108673095703125" lon="127.0593344606459140777587890625">
        <ele>48.40000152587890625</ele>
        <time>2026-09-17T09:17:56.000Z</time>
        <extensions>
          <ns3:TrackPointExtension>
            <ns3:hr>141</ns3:hr>
            <ns3:cad>84</ns3:cad>
          </ns3:TrackPointExtension>
        </extensions>
      </trkpt>
      <trkpt lat="37.5075765140354633331298828125" lon="127.05935499630868434906005859375">
        <ele>48.40000152587890625</ele>
        <time>2026-09-17T09:17:57.000Z</time>
        <extensions>
          <ns3:TrackPointExtension>
            <ns3:hr>141</ns3:hr>
            <ns3:cad>83</ns3:cad>
          </ns3:TrackPointExtension>
        </extensions>
      </trkpt>
      <trkpt lat="37.50756301917135715484619140625" lon="127.059365473687648773193359375">
        <ele>48.59999847412109375</ele>
        <time>2026-09-17T09:17:58.000Z</time>
        <extensions>
          <ns3:TrackPointExtension>
            <ns3:hr>141</ns3:hr>
            <ns3:cad>83</ns3:cad>
          </ns3:TrackPointExtension>
        </extensions>
      </trkpt>
      <trkpt lat="37.50753971748054027557373046875" lon="127.05938936211168766021728515625">
        <ele>48.59999847412109375</ele>
        <time>2026-09-17T09:17:59.000Z</time>
        <extensions>
          <ns3:TrackPointExtension>
            <ns3:hr>141</ns3:hr>
            <ns3:cad>83</ns3:cad>
          </ns3:TrackPointExtension>
        </extensions>
      </trkpt>
      <trkpt lat="37.5075079500675201416015625" lon="127.059403695166110992431640625">
        <ele>48.59999847412109375</ele>
        <time>2026-09-17T09:18:00.000Z</time>
        <extensions>
          <ns3:TrackPointExtension>
            <ns3:hr>141</ns3:hr>
            <ns3:cad>83</ns3:cad>
          </ns3:TrackPointExtension>
        </extensions>
      </trkpt>
    </trkseg>
  </trk>
</gpx>
