<gpx xmlns:ns3="http://www.garmin.com/xmlschemas/TrackPointExtension/v1" xmlns="http://www.topografix.com/GPX/1/1" xmlns:xsi="http://www.w3.org/2001/XMLSchema-instance" xmlns:ns2="http://www.garmin.com/xmlschemas/GpxExtensions/v3" creator="Garmin Connect" version="1.1" xsi:schemaLocation="http://www.topografix.com/GPX/1/1 http://www.topografix.com/GPX/11.xsd">
  <extensions>
<distance>4008.29</distance>
<average_hr>141.0</average_hr>
<average_speed>3.2179999351501465</average_speed>
<start_time>2026-09-27T12:42:12+00:00</start_time>
<end_time>2026-09-27T13:02:57.440000+00:00</end_time>
<moving_time>1242.601</moving_time>
<elapsed_time>1245.44</elapsed_time>
</extensions>
<metadata>
    <link href="connect.garmin.com">
      <text>Garmin Connect</text>
    </link>
    <time>2026-09-27T12:42:12.000Z</time>
  </metadata>
  <trk>
    <name>Running</name>
    <type>running</type>
    <trkseg>
      <trkpt lat="37.50741700641810894012451171875" lon="127.05924653448164463043212890625">
        <ele>47.799999237060546875</ele>
        <time>2026-09-27T12:42:12.000Z</time>
        <extensions>
          <ns3:TrackPointExtension>
            <ns3:hr>84</ns3:hr>
            <ns3:cad>0</ns3:cad>
          </ns3:TrackPointExtension>
        </extensions>
      </trkpt>
      <trkpt lat="37.50741742551326751708984375" lon="127.05927520059049129486083984375">
        <ele>48</ele>
        <time>2026-09-27T12:42:13.000Z</time>
        <extensions>
          <ns3:TrackPointExtension>
            <ns3:hr>82</ns3:hr>
            <ns3:cad>0</ns3:cad>
          </ns3:TrackPointExtension>
        </extensions>
      </trkpt>
      <trkpt lat="37.50737719237804412841796875" lon="127.05933420918881893157958984375">
        <ele>48</ele>
        <time>2026-09-27T12:42:14.000Z</time>
        <extensions>
          <ns3:TrackPointExtension>
            <ns3:hr>82</ns3:hr>
            <ns3:cad>0</ns3:cad>
          </ns3:TrackPointExtension>
        </extensions>
      </trkpt>
      <trkpt lat="37.50736244022846221923828125" lon="127.0593644678592681884765625">
        <ele>47.799999237060546875</ele>
        <time>2026-09-27T12:42:15.000Z</time>
        <extensions>
          <ns3:TrackPointExtension>
            <ns3:hr>82</ns3:hr>
            <ns3:cad>0</ns3:cad>
          </ns3:TrackPointExtension>
        </extensions>
      </trkpt>
      <trkpt lat="37.50734902918338775634765625" lon="127.0594115741550922393798828125">
        <ele>47.59999847412109375</ele>
        <time>2026-09-27T12:42:16.000Z</time>
        <extensions>
          <ns3:TrackPointExtension>
            <ns3:hr>82</ns3:hr>
            <ns3:cad>0</ns3:cad>
          </ns3:TrackPointExtension>
        </extensions>
      </trkpt>
      <trkpt lat="37.5073465146124362945556640625" lon="127.059445939958095550537109375">
        <ele>47.59999847412109375</ele>
        <time>2026-09-27T12:42:17.000Z</time>
        <extensions>
          <ns3:TrackPointExtension>
            <ns3:hr>83</ns3:hr>
            <ns3:cad>0</ns3:cad>
          </ns3:TrackPointExtension>
        </extensions>
      </trkpt>
      <trkpt lat="37.5073575787246227264404296875" lon="127.05946865491569042205810546875">
        <ele>47.59999847412109375</ele>
        <time>2026-09-27T12:42:18.000Z</time>
        <extensions>
          <ns3:TrackPointExtension>
            <ns3:hr>85</ns3:hr>
            <ns3:cad>80</ns3:cad>
          </ns3:TrackPointExtension>
        </extensions>
      </trkpt>
      <trkpt lat="37.50736889429390430450439453125" lon="127.05949983559548854827880859375">
        <ele>47.40000152587890625</ele>
        <time>2026-09-27T12:42:19.000Z</time>
        <extensions>
          <ns3:TrackPointExtension>
            <ns3:hr>86</ns3:hr>
            <ns3:cad>80</ns3:cad>
          </ns3:TrackPointExtension>
        </extensions>
      </trkpt>
      <trkpt lat="37.50737962312996387481689453125" lon="127.0595155097544193267822265625">
        <ele>47.40000152587890625</ele>
        <time>2026-09-27T12:42:20.000Z</time>
        <extensions>
          <ns3:TrackPointExtension>
            <ns3:hr>87</ns3:hr>
            <ns3:cad>80</ns3:cad>
          </ns3:TrackPointExtension>
        </extensions>
      </trkpt>
      <trkpt lat="37.507398314774036407470703125" lon="127.059532105922698974609375">
        <ele>47.40000152587890625</ele>
        <time>2026-09-27T12:42:21.000Z</time>
        <extensions>
          <ns3:TrackPointExtension>
            <ns3:hr>88</ns3:hr>
            <ns3:cad>81</ns3:cad>
          </ns3:TrackPointExtension>
        </extensions>
      </trkpt>
      <trkpt lat="37.5074236281216144561767578125" lon="127.05952397547662258148193359375">
        <ele>47.40000152587890625</ele>
        <time>2026-09-27T12:42:22.000Z</time>
        <extensions>
          <ns3:TrackPointExtension>
            <ns3:hr>89</ns3:hr>
            <ns3:cad>82</ns3:cad>
          </ns3:TrackPointExtension>
        </extensions>
      </trkpt>
      <trkpt lat="37.50744584016501903533935546875" lon="127.05951995216310024261474609375">
        <ele>47.200000762939453125</ele>
        <time>2026-09-27T12:42:23.000Z</time>
        <extensions>
          <ns3:TrackPointExtension>
            <ns3:hr>91</ns3:hr>
            <ns3:cad>82</ns3:cad>
          </ns3:TrackPointExtension>
        </extensions>
      </trkpt>
      <trkpt lat="37.5074715726077556610107421875" lon="127.059501595795154571533203125">
        <ele>46.799999237060546875</ele>
        <time>2026-09-27T12:42:24.000Z</time>
        <extensions>
          <ns3:TrackPointExtension>
            <ns3:hr>92</ns3:hr>
            <ns3:cad>82</ns3:cad>
          </ns3:TrackPointExtension>
        </extensions>
      </trkpt>
      <trkpt lat="37.5075007416307926177978515625" lon="127.05949178896844387054443359375">
        <ele>46.799999237060546875</ele>
        <time>2026-09-27T12:42:25.000Z</time>
        <extensions>
          <ns3:TrackPointExtension>
            <ns3:hr>93</ns3:hr>
            <ns3:cad>82</ns3:cad>
          </ns3:TrackPointExtension>
        </extensions>
      </trkpt>
      <trkpt lat="37.5075255520641803741455078125" lon="127.05948072485625743865966796875">
        <ele>46.799999237060546875</ele>
        <time>2026-09-27T12:42:26.000Z</time>
        <extensions>
          <ns3:TrackPointExtension>
            <ns3:hr>94</ns3:hr>
            <ns3:cad>82</ns3:cad>
          </ns3:TrackPointExtension>
        </extensions>
      </trkpt>
      <trkpt lat="37.50756251625716686248779296875" lon="127.05946496687829494476318359375">
        <ele>46.799999237060546875</ele>
        <time>2026-09-27T12:42:27.000Z</time>
        <extensions>
          <ns3:TrackPointExtension>
            <ns3:hr>95</ns3:hr>
            <ns3:cad>82</ns3:cad>
          </ns3:TrackPointExtension>
        </extensions>
      </trkpt>
      <trkpt lat="37.50759000889956951141357421875" lon="127.059438228607177734375">
        <ele>46.799999237060546875</ele>
        <time>2026-09-27T12:42:28.000Z</time>
        <extensions>
          <ns3:TrackPointExtension>
            <ns3:hr>96</ns3:hr>
            <ns3:cad>82</ns3:cad>
          </ns3:TrackPointExtension>
        </extensions>
      </trkpt>
      <trkpt lat="37.507626973092555999755859375" lon="127.05941350199282169342041015625">
        <ele>46.799999237060546875</ele>
        <time>2026-09-27T12:42:29.000Z</time>
        <extensions>
          <ns3:TrackPointExtension>
            <ns3:hr>97</ns3:hr>
            <ns3:cad>82</ns3:cad>
          </ns3:TrackPointExtension>
        </extensions>
      </trkpt>
      <trkpt lat="37.507667876780033111572265625" lon="127.0594105683267116546630859375">
        <ele>46.799999237060546875</ele>
        <time>2026-09-27T12:42:30.000Z</time>
        <extensions>
          <ns3:TrackPointExtension>
            <ns3:hr>99</ns3:hr>
            <ns3:cad>82</ns3:cad>
          </ns3:TrackPointExtension>
        </extensions>
      </trkpt>
      <trkpt lat="37.50770333223044872283935546875" lon="127.05940947867929935455322265625">
        <ele>46.799999237060546875</ele>
        <time>2026-09-27T12:42:31.000Z</time>
        <extensions>
          <ns3:TrackPointExtension>
            <ns3:hr>100</ns3:hr>
            <ns3:cad>82</ns3:cad>
          </ns3:TrackPointExtension>
        </extensions>
      </trkpt>
      <trkpt lat="37.50774339772760868072509765625" lon="127.05943219363689422607421875">
        <ele>46.799999237060546875</ele>
        <time>2026-09-27T12:42:32.000Z</time>
        <extensions>
          <ns3:TrackPointExtension>
            <ns3:hr>101</ns3:hr>
            <ns3:cad>81</ns3:cad>
          </ns3:TrackPointExtension>
        </extensions>
      </trkpt>
      <trkpt lat="37.507771812379360198974609375" lon="127.05945901572704315185546875">
        <ele>46.59999847412109375</ele>
        <time>2026-09-27T12:42:33.000Z</time>
        <extensions>
          <ns3:TrackPointExtension>
            <ns3:hr>103</ns3:hr>
            <ns3:cad>81</ns3:cad>
          </ns3:TrackPointExtension>
        </extensions>
      </trkpt>
      <trkpt lat="37.5077917613089084625244140625" lon="127.059486173093318939208984375">
        <ele>46.59999847412109375</ele>
        <time>2026-09-27T12:42:34.000Z</time>
        <extensions>
          <ns3:TrackPointExtension>
            <ns3:hr>104</ns3:hr>
            <ns3:cad>81</ns3:cad>
          </ns3:TrackPointExtension>
        </extensions>
      </trkpt>
      <trkpt lat="37.50781598500907421112060546875" lon="127.05953034572303295135498046875">
        <ele>46.59999847412109375</ele>
        <time>2026-09-27T12:42:35.000Z</time>
        <extensions>
          <ns3:TrackPointExtension>
            <ns3:hr>105</ns3:hr>
            <ns3:cad>81</ns3:cad>
          </ns3:TrackPointExtension>
        </extensions>
      </trkpt>
      <trkpt lat="37.50782554037868976593017578125" lon="127.0595533959567546844482421875">
        <ele>46.59999847412109375</ele>
        <time>2026-09-27T12:42:36.000Z</time>
        <extensions>
          <ns3:TrackPointExtension>
            <ns3:hr>106</ns3:hr>
            <ns3:cad>81</ns3:cad>
          </ns3:TrackPointExtension>
        </extensions>
      </trkpt>
      <trkpt lat="37.50784196890890598297119140625" lon="127.0595919527113437652587890625">
        <ele>46.40000152587890625</ele>
        <time>2026-09-27T12:42:37.000Z</time>
        <extensions>
          <ns3:TrackPointExtension>
            <ns3:hr>107</ns3:hr>
            <ns3:cad>81</ns3:cad>
          </ns3:TrackPointExtension>
        </extensions>
      </trkpt>
      <trkpt lat="37.50785169191658496856689453125" lon="127.059634365141391754150390625">
        <ele>46.40000152587890625</ele>
        <time>2026-09-27T12:42:38.000Z</time>
        <extensions>
          <ns3:TrackPointExtension>
            <ns3:hr>109</ns3:hr>
            <ns3:cad>81</ns3:cad>
          </ns3:TrackPointExtension>
        </extensions>
      </trkpt>
      <trkpt lat="37.50786091201007366180419921875" lon="127.059660851955413818359375">
        <ele>46.59999847412109375</ele>
        <time>2026-09-27T12:42:39.000Z</time>
        <extensions>
          <ns3:TrackPointExtension>
            <ns3:hr>110</ns3:hr>
            <ns3:cad>82</ns3:cad>
          </ns3:TrackPointExtension>
        </extensions>
      </trkpt>
      <trkpt lat="37.50787608325481414794921875" lon="127.05970502458512783050537109375">
        <ele>46.59999847412109375</ele>
        <time>2026-09-27T12:42:40.000Z</time>
        <extensions>
          <ns3:TrackPointExtension>
            <ns3:hr>111</ns3:hr>
            <ns3:cad>82</ns3:cad>
          </ns3:TrackPointExtension>
        </extensions>
      </trkpt>
      <trkpt lat="37.50788354314863681793212890625" lon="127.0597384683787822723388671875">
        <ele>46.40000152587890625</ele>
        <time>2026-09-27T12:42:41.000Z</time>
        <extensions>
          <ns3:TrackPointExtension>
            <ns3:hr>112</ns3:hr>
            <ns3:cad>82</ns3:cad>
          </ns3:TrackPointExtension>
        </extensions>
      </trkpt>
      <trkpt lat="37.5078943558037281036376953125" lon="127.059768475592136383056640625">
        <ele>46.40000152587890625</ele>
        <time>2026-09-27T12:42:42.000Z</time>
        <extensions>
          <ns3:TrackPointExtension>
            <ns3:hr>113</ns3:hr>
            <ns3:cad>83</ns3:cad>
          </ns3:TrackPointExtension>
        </extensions>
      </trkpt>
      <trkpt lat="37.507907934486865997314453125" lon="127.05980828963220119476318359375">
        <ele>46.40000152587890625</ele>
        <time>2026-09-27T12:42:43.000Z</time>
        <extensions>
          <ns3:TrackPointExtension>
            <ns3:hr>115</ns3:hr>
            <ns3:cad>83</ns3:cad>
          </ns3:TrackPointExtension>
        </extensions>
      </trkpt>
      <trkpt lat="37.50791505910456180572509765625" lon="127.059830836951732635498046875">
        <ele>46.40000152587890625</ele>
        <time>2026-09-27T12:42:44.000Z</time>
        <extensions>
          <ns3:TrackPointExtension>
            <ns3:hr>116</ns3:hr>
            <ns3:cad>83</ns3:cad>
          </ns3:TrackPointExtension>
        </extensions>
      </trkpt>
      <trkpt lat="37.5079210102558135986328125" lon="127.0598714053630828857421875">
        <ele>46.40000152587890625</ele>
        <time>2026-09-27T12:42:45.000Z</time>
        <extensions>
          <ns3:TrackPointExtension>
            <ns3:hr>117</ns3:hr>
            <ns3:cad>82</ns3:cad>
          </ns3:TrackPointExtension>
        </extensions>
      </trkpt>
      <trkpt lat="37.507927380502223968505859375" lon="127.05991440452635288238525390625">
        <ele>46.40000152587890625</ele>
        <time>2026-09-27T12:42:46.000Z</time>
        <extensions>
          <ns3:TrackPointExtension>
            <ns3:hr>118</ns3:hr>
            <ns3:cad>82</ns3:cad>
          </ns3:TrackPointExtension>
        </extensions>
      </trkpt>
      <trkpt lat="37.5079295597970485687255859375" lon="127.0599460043013095855712890625">
        <ele>46.200000762939453125</ele>
        <time>2026-09-27T12:42:47.000Z</time>
        <extensions>
          <ns3:TrackPointExtension>
            <ns3:hr>119</ns3:hr>
            <ns3:cad>82</ns3:cad>
          </ns3:TrackPointExtension>
        </extensions>
      </trkpt>
      <trkpt lat="37.50793215818703174591064453125" lon="127.05999755300581455230712890625">
        <ele>46.200000762939453125</ele>
        <time>2026-09-27T12:42:48.000Z</time>
        <extensions>
          <ns3:TrackPointExtension>
            <ns3:hr>120</ns3:hr>
            <ns3:cad>82</ns3:cad>
          </ns3:TrackPointExtension>
        </extensions>
      </trkpt>
      <trkpt lat="37.507938779890537261962890625" lon="127.06002605147659778594970703125">
        <ele>46.200000762939453125</ele>
        <time>2026-09-27T12:42:49.000Z</time>
        <extensions>
          <ns3:TrackPointExtension>
            <ns3:hr>121</ns3:hr>
            <ns3:cad>82</ns3:cad>
          </ns3:TrackPointExtension>
        </extensions>
      </trkpt>
      <trkpt lat="37.50794540159404277801513671875" lon="127.06005656160414218902587890625">
        <ele>46.200000762939453125</ele>
        <time>2026-09-27T12:42:50.000Z</time>
        <extensions>
          <ns3:TrackPointExtension>
            <ns3:hr>122</ns3:hr>
            <ns3:cad>82</ns3:cad>
          </ns3:TrackPointExtension>
        </extensions>
      </trkpt>
      <trkpt lat="37.5079580582678318023681640625" lon="127.060091011226177215576171875">
        <ele>46.200000762939453125</ele>
        <time>2026-09-27T12:42:51.000Z</time>
        <extensions>
          <ns3:TrackPointExtension>
            <ns3:hr>123</ns3:hr>
            <ns3:cad>82</ns3:cad>
          </ns3:TrackPointExtension>
        </extensions>
      </trkpt>
      <trkpt lat="37.5079684518277645111083984375" lon="127.06011439673602581024169921875">
        <ele>46.200000762939453125</ele>
        <time>2026-09-27T12:42:52.000Z</time>
        <extensions>
          <ns3:TrackPointExtension>
            <ns3:hr>124</ns3:hr>
            <ns3:cad>82</ns3:cad>
          </ns3:TrackPointExtension>
        </extensions>
      </trkpt>
      <trkpt lat="37.5079853832721710205078125" lon="127.06014658324420452117919921875">
        <ele>46.200000762939453125</ele>
        <time>2026-09-27T12:42:53.000Z</time>
        <extensions>
          <ns3:TrackPointExtension>
            <ns3:hr>125</ns3:hr>
            <ns3:cad>82</ns3:cad>
          </ns3:TrackPointExtension>
        </extensions>
      </trkpt>
      <trkpt lat="37.5080003030598163604736328125" lon="127.0601744949817657470703125">
        <ele>46.200000762939453125</ele>
        <time>2026-09-27T12:42:54.000Z</time>
        <extensions>
          <ns3:TrackPointExtension>
            <ns3:hr>126</ns3:hr>
            <ns3:cad>82</ns3:cad>
          </ns3:TrackPointExtension>
        </extensions>
      </trkpt>
      <trkpt lat="37.5080095231533050537109375" lon="127.060208357870578765869140625">
        <ele>46.200000762939453125</ele>
        <time>2026-09-27T12:42:55.000Z</time>
        <extensions>
          <ns3:TrackPointExtension>
            <ns3:hr>127</ns3:hr>
            <ns3:cad>82</ns3:cad>
          </ns3:TrackPointExtension>
        </extensions>
      </trkpt>
      <trkpt lat="37.508027963340282440185546875" lon="127.0602477528154850006103515625">
        <ele>46.200000762939453125</ele>
        <time>2026-09-27T12:42:56.000Z</time>
        <extensions>
          <ns3:TrackPointExtension>
            <ns3:hr>127</ns3:hr>
            <ns3:cad>82</ns3:cad>
          </ns3:TrackPointExtension>
        </extensions>
      </trkpt>
      <trkpt lat="37.50803777016699314117431640625" lon="127.06027382053434848785400390625">
        <ele>46.200000762939453125</ele>
        <time>2026-09-27T12:42:57.000Z</time>
        <extensions>
          <ns3:TrackPointExtension>
            <ns3:hr>128</ns3:hr>
            <ns3:cad>82</ns3:cad>
          </ns3:TrackPointExtension>
        </extensions>
      </trkpt>
      <trkpt lat="37.50805176794528961181640625" lon="127.060309611260890960693359375">
        <ele>46.200000762939453125</ele>
        <time>2026-09-27T12:42:58.000Z</time>
        <extensions>
          <ns3:TrackPointExtension>
            <ns3:hr>128</ns3:hr>
            <ns3:cad>82</ns3:cad>
          </ns3:TrackPointExtension>
        </extensions>
      </trkpt>
      <trkpt lat="37.5080663524568080902099609375" lon="127.06034959293901920318603515625">
        <ele>46.200000762939453125</ele>
        <time>2026-09-27T12:42:59.000Z</time>
        <extensions>
          <ns3:TrackPointExtension>
            <ns3:hr>129</ns3:hr>
            <ns3:cad>82</ns3:cad>
          </ns3:TrackPointExtension>
        </extensions>
      </trkpt>
      <trkpt lat="37.50807431526482105255126953125" lon="127.06037742085754871368408203125">
        <ele>46.200000762939453125</ele>
        <time>2026-09-27T12:43:00.000Z</time>
        <extensions>
          <ns3:TrackPointExtension>
            <ns3:hr>130</ns3:hr>
            <ns3:cad>83</ns3:cad>
          </ns3:TrackPointExtension>
        </extensions>
      </trkpt>
      <trkpt lat="37.50808873213827610015869140625" lon="127.06042016856372356414794921875">
        <ele>46</ele>
        <time>2026-09-27T12:43:01.000Z</time>
        <extensions>
          <ns3:TrackPointExtension>
            <ns3:hr>130</ns3:hr>
            <ns3:cad>83</ns3:cad>
          </ns3:TrackPointExtension>
        </extensions>
      </trkpt>
      <trkpt lat="37.50810348428785800933837890625" lon="127.0604561269283294677734375">
        <ele>45.799999237060546875</ele>
        <time>2026-09-27T12:43:02.000Z</time>
        <extensions>
          <ns3:TrackPointExtension>
            <ns3:hr>131</ns3:hr>
            <ns3:cad>83</ns3:cad>
          </ns3:TrackPointExtension>
        </extensions>
      </trkpt>
      <trkpt lat="37.5081106089055538177490234375" lon="127.0604800991714000701904296875">
        <ele>45.799999237060546875</ele>
        <time>2026-09-27T12:43:03.000Z</time>
        <extensions>
          <ns3:TrackPointExtension>
            <ns3:hr>131</ns3:hr>
            <ns3:cad>83</ns3:cad>
          </ns3:TrackPointExtension>
        </extensions>
      </trkpt>
      <trkpt lat="37.50812443904578685760498046875" lon="127.06051924265921115875244140625">
        <ele>45.799999237060546875</ele>
        <time>2026-09-27T12:43:04.000Z</time>
        <extensions>
          <ns3:TrackPointExtension>
            <ns3:hr>132</ns3:hr>
            <ns3:cad>83</ns3:cad>
          </ns3:TrackPointExtension>
        </extensions>
      </trkpt>
      <trkpt lat="37.50812712125480175018310546875" lon="127.06055478192865848541259765625">
        <ele>45.799999237060546875</ele>
        <time>2026-09-27T12:43:05.000Z</time>
        <extensions>
          <ns3:TrackPointExtension>
            <ns3:hr>132</ns3:hr>
            <ns3:cad>82</ns3:cad>
          </ns3:TrackPointExtension>
        </extensions>
      </trkpt>
      <trkpt lat="37.50814086757600307464599609375" lon="127.060589231550693511962890625">
        <ele>45.59999847412109375</ele>
        <time>2026-09-27T12:43:06.000Z</time>
        <extensions>
          <ns3:TrackPointExtension>
            <ns3:hr>132</ns3:hr>
            <ns3:cad>81</ns3:cad>
          </ns3:TrackPointExtension>
        </extensions>
      </trkpt>
      <trkpt lat="37.508144639432430267333984375" lon="127.06063357181847095489501953125">
        <ele>45.59999847412109375</ele>
        <time>2026-09-27T12:43:07.000Z</time>
        <extensions>
          <ns3:TrackPointExtension>
            <ns3:hr>133</ns3:hr>
            <ns3:cad>81</ns3:cad>
          </ns3:TrackPointExtension>
        </extensions>
      </trkpt>
      <trkpt lat="37.50814430415630340576171875" lon="127.0606614835560321807861328125">
        <ele>45.59999847412109375</ele>
        <time>2026-09-27T12:43:08.000Z</time>
        <extensions>
          <ns3:TrackPointExtension>
            <ns3:hr>133</ns3:hr>
            <ns3:cad>81</ns3:cad>
          </ns3:TrackPointExtension>
        </extensions>
      </trkpt>
      <trkpt lat="37.50815629027783870697021484375" lon="127.0607017166912555694580078125">
        <ele>45.59999847412109375</ele>
        <time>2026-09-27T12:43:09.000Z</time>
        <extensions>
          <ns3:TrackPointExtension>
            <ns3:hr>133</ns3:hr>
            <ns3:cad>81</ns3:cad>
          </ns3:TrackPointExtension>
        </extensions>
      </trkpt>
      <trkpt lat="37.50816098414361476898193359375" lon="127.0607362501323223114013671875">
        <ele>45.59999847412109375</ele>
        <time>2026-09-27T12:43:10.000Z</time>
        <extensions>
          <ns3:TrackPointExtension>
            <ns3:hr>134</ns3:hr>
            <ns3:cad>83</ns3:cad>
          </ns3:TrackPointExtension>
        </extensions>
      </trkpt>
      <trkpt lat="37.508165426552295684814453125" lon="127.0607684366405010223388671875">
        <ele>45.59999847412109375</ele>
        <time>2026-09-27T12:43:11.000Z</time>
        <extensions>
          <ns3:TrackPointExtension>
            <ns3:hr>134</ns3:hr>
            <ns3:cad>83</ns3:cad>
          </ns3:TrackPointExtension>
        </extensions>
      </trkpt>
      <trkpt lat="37.5081785023212432861328125" lon="127.06081411801278591156005859375">
        <ele>45.59999847412109375</ele>
        <time>2026-09-27T12:43:12.000Z</time>
        <extensions>
          <ns3:TrackPointExtension>
            <ns3:hr>135</ns3:hr>
            <ns3:cad>83</ns3:cad>
          </ns3:TrackPointExtension>
        </extensions>
      </trkpt>
      <trkpt lat="37.50817925669252872467041015625" lon="127.0608495734632015228271484375">
        <ele>45.59999847412109375</ele>
        <time>2026-09-27T12:43:13.000Z</time>
        <extensions>
          <ns3:TrackPointExtension>
            <ns3:hr>135</ns3:hr>
            <ns3:cad>83</ns3:cad>
          </ns3:TrackPointExtension>
        </extensions>
      </trkpt>
      <trkpt lat="37.50819099135696887969970703125" lon="127.06088134087622165679931640625">
        <ele>45.59999847412109375</ele>
        <time>2026-09-27T12:43:14.000Z</time>
        <extensions>
          <ns3:TrackPointExtension>
            <ns3:hr>136</ns3:hr>
            <ns3:cad>83</ns3:cad>
          </ns3:TrackPointExtension>
        </extensions>
      </trkpt>
      <trkpt lat="37.5081994570791721343994140625" lon="127.06092056818306446075439453125">
        <ele>45.59999847412109375</ele>
        <time>2026-09-27T12:43:15.000Z</time>
        <extensions>
          <ns3:TrackPointExtension>
            <ns3:hr>136</ns3:hr>
            <ns3:cad>82</ns3:cad>
          </ns3:TrackPointExtension>
        </extensions>
      </trkpt>
      <trkpt lat="37.50820524059236049652099609375" lon="127.0609484799206256866455078125">
        <ele>45.59999847412109375</ele>
        <time>2026-09-27T12:43:16.000Z</time>
        <extensions>
          <ns3:TrackPointExtension>
            <ns3:hr>137</ns3:hr>
            <ns3:cad>82</ns3:cad>
          </ns3:TrackPointExtension>
        </extensions>
      </trkpt>
      <trkpt lat="37.50821940600872039794921875" lon="127.060982845723628997802734375">
        <ele>45.59999847412109375</ele>
        <time>2026-09-27T12:43:17.000Z</time>
        <extensions>
          <ns3:TrackPointExtension>
            <ns3:hr>137</ns3:hr>
            <ns3:cad>82</ns3:cad>
          </ns3:TrackPointExtension>
        </extensions>
      </trkpt>
      <trkpt lat="37.508229799568653106689453125" lon="127.061018049716949462890625">
        <ele>45.59999847412109375</ele>
        <time>2026-09-27T12:43:18.000Z</time>
        <extensions>
          <ns3:TrackPointExtension>
            <ns3:hr>137</ns3:hr>
            <ns3:cad>81</ns3:cad>
          </ns3:TrackPointExtension>
        </extensions>
      </trkpt>
      <trkpt lat="37.50824547372758388519287109375" lon="127.06103942357003688812255859375">
        <ele>45.40000152587890625</ele>
        <time>2026-09-27T12:43:19.000Z</time>
        <extensions>
          <ns3:TrackPointExtension>
            <ns3:hr>138</ns3:hr>
            <ns3:cad>81</ns3:cad>
          </ns3:TrackPointExtension>
        </extensions>
      </trkpt>
      <trkpt lat="37.5082410313189029693603515625" lon="127.0610849373042583465576171875">
        <ele>45.40000152587890625</ele>
        <time>2026-09-27T12:43:20.000Z</time>
        <extensions>
          <ns3:TrackPointExtension>
            <ns3:hr>138</ns3:hr>
            <ns3:cad>81</ns3:cad>
          </ns3:TrackPointExtension>
        </extensions>
      </trkpt>
      <trkpt lat="37.50825553201138973236083984375" lon="127.06111804582178592681884765625">
        <ele>45.40000152587890625</ele>
        <time>2026-09-27T12:43:21.000Z</time>
        <extensions>
          <ns3:TrackPointExtension>
            <ns3:hr>138</ns3:hr>
            <ns3:cad>82</ns3:cad>
          </ns3:TrackPointExtension>
        </extensions>
      </trkpt>
      <trkpt lat="37.5082671828567981719970703125" lon="127.06114369444549083709716796875">
        <ele>45.40000152587890625</ele>
        <time>2026-09-27T12:43:22.000Z</time>
        <extensions>
          <ns3:TrackPointExtension>
            <ns3:hr>138</ns3:hr>
            <ns3:cad>82</ns3:cad>
          </ns3:TrackPointExtension>
        </extensions>
      </trkpt>
      <trkpt lat="37.50828570686280727386474609375" lon="127.06118292175233364105224609375">
        <ele>45.40000152587890625</ele>
        <time>2026-09-27T12:43:23.000Z</time>
        <extensions>
          <ns3:TrackPointExtension>
            <ns3:hr>139</ns3:hr>
            <ns3:cad>82</ns3:cad>
          </ns3:TrackPointExtension>
        </extensions>
      </trkpt>
      <trkpt lat="37.5082953460514545440673828125" lon="127.061213515698909759521484375">
        <ele>45.40000152587890625</ele>
        <time>2026-09-27T12:43:24.000Z</time>
        <extensions>
          <ns3:TrackPointExtension>
            <ns3:hr>139</ns3:hr>
            <ns3:cad>82</ns3:cad>
          </ns3:TrackPointExtension>
        </extensions>
      </trkpt>
      <trkpt lat="37.5083060748875141143798828125" lon="127.0612508989870548248291015625">
        <ele>45.40000152587890625</ele>
        <time>2026-09-27T12:43:25.000Z</time>
        <extensions>
          <ns3:TrackPointExtension>
            <ns3:hr>139</ns3:hr>
            <ns3:cad>82</ns3:cad>
          </ns3:TrackPointExtension>
        </extensions>
      </trkpt>
      <trkpt lat="37.5083117745816707611083984375" lon="127.0612924732267856597900390625">
        <ele>45.40000152587890625</ele>
        <time>2026-09-27T12:43:26.000Z</time>
        <extensions>
          <ns3:TrackPointExtension>
            <ns3:hr>139</ns3:hr>
            <ns3:cad>81</ns3:cad>
          </ns3:TrackPointExtension>
        </extensions>
      </trkpt>
      <trkpt lat="37.50831403769552707672119140625" lon="127.061322145164012908935546875">
        <ele>45.40000152587890625</ele>
        <time>2026-09-27T12:43:27.000Z</time>
        <extensions>
          <ns3:TrackPointExtension>
            <ns3:hr>140</ns3:hr>
            <ns3:cad>81</ns3:cad>
          </ns3:TrackPointExtension>
        </extensions>
      </trkpt>
      <trkpt lat="37.5083161331713199615478515625" lon="127.0613635517656803131103515625">
        <ele>45.40000152587890625</ele>
        <time>2026-09-27T12:43:28.000Z</time>
        <extensions>
          <ns3:TrackPointExtension>
            <ns3:hr>140</ns3:hr>
            <ns3:cad>81</ns3:cad>
          </ns3:TrackPointExtension>
        </extensions>
      </trkpt>
      <trkpt lat="37.50832158140838146209716796875" lon="127.061400599777698516845703125">
        <ele>45.200000762939453125</ele>
        <time>2026-09-27T12:43:29.000Z</time>
        <extensions>
          <ns3:TrackPointExtension>
            <ns3:hr>140</ns3:hr>
            <ns3:cad>81</ns3:cad>
          </ns3:TrackPointExtension>
        </extensions>
      </trkpt>
      <trkpt lat="37.508321665227413177490234375" lon="127.06143437884747982025146484375">
        <ele>45.200000762939453125</ele>
        <time>2026-09-27T12:43:30.000Z</time>
        <extensions>
          <ns3:TrackPointExtension>
            <ns3:hr>141</ns3:hr>
            <ns3:cad>82</ns3:cad>
          </ns3:TrackPointExtension>
        </extensions>
      </trkpt>
      <trkpt lat="37.508326359093189239501953125" lon="127.06147628836333751678466796875">
        <ele>45.200000762939453125</ele>
        <time>2026-09-27T12:43:31.000Z</time>
        <extensions>
          <ns3:TrackPointExtension>
            <ns3:hr>141</ns3:hr>
            <ns3:cad>82</ns3:cad>
          </ns3:TrackPointExtension>
        </extensions>
      </trkpt>
      <trkpt lat="37.50833348371088504791259765625" lon="127.0615021884441375732421875">
        <ele>45.200000762939453125</ele>
        <time>2026-09-27T12:43:32.000Z</time>
        <extensions>
          <ns3:TrackPointExtension>
            <ns3:hr>141</ns3:hr>
            <ns3:cad>82</ns3:cad>
          </ns3:TrackPointExtension>
        </extensions>
      </trkpt>
      <trkpt lat="37.50833935104310512542724609375" lon="127.06153781153261661529541015625">
        <ele>45.200000762939453125</ele>
        <time>2026-09-27T12:43:33.000Z</time>
        <extensions>
          <ns3:TrackPointExtension>
            <ns3:hr>141</ns3:hr>
            <ns3:cad>82</ns3:cad>
          </ns3:TrackPointExtension>
        </extensions>
      </trkpt>
      <trkpt lat="37.508350498974323272705078125" lon="127.06157368607819080352783203125">
        <ele>45.200000762939453125</ele>
        <time>2026-09-27T12:43:34.000Z</time>
        <extensions>
          <ns3:TrackPointExtension>
            <ns3:hr>141</ns3:hr>
            <ns3:cad>82</ns3:cad>
          </ns3:TrackPointExtension>
        </extensions>
      </trkpt>
      <trkpt lat="37.50835309736430644989013671875" lon="127.0616049505770206451416015625">
        <ele>45.40000152587890625</ele>
        <time>2026-09-27T12:43:35.000Z</time>
        <extensions>
          <ns3:TrackPointExtension>
            <ns3:hr>141</ns3:hr>
            <ns3:cad>82</ns3:cad>
          </ns3:TrackPointExtension>
        </extensions>
      </trkpt>
      <trkpt lat="37.50836583785712718963623046875" lon="127.0616418309509754180908203125">
        <ele>45.200000762939453125</ele>
        <time>2026-09-27T12:43:36.000Z</time>
        <extensions>
          <ns3:TrackPointExtension>
            <ns3:hr>142</ns3:hr>
            <ns3:cad>82</ns3:cad>
          </ns3:TrackPointExtension>
        </extensions>
      </trkpt>
      <trkpt lat="37.50836214981973171234130859375" lon="127.06168164499104022979736328125">
        <ele>45.200000762939453125</ele>
        <time>2026-09-27T12:43:37.000Z</time>
        <extensions>
          <ns3:TrackPointExtension>
            <ns3:hr>142</ns3:hr>
            <ns3:cad>82</ns3:cad>
          </ns3:TrackPointExtension>
        </extensions>
      </trkpt>
      <trkpt lat="37.50836935825645923614501953125" lon="127.06170544959604740142822265625">
        <ele>45.200000762939453125</ele>
        <time>2026-09-27T12:43:38.000Z</time>
        <extensions>
          <ns3:TrackPointExtension>
            <ns3:hr>142</ns3:hr>
            <ns3:cad>82</ns3:cad>
          </ns3:TrackPointExtension>
        </extensions>
      </trkpt>
      <trkpt lat="37.50837304629385471343994140625" lon="127.06174819730222225189208984375">
        <ele>45.200000762939453125</ele>
        <time>2026-09-27T12:43:39.000Z</time>
        <extensions>
          <ns3:TrackPointExtension>
            <ns3:hr>143</ns3:hr>
            <ns3:cad>82</ns3:cad>
          </ns3:TrackPointExtension>
        </extensions>
      </trkpt>
      <trkpt lat="37.50837656669318675994873046875" lon="127.06177820451557636260986328125">
        <ele>45.200000762939453125</ele>
        <time>2026-09-27T12:43:40.000Z</time>
        <extensions>
          <ns3:TrackPointExtension>
            <ns3:hr>143</ns3:hr>
            <ns3:cad>82</ns3:cad>
          </ns3:TrackPointExtension>
        </extensions>
      </trkpt>
      <trkpt lat="37.508382014930248260498046875" lon="127.0618168450891971588134765625">
        <ele>45</ele>
        <time>2026-09-27T12:43:41.000Z</time>
        <extensions>
          <ns3:TrackPointExtension>
            <ns3:hr>143</ns3:hr>
            <ns3:cad>82</ns3:cad>
          </ns3:TrackPointExtension>
        </extensions>
      </trkpt>
      <trkpt lat="37.508390732109546661376953125" lon="127.06184961833059787750244140625">
        <ele>45</ele>
        <time>2026-09-27T12:43:42.000Z</time>
        <extensions>
          <ns3:TrackPointExtension>
            <ns3:hr>143</ns3:hr>
            <ns3:cad>82</ns3:cad>
          </ns3:TrackPointExtension>
        </extensions>
      </trkpt>
      <trkpt lat="37.50839768908917903900146484375" lon="127.061878032982349395751953125">
        <ele>44.799999237060546875</ele>
        <time>2026-09-27T12:43:43.000Z</time>
        <extensions>
          <ns3:TrackPointExtension>
            <ns3:hr>143</ns3:hr>
            <ns3:cad>82</ns3:cad>
          </ns3:TrackPointExtension>
        </extensions>
      </trkpt>
      <trkpt lat="37.5084091722965240478515625" lon="127.06192203797399997711181640625">
        <ele>44.799999237060546875</ele>
        <time>2026-09-27T12:43:44.000Z</time>
        <extensions>
          <ns3:TrackPointExtension>
            <ns3:hr>143</ns3:hr>
            <ns3:cad>82</ns3:cad>
          </ns3:TrackPointExtension>
        </extensions>
      </trkpt>
      <trkpt lat="37.50841713510453701019287109375" lon="127.06195347011089324951171875">
        <ele>44.799999237060546875</ele>
        <time>2026-09-27T12:43:45.000Z</time>
        <extensions>
          <ns3:TrackPointExtension>
            <ns3:hr>143</ns3:hr>
            <ns3:cad>82</ns3:cad>
          </ns3:TrackPointExtension>
        </extensions>
      </trkpt>
      <trkpt lat="37.50842585228383541107177734375" lon="127.06198305822908878326416015625">
        <ele>44.799999237060546875</ele>
        <time>2026-09-27T12:43:46.000Z</time>
        <extensions>
          <ns3:TrackPointExtension>
            <ns3:hr>143</ns3:hr>
            <ns3:cad>82</ns3:cad>
          </ns3:TrackPointExtension>
        </extensions>
      </trkpt>
      <trkpt lat="37.5084375031292438507080078125" lon="127.06202228553593158721923828125">
        <ele>44.799999237060546875</ele>
        <time>2026-09-27T12:43:47.000Z</time>
        <extensions>
          <ns3:TrackPointExtension>
            <ns3:hr>143</ns3:hr>
            <ns3:cad>82</ns3:cad>
          </ns3:TrackPointExtension>
        </extensions>
      </trkpt>
      <trkpt lat="37.50844747759401798248291015625" lon="127.0620488561689853668212890625">
        <ele>44.799999237060546875</ele>
        <time>2026-09-27T12:43:48.000Z</time>
        <extensions>
          <ns3:TrackPointExtension>
            <ns3:hr>143</ns3:hr>
            <ns3:cad>82</ns3:cad>
          </ns3:TrackPointExtension>
        </extensions>
      </trkpt>
      <trkpt lat="37.50846616923809051513671875" lon="127.06208732910454273223876953125">
        <ele>44.799999237060546875</ele>
        <time>2026-09-27T12:43:49.000Z</time>
        <extensions>
          <ns3:TrackPointExtension>
            <ns3:hr>144</ns3:hr>
            <ns3:cad>82</ns3:cad>
          </ns3:TrackPointExtension>
        </extensions>
      </trkpt>
      <trkpt lat="37.50847287476062774658203125" lon="127.06212588585913181304931640625">
        <ele>44.59999847412109375</ele>
        <time>2026-09-27T12:43:50.000Z</time>
        <extensions>
          <ns3:TrackPointExtension>
            <ns3:hr>144</ns3:hr>
            <ns3:cad>82</ns3:cad>
          </ns3:TrackPointExtension>
        </extensions>
      </trkpt>
      <trkpt lat="37.50848854891955852508544921875" lon="127.0621527917683124542236328125">
        <ele>44.59999847412109375</ele>
        <time>2026-09-27T12:43:51.000Z</time>
        <extensions>
          <ns3:TrackPointExtension>
            <ns3:hr>144</ns3:hr>
            <ns3:cad>82</ns3:cad>
          </ns3:TrackPointExtension>
        </extensions>
      </trkpt>
      <trkpt lat="37.5084924884140491485595703125" lon="127.06220635212957859039306640625">
        <ele>44.59999847412109375</ele>
        <time>2026-09-27T12:43:52.000Z</time>
        <extensions>
          <ns3:TrackPointExtension>
            <ns3:hr>144</ns3:hr>
            <ns3:cad>82</ns3:cad>
          </ns3:TrackPointExtension>
        </extensions>
      </trkpt>
      <trkpt lat="37.50849592499434947967529296875" lon="127.06224658526480197906494140625">
        <ele>44.799999237060546875</ele>
        <time>2026-09-27T12:43:53.000Z</time>
        <extensions>
          <ns3:TrackPointExtension>
            <ns3:hr>144</ns3:hr>
            <ns3:cad>82</ns3:cad>
          </ns3:TrackPointExtension>
        </extensions>
      </trkpt>
      <trkpt lat="37.50849927775561809539794921875" lon="127.062279023230075836181640625">
        <ele>44.799999237060546875</ele>
        <time>2026-09-27T12:43:54.000Z</time>
        <extensions>
          <ns3:TrackPointExtension>
            <ns3:hr>144</ns3:hr>
            <ns3:cad>82</ns3:cad>
          </ns3:TrackPointExtension>
        </extensions>
      </trkpt>
      <trkpt lat="37.50850640237331390380859375" lon="127.06232034601271152496337890625">
        <ele>44.799999237060546875</ele>
        <time>2026-09-27T12:43:55.000Z</time>
        <extensions>
          <ns3:TrackPointExtension>
            <ns3:hr>144</ns3:hr>
            <ns3:cad>81</ns3:cad>
          </ns3:TrackPointExtension>
        </extensions>
      </trkpt>
      <trkpt lat="37.508509419858455657958984375" lon="127.06235119141638278961181640625">
        <ele>45</ele>
        <time>2026-09-27T12:43:56.000Z</time>
        <extensions>
          <ns3:TrackPointExtension>
            <ns3:hr>145</ns3:hr>
            <ns3:cad>81</ns3:cad>
          </ns3:TrackPointExtension>
        </extensions>
      </trkpt>
      <trkpt lat="37.5085018761456012725830078125" lon="127.06238438375294208526611328125">
        <ele>45.200000762939453125</ele>
        <time>2026-09-27T12:43:57.000Z</time>
        <extensions>
          <ns3:TrackPointExtension>
            <ns3:hr>145</ns3:hr>
            <ns3:cad>81</ns3:cad>
          </ns3:TrackPointExtension>
        </extensions>
      </trkpt>
      <trkpt lat="37.508487962186336517333984375" lon="127.06243433989584445953369140625">
        <ele>45.200000762939453125</ele>
        <time>2026-09-27T12:43:58.000Z</time>
        <extensions>
          <ns3:TrackPointExtension>
            <ns3:hr>145</ns3:hr>
            <ns3:cad>81</ns3:cad>
          </ns3:TrackPointExtension>
        </extensions>
      </trkpt>
      <trkpt lat="37.50847748480737209320068359375" lon="127.06246702931821346282958984375">
        <ele>45.200000762939453125</ele>
        <time>2026-09-27T12:43:59.000Z</time>
        <extensions>
          <ns3:TrackPointExtension>
            <ns3:hr>145</ns3:hr>
            <ns3:cad>82</ns3:cad>
          </ns3:TrackPointExtension>
        </extensions>
      </trkpt>
      <trkpt lat="37.508460469543933868408203125" lon="127.062512375414371490478515625">
        <ele>45.40000152587890625</ele>
        <time>2026-09-27T12:44:00.000Z</time>
        <extensions>
          <ns3:TrackPointExtension>
            <ns3:hr>144</ns3:hr>
            <ns3:cad>82</ns3:cad>
          </ns3:TrackPointExtension>
        </extensions>
      </trkpt>
      <trkpt lat="37.508445717394351959228515625" lon="127.06254548393189907073974609375">
        <ele>45.40000152587890625</ele>
        <time>2026-09-27T12:44:01.000Z</time>
        <extensions>
          <ns3:TrackPointExtension>
            <ns3:hr>145</ns3:hr>
            <ns3:cad>82</ns3:cad>
          </ns3:TrackPointExtension>
        </extensions>
      </trkpt>
      <trkpt lat="37.50843088142573833465576171875" lon="127.06257515586912631988525390625">
        <ele>45.40000152587890625</ele>
        <time>2026-09-27T12:44:02.000Z</time>
        <extensions>
          <ns3:TrackPointExtension>
            <ns3:hr>145</ns3:hr>
            <ns3:cad>82</ns3:cad>
          </ns3:TrackPointExtension>
        </extensions>
      </trkpt>
      <trkpt lat="37.50841696746647357940673828125" lon="127.06261237151920795440673828125">
        <ele>45.40000152587890625</ele>
        <time>2026-09-27T12:44:03.000Z</time>
        <extensions>
          <ns3:TrackPointExtension>
            <ns3:hr>145</ns3:hr>
            <ns3:cad>82</ns3:cad>
          </ns3:TrackPointExtension>
        </extensions>
      </trkpt>
      <trkpt lat="37.508402802050113677978515625" lon="127.0626446418464183807373046875">
        <ele>45.59999847412109375</ele>
        <time>2026-09-27T12:44:04.000Z</time>
        <extensions>
          <ns3:TrackPointExtension>
            <ns3:hr>145</ns3:hr>
            <ns3:cad>82</ns3:cad>
          </ns3:TrackPointExtension>
        </extensions>
      </trkpt>
      <trkpt lat="37.5083929114043712615966796875" lon="127.0626716315746307373046875">
        <ele>45.59999847412109375</ele>
        <time>2026-09-27T12:44:05.000Z</time>
        <extensions>
          <ns3:TrackPointExtension>
            <ns3:hr>145</ns3:hr>
            <ns3:cad>82</ns3:cad>
          </ns3:TrackPointExtension>
        </extensions>
      </trkpt>
      <trkpt lat="37.5083741359412670135498046875" lon="127.06270591355860233306884765625">
        <ele>45.59999847412109375</ele>
        <time>2026-09-27T12:44:06.000Z</time>
        <extensions>
          <ns3:TrackPointExtension>
            <ns3:hr>145</ns3:hr>
            <ns3:cad>82</ns3:cad>
          </ns3:TrackPointExtension>
        </extensions>
      </trkpt>
      <trkpt lat="37.508363910019397735595703125" lon="127.06273474730551242828369140625">
        <ele>46</ele>
        <time>2026-09-27T12:44:07.000Z</time>
        <extensions>
          <ns3:TrackPointExtension>
            <ns3:hr>145</ns3:hr>
            <ns3:cad>82</ns3:cad>
          </ns3:TrackPointExtension>
        </extensions>
      </trkpt>
      <trkpt lat="37.50834538601338863372802734375" lon="127.0627707056701183319091796875">
        <ele>46.200000762939453125</ele>
        <time>2026-09-27T12:44:08.000Z</time>
        <extensions>
          <ns3:TrackPointExtension>
            <ns3:hr>144</ns3:hr>
            <ns3:cad>82</ns3:cad>
          </ns3:TrackPointExtension>
        </extensions>
      </trkpt>
      <trkpt lat="37.5083288736641407012939453125" lon="127.06280314363539218902587890625">
        <ele>46.59999847412109375</ele>
        <time>2026-09-27T12:44:09.000Z</time>
        <extensions>
          <ns3:TrackPointExtension>
            <ns3:hr>144</ns3:hr>
            <ns3:cad>82</ns3:cad>
          </ns3:TrackPointExtension>
        </extensions>
      </trkpt>
      <trkpt lat="37.50832174904644489288330078125" lon="127.06282661296427249908447265625">
        <ele>46.59999847412109375</ele>
        <time>2026-09-27T12:44:10.000Z</time>
        <extensions>
          <ns3:TrackPointExtension>
            <ns3:hr>143</ns3:hr>
            <ns3:cad>82</ns3:cad>
          </ns3:TrackPointExtension>
        </extensions>
      </trkpt>
      <trkpt lat="37.5083094276487827301025390625" lon="127.06286366097629070281982421875">
        <ele>46.799999237060546875</ele>
        <time>2026-09-27T12:44:11.000Z</time>
        <extensions>
          <ns3:TrackPointExtension>
            <ns3:hr>141</ns3:hr>
            <ns3:cad>81</ns3:cad>
          </ns3:TrackPointExtension>
        </extensions>
      </trkpt>
      <trkpt lat="37.508300878107547760009765625" lon="127.06289584748446941375732421875">
        <ele>46.799999237060546875</ele>
        <time>2026-09-27T12:44:12.000Z</time>
        <extensions>
          <ns3:TrackPointExtension>
            <ns3:hr>140</ns3:hr>
            <ns3:cad>81</ns3:cad>
          </ns3:TrackPointExtension>
        </extensions>
      </trkpt>
      <trkpt lat="37.5082938373088836669921875" lon="127.062927782535552978515625">
        <ele>46.799999237060546875</ele>
        <time>2026-09-27T12:44:13.000Z</time>
        <extensions>
          <ns3:TrackPointExtension>
            <ns3:hr>139</ns3:hr>
            <ns3:cad>81</ns3:cad>
          </ns3:TrackPointExtension>
        </extensions>
      </trkpt>
      <trkpt lat="37.50828168354928493499755859375" lon="127.0629728771746158599853515625">
        <ele>46.799999237060546875</ele>
        <time>2026-09-27T12:44:14.000Z</time>
        <extensions>
          <ns3:TrackPointExtension>
            <ns3:hr>137</ns3:hr>
            <ns3:cad>81</ns3:cad>
          </ns3:TrackPointExtension>
        </extensions>
      </trkpt>
      <trkpt lat="37.50827263109385967254638671875" lon="127.063001878559589385986328125">
        <ele>47</ele>
        <time>2026-09-27T12:44:15.000Z</time>
        <extensions>
          <ns3:TrackPointExtension>
            <ns3:hr>136</ns3:hr>
            <ns3:cad>81</ns3:cad>
          </ns3:TrackPointExtension>
        </extensions>
      </trkpt>
      <trkpt lat="37.508259303867816925048828125" lon="127.06303850747644901275634765625">
        <ele>47</ele>
        <time>2026-09-27T12:44:16.000Z</time>
        <extensions>
          <ns3:TrackPointExtension>
            <ns3:hr>135</ns3:hr>
            <ns3:cad>81</ns3:cad>
          </ns3:TrackPointExtension>
        </extensions>
      </trkpt>
      <trkpt lat="37.5082410313189029693603515625" lon="127.06306281499564647674560546875">
        <ele>47.200000762939453125</ele>
        <time>2026-09-27T12:44:17.000Z</time>
        <extensions>
          <ns3:TrackPointExtension>
            <ns3:hr>135</ns3:hr>
            <ns3:cad>82</ns3:cad>
          </ns3:TrackPointExtension>
        </extensions>
      </trkpt>
      <trkpt lat="37.5082329846918582916259765625" lon="127.06309215165674686431884765625">
        <ele>47.200000762939453125</ele>
        <time>2026-09-27T12:44:18.000Z</time>
        <extensions>
          <ns3:TrackPointExtension>
            <ns3:hr>135</ns3:hr>
            <ns3:cad>82</ns3:cad>
          </ns3:TrackPointExtension>
        </extensions>
      </trkpt>
      <trkpt lat="37.5082145445048809051513671875" lon="127.063121236860752105712890625">
        <ele>47.40000152587890625</ele>
        <time>2026-09-27T12:44:19.000Z</time>
        <extensions>
          <ns3:TrackPointExtension>
            <ns3:hr>135</ns3:hr>
            <ns3:cad>83</ns3:cad>
          </ns3:TrackPointExtension>
        </extensions>
      </trkpt>
      <trkpt lat="37.50820138491690158843994140625" lon="127.06314780749380588531494140625">
        <ele>47.40000152587890625</ele>
        <time>2026-09-27T12:44:20.000Z</time>
        <extensions>
          <ns3:TrackPointExtension>
            <ns3:hr>135</ns3:hr>
            <ns3:cad>83</ns3:cad>
          </ns3:TrackPointExtension>
        </extensions>
      </trkpt>
      <trkpt lat="37.50818931497633457183837890625" lon="127.0631713606417179107666015625">
        <ele>47.40000152587890625</ele>
        <time>2026-09-27T12:44:21.000Z</time>
        <extensions>
          <ns3:TrackPointExtension>
            <ns3:hr>135</ns3:hr>
            <ns3:cad>82</ns3:cad>
          </ns3:TrackPointExtension>
        </extensions>
      </trkpt>
      <trkpt lat="37.5081625767052173614501953125" lon="127.06319709308445453643798828125">
        <ele>47.59999847412109375</ele>
        <time>2026-09-27T12:44:22.000Z</time>
        <extensions>
          <ns3:TrackPointExtension>
            <ns3:hr>135</ns3:hr>
            <ns3:cad>82</ns3:cad>
          </ns3:TrackPointExtension>
        </extensions>
      </trkpt>
      <trkpt lat="37.50814220868051052093505859375" lon="127.06321938894689083099365234375">
        <ele>47.799999237060546875</ele>
        <time>2026-09-27T12:44:23.000Z</time>
        <extensions>
          <ns3:TrackPointExtension>
            <ns3:hr>135</ns3:hr>
            <ns3:cad>82</ns3:cad>
          </ns3:TrackPointExtension>
        </extensions>
      </trkpt>
      <trkpt lat="37.50812661834061145782470703125" lon="127.0632350631058216094970703125">
        <ele>47.799999237060546875</ele>
        <time>2026-09-27T12:44:24.000Z</time>
        <extensions>
          <ns3:TrackPointExtension>
            <ns3:hr>136</ns3:hr>
            <ns3:cad>81</ns3:cad>
          </ns3:TrackPointExtension>
        </extensions>
      </trkpt>
      <trkpt lat="37.5080998800694942474365234375" lon="127.063255347311496734619140625">
        <ele>48</ele>
        <time>2026-09-27T12:44:25.000Z</time>
        <extensions>
          <ns3:TrackPointExtension>
            <ns3:hr>136</ns3:hr>
            <ns3:cad>81</ns3:cad>
          </ns3:TrackPointExtension>
        </extensions>
      </trkpt>
      <trkpt lat="37.5080743990838527679443359375" lon="127.06327269785106182098388671875">
        <ele>48.200000762939453125</ele>
        <time>2026-09-27T12:44:26.000Z</time>
        <extensions>
          <ns3:TrackPointExtension>
            <ns3:hr>137</ns3:hr>
            <ns3:cad>81</ns3:cad>
          </ns3:TrackPointExtension>
        </extensions>
      </trkpt>
      <trkpt lat="37.50804916955530643463134765625" lon="127.06328795291483402252197265625">
        <ele>48.40000152587890625</ele>
        <time>2026-09-27T12:44:27.000Z</time>
        <extensions>
          <ns3:TrackPointExtension>
            <ns3:hr>137</ns3:hr>
            <ns3:cad>80</ns3:cad>
          </ns3:TrackPointExtension>
        </extensions>
      </trkpt>
      <trkpt lat="37.50801899470388889312744140625" lon="127.06330035813152790069580078125">
        <ele>48.59999847412109375</ele>
        <time>2026-09-27T12:44:28.000Z</time>
        <extensions>
          <ns3:TrackPointExtension>
            <ns3:hr>138</ns3:hr>
            <ns3:cad>80</ns3:cad>
          </ns3:TrackPointExtension>
        </extensions>
      </trkpt>
      <trkpt lat="37.5079922564327716827392578125" lon="127.06330337561666965484619140625">
        <ele>48.799999237060546875</ele>
        <time>2026-09-27T12:44:29.000Z</time>
        <extensions>
          <ns3:TrackPointExtension>
            <ns3:hr>138</ns3:hr>
            <ns3:cad>80</ns3:cad>
          </ns3:TrackPointExtension>
        </extensions>
      </trkpt>
      <trkpt lat="37.507961578667163848876953125" lon="127.06331511028110980987548828125">
        <ele>49.200000762939453125</ele>
        <time>2026-09-27T12:44:30.000Z</time>
        <extensions>
          <ns3:TrackPointExtension>
            <ns3:hr>138</ns3:hr>
            <ns3:cad>81</ns3:cad>
          </ns3:TrackPointExtension>
        </extensions>
      </trkpt>
      <trkpt lat="37.50793509185314178466796875" lon="127.0633235760033130645751953125">
        <ele>49.40000152587890625</ele>
        <time>2026-09-27T12:44:31.000Z</time>
        <extensions>
          <ns3:TrackPointExtension>
            <ns3:hr>139</ns3:hr>
            <ns3:cad>81</ns3:cad>
          </ns3:TrackPointExtension>
        </extensions>
      </trkpt>
      <trkpt lat="37.5079114548861980438232421875" lon="127.063329108059406280517578125">
        <ele>49.59999847412109375</ele>
        <time>2026-09-27T12:44:32.000Z</time>
        <extensions>
          <ns3:TrackPointExtension>
            <ns3:hr>139</ns3:hr>
            <ns3:cad>81</ns3:cad>
          </ns3:TrackPointExtension>
        </extensions>
      </trkpt>
      <trkpt lat="37.50787734054028987884521484375" lon="127.06333958543837070465087890625">
        <ele>49.59999847412109375</ele>
        <time>2026-09-27T12:44:33.000Z</time>
        <extensions>
          <ns3:TrackPointExtension>
            <ns3:hr>140</ns3:hr>
            <ns3:cad>81</ns3:cad>
          </ns3:TrackPointExtension>
        </extensions>
      </trkpt>
      <trkpt lat="37.50785035081207752227783203125" lon="127.06334109418094158172607421875">
        <ele>49.59999847412109375</ele>
        <time>2026-09-27T12:44:34.000Z</time>
        <extensions>
          <ns3:TrackPointExtension>
            <ns3:hr>140</ns3:hr>
            <ns3:cad>81</ns3:cad>
          </ns3:TrackPointExtension>
        </extensions>
      </trkpt>
      <trkpt lat="37.507826127111911773681640625" lon="127.06334662623703479766845703125">
        <ele>49.59999847412109375</ele>
        <time>2026-09-27T12:44:35.000Z</time>
        <extensions>
          <ns3:TrackPointExtension>
            <ns3:hr>141</ns3:hr>
            <ns3:cad>81</ns3:cad>
          </ns3:TrackPointExtension>
        </extensions>
      </trkpt>
      <trkpt lat="37.507791928946971893310546875" lon="127.0633651502430438995361328125">
        <ele>49.799999237060546875</ele>
        <time>2026-09-27T12:44:36.000Z</time>
        <extensions>
          <ns3:TrackPointExtension>
            <ns3:hr>141</ns3:hr>
            <ns3:cad>81</ns3:cad>
          </ns3:TrackPointExtension>
        </extensions>
      </trkpt>
      <trkpt lat="37.507766447961330413818359375" lon="127.06337830983102321624755859375">
        <ele>49.799999237060546875</ele>
        <time>2026-09-27T12:44:37.000Z</time>
        <extensions>
          <ns3:TrackPointExtension>
            <ns3:hr>141</ns3:hr>
            <ns3:cad>81</ns3:cad>
          </ns3:TrackPointExtension>
        </extensions>
      </trkpt>
      <trkpt lat="37.5077421404421329498291015625" lon="127.06339390017092227935791015625">
        <ele>50</ele>
        <time>2026-09-27T12:44:38.000Z</time>
        <extensions>
          <ns3:TrackPointExtension>
            <ns3:hr>142</ns3:hr>
            <ns3:cad>81</ns3:cad>
          </ns3:TrackPointExtension>
        </extensions>
      </trkpt>
      <trkpt lat="37.5077139772474765777587890625" lon="127.06340831704437732696533203125">
        <ele>50.200000762939453125</ele>
        <time>2026-09-27T12:44:39.000Z</time>
        <extensions>
          <ns3:TrackPointExtension>
            <ns3:hr>142</ns3:hr>
            <ns3:cad>81</ns3:cad>
          </ns3:TrackPointExtension>
        </extensions>
      </trkpt>
      <trkpt lat="37.50768925063312053680419921875" lon="127.06342860125005245208740234375">
        <ele>50.40000152587890625</ele>
        <time>2026-09-27T12:44:40.000Z</time>
        <extensions>
          <ns3:TrackPointExtension>
            <ns3:hr>142</ns3:hr>
            <ns3:cad>81</ns3:cad>
          </ns3:TrackPointExtension>
        </extensions>
      </trkpt>
      <trkpt lat="37.50766217708587646484375" lon="127.06344754435122013092041015625">
        <ele>50.40000152587890625</ele>
        <time>2026-09-27T12:44:41.000Z</time>
        <extensions>
          <ns3:TrackPointExtension>
            <ns3:hr>143</ns3:hr>
            <ns3:cad>81</ns3:cad>
          </ns3:TrackPointExtension>
        </extensions>
      </trkpt>
      <trkpt lat="37.507636360824108123779296875" lon="127.06345743499696254730224609375">
        <ele>50.799999237060546875</ele>
        <time>2026-09-27T12:44:42.000Z</time>
        <extensions>
          <ns3:TrackPointExtension>
            <ns3:hr>143</ns3:hr>
            <ns3:cad>81</ns3:cad>
          </ns3:TrackPointExtension>
        </extensions>
      </trkpt>
      <trkpt lat="37.5076190941035747528076171875" lon="127.0634727738797664642333984375">
        <ele>51</ele>
        <time>2026-09-27T12:44:43.000Z</time>
        <extensions>
          <ns3:TrackPointExtension>
            <ns3:hr>143</ns3:hr>
            <ns3:cad>81</ns3:cad>
          </ns3:TrackPointExtension>
        </extensions>
      </trkpt>
      <trkpt lat="37.50759285874664783477783203125" lon="127.0634992606937885284423828125">
        <ele>51.200000762939453125</ele>
        <time>2026-09-27T12:44:44.000Z</time>
        <extensions>
          <ns3:TrackPointExtension>
            <ns3:hr>143</ns3:hr>
            <ns3:cad>81</ns3:cad>
          </ns3:TrackPointExtension>
        </extensions>
      </trkpt>
      <trkpt lat="37.5075674615800380706787109375" lon="127.063511498272418975830078125">
        <ele>51.200000762939453125</ele>
        <time>2026-09-27T12:44:45.000Z</time>
        <extensions>
          <ns3:TrackPointExtension>
            <ns3:hr>144</ns3:hr>
            <ns3:cad>81</ns3:cad>
          </ns3:TrackPointExtension>
        </extensions>
      </trkpt>
      <trkpt lat="37.50754575245082378387451171875" lon="127.06352256238460540771484375">
        <ele>51.40000152587890625</ele>
        <time>2026-09-27T12:44:46.000Z</time>
        <extensions>
          <ns3:TrackPointExtension>
            <ns3:hr>144</ns3:hr>
            <ns3:cad>81</ns3:cad>
          </ns3:TrackPointExtension>
        </extensions>
      </trkpt>
      <trkpt lat="37.507512979209423065185546875" lon="127.06354460678994655609130859375">
        <ele>51.40000152587890625</ele>
        <time>2026-09-27T12:44:47.000Z</time>
        <extensions>
          <ns3:TrackPointExtension>
            <ns3:hr>144</ns3:hr>
            <ns3:cad>81</ns3:cad>
          </ns3:TrackPointExtension>
        </extensions>
      </trkpt>
      <trkpt lat="37.50748925842344760894775390625" lon="127.06355852074921131134033203125">
        <ele>51.40000152587890625</ele>
        <time>2026-09-27T12:44:48.000Z</time>
        <extensions>
          <ns3:TrackPointExtension>
            <ns3:hr>145</ns3:hr>
            <ns3:cad>81</ns3:cad>
          </ns3:TrackPointExtension>
        </extensions>
      </trkpt>
      <trkpt lat="37.5074685551226139068603515625" lon="127.063565142452716827392578125">
        <ele>51.40000152587890625</ele>
        <time>2026-09-27T12:44:49.000Z</time>
        <extensions>
          <ns3:TrackPointExtension>
            <ns3:hr>145</ns3:hr>
            <ns3:cad>81</ns3:cad>
          </ns3:TrackPointExtension>
        </extensions>
      </trkpt>
      <trkpt lat="37.507436536252498626708984375" lon="127.06356824375689029693603515625">
        <ele>51.59999847412109375</ele>
        <time>2026-09-27T12:44:50.000Z</time>
        <extensions>
          <ns3:TrackPointExtension>
            <ns3:hr>145</ns3:hr>
            <ns3:cad>81</ns3:cad>
          </ns3:TrackPointExtension>
        </extensions>
      </trkpt>
      <trkpt lat="37.5074162520468235015869140625" lon="127.06357159651815891265869140625">
        <ele>51.799999237060546875</ele>
        <time>2026-09-27T12:44:51.000Z</time>
        <extensions>
          <ns3:TrackPointExtension>
            <ns3:hr>146</ns3:hr>
            <ns3:cad>81</ns3:cad>
          </ns3:TrackPointExtension>
        </extensions>
      </trkpt>
      <trkpt lat="37.50740292482078075408935546875" lon="127.06358291208744049072265625">
        <ele>52</ele>
        <time>2026-09-27T12:44:52.000Z</time>
        <extensions>
          <ns3:TrackPointExtension>
            <ns3:hr>146</ns3:hr>
            <ns3:cad>81</ns3:cad>
          </ns3:TrackPointExtension>
        </extensions>
      </trkpt>
      <trkpt lat="37.50737526454031467437744140625" lon="127.0635928027331829071044921875">
        <ele>52.40000152587890625</ele>
        <time>2026-09-27T12:44:53.000Z</time>
        <extensions>
          <ns3:TrackPointExtension>
            <ns3:hr>146</ns3:hr>
            <ns3:cad>81</ns3:cad>
          </ns3:TrackPointExtension>
        </extensions>
      </trkpt>
      <trkpt lat="37.50735464505851268768310546875" lon="127.06360227428376674652099609375">
        <ele>52.799999237060546875</ele>
        <time>2026-09-27T12:44:54.000Z</time>
        <extensions>
          <ns3:TrackPointExtension>
            <ns3:hr>147</ns3:hr>
            <ns3:cad>81</ns3:cad>
          </ns3:TrackPointExtension>
        </extensions>
      </trkpt>
      <trkpt lat="37.507339976727962493896484375" lon="127.06361082382500171661376953125">
        <ele>53.200000762939453125</ele>
        <time>2026-09-27T12:44:55.000Z</time>
        <extensions>
          <ns3:TrackPointExtension>
            <ns3:hr>147</ns3:hr>
            <ns3:cad>81</ns3:cad>
          </ns3:TrackPointExtension>
        </extensions>
      </trkpt>
      <trkpt lat="37.50731558538973331451416015625" lon="127.06362641416490077972412109375">
        <ele>53.40000152587890625</ele>
        <time>2026-09-27T12:44:56.000Z</time>
        <extensions>
          <ns3:TrackPointExtension>
            <ns3:hr>147</ns3:hr>
            <ns3:cad>81</ns3:cad>
          </ns3:TrackPointExtension>
        </extensions>
      </trkpt>
      <trkpt lat="37.507295720279216766357421875" lon="127.06363596953451633453369140625">
        <ele>53.799999237060546875</ele>
        <time>2026-09-27T12:44:57.000Z</time>
        <extensions>
          <ns3:TrackPointExtension>
            <ns3:hr>147</ns3:hr>
            <ns3:cad>80</ns3:cad>
          </ns3:TrackPointExtension>
        </extensions>
      </trkpt>
      <trkpt lat="37.50727836973965167999267578125" lon="127.06365340389311313629150390625">
        <ele>53.799999237060546875</ele>
        <time>2026-09-27T12:44:58.000Z</time>
        <extensions>
          <ns3:TrackPointExtension>
            <ns3:hr>147</ns3:hr>
            <ns3:cad>80</ns3:cad>
          </ns3:TrackPointExtension>
        </extensions>
      </trkpt>
      <trkpt lat="37.5072489492595195770263671875" lon="127.0636648871004581451416015625">
        <ele>53.799999237060546875</ele>
        <time>2026-09-27T12:44:59.000Z</time>
        <extensions>
          <ns3:TrackPointExtension>
            <ns3:hr>148</ns3:hr>
            <ns3:cad>80</ns3:cad>
          </ns3:TrackPointExtension>
        </extensions>
      </trkpt>
      <trkpt lat="37.50723428092896938323974609375" lon="127.06368408165872097015380859375">
        <ele>54</ele>
        <time>2026-09-27T12:45:00.000Z</time>
        <extensions>
          <ns3:TrackPointExtension>
            <ns3:hr>148</ns3:hr>
            <ns3:cad>80</ns3:cad>
          </ns3:TrackPointExtension>
        </extensions>
      </trkpt>
      <trkpt lat="37.50721500255167484283447265625" lon="127.06369581632316112518310546875">
        <ele>54</ele>
        <time>2026-09-27T12:45:01.000Z</time>
        <extensions>
          <ns3:TrackPointExtension>
            <ns3:hr>148</ns3:hr>
            <ns3:cad>80</ns3:cad>
          </ns3:TrackPointExtension>
        </extensions>
      </trkpt>
      <trkpt lat="37.50718801282346248626708984375" lon="127.0637024380266666412353515625">
        <ele>54.200000762939453125</ele>
        <time>2026-09-27T12:45:02.000Z</time>
        <extensions>
          <ns3:TrackPointExtension>
            <ns3:hr>148</ns3:hr>
            <ns3:cad>80</ns3:cad>
          </ns3:TrackPointExtension>
        </extensions>
      </trkpt>
      <trkpt lat="37.50716538168489933013916015625" lon="127.0637135021388530731201171875">
        <ele>54.40000152587890625</ele>
        <time>2026-09-27T12:45:03.000Z</time>
        <extensions>
          <ns3:TrackPointExtension>
            <ns3:hr>148</ns3:hr>
            <ns3:cad>80</ns3:cad>
          </ns3:TrackPointExtension>
        </extensions>
      </trkpt>
      <trkpt lat="37.5071423314511775970458984375" lon="127.06371970474720001220703125">
        <ele>54.59999847412109375</ele>
        <time>2026-09-27T12:45:04.000Z</time>
        <extensions>
          <ns3:TrackPointExtension>
            <ns3:hr>148</ns3:hr>
            <ns3:cad>81</ns3:cad>
          </ns3:TrackPointExtension>
        </extensions>
      </trkpt>
      <trkpt lat="37.507118023931980133056640625" lon="127.0637259073555469512939453125">
        <ele>54.59999847412109375</ele>
        <time>2026-09-27T12:45:05.000Z</time>
        <extensions>
          <ns3:TrackPointExtension>
            <ns3:hr>149</ns3:hr>
            <ns3:cad>81</ns3:cad>
          </ns3:TrackPointExtension>
        </extensions>
      </trkpt>
      <trkpt lat="37.5071029365062713623046875" lon="127.063734121620655059814453125">
        <ele>54.59999847412109375</ele>
        <time>2026-09-27T12:45:06.000Z</time>
        <extensions>
          <ns3:TrackPointExtension>
            <ns3:hr>149</ns3:hr>
            <ns3:cad>81</ns3:cad>
          </ns3:TrackPointExtension>
        </extensions>
      </trkpt>
      <trkpt lat="37.507072426378726959228515625" lon="127.0637513883411884307861328125">
        <ele>54.799999237060546875</ele>
        <time>2026-09-27T12:45:07.000Z</time>
        <extensions>
          <ns3:TrackPointExtension>
            <ns3:hr>149</ns3:hr>
            <ns3:cad>81</ns3:cad>
          </ns3:TrackPointExtension>
        </extensions>
      </trkpt>
      <trkpt lat="37.5070491246879100799560546875" lon="127.063761614263057708740234375">
        <ele>55</ele>
        <time>2026-09-27T12:45:08.000Z</time>
        <extensions>
          <ns3:TrackPointExtension>
            <ns3:hr>148</ns3:hr>
            <ns3:cad>81</ns3:cad>
          </ns3:TrackPointExtension>
        </extensions>
      </trkpt>
      <trkpt lat="37.50703143887221813201904296875" lon="127.0637778751552104949951171875">
        <ele>55</ele>
        <time>2026-09-27T12:45:09.000Z</time>
        <extensions>
          <ns3:TrackPointExtension>
            <ns3:hr>149</ns3:hr>
            <ns3:cad>81</ns3:cad>
          </ns3:TrackPointExtension>
        </extensions>
      </trkpt>
      <trkpt lat="37.50700143165886402130126953125" lon="127.063787765800952911376953125">
        <ele>55</ele>
        <time>2026-09-27T12:45:10.000Z</time>
        <extensions>
          <ns3:TrackPointExtension>
            <ns3:hr>149</ns3:hr>
            <ns3:cad>81</ns3:cad>
          </ns3:TrackPointExtension>
        </extensions>
      </trkpt>
      <trkpt lat="37.5069800578057765960693359375" lon="127.06379556097090244293212890625">
        <ele>55.200000762939453125</ele>
        <time>2026-09-27T12:45:11.000Z</time>
        <extensions>
          <ns3:TrackPointExtension>
            <ns3:hr>148</ns3:hr>
            <ns3:cad>81</ns3:cad>
          </ns3:TrackPointExtension>
        </extensions>
      </trkpt>
      <trkpt lat="37.50695801340043544769287109375" lon="127.0638030208647251129150390625">
        <ele>55.40000152587890625</ele>
        <time>2026-09-27T12:45:12.000Z</time>
        <extensions>
          <ns3:TrackPointExtension>
            <ns3:hr>149</ns3:hr>
            <ns3:cad>81</ns3:cad>
          </ns3:TrackPointExtension>
        </extensions>
      </trkpt>
      <trkpt lat="37.50693487934768199920654296875" lon="127.06381282769143581390380859375">
        <ele>55.59999847412109375</ele>
        <time>2026-09-27T12:45:13.000Z</time>
        <extensions>
          <ns3:TrackPointExtension>
            <ns3:hr>149</ns3:hr>
            <ns3:cad>81</ns3:cad>
          </ns3:TrackPointExtension>
        </extensions>
      </trkpt>
      <trkpt lat="37.50691962428390979766845703125" lon="127.06382028758525848388671875">
        <ele>55.799999237060546875</ele>
        <time>2026-09-27T12:45:14.000Z</time>
        <extensions>
          <ns3:TrackPointExtension>
            <ns3:hr>148</ns3:hr>
            <ns3:cad>82</ns3:cad>
          </ns3:TrackPointExtension>
        </extensions>
      </trkpt>
      <trkpt lat="37.50690101645886898040771484375" lon="127.06384710967540740966796875">
        <ele>56</ele>
        <time>2026-09-27T12:45:15.000Z</time>
        <extensions>
          <ns3:TrackPointExtension>
            <ns3:hr>149</ns3:hr>
            <ns3:cad>82</ns3:cad>
          </ns3:TrackPointExtension>
        </extensions>
      </trkpt>
      <trkpt lat="37.506874613463878631591796875" lon="127.0638643763959407806396484375">
        <ele>56</ele>
        <time>2026-09-27T12:45:16.000Z</time>
        <extensions>
          <ns3:TrackPointExtension>
            <ns3:hr>149</ns3:hr>
            <ns3:cad>81</ns3:cad>
          </ns3:TrackPointExtension>
        </extensions>
      </trkpt>
      <trkpt lat="37.50685558654367923736572265625" lon="127.06388407386839389801025390625">
        <ele>56</ele>
        <time>2026-09-27T12:45:17.000Z</time>
        <extensions>
          <ns3:TrackPointExtension>
            <ns3:hr>148</ns3:hr>
            <ns3:cad>81</ns3:cad>
          </ns3:TrackPointExtension>
        </extensions>
      </trkpt>
      <trkpt lat="37.5068251602351665496826171875" lon="127.06390838138759136199951171875">
        <ele>56.200000762939453125</ele>
        <time>2026-09-27T12:45:18.000Z</time>
        <extensions>
          <ns3:TrackPointExtension>
            <ns3:hr>149</ns3:hr>
            <ns3:cad>82</ns3:cad>
          </ns3:TrackPointExtension>
        </extensions>
      </trkpt>
      <trkpt lat="37.5068010203540325164794921875" lon="127.06392330117523670196533203125">
        <ele>56.40000152587890625</ele>
        <time>2026-09-27T12:45:19.000Z</time>
        <extensions>
          <ns3:TrackPointExtension>
            <ns3:hr>148</ns3:hr>
            <ns3:cad>82</ns3:cad>
          </ns3:TrackPointExtension>
        </extensions>
      </trkpt>
      <trkpt lat="37.506783418357372283935546875" lon="127.06394023261964321136474609375">
        <ele>56.59999847412109375</ele>
        <time>2026-09-27T12:45:20.000Z</time>
        <extensions>
          <ns3:TrackPointExtension>
            <ns3:hr>148</ns3:hr>
            <ns3:cad>82</ns3:cad>
          </ns3:TrackPointExtension>
        </extensions>
      </trkpt>
      <trkpt lat="37.5067534111440181732177734375" lon="127.063952051103115081787109375">
        <ele>56.799999237060546875</ele>
        <time>2026-09-27T12:45:21.000Z</time>
        <extensions>
          <ns3:TrackPointExtension>
            <ns3:hr>148</ns3:hr>
            <ns3:cad>81</ns3:cad>
          </ns3:TrackPointExtension>
        </extensions>
      </trkpt>
      <trkpt lat="37.50673186965286731719970703125" lon="127.0639622770249843597412109375">
        <ele>57.200000762939453125</ele>
        <time>2026-09-27T12:45:22.000Z</time>
        <extensions>
          <ns3:TrackPointExtension>
            <ns3:hr>149</ns3:hr>
            <ns3:cad>81</ns3:cad>
          </ns3:TrackPointExtension>
        </extensions>
      </trkpt>
      <trkpt lat="37.50670890323817729949951171875" lon="127.063977532088756561279296875">
        <ele>57.40000152587890625</ele>
        <time>2026-09-27T12:45:23.000Z</time>
        <extensions>
          <ns3:TrackPointExtension>
            <ns3:hr>149</ns3:hr>
            <ns3:cad>81</ns3:cad>
          </ns3:TrackPointExtension>
        </extensions>
      </trkpt>
      <trkpt lat="37.50668048858642578125" lon="127.06399261951446533203125">
        <ele>57.59999847412109375</ele>
        <time>2026-09-27T12:45:24.000Z</time>
        <extensions>
          <ns3:TrackPointExtension>
            <ns3:hr>149</ns3:hr>
            <ns3:cad>81</ns3:cad>
          </ns3:TrackPointExtension>
        </extensions>
      </trkpt>
      <trkpt lat="37.50666632317006587982177734375" lon="127.06400477327406406402587890625">
        <ele>57.799999237060546875</ele>
        <time>2026-09-27T12:45:25.000Z</time>
        <extensions>
          <ns3:TrackPointExtension>
            <ns3:hr>149</ns3:hr>
            <ns3:cad>41</ns3:cad>
          </ns3:TrackPointExtension>
        </extensions>
      </trkpt>
      <trkpt lat="37.50663598068058490753173828125" lon="127.06401952542364597320556640625">
        <ele>58</ele>
        <time>2026-09-27T12:45:26.000Z</time>
        <extensions>
          <ns3:TrackPointExtension>
            <ns3:hr>148</ns3:hr>
            <ns3:cad>41</ns3:cad>
          </ns3:TrackPointExtension>
        </extensions>
      </trkpt>
      <trkpt lat="37.50660915859043598175048828125" lon="127.0640249736607074737548828125">
        <ele>58</ele>
        <time>2026-09-27T12:45:27.000Z</time>
        <extensions>
          <ns3:TrackPointExtension>
            <ns3:hr>149</ns3:hr>
            <ns3:cad>41</ns3:cad>
          </ns3:TrackPointExtension>
        </extensions>
      </trkpt>
      <trkpt lat="37.5065911374986171722412109375" lon="127.06404265947639942169189453125">
        <ele>58.200000762939453125</ele>
        <time>2026-09-27T12:45:28.000Z</time>
        <extensions>
          <ns3:TrackPointExtension>
            <ns3:hr>149</ns3:hr>
            <ns3:cad>81</ns3:cad>
          </ns3:TrackPointExtension>
        </extensions>
      </trkpt>
      <trkpt lat="37.5065584480762481689453125" lon="127.06406294368207454681396484375">
        <ele>58.200000762939453125</ele>
        <time>2026-09-27T12:45:29.000Z</time>
        <extensions>
          <ns3:TrackPointExtension>
            <ns3:hr>149</ns3:hr>
            <ns3:cad>81</ns3:cad>
          </ns3:TrackPointExtension>
        </extensions>
      </trkpt>
      <trkpt lat="37.506537325680255889892578125" lon="127.064076773822307586669921875">
        <ele>58.40000152587890625</ele>
        <time>2026-09-27T12:45:30.000Z</time>
        <extensions>
          <ns3:TrackPointExtension>
            <ns3:hr>148</ns3:hr>
            <ns3:cad>81</ns3:cad>
          </ns3:TrackPointExtension>
        </extensions>
      </trkpt>
      <trkpt lat="37.50651712529361248016357421875" lon="127.06408850848674774169921875">
        <ele>58.59999847412109375</ele>
        <time>2026-09-27T12:45:31.000Z</time>
        <extensions>
          <ns3:TrackPointExtension>
            <ns3:hr>149</ns3:hr>
            <ns3:cad>81</ns3:cad>
          </ns3:TrackPointExtension>
        </extensions>
      </trkpt>
      <trkpt lat="37.50648208893835544586181640625" lon="127.06409965641796588897705078125">
        <ele>58.799999237060546875</ele>
        <time>2026-09-27T12:45:32.000Z</time>
        <extensions>
          <ns3:TrackPointExtension>
            <ns3:hr>149</ns3:hr>
            <ns3:cad>81</ns3:cad>
          </ns3:TrackPointExtension>
        </extensions>
      </trkpt>
      <trkpt lat="37.50645929016172885894775390625" lon="127.06411021761596202850341796875">
        <ele>59</ele>
        <time>2026-09-27T12:45:33.000Z</time>
        <extensions>
          <ns3:TrackPointExtension>
            <ns3:hr>148</ns3:hr>
            <ns3:cad>81</ns3:cad>
          </ns3:TrackPointExtension>
        </extensions>
      </trkpt>
      <trkpt lat="37.50643917359411716461181640625" lon="127.06411960534751415252685546875">
        <ele>59.200000762939453125</ele>
        <time>2026-09-27T12:45:34.000Z</time>
        <extensions>
          <ns3:TrackPointExtension>
            <ns3:hr>149</ns3:hr>
            <ns3:cad>81</ns3:cad>
          </ns3:TrackPointExtension>
        </extensions>
      </trkpt>
      <trkpt lat="37.5064107589423656463623046875" lon="127.06412295810878276824951171875">
        <ele>59.40000152587890625</ele>
        <time>2026-09-27T12:45:35.000Z</time>
        <extensions>
          <ns3:TrackPointExtension>
            <ns3:hr>149</ns3:hr>
            <ns3:cad>81</ns3:cad>
          </ns3:TrackPointExtension>
        </extensions>
      </trkpt>
      <trkpt lat="37.50639055855572223663330078125" lon="127.06413217820227146148681640625">
        <ele>59.40000152587890625</ele>
        <time>2026-09-27T12:45:36.000Z</time>
        <extensions>
          <ns3:TrackPointExtension>
            <ns3:hr>149</ns3:hr>
            <ns3:cad>82</ns3:cad>
          </ns3:TrackPointExtension>
        </extensions>
      </trkpt>
      <trkpt lat="37.50636189244687557220458984375" lon="127.06415061838924884796142578125">
        <ele>59.59999847412109375</ele>
        <time>2026-09-27T12:45:37.000Z</time>
        <extensions>
          <ns3:TrackPointExtension>
            <ns3:hr>149</ns3:hr>
            <ns3:cad>82</ns3:cad>
          </ns3:TrackPointExtension>
        </extensions>
      </trkpt>
      <trkpt lat="37.50633649528026580810546875" lon="127.06416721455752849578857421875">
        <ele>59.59999847412109375</ele>
        <time>2026-09-27T12:45:38.000Z</time>
        <extensions>
          <ns3:TrackPointExtension>
            <ns3:hr>149</ns3:hr>
            <ns3:cad>82</ns3:cad>
          </ns3:TrackPointExtension>
        </extensions>
      </trkpt>
      <trkpt lat="37.506312690675258636474609375" lon="127.06417744047939777374267578125">
        <ele>59.799999237060546875</ele>
        <time>2026-09-27T12:45:39.000Z</time>
        <extensions>
          <ns3:TrackPointExtension>
            <ns3:hr>149</ns3:hr>
            <ns3:cad>81</ns3:cad>
          </ns3:TrackPointExtension>
        </extensions>
      </trkpt>
      <trkpt lat="37.50628008507192134857177734375" lon="127.064192108809947967529296875">
        <ele>59.799999237060546875</ele>
        <time>2026-09-27T12:45:40.000Z</time>
        <extensions>
          <ns3:TrackPointExtension>
            <ns3:hr>149</ns3:hr>
            <ns3:cad>81</ns3:cad>
          </ns3:TrackPointExtension>
        </extensions>
      </trkpt>
      <trkpt lat="37.50625678338110446929931640625" lon="127.06421230919659137725830078125">
        <ele>60</ele>
        <time>2026-09-27T12:45:41.000Z</time>
        <extensions>
          <ns3:TrackPointExtension>
            <ns3:hr>149</ns3:hr>
            <ns3:cad>82</ns3:cad>
          </ns3:TrackPointExtension>
        </extensions>
      </trkpt>
      <trkpt lat="37.50623901374638080596923828125" lon="127.0642304979264736175537109375">
        <ele>60</ele>
        <time>2026-09-27T12:45:42.000Z</time>
        <extensions>
          <ns3:TrackPointExtension>
            <ns3:hr>150</ns3:hr>
            <ns3:cad>82</ns3:cad>
          </ns3:TrackPointExtension>
        </extensions>
      </trkpt>
      <trkpt lat="37.50620515085756778717041015625" lon="127.06423879601061344146728515625">
        <ele>60.200000762939453125</ele>
        <time>2026-09-27T12:45:43.000Z</time>
        <extensions>
          <ns3:TrackPointExtension>
            <ns3:hr>150</ns3:hr>
            <ns3:cad>82</ns3:cad>
          </ns3:TrackPointExtension>
        </extensions>
      </trkpt>
      <trkpt lat="37.50618536956608295440673828125" lon="127.064250446856021881103515625">
        <ele>60.40000152587890625</ele>
        <time>2026-09-27T12:45:44.000Z</time>
        <extensions>
          <ns3:TrackPointExtension>
            <ns3:hr>150</ns3:hr>
            <ns3:cad>82</ns3:cad>
          </ns3:TrackPointExtension>
        </extensions>
      </trkpt>
      <trkpt lat="37.50615335069596767425537109375" lon="127.06426964141428470611572265625">
        <ele>60.40000152587890625</ele>
        <time>2026-09-27T12:45:45.000Z</time>
        <extensions>
          <ns3:TrackPointExtension>
            <ns3:hr>150</ns3:hr>
            <ns3:cad>82</ns3:cad>
          </ns3:TrackPointExtension>
        </extensions>
      </trkpt>
      <trkpt lat="37.5061266124248504638671875" lon="127.06427701748907566070556640625">
        <ele>60.59999847412109375</ele>
        <time>2026-09-27T12:45:46.000Z</time>
        <extensions>
          <ns3:TrackPointExtension>
            <ns3:hr>151</ns3:hr>
            <ns3:cad>82</ns3:cad>
          </ns3:TrackPointExtension>
        </extensions>
      </trkpt>
      <trkpt lat="37.506112866103649139404296875" lon="127.06429344601929187774658203125">
        <ele>60.799999237060546875</ele>
        <time>2026-09-27T12:45:47.000Z</time>
        <extensions>
          <ns3:TrackPointExtension>
            <ns3:hr>151</ns3:hr>
            <ns3:cad>82</ns3:cad>
          </ns3:TrackPointExtension>
        </extensions>
      </trkpt>
      <trkpt lat="37.506088055670261383056640625" lon="127.06431691534817218780517578125">
        <ele>61</ele>
        <time>2026-09-27T12:45:48.000Z</time>
        <extensions>
          <ns3:TrackPointExtension>
            <ns3:hr>151</ns3:hr>
            <ns3:cad>82</ns3:cad>
          </ns3:TrackPointExtension>
        </extensions>
      </trkpt>
      <trkpt lat="37.50606869347393512725830078125" lon="127.06433233805000782012939453125">
        <ele>61</ele>
        <time>2026-09-27T12:45:49.000Z</time>
        <extensions>
          <ns3:TrackPointExtension>
            <ns3:hr>152</ns3:hr>
            <ns3:cad>82</ns3:cad>
          </ns3:TrackPointExtension>
        </extensions>
      </trkpt>
      <trkpt lat="37.5060479901731014251708984375" lon="127.0643468387424945831298828125">
        <ele>61.200000762939453125</ele>
        <time>2026-09-27T12:45:50.000Z</time>
        <extensions>
          <ns3:TrackPointExtension>
            <ns3:hr>152</ns3:hr>
            <ns3:cad>82</ns3:cad>
          </ns3:TrackPointExtension>
        </extensions>
      </trkpt>
      <trkpt lat="37.5060181505978107452392578125" lon="127.06436117179691791534423828125">
        <ele>61.40000152587890625</ele>
        <time>2026-09-27T12:45:51.000Z</time>
        <extensions>
          <ns3:TrackPointExtension>
            <ns3:hr>152</ns3:hr>
            <ns3:cad>82</ns3:cad>
          </ns3:TrackPointExtension>
        </extensions>
      </trkpt>
      <trkpt lat="37.50600130297243595123291015625" lon="127.0643775165081024169921875">
        <ele>61.59999847412109375</ele>
        <time>2026-09-27T12:45:52.000Z</time>
        <extensions>
          <ns3:TrackPointExtension>
            <ns3:hr>152</ns3:hr>
            <ns3:cad>82</ns3:cad>
          </ns3:TrackPointExtension>
        </extensions>
      </trkpt>
      <trkpt lat="37.50597976148128509521484375" lon="127.064393274486064910888671875">
        <ele>61.799999237060546875</ele>
        <time>2026-09-27T12:45:53.000Z</time>
        <extensions>
          <ns3:TrackPointExtension>
            <ns3:hr>153</ns3:hr>
            <ns3:cad>82</ns3:cad>
          </ns3:TrackPointExtension>
        </extensions>
      </trkpt>
      <trkpt lat="37.505953945219516754150390625" lon="127.06440174020826816558837890625">
        <ele>61.799999237060546875</ele>
        <time>2026-09-27T12:45:54.000Z</time>
        <extensions>
          <ns3:TrackPointExtension>
            <ns3:hr>153</ns3:hr>
            <ns3:cad>82</ns3:cad>
          </ns3:TrackPointExtension>
        </extensions>
      </trkpt>
      <trkpt lat="37.5059415400028228759765625" lon="127.0644088648259639739990234375">
        <ele>62</ele>
        <time>2026-09-27T12:45:55.000Z</time>
        <extensions>
          <ns3:TrackPointExtension>
            <ns3:hr>153</ns3:hr>
            <ns3:cad>82</ns3:cad>
          </ns3:TrackPointExtension>
        </extensions>
      </trkpt>
      <trkpt lat="37.5059108622372150421142578125" lon="127.06442453898489475250244140625">
        <ele>62.200000762939453125</ele>
        <time>2026-09-27T12:45:56.000Z</time>
        <extensions>
          <ns3:TrackPointExtension>
            <ns3:hr>153</ns3:hr>
            <ns3:cad>82</ns3:cad>
          </ns3:TrackPointExtension>
        </extensions>
      </trkpt>
      <trkpt lat="37.50588295049965381622314453125" lon="127.064429819583892822265625">
        <ele>62.200000762939453125</ele>
        <time>2026-09-27T12:45:57.000Z</time>
        <extensions>
          <ns3:TrackPointExtension>
            <ns3:hr>153</ns3:hr>
            <ns3:cad>82</ns3:cad>
          </ns3:TrackPointExtension>
        </extensions>
      </trkpt>
      <trkpt lat="37.5058625824749469757080078125" lon="127.06443929113447666168212890625">
        <ele>62.40000152587890625</ele>
        <time>2026-09-27T12:45:58.000Z</time>
        <extensions>
          <ns3:TrackPointExtension>
            <ns3:hr>153</ns3:hr>
            <ns3:cad>82</ns3:cad>
          </ns3:TrackPointExtension>
        </extensions>
      </trkpt>
      <trkpt lat="37.50583047978579998016357421875" lon="127.0644584856927394866943359375">
        <ele>62.40000152587890625</ele>
        <time>2026-09-27T12:45:59.000Z</time>
        <extensions>
          <ns3:TrackPointExtension>
            <ns3:hr>153</ns3:hr>
            <ns3:cad>82</ns3:cad>
          </ns3:TrackPointExtension>
        </extensions>
      </trkpt>
      <trkpt lat="37.50580399297177791595458984375" lon="127.06447583623230457305908203125">
        <ele>62.40000152587890625</ele>
        <time>2026-09-27T12:46:00.000Z</time>
        <extensions>
          <ns3:TrackPointExtension>
            <ns3:hr>153</ns3:hr>
            <ns3:cad>81</ns3:cad>
          </ns3:TrackPointExtension>
        </extensions>
      </trkpt>
      <trkpt lat="37.5057797692716121673583984375" lon="127.06449042074382305145263671875">
        <ele>62.59999847412109375</ele>
        <time>2026-09-27T12:46:01.000Z</time>
        <extensions>
          <ns3:TrackPointExtension>
            <ns3:hr>152</ns3:hr>
            <ns3:cad>81</ns3:cad>
          </ns3:TrackPointExtension>
        </extensions>
      </trkpt>
      <trkpt lat="37.50574800185859203338623046875" lon="127.06449964083731174468994140625">
        <ele>62.59999847412109375</ele>
        <time>2026-09-27T12:46:02.000Z</time>
        <extensions>
          <ns3:TrackPointExtension>
            <ns3:hr>152</ns3:hr>
            <ns3:cad>81</ns3:cad>
          </ns3:TrackPointExtension>
        </extensions>
      </trkpt>
      <trkpt lat="37.505725957453250885009765625" lon="127.0645138062536716461181640625">
        <ele>62.799999237060546875</ele>
        <time>2026-09-27T12:46:03.000Z</time>
        <extensions>
          <ns3:TrackPointExtension>
            <ns3:hr>152</ns3:hr>
            <ns3:cad>81</ns3:cad>
          </ns3:TrackPointExtension>
        </extensions>
      </trkpt>
      <trkpt lat="37.5056982971727848052978515625" lon="127.06453107297420501708984375">
        <ele>63</ele>
        <time>2026-09-27T12:46:04.000Z</time>
        <extensions>
          <ns3:TrackPointExtension>
            <ns3:hr>152</ns3:hr>
            <ns3:cad>81</ns3:cad>
          </ns3:TrackPointExtension>
        </extensions>
      </trkpt>
      <trkpt lat="37.50567122362554073333740234375" lon="127.06453953869640827178955078125">
        <ele>63.200000762939453125</ele>
        <time>2026-09-27T12:46:05.000Z</time>
        <extensions>
          <ns3:TrackPointExtension>
            <ns3:hr>152</ns3:hr>
            <ns3:cad>81</ns3:cad>
          </ns3:TrackPointExtension>
        </extensions>
      </trkpt>
      <trkpt lat="37.50565588474273681640625" lon="127.06455227918922901153564453125">
        <ele>63.40000152587890625</ele>
        <time>2026-09-27T12:46:06.000Z</time>
        <extensions>
          <ns3:TrackPointExtension>
            <ns3:hr>152</ns3:hr>
            <ns3:cad>83</ns3:cad>
          </ns3:TrackPointExtension>
        </extensions>
      </trkpt>
      <trkpt lat="37.5056277215480804443359375" lon="127.06457239575684070587158203125">
        <ele>63.59999847412109375</ele>
        <time>2026-09-27T12:46:07.000Z</time>
        <extensions>
          <ns3:TrackPointExtension>
            <ns3:hr>152</ns3:hr>
            <ns3:cad>83</ns3:cad>
          </ns3:TrackPointExtension>
        </extensions>
      </trkpt>
      <trkpt lat="37.5056062638759613037109375" lon="127.0645862258970737457275390625">
        <ele>63.59999847412109375</ele>
        <time>2026-09-27T12:46:08.000Z</time>
        <extensions>
          <ns3:TrackPointExtension>
            <ns3:hr>152</ns3:hr>
            <ns3:cad>83</ns3:cad>
          </ns3:TrackPointExtension>
        </extensions>
      </trkpt>
      <trkpt lat="37.50558740459382534027099609375" lon="127.06460190005600452423095703125">
        <ele>63.799999237060546875</ele>
        <time>2026-09-27T12:46:09.000Z</time>
        <extensions>
          <ns3:TrackPointExtension>
            <ns3:hr>152</ns3:hr>
            <ns3:cad>82</ns3:cad>
          </ns3:TrackPointExtension>
        </extensions>
      </trkpt>
      <trkpt lat="37.50555505044758319854736328125" lon="127.06461162306368350982666015625">
        <ele>64</ele>
        <time>2026-09-27T12:46:10.000Z</time>
        <extensions>
          <ns3:TrackPointExtension>
            <ns3:hr>152</ns3:hr>
            <ns3:cad>82</ns3:cad>
          </ns3:TrackPointExtension>
        </extensions>
      </trkpt>
      <trkpt lat="37.50553543679416179656982421875" lon="127.06462285481393337249755859375">
        <ele>64</ele>
        <time>2026-09-27T12:46:11.000Z</time>
        <extensions>
          <ns3:TrackPointExtension>
            <ns3:hr>152</ns3:hr>
            <ns3:cad>82</ns3:cad>
          </ns3:TrackPointExtension>
        </extensions>
      </trkpt>
      <trkpt lat="37.5055105425417423248291015625" lon="127.0646391995251178741455078125">
        <ele>64.1999969482421875</ele>
        <time>2026-09-27T12:46:12.000Z</time>
        <extensions>
          <ns3:TrackPointExtension>
            <ns3:hr>152</ns3:hr>
            <ns3:cad>82</ns3:cad>
          </ns3:TrackPointExtension>
        </extensions>
      </trkpt>
      <trkpt lat="37.5054837204515933990478515625" lon="127.06464347429573535919189453125">
        <ele>64.1999969482421875</ele>
        <time>2026-09-27T12:46:13.000Z</time>
        <extensions>
          <ns3:TrackPointExtension>
            <ns3:hr>152</ns3:hr>
            <ns3:cad>81</ns3:cad>
          </ns3:TrackPointExtension>
        </extensions>
      </trkpt>
      <trkpt lat="37.50546419061720371246337890625" lon="127.06465101800858974456787109375">
        <ele>64.1999969482421875</ele>
        <time>2026-09-27T12:46:14.000Z</time>
        <extensions>
          <ns3:TrackPointExtension>
            <ns3:hr>152</ns3:hr>
            <ns3:cad>81</ns3:cad>
          </ns3:TrackPointExtension>
        </extensions>
      </trkpt>
      <trkpt lat="37.505430914461612701416015625" lon="127.06466543488204479217529296875">
        <ele>64.1999969482421875</ele>
        <time>2026-09-27T12:46:15.000Z</time>
        <extensions>
          <ns3:TrackPointExtension>
            <ns3:hr>152</ns3:hr>
            <ns3:cad>81</ns3:cad>
          </ns3:TrackPointExtension>
        </extensions>
      </trkpt>
      <trkpt lat="37.505406774580478668212890625" lon="127.06467700190842151641845703125">
        <ele>64.1999969482421875</ele>
        <time>2026-09-27T12:46:16.000Z</time>
        <extensions>
          <ns3:TrackPointExtension>
            <ns3:hr>152</ns3:hr>
            <ns3:cad>81</ns3:cad>
          </ns3:TrackPointExtension>
        </extensions>
      </trkpt>
      <trkpt lat="37.5053838081657886505126953125" lon="127.06468471325933933258056640625">
        <ele>64.40000152587890625</ele>
        <time>2026-09-27T12:46:17.000Z</time>
        <extensions>
          <ns3:TrackPointExtension>
            <ns3:hr>152</ns3:hr>
            <ns3:cad>81</ns3:cad>
          </ns3:TrackPointExtension>
        </extensions>
      </trkpt>
      <trkpt lat="37.50535002909600734710693359375" lon="127.064687311649322509765625">
        <ele>64.40000152587890625</ele>
        <time>2026-09-27T12:46:18.000Z</time>
        <extensions>
          <ns3:TrackPointExtension>
            <ns3:hr>151</ns3:hr>
            <ns3:cad>81</ns3:cad>
          </ns3:TrackPointExtension>
        </extensions>
      </trkpt>
      <trkpt lat="37.50532672740519046783447265625" lon="127.064698040485382080078125">
        <ele>64.59999847412109375</ele>
        <time>2026-09-27T12:46:19.000Z</time>
        <extensions>
          <ns3:TrackPointExtension>
            <ns3:hr>152</ns3:hr>
            <ns3:cad>81</ns3:cad>
          </ns3:TrackPointExtension>
        </extensions>
      </trkpt>
      <trkpt lat="37.5052976422011852264404296875" lon="127.06471120007336139678955078125">
        <ele>64.8000030517578125</ele>
        <time>2026-09-27T12:46:20.000Z</time>
        <extensions>
          <ns3:TrackPointExtension>
            <ns3:hr>151</ns3:hr>
            <ns3:cad>81</ns3:cad>
          </ns3:TrackPointExtension>
        </extensions>
      </trkpt>
      <trkpt lat="37.50526755116879940032958984375" lon="127.06470902077853679656982421875">
        <ele>64.59999847412109375</ele>
        <time>2026-09-27T12:46:21.000Z</time>
        <extensions>
          <ns3:TrackPointExtension>
            <ns3:hr>151</ns3:hr>
            <ns3:cad>81</ns3:cad>
          </ns3:TrackPointExtension>
        </extensions>
      </trkpt>
      <trkpt lat="37.50524483621120452880859375" lon="127.0647119544446468353271484375">
        <ele>64.59999847412109375</ele>
        <time>2026-09-27T12:46:22.000Z</time>
        <extensions>
          <ns3:TrackPointExtension>
            <ns3:hr>151</ns3:hr>
            <ns3:cad>81</ns3:cad>
          </ns3:TrackPointExtension>
        </extensions>
      </trkpt>
      <trkpt lat="37.50521625392138957977294921875" lon="127.0646992139518260955810546875">
        <ele>64.40000152587890625</ele>
        <time>2026-09-27T12:46:23.000Z</time>
        <extensions>
          <ns3:TrackPointExtension>
            <ns3:hr>150</ns3:hr>
            <ns3:cad>81</ns3:cad>
          </ns3:TrackPointExtension>
        </extensions>
      </trkpt>
      <trkpt lat="37.505191527307033538818359375" lon="127.06468664109706878662109375">
        <ele>64.40000152587890625</ele>
        <time>2026-09-27T12:46:24.000Z</time>
        <extensions>
          <ns3:TrackPointExtension>
            <ns3:hr>149</ns3:hr>
            <ns3:cad>82</ns3:cad>
          </ns3:TrackPointExtension>
        </extensions>
      </trkpt>
      <trkpt lat="37.50517032109200954437255859375" lon="127.0646670274436473846435546875">
        <ele>64.40000152587890625</ele>
        <time>2026-09-27T12:46:25.000Z</time>
        <extensions>
          <ns3:TrackPointExtension>
            <ns3:hr>149</ns3:hr>
            <ns3:cad>82</ns3:cad>
          </ns3:TrackPointExtension>
        </extensions>
      </trkpt>
      <trkpt lat="37.50514936633408069610595703125" lon="127.06463425420224666595458984375">
        <ele>64.40000152587890625</ele>
        <time>2026-09-27T12:46:26.000Z</time>
        <extensions>
          <ns3:TrackPointExtension>
            <ns3:hr>149</ns3:hr>
            <ns3:cad>82</ns3:cad>
          </ns3:TrackPointExtension>
        </extensions>
      </trkpt>
      <trkpt lat="37.50514232553541660308837890625" lon="127.06460223533213138580322265625">
        <ele>64.8000030517578125</ele>
        <time>2026-09-27T12:46:27.000Z</time>
        <extensions>
          <ns3:TrackPointExtension>
            <ns3:hr>149</ns3:hr>
            <ns3:cad>82</ns3:cad>
          </ns3:TrackPointExtension>
        </extensions>
      </trkpt>
      <trkpt lat="37.50513017177581787109375" lon="127.06456460058689117431640625">
        <ele>64.8000030517578125</ele>
        <time>2026-09-27T12:46:28.000Z</time>
        <extensions>
          <ns3:TrackPointExtension>
            <ns3:hr>149</ns3:hr>
            <ns3:cad>82</ns3:cad>
          </ns3:TrackPointExtension>
        </extensions>
      </trkpt>
      <trkpt lat="37.50511516816914081573486328125" lon="127.06452545709908008575439453125">
        <ele>64.8000030517578125</ele>
        <time>2026-09-27T12:46:29.000Z</time>
        <extensions>
          <ns3:TrackPointExtension>
            <ns3:hr>148</ns3:hr>
            <ns3:cad>82</ns3:cad>
          </ns3:TrackPointExtension>
        </extensions>
      </trkpt>
      <trkpt lat="37.5051021762192249298095703125" lon="127.0644943602383136749267578125">
        <ele>64.8000030517578125</ele>
        <time>2026-09-27T12:46:30.000Z</time>
        <extensions>
          <ns3:TrackPointExtension>
            <ns3:hr>148</ns3:hr>
            <ns3:cad>82</ns3:cad>
          </ns3:TrackPointExtension>
        </extensions>
      </trkpt>
      <trkpt lat="37.505088262259960174560546875" lon="127.06446468830108642578125">
        <ele>64.8000030517578125</ele>
        <time>2026-09-27T12:46:31.000Z</time>
        <extensions>
          <ns3:TrackPointExtension>
            <ns3:hr>148</ns3:hr>
            <ns3:cad>82</ns3:cad>
          </ns3:TrackPointExtension>
        </extensions>
      </trkpt>
      <trkpt lat="37.50508214347064495086669921875" lon="127.0644323341548442840576171875">
        <ele>65</ele>
        <time>2026-09-27T12:46:32.000Z</time>
        <extensions>
          <ns3:TrackPointExtension>
            <ns3:hr>148</ns3:hr>
            <ns3:cad>82</ns3:cad>
          </ns3:TrackPointExtension>
        </extensions>
      </trkpt>
      <trkpt lat="37.50507594086229801177978515625" lon="127.0643994770944118499755859375">
        <ele>65</ele>
        <time>2026-09-27T12:46:33.000Z</time>
        <extensions>
          <ns3:TrackPointExtension>
            <ns3:hr>148</ns3:hr>
            <ns3:cad>82</ns3:cad>
          </ns3:TrackPointExtension>
        </extensions>
      </trkpt>
      <trkpt lat="37.505073845386505126953125" lon="127.06436703912913799285888671875">
        <ele>65.1999969482421875</ele>
        <time>2026-09-27T12:46:34.000Z</time>
        <extensions>
          <ns3:TrackPointExtension>
            <ns3:hr>148</ns3:hr>
            <ns3:cad>82</ns3:cad>
          </ns3:TrackPointExtension>
        </extensions>
      </trkpt>
      <trkpt lat="37.50506839714944362640380859375" lon="127.06433954648673534393310546875">
        <ele>65.40000152587890625</ele>
        <time>2026-09-27T12:46:35.000Z</time>
        <extensions>
          <ns3:TrackPointExtension>
            <ns3:hr>148</ns3:hr>
            <ns3:cad>82</ns3:cad>
          </ns3:TrackPointExtension>
        </extensions>
      </trkpt>
      <trkpt lat="37.50505699776113033294677734375" lon="127.064306773245334625244140625">
        <ele>65.40000152587890625</ele>
        <time>2026-09-27T12:46:36.000Z</time>
        <extensions>
          <ns3:TrackPointExtension>
            <ns3:hr>147</ns3:hr>
            <ns3:cad>82</ns3:cad>
          </ns3:TrackPointExtension>
        </extensions>
      </trkpt>
      <trkpt lat="37.50505012460052967071533203125" lon="127.064269222319126129150390625">
        <ele>65.40000152587890625</ele>
        <time>2026-09-27T12:46:37.000Z</time>
        <extensions>
          <ns3:TrackPointExtension>
            <ns3:hr>147</ns3:hr>
            <ns3:cad>82</ns3:cad>
          </ns3:TrackPointExtension>
        </extensions>
      </trkpt>
      <trkpt lat="37.5050394795835018157958984375" lon="127.0642425678670406341552734375">
        <ele>65.40000152587890625</ele>
        <time>2026-09-27T12:46:38.000Z</time>
        <extensions>
          <ns3:TrackPointExtension>
            <ns3:hr>147</ns3:hr>
            <ns3:cad>82</ns3:cad>
          </ns3:TrackPointExtension>
        </extensions>
      </trkpt>
      <trkpt lat="37.50503084622323513031005859375" lon="127.0642093755304813385009765625">
        <ele>65.59999847412109375</ele>
        <time>2026-09-27T12:46:39.000Z</time>
        <extensions>
          <ns3:TrackPointExtension>
            <ns3:hr>147</ns3:hr>
            <ns3:cad>82</ns3:cad>
          </ns3:TrackPointExtension>
        </extensions>
      </trkpt>
      <trkpt lat="37.50501844100654125213623046875" lon="127.06419386900961399078369140625">
        <ele>65.59999847412109375</ele>
        <time>2026-09-27T12:46:40.000Z</time>
        <extensions>
          <ns3:TrackPointExtension>
            <ns3:hr>147</ns3:hr>
            <ns3:cad>81</ns3:cad>
          </ns3:TrackPointExtension>
        </extensions>
      </trkpt>
      <trkpt lat="37.50500368885695934295654296875" lon="127.064160592854022979736328125">
        <ele>65.8000030517578125</ele>
        <time>2026-09-27T12:46:41.000Z</time>
        <extensions>
          <ns3:TrackPointExtension>
            <ns3:hr>147</ns3:hr>
            <ns3:cad>81</ns3:cad>
          </ns3:TrackPointExtension>
        </extensions>
      </trkpt>
      <trkpt lat="37.5049925409257411956787109375" lon="127.064126394689083099365234375">
        <ele>66</ele>
        <time>2026-09-27T12:46:42.000Z</time>
        <extensions>
          <ns3:TrackPointExtension>
            <ns3:hr>147</ns3:hr>
            <ns3:cad>81</ns3:cad>
          </ns3:TrackPointExtension>
        </extensions>
      </trkpt>
      <trkpt lat="37.50498290173709392547607421875" lon="127.06409278325736522674560546875">
        <ele>66.1999969482421875</ele>
        <time>2026-09-27T12:46:43.000Z</time>
        <extensions>
          <ns3:TrackPointExtension>
            <ns3:hr>147</ns3:hr>
            <ns3:cad>82</ns3:cad>
          </ns3:TrackPointExtension>
        </extensions>
      </trkpt>
      <trkpt lat="37.5049690715968608856201171875" lon="127.06405942328274250030517578125">
        <ele>66.1999969482421875</ele>
        <time>2026-09-27T12:46:44.000Z</time>
        <extensions>
          <ns3:TrackPointExtension>
            <ns3:hr>147</ns3:hr>
            <ns3:cad>82</ns3:cad>
          </ns3:TrackPointExtension>
        </extensions>
      </trkpt>
      <trkpt lat="37.50495876185595989227294921875" lon="127.064027823507785797119140625">
        <ele>66.40000152587890625</ele>
        <time>2026-09-27T12:46:45.000Z</time>
        <extensions>
          <ns3:TrackPointExtension>
            <ns3:hr>146</ns3:hr>
            <ns3:cad>82</ns3:cad>
          </ns3:TrackPointExtension>
        </extensions>
      </trkpt>
      <trkpt lat="37.50494367443025112152099609375" lon="127.06399052403867244720458984375">
        <ele>66.40000152587890625</ele>
        <time>2026-09-27T12:46:46.000Z</time>
        <extensions>
          <ns3:TrackPointExtension>
            <ns3:hr>146</ns3:hr>
            <ns3:cad>82</ns3:cad>
          </ns3:TrackPointExtension>
        </extensions>
      </trkpt>
      <trkpt lat="37.50493026338517665863037109375" lon="127.063950039446353912353515625">
        <ele>66.59999847412109375</ele>
        <time>2026-09-27T12:46:47.000Z</time>
        <extensions>
          <ns3:TrackPointExtension>
            <ns3:hr>146</ns3:hr>
            <ns3:cad>83</ns3:cad>
          </ns3:TrackPointExtension>
        </extensions>
      </trkpt>
      <trkpt lat="37.5049238093197345733642578125" lon="127.0639126561582088470458984375">
        <ele>66.59999847412109375</ele>
        <time>2026-09-27T12:46:48.000Z</time>
        <extensions>
          <ns3:TrackPointExtension>
            <ns3:hr>145</ns3:hr>
            <ns3:cad>83</ns3:cad>
          </ns3:TrackPointExtension>
        </extensions>
      </trkpt>
      <trkpt lat="37.5049137510359287261962890625" lon="127.06387585960328578948974609375">
        <ele>66.59999847412109375</ele>
        <time>2026-09-27T12:46:49.000Z</time>
        <extensions>
          <ns3:TrackPointExtension>
            <ns3:hr>144</ns3:hr>
            <ns3:cad>82</ns3:cad>
          </ns3:TrackPointExtension>
        </extensions>
      </trkpt>
      <trkpt lat="37.504900507628917694091796875" lon="127.06383193843066692352294921875">
        <ele>66.59999847412109375</ele>
        <time>2026-09-27T12:46:50.000Z</time>
        <extensions>
          <ns3:TrackPointExtension>
            <ns3:hr>144</ns3:hr>
            <ns3:cad>82</ns3:cad>
          </ns3:TrackPointExtension>
        </extensions>
      </trkpt>
      <trkpt lat="37.504891790449619293212890625" lon="127.06380285322666168212890625">
        <ele>66.59999847412109375</ele>
        <time>2026-09-27T12:46:51.000Z</time>
        <extensions>
          <ns3:TrackPointExtension>
            <ns3:hr>144</ns3:hr>
            <ns3:cad>82</ns3:cad>
          </ns3:TrackPointExtension>
        </extensions>
      </trkpt>
      <trkpt lat="37.50487427227199077606201171875" lon="127.06377410329878330230712890625">
        <ele>66.40000152587890625</ele>
        <time>2026-09-27T12:46:52.000Z</time>
        <extensions>
          <ns3:TrackPointExtension>
            <ns3:hr>143</ns3:hr>
            <ns3:cad>82</ns3:cad>
          </ns3:TrackPointExtension>
        </extensions>
      </trkpt>
      <trkpt lat="37.504856586456298828125" lon="127.06374577246606349945068359375">
        <ele>66.40000152587890625</ele>
        <time>2026-09-27T12:46:53.000Z</time>
        <extensions>
          <ns3:TrackPointExtension>
            <ns3:hr>143</ns3:hr>
            <ns3:cad>83</ns3:cad>
          </ns3:TrackPointExtension>
        </extensions>
      </trkpt>
      <trkpt lat="37.5048463605344295501708984375" lon="127.0637188665568828582763671875">
        <ele>66.40000152587890625</ele>
        <time>2026-09-27T12:46:54.000Z</time>
        <extensions>
          <ns3:TrackPointExtension>
            <ns3:hr>143</ns3:hr>
            <ns3:cad>83</ns3:cad>
          </ns3:TrackPointExtension>
        </extensions>
      </trkpt>
      <trkpt lat="37.50483085401356220245361328125" lon="127.06368458457291126251220703125">
        <ele>66.59999847412109375</ele>
        <time>2026-09-27T12:46:55.000Z</time>
        <extensions>
          <ns3:TrackPointExtension>
            <ns3:hr>143</ns3:hr>
            <ns3:cad>83</ns3:cad>
          </ns3:TrackPointExtension>
        </extensions>
      </trkpt>
      <trkpt lat="37.50481878407299518585205078125" lon="127.0636648871004581451416015625">
        <ele>66.8000030517578125</ele>
        <time>2026-09-27T12:46:56.000Z</time>
        <extensions>
          <ns3:TrackPointExtension>
            <ns3:hr>144</ns3:hr>
            <ns3:cad>83</ns3:cad>
          </ns3:TrackPointExtension>
        </extensions>
      </trkpt>
      <trkpt lat="37.50480419956147670745849609375" lon="127.06363563425838947296142578125">
        <ele>67</ele>
        <time>2026-09-27T12:46:57.000Z</time>
        <extensions>
          <ns3:TrackPointExtension>
            <ns3:hr>143</ns3:hr>
            <ns3:cad>83</ns3:cad>
          </ns3:TrackPointExtension>
        </extensions>
      </trkpt>
      <trkpt lat="37.50479112379252910614013671875" lon="127.06360411830246448516845703125">
        <ele>67</ele>
        <time>2026-09-27T12:46:58.000Z</time>
        <extensions>
          <ns3:TrackPointExtension>
            <ns3:hr>143</ns3:hr>
            <ns3:cad>83</ns3:cad>
          </ns3:TrackPointExtension>
        </extensions>
      </trkpt>
      <trkpt lat="37.50478056259453296661376953125" lon="127.063574530184268951416015625">
        <ele>67.1999969482421875</ele>
        <time>2026-09-27T12:46:59.000Z</time>
        <extensions>
          <ns3:TrackPointExtension>
            <ns3:hr>143</ns3:hr>
            <ns3:cad>81</ns3:cad>
          </ns3:TrackPointExtension>
        </extensions>
      </trkpt>
      <trkpt lat="37.50477335415780544281005859375" lon="127.06353890709578990936279296875">
        <ele>67.1999969482421875</ele>
        <time>2026-09-27T12:47:00.000Z</time>
        <extensions>
          <ns3:TrackPointExtension>
            <ns3:hr>144</ns3:hr>
            <ns3:cad>81</ns3:cad>
          </ns3:TrackPointExtension>
        </extensions>
      </trkpt>
      <trkpt lat="37.50476513989269733428955078125" lon="127.0635063014924526214599609375">
        <ele>67.1999969482421875</ele>
        <time>2026-09-27T12:47:01.000Z</time>
        <extensions>
          <ns3:TrackPointExtension>
            <ns3:hr>143</ns3:hr>
            <ns3:cad>81</ns3:cad>
          </ns3:TrackPointExtension>
        </extensions>
      </trkpt>
      <trkpt lat="37.504757009446620941162109375" lon="127.06347562372684478759765625">
        <ele>67.40000152587890625</ele>
        <time>2026-09-27T12:47:02.000Z</time>
        <extensions>
          <ns3:TrackPointExtension>
            <ns3:hr>143</ns3:hr>
            <ns3:cad>81</ns3:cad>
          </ns3:TrackPointExtension>
        </extensions>
      </trkpt>
      <trkpt lat="37.5047481246292591094970703125" lon="127.06343865953385829925537109375">
        <ele>67.59999847412109375</ele>
        <time>2026-09-27T12:47:03.000Z</time>
        <extensions>
          <ns3:TrackPointExtension>
            <ns3:hr>143</ns3:hr>
            <ns3:cad>82</ns3:cad>
          </ns3:TrackPointExtension>
        </extensions>
      </trkpt>
      <trkpt lat="37.5047394074499607086181640625" lon="127.06340982578694820404052734375">
        <ele>67.8000030517578125</ele>
        <time>2026-09-27T12:47:04.000Z</time>
        <extensions>
          <ns3:TrackPointExtension>
            <ns3:hr>143</ns3:hr>
            <ns3:cad>82</ns3:cad>
          </ns3:TrackPointExtension>
        </extensions>
      </trkpt>
      <trkpt lat="37.50472708605229854583740234375" lon="127.06337763927876949310302734375">
        <ele>67.8000030517578125</ele>
        <time>2026-09-27T12:47:05.000Z</time>
        <extensions>
          <ns3:TrackPointExtension>
            <ns3:hr>143</ns3:hr>
            <ns3:cad>82</ns3:cad>
          </ns3:TrackPointExtension>
        </extensions>
      </trkpt>
      <trkpt lat="37.5047152675688266754150390625" lon="127.06333958543837070465087890625">
        <ele>68</ele>
        <time>2026-09-27T12:47:06.000Z</time>
        <extensions>
          <ns3:TrackPointExtension>
            <ns3:hr>143</ns3:hr>
            <ns3:cad>82</ns3:cad>
          </ns3:TrackPointExtension>
        </extensions>
      </trkpt>
      <trkpt lat="37.504706718027591705322265625" lon="127.06330739893019199371337890625">
        <ele>67.8000030517578125</ele>
        <time>2026-09-27T12:47:07.000Z</time>
        <extensions>
          <ns3:TrackPointExtension>
            <ns3:hr>143</ns3:hr>
            <ns3:cad>82</ns3:cad>
          </ns3:TrackPointExtension>
        </extensions>
      </trkpt>
      <trkpt lat="37.50469020567834377288818359375" lon="127.06327185966074466705322265625">
        <ele>67.8000030517578125</ele>
        <time>2026-09-27T12:47:08.000Z</time>
        <extensions>
          <ns3:TrackPointExtension>
            <ns3:hr>143</ns3:hr>
            <ns3:cad>82</ns3:cad>
          </ns3:TrackPointExtension>
        </extensions>
      </trkpt>
      <trkpt lat="37.504679895937442779541015625" lon="127.06323900260031223297119140625">
        <ele>68</ele>
        <time>2026-09-27T12:47:09.000Z</time>
        <extensions>
          <ns3:TrackPointExtension>
            <ns3:hr>144</ns3:hr>
            <ns3:cad>82</ns3:cad>
          </ns3:TrackPointExtension>
        </extensions>
      </trkpt>
      <trkpt lat="37.5046743638813495635986328125" lon="127.0632062293589115142822265625">
        <ele>68</ele>
        <time>2026-09-27T12:47:10.000Z</time>
        <extensions>
          <ns3:TrackPointExtension>
            <ns3:hr>147</ns3:hr>
            <ns3:cad>81</ns3:cad>
          </ns3:TrackPointExtension>
        </extensions>
      </trkpt>
      <trkpt lat="37.50466221012175083160400390625" lon="127.0631716959178447723388671875">
        <ele>68.1999969482421875</ele>
        <time>2026-09-27T12:47:11.000Z</time>
        <extensions>
          <ns3:TrackPointExtension>
            <ns3:hr>147</ns3:hr>
            <ns3:cad>81</ns3:cad>
          </ns3:TrackPointExtension>
        </extensions>
      </trkpt>
      <trkpt lat="37.50465131364762783050537109375" lon="127.06314168870449066162109375">
        <ele>68.59999847412109375</ele>
        <time>2026-09-27T12:47:12.000Z</time>
        <extensions>
          <ns3:TrackPointExtension>
            <ns3:hr>147</ns3:hr>
            <ns3:cad>81</ns3:cad>
          </ns3:TrackPointExtension>
        </extensions>
      </trkpt>
      <trkpt lat="37.50464092008769512176513671875" lon="127.0631130225956439971923828125">
        <ele>68.8000030517578125</ele>
        <time>2026-09-27T12:47:13.000Z</time>
        <extensions>
          <ns3:TrackPointExtension>
            <ns3:hr>148</ns3:hr>
            <ns3:cad>81</ns3:cad>
          </ns3:TrackPointExtension>
        </extensions>
      </trkpt>
      <trkpt lat="37.50463354401290416717529296875" lon="127.06307572312653064727783203125">
        <ele>68.8000030517578125</ele>
        <time>2026-09-27T12:47:14.000Z</time>
        <extensions>
          <ns3:TrackPointExtension>
            <ns3:hr>148</ns3:hr>
            <ns3:cad>81</ns3:cad>
          </ns3:TrackPointExtension>
        </extensions>
      </trkpt>
      <trkpt lat="37.50462851487100124359130859375" lon="127.0630442909896373748779296875">
        <ele>69</ele>
        <time>2026-09-27T12:47:15.000Z</time>
        <extensions>
          <ns3:TrackPointExtension>
            <ns3:hr>148</ns3:hr>
            <ns3:cad>82</ns3:cad>
          </ns3:TrackPointExtension>
        </extensions>
      </trkpt>
      <trkpt lat="37.5046130083501338958740234375" lon="127.06300799734890460968017578125">
        <ele>69</ele>
        <time>2026-09-27T12:47:16.000Z</time>
        <extensions>
          <ns3:TrackPointExtension>
            <ns3:hr>148</ns3:hr>
            <ns3:cad>82</ns3:cad>
          </ns3:TrackPointExtension>
        </extensions>
      </trkpt>
      <trkpt lat="37.504605464637279510498046875" lon="127.0629758946597576141357421875">
        <ele>69</ele>
        <time>2026-09-27T12:47:17.000Z</time>
        <extensions>
          <ns3:TrackPointExtension>
            <ns3:hr>148</ns3:hr>
            <ns3:cad>82</ns3:cad>
          </ns3:TrackPointExtension>
        </extensions>
      </trkpt>
      <trkpt lat="37.50459834001958370208740234375" lon="127.06294932402670383453369140625">
        <ele>69</ele>
        <time>2026-09-27T12:47:18.000Z</time>
        <extensions>
          <ns3:TrackPointExtension>
            <ns3:hr>149</ns3:hr>
            <ns3:cad>82</ns3:cad>
          </ns3:TrackPointExtension>
        </extensions>
      </trkpt>
      <trkpt lat="37.5045855157077312469482421875" lon="127.062910012900829315185546875">
        <ele>69.1999969482421875</ele>
        <time>2026-09-27T12:47:19.000Z</time>
        <extensions>
          <ns3:TrackPointExtension>
            <ns3:hr>148</ns3:hr>
            <ns3:cad>82</ns3:cad>
          </ns3:TrackPointExtension>
        </extensions>
      </trkpt>
      <trkpt lat="37.5045791454613208770751953125" lon="127.06287757493555545806884765625">
        <ele>69.1999969482421875</ele>
        <time>2026-09-27T12:47:20.000Z</time>
        <extensions>
          <ns3:TrackPointExtension>
            <ns3:hr>148</ns3:hr>
            <ns3:cad>82</ns3:cad>
          </ns3:TrackPointExtension>
        </extensions>
      </trkpt>
      <trkpt lat="37.504569590091705322265625" lon="127.0628484897315502166748046875">
        <ele>69.40000152587890625</ele>
        <time>2026-09-27T12:47:21.000Z</time>
        <extensions>
          <ns3:TrackPointExtension>
            <ns3:hr>148</ns3:hr>
            <ns3:cad>82</ns3:cad>
          </ns3:TrackPointExtension>
        </extensions>
      </trkpt>
      <trkpt lat="37.5045600347220897674560546875" lon="127.06280775368213653564453125">
        <ele>69.40000152587890625</ele>
        <time>2026-09-27T12:47:22.000Z</time>
        <extensions>
          <ns3:TrackPointExtension>
            <ns3:hr>148</ns3:hr>
            <ns3:cad>82</ns3:cad>
          </ns3:TrackPointExtension>
        </extensions>
      </trkpt>
      <trkpt lat="37.5045494735240936279296875" lon="127.062781937420368194580078125">
        <ele>69.59999847412109375</ele>
        <time>2026-09-27T12:47:23.000Z</time>
        <extensions>
          <ns3:TrackPointExtension>
            <ns3:hr>148</ns3:hr>
            <ns3:cad>82</ns3:cad>
          </ns3:TrackPointExtension>
        </extensions>
      </trkpt>
      <trkpt lat="37.5045402534306049346923828125" lon="127.06275352276861667633056640625">
        <ele>69.59999847412109375</ele>
        <time>2026-09-27T12:47:24.000Z</time>
        <extensions>
          <ns3:TrackPointExtension>
            <ns3:hr>148</ns3:hr>
            <ns3:cad>82</ns3:cad>
          </ns3:TrackPointExtension>
        </extensions>
      </trkpt>
      <trkpt lat="37.50453296117484569549560546875" lon="127.0627217553555965423583984375">
        <ele>69.59999847412109375</ele>
        <time>2026-09-27T12:47:25.000Z</time>
        <extensions>
          <ns3:TrackPointExtension>
            <ns3:hr>147</ns3:hr>
            <ns3:cad>82</ns3:cad>
          </ns3:TrackPointExtension>
        </extensions>
      </trkpt>
      <trkpt lat="37.50452592037618160247802734375" lon="127.06269719637930393218994140625">
        <ele>69.59999847412109375</ele>
        <time>2026-09-27T12:47:26.000Z</time>
        <extensions>
          <ns3:TrackPointExtension>
            <ns3:hr>148</ns3:hr>
            <ns3:cad>82</ns3:cad>
          </ns3:TrackPointExtension>
        </extensions>
      </trkpt>
      <trkpt lat="37.504508905112743377685546875" lon="127.06266693770885467529296875">
        <ele>69.8000030517578125</ele>
        <time>2026-09-27T12:47:27.000Z</time>
        <extensions>
          <ns3:TrackPointExtension>
            <ns3:hr>148</ns3:hr>
            <ns3:cad>81</ns3:cad>
          </ns3:TrackPointExtension>
        </extensions>
      </trkpt>
      <trkpt lat="37.5044985115528106689453125" lon="127.06263919360935688018798828125">
        <ele>69.8000030517578125</ele>
        <time>2026-09-27T12:47:28.000Z</time>
        <extensions>
          <ns3:TrackPointExtension>
            <ns3:hr>147</ns3:hr>
            <ns3:cad>81</ns3:cad>
          </ns3:TrackPointExtension>
        </extensions>
      </trkpt>
      <trkpt lat="37.5044872798025608062744140625" lon="127.06261253915727138519287109375">
        <ele>70</ele>
        <time>2026-09-27T12:47:29.000Z</time>
        <extensions>
          <ns3:TrackPointExtension>
            <ns3:hr>146</ns3:hr>
            <ns3:cad>81</ns3:cad>
          </ns3:TrackPointExtension>
        </extensions>
      </trkpt>
      <trkpt lat="37.504471354186534881591796875" lon="127.0625725574791431427001953125">
        <ele>70.1999969482421875</ele>
        <time>2026-09-27T12:47:30.000Z</time>
        <extensions>
          <ns3:TrackPointExtension>
            <ns3:hr>146</ns3:hr>
            <ns3:cad>81</ns3:cad>
          </ns3:TrackPointExtension>
        </extensions>
      </trkpt>
      <trkpt lat="37.50446305610239505767822265625" lon="127.0625477470457553863525390625">
        <ele>70.1999969482421875</ele>
        <time>2026-09-27T12:47:31.000Z</time>
        <extensions>
          <ns3:TrackPointExtension>
            <ns3:hr>146</ns3:hr>
            <ns3:cad>82</ns3:cad>
          </ns3:TrackPointExtension>
        </extensions>
      </trkpt>
      <trkpt lat="37.504455260932445526123046875" lon="127.062519751489162445068359375">
        <ele>70.40000152587890625</ele>
        <time>2026-09-27T12:47:32.000Z</time>
        <extensions>
          <ns3:TrackPointExtension>
            <ns3:hr>145</ns3:hr>
            <ns3:cad>82</ns3:cad>
          </ns3:TrackPointExtension>
        </extensions>
      </trkpt>
      <trkpt lat="37.50444612465798854827880859375" lon="127.06247541122138500213623046875">
        <ele>70.40000152587890625</ele>
        <time>2026-09-27T12:47:33.000Z</time>
        <extensions>
          <ns3:TrackPointExtension>
            <ns3:hr>146</ns3:hr>
            <ns3:cad>82</ns3:cad>
          </ns3:TrackPointExtension>
        </extensions>
      </trkpt>
      <trkpt lat="37.5044376589357852935791015625" lon="127.0624515227973461151123046875">
        <ele>70.40000152587890625</ele>
        <time>2026-09-27T12:47:34.000Z</time>
        <extensions>
          <ns3:TrackPointExtension>
            <ns3:hr>146</ns3:hr>
            <ns3:cad>82</ns3:cad>
          </ns3:TrackPointExtension>
        </extensions>
      </trkpt>
      <trkpt lat="37.5044245831668376922607421875" lon="127.06242151558399200439453125">
        <ele>70.40000152587890625</ele>
        <time>2026-09-27T12:47:35.000Z</time>
        <extensions>
          <ns3:TrackPointExtension>
            <ns3:hr>146</ns3:hr>
            <ns3:cad>82</ns3:cad>
          </ns3:TrackPointExtension>
        </extensions>
      </trkpt>
      <trkpt lat="37.50441796146333217620849609375" lon="127.062386982142925262451171875">
        <ele>70.40000152587890625</ele>
        <time>2026-09-27T12:47:36.000Z</time>
        <extensions>
          <ns3:TrackPointExtension>
            <ns3:hr>146</ns3:hr>
            <ns3:cad>82</ns3:cad>
          </ns3:TrackPointExtension>
        </extensions>
      </trkpt>
      <trkpt lat="37.50441175885498523712158203125" lon="127.06235890276730060577392578125">
        <ele>70.40000152587890625</ele>
        <time>2026-09-27T12:47:37.000Z</time>
        <extensions>
          <ns3:TrackPointExtension>
            <ns3:hr>146</ns3:hr>
            <ns3:cad>82</ns3:cad>
          </ns3:TrackPointExtension>
        </extensions>
      </trkpt>
      <trkpt lat="37.50439985655248165130615234375" lon="127.06231783144176006317138671875">
        <ele>70.40000152587890625</ele>
        <time>2026-09-27T12:47:38.000Z</time>
        <extensions>
          <ns3:TrackPointExtension>
            <ns3:hr>146</ns3:hr>
            <ns3:cad>82</ns3:cad>
          </ns3:TrackPointExtension>
        </extensions>
      </trkpt>
      <trkpt lat="37.5043947435915470123291015625" lon="127.062285058200359344482421875">
        <ele>70.40000152587890625</ele>
        <time>2026-09-27T12:47:39.000Z</time>
        <extensions>
          <ns3:TrackPointExtension>
            <ns3:hr>146</ns3:hr>
            <ns3:cad>82</ns3:cad>
          </ns3:TrackPointExtension>
        </extensions>
      </trkpt>
      <trkpt lat="37.5043887086212635040283203125" lon="127.06225479952991008758544921875">
        <ele>70.40000152587890625</ele>
        <time>2026-09-27T12:47:40.000Z</time>
        <extensions>
          <ns3:TrackPointExtension>
            <ns3:hr>146</ns3:hr>
            <ns3:cad>82</ns3:cad>
          </ns3:TrackPointExtension>
        </extensions>
      </trkpt>
      <trkpt lat="37.50437982380390167236328125" lon="127.06221523694694042205810546875">
        <ele>70.40000152587890625</ele>
        <time>2026-09-27T12:47:41.000Z</time>
        <extensions>
          <ns3:TrackPointExtension>
            <ns3:hr>145</ns3:hr>
            <ns3:cad>82</ns3:cad>
          </ns3:TrackPointExtension>
        </extensions>
      </trkpt>
      <trkpt lat="37.50436767004430294036865234375" lon="127.06218657083809375762939453125">
        <ele>70.40000152587890625</ele>
        <time>2026-09-27T12:47:42.000Z</time>
        <extensions>
          <ns3:TrackPointExtension>
            <ns3:hr>146</ns3:hr>
            <ns3:cad>82</ns3:cad>
          </ns3:TrackPointExtension>
        </extensions>
      </trkpt>
      <trkpt lat="37.50435224734246730804443359375" lon="127.06215488724410533905029296875">
        <ele>70.40000152587890625</ele>
        <time>2026-09-27T12:47:43.000Z</time>
        <extensions>
          <ns3:TrackPointExtension>
            <ns3:hr>146</ns3:hr>
            <ns3:cad>82</ns3:cad>
          </ns3:TrackPointExtension>
        </extensions>
      </trkpt>
      <trkpt lat="37.50434202142059803009033203125" lon="127.0621162466704845428466796875">
        <ele>70.59999847412109375</ele>
        <time>2026-09-27T12:47:44.000Z</time>
        <extensions>
          <ns3:TrackPointExtension>
            <ns3:hr>146</ns3:hr>
            <ns3:cad>82</ns3:cad>
          </ns3:TrackPointExtension>
        </extensions>
      </trkpt>
      <trkpt lat="37.50433162786066532135009765625" lon="127.062085233628749847412109375">
        <ele>70.59999847412109375</ele>
        <time>2026-09-27T12:47:45.000Z</time>
        <extensions>
          <ns3:TrackPointExtension>
            <ns3:hr>145</ns3:hr>
            <ns3:cad>82</ns3:cad>
          </ns3:TrackPointExtension>
        </extensions>
      </trkpt>
      <trkpt lat="37.50431813299655914306640625" lon="127.06204541958868503570556640625">
        <ele>70.40000152587890625</ele>
        <time>2026-09-27T12:47:46.000Z</time>
        <extensions>
          <ns3:TrackPointExtension>
            <ns3:hr>146</ns3:hr>
            <ns3:cad>82</ns3:cad>
          </ns3:TrackPointExtension>
        </extensions>
      </trkpt>
      <trkpt lat="37.504309751093387603759765625" lon="127.0620118081569671630859375">
        <ele>70.1999969482421875</ele>
        <time>2026-09-27T12:47:47.000Z</time>
        <extensions>
          <ns3:TrackPointExtension>
            <ns3:hr>146</ns3:hr>
            <ns3:cad>82</ns3:cad>
          </ns3:TrackPointExtension>
        </extensions>
      </trkpt>
      <trkpt lat="37.50429843552410602569580078125" lon="127.06197836436331272125244140625">
        <ele>70.1999969482421875</ele>
        <time>2026-09-27T12:47:48.000Z</time>
        <extensions>
          <ns3:TrackPointExtension>
            <ns3:hr>145</ns3:hr>
            <ns3:cad>82</ns3:cad>
          </ns3:TrackPointExtension>
        </extensions>
      </trkpt>
      <trkpt lat="37.504285275936126708984375" lon="127.06193662248551845550537109375">
        <ele>70.1999969482421875</ele>
        <time>2026-09-27T12:47:49.000Z</time>
        <extensions>
          <ns3:TrackPointExtension>
            <ns3:hr>145</ns3:hr>
            <ns3:cad>82</ns3:cad>
          </ns3:TrackPointExtension>
        </extensions>
      </trkpt>
      <trkpt lat="37.50427563674747943878173828125" lon="127.061902843415737152099609375">
        <ele>70</ele>
        <time>2026-09-27T12:47:50.000Z</time>
        <extensions>
          <ns3:TrackPointExtension>
            <ns3:hr>145</ns3:hr>
            <ns3:cad>82</ns3:cad>
          </ns3:TrackPointExtension>
        </extensions>
      </trkpt>
      <trkpt lat="37.50426406972110271453857421875" lon="127.06187778152525424957275390625">
        <ele>70</ele>
        <time>2026-09-27T12:47:51.000Z</time>
        <extensions>
          <ns3:TrackPointExtension>
            <ns3:hr>145</ns3:hr>
            <ns3:cad>82</ns3:cad>
          </ns3:TrackPointExtension>
        </extensions>
      </trkpt>
      <trkpt lat="37.5042512454092502593994140625" lon="127.061838805675506591796875">
        <ele>70</ele>
        <time>2026-09-27T12:47:52.000Z</time>
        <extensions>
          <ns3:TrackPointExtension>
            <ns3:hr>145</ns3:hr>
            <ns3:cad>81</ns3:cad>
          </ns3:TrackPointExtension>
        </extensions>
      </trkpt>
      <trkpt lat="37.50424026511609554290771484375" lon="127.0618138276040554046630859375">
        <ele>70</ele>
        <time>2026-09-27T12:47:53.000Z</time>
        <extensions>
          <ns3:TrackPointExtension>
            <ns3:hr>145</ns3:hr>
            <ns3:cad>81</ns3:cad>
          </ns3:TrackPointExtension>
        </extensions>
      </trkpt>
      <trkpt lat="37.50422316603362560272216796875" lon="127.0617876760661602020263671875">
        <ele>70</ele>
        <time>2026-09-27T12:47:54.000Z</time>
        <extensions>
          <ns3:TrackPointExtension>
            <ns3:hr>144</ns3:hr>
            <ns3:cad>82</ns3:cad>
          </ns3:TrackPointExtension>
        </extensions>
      </trkpt>
      <trkpt lat="37.50421210192143917083740234375" lon="127.06175272352993488311767578125">
        <ele>70</ele>
        <time>2026-09-27T12:47:55.000Z</time>
        <extensions>
          <ns3:TrackPointExtension>
            <ns3:hr>144</ns3:hr>
            <ns3:cad>82</ns3:cad>
          </ns3:TrackPointExtension>
        </extensions>
      </trkpt>
      <trkpt lat="37.5042029656469821929931640625" lon="127.0617373846471309661865234375">
        <ele>69.8000030517578125</ele>
        <time>2026-09-27T12:47:56.000Z</time>
        <extensions>
          <ns3:TrackPointExtension>
            <ns3:hr>144</ns3:hr>
            <ns3:cad>82</ns3:cad>
          </ns3:TrackPointExtension>
        </extensions>
      </trkpt>
      <trkpt lat="37.504190392792224884033203125" lon="127.06170109100639820098876953125">
        <ele>69.8000030517578125</ele>
        <time>2026-09-27T12:47:57.000Z</time>
        <extensions>
          <ns3:TrackPointExtension>
            <ns3:hr>144</ns3:hr>
            <ns3:cad>82</ns3:cad>
          </ns3:TrackPointExtension>
        </extensions>
      </trkpt>
      <trkpt lat="37.504178322851657867431640625" lon="127.0616709999740123748779296875">
        <ele>69.8000030517578125</ele>
        <time>2026-09-27T12:47:58.000Z</time>
        <extensions>
          <ns3:TrackPointExtension>
            <ns3:hr>143</ns3:hr>
            <ns3:cad>81</ns3:cad>
          </ns3:TrackPointExtension>
        </extensions>
      </trkpt>
      <trkpt lat="37.504166252911090850830078125" lon="127.06164610572159290313720703125">
        <ele>69.8000030517578125</ele>
        <time>2026-09-27T12:47:59.000Z</time>
        <extensions>
          <ns3:TrackPointExtension>
            <ns3:hr>143</ns3:hr>
            <ns3:cad>81</ns3:cad>
          </ns3:TrackPointExtension>
        </extensions>
      </trkpt>
      <trkpt lat="37.504157535731792449951171875" lon="127.0616089738905429840087890625">
        <ele>69.8000030517578125</ele>
        <time>2026-09-27T12:48:00.000Z</time>
        <extensions>
          <ns3:TrackPointExtension>
            <ns3:hr>142</ns3:hr>
            <ns3:cad>81</ns3:cad>
          </ns3:TrackPointExtension>
        </extensions>
      </trkpt>
      <trkpt lat="37.50414705835282802581787109375" lon="127.0615844987332820892333984375">
        <ele>69.8000030517578125</ele>
        <time>2026-09-27T12:48:01.000Z</time>
        <extensions>
          <ns3:TrackPointExtension>
            <ns3:hr>142</ns3:hr>
            <ns3:cad>82</ns3:cad>
          </ns3:TrackPointExtension>
        </extensions>
      </trkpt>
      <trkpt lat="37.50412962399423122406005859375" lon="127.0615506358444690704345703125">
        <ele>69.59999847412109375</ele>
        <time>2026-09-27T12:48:02.000Z</time>
        <extensions>
          <ns3:TrackPointExtension>
            <ns3:hr>141</ns3:hr>
            <ns3:cad>82</ns3:cad>
          </ns3:TrackPointExtension>
        </extensions>
      </trkpt>
      <trkpt lat="37.5041203200817108154296875" lon="127.06151182763278484344482421875">
        <ele>69.40000152587890625</ele>
        <time>2026-09-27T12:48:03.000Z</time>
        <extensions>
          <ns3:TrackPointExtension>
            <ns3:hr>140</ns3:hr>
            <ns3:cad>82</ns3:cad>
          </ns3:TrackPointExtension>
        </extensions>
      </trkpt>
      <trkpt lat="37.50411026179790496826171875" lon="127.061479724943637847900390625">
        <ele>69.1999969482421875</ele>
        <time>2026-09-27T12:48:04.000Z</time>
        <extensions>
          <ns3:TrackPointExtension>
            <ns3:hr>139</ns3:hr>
            <ns3:cad>82</ns3:cad>
          </ns3:TrackPointExtension>
        </extensions>
      </trkpt>
      <trkpt lat="37.50409676693379878997802734375" lon="127.0614485442638397216796875">
        <ele>69</ele>
        <time>2026-09-27T12:48:05.000Z</time>
        <extensions>
          <ns3:TrackPointExtension>
            <ns3:hr>139</ns3:hr>
            <ns3:cad>82</ns3:cad>
          </ns3:TrackPointExtension>
        </extensions>
      </trkpt>
      <trkpt lat="37.50408670864999294281005859375" lon="127.06141543574631214141845703125">
        <ele>69</ele>
        <time>2026-09-27T12:48:06.000Z</time>
        <extensions>
          <ns3:TrackPointExtension>
            <ns3:hr>139</ns3:hr>
            <ns3:cad>82</ns3:cad>
          </ns3:TrackPointExtension>
        </extensions>
      </trkpt>
      <trkpt lat="37.50407564453780651092529296875" lon="127.0613868534564971923828125">
        <ele>69</ele>
        <time>2026-09-27T12:48:07.000Z</time>
        <extensions>
          <ns3:TrackPointExtension>
            <ns3:hr>139</ns3:hr>
            <ns3:cad>82</ns3:cad>
          </ns3:TrackPointExtension>
        </extensions>
      </trkpt>
      <trkpt lat="37.50407002866268157958984375" lon="127.06134620122611522674560546875">
        <ele>69</ele>
        <time>2026-09-27T12:48:08.000Z</time>
        <extensions>
          <ns3:TrackPointExtension>
            <ns3:hr>139</ns3:hr>
            <ns3:cad>82</ns3:cad>
          </ns3:TrackPointExtension>
        </extensions>
      </trkpt>
      <trkpt lat="37.50406290404498577117919921875" lon="127.0613216422498226165771484375">
        <ele>69</ele>
        <time>2026-09-27T12:48:09.000Z</time>
        <extensions>
          <ns3:TrackPointExtension>
            <ns3:hr>139</ns3:hr>
            <ns3:cad>82</ns3:cad>
          </ns3:TrackPointExtension>
        </extensions>
      </trkpt>
      <trkpt lat="37.50404882244765758514404296875" lon="127.06128400750458240509033203125">
        <ele>69</ele>
        <time>2026-09-27T12:48:10.000Z</time>
        <extensions>
          <ns3:TrackPointExtension>
            <ns3:hr>139</ns3:hr>
            <ns3:cad>82</ns3:cad>
          </ns3:TrackPointExtension>
        </extensions>
      </trkpt>
      <trkpt lat="37.50404295511543750762939453125" lon="127.06124813295900821685791015625">
        <ele>69</ele>
        <time>2026-09-27T12:48:11.000Z</time>
        <extensions>
          <ns3:TrackPointExtension>
            <ns3:hr>138</ns3:hr>
            <ns3:cad>82</ns3:cad>
          </ns3:TrackPointExtension>
        </extensions>
      </trkpt>
      <trkpt lat="37.50403490848839282989501953125" lon="127.06121795810759067535400390625">
        <ele>69</ele>
        <time>2026-09-27T12:48:12.000Z</time>
        <extensions>
          <ns3:TrackPointExtension>
            <ns3:hr>138</ns3:hr>
            <ns3:cad>82</ns3:cad>
          </ns3:TrackPointExtension>
        </extensions>
      </trkpt>
      <trkpt lat="37.50402174890041351318359375" lon="127.06117688678205013275146484375">
        <ele>68.8000030517578125</ele>
        <time>2026-09-27T12:48:13.000Z</time>
        <extensions>
          <ns3:TrackPointExtension>
            <ns3:hr>138</ns3:hr>
            <ns3:cad>82</ns3:cad>
          </ns3:TrackPointExtension>
        </extensions>
      </trkpt>
      <trkpt lat="37.5040111877024173736572265625" lon="127.06113631837069988250732421875">
        <ele>68.59999847412109375</ele>
        <time>2026-09-27T12:48:14.000Z</time>
        <extensions>
          <ns3:TrackPointExtension>
            <ns3:hr>138</ns3:hr>
            <ns3:cad>82</ns3:cad>
          </ns3:TrackPointExtension>
        </extensions>
      </trkpt>
      <trkpt lat="37.50400238670408725738525390625" lon="127.061100862920284271240234375">
        <ele>68.59999847412109375</ele>
        <time>2026-09-27T12:48:15.000Z</time>
        <extensions>
          <ns3:TrackPointExtension>
            <ns3:hr>138</ns3:hr>
            <ns3:cad>82</ns3:cad>
          </ns3:TrackPointExtension>
        </extensions>
      </trkpt>
      <trkpt lat="37.5039974413812160491943359375" lon="127.06106238998472690582275390625">
        <ele>68.40000152587890625</ele>
        <time>2026-09-27T12:48:16.000Z</time>
        <extensions>
          <ns3:TrackPointExtension>
            <ns3:hr>137</ns3:hr>
            <ns3:cad>82</ns3:cad>
          </ns3:TrackPointExtension>
        </extensions>
      </trkpt>
      <trkpt lat="37.50398964621126651763916015625" lon="127.06103213131427764892578125">
        <ele>68.40000152587890625</ele>
        <time>2026-09-27T12:48:17.000Z</time>
        <extensions>
          <ns3:TrackPointExtension>
            <ns3:hr>137</ns3:hr>
            <ns3:cad>82</ns3:cad>
          </ns3:TrackPointExtension>
        </extensions>
      </trkpt>
      <trkpt lat="37.50398344360291957855224609375" lon="127.06100086681544780731201171875">
        <ele>68.40000152587890625</ele>
        <time>2026-09-27T12:48:18.000Z</time>
        <extensions>
          <ns3:TrackPointExtension>
            <ns3:hr>137</ns3:hr>
            <ns3:cad>82</ns3:cad>
          </ns3:TrackPointExtension>
        </extensions>
      </trkpt>
      <trkpt lat="37.50397506169974803924560546875" lon="127.06096147187054157257080078125">
        <ele>68.40000152587890625</ele>
        <time>2026-09-27T12:48:19.000Z</time>
        <extensions>
          <ns3:TrackPointExtension>
            <ns3:hr>137</ns3:hr>
            <ns3:cad>82</ns3:cad>
          </ns3:TrackPointExtension>
        </extensions>
      </trkpt>
      <trkpt lat="37.50396466813981533050537109375" lon="127.06092626787722110748291015625">
        <ele>68.40000152587890625</ele>
        <time>2026-09-27T12:48:20.000Z</time>
        <extensions>
          <ns3:TrackPointExtension>
            <ns3:hr>137</ns3:hr>
            <ns3:cad>82</ns3:cad>
          </ns3:TrackPointExtension>
        </extensions>
      </trkpt>
      <trkpt lat="37.50394270755350589752197265625" lon="127.06089508719742298126220703125">
        <ele>68.40000152587890625</ele>
        <time>2026-09-27T12:48:21.000Z</time>
        <extensions>
          <ns3:TrackPointExtension>
            <ns3:hr>136</ns3:hr>
            <ns3:cad>82</ns3:cad>
          </ns3:TrackPointExtension>
        </extensions>
      </trkpt>
      <trkpt lat="37.50393298454582691192626953125" lon="127.0608603022992610931396484375">
        <ele>68.40000152587890625</ele>
        <time>2026-09-27T12:48:22.000Z</time>
        <extensions>
          <ns3:TrackPointExtension>
            <ns3:hr>136</ns3:hr>
            <ns3:cad>82</ns3:cad>
          </ns3:TrackPointExtension>
        </extensions>
      </trkpt>
      <trkpt lat="37.50392460264265537261962890625" lon="127.060832642018795013427734375">
        <ele>68.1999969482421875</ele>
        <time>2026-09-27T12:48:23.000Z</time>
        <extensions>
          <ns3:TrackPointExtension>
            <ns3:hr>136</ns3:hr>
            <ns3:cad>82</ns3:cad>
          </ns3:TrackPointExtension>
        </extensions>
      </trkpt>
      <trkpt lat="37.503904402256011962890625" lon="127.0607967674732208251953125">
        <ele>68.1999969482421875</ele>
        <time>2026-09-27T12:48:24.000Z</time>
        <extensions>
          <ns3:TrackPointExtension>
            <ns3:hr>136</ns3:hr>
            <ns3:cad>82</ns3:cad>
          </ns3:TrackPointExtension>
        </extensions>
      </trkpt>
      <trkpt lat="37.5038923323154449462890625" lon="127.06076600588858127593994140625">
        <ele>68</ele>
        <time>2026-09-27T12:48:25.000Z</time>
        <extensions>
          <ns3:TrackPointExtension>
            <ns3:hr>136</ns3:hr>
            <ns3:cad>82</ns3:cad>
          </ns3:TrackPointExtension>
        </extensions>
      </trkpt>
      <trkpt lat="37.50388495624065399169921875" lon="127.06073482520878314971923828125">
        <ele>68</ele>
        <time>2026-09-27T12:48:26.000Z</time>
        <extensions>
          <ns3:TrackPointExtension>
            <ns3:hr>136</ns3:hr>
            <ns3:cad>81</ns3:cad>
          </ns3:TrackPointExtension>
        </extensions>
      </trkpt>
      <trkpt lat="37.5038754008710384368896484375" lon="127.06069241277873516082763671875">
        <ele>67.8000030517578125</ele>
        <time>2026-09-27T12:48:27.000Z</time>
        <extensions>
          <ns3:TrackPointExtension>
            <ns3:hr>135</ns3:hr>
            <ns3:cad>81</ns3:cad>
          </ns3:TrackPointExtension>
        </extensions>
      </trkpt>
      <trkpt lat="37.50386727042496204376220703125" lon="127.060666345059871673583984375">
        <ele>67.59999847412109375</ele>
        <time>2026-09-27T12:48:28.000Z</time>
        <extensions>
          <ns3:TrackPointExtension>
            <ns3:hr>135</ns3:hr>
            <ns3:cad>81</ns3:cad>
          </ns3:TrackPointExtension>
        </extensions>
      </trkpt>
      <trkpt lat="37.5038586370646953582763671875" lon="127.060632146894931793212890625">
        <ele>67.59999847412109375</ele>
        <time>2026-09-27T12:48:29.000Z</time>
        <extensions>
          <ns3:TrackPointExtension>
            <ns3:hr>134</ns3:hr>
            <ns3:cad>81</ns3:cad>
          </ns3:TrackPointExtension>
        </extensions>
      </trkpt>
      <trkpt lat="37.50384832732379436492919921875" lon="127.06059937365353107452392578125">
        <ele>67.40000152587890625</ele>
        <time>2026-09-27T12:48:30.000Z</time>
        <extensions>
          <ns3:TrackPointExtension>
            <ns3:hr>134</ns3:hr>
            <ns3:cad>81</ns3:cad>
          </ns3:TrackPointExtension>
        </extensions>
      </trkpt>
      <trkpt lat="37.50383810140192508697509765625" lon="127.06056701950728893280029296875">
        <ele>67.40000152587890625</ele>
        <time>2026-09-27T12:48:31.000Z</time>
        <extensions>
          <ns3:TrackPointExtension>
            <ns3:hr>134</ns3:hr>
            <ns3:cad>81</ns3:cad>
          </ns3:TrackPointExtension>
        </extensions>
      </trkpt>
      <trkpt lat="37.50382888130843639373779296875" lon="127.0605303905904293060302734375">
        <ele>67.1999969482421875</ele>
        <time>2026-09-27T12:48:32.000Z</time>
        <extensions>
          <ns3:TrackPointExtension>
            <ns3:hr>134</ns3:hr>
            <ns3:cad>81</ns3:cad>
          </ns3:TrackPointExtension>
        </extensions>
      </trkpt>
      <trkpt lat="37.5038194097578525543212890625" lon="127.06049501895904541015625">
        <ele>67</ele>
        <time>2026-09-27T12:48:33.000Z</time>
        <extensions>
          <ns3:TrackPointExtension>
            <ns3:hr>133</ns3:hr>
            <ns3:cad>81</ns3:cad>
          </ns3:TrackPointExtension>
        </extensions>
      </trkpt>
      <trkpt lat="37.5038127042353153228759765625" lon="127.06046962179243564605712890625">
        <ele>66.8000030517578125</ele>
        <time>2026-09-27T12:48:34.000Z</time>
        <extensions>
          <ns3:TrackPointExtension>
            <ns3:hr>134</ns3:hr>
            <ns3:cad>81</ns3:cad>
          </ns3:TrackPointExtension>
        </extensions>
      </trkpt>
      <trkpt lat="37.50379920937120914459228515625" lon="127.0604241080582141876220703125">
        <ele>66.8000030517578125</ele>
        <time>2026-09-27T12:48:35.000Z</time>
        <extensions>
          <ns3:TrackPointExtension>
            <ns3:hr>135</ns3:hr>
            <ns3:cad>82</ns3:cad>
          </ns3:TrackPointExtension>
        </extensions>
      </trkpt>
      <trkpt lat="37.5037902407348155975341796875" lon="127.06039217300713062286376953125">
        <ele>66.8000030517578125</ele>
        <time>2026-09-27T12:48:36.000Z</time>
        <extensions>
          <ns3:TrackPointExtension>
            <ns3:hr>135</ns3:hr>
            <ns3:cad>82</ns3:cad>
          </ns3:TrackPointExtension>
        </extensions>
      </trkpt>
      <trkpt lat="37.50377833843231201171875" lon="127.06035478971898555755615234375">
        <ele>66.8000030517578125</ele>
        <time>2026-09-27T12:48:37.000Z</time>
        <extensions>
          <ns3:TrackPointExtension>
            <ns3:hr>135</ns3:hr>
            <ns3:cad>82</ns3:cad>
          </ns3:TrackPointExtension>
        </extensions>
      </trkpt>
      <trkpt lat="37.50377540476620197296142578125" lon="127.060315310955047607421875">
        <ele>66.8000030517578125</ele>
        <time>2026-09-27T12:48:38.000Z</time>
        <extensions>
          <ns3:TrackPointExtension>
            <ns3:hr>135</ns3:hr>
            <ns3:cad>82</ns3:cad>
          </ns3:TrackPointExtension>
        </extensions>
      </trkpt>
      <trkpt lat="37.50376769341528415679931640625" lon="127.06028915941715240478515625">
        <ele>66.8000030517578125</ele>
        <time>2026-09-27T12:48:39.000Z</time>
        <extensions>
          <ns3:TrackPointExtension>
            <ns3:hr>135</ns3:hr>
            <ns3:cad>82</ns3:cad>
          </ns3:TrackPointExtension>
        </extensions>
      </trkpt>
      <trkpt lat="37.50375428237020969390869140625" lon="127.060252614319324493408203125">
        <ele>66.59999847412109375</ele>
        <time>2026-09-27T12:48:40.000Z</time>
        <extensions>
          <ns3:TrackPointExtension>
            <ns3:hr>135</ns3:hr>
            <ns3:cad>83</ns3:cad>
          </ns3:TrackPointExtension>
        </extensions>
      </trkpt>
      <trkpt lat="37.50374221242964267730712890625" lon="127.060219757258892059326171875">
        <ele>66.59999847412109375</ele>
        <time>2026-09-27T12:48:41.000Z</time>
        <extensions>
          <ns3:TrackPointExtension>
            <ns3:hr>135</ns3:hr>
            <ns3:cad>83</ns3:cad>
          </ns3:TrackPointExtension>
        </extensions>
      </trkpt>
      <trkpt lat="37.50371907837688922882080078125" lon="127.06020425073802471160888671875">
        <ele>66.40000152587890625</ele>
        <time>2026-09-27T12:48:42.000Z</time>
        <extensions>
          <ns3:TrackPointExtension>
            <ns3:hr>136</ns3:hr>
            <ns3:cad>83</ns3:cad>
          </ns3:TrackPointExtension>
        </extensions>
      </trkpt>
      <trkpt lat="37.503703571856021881103515625" lon="127.060166783630847930908203125">
        <ele>66.40000152587890625</ele>
        <time>2026-09-27T12:48:43.000Z</time>
        <extensions>
          <ns3:TrackPointExtension>
            <ns3:hr>136</ns3:hr>
            <ns3:cad>82</ns3:cad>
          </ns3:TrackPointExtension>
        </extensions>
      </trkpt>
      <trkpt lat="37.50369208864867687225341796875" lon="127.06013686023652553558349609375">
        <ele>66.40000152587890625</ele>
        <time>2026-09-27T12:48:44.000Z</time>
        <extensions>
          <ns3:TrackPointExtension>
            <ns3:hr>137</ns3:hr>
            <ns3:cad>82</ns3:cad>
          </ns3:TrackPointExtension>
        </extensions>
      </trkpt>
      <trkpt lat="37.503679431974887847900390625" lon="127.06010635010898113250732421875">
        <ele>66.1999969482421875</ele>
        <time>2026-09-27T12:48:45.000Z</time>
        <extensions>
          <ns3:TrackPointExtension>
            <ns3:hr>137</ns3:hr>
            <ns3:cad>82</ns3:cad>
          </ns3:TrackPointExtension>
        </extensions>
      </trkpt>
      <trkpt lat="37.503663003444671630859375" lon="127.060063183307647705078125">
        <ele>66.1999969482421875</ele>
        <time>2026-09-27T12:48:46.000Z</time>
        <extensions>
          <ns3:TrackPointExtension>
            <ns3:hr>137</ns3:hr>
            <ns3:cad>82</ns3:cad>
          </ns3:TrackPointExtension>
        </extensions>
      </trkpt>
      <trkpt lat="37.50365319661796092987060546875" lon="127.06003141589462757110595703125">
        <ele>66</ele>
        <time>2026-09-27T12:48:47.000Z</time>
        <extensions>
          <ns3:TrackPointExtension>
            <ns3:hr>137</ns3:hr>
            <ns3:cad>81</ns3:cad>
          </ns3:TrackPointExtension>
        </extensions>
      </trkpt>
      <trkpt lat="37.503643222153186798095703125" lon="127.0599949546158313751220703125">
        <ele>66</ele>
        <time>2026-09-27T12:48:48.000Z</time>
        <extensions>
          <ns3:TrackPointExtension>
            <ns3:hr>137</ns3:hr>
            <ns3:cad>81</ns3:cad>
          </ns3:TrackPointExtension>
        </extensions>
      </trkpt>
      <trkpt lat="37.50363492406904697418212890625" lon="127.05995447002351284027099609375">
        <ele>66</ele>
        <time>2026-09-27T12:48:49.000Z</time>
        <extensions>
          <ns3:TrackPointExtension>
            <ns3:hr>137</ns3:hr>
            <ns3:cad>81</ns3:cad>
          </ns3:TrackPointExtension>
        </extensions>
      </trkpt>
      <trkpt lat="37.50361933372914791107177734375" lon="127.05992278642952442169189453125">
        <ele>65.8000030517578125</ele>
        <time>2026-09-27T12:48:50.000Z</time>
        <extensions>
          <ns3:TrackPointExtension>
            <ns3:hr>137</ns3:hr>
            <ns3:cad>81</ns3:cad>
          </ns3:TrackPointExtension>
        </extensions>
      </trkpt>
      <trkpt lat="37.50361480750143527984619140625" lon="127.0598869957029819488525390625">
        <ele>65.8000030517578125</ele>
        <time>2026-09-27T12:48:51.000Z</time>
        <extensions>
          <ns3:TrackPointExtension>
            <ns3:hr>137</ns3:hr>
            <ns3:cad>81</ns3:cad>
          </ns3:TrackPointExtension>
        </extensions>
      </trkpt>
      <trkpt lat="37.503605671226978302001953125" lon="127.05985053442418575286865234375">
        <ele>65.59999847412109375</ele>
        <time>2026-09-27T12:48:52.000Z</time>
        <extensions>
          <ns3:TrackPointExtension>
            <ns3:hr>137</ns3:hr>
            <ns3:cad>81</ns3:cad>
          </ns3:TrackPointExtension>
        </extensions>
      </trkpt>
      <trkpt lat="37.50359603203833103179931640625" lon="127.05981901846826076507568359375">
        <ele>65.59999847412109375</ele>
        <time>2026-09-27T12:48:53.000Z</time>
        <extensions>
          <ns3:TrackPointExtension>
            <ns3:hr>137</ns3:hr>
            <ns3:cad>82</ns3:cad>
          </ns3:TrackPointExtension>
        </extensions>
      </trkpt>
      <trkpt lat="37.50358195044100284576416015625" lon="127.05977710895240306854248046875">
        <ele>65.40000152587890625</ele>
        <time>2026-09-27T12:48:54.000Z</time>
        <extensions>
          <ns3:TrackPointExtension>
            <ns3:hr>138</ns3:hr>
            <ns3:cad>82</ns3:cad>
          </ns3:TrackPointExtension>
        </extensions>
      </trkpt>
      <trkpt lat="37.5035731494426727294921875" lon="127.05974006094038486480712890625">
        <ele>65.40000152587890625</ele>
        <time>2026-09-27T12:48:55.000Z</time>
        <extensions>
          <ns3:TrackPointExtension>
            <ns3:hr>138</ns3:hr>
            <ns3:cad>82</ns3:cad>
          </ns3:TrackPointExtension>
        </extensions>
      </trkpt>
      <trkpt lat="37.50356376171112060546875" lon="127.05970712006092071533203125">
        <ele>65.40000152587890625</ele>
        <time>2026-09-27T12:48:56.000Z</time>
        <extensions>
          <ns3:TrackPointExtension>
            <ns3:hr>138</ns3:hr>
            <ns3:cad>82</ns3:cad>
          </ns3:TrackPointExtension>
        </extensions>
      </trkpt>
      <trkpt lat="37.5035545416176319122314453125" lon="127.0596640370786190032958984375">
        <ele>65.40000152587890625</ele>
        <time>2026-09-27T12:48:57.000Z</time>
        <extensions>
          <ns3:TrackPointExtension>
            <ns3:hr>137</ns3:hr>
            <ns3:cad>82</ns3:cad>
          </ns3:TrackPointExtension>
        </extensions>
      </trkpt>
      <trkpt lat="37.50353953801095485687255859375" lon="127.059632353484630584716796875">
        <ele>65.40000152587890625</ele>
        <time>2026-09-27T12:48:58.000Z</time>
        <extensions>
          <ns3:TrackPointExtension>
            <ns3:hr>137</ns3:hr>
            <ns3:cad>82</ns3:cad>
          </ns3:TrackPointExtension>
        </extensions>
      </trkpt>
      <trkpt lat="37.5035247020423412322998046875" lon="127.05960712395608425140380859375">
        <ele>65.1999969482421875</ele>
        <time>2026-09-27T12:48:59.000Z</time>
        <extensions>
          <ns3:TrackPointExtension>
            <ns3:hr>137</ns3:hr>
            <ns3:cad>82</ns3:cad>
          </ns3:TrackPointExtension>
        </extensions>
      </trkpt>
      <trkpt lat="37.50351489521563053131103515625" lon="127.05956890247762203216552734375">
        <ele>65.1999969482421875</ele>
        <time>2026-09-27T12:49:00.000Z</time>
        <extensions>
          <ns3:TrackPointExtension>
            <ns3:hr>137</ns3:hr>
            <ns3:cad>82</ns3:cad>
          </ns3:TrackPointExtension>
        </extensions>
      </trkpt>
      <trkpt lat="37.5035035796463489532470703125" lon="127.05954073928296566009521484375">
        <ele>65</ele>
        <time>2026-09-27T12:49:01.000Z</time>
        <extensions>
          <ns3:TrackPointExtension>
            <ns3:hr>137</ns3:hr>
            <ns3:cad>83</ns3:cad>
          </ns3:TrackPointExtension>
        </extensions>
      </trkpt>
      <trkpt lat="37.5034898333251476287841796875" lon="127.05949665047228336334228515625">
        <ele>64.8000030517578125</ele>
        <time>2026-09-27T12:49:02.000Z</time>
        <extensions>
          <ns3:TrackPointExtension>
            <ns3:hr>137</ns3:hr>
            <ns3:cad>83</ns3:cad>
          </ns3:TrackPointExtension>
        </extensions>
      </trkpt>
      <trkpt lat="37.503480277955532073974609375" lon="127.0594622008502483367919921875">
        <ele>64.8000030517578125</ele>
        <time>2026-09-27T12:49:03.000Z</time>
        <extensions>
          <ns3:TrackPointExtension>
            <ns3:hr>137</ns3:hr>
            <ns3:cad>81</ns3:cad>
          </ns3:TrackPointExtension>
        </extensions>
      </trkpt>
      <trkpt lat="37.50346762128174304962158203125" lon="127.0594363845884799957275390625">
        <ele>64.8000030517578125</ele>
        <time>2026-09-27T12:49:04.000Z</time>
        <extensions>
          <ns3:TrackPointExtension>
            <ns3:hr>137</ns3:hr>
            <ns3:cad>81</ns3:cad>
          </ns3:TrackPointExtension>
        </extensions>
      </trkpt>
      <trkpt lat="37.5034566409885883331298828125" lon="127.05940344370901584625244140625">
        <ele>64.8000030517578125</ele>
        <time>2026-09-27T12:49:05.000Z</time>
        <extensions>
          <ns3:TrackPointExtension>
            <ns3:hr>136</ns3:hr>
            <ns3:cad>81</ns3:cad>
          </ns3:TrackPointExtension>
        </extensions>
      </trkpt>
      <trkpt lat="37.5034475885331630706787109375" lon="127.0593736879527568817138671875">
        <ele>64.8000030517578125</ele>
        <time>2026-09-27T12:49:06.000Z</time>
        <extensions>
          <ns3:TrackPointExtension>
            <ns3:hr>136</ns3:hr>
            <ns3:cad>81</ns3:cad>
          </ns3:TrackPointExtension>
        </extensions>
      </trkpt>
      <trkpt lat="37.5034309923648834228515625" lon="127.05933990888297557830810546875">
        <ele>64.8000030517578125</ele>
        <time>2026-09-27T12:49:07.000Z</time>
        <extensions>
          <ns3:TrackPointExtension>
            <ns3:hr>136</ns3:hr>
            <ns3:cad>81</ns3:cad>
          </ns3:TrackPointExtension>
        </extensions>
      </trkpt>
      <trkpt lat="37.503416240215301513671875" lon="127.05929632298648357391357421875">
        <ele>64.8000030517578125</ele>
        <time>2026-09-27T12:49:08.000Z</time>
        <extensions>
          <ns3:TrackPointExtension>
            <ns3:hr>136</ns3:hr>
            <ns3:cad>81</ns3:cad>
          </ns3:TrackPointExtension>
        </extensions>
      </trkpt>
      <trkpt lat="37.50340241007506847381591796875" lon="127.05927033908665180206298828125">
        <ele>64.59999847412109375</ele>
        <time>2026-09-27T12:49:09.000Z</time>
        <extensions>
          <ns3:TrackPointExtension>
            <ns3:hr>136</ns3:hr>
            <ns3:cad>83</ns3:cad>
          </ns3:TrackPointExtension>
        </extensions>
      </trkpt>
      <trkpt lat="37.50338011421263217926025390625" lon="127.0592382363975048065185546875">
        <ele>64.59999847412109375</ele>
        <time>2026-09-27T12:49:10.000Z</time>
        <extensions>
          <ns3:TrackPointExtension>
            <ns3:hr>136</ns3:hr>
            <ns3:cad>83</ns3:cad>
          </ns3:TrackPointExtension>
        </extensions>
      </trkpt>
      <trkpt lat="37.50336988829076290130615234375" lon="127.0592067204415798187255859375">
        <ele>64.59999847412109375</ele>
        <time>2026-09-27T12:49:11.000Z</time>
        <extensions>
          <ns3:TrackPointExtension>
            <ns3:hr>136</ns3:hr>
            <ns3:cad>83</ns3:cad>
          </ns3:TrackPointExtension>
        </extensions>
      </trkpt>
      <trkpt lat="37.50335630960762500762939453125" lon="127.05917377956211566925048828125">
        <ele>64.59999847412109375</ele>
        <time>2026-09-27T12:49:12.000Z</time>
        <extensions>
          <ns3:TrackPointExtension>
            <ns3:hr>136</ns3:hr>
            <ns3:cad>83</ns3:cad>
          </ns3:TrackPointExtension>
        </extensions>
      </trkpt>
      <trkpt lat="37.50335345976054668426513671875" lon="127.0591363124549388885498046875">
        <ele>64.40000152587890625</ele>
        <time>2026-09-27T12:49:13.000Z</time>
        <extensions>
          <ns3:TrackPointExtension>
            <ns3:hr>136</ns3:hr>
            <ns3:cad>83</ns3:cad>
          </ns3:TrackPointExtension>
        </extensions>
      </trkpt>
      <trkpt lat="37.5033466704189777374267578125" lon="127.0591024495661258697509765625">
        <ele>64.40000152587890625</ele>
        <time>2026-09-27T12:49:14.000Z</time>
        <extensions>
          <ns3:TrackPointExtension>
            <ns3:hr>137</ns3:hr>
            <ns3:cad>82</ns3:cad>
          </ns3:TrackPointExtension>
        </extensions>
      </trkpt>
      <trkpt lat="37.5033389590680599212646484375" lon="127.05907420255243778228759765625">
        <ele>64.40000152587890625</ele>
        <time>2026-09-27T12:49:15.000Z</time>
        <extensions>
          <ns3:TrackPointExtension>
            <ns3:hr>136</ns3:hr>
            <ns3:cad>82</ns3:cad>
          </ns3:TrackPointExtension>
        </extensions>
      </trkpt>
      <trkpt lat="37.50332663767039775848388671875" lon="127.05903782509267330169677734375">
        <ele>64.1999969482421875</ele>
        <time>2026-09-27T12:49:16.000Z</time>
        <extensions>
          <ns3:TrackPointExtension>
            <ns3:hr>136</ns3:hr>
            <ns3:cad>82</ns3:cad>
          </ns3:TrackPointExtension>
        </extensions>
      </trkpt>
      <trkpt lat="37.50331440009176731109619140625" lon="127.05900077708065509796142578125">
        <ele>64.1999969482421875</ele>
        <time>2026-09-27T12:49:17.000Z</time>
        <extensions>
          <ns3:TrackPointExtension>
            <ns3:hr>137</ns3:hr>
            <ns3:cad>81</ns3:cad>
          </ns3:TrackPointExtension>
        </extensions>
      </trkpt>
      <trkpt lat="37.50329880975186824798583984375" lon="127.058959119021892547607421875">
        <ele>64.1999969482421875</ele>
        <time>2026-09-27T12:49:18.000Z</time>
        <extensions>
          <ns3:TrackPointExtension>
            <ns3:hr>135</ns3:hr>
            <ns3:cad>81</ns3:cad>
          </ns3:TrackPointExtension>
        </extensions>
      </trkpt>
      <trkpt lat="37.50328573398292064666748046875" lon="127.0589217357337474822998046875">
        <ele>64.1999969482421875</ele>
        <time>2026-09-27T12:49:19.000Z</time>
        <extensions>
          <ns3:TrackPointExtension>
            <ns3:hr>134</ns3:hr>
            <ns3:cad>81</ns3:cad>
          </ns3:TrackPointExtension>
        </extensions>
      </trkpt>
      <trkpt lat="37.50327550806105136871337890625" lon="127.058888040482997894287109375">
        <ele>64.1999969482421875</ele>
        <time>2026-09-27T12:49:20.000Z</time>
        <extensions>
          <ns3:TrackPointExtension>
            <ns3:hr>134</ns3:hr>
            <ns3:cad>81</ns3:cad>
          </ns3:TrackPointExtension>
        </extensions>
      </trkpt>
      <trkpt lat="37.50326243229210376739501953125" lon="127.05884478986263275146484375">
        <ele>64.1999969482421875</ele>
        <time>2026-09-27T12:49:21.000Z</time>
        <extensions>
          <ns3:TrackPointExtension>
            <ns3:hr>134</ns3:hr>
            <ns3:cad>81</ns3:cad>
          </ns3:TrackPointExtension>
        </extensions>
      </trkpt>
      <trkpt lat="37.503261007368564605712890625" lon="127.058809585869312286376953125">
        <ele>64</ele>
        <time>2026-09-27T12:49:22.000Z</time>
        <extensions>
          <ns3:TrackPointExtension>
            <ns3:hr>134</ns3:hr>
            <ns3:cad>82</ns3:cad>
          </ns3:TrackPointExtension>
        </extensions>
      </trkpt>
      <trkpt lat="37.50326410867273807525634765625" lon="127.05877748318016529083251953125">
        <ele>63.799999237060546875</ele>
        <time>2026-09-27T12:49:23.000Z</time>
        <extensions>
          <ns3:TrackPointExtension>
            <ns3:hr>133</ns3:hr>
            <ns3:cad>82</ns3:cad>
          </ns3:TrackPointExtension>
        </extensions>
      </trkpt>
      <trkpt lat="37.50331322662532329559326171875" lon="127.05874294973909854888916015625">
        <ele>63.799999237060546875</ele>
        <time>2026-09-27T12:49:24.000Z</time>
        <extensions>
          <ns3:TrackPointExtension>
            <ns3:hr>133</ns3:hr>
            <ns3:cad>82</ns3:cad>
          </ns3:TrackPointExtension>
        </extensions>
      </trkpt>
      <trkpt lat="37.50333937816321849822998046875" lon="127.05871897749602794647216796875">
        <ele>63.799999237060546875</ele>
        <time>2026-09-27T12:49:25.000Z</time>
        <extensions>
          <ns3:TrackPointExtension>
            <ns3:hr>132</ns3:hr>
            <ns3:cad>82</ns3:cad>
          </ns3:TrackPointExtension>
        </extensions>
      </trkpt>
      <trkpt lat="37.50335815362632274627685546875" lon="127.05870254896581172943115234375">
        <ele>63.799999237060546875</ele>
        <time>2026-09-27T12:49:26.000Z</time>
        <extensions>
          <ns3:TrackPointExtension>
            <ns3:hr>132</ns3:hr>
            <ns3:cad>81</ns3:cad>
          </ns3:TrackPointExtension>
        </extensions>
      </trkpt>
      <trkpt lat="37.5033882446587085723876953125" lon="127.05869601108133792877197265625">
        <ele>63.799999237060546875</ele>
        <time>2026-09-27T12:49:27.000Z</time>
        <extensions>
          <ns3:TrackPointExtension>
            <ns3:hr>132</ns3:hr>
            <ns3:cad>81</ns3:cad>
          </ns3:TrackPointExtension>
        </extensions>
      </trkpt>
      <trkpt lat="37.5034110434353351593017578125" lon="127.05869056284427642822265625">
        <ele>63.799999237060546875</ele>
        <time>2026-09-27T12:49:28.000Z</time>
        <extensions>
          <ns3:TrackPointExtension>
            <ns3:hr>133</ns3:hr>
            <ns3:cad>81</ns3:cad>
          </ns3:TrackPointExtension>
        </extensions>
      </trkpt>
      <trkpt lat="37.5034348480403423309326171875" lon="127.05867321230471134185791015625">
        <ele>63.799999237060546875</ele>
        <time>2026-09-27T12:49:29.000Z</time>
        <extensions>
          <ns3:TrackPointExtension>
            <ns3:hr>133</ns3:hr>
            <ns3:cad>81</ns3:cad>
          </ns3:TrackPointExtension>
        </extensions>
      </trkpt>
      <trkpt lat="37.5034643523395061492919921875" lon="127.0586531795561313629150390625">
        <ele>63.799999237060546875</ele>
        <time>2026-09-27T12:49:30.000Z</time>
        <extensions>
          <ns3:TrackPointExtension>
            <ns3:hr>133</ns3:hr>
            <ns3:cad>81</ns3:cad>
          </ns3:TrackPointExtension>
        </extensions>
      </trkpt>
      <trkpt lat="37.50348606146872043609619140625" lon="127.05863289535045623779296875">
        <ele>63.799999237060546875</ele>
        <time>2026-09-27T12:49:31.000Z</time>
        <extensions>
          <ns3:TrackPointExtension>
            <ns3:hr>133</ns3:hr>
            <ns3:cad>82</ns3:cad>
          </ns3:TrackPointExtension>
        </extensions>
      </trkpt>
      <trkpt lat="37.50351640395820140838623046875" lon="127.0586152933537960052490234375">
        <ele>63.799999237060546875</ele>
        <time>2026-09-27T12:49:32.000Z</time>
        <extensions>
          <ns3:TrackPointExtension>
            <ns3:hr>132</ns3:hr>
            <ns3:cad>82</ns3:cad>
          </ns3:TrackPointExtension>
        </extensions>
      </trkpt>
      <trkpt lat="37.5035461597144603729248046875" lon="127.05859995447099208831787109375">
        <ele>63.799999237060546875</ele>
        <time>2026-09-27T12:49:33.000Z</time>
        <extensions>
          <ns3:TrackPointExtension>
            <ns3:hr>132</ns3:hr>
            <ns3:cad>82</ns3:cad>
          </ns3:TrackPointExtension>
        </extensions>
      </trkpt>
      <trkpt lat="37.50356837175786495208740234375" lon="127.05858821980655193328857421875">
        <ele>64</ele>
        <time>2026-09-27T12:49:34.000Z</time>
        <extensions>
          <ns3:TrackPointExtension>
            <ns3:hr>132</ns3:hr>
            <ns3:cad>82</ns3:cad>
          </ns3:TrackPointExtension>
        </extensions>
      </trkpt>
      <trkpt lat="37.50359904952347278594970703125" lon="127.058571875095367431640625">
        <ele>64</ele>
        <time>2026-09-27T12:49:35.000Z</time>
        <extensions>
          <ns3:TrackPointExtension>
            <ns3:hr>132</ns3:hr>
            <ns3:cad>81</ns3:cad>
          </ns3:TrackPointExtension>
        </extensions>
      </trkpt>
      <trkpt lat="37.5036195851862430572509765625" lon="127.0585636608302593231201171875">
        <ele>64</ele>
        <time>2026-09-27T12:49:36.000Z</time>
        <extensions>
          <ns3:TrackPointExtension>
            <ns3:hr>132</ns3:hr>
            <ns3:cad>81</ns3:cad>
          </ns3:TrackPointExtension>
        </extensions>
      </trkpt>
      <trkpt lat="37.50364514999091625213623046875" lon="127.05854170024394989013671875">
        <ele>64</ele>
        <time>2026-09-27T12:49:37.000Z</time>
        <extensions>
          <ns3:TrackPointExtension>
            <ns3:hr>132</ns3:hr>
            <ns3:cad>81</ns3:cad>
          </ns3:TrackPointExtension>
        </extensions>
      </trkpt>
      <trkpt lat="37.50366694293916225433349609375" lon="127.05852233804762363433837890625">
        <ele>64</ele>
        <time>2026-09-27T12:49:38.000Z</time>
        <extensions>
          <ns3:TrackPointExtension>
            <ns3:hr>132</ns3:hr>
            <ns3:cad>81</ns3:cad>
          </ns3:TrackPointExtension>
        </extensions>
      </trkpt>
      <trkpt lat="37.50368638895452022552490234375" lon="127.0585103519260883331298828125">
        <ele>64</ele>
        <time>2026-09-27T12:49:39.000Z</time>
        <extensions>
          <ns3:TrackPointExtension>
            <ns3:hr>133</ns3:hr>
            <ns3:cad>81</ns3:cad>
          </ns3:TrackPointExtension>
        </extensions>
      </trkpt>
      <trkpt lat="37.5037179887294769287109375" lon="127.05850138328969478607177734375">
        <ele>64</ele>
        <time>2026-09-27T12:49:40.000Z</time>
        <extensions>
          <ns3:TrackPointExtension>
            <ns3:hr>133</ns3:hr>
            <ns3:cad>81</ns3:cad>
          </ns3:TrackPointExtension>
        </extensions>
      </trkpt>
      <trkpt lat="37.503747157752513885498046875" lon="127.058486044406890869140625">
        <ele>64</ele>
        <time>2026-09-27T12:49:41.000Z</time>
        <extensions>
          <ns3:TrackPointExtension>
            <ns3:hr>133</ns3:hr>
            <ns3:cad>81</ns3:cad>
          </ns3:TrackPointExtension>
        </extensions>
      </trkpt>
      <trkpt lat="37.50377104617655277252197265625" lon="127.05847674049437046051025390625">
        <ele>64</ele>
        <time>2026-09-27T12:49:42.000Z</time>
        <extensions>
          <ns3:TrackPointExtension>
            <ns3:hr>132</ns3:hr>
            <ns3:cad>82</ns3:cad>
          </ns3:TrackPointExtension>
        </extensions>
      </trkpt>
      <trkpt lat="37.50380155630409717559814453125" lon="127.05846299417316913604736328125">
        <ele>63.799999237060546875</ele>
        <time>2026-09-27T12:49:43.000Z</time>
        <extensions>
          <ns3:TrackPointExtension>
            <ns3:hr>133</ns3:hr>
            <ns3:cad>82</ns3:cad>
          </ns3:TrackPointExtension>
        </extensions>
      </trkpt>
      <trkpt lat="37.5038306415081024169921875" lon="127.05845159478485584259033203125">
        <ele>63.799999237060546875</ele>
        <time>2026-09-27T12:49:44.000Z</time>
        <extensions>
          <ns3:TrackPointExtension>
            <ns3:hr>133</ns3:hr>
            <ns3:cad>82</ns3:cad>
          </ns3:TrackPointExtension>
        </extensions>
      </trkpt>
      <trkpt lat="37.5038509257137775421142578125" lon="127.05843709409236907958984375">
        <ele>63.799999237060546875</ele>
        <time>2026-09-27T12:49:45.000Z</time>
        <extensions>
          <ns3:TrackPointExtension>
            <ns3:hr>133</ns3:hr>
            <ns3:cad>82</ns3:cad>
          </ns3:TrackPointExtension>
        </extensions>
      </trkpt>
      <trkpt lat="37.5038811005651950836181640625" lon="127.05841622315347194671630859375">
        <ele>63.799999237060546875</ele>
        <time>2026-09-27T12:49:46.000Z</time>
        <extensions>
          <ns3:TrackPointExtension>
            <ns3:hr>133</ns3:hr>
            <ns3:cad>82</ns3:cad>
          </ns3:TrackPointExtension>
        </extensions>
      </trkpt>
      <trkpt lat="37.50390381552278995513916015625" lon="127.058403901755809783935546875">
        <ele>63.59999847412109375</ele>
        <time>2026-09-27T12:49:47.000Z</time>
        <extensions>
          <ns3:TrackPointExtension>
            <ns3:hr>134</ns3:hr>
            <ns3:cad>82</ns3:cad>
          </ns3:TrackPointExtension>
        </extensions>
      </trkpt>
      <trkpt lat="37.5039298832416534423828125" lon="127.05838856287300586700439453125">
        <ele>63.59999847412109375</ele>
        <time>2026-09-27T12:49:48.000Z</time>
        <extensions>
          <ns3:TrackPointExtension>
            <ns3:hr>135</ns3:hr>
            <ns3:cad>82</ns3:cad>
          </ns3:TrackPointExtension>
        </extensions>
      </trkpt>
      <trkpt lat="37.50395745970308780670166015625" lon="127.05837406218051910400390625">
        <ele>63.59999847412109375</ele>
        <time>2026-09-27T12:49:49.000Z</time>
        <extensions>
          <ns3:TrackPointExtension>
            <ns3:hr>136</ns3:hr>
            <ns3:cad>81</ns3:cad>
          </ns3:TrackPointExtension>
        </extensions>
      </trkpt>
      <trkpt lat="37.503979839384555816650390625" lon="127.0583621598780155181884765625">
        <ele>63.40000152587890625</ele>
        <time>2026-09-27T12:49:50.000Z</time>
        <extensions>
          <ns3:TrackPointExtension>
            <ns3:hr>137</ns3:hr>
            <ns3:cad>81</ns3:cad>
          </ns3:TrackPointExtension>
        </extensions>
      </trkpt>
      <trkpt lat="37.50400540418922901153564453125" lon="127.058342210948467254638671875">
        <ele>63.200000762939453125</ele>
        <time>2026-09-27T12:49:51.000Z</time>
        <extensions>
          <ns3:TrackPointExtension>
            <ns3:hr>138</ns3:hr>
            <ns3:cad>81</ns3:cad>
          </ns3:TrackPointExtension>
        </extensions>
      </trkpt>
      <trkpt lat="37.5040349923074245452880859375" lon="127.05833123065531253814697265625">
        <ele>63</ele>
        <time>2026-09-27T12:49:52.000Z</time>
        <extensions>
          <ns3:TrackPointExtension>
            <ns3:hr>138</ns3:hr>
            <ns3:cad>81</ns3:cad>
          </ns3:TrackPointExtension>
        </extensions>
      </trkpt>
      <trkpt lat="37.5040594674646854400634765625" lon="127.05832083709537982940673828125">
        <ele>62.799999237060546875</ele>
        <time>2026-09-27T12:49:53.000Z</time>
        <extensions>
          <ns3:TrackPointExtension>
            <ns3:hr>138</ns3:hr>
            <ns3:cad>80</ns3:cad>
          </ns3:TrackPointExtension>
        </extensions>
      </trkpt>
      <trkpt lat="37.50409106723964214324951171875" lon="127.05829770304262638092041015625">
        <ele>62.40000152587890625</ele>
        <time>2026-09-27T12:49:54.000Z</time>
        <extensions>
          <ns3:TrackPointExtension>
            <ns3:hr>138</ns3:hr>
            <ns3:cad>80</ns3:cad>
          </ns3:TrackPointExtension>
        </extensions>
      </trkpt>
      <trkpt lat="37.50412275083363056182861328125" lon="127.05828160978853702545166015625">
        <ele>62</ele>
        <time>2026-09-27T12:49:55.000Z</time>
        <extensions>
          <ns3:TrackPointExtension>
            <ns3:hr>138</ns3:hr>
            <ns3:cad>80</ns3:cad>
          </ns3:TrackPointExtension>
        </extensions>
      </trkpt>
      <trkpt lat="37.50414739362895488739013671875" lon="127.0582719705998897552490234375">
        <ele>61.799999237060546875</ele>
        <time>2026-09-27T12:49:56.000Z</time>
        <extensions>
          <ns3:TrackPointExtension>
            <ns3:hr>138</ns3:hr>
            <ns3:cad>81</ns3:cad>
          </ns3:TrackPointExtension>
        </extensions>
      </trkpt>
      <trkpt lat="37.50417991541326045989990234375" lon="127.05825730226933956146240234375">
        <ele>61.59999847412109375</ele>
        <time>2026-09-27T12:49:57.000Z</time>
        <extensions>
          <ns3:TrackPointExtension>
            <ns3:hr>139</ns3:hr>
            <ns3:cad>81</ns3:cad>
          </ns3:TrackPointExtension>
        </extensions>
      </trkpt>
      <trkpt lat="37.50420682132244110107421875" lon="127.05825143493711948394775390625">
        <ele>61.200000762939453125</ele>
        <time>2026-09-27T12:49:58.000Z</time>
        <extensions>
          <ns3:TrackPointExtension>
            <ns3:hr>139</ns3:hr>
            <ns3:cad>81</ns3:cad>
          </ns3:TrackPointExtension>
        </extensions>
      </trkpt>
      <trkpt lat="37.50423523597419261932373046875" lon="127.05824405886232852935791015625">
        <ele>61</ele>
        <time>2026-09-27T12:49:59.000Z</time>
        <extensions>
          <ns3:TrackPointExtension>
            <ns3:hr>139</ns3:hr>
            <ns3:cad>81</ns3:cad>
          </ns3:TrackPointExtension>
        </extensions>
      </trkpt>
      <trkpt lat="37.5042624771595001220703125" lon="127.05822427757084369659423828125">
        <ele>60.59999847412109375</ele>
        <time>2026-09-27T12:50:00.000Z</time>
        <extensions>
          <ns3:TrackPointExtension>
            <ns3:hr>139</ns3:hr>
            <ns3:cad>81</ns3:cad>
          </ns3:TrackPointExtension>
        </extensions>
      </trkpt>
      <trkpt lat="37.5042874552309513092041015625" lon="127.05820483155548572540283203125">
        <ele>60.40000152587890625</ele>
        <time>2026-09-27T12:50:01.000Z</time>
        <extensions>
          <ns3:TrackPointExtension>
            <ns3:hr>138</ns3:hr>
            <ns3:cad>81</ns3:cad>
          </ns3:TrackPointExtension>
        </extensions>
      </trkpt>
      <trkpt lat="37.5043149478733539581298828125" lon="127.05818840302526950836181640625">
        <ele>60.200000762939453125</ele>
        <time>2026-09-27T12:50:02.000Z</time>
        <extensions>
          <ns3:TrackPointExtension>
            <ns3:hr>138</ns3:hr>
            <ns3:cad>81</ns3:cad>
          </ns3:TrackPointExtension>
        </extensions>
      </trkpt>
      <trkpt lat="37.5043484754860401153564453125" lon="127.05815688706934452056884765625">
        <ele>60.200000762939453125</ele>
        <time>2026-09-27T12:50:03.000Z</time>
        <extensions>
          <ns3:TrackPointExtension>
            <ns3:hr>138</ns3:hr>
            <ns3:cad>81</ns3:cad>
          </ns3:TrackPointExtension>
        </extensions>
      </trkpt>
      <trkpt lat="37.504372783005237579345703125" lon="127.058137692511081695556640625">
        <ele>60</ele>
        <time>2026-09-27T12:50:04.000Z</time>
        <extensions>
          <ns3:TrackPointExtension>
            <ns3:hr>138</ns3:hr>
            <ns3:cad>81</ns3:cad>
          </ns3:TrackPointExtension>
        </extensions>
      </trkpt>
      <trkpt lat="37.5044007785618305206298828125" lon="127.0581261254847049713134765625">
        <ele>59.59999847412109375</ele>
        <time>2026-09-27T12:50:05.000Z</time>
        <extensions>
          <ns3:TrackPointExtension>
            <ns3:hr>138</ns3:hr>
            <ns3:cad>81</ns3:cad>
          </ns3:TrackPointExtension>
        </extensions>
      </trkpt>
      <trkpt lat="37.5044386647641658782958984375" lon="127.058120258152484893798828125">
        <ele>59.40000152587890625</ele>
        <time>2026-09-27T12:50:06.000Z</time>
        <extensions>
          <ns3:TrackPointExtension>
            <ns3:hr>137</ns3:hr>
            <ns3:cad>81</ns3:cad>
          </ns3:TrackPointExtension>
        </extensions>
      </trkpt>
      <trkpt lat="37.50446808524429798126220703125" lon="127.05811254680156707763671875">
        <ele>59.200000762939453125</ele>
        <time>2026-09-27T12:50:07.000Z</time>
        <extensions>
          <ns3:TrackPointExtension>
            <ns3:hr>137</ns3:hr>
            <ns3:cad>81</ns3:cad>
          </ns3:TrackPointExtension>
        </extensions>
      </trkpt>
      <trkpt lat="37.50449339859187602996826171875" lon="127.0581033267080783843994140625">
        <ele>59</ele>
        <time>2026-09-27T12:50:08.000Z</time>
        <extensions>
          <ns3:TrackPointExtension>
            <ns3:hr>137</ns3:hr>
            <ns3:cad>81</ns3:cad>
          </ns3:TrackPointExtension>
        </extensions>
      </trkpt>
      <trkpt lat="37.50452592037618160247802734375" lon="127.0580957829952239990234375">
        <ele>58.799999237060546875</ele>
        <time>2026-09-27T12:50:09.000Z</time>
        <extensions>
          <ns3:TrackPointExtension>
            <ns3:hr>137</ns3:hr>
            <ns3:cad>81</ns3:cad>
          </ns3:TrackPointExtension>
        </extensions>
      </trkpt>
      <trkpt lat="37.504549138247966766357421875" lon="127.05808597616851329803466796875">
        <ele>58.59999847412109375</ele>
        <time>2026-09-27T12:50:10.000Z</time>
        <extensions>
          <ns3:TrackPointExtension>
            <ns3:hr>137</ns3:hr>
            <ns3:cad>81</ns3:cad>
          </ns3:TrackPointExtension>
        </extensions>
      </trkpt>
      <trkpt lat="37.5045736134052276611328125" lon="127.05807306803762912750244140625">
        <ele>58.40000152587890625</ele>
        <time>2026-09-27T12:50:11.000Z</time>
        <extensions>
          <ns3:TrackPointExtension>
            <ns3:hr>137</ns3:hr>
            <ns3:cad>81</ns3:cad>
          </ns3:TrackPointExtension>
        </extensions>
      </trkpt>
      <trkpt lat="37.504605464637279510498046875" lon="127.058064937591552734375">
        <ele>58.200000762939453125</ele>
        <time>2026-09-27T12:50:12.000Z</time>
        <extensions>
          <ns3:TrackPointExtension>
            <ns3:hr>137</ns3:hr>
            <ns3:cad>81</ns3:cad>
          </ns3:TrackPointExtension>
        </extensions>
      </trkpt>
      <trkpt lat="37.50462256371974945068359375" lon="127.058046497404575347900390625">
        <ele>57.799999237060546875</ele>
        <time>2026-09-27T12:50:13.000Z</time>
        <extensions>
          <ns3:TrackPointExtension>
            <ns3:hr>137</ns3:hr>
            <ns3:cad>81</ns3:cad>
          </ns3:TrackPointExtension>
        </extensions>
      </trkpt>
      <trkpt lat="37.50465349294245243072509765625" lon="127.05803065560758113861083984375">
        <ele>57.59999847412109375</ele>
        <time>2026-09-27T12:50:14.000Z</time>
        <extensions>
          <ns3:TrackPointExtension>
            <ns3:hr>137</ns3:hr>
            <ns3:cad>81</ns3:cad>
          </ns3:TrackPointExtension>
        </extensions>
      </trkpt>
      <trkpt lat="37.50467578880488872528076171875" lon="127.05801741220057010650634765625">
        <ele>57.40000152587890625</ele>
        <time>2026-09-27T12:50:15.000Z</time>
        <extensions>
          <ns3:TrackPointExtension>
            <ns3:hr>137</ns3:hr>
            <ns3:cad>81</ns3:cad>
          </ns3:TrackPointExtension>
        </extensions>
      </trkpt>
      <trkpt lat="37.5046911276876926422119140625" lon="127.05800198949873447418212890625">
        <ele>57</ele>
        <time>2026-09-27T12:50:16.000Z</time>
        <extensions>
          <ns3:TrackPointExtension>
            <ns3:hr>136</ns3:hr>
            <ns3:cad>81</ns3:cad>
          </ns3:TrackPointExtension>
        </extensions>
      </trkpt>
      <trkpt lat="37.50471652485430240631103515625" lon="127.05798991955816745758056640625">
        <ele>56.799999237060546875</ele>
        <time>2026-09-27T12:50:17.000Z</time>
        <extensions>
          <ns3:TrackPointExtension>
            <ns3:hr>136</ns3:hr>
            <ns3:cad>81</ns3:cad>
          </ns3:TrackPointExtension>
        </extensions>
      </trkpt>
      <trkpt lat="37.504742257297039031982421875" lon="127.057976089417934417724609375">
        <ele>56.59999847412109375</ele>
        <time>2026-09-27T12:50:18.000Z</time>
        <extensions>
          <ns3:TrackPointExtension>
            <ns3:hr>136</ns3:hr>
            <ns3:cad>81</ns3:cad>
          </ns3:TrackPointExtension>
        </extensions>
      </trkpt>
      <trkpt lat="37.5047595240175724029541015625" lon="127.05796510912477970123291015625">
        <ele>56.200000762939453125</ele>
        <time>2026-09-27T12:50:19.000Z</time>
        <extensions>
          <ns3:TrackPointExtension>
            <ns3:hr>136</ns3:hr>
            <ns3:cad>81</ns3:cad>
          </ns3:TrackPointExtension>
        </extensions>
      </trkpt>
      <trkpt lat="37.5047880224883556365966796875" lon="127.05795186571776866912841796875">
        <ele>56</ele>
        <time>2026-09-27T12:50:20.000Z</time>
        <extensions>
          <ns3:TrackPointExtension>
            <ns3:hr>135</ns3:hr>
            <ns3:cad>81</ns3:cad>
          </ns3:TrackPointExtension>
        </extensions>
      </trkpt>
      <trkpt lat="37.5048131681978702545166015625" lon="127.0579383708536624908447265625">
        <ele>55.799999237060546875</ele>
        <time>2026-09-27T12:50:21.000Z</time>
        <extensions>
          <ns3:TrackPointExtension>
            <ns3:hr>135</ns3:hr>
            <ns3:cad>80</ns3:cad>
          </ns3:TrackPointExtension>
        </extensions>
      </trkpt>
      <trkpt lat="37.5048399902880191802978515625" lon="127.0579155720770359039306640625">
        <ele>55.59999847412109375</ele>
        <time>2026-09-27T12:50:22.000Z</time>
        <extensions>
          <ns3:TrackPointExtension>
            <ns3:hr>135</ns3:hr>
            <ns3:cad>80</ns3:cad>
          </ns3:TrackPointExtension>
        </extensions>
      </trkpt>
      <trkpt lat="37.504886426031589508056640625" lon="127.05789553932845592498779296875">
        <ele>55.40000152587890625</ele>
        <time>2026-09-27T12:50:23.000Z</time>
        <extensions>
          <ns3:TrackPointExtension>
            <ns3:hr>135</ns3:hr>
            <ns3:cad>80</ns3:cad>
          </ns3:TrackPointExtension>
        </extensions>
      </trkpt>
      <trkpt lat="37.50491165556013584136962890625" lon="127.05787651240825653076171875">
        <ele>55.200000762939453125</ele>
        <time>2026-09-27T12:50:24.000Z</time>
        <extensions>
          <ns3:TrackPointExtension>
            <ns3:hr>134</ns3:hr>
            <ns3:cad>81</ns3:cad>
          </ns3:TrackPointExtension>
        </extensions>
      </trkpt>
      <trkpt lat="37.50494183041155338287353515625" lon="127.057858072221279144287109375">
        <ele>55</ele>
        <time>2026-09-27T12:50:25.000Z</time>
        <extensions>
          <ns3:TrackPointExtension>
            <ns3:hr>133</ns3:hr>
            <ns3:cad>81</ns3:cad>
          </ns3:TrackPointExtension>
        </extensions>
      </trkpt>
      <trkpt lat="37.504971586167812347412109375" lon="127.05784541554749011993408203125">
        <ele>54.59999847412109375</ele>
        <time>2026-09-27T12:50:26.000Z</time>
        <extensions>
          <ns3:TrackPointExtension>
            <ns3:hr>131</ns3:hr>
            <ns3:cad>81</ns3:cad>
          </ns3:TrackPointExtension>
        </extensions>
      </trkpt>
      <trkpt lat="37.50499580986797809600830078125" lon="127.05782965756952762603759765625">
        <ele>54.40000152587890625</ele>
        <time>2026-09-27T12:50:27.000Z</time>
        <extensions>
          <ns3:TrackPointExtension>
            <ns3:hr>130</ns3:hr>
            <ns3:cad>81</ns3:cad>
          </ns3:TrackPointExtension>
        </extensions>
      </trkpt>
      <trkpt lat="37.50502363778650760650634765625" lon="127.05780903808772563934326171875">
        <ele>54.200000762939453125</ele>
        <time>2026-09-27T12:50:28.000Z</time>
        <extensions>
          <ns3:TrackPointExtension>
            <ns3:hr>130</ns3:hr>
            <ns3:cad>82</ns3:cad>
          </ns3:TrackPointExtension>
        </extensions>
      </trkpt>
      <trkpt lat="37.5050512142479419708251953125" lon="127.05779864452779293060302734375">
        <ele>54</ele>
        <time>2026-09-27T12:50:29.000Z</time>
        <extensions>
          <ns3:TrackPointExtension>
            <ns3:hr>130</ns3:hr>
            <ns3:cad>82</ns3:cad>
          </ns3:TrackPointExtension>
        </extensions>
      </trkpt>
      <trkpt lat="37.5050753541290760040283203125" lon="127.05778741277754306793212890625">
        <ele>53.799999237060546875</ele>
        <time>2026-09-27T12:50:30.000Z</time>
        <extensions>
          <ns3:TrackPointExtension>
            <ns3:hr>130</ns3:hr>
            <ns3:cad>82</ns3:cad>
          </ns3:TrackPointExtension>
        </extensions>
      </trkpt>
      <trkpt lat="37.50510594807565212249755859375" lon="127.05776997841894626617431640625">
        <ele>53.59999847412109375</ele>
        <time>2026-09-27T12:50:31.000Z</time>
        <extensions>
          <ns3:TrackPointExtension>
            <ns3:hr>130</ns3:hr>
            <ns3:cad>82</ns3:cad>
          </ns3:TrackPointExtension>
        </extensions>
      </trkpt>
      <trkpt lat="37.5051310099661350250244140625" lon="127.05774935893714427947998046875">
        <ele>53.40000152587890625</ele>
        <time>2026-09-27T12:50:32.000Z</time>
        <extensions>
          <ns3:TrackPointExtension>
            <ns3:hr>130</ns3:hr>
            <ns3:cad>82</ns3:cad>
          </ns3:TrackPointExtension>
        </extensions>
      </trkpt>
      <trkpt lat="37.505161352455615997314453125" lon="127.05773410387337207794189453125">
        <ele>53.200000762939453125</ele>
        <time>2026-09-27T12:50:33.000Z</time>
        <extensions>
          <ns3:TrackPointExtension>
            <ns3:hr>131</ns3:hr>
            <ns3:cad>82</ns3:cad>
          </ns3:TrackPointExtension>
        </extensions>
      </trkpt>
      <trkpt lat="37.505199909210205078125" lon="127.05771666951477527618408203125">
        <ele>52.59999847412109375</ele>
        <time>2026-09-27T12:50:34.000Z</time>
        <extensions>
          <ns3:TrackPointExtension>
            <ns3:hr>131</ns3:hr>
            <ns3:cad>82</ns3:cad>
          </ns3:TrackPointExtension>
        </extensions>
      </trkpt>
      <trkpt lat="37.505225725471973419189453125" lon="127.05770082771778106689453125">
        <ele>52</ele>
        <time>2026-09-27T12:50:35.000Z</time>
        <extensions>
          <ns3:TrackPointExtension>
            <ns3:hr>130</ns3:hr>
            <ns3:cad>82</ns3:cad>
          </ns3:TrackPointExtension>
        </extensions>
      </trkpt>
      <trkpt lat="37.5052557326853275299072265625" lon="127.0576781965792179107666015625">
        <ele>51.799999237060546875</ele>
        <time>2026-09-27T12:50:36.000Z</time>
        <extensions>
          <ns3:TrackPointExtension>
            <ns3:hr>130</ns3:hr>
            <ns3:cad>82</ns3:cad>
          </ns3:TrackPointExtension>
        </extensions>
      </trkpt>
      <trkpt lat="37.50528347678482532501220703125" lon="127.05765145830810070037841796875">
        <ele>51.40000152587890625</ele>
        <time>2026-09-27T12:50:37.000Z</time>
        <extensions>
          <ns3:TrackPointExtension>
            <ns3:hr>130</ns3:hr>
            <ns3:cad>82</ns3:cad>
          </ns3:TrackPointExtension>
        </extensions>
      </trkpt>
      <trkpt lat="37.5053058564662933349609375" lon="127.0576349459588527679443359375">
        <ele>51.200000762939453125</ele>
        <time>2026-09-27T12:50:38.000Z</time>
        <extensions>
          <ns3:TrackPointExtension>
            <ns3:hr>129</ns3:hr>
            <ns3:cad>81</ns3:cad>
          </ns3:TrackPointExtension>
        </extensions>
      </trkpt>
      <trkpt lat="37.50534432940185070037841796875" lon="127.05762010999023914337158203125">
        <ele>51.200000762939453125</ele>
        <time>2026-09-27T12:50:39.000Z</time>
        <extensions>
          <ns3:TrackPointExtension>
            <ns3:hr>129</ns3:hr>
            <ns3:cad>81</ns3:cad>
          </ns3:TrackPointExtension>
        </extensions>
      </trkpt>
      <trkpt lat="37.505379281938076019287109375" lon="127.05759412609040737152099609375">
        <ele>51.200000762939453125</ele>
        <time>2026-09-27T12:50:40.000Z</time>
        <extensions>
          <ns3:TrackPointExtension>
            <ns3:hr>129</ns3:hr>
            <ns3:cad>82</ns3:cad>
          </ns3:TrackPointExtension>
        </extensions>
      </trkpt>
      <trkpt lat="37.50540367327630519866943359375" lon="127.05757702700793743133544921875">
        <ele>51.40000152587890625</ele>
        <time>2026-09-27T12:50:41.000Z</time>
        <extensions>
          <ns3:TrackPointExtension>
            <ns3:hr>128</ns3:hr>
            <ns3:cad>82</ns3:cad>
          </ns3:TrackPointExtension>
        </extensions>
      </trkpt>
      <trkpt lat="37.50544063746929168701171875" lon="127.057567723095417022705078125">
        <ele>51.200000762939453125</ele>
        <time>2026-09-27T12:50:42.000Z</time>
        <extensions>
          <ns3:TrackPointExtension>
            <ns3:hr>128</ns3:hr>
            <ns3:cad>82</ns3:cad>
          </ns3:TrackPointExtension>
        </extensions>
      </trkpt>
      <trkpt lat="37.50546352006494998931884765625" lon="127.05754903145134449005126953125">
        <ele>51.200000762939453125</ele>
        <time>2026-09-27T12:50:43.000Z</time>
        <extensions>
          <ns3:TrackPointExtension>
            <ns3:hr>128</ns3:hr>
            <ns3:cad>82</ns3:cad>
          </ns3:TrackPointExtension>
        </extensions>
      </trkpt>
      <trkpt lat="37.505491934716701507568359375" lon="127.05753679387271404266357421875">
        <ele>51</ele>
        <time>2026-09-27T12:50:44.000Z</time>
        <extensions>
          <ns3:TrackPointExtension>
            <ns3:hr>127</ns3:hr>
            <ns3:cad>82</ns3:cad>
          </ns3:TrackPointExtension>
        </extensions>
      </trkpt>
      <trkpt lat="37.5055202655494213104248046875" lon="127.05753545276820659637451171875">
        <ele>50.59999847412109375</ele>
        <time>2026-09-27T12:50:45.000Z</time>
        <extensions>
          <ns3:TrackPointExtension>
            <ns3:hr>127</ns3:hr>
            <ns3:cad>82</ns3:cad>
          </ns3:TrackPointExtension>
        </extensions>
      </trkpt>
      <trkpt lat="37.50554499216377735137939453125" lon="127.05752992071211338043212890625">
        <ele>50</ele>
        <time>2026-09-27T12:50:46.000Z</time>
        <extensions>
          <ns3:TrackPointExtension>
            <ns3:hr>127</ns3:hr>
            <ns3:cad>81</ns3:cad>
          </ns3:TrackPointExtension>
        </extensions>
      </trkpt>
      <trkpt lat="37.50557533465325832366943359375" lon="127.0575246401131153106689453125">
        <ele>49.59999847412109375</ele>
        <time>2026-09-27T12:50:47.000Z</time>
        <extensions>
          <ns3:TrackPointExtension>
            <ns3:hr>127</ns3:hr>
            <ns3:cad>81</ns3:cad>
          </ns3:TrackPointExtension>
        </extensions>
      </trkpt>
      <trkpt lat="37.50559754669666290283203125" lon="127.05751986242830753326416015625">
        <ele>49.200000762939453125</ele>
        <time>2026-09-27T12:50:48.000Z</time>
        <extensions>
          <ns3:TrackPointExtension>
            <ns3:hr>127</ns3:hr>
            <ns3:cad>80</ns3:cad>
          </ns3:TrackPointExtension>
        </extensions>
      </trkpt>
      <trkpt lat="37.50561824999749660491943359375" lon="127.0575115643441677093505859375">
        <ele>49</ele>
        <time>2026-09-27T12:50:49.000Z</time>
        <extensions>
          <ns3:TrackPointExtension>
            <ns3:hr>126</ns3:hr>
            <ns3:cad>80</ns3:cad>
          </ns3:TrackPointExtension>
        </extensions>
      </trkpt>
      <trkpt lat="37.50564373098313808441162109375" lon="127.0575041882693767547607421875">
        <ele>49</ele>
        <time>2026-09-27T12:50:50.000Z</time>
        <extensions>
          <ns3:TrackPointExtension>
            <ns3:hr>126</ns3:hr>
            <ns3:cad>81</ns3:cad>
          </ns3:TrackPointExtension>
        </extensions>
      </trkpt>
      <trkpt lat="37.50566652975976467132568359375" lon="127.05748884938657283782958984375">
        <ele>48.799999237060546875</ele>
        <time>2026-09-27T12:50:51.000Z</time>
        <extensions>
          <ns3:TrackPointExtension>
            <ns3:hr>126</ns3:hr>
            <ns3:cad>82</ns3:cad>
          </ns3:TrackPointExtension>
        </extensions>
      </trkpt>
      <trkpt lat="37.5056845508515834808349609375" lon="127.057475857436656951904296875">
        <ele>49</ele>
        <time>2026-09-27T12:50:52.000Z</time>
        <extensions>
          <ns3:TrackPointExtension>
            <ns3:hr>126</ns3:hr>
            <ns3:cad>82</ns3:cad>
          </ns3:TrackPointExtension>
        </extensions>
      </trkpt>
      <trkpt lat="37.50570491887629032135009765625" lon="127.05746185965836048126220703125">
        <ele>49</ele>
        <time>2026-09-27T12:50:53.000Z</time>
        <extensions>
          <ns3:TrackPointExtension>
            <ns3:hr>126</ns3:hr>
            <ns3:cad>82</ns3:cad>
          </ns3:TrackPointExtension>
        </extensions>
      </trkpt>
      <trkpt lat="37.5057217665016651153564453125" lon="127.05745314247906208038330078125">
        <ele>48.799999237060546875</ele>
        <time>2026-09-27T12:50:54.000Z</time>
        <extensions>
          <ns3:TrackPointExtension>
            <ns3:hr>126</ns3:hr>
            <ns3:cad>82</ns3:cad>
          </ns3:TrackPointExtension>
        </extensions>
      </trkpt>
      <trkpt lat="37.50574733130633831024169921875" lon="127.05744056962430477142333984375">
        <ele>48.59999847412109375</ele>
        <time>2026-09-27T12:50:55.000Z</time>
        <extensions>
          <ns3:TrackPointExtension>
            <ns3:hr>126</ns3:hr>
            <ns3:cad>82</ns3:cad>
          </ns3:TrackPointExtension>
        </extensions>
      </trkpt>
      <trkpt lat="37.505770213901996612548828125" lon="127.0574253983795642852783203125">
        <ele>48.40000152587890625</ele>
        <time>2026-09-27T12:50:56.000Z</time>
        <extensions>
          <ns3:TrackPointExtension>
            <ns3:hr>127</ns3:hr>
            <ns3:cad>82</ns3:cad>
          </ns3:TrackPointExtension>
        </extensions>
      </trkpt>
      <trkpt lat="37.5057940185070037841796875" lon="127.05741257406771183013916015625">
        <ele>48.200000762939453125</ele>
        <time>2026-09-27T12:50:57.000Z</time>
        <extensions>
          <ns3:TrackPointExtension>
            <ns3:hr>126</ns3:hr>
            <ns3:cad>82</ns3:cad>
          </ns3:TrackPointExtension>
        </extensions>
      </trkpt>
      <trkpt lat="37.50582394190132617950439453125" lon="127.05738977529108524322509765625">
        <ele>48.200000762939453125</ele>
        <time>2026-09-27T12:50:58.000Z</time>
        <extensions>
          <ns3:TrackPointExtension>
            <ns3:hr>126</ns3:hr>
            <ns3:cad>82</ns3:cad>
          </ns3:TrackPointExtension>
        </extensions>
      </trkpt>
      <trkpt lat="37.50584104098379611968994140625" lon="127.05737770535051822662353515625">
        <ele>48</ele>
        <time>2026-09-27T12:50:59.000Z</time>
        <extensions>
          <ns3:TrackPointExtension>
            <ns3:hr>126</ns3:hr>
            <ns3:cad>82</ns3:cad>
          </ns3:TrackPointExtension>
        </extensions>
      </trkpt>
      <trkpt lat="37.50586551614105701446533203125" lon="127.057365886867046356201171875">
        <ele>47.799999237060546875</ele>
        <time>2026-09-27T12:51:00.000Z</time>
        <extensions>
          <ns3:TrackPointExtension>
            <ns3:hr>126</ns3:hr>
            <ns3:cad>82</ns3:cad>
          </ns3:TrackPointExtension>
        </extensions>
      </trkpt>
      <trkpt lat="37.50589887611567974090576171875" lon="127.0573533140122890472412109375">
        <ele>47.59999847412109375</ele>
        <time>2026-09-27T12:51:01.000Z</time>
        <extensions>
          <ns3:TrackPointExtension>
            <ns3:hr>127</ns3:hr>
            <ns3:cad>82</ns3:cad>
          </ns3:TrackPointExtension>
        </extensions>
      </trkpt>
      <trkpt lat="37.505925111472606658935546875" lon="127.0573445968329906463623046875">
        <ele>47.40000152587890625</ele>
        <time>2026-09-27T12:51:02.000Z</time>
        <extensions>
          <ns3:TrackPointExtension>
            <ns3:hr>126</ns3:hr>
            <ns3:cad>82</ns3:cad>
          </ns3:TrackPointExtension>
        </extensions>
      </trkpt>
      <trkpt lat="37.50595922581851482391357421875" lon="127.05732489936053752899169921875">
        <ele>47.200000762939453125</ele>
        <time>2026-09-27T12:51:03.000Z</time>
        <extensions>
          <ns3:TrackPointExtension>
            <ns3:hr>126</ns3:hr>
            <ns3:cad>82</ns3:cad>
          </ns3:TrackPointExtension>
        </extensions>
      </trkpt>
      <trkpt lat="37.5059960223734378814697265625" lon="127.057313583791255950927734375">
        <ele>47</ele>
        <time>2026-09-27T12:51:04.000Z</time>
        <extensions>
          <ns3:TrackPointExtension>
            <ns3:hr>126</ns3:hr>
            <ns3:cad>82</ns3:cad>
          </ns3:TrackPointExtension>
        </extensions>
      </trkpt>
      <trkpt lat="37.50602158717811107635498046875" lon="127.05729505978524684906005859375">
        <ele>47</ele>
        <time>2026-09-27T12:51:05.000Z</time>
        <extensions>
          <ns3:TrackPointExtension>
            <ns3:hr>126</ns3:hr>
            <ns3:cad>82</ns3:cad>
          </ns3:TrackPointExtension>
        </extensions>
      </trkpt>
      <trkpt lat="37.5060523487627506256103515625" lon="127.05727846361696720123291015625">
        <ele>46.799999237060546875</ele>
        <time>2026-09-27T12:51:06.000Z</time>
        <extensions>
          <ns3:TrackPointExtension>
            <ns3:hr>125</ns3:hr>
            <ns3:cad>82</ns3:cad>
          </ns3:TrackPointExtension>
        </extensions>
      </trkpt>
      <trkpt lat="37.50608160160481929779052734375" lon="127.05726706422865390777587890625">
        <ele>46.59999847412109375</ele>
        <time>2026-09-27T12:51:07.000Z</time>
        <extensions>
          <ns3:TrackPointExtension>
            <ns3:hr>126</ns3:hr>
            <ns3:cad>82</ns3:cad>
          </ns3:TrackPointExtension>
        </extensions>
      </trkpt>
      <trkpt lat="37.50609911978244781494140625" lon="127.05725315026938915252685546875">
        <ele>46.59999847412109375</ele>
        <time>2026-09-27T12:51:08.000Z</time>
        <extensions>
          <ns3:TrackPointExtension>
            <ns3:hr>126</ns3:hr>
            <ns3:cad>82</ns3:cad>
          </ns3:TrackPointExtension>
        </extensions>
      </trkpt>
      <trkpt lat="37.50613725744187831878662109375" lon="127.05723387189209461212158203125">
        <ele>46.59999847412109375</ele>
        <time>2026-09-27T12:51:09.000Z</time>
        <extensions>
          <ns3:TrackPointExtension>
            <ns3:hr>127</ns3:hr>
            <ns3:cad>82</ns3:cad>
          </ns3:TrackPointExtension>
        </extensions>
      </trkpt>
      <trkpt lat="37.50615905039012432098388671875" lon="127.05722314305603504180908203125">
        <ele>46.40000152587890625</ele>
        <time>2026-09-27T12:51:10.000Z</time>
        <extensions>
          <ns3:TrackPointExtension>
            <ns3:hr>127</ns3:hr>
            <ns3:cad>82</ns3:cad>
          </ns3:TrackPointExtension>
        </extensions>
      </trkpt>
      <trkpt lat="37.50618972815573215484619140625" lon="127.05719313584268093109130859375">
        <ele>46.59999847412109375</ele>
        <time>2026-09-27T12:51:11.000Z</time>
        <extensions>
          <ns3:TrackPointExtension>
            <ns3:hr>127</ns3:hr>
            <ns3:cad>82</ns3:cad>
          </ns3:TrackPointExtension>
        </extensions>
      </trkpt>
      <trkpt lat="37.50621487386524677276611328125" lon="127.05717016942799091339111328125">
        <ele>46.59999847412109375</ele>
        <time>2026-09-27T12:51:12.000Z</time>
        <extensions>
          <ns3:TrackPointExtension>
            <ns3:hr>127</ns3:hr>
            <ns3:cad>82</ns3:cad>
          </ns3:TrackPointExtension>
        </extensions>
      </trkpt>
      <trkpt lat="37.50624152831733226776123046875" lon="127.0571541599929332733154296875">
        <ele>46.59999847412109375</ele>
        <time>2026-09-27T12:51:13.000Z</time>
        <extensions>
          <ns3:TrackPointExtension>
            <ns3:hr>127</ns3:hr>
            <ns3:cad>81</ns3:cad>
          </ns3:TrackPointExtension>
        </extensions>
      </trkpt>
      <trkpt lat="37.50627052970230579376220703125" lon="127.0571357198059558868408203125">
        <ele>46.59999847412109375</ele>
        <time>2026-09-27T12:51:14.000Z</time>
        <extensions>
          <ns3:TrackPointExtension>
            <ns3:hr>127</ns3:hr>
            <ns3:cad>81</ns3:cad>
          </ns3:TrackPointExtension>
        </extensions>
      </trkpt>
      <trkpt lat="37.50629483722150325775146484375" lon="127.05711451359093189239501953125">
        <ele>46.59999847412109375</ele>
        <time>2026-09-27T12:51:15.000Z</time>
        <extensions>
          <ns3:TrackPointExtension>
            <ns3:hr>128</ns3:hr>
            <ns3:cad>81</ns3:cad>
          </ns3:TrackPointExtension>
        </extensions>
      </trkpt>
      <trkpt lat="37.5063098408281803131103515625" lon="127.05709523521363735198974609375">
        <ele>46.59999847412109375</ele>
        <time>2026-09-27T12:51:16.000Z</time>
        <extensions>
          <ns3:TrackPointExtension>
            <ns3:hr>128</ns3:hr>
            <ns3:cad>81</ns3:cad>
          </ns3:TrackPointExtension>
        </extensions>
      </trkpt>
      <trkpt lat="37.50634429045021533966064453125" lon="127.05706648528575897216796875">
        <ele>46.40000152587890625</ele>
        <time>2026-09-27T12:51:17.000Z</time>
        <extensions>
          <ns3:TrackPointExtension>
            <ns3:hr>128</ns3:hr>
            <ns3:cad>81</ns3:cad>
          </ns3:TrackPointExtension>
        </extensions>
      </trkpt>
      <trkpt lat="37.50637329183518886566162109375" lon="127.0570495538413524627685546875">
        <ele>46.40000152587890625</ele>
        <time>2026-09-27T12:51:18.000Z</time>
        <extensions>
          <ns3:TrackPointExtension>
            <ns3:hr>128</ns3:hr>
            <ns3:cad>82</ns3:cad>
          </ns3:TrackPointExtension>
        </extensions>
      </trkpt>
      <trkpt lat="37.506393156945705413818359375" lon="127.05703136511147022247314453125">
        <ele>46.40000152587890625</ele>
        <time>2026-09-27T12:51:19.000Z</time>
        <extensions>
          <ns3:TrackPointExtension>
            <ns3:hr>128</ns3:hr>
            <ns3:cad>82</ns3:cad>
          </ns3:TrackPointExtension>
        </extensions>
      </trkpt>
      <trkpt lat="37.5064271874725818634033203125" lon="127.0570140145719051361083984375">
        <ele>46.59999847412109375</ele>
        <time>2026-09-27T12:51:20.000Z</time>
        <extensions>
          <ns3:TrackPointExtension>
            <ns3:hr>128</ns3:hr>
            <ns3:cad>82</ns3:cad>
          </ns3:TrackPointExtension>
        </extensions>
      </trkpt>
      <trkpt lat="37.506447136402130126953125" lon="127.05701929517090320587158203125">
        <ele>46.59999847412109375</ele>
        <time>2026-09-27T12:51:21.000Z</time>
        <extensions>
          <ns3:TrackPointExtension>
            <ns3:hr>128</ns3:hr>
            <ns3:cad>82</ns3:cad>
          </ns3:TrackPointExtension>
        </extensions>
      </trkpt>
      <trkpt lat="37.50647907145321369171142578125" lon="127.05702549777925014495849609375">
        <ele>46.59999847412109375</ele>
        <time>2026-09-27T12:51:22.000Z</time>
        <extensions>
          <ns3:TrackPointExtension>
            <ns3:hr>128</ns3:hr>
            <ns3:cad>82</ns3:cad>
          </ns3:TrackPointExtension>
        </extensions>
      </trkpt>
      <trkpt lat="37.506516873836517333984375" lon="127.05702901817858219146728515625">
        <ele>46.40000152587890625</ele>
        <time>2026-09-27T12:51:23.000Z</time>
        <extensions>
          <ns3:TrackPointExtension>
            <ns3:hr>128</ns3:hr>
            <ns3:cad>82</ns3:cad>
          </ns3:TrackPointExtension>
        </extensions>
      </trkpt>
      <trkpt lat="37.50654168426990509033203125" lon="127.0570482127368450164794921875">
        <ele>46.200000762939453125</ele>
        <time>2026-09-27T12:51:24.000Z</time>
        <extensions>
          <ns3:TrackPointExtension>
            <ns3:hr>128</ns3:hr>
            <ns3:cad>82</ns3:cad>
          </ns3:TrackPointExtension>
        </extensions>
      </trkpt>
      <trkpt lat="37.50657630153000354766845703125" lon="127.05706690438091754913330078125">
        <ele>46.200000762939453125</ele>
        <time>2026-09-27T12:51:25.000Z</time>
        <extensions>
          <ns3:TrackPointExtension>
            <ns3:hr>129</ns3:hr>
            <ns3:cad>82</ns3:cad>
          </ns3:TrackPointExtension>
        </extensions>
      </trkpt>
      <trkpt lat="37.50660580582916736602783203125" lon="127.05707998014986515045166015625">
        <ele>46.200000762939453125</ele>
        <time>2026-09-27T12:51:26.000Z</time>
        <extensions>
          <ns3:TrackPointExtension>
            <ns3:hr>129</ns3:hr>
            <ns3:cad>82</ns3:cad>
          </ns3:TrackPointExtension>
        </extensions>
      </trkpt>
      <trkpt lat="37.50663815997540950775146484375" lon="127.057063467800617218017578125">
        <ele>46</ele>
        <time>2026-09-27T12:51:27.000Z</time>
        <extensions>
          <ns3:TrackPointExtension>
            <ns3:hr>130</ns3:hr>
            <ns3:cad>82</ns3:cad>
          </ns3:TrackPointExtension>
        </extensions>
      </trkpt>
      <trkpt lat="37.5066789798438549041748046875" lon="127.0570550858974456787109375">
        <ele>46</ele>
        <time>2026-09-27T12:51:28.000Z</time>
        <extensions>
          <ns3:TrackPointExtension>
            <ns3:hr>131</ns3:hr>
            <ns3:cad>82</ns3:cad>
          </ns3:TrackPointExtension>
        </extensions>
      </trkpt>
      <trkpt lat="37.5067071430385112762451171875" lon="127.05705248750746250152587890625">
        <ele>46</ele>
        <time>2026-09-27T12:51:29.000Z</time>
        <extensions>
          <ns3:TrackPointExtension>
            <ns3:hr>133</ns3:hr>
            <ns3:cad>82</ns3:cad>
          </ns3:TrackPointExtension>
        </extensions>
      </trkpt>
      <trkpt lat="37.506739832460880279541015625" lon="127.05705466680228710174560546875">
        <ele>46</ele>
        <time>2026-09-27T12:51:30.000Z</time>
        <extensions>
          <ns3:TrackPointExtension>
            <ns3:hr>135</ns3:hr>
            <ns3:cad>82</ns3:cad>
          </ns3:TrackPointExtension>
        </extensions>
      </trkpt>
      <trkpt lat="37.50676355324685573577880859375" lon="127.05706556327641010284423828125">
        <ele>46</ele>
        <time>2026-09-27T12:51:31.000Z</time>
        <extensions>
          <ns3:TrackPointExtension>
            <ns3:hr>136</ns3:hr>
            <ns3:cad>82</ns3:cad>
          </ns3:TrackPointExtension>
        </extensions>
      </trkpt>
      <trkpt lat="37.50678283162415027618408203125" lon="127.057079561054706573486328125">
        <ele>45.799999237060546875</ele>
        <time>2026-09-27T12:51:32.000Z</time>
        <extensions>
          <ns3:TrackPointExtension>
            <ns3:hr>137</ns3:hr>
            <ns3:cad>82</ns3:cad>
          </ns3:TrackPointExtension>
        </extensions>
      </trkpt>
      <trkpt lat="37.50680898316204547882080078125" lon="127.05710177309811115264892578125">
        <ele>45.799999237060546875</ele>
        <time>2026-09-27T12:51:33.000Z</time>
        <extensions>
          <ns3:TrackPointExtension>
            <ns3:hr>138</ns3:hr>
            <ns3:cad>82</ns3:cad>
          </ns3:TrackPointExtension>
        </extensions>
      </trkpt>
      <trkpt lat="37.50683362595736980438232421875" lon="127.05712071619927883148193359375">
        <ele>45.799999237060546875</ele>
        <time>2026-09-27T12:51:34.000Z</time>
        <extensions>
          <ns3:TrackPointExtension>
            <ns3:hr>139</ns3:hr>
            <ns3:cad>82</ns3:cad>
          </ns3:TrackPointExtension>
        </extensions>
      </trkpt>
      <trkpt lat="37.50685240142047405242919921875" lon="127.0571410842239856719970703125">
        <ele>45.59999847412109375</ele>
        <time>2026-09-27T12:51:35.000Z</time>
        <extensions>
          <ns3:TrackPointExtension>
            <ns3:hr>139</ns3:hr>
            <ns3:cad>82</ns3:cad>
          </ns3:TrackPointExtension>
        </extensions>
      </trkpt>
      <trkpt lat="37.50686765648424625396728515625" lon="127.0571833290159702301025390625">
        <ele>45.59999847412109375</ele>
        <time>2026-09-27T12:51:36.000Z</time>
        <extensions>
          <ns3:TrackPointExtension>
            <ns3:hr>139</ns3:hr>
            <ns3:cad>82</ns3:cad>
          </ns3:TrackPointExtension>
        </extensions>
      </trkpt>
      <trkpt lat="37.50687503255903720855712890625" lon="127.0572138391435146331787109375">
        <ele>45.59999847412109375</ele>
        <time>2026-09-27T12:51:37.000Z</time>
        <extensions>
          <ns3:TrackPointExtension>
            <ns3:hr>139</ns3:hr>
            <ns3:cad>82</ns3:cad>
          </ns3:TrackPointExtension>
        </extensions>
      </trkpt>
      <trkpt lat="37.506892383098602294921875" lon="127.057249210774898529052734375">
        <ele>45.59999847412109375</ele>
        <time>2026-09-27T12:51:38.000Z</time>
        <extensions>
          <ns3:TrackPointExtension>
            <ns3:hr>139</ns3:hr>
            <ns3:cad>82</ns3:cad>
          </ns3:TrackPointExtension>
        </extensions>
      </trkpt>
      <trkpt lat="37.506904788315296173095703125" lon="127.05728651024401187896728515625">
        <ele>45.59999847412109375</ele>
        <time>2026-09-27T12:51:39.000Z</time>
        <extensions>
          <ns3:TrackPointExtension>
            <ns3:hr>139</ns3:hr>
            <ns3:cad>82</ns3:cad>
          </ns3:TrackPointExtension>
        </extensions>
      </trkpt>
      <trkpt lat="37.50691141001880168914794921875" lon="127.057319618761539459228515625">
        <ele>45.59999847412109375</ele>
        <time>2026-09-27T12:51:40.000Z</time>
        <extensions>
          <ns3:TrackPointExtension>
            <ns3:hr>138</ns3:hr>
            <ns3:cad>82</ns3:cad>
          </ns3:TrackPointExtension>
        </extensions>
      </trkpt>
      <trkpt lat="37.50691912136971950531005859375" lon="127.057359181344509124755859375">
        <ele>45.40000152587890625</ele>
        <time>2026-09-27T12:51:41.000Z</time>
        <extensions>
          <ns3:TrackPointExtension>
            <ns3:hr>138</ns3:hr>
            <ns3:cad>83</ns3:cad>
          </ns3:TrackPointExtension>
        </extensions>
      </trkpt>
      <trkpt lat="37.50692767091095447540283203125" lon="127.0573928765952587127685546875">
        <ele>45.59999847412109375</ele>
        <time>2026-09-27T12:51:42.000Z</time>
        <extensions>
          <ns3:TrackPointExtension>
            <ns3:hr>137</ns3:hr>
            <ns3:cad>83</ns3:cad>
          </ns3:TrackPointExtension>
        </extensions>
      </trkpt>
      <trkpt lat="37.5069391541182994842529296875" lon="127.05742648802697658538818359375">
        <ele>45.59999847412109375</ele>
        <time>2026-09-27T12:51:43.000Z</time>
        <extensions>
          <ns3:TrackPointExtension>
            <ns3:hr>137</ns3:hr>
            <ns3:cad>83</ns3:cad>
          </ns3:TrackPointExtension>
        </extensions>
      </trkpt>
      <trkpt lat="37.50694644637405872344970703125" lon="127.05746881663799285888671875">
        <ele>45.40000152587890625</ele>
        <time>2026-09-27T12:51:44.000Z</time>
        <extensions>
          <ns3:TrackPointExtension>
            <ns3:hr>137</ns3:hr>
            <ns3:cad>83</ns3:cad>
          </ns3:TrackPointExtension>
        </extensions>
      </trkpt>
      <trkpt lat="37.50695072114467620849609375" lon="127.057501338422298431396484375">
        <ele>45.40000152587890625</ele>
        <time>2026-09-27T12:51:45.000Z</time>
        <extensions>
          <ns3:TrackPointExtension>
            <ns3:hr>137</ns3:hr>
            <ns3:cad>83</ns3:cad>
          </ns3:TrackPointExtension>
        </extensions>
      </trkpt>
      <trkpt lat="37.506963126361370086669921875" lon="127.057530172169208526611328125">
        <ele>45.40000152587890625</ele>
        <time>2026-09-27T12:51:46.000Z</time>
        <extensions>
          <ns3:TrackPointExtension>
            <ns3:hr>137</ns3:hr>
            <ns3:cad>83</ns3:cad>
          </ns3:TrackPointExtension>
        </extensions>
      </trkpt>
      <trkpt lat="37.506972849369049072265625" lon="127.0575705729424953460693359375">
        <ele>45.40000152587890625</ele>
        <time>2026-09-27T12:51:47.000Z</time>
        <extensions>
          <ns3:TrackPointExtension>
            <ns3:hr>137</ns3:hr>
            <ns3:cad>83</ns3:cad>
          </ns3:TrackPointExtension>
        </extensions>
      </trkpt>
      <trkpt lat="37.50697888433933258056640625" lon="127.05760753713548183441162109375">
        <ele>45.40000152587890625</ele>
        <time>2026-09-27T12:51:48.000Z</time>
        <extensions>
          <ns3:TrackPointExtension>
            <ns3:hr>137</ns3:hr>
            <ns3:cad>83</ns3:cad>
          </ns3:TrackPointExtension>
        </extensions>
      </trkpt>
      <trkpt lat="37.50698651187121868133544921875" lon="127.05765246413648128509521484375">
        <ele>45.40000152587890625</ele>
        <time>2026-09-27T12:51:49.000Z</time>
        <extensions>
          <ns3:TrackPointExtension>
            <ns3:hr>136</ns3:hr>
            <ns3:cad>83</ns3:cad>
          </ns3:TrackPointExtension>
        </extensions>
      </trkpt>
      <trkpt lat="37.50700076110661029815673828125" lon="127.05769286490976810455322265625">
        <ele>45.40000152587890625</ele>
        <time>2026-09-27T12:51:50.000Z</time>
        <extensions>
          <ns3:TrackPointExtension>
            <ns3:hr>136</ns3:hr>
            <ns3:cad>83</ns3:cad>
          </ns3:TrackPointExtension>
        </extensions>
      </trkpt>
      <trkpt lat="37.50700864009559154510498046875" lon="127.0577241294085979461669921875">
        <ele>45.200000762939453125</ele>
        <time>2026-09-27T12:51:51.000Z</time>
        <extensions>
          <ns3:TrackPointExtension>
            <ns3:hr>136</ns3:hr>
            <ns3:cad>83</ns3:cad>
          </ns3:TrackPointExtension>
        </extensions>
      </trkpt>
      <trkpt lat="37.50702154822647571563720703125" lon="127.0577667094767093658447265625">
        <ele>45.40000152587890625</ele>
        <time>2026-09-27T12:51:52.000Z</time>
        <extensions>
          <ns3:TrackPointExtension>
            <ns3:hr>137</ns3:hr>
            <ns3:cad>83</ns3:cad>
          </ns3:TrackPointExtension>
        </extensions>
      </trkpt>
      <trkpt lat="37.507031522691249847412109375" lon="127.05780501477420330047607421875">
        <ele>45.40000152587890625</ele>
        <time>2026-09-27T12:51:53.000Z</time>
        <extensions>
          <ns3:TrackPointExtension>
            <ns3:hr>137</ns3:hr>
            <ns3:cad>83</ns3:cad>
          </ns3:TrackPointExtension>
        </extensions>
      </trkpt>
      <trkpt lat="37.5070477835834026336669921875" lon="127.05783426761627197265625">
        <ele>45.40000152587890625</ele>
        <time>2026-09-27T12:51:54.000Z</time>
        <extensions>
          <ns3:TrackPointExtension>
            <ns3:hr>137</ns3:hr>
            <ns3:cad>83</ns3:cad>
          </ns3:TrackPointExtension>
        </extensions>
      </trkpt>
      <trkpt lat="37.507062368094921112060546875" lon="127.05787257291376590728759765625">
        <ele>45.40000152587890625</ele>
        <time>2026-09-27T12:51:55.000Z</time>
        <extensions>
          <ns3:TrackPointExtension>
            <ns3:hr>137</ns3:hr>
            <ns3:cad>83</ns3:cad>
          </ns3:TrackPointExtension>
        </extensions>
      </trkpt>
      <trkpt lat="37.50707167200744152069091796875" lon="127.057900987565517425537109375">
        <ele>45.40000152587890625</ele>
        <time>2026-09-27T12:51:56.000Z</time>
        <extensions>
          <ns3:TrackPointExtension>
            <ns3:hr>136</ns3:hr>
            <ns3:cad>83</ns3:cad>
          </ns3:TrackPointExtension>
        </extensions>
      </trkpt>
      <trkpt lat="37.5070836581289768218994140625" lon="127.0579370297491550445556640625">
        <ele>45.40000152587890625</ele>
        <time>2026-09-27T12:51:57.000Z</time>
        <extensions>
          <ns3:TrackPointExtension>
            <ns3:hr>137</ns3:hr>
            <ns3:cad>83</ns3:cad>
          </ns3:TrackPointExtension>
        </extensions>
      </trkpt>
      <trkpt lat="37.507101930677890777587890625" lon="127.05797047354280948638916015625">
        <ele>45.40000152587890625</ele>
        <time>2026-09-27T12:51:58.000Z</time>
        <extensions>
          <ns3:TrackPointExtension>
            <ns3:hr>137</ns3:hr>
            <ns3:cad>83</ns3:cad>
          </ns3:TrackPointExtension>
        </extensions>
      </trkpt>
      <trkpt lat="37.50711492262780666351318359375" lon="127.058002240955829620361328125">
        <ele>45.40000152587890625</ele>
        <time>2026-09-27T12:51:59.000Z</time>
        <extensions>
          <ns3:TrackPointExtension>
            <ns3:hr>137</ns3:hr>
            <ns3:cad>82</ns3:cad>
          </ns3:TrackPointExtension>
        </extensions>
      </trkpt>
      <trkpt lat="37.50712682493031024932861328125" lon="127.05804071389138698577880859375">
        <ele>45.40000152587890625</ele>
        <time>2026-09-27T12:52:00.000Z</time>
        <extensions>
          <ns3:TrackPointExtension>
            <ns3:hr>137</ns3:hr>
            <ns3:cad>82</ns3:cad>
          </ns3:TrackPointExtension>
        </extensions>
      </trkpt>
      <trkpt lat="37.50714308582246303558349609375" lon="127.0580838806927204132080078125">
        <ele>45.200000762939453125</ele>
        <time>2026-09-27T12:52:01.000Z</time>
        <extensions>
          <ns3:TrackPointExtension>
            <ns3:hr>137</ns3:hr>
            <ns3:cad>82</ns3:cad>
          </ns3:TrackPointExtension>
        </extensions>
      </trkpt>
      <trkpt lat="37.50715616159141063690185546875" lon="127.05811883322894573211669921875">
        <ele>45.200000762939453125</ele>
        <time>2026-09-27T12:52:02.000Z</time>
        <extensions>
          <ns3:TrackPointExtension>
            <ns3:hr>137</ns3:hr>
            <ns3:cad>82</ns3:cad>
          </ns3:TrackPointExtension>
        </extensions>
      </trkpt>
      <trkpt lat="37.50716932117938995361328125" lon="127.0581593178212642669677734375">
        <ele>45.200000762939453125</ele>
        <time>2026-09-27T12:52:03.000Z</time>
        <extensions>
          <ns3:TrackPointExtension>
            <ns3:hr>137</ns3:hr>
            <ns3:cad>82</ns3:cad>
          </ns3:TrackPointExtension>
        </extensions>
      </trkpt>
      <trkpt lat="37.50717778690159320831298828125" lon="127.058189995586872100830078125">
        <ele>45.200000762939453125</ele>
        <time>2026-09-27T12:52:04.000Z</time>
        <extensions>
          <ns3:TrackPointExtension>
            <ns3:hr>137</ns3:hr>
            <ns3:cad>82</ns3:cad>
          </ns3:TrackPointExtension>
        </extensions>
      </trkpt>
      <trkpt lat="37.50719119794666767120361328125" lon="127.05822679214179515838623046875">
        <ele>45.40000152587890625</ele>
        <time>2026-09-27T12:52:05.000Z</time>
        <extensions>
          <ns3:TrackPointExtension>
            <ns3:hr>137</ns3:hr>
            <ns3:cad>82</ns3:cad>
          </ns3:TrackPointExtension>
        </extensions>
      </trkpt>
      <trkpt lat="37.5072040222585201263427734375" lon="127.058268450200557708740234375">
        <ele>45.40000152587890625</ele>
        <time>2026-09-27T12:52:06.000Z</time>
        <extensions>
          <ns3:TrackPointExtension>
            <ns3:hr>136</ns3:hr>
            <ns3:cad>83</ns3:cad>
          </ns3:TrackPointExtension>
        </extensions>
      </trkpt>
      <trkpt lat="37.50721785239875316619873046875" lon="127.05829435028135776519775390625">
        <ele>45.40000152587890625</ele>
        <time>2026-09-27T12:52:07.000Z</time>
        <extensions>
          <ns3:TrackPointExtension>
            <ns3:hr>137</ns3:hr>
            <ns3:cad>83</ns3:cad>
          </ns3:TrackPointExtension>
        </extensions>
      </trkpt>
      <trkpt lat="37.50722967088222503662109375" lon="127.05833625979721546173095703125">
        <ele>45.40000152587890625</ele>
        <time>2026-09-27T12:52:08.000Z</time>
        <extensions>
          <ns3:TrackPointExtension>
            <ns3:hr>137</ns3:hr>
            <ns3:cad>82</ns3:cad>
          </ns3:TrackPointExtension>
        </extensions>
      </trkpt>
      <trkpt lat="37.5072405673563480377197265625" lon="127.0583718828856945037841796875">
        <ele>45.40000152587890625</ele>
        <time>2026-09-27T12:52:09.000Z</time>
        <extensions>
          <ns3:TrackPointExtension>
            <ns3:hr>137</ns3:hr>
            <ns3:cad>82</ns3:cad>
          </ns3:TrackPointExtension>
        </extensions>
      </trkpt>
      <trkpt lat="37.507250793278217315673828125" lon="127.05840381793677806854248046875">
        <ele>45.40000152587890625</ele>
        <time>2026-09-27T12:52:10.000Z</time>
        <extensions>
          <ns3:TrackPointExtension>
            <ns3:hr>137</ns3:hr>
            <ns3:cad>82</ns3:cad>
          </ns3:TrackPointExtension>
        </extensions>
      </trkpt>
      <trkpt lat="37.50726277939975261688232421875" lon="127.0584486611187458038330078125">
        <ele>45.40000152587890625</ele>
        <time>2026-09-27T12:52:11.000Z</time>
        <extensions>
          <ns3:TrackPointExtension>
            <ns3:hr>137</ns3:hr>
            <ns3:cad>82</ns3:cad>
          </ns3:TrackPointExtension>
        </extensions>
      </trkpt>
      <trkpt lat="37.5072640366852283477783203125" lon="127.05848109908401966094970703125">
        <ele>45.59999847412109375</ele>
        <time>2026-09-27T12:52:12.000Z</time>
        <extensions>
          <ns3:TrackPointExtension>
            <ns3:hr>137</ns3:hr>
            <ns3:cad>83</ns3:cad>
          </ns3:TrackPointExtension>
        </extensions>
      </trkpt>
      <trkpt lat="37.507274933159351348876953125" lon="127.05851814709603786468505859375">
        <ele>45.40000152587890625</ele>
        <time>2026-09-27T12:52:13.000Z</time>
        <extensions>
          <ns3:TrackPointExtension>
            <ns3:hr>138</ns3:hr>
            <ns3:cad>83</ns3:cad>
          </ns3:TrackPointExtension>
        </extensions>
      </trkpt>
      <trkpt lat="37.507278956472873687744140625" lon="127.058558128774166107177734375">
        <ele>45.40000152587890625</ele>
        <time>2026-09-27T12:52:14.000Z</time>
        <extensions>
          <ns3:TrackPointExtension>
            <ns3:hr>139</ns3:hr>
            <ns3:cad>82</ns3:cad>
          </ns3:TrackPointExtension>
        </extensions>
      </trkpt>
      <trkpt lat="37.5072880089282989501953125" lon="127.05858520232141017913818359375">
        <ele>45.40000152587890625</ele>
        <time>2026-09-27T12:52:15.000Z</time>
        <extensions>
          <ns3:TrackPointExtension>
            <ns3:hr>139</ns3:hr>
            <ns3:cad>82</ns3:cad>
          </ns3:TrackPointExtension>
        </extensions>
      </trkpt>
      <trkpt lat="37.50729597173631191253662109375" lon="127.0586189813911914825439453125">
        <ele>45.40000152587890625</ele>
        <time>2026-09-27T12:52:16.000Z</time>
        <extensions>
          <ns3:TrackPointExtension>
            <ns3:hr>140</ns3:hr>
            <ns3:cad>82</ns3:cad>
          </ns3:TrackPointExtension>
        </extensions>
      </trkpt>
      <trkpt lat="37.50730217434465885162353515625" lon="127.05865879543125629425048828125">
        <ele>45.40000152587890625</ele>
        <time>2026-09-27T12:52:17.000Z</time>
        <extensions>
          <ns3:TrackPointExtension>
            <ns3:hr>142</ns3:hr>
            <ns3:cad>82</ns3:cad>
          </ns3:TrackPointExtension>
        </extensions>
      </trkpt>
      <trkpt lat="37.5073094666004180908203125" lon="127.0586914010345935821533203125">
        <ele>45.40000152587890625</ele>
        <time>2026-09-27T12:52:18.000Z</time>
        <extensions>
          <ns3:TrackPointExtension>
            <ns3:hr>142</ns3:hr>
            <ns3:cad>82</ns3:cad>
          </ns3:TrackPointExtension>
        </extensions>
      </trkpt>
      <trkpt lat="37.50731424428522586822509765625" lon="127.0587346516549587249755859375">
        <ele>45.40000152587890625</ele>
        <time>2026-09-27T12:52:19.000Z</time>
        <extensions>
          <ns3:TrackPointExtension>
            <ns3:hr>143</ns3:hr>
            <ns3:cad>81</ns3:cad>
          </ns3:TrackPointExtension>
        </extensions>
      </trkpt>
      <trkpt lat="37.50731910578906536102294921875" lon="127.05876926891505718231201171875">
        <ele>45.40000152587890625</ele>
        <time>2026-09-27T12:52:20.000Z</time>
        <extensions>
          <ns3:TrackPointExtension>
            <ns3:hr>143</ns3:hr>
            <ns3:cad>81</ns3:cad>
          </ns3:TrackPointExtension>
        </extensions>
      </trkpt>
      <trkpt lat="37.50732614658772945404052734375" lon="127.05880723893642425537109375">
        <ele>45.40000152587890625</ele>
        <time>2026-09-27T12:52:21.000Z</time>
        <extensions>
          <ns3:TrackPointExtension>
            <ns3:hr>144</ns3:hr>
            <ns3:cad>81</ns3:cad>
          </ns3:TrackPointExtension>
        </extensions>
      </trkpt>
      <trkpt lat="37.5073341093957424163818359375" lon="127.05884688533842563629150390625">
        <ele>45.40000152587890625</ele>
        <time>2026-09-27T12:52:22.000Z</time>
        <extensions>
          <ns3:TrackPointExtension>
            <ns3:hr>144</ns3:hr>
            <ns3:cad>82</ns3:cad>
          </ns3:TrackPointExtension>
        </extensions>
      </trkpt>
      <trkpt lat="37.50733159482479095458984375" lon="127.058875299990177154541015625">
        <ele>45.200000762939453125</ele>
        <time>2026-09-27T12:52:23.000Z</time>
        <extensions>
          <ns3:TrackPointExtension>
            <ns3:hr>144</ns3:hr>
            <ns3:cad>82</ns3:cad>
          </ns3:TrackPointExtension>
        </extensions>
      </trkpt>
      <trkpt lat="37.507336623966693878173828125" lon="127.05891377292573451995849609375">
        <ele>45.200000762939453125</ele>
        <time>2026-09-27T12:52:24.000Z</time>
        <extensions>
          <ns3:TrackPointExtension>
            <ns3:hr>144</ns3:hr>
            <ns3:cad>82</ns3:cad>
          </ns3:TrackPointExtension>
        </extensions>
      </trkpt>
      <trkpt lat="37.50734408386051654815673828125" lon="127.058963142335414886474609375">
        <ele>45.200000762939453125</ele>
        <time>2026-09-27T12:52:25.000Z</time>
        <extensions>
          <ns3:TrackPointExtension>
            <ns3:hr>144</ns3:hr>
            <ns3:cad>82</ns3:cad>
          </ns3:TrackPointExtension>
        </extensions>
      </trkpt>
      <trkpt lat="37.50734961591660976409912109375" lon="127.0589918084442615509033203125">
        <ele>45.200000762939453125</ele>
        <time>2026-09-27T12:52:26.000Z</time>
        <extensions>
          <ns3:TrackPointExtension>
            <ns3:hr>144</ns3:hr>
            <ns3:cad>82</ns3:cad>
          </ns3:TrackPointExtension>
        </extensions>
      </trkpt>
      <trkpt lat="37.50735967420041561126708984375" lon="127.05901913344860076904296875">
        <ele>45.200000762939453125</ele>
        <time>2026-09-27T12:52:27.000Z</time>
        <extensions>
          <ns3:TrackPointExtension>
            <ns3:hr>145</ns3:hr>
            <ns3:cad>82</ns3:cad>
          </ns3:TrackPointExtension>
        </extensions>
      </trkpt>
      <trkpt lat="37.507366798818111419677734375" lon="127.0590528286993503570556640625">
        <ele>45.40000152587890625</ele>
        <time>2026-09-27T12:52:28.000Z</time>
        <extensions>
          <ns3:TrackPointExtension>
            <ns3:hr>145</ns3:hr>
            <ns3:cad>82</ns3:cad>
          </ns3:TrackPointExtension>
        </extensions>
      </trkpt>
      <trkpt lat="37.5073756836354732513427734375" lon="127.059083171188831329345703125">
        <ele>45.40000152587890625</ele>
        <time>2026-09-27T12:52:29.000Z</time>
        <extensions>
          <ns3:TrackPointExtension>
            <ns3:hr>145</ns3:hr>
            <ns3:cad>82</ns3:cad>
          </ns3:TrackPointExtension>
        </extensions>
      </trkpt>
      <trkpt lat="37.50738096423447132110595703125" lon="127.05912918783724308013916015625">
        <ele>45.40000152587890625</ele>
        <time>2026-09-27T12:52:30.000Z</time>
        <extensions>
          <ns3:TrackPointExtension>
            <ns3:hr>145</ns3:hr>
            <ns3:cad>82</ns3:cad>
          </ns3:TrackPointExtension>
        </extensions>
      </trkpt>
      <trkpt lat="37.5073894299566745758056640625" lon="127.05915114842355251312255859375">
        <ele>45.59999847412109375</ele>
        <time>2026-09-27T12:52:31.000Z</time>
        <extensions>
          <ns3:TrackPointExtension>
            <ns3:hr>145</ns3:hr>
            <ns3:cad>82</ns3:cad>
          </ns3:TrackPointExtension>
        </extensions>
      </trkpt>
      <trkpt lat="37.50739722512662410736083984375" lon="127.05919322557747364044189453125">
        <ele>45.59999847412109375</ele>
        <time>2026-09-27T12:52:32.000Z</time>
        <extensions>
          <ns3:TrackPointExtension>
            <ns3:hr>146</ns3:hr>
            <ns3:cad>82</ns3:cad>
          </ns3:TrackPointExtension>
        </extensions>
      </trkpt>
      <trkpt lat="37.5074051879346370697021484375" lon="127.05922608263790607452392578125">
        <ele>45.40000152587890625</ele>
        <time>2026-09-27T12:52:33.000Z</time>
        <extensions>
          <ns3:TrackPointExtension>
            <ns3:hr>145</ns3:hr>
            <ns3:cad>82</ns3:cad>
          </ns3:TrackPointExtension>
        </extensions>
      </trkpt>
      <trkpt lat="37.50741583295166492462158203125" lon="127.05925114452838897705078125">
        <ele>45.40000152587890625</ele>
        <time>2026-09-27T12:52:34.000Z</time>
        <extensions>
          <ns3:TrackPointExtension>
            <ns3:hr>146</ns3:hr>
            <ns3:cad>82</ns3:cad>
          </ns3:TrackPointExtension>
        </extensions>
      </trkpt>
      <trkpt lat="37.50742538832128047943115234375" lon="127.059289701282978057861328125">
        <ele>45.40000152587890625</ele>
        <time>2026-09-27T12:52:35.000Z</time>
        <extensions>
          <ns3:TrackPointExtension>
            <ns3:hr>146</ns3:hr>
            <ns3:cad>82</ns3:cad>
          </ns3:TrackPointExtension>
        </extensions>
      </trkpt>
      <trkpt lat="37.50743008218705654144287109375" lon="127.0593247376382350921630859375">
        <ele>45.40000152587890625</ele>
        <time>2026-09-27T12:52:36.000Z</time>
        <extensions>
          <ns3:TrackPointExtension>
            <ns3:hr>146</ns3:hr>
            <ns3:cad>82</ns3:cad>
          </ns3:TrackPointExtension>
        </extensions>
      </trkpt>
      <trkpt lat="37.50744760036468505859375" lon="127.05936522223055362701416015625">
        <ele>45.59999847412109375</ele>
        <time>2026-09-27T12:52:37.000Z</time>
        <extensions>
          <ns3:TrackPointExtension>
            <ns3:hr>145</ns3:hr>
            <ns3:cad>82</ns3:cad>
          </ns3:TrackPointExtension>
        </extensions>
      </trkpt>
      <trkpt lat="37.5074645318090915679931640625" lon="127.05940780229866504669189453125">
        <ele>45.59999847412109375</ele>
        <time>2026-09-27T12:52:38.000Z</time>
        <extensions>
          <ns3:TrackPointExtension>
            <ns3:hr>146</ns3:hr>
            <ns3:cad>82</ns3:cad>
          </ns3:TrackPointExtension>
        </extensions>
      </trkpt>
      <trkpt lat="37.50747852958738803863525390625" lon="127.05943085253238677978515625">
        <ele>45.59999847412109375</ele>
        <time>2026-09-27T12:52:39.000Z</time>
        <extensions>
          <ns3:TrackPointExtension>
            <ns3:hr>146</ns3:hr>
            <ns3:cad>82</ns3:cad>
          </ns3:TrackPointExtension>
        </extensions>
      </trkpt>
      <trkpt lat="37.50749520957469940185546875" lon="127.0594682358205318450927734375">
        <ele>45.59999847412109375</ele>
        <time>2026-09-27T12:52:40.000Z</time>
        <extensions>
          <ns3:TrackPointExtension>
            <ns3:hr>146</ns3:hr>
            <ns3:cad>82</ns3:cad>
          </ns3:TrackPointExtension>
        </extensions>
      </trkpt>
      <trkpt lat="37.5075128115713596343994140625" lon="127.05951190553605556488037109375">
        <ele>45.40000152587890625</ele>
        <time>2026-09-27T12:52:41.000Z</time>
        <extensions>
          <ns3:TrackPointExtension>
            <ns3:hr>146</ns3:hr>
            <ns3:cad>82</ns3:cad>
          </ns3:TrackPointExtension>
        </extensions>
      </trkpt>
      <trkpt lat="37.50752932392060756683349609375" lon="127.05954107455909252166748046875">
        <ele>45.40000152587890625</ele>
        <time>2026-09-27T12:52:42.000Z</time>
        <extensions>
          <ns3:TrackPointExtension>
            <ns3:hr>145</ns3:hr>
            <ns3:cad>83</ns3:cad>
          </ns3:TrackPointExtension>
        </extensions>
      </trkpt>
      <trkpt lat="37.50754357315599918365478515625" lon="127.05958130769431591033935546875">
        <ele>45.40000152587890625</ele>
        <time>2026-09-27T12:52:43.000Z</time>
        <extensions>
          <ns3:TrackPointExtension>
            <ns3:hr>146</ns3:hr>
            <ns3:cad>83</ns3:cad>
          </ns3:TrackPointExtension>
        </extensions>
      </trkpt>
      <trkpt lat="37.50756368972361087799072265625" lon="127.05961701460182666778564453125">
        <ele>45.40000152587890625</ele>
        <time>2026-09-27T12:52:44.000Z</time>
        <extensions>
          <ns3:TrackPointExtension>
            <ns3:hr>146</ns3:hr>
            <ns3:cad>82</ns3:cad>
          </ns3:TrackPointExtension>
        </extensions>
      </trkpt>
      <trkpt lat="37.50757911242544651031494140625" lon="127.05964350141584873199462890625">
        <ele>45.40000152587890625</ele>
        <time>2026-09-27T12:52:45.000Z</time>
        <extensions>
          <ns3:TrackPointExtension>
            <ns3:hr>146</ns3:hr>
            <ns3:cad>82</ns3:cad>
          </ns3:TrackPointExtension>
        </extensions>
      </trkpt>
      <trkpt lat="37.50759721733629703521728515625" lon="127.0596838183701038360595703125">
        <ele>45.40000152587890625</ele>
        <time>2026-09-27T12:52:46.000Z</time>
        <extensions>
          <ns3:TrackPointExtension>
            <ns3:hr>145</ns3:hr>
            <ns3:cad>82</ns3:cad>
          </ns3:TrackPointExtension>
        </extensions>
      </trkpt>
      <trkpt lat="37.50760677270591259002685546875" lon="127.059711478650569915771484375">
        <ele>45.59999847412109375</ele>
        <time>2026-09-27T12:52:47.000Z</time>
        <extensions>
          <ns3:TrackPointExtension>
            <ns3:hr>146</ns3:hr>
            <ns3:cad>83</ns3:cad>
          </ns3:TrackPointExtension>
        </extensions>
      </trkpt>
      <trkpt lat="37.50762353651225566864013671875" lon="127.059750370681285858154296875">
        <ele>45.59999847412109375</ele>
        <time>2026-09-27T12:52:48.000Z</time>
        <extensions>
          <ns3:TrackPointExtension>
            <ns3:hr>146</ns3:hr>
            <ns3:cad>83</ns3:cad>
          </ns3:TrackPointExtension>
        </extensions>
      </trkpt>
      <trkpt lat="37.50763736665248870849609375" lon="127.05978532321751117706298828125">
        <ele>45.59999847412109375</ele>
        <time>2026-09-27T12:52:49.000Z</time>
        <extensions>
          <ns3:TrackPointExtension>
            <ns3:hr>146</ns3:hr>
            <ns3:cad>83</ns3:cad>
          </ns3:TrackPointExtension>
        </extensions>
      </trkpt>
      <trkpt lat="37.50765119679272174835205078125" lon="127.05981910228729248046875">
        <ele>45.40000152587890625</ele>
        <time>2026-09-27T12:52:50.000Z</time>
        <extensions>
          <ns3:TrackPointExtension>
            <ns3:hr>146</ns3:hr>
            <ns3:cad>82</ns3:cad>
          </ns3:TrackPointExtension>
        </extensions>
      </trkpt>
      <trkpt lat="37.5076707266271114349365234375" lon="127.05986126326024532318115234375">
        <ele>45.40000152587890625</ele>
        <time>2026-09-27T12:52:51.000Z</time>
        <extensions>
          <ns3:TrackPointExtension>
            <ns3:hr>146</ns3:hr>
            <ns3:cad>82</ns3:cad>
          </ns3:TrackPointExtension>
        </extensions>
      </trkpt>
      <trkpt lat="37.50768405385315418243408203125" lon="127.059896551072597503662109375">
        <ele>45.40000152587890625</ele>
        <time>2026-09-27T12:52:52.000Z</time>
        <extensions>
          <ns3:TrackPointExtension>
            <ns3:hr>146</ns3:hr>
            <ns3:cad>81</ns3:cad>
          </ns3:TrackPointExtension>
        </extensions>
      </trkpt>
      <trkpt lat="37.5076941959559917449951171875" lon="127.05993519164621829986572265625">
        <ele>45.40000152587890625</ele>
        <time>2026-09-27T12:52:53.000Z</time>
        <extensions>
          <ns3:TrackPointExtension>
            <ns3:hr>147</ns3:hr>
            <ns3:cad>81</ns3:cad>
          </ns3:TrackPointExtension>
        </extensions>
      </trkpt>
      <trkpt lat="37.5077076070010662078857421875" lon="127.0599701441824436187744140625">
        <ele>45.40000152587890625</ele>
        <time>2026-09-27T12:52:54.000Z</time>
        <extensions>
          <ns3:TrackPointExtension>
            <ns3:hr>146</ns3:hr>
            <ns3:cad>82</ns3:cad>
          </ns3:TrackPointExtension>
        </extensions>
      </trkpt>
      <trkpt lat="37.5077149830758571624755859375" lon="127.05999788828194141387939453125">
        <ele>45.40000152587890625</ele>
        <time>2026-09-27T12:52:55.000Z</time>
        <extensions>
          <ns3:TrackPointExtension>
            <ns3:hr>146</ns3:hr>
            <ns3:cad>82</ns3:cad>
          </ns3:TrackPointExtension>
        </extensions>
      </trkpt>
      <trkpt lat="37.50772319734096527099609375" lon="127.0600382052361965179443359375">
        <ele>45.40000152587890625</ele>
        <time>2026-09-27T12:52:56.000Z</time>
        <extensions>
          <ns3:TrackPointExtension>
            <ns3:hr>146</ns3:hr>
            <ns3:cad>82</ns3:cad>
          </ns3:TrackPointExtension>
        </extensions>
      </trkpt>
      <trkpt lat="37.5077287293970584869384765625" lon="127.06007483415305614471435546875">
        <ele>45.40000152587890625</ele>
        <time>2026-09-27T12:52:57.000Z</time>
        <extensions>
          <ns3:TrackPointExtension>
            <ns3:hr>146</ns3:hr>
            <ns3:cad>82</ns3:cad>
          </ns3:TrackPointExtension>
        </extensions>
      </trkpt>
      <trkpt lat="37.50773769803345203399658203125" lon="127.0601019077003002166748046875">
        <ele>45.40000152587890625</ele>
        <time>2026-09-27T12:52:58.000Z</time>
        <extensions>
          <ns3:TrackPointExtension>
            <ns3:hr>145</ns3:hr>
            <ns3:cad>82</ns3:cad>
          </ns3:TrackPointExtension>
        </extensions>
      </trkpt>
      <trkpt lat="37.5077451579272747039794921875" lon="127.060139290988445281982421875">
        <ele>45.200000762939453125</ele>
        <time>2026-09-27T12:52:59.000Z</time>
        <extensions>
          <ns3:TrackPointExtension>
            <ns3:hr>144</ns3:hr>
            <ns3:cad>82</ns3:cad>
          </ns3:TrackPointExtension>
        </extensions>
      </trkpt>
      <trkpt lat="37.50774859450757503509521484375" lon="127.06018178723752498626708984375">
        <ele>45.40000152587890625</ele>
        <time>2026-09-27T12:53:00.000Z</time>
        <extensions>
          <ns3:TrackPointExtension>
            <ns3:hr>144</ns3:hr>
            <ns3:cad>82</ns3:cad>
          </ns3:TrackPointExtension>
        </extensions>
      </trkpt>
      <trkpt lat="37.5077575631439685821533203125" lon="127.06021816469728946685791015625">
        <ele>45.40000152587890625</ele>
        <time>2026-09-27T12:53:01.000Z</time>
        <extensions>
          <ns3:TrackPointExtension>
            <ns3:hr>144</ns3:hr>
            <ns3:cad>82</ns3:cad>
          </ns3:TrackPointExtension>
        </extensions>
      </trkpt>
      <trkpt lat="37.50776477158069610595703125" lon="127.0602601580321788787841796875">
        <ele>45.40000152587890625</ele>
        <time>2026-09-27T12:53:02.000Z</time>
        <extensions>
          <ns3:TrackPointExtension>
            <ns3:hr>143</ns3:hr>
            <ns3:cad>81</ns3:cad>
          </ns3:TrackPointExtension>
        </extensions>
      </trkpt>
      <trkpt lat="37.50776921398937702178955078125" lon="127.06028874032199382781982421875">
        <ele>45.40000152587890625</ele>
        <time>2026-09-27T12:53:03.000Z</time>
        <extensions>
          <ns3:TrackPointExtension>
            <ns3:hr>143</ns3:hr>
            <ns3:cad>81</ns3:cad>
          </ns3:TrackPointExtension>
        </extensions>
      </trkpt>
      <trkpt lat="37.50778178684413433074951171875" lon="127.0603369362652301788330078125">
        <ele>45.40000152587890625</ele>
        <time>2026-09-27T12:53:04.000Z</time>
        <extensions>
          <ns3:TrackPointExtension>
            <ns3:hr>142</ns3:hr>
            <ns3:cad>83</ns3:cad>
          </ns3:TrackPointExtension>
        </extensions>
      </trkpt>
      <trkpt lat="37.5077917613089084625244140625" lon="127.0603768341243267059326171875">
        <ele>45.40000152587890625</ele>
        <time>2026-09-27T12:53:05.000Z</time>
        <extensions>
          <ns3:TrackPointExtension>
            <ns3:hr>142</ns3:hr>
            <ns3:cad>83</ns3:cad>
          </ns3:TrackPointExtension>
        </extensions>
      </trkpt>
      <trkpt lat="37.5078014843165874481201171875" lon="127.0604086853563785552978515625">
        <ele>45.40000152587890625</ele>
        <time>2026-09-27T12:53:06.000Z</time>
        <extensions>
          <ns3:TrackPointExtension>
            <ns3:hr>142</ns3:hr>
            <ns3:cad>83</ns3:cad>
          </ns3:TrackPointExtension>
        </extensions>
      </trkpt>
      <trkpt lat="37.5078179128468036651611328125" lon="127.06045822240412235260009765625">
        <ele>45.40000152587890625</ele>
        <time>2026-09-27T12:53:07.000Z</time>
        <extensions>
          <ns3:TrackPointExtension>
            <ns3:hr>142</ns3:hr>
            <ns3:cad>83</ns3:cad>
          </ns3:TrackPointExtension>
        </extensions>
      </trkpt>
      <trkpt lat="37.50782872550189495086669921875" lon="127.06048487685620784759521484375">
        <ele>45.40000152587890625</ele>
        <time>2026-09-27T12:53:08.000Z</time>
        <extensions>
          <ns3:TrackPointExtension>
            <ns3:hr>142</ns3:hr>
            <ns3:cad>83</ns3:cad>
          </ns3:TrackPointExtension>
        </extensions>
      </trkpt>
      <trkpt lat="37.50783995725214481353759765625" lon="127.0605233497917652130126953125">
        <ele>45.40000152587890625</ele>
        <time>2026-09-27T12:53:09.000Z</time>
        <extensions>
          <ns3:TrackPointExtension>
            <ns3:hr>142</ns3:hr>
            <ns3:cad>83</ns3:cad>
          </ns3:TrackPointExtension>
        </extensions>
      </trkpt>
      <trkpt lat="37.50784414820373058319091796875" lon="127.060563750565052032470703125">
        <ele>45.40000152587890625</ele>
        <time>2026-09-27T12:53:10.000Z</time>
        <extensions>
          <ns3:TrackPointExtension>
            <ns3:hr>141</ns3:hr>
            <ns3:cad>83</ns3:cad>
          </ns3:TrackPointExtension>
        </extensions>
      </trkpt>
      <trkpt lat="37.50786242075264453887939453125" lon="127.06059015356004238128662109375">
        <ele>45.200000762939453125</ele>
        <time>2026-09-27T12:53:11.000Z</time>
        <extensions>
          <ns3:TrackPointExtension>
            <ns3:hr>141</ns3:hr>
            <ns3:cad>83</ns3:cad>
          </ns3:TrackPointExtension>
        </extensions>
      </trkpt>
      <trkpt lat="37.5078809447586536407470703125" lon="127.06062753684818744659423828125">
        <ele>45.40000152587890625</ele>
        <time>2026-09-27T12:53:12.000Z</time>
        <extensions>
          <ns3:TrackPointExtension>
            <ns3:hr>141</ns3:hr>
            <ns3:cad>83</ns3:cad>
          </ns3:TrackPointExtension>
        </extensions>
      </trkpt>
      <trkpt lat="37.50789628364145755767822265625" lon="127.0606567896902561187744140625">
        <ele>45.40000152587890625</ele>
        <time>2026-09-27T12:53:13.000Z</time>
        <extensions>
          <ns3:TrackPointExtension>
            <ns3:hr>141</ns3:hr>
            <ns3:cad>83</ns3:cad>
          </ns3:TrackPointExtension>
        </extensions>
      </trkpt>
      <trkpt lat="37.50790768302977085113525390625" lon="127.06068880856037139892578125">
        <ele>45.40000152587890625</ele>
        <time>2026-09-27T12:53:14.000Z</time>
        <extensions>
          <ns3:TrackPointExtension>
            <ns3:hr>141</ns3:hr>
            <ns3:cad>83</ns3:cad>
          </ns3:TrackPointExtension>
        </extensions>
      </trkpt>
      <trkpt lat="37.50791765749454498291015625" lon="127.06072158180177211761474609375">
        <ele>45.200000762939453125</ele>
        <time>2026-09-27T12:53:15.000Z</time>
        <extensions>
          <ns3:TrackPointExtension>
            <ns3:hr>141</ns3:hr>
            <ns3:cad>83</ns3:cad>
          </ns3:TrackPointExtension>
        </extensions>
      </trkpt>
      <trkpt lat="37.5079295597970485687255859375" lon="127.06075091846287250518798828125">
        <ele>45.200000762939453125</ele>
        <time>2026-09-27T12:53:16.000Z</time>
        <extensions>
          <ns3:TrackPointExtension>
            <ns3:hr>141</ns3:hr>
            <ns3:cad>83</ns3:cad>
          </ns3:TrackPointExtension>
        </extensions>
      </trkpt>
      <trkpt lat="37.50793852843344211578369140625" lon="127.06078310497105121612548828125">
        <ele>45</ele>
        <time>2026-09-27T12:53:17.000Z</time>
        <extensions>
          <ns3:TrackPointExtension>
            <ns3:hr>141</ns3:hr>
            <ns3:cad>83</ns3:cad>
          </ns3:TrackPointExtension>
        </extensions>
      </trkpt>
      <trkpt lat="37.50794758088886737823486328125" lon="127.06082669086754322052001953125">
        <ele>44.799999237060546875</ele>
        <time>2026-09-27T12:53:18.000Z</time>
        <extensions>
          <ns3:TrackPointExtension>
            <ns3:hr>140</ns3:hr>
            <ns3:cad>83</ns3:cad>
          </ns3:TrackPointExtension>
        </extensions>
      </trkpt>
      <trkpt lat="37.507956884801387786865234375" lon="127.06085669808089733123779296875">
        <ele>44.799999237060546875</ele>
        <time>2026-09-27T12:53:19.000Z</time>
        <extensions>
          <ns3:TrackPointExtension>
            <ns3:hr>140</ns3:hr>
            <ns3:cad>83</ns3:cad>
          </ns3:TrackPointExtension>
        </extensions>
      </trkpt>
      <trkpt lat="37.5079667754471302032470703125" lon="127.06090648658573627471923828125">
        <ele>44.799999237060546875</ele>
        <time>2026-09-27T12:53:20.000Z</time>
        <extensions>
          <ns3:TrackPointExtension>
            <ns3:hr>140</ns3:hr>
            <ns3:cad>83</ns3:cad>
          </ns3:TrackPointExtension>
        </extensions>
      </trkpt>
      <trkpt lat="37.50797658227384090423583984375" lon="127.060935907065868377685546875">
        <ele>44.799999237060546875</ele>
        <time>2026-09-27T12:53:21.000Z</time>
        <extensions>
          <ns3:TrackPointExtension>
            <ns3:hr>140</ns3:hr>
            <ns3:cad>83</ns3:cad>
          </ns3:TrackPointExtension>
        </extensions>
      </trkpt>
      <trkpt lat="37.507987059652805328369140625" lon="127.0609766431152820587158203125">
        <ele>45</ele>
        <time>2026-09-27T12:53:22.000Z</time>
        <extensions>
          <ns3:TrackPointExtension>
            <ns3:hr>139</ns3:hr>
            <ns3:cad>83</ns3:cad>
          </ns3:TrackPointExtension>
        </extensions>
      </trkpt>
      <trkpt lat="37.5079969502985477447509765625" lon="127.06102115102112293243408203125">
        <ele>45</ele>
        <time>2026-09-27T12:53:23.000Z</time>
        <extensions>
          <ns3:TrackPointExtension>
            <ns3:hr>139</ns3:hr>
            <ns3:cad>83</ns3:cad>
          </ns3:TrackPointExtension>
        </extensions>
      </trkpt>
      <trkpt lat="37.50800751149654388427734375" lon="127.06104663200676441192626953125">
        <ele>45</ele>
        <time>2026-09-27T12:53:24.000Z</time>
        <extensions>
          <ns3:TrackPointExtension>
            <ns3:hr>138</ns3:hr>
            <ns3:cad>83</ns3:cad>
          </ns3:TrackPointExtension>
        </extensions>
      </trkpt>
      <trkpt lat="37.508017234504222869873046875" lon="127.06108703278005123138427734375">
        <ele>45</ele>
        <time>2026-09-27T12:53:25.000Z</time>
        <extensions>
          <ns3:TrackPointExtension>
            <ns3:hr>138</ns3:hr>
            <ns3:cad>83</ns3:cad>
          </ns3:TrackPointExtension>
        </extensions>
      </trkpt>
      <trkpt lat="37.50802402384579181671142578125" lon="127.06112441606819629669189453125">
        <ele>45</ele>
        <time>2026-09-27T12:53:26.000Z</time>
        <extensions>
          <ns3:TrackPointExtension>
            <ns3:hr>138</ns3:hr>
            <ns3:cad>83</ns3:cad>
          </ns3:TrackPointExtension>
        </extensions>
      </trkpt>
      <trkpt lat="37.50803391449153423309326171875" lon="127.06116381101310253143310546875">
        <ele>45.200000762939453125</ele>
        <time>2026-09-27T12:53:27.000Z</time>
        <extensions>
          <ns3:TrackPointExtension>
            <ns3:hr>139</ns3:hr>
            <ns3:cad>83</ns3:cad>
          </ns3:TrackPointExtension>
        </extensions>
      </trkpt>
      <trkpt lat="37.50804229639470577239990234375" lon="127.06121359951794147491455078125">
        <ele>45.200000762939453125</ele>
        <time>2026-09-27T12:53:28.000Z</time>
        <extensions>
          <ns3:TrackPointExtension>
            <ns3:hr>139</ns3:hr>
            <ns3:cad>83</ns3:cad>
          </ns3:TrackPointExtension>
        </extensions>
      </trkpt>
      <trkpt lat="37.50805403105914592742919921875" lon="127.0612482167780399322509765625">
        <ele>45.200000762939453125</ele>
        <time>2026-09-27T12:53:29.000Z</time>
        <extensions>
          <ns3:TrackPointExtension>
            <ns3:hr>139</ns3:hr>
            <ns3:cad>83</ns3:cad>
          </ns3:TrackPointExtension>
        </extensions>
      </trkpt>
      <trkpt lat="37.50805939547717571258544921875" lon="127.06129641272127628326416015625">
        <ele>45.200000762939453125</ele>
        <time>2026-09-27T12:53:30.000Z</time>
        <extensions>
          <ns3:TrackPointExtension>
            <ns3:hr>140</ns3:hr>
            <ns3:cad>83</ns3:cad>
          </ns3:TrackPointExtension>
        </extensions>
      </trkpt>
      <trkpt lat="37.50806760974228382110595703125" lon="127.0613377355039119720458984375">
        <ele>45</ele>
        <time>2026-09-27T12:53:31.000Z</time>
        <extensions>
          <ns3:TrackPointExtension>
            <ns3:hr>140</ns3:hr>
            <ns3:cad>83</ns3:cad>
          </ns3:TrackPointExtension>
        </extensions>
      </trkpt>
      <trkpt lat="37.5080743990838527679443359375" lon="127.06136732362210750579833984375">
        <ele>45</ele>
        <time>2026-09-27T12:53:32.000Z</time>
        <extensions>
          <ns3:TrackPointExtension>
            <ns3:hr>140</ns3:hr>
            <ns3:cad>83</ns3:cad>
          </ns3:TrackPointExtension>
        </extensions>
      </trkpt>
      <trkpt lat="37.508080266416072845458984375" lon="127.06141208298504352569580078125">
        <ele>45</ele>
        <time>2026-09-27T12:53:33.000Z</time>
        <extensions>
          <ns3:TrackPointExtension>
            <ns3:hr>140</ns3:hr>
            <ns3:cad>83</ns3:cad>
          </ns3:TrackPointExtension>
        </extensions>
      </trkpt>
      <trkpt lat="37.508085630834102630615234375" lon="127.06143982708454132080078125">
        <ele>45</ele>
        <time>2026-09-27T12:53:34.000Z</time>
        <extensions>
          <ns3:TrackPointExtension>
            <ns3:hr>139</ns3:hr>
            <ns3:cad>83</ns3:cad>
          </ns3:TrackPointExtension>
        </extensions>
      </trkpt>
      <trkpt lat="37.508094348013401031494140625" lon="127.0614698342978954315185546875">
        <ele>45</ele>
        <time>2026-09-27T12:53:35.000Z</time>
        <extensions>
          <ns3:TrackPointExtension>
            <ns3:hr>140</ns3:hr>
            <ns3:cad>83</ns3:cad>
          </ns3:TrackPointExtension>
        </extensions>
      </trkpt>
      <trkpt lat="37.50810331664979457855224609375" lon="127.06150822341442108154296875">
        <ele>45</ele>
        <time>2026-09-27T12:53:36.000Z</time>
        <extensions>
          <ns3:TrackPointExtension>
            <ns3:hr>140</ns3:hr>
            <ns3:cad>83</ns3:cad>
          </ns3:TrackPointExtension>
        </extensions>
      </trkpt>
      <trkpt lat="37.508115135133266448974609375" lon="127.061538398265838623046875">
        <ele>44.799999237060546875</ele>
        <time>2026-09-27T12:53:37.000Z</time>
        <extensions>
          <ns3:TrackPointExtension>
            <ns3:hr>140</ns3:hr>
            <ns3:cad>83</ns3:cad>
          </ns3:TrackPointExtension>
        </extensions>
      </trkpt>
      <trkpt lat="37.5081377662718296051025390625" lon="127.06158190034329891204833984375">
        <ele>44.799999237060546875</ele>
        <time>2026-09-27T12:53:38.000Z</time>
        <extensions>
          <ns3:TrackPointExtension>
            <ns3:hr>140</ns3:hr>
            <ns3:cad>83</ns3:cad>
          </ns3:TrackPointExtension>
        </extensions>
      </trkpt>
      <trkpt lat="37.50815276987850666046142578125" lon="127.061611153185367584228515625">
        <ele>44.799999237060546875</ele>
        <time>2026-09-27T12:53:39.000Z</time>
        <extensions>
          <ns3:TrackPointExtension>
            <ns3:hr>141</ns3:hr>
            <ns3:cad>83</ns3:cad>
          </ns3:TrackPointExtension>
        </extensions>
      </trkpt>
      <trkpt lat="37.5081659294664859771728515625" lon="127.0616388134658336639404296875">
        <ele>45</ele>
        <time>2026-09-27T12:53:40.000Z</time>
        <extensions>
          <ns3:TrackPointExtension>
            <ns3:hr>141</ns3:hr>
            <ns3:cad>83</ns3:cad>
          </ns3:TrackPointExtension>
        </extensions>
      </trkpt>
      <trkpt lat="37.50817925669252872467041015625" lon="127.061674185097217559814453125">
        <ele>45.200000762939453125</ele>
        <time>2026-09-27T12:53:41.000Z</time>
        <extensions>
          <ns3:TrackPointExtension>
            <ns3:hr>142</ns3:hr>
            <ns3:cad>83</ns3:cad>
          </ns3:TrackPointExtension>
        </extensions>
      </trkpt>
      <trkpt lat="37.5081867165863513946533203125" lon="127.06169354729354381561279296875">
        <ele>45.200000762939453125</ele>
        <time>2026-09-27T12:53:42.000Z</time>
        <extensions>
          <ns3:TrackPointExtension>
            <ns3:hr>142</ns3:hr>
            <ns3:cad>82</ns3:cad>
          </ns3:TrackPointExtension>
        </extensions>
      </trkpt>
      <trkpt lat="37.50819853506982326507568359375" lon="127.06172548234462738037109375">
        <ele>45.200000762939453125</ele>
        <time>2026-09-27T12:53:43.000Z</time>
        <extensions>
          <ns3:TrackPointExtension>
            <ns3:hr>143</ns3:hr>
            <ns3:cad>82</ns3:cad>
          </ns3:TrackPointExtension>
        </extensions>
      </trkpt>
      <trkpt lat="37.5082214176654815673828125" lon="127.06176160834729671478271484375">
        <ele>45</ele>
        <time>2026-09-27T12:53:44.000Z</time>
        <extensions>
          <ns3:TrackPointExtension>
            <ns3:hr>144</ns3:hr>
            <ns3:cad>83</ns3:cad>
          </ns3:TrackPointExtension>
        </extensions>
      </trkpt>
      <trkpt lat="37.5082319788634777069091796875" lon="127.06178759224712848663330078125">
        <ele>45</ele>
        <time>2026-09-27T12:53:45.000Z</time>
        <extensions>
          <ns3:TrackPointExtension>
            <ns3:hr>144</ns3:hr>
            <ns3:cad>83</ns3:cad>
          </ns3:TrackPointExtension>
        </extensions>
      </trkpt>
      <trkpt lat="37.50825159251689910888671875" lon="127.0618307590484619140625">
        <ele>45</ele>
        <time>2026-09-27T12:53:46.000Z</time>
        <extensions>
          <ns3:TrackPointExtension>
            <ns3:hr>144</ns3:hr>
            <ns3:cad>83</ns3:cad>
          </ns3:TrackPointExtension>
        </extensions>
      </trkpt>
      <trkpt lat="37.50826424919068813323974609375" lon="127.06187141127884387969970703125">
        <ele>45</ele>
        <time>2026-09-27T12:53:47.000Z</time>
        <extensions>
          <ns3:TrackPointExtension>
            <ns3:hr>143</ns3:hr>
            <ns3:cad>82</ns3:cad>
          </ns3:TrackPointExtension>
        </extensions>
      </trkpt>
      <trkpt lat="37.50827682204544544219970703125" lon="127.06191248260438442230224609375">
        <ele>45</ele>
        <time>2026-09-27T12:53:48.000Z</time>
        <extensions>
          <ns3:TrackPointExtension>
            <ns3:hr>143</ns3:hr>
            <ns3:cad>82</ns3:cad>
          </ns3:TrackPointExtension>
        </extensions>
      </trkpt>
      <trkpt lat="37.50828118063509464263916015625" lon="127.06196528859436511993408203125">
        <ele>45.200000762939453125</ele>
        <time>2026-09-27T12:53:49.000Z</time>
        <extensions>
          <ns3:TrackPointExtension>
            <ns3:hr>143</ns3:hr>
            <ns3:cad>82</ns3:cad>
          </ns3:TrackPointExtension>
        </extensions>
      </trkpt>
      <trkpt lat="37.50828453339636325836181640625" lon="127.06200309097766876220703125">
        <ele>45</ele>
        <time>2026-09-27T12:53:50.000Z</time>
        <extensions>
          <ns3:TrackPointExtension>
            <ns3:hr>143</ns3:hr>
            <ns3:cad>82</ns3:cad>
          </ns3:TrackPointExtension>
        </extensions>
      </trkpt>
      <trkpt lat="37.50829459168016910552978515625" lon="127.06204810179769992828369140625">
        <ele>45</ele>
        <time>2026-09-27T12:53:51.000Z</time>
        <extensions>
          <ns3:TrackPointExtension>
            <ns3:hr>144</ns3:hr>
            <ns3:cad>82</ns3:cad>
          </ns3:TrackPointExtension>
        </extensions>
      </trkpt>
      <trkpt lat="37.50830129720270633697509765625" lon="127.0620850659906864166259765625">
        <ele>44.799999237060546875</ele>
        <time>2026-09-27T12:53:52.000Z</time>
        <extensions>
          <ns3:TrackPointExtension>
            <ns3:hr>143</ns3:hr>
            <ns3:cad>82</ns3:cad>
          </ns3:TrackPointExtension>
        </extensions>
      </trkpt>
      <trkpt lat="37.508307583630084991455078125" lon="127.06211037933826446533203125">
        <ele>44.799999237060546875</ele>
        <time>2026-09-27T12:53:53.000Z</time>
        <extensions>
          <ns3:TrackPointExtension>
            <ns3:hr>143</ns3:hr>
            <ns3:cad>82</ns3:cad>
          </ns3:TrackPointExtension>
        </extensions>
      </trkpt>
      <trkpt lat="37.50831889919936656951904296875" lon="127.06215656362473964691162109375">
        <ele>44.799999237060546875</ele>
        <time>2026-09-27T12:53:54.000Z</time>
        <extensions>
          <ns3:TrackPointExtension>
            <ns3:hr>144</ns3:hr>
            <ns3:cad>82</ns3:cad>
          </ns3:TrackPointExtension>
        </extensions>
      </trkpt>
      <trkpt lat="37.50832803547382354736328125" lon="127.062187492847442626953125">
        <ele>44.799999237060546875</ele>
        <time>2026-09-27T12:53:55.000Z</time>
        <extensions>
          <ns3:TrackPointExtension>
            <ns3:hr>143</ns3:hr>
            <ns3:cad>82</ns3:cad>
          </ns3:TrackPointExtension>
        </extensions>
      </trkpt>
      <trkpt lat="37.50834035687148571014404296875" lon="127.0622175000607967376708984375">
        <ele>44.799999237060546875</ele>
        <time>2026-09-27T12:53:56.000Z</time>
        <extensions>
          <ns3:TrackPointExtension>
            <ns3:hr>143</ns3:hr>
            <ns3:cad>82</ns3:cad>
          </ns3:TrackPointExtension>
        </extensions>
      </trkpt>
      <trkpt lat="37.508351504802703857421875" lon="127.062253542244434356689453125">
        <ele>45</ele>
        <time>2026-09-27T12:53:57.000Z</time>
        <extensions>
          <ns3:TrackPointExtension>
            <ns3:hr>143</ns3:hr>
            <ns3:cad>82</ns3:cad>
          </ns3:TrackPointExtension>
        </extensions>
      </trkpt>
      <trkpt lat="37.5083563663065433502197265625" lon="127.06227860413491725921630859375">
        <ele>45</ele>
        <time>2026-09-27T12:53:58.000Z</time>
        <extensions>
          <ns3:TrackPointExtension>
            <ns3:hr>144</ns3:hr>
            <ns3:cad>82</ns3:cad>
          </ns3:TrackPointExtension>
        </extensions>
      </trkpt>
      <trkpt lat="37.50836818479001522064208984375" lon="127.0623247884213924407958984375">
        <ele>45</ele>
        <time>2026-09-27T12:53:59.000Z</time>
        <extensions>
          <ns3:TrackPointExtension>
            <ns3:hr>144</ns3:hr>
            <ns3:cad>82</ns3:cad>
          </ns3:TrackPointExtension>
        </extensions>
      </trkpt>
      <trkpt lat="37.50837631523609161376953125" lon="127.06236309371888637542724609375">
        <ele>45</ele>
        <time>2026-09-27T12:54:00.000Z</time>
        <extensions>
          <ns3:TrackPointExtension>
            <ns3:hr>144</ns3:hr>
            <ns3:cad>82</ns3:cad>
          </ns3:TrackPointExtension>
        </extensions>
      </trkpt>
      <trkpt lat="37.50837807543575763702392578125" lon="127.06239779479801654815673828125">
        <ele>45</ele>
        <time>2026-09-27T12:54:01.000Z</time>
        <extensions>
          <ns3:TrackPointExtension>
            <ns3:hr>144</ns3:hr>
            <ns3:cad>82</ns3:cad>
          </ns3:TrackPointExtension>
        </extensions>
      </trkpt>
      <trkpt lat="37.508375644683837890625" lon="127.062440626323223114013671875">
        <ele>45</ele>
        <time>2026-09-27T12:54:02.000Z</time>
        <extensions>
          <ns3:TrackPointExtension>
            <ns3:hr>144</ns3:hr>
            <ns3:cad>82</ns3:cad>
          </ns3:TrackPointExtension>
        </extensions>
      </trkpt>
      <trkpt lat="37.5083689391613006591796875" lon="127.0624753274023532867431640625">
        <ele>45</ele>
        <time>2026-09-27T12:54:03.000Z</time>
        <extensions>
          <ns3:TrackPointExtension>
            <ns3:hr>144</ns3:hr>
            <ns3:cad>82</ns3:cad>
          </ns3:TrackPointExtension>
        </extensions>
      </trkpt>
      <trkpt lat="37.5083597190678119659423828125" lon="127.062515057623386383056640625">
        <ele>45.200000762939453125</ele>
        <time>2026-09-27T12:54:04.000Z</time>
        <extensions>
          <ns3:TrackPointExtension>
            <ns3:hr>143</ns3:hr>
            <ns3:cad>82</ns3:cad>
          </ns3:TrackPointExtension>
        </extensions>
      </trkpt>
      <trkpt lat="37.5083456374704837799072265625" lon="127.06254464574158191680908203125">
        <ele>45.200000762939453125</ele>
        <time>2026-09-27T12:54:05.000Z</time>
        <extensions>
          <ns3:TrackPointExtension>
            <ns3:hr>143</ns3:hr>
            <ns3:cad>82</ns3:cad>
          </ns3:TrackPointExtension>
        </extensions>
      </trkpt>
      <trkpt lat="37.5083339028060436248779296875" lon="127.06257230602204799652099609375">
        <ele>45.200000762939453125</ele>
        <time>2026-09-27T12:54:06.000Z</time>
        <extensions>
          <ns3:TrackPointExtension>
            <ns3:hr>143</ns3:hr>
            <ns3:cad>83</ns3:cad>
          </ns3:TrackPointExtension>
        </extensions>
      </trkpt>
      <trkpt lat="37.50831940211355686187744140625" lon="127.0626215077936649322509765625">
        <ele>45.200000762939453125</ele>
        <time>2026-09-27T12:54:07.000Z</time>
        <extensions>
          <ns3:TrackPointExtension>
            <ns3:hr>143</ns3:hr>
            <ns3:cad>83</ns3:cad>
          </ns3:TrackPointExtension>
        </extensions>
      </trkpt>
      <trkpt lat="37.50830926001071929931640625" lon="127.062653191387653350830078125">
        <ele>45.40000152587890625</ele>
        <time>2026-09-27T12:54:08.000Z</time>
        <extensions>
          <ns3:TrackPointExtension>
            <ns3:hr>144</ns3:hr>
            <ns3:cad>83</ns3:cad>
          </ns3:TrackPointExtension>
        </extensions>
      </trkpt>
      <trkpt lat="37.508298195898532867431640625" lon="127.0626818574965000152587890625">
        <ele>45.40000152587890625</ele>
        <time>2026-09-27T12:54:09.000Z</time>
        <extensions>
          <ns3:TrackPointExtension>
            <ns3:hr>144</ns3:hr>
            <ns3:cad>83</ns3:cad>
          </ns3:TrackPointExtension>
        </extensions>
      </trkpt>
      <trkpt lat="37.50827615149319171905517578125" lon="127.06272116862237453460693359375">
        <ele>45.59999847412109375</ele>
        <time>2026-09-27T12:54:10.000Z</time>
        <extensions>
          <ns3:TrackPointExtension>
            <ns3:hr>144</ns3:hr>
            <ns3:cad>83</ns3:cad>
          </ns3:TrackPointExtension>
        </extensions>
      </trkpt>
      <trkpt lat="37.50827229581773281097412109375" lon="127.06275410950183868408203125">
        <ele>45.799999237060546875</ele>
        <time>2026-09-27T12:54:11.000Z</time>
        <extensions>
          <ns3:TrackPointExtension>
            <ns3:hr>143</ns3:hr>
            <ns3:cad>83</ns3:cad>
          </ns3:TrackPointExtension>
        </extensions>
      </trkpt>
      <trkpt lat="37.50826156698167324066162109375" lon="127.06277959048748016357421875">
        <ele>46</ele>
        <time>2026-09-27T12:54:12.000Z</time>
        <extensions>
          <ns3:TrackPointExtension>
            <ns3:hr>143</ns3:hr>
            <ns3:cad>83</ns3:cad>
          </ns3:TrackPointExtension>
        </extensions>
      </trkpt>
      <trkpt lat="37.50824647955596446990966796875" lon="127.06280984915792942047119140625">
        <ele>46.200000762939453125</ele>
        <time>2026-09-27T12:54:13.000Z</time>
        <extensions>
          <ns3:TrackPointExtension>
            <ns3:hr>143</ns3:hr>
            <ns3:cad>82</ns3:cad>
          </ns3:TrackPointExtension>
        </extensions>
      </trkpt>
      <trkpt lat="37.50824111513793468475341796875" lon="127.06283323466777801513671875">
        <ele>46.40000152587890625</ele>
        <time>2026-09-27T12:54:14.000Z</time>
        <extensions>
          <ns3:TrackPointExtension>
            <ns3:hr>143</ns3:hr>
            <ns3:cad>82</ns3:cad>
          </ns3:TrackPointExtension>
        </extensions>
      </trkpt>
      <trkpt lat="37.5082214176654815673828125" lon="127.062879838049411773681640625">
        <ele>46.40000152587890625</ele>
        <time>2026-09-27T12:54:15.000Z</time>
        <extensions>
          <ns3:TrackPointExtension>
            <ns3:hr>143</ns3:hr>
            <ns3:cad>82</ns3:cad>
          </ns3:TrackPointExtension>
        </extensions>
      </trkpt>
      <trkpt lat="37.508213706314563751220703125" lon="127.06291101872920989990234375">
        <ele>46.40000152587890625</ele>
        <time>2026-09-27T12:54:16.000Z</time>
        <extensions>
          <ns3:TrackPointExtension>
            <ns3:hr>143</ns3:hr>
            <ns3:cad>82</ns3:cad>
          </ns3:TrackPointExtension>
        </extensions>
      </trkpt>
      <trkpt lat="37.5082011334598064422607421875" lon="127.06294613890349864959716796875">
        <ele>46.40000152587890625</ele>
        <time>2026-09-27T12:54:17.000Z</time>
        <extensions>
          <ns3:TrackPointExtension>
            <ns3:hr>143</ns3:hr>
            <ns3:cad>82</ns3:cad>
          </ns3:TrackPointExtension>
        </extensions>
      </trkpt>
      <trkpt lat="37.5081843696534633636474609375" lon="127.062985785305500030517578125">
        <ele>46.59999847412109375</ele>
        <time>2026-09-27T12:54:18.000Z</time>
        <extensions>
          <ns3:TrackPointExtension>
            <ns3:hr>144</ns3:hr>
            <ns3:cad>82</ns3:cad>
          </ns3:TrackPointExtension>
        </extensions>
      </trkpt>
      <trkpt lat="37.50817925669252872467041015625" lon="127.0630131103098392486572265625">
        <ele>46.799999237060546875</ele>
        <time>2026-09-27T12:54:19.000Z</time>
        <extensions>
          <ns3:TrackPointExtension>
            <ns3:hr>144</ns3:hr>
            <ns3:cad>82</ns3:cad>
          </ns3:TrackPointExtension>
        </extensions>
      </trkpt>
      <trkpt lat="37.50816299580037593841552734375" lon="127.0630553551018238067626953125">
        <ele>46.799999237060546875</ele>
        <time>2026-09-27T12:54:20.000Z</time>
        <extensions>
          <ns3:TrackPointExtension>
            <ns3:hr>144</ns3:hr>
            <ns3:cad>82</ns3:cad>
          </ns3:TrackPointExtension>
        </extensions>
      </trkpt>
      <trkpt lat="37.5081454776227474212646484375" lon="127.0630805008113384246826171875">
        <ele>47</ele>
        <time>2026-09-27T12:54:21.000Z</time>
        <extensions>
          <ns3:TrackPointExtension>
            <ns3:hr>144</ns3:hr>
            <ns3:cad>82</ns3:cad>
          </ns3:TrackPointExtension>
        </extensions>
      </trkpt>
      <trkpt lat="37.5081344135105609893798828125" lon="127.06310539506375789642333984375">
        <ele>47</ele>
        <time>2026-09-27T12:54:22.000Z</time>
        <extensions>
          <ns3:TrackPointExtension>
            <ns3:hr>144</ns3:hr>
            <ns3:cad>84</ns3:cad>
          </ns3:TrackPointExtension>
        </extensions>
      </trkpt>
      <trkpt lat="37.508115470409393310546875" lon="127.06314277835190296173095703125">
        <ele>47.200000762939453125</ele>
        <time>2026-09-27T12:54:23.000Z</time>
        <extensions>
          <ns3:TrackPointExtension>
            <ns3:hr>144</ns3:hr>
            <ns3:cad>84</ns3:cad>
          </ns3:TrackPointExtension>
        </extensions>
      </trkpt>
      <trkpt lat="37.50810180790722370147705078125" lon="127.0631656609475612640380859375">
        <ele>47.40000152587890625</ele>
        <time>2026-09-27T12:54:24.000Z</time>
        <extensions>
          <ns3:TrackPointExtension>
            <ns3:hr>144</ns3:hr>
            <ns3:cad>84</ns3:cad>
          </ns3:TrackPointExtension>
        </extensions>
      </trkpt>
      <trkpt lat="37.5080800987780094146728515625" lon="127.0631839334964752197265625">
        <ele>47.40000152587890625</ele>
        <time>2026-09-27T12:54:25.000Z</time>
        <extensions>
          <ns3:TrackPointExtension>
            <ns3:hr>144</ns3:hr>
            <ns3:cad>84</ns3:cad>
          </ns3:TrackPointExtension>
        </extensions>
      </trkpt>
      <trkpt lat="37.5080522708594799041748046875" lon="127.0631919801235198974609375">
        <ele>47.59999847412109375</ele>
        <time>2026-09-27T12:54:26.000Z</time>
        <extensions>
          <ns3:TrackPointExtension>
            <ns3:hr>144</ns3:hr>
            <ns3:cad>83</ns3:cad>
          </ns3:TrackPointExtension>
        </extensions>
      </trkpt>
      <trkpt lat="37.50803701579570770263671875" lon="127.06320363096892833709716796875">
        <ele>47.799999237060546875</ele>
        <time>2026-09-27T12:54:27.000Z</time>
        <extensions>
          <ns3:TrackPointExtension>
            <ns3:hr>145</ns3:hr>
            <ns3:cad>83</ns3:cad>
          </ns3:TrackPointExtension>
        </extensions>
      </trkpt>
      <trkpt lat="37.50800742767751216888427734375" lon="127.06322207115590572357177734375">
        <ele>47.799999237060546875</ele>
        <time>2026-09-27T12:54:28.000Z</time>
        <extensions>
          <ns3:TrackPointExtension>
            <ns3:hr>145</ns3:hr>
            <ns3:cad>82</ns3:cad>
          </ns3:TrackPointExtension>
        </extensions>
      </trkpt>
      <trkpt lat="37.5079781748354434967041015625" lon="127.06322508864104747772216796875">
        <ele>48</ele>
        <time>2026-09-27T12:54:29.000Z</time>
        <extensions>
          <ns3:TrackPointExtension>
            <ns3:hr>145</ns3:hr>
            <ns3:cad>82</ns3:cad>
          </ns3:TrackPointExtension>
        </extensions>
      </trkpt>
      <trkpt lat="37.50795981846749782562255859375" lon="127.06323833204805850982666015625">
        <ele>48</ele>
        <time>2026-09-27T12:54:30.000Z</time>
        <extensions>
          <ns3:TrackPointExtension>
            <ns3:hr>146</ns3:hr>
            <ns3:cad>82</ns3:cad>
          </ns3:TrackPointExtension>
        </extensions>
      </trkpt>
      <trkpt lat="37.5079272128641605377197265625" lon="127.06325828097760677337646484375">
        <ele>48.200000762939453125</ele>
        <time>2026-09-27T12:54:31.000Z</time>
        <extensions>
          <ns3:TrackPointExtension>
            <ns3:hr>146</ns3:hr>
            <ns3:cad>82</ns3:cad>
          </ns3:TrackPointExtension>
        </extensions>
      </trkpt>
      <trkpt lat="37.507905922830104827880859375" lon="127.0632699318230152130126953125">
        <ele>48.40000152587890625</ele>
        <time>2026-09-27T12:54:32.000Z</time>
        <extensions>
          <ns3:TrackPointExtension>
            <ns3:hr>146</ns3:hr>
            <ns3:cad>82</ns3:cad>
          </ns3:TrackPointExtension>
        </extensions>
      </trkpt>
      <trkpt lat="37.507883124053478240966796875" lon="127.063282169401645660400390625">
        <ele>48.59999847412109375</ele>
        <time>2026-09-27T12:54:33.000Z</time>
        <extensions>
          <ns3:TrackPointExtension>
            <ns3:hr>147</ns3:hr>
            <ns3:cad>82</ns3:cad>
          </ns3:TrackPointExtension>
        </extensions>
      </trkpt>
      <trkpt lat="37.5078494288027286529541015625" lon="127.06329524517059326171875">
        <ele>48.799999237060546875</ele>
        <time>2026-09-27T12:54:34.000Z</time>
        <extensions>
          <ns3:TrackPointExtension>
            <ns3:hr>147</ns3:hr>
            <ns3:cad>82</ns3:cad>
          </ns3:TrackPointExtension>
        </extensions>
      </trkpt>
      <trkpt lat="37.5078299827873706817626953125" lon="127.0633115060627460479736328125">
        <ele>49</ele>
        <time>2026-09-27T12:54:35.000Z</time>
        <extensions>
          <ns3:TrackPointExtension>
            <ns3:hr>147</ns3:hr>
            <ns3:cad>82</ns3:cad>
          </ns3:TrackPointExtension>
        </extensions>
      </trkpt>
      <trkpt lat="37.507808692753314971923828125" lon="127.06332785077393054962158203125">
        <ele>49.40000152587890625</ele>
        <time>2026-09-27T12:54:36.000Z</time>
        <extensions>
          <ns3:TrackPointExtension>
            <ns3:hr>148</ns3:hr>
            <ns3:cad>82</ns3:cad>
          </ns3:TrackPointExtension>
        </extensions>
      </trkpt>
      <trkpt lat="37.507782541215419769287109375" lon="127.06333271227777004241943359375">
        <ele>49.40000152587890625</ele>
        <time>2026-09-27T12:54:37.000Z</time>
        <extensions>
          <ns3:TrackPointExtension>
            <ns3:hr>148</ns3:hr>
            <ns3:cad>82</ns3:cad>
          </ns3:TrackPointExtension>
        </extensions>
      </trkpt>
      <trkpt lat="37.50776586122810840606689453125" lon="127.06334662623703479766845703125">
        <ele>49.40000152587890625</ele>
        <time>2026-09-27T12:54:38.000Z</time>
        <extensions>
          <ns3:TrackPointExtension>
            <ns3:hr>149</ns3:hr>
            <ns3:cad>82</ns3:cad>
          </ns3:TrackPointExtension>
        </extensions>
      </trkpt>
      <trkpt lat="37.5077391229569911956787109375" lon="127.06336908973753452301025390625">
        <ele>49.59999847412109375</ele>
        <time>2026-09-27T12:54:39.000Z</time>
        <extensions>
          <ns3:TrackPointExtension>
            <ns3:hr>149</ns3:hr>
            <ns3:cad>82</ns3:cad>
          </ns3:TrackPointExtension>
        </extensions>
      </trkpt>
      <trkpt lat="37.507714815437793731689453125" lon="127.063386775553226470947265625">
        <ele>49.799999237060546875</ele>
        <time>2026-09-27T12:54:40.000Z</time>
        <extensions>
          <ns3:TrackPointExtension>
            <ns3:hr>149</ns3:hr>
            <ns3:cad>81</ns3:cad>
          </ns3:TrackPointExtension>
        </extensions>
      </trkpt>
      <trkpt lat="37.5076921842992305755615234375" lon="127.0634000189602375030517578125">
        <ele>49.799999237060546875</ele>
        <time>2026-09-27T12:54:41.000Z</time>
        <extensions>
          <ns3:TrackPointExtension>
            <ns3:hr>149</ns3:hr>
            <ns3:cad>81</ns3:cad>
          </ns3:TrackPointExtension>
        </extensions>
      </trkpt>
      <trkpt lat="37.50765522010624408721923828125" lon="127.06341083161532878875732421875">
        <ele>50</ele>
        <time>2026-09-27T12:54:42.000Z</time>
        <extensions>
          <ns3:TrackPointExtension>
            <ns3:hr>149</ns3:hr>
            <ns3:cad>82</ns3:cad>
          </ns3:TrackPointExtension>
        </extensions>
      </trkpt>
      <trkpt lat="37.507636360824108123779296875" lon="127.0634325407445430755615234375">
        <ele>50.200000762939453125</ele>
        <time>2026-09-27T12:54:43.000Z</time>
        <extensions>
          <ns3:TrackPointExtension>
            <ns3:hr>149</ns3:hr>
            <ns3:cad>82</ns3:cad>
          </ns3:TrackPointExtension>
        </extensions>
      </trkpt>
      <trkpt lat="37.5076100416481494903564453125" lon="127.063453160226345062255859375">
        <ele>50.40000152587890625</ele>
        <time>2026-09-27T12:54:44.000Z</time>
        <extensions>
          <ns3:TrackPointExtension>
            <ns3:hr>149</ns3:hr>
            <ns3:cad>82</ns3:cad>
          </ns3:TrackPointExtension>
        </extensions>
      </trkpt>
      <trkpt lat="37.50758112408220767974853515625" lon="127.06347101368010044097900390625">
        <ele>50.59999847412109375</ele>
        <time>2026-09-27T12:54:45.000Z</time>
        <extensions>
          <ns3:TrackPointExtension>
            <ns3:hr>149</ns3:hr>
            <ns3:cad>82</ns3:cad>
          </ns3:TrackPointExtension>
        </extensions>
      </trkpt>
      <trkpt lat="37.5075661204755306243896484375" lon="127.0634895376861095428466796875">
        <ele>50.799999237060546875</ele>
        <time>2026-09-27T12:54:46.000Z</time>
        <extensions>
          <ns3:TrackPointExtension>
            <ns3:hr>149</ns3:hr>
            <ns3:cad>82</ns3:cad>
          </ns3:TrackPointExtension>
        </extensions>
      </trkpt>
      <trkpt lat="37.5075396336615085601806640625" lon="127.06351057626307010650634765625">
        <ele>51</ele>
        <time>2026-09-27T12:54:47.000Z</time>
        <extensions>
          <ns3:TrackPointExtension>
            <ns3:hr>150</ns3:hr>
            <ns3:cad>82</ns3:cad>
          </ns3:TrackPointExtension>
        </extensions>
      </trkpt>
      <trkpt lat="37.50751239247620105743408203125" lon="127.06351946108043193817138671875">
        <ele>51</ele>
        <time>2026-09-27T12:54:48.000Z</time>
        <extensions>
          <ns3:TrackPointExtension>
            <ns3:hr>150</ns3:hr>
            <ns3:cad>82</ns3:cad>
          </ns3:TrackPointExtension>
        </extensions>
      </trkpt>
      <trkpt lat="37.50749747268855571746826171875" lon="127.06352868117392063140869140625">
        <ele>51.200000762939453125</ele>
        <time>2026-09-27T12:54:49.000Z</time>
        <extensions>
          <ns3:TrackPointExtension>
            <ns3:hr>151</ns3:hr>
            <ns3:cad>82</ns3:cad>
          </ns3:TrackPointExtension>
        </extensions>
      </trkpt>
      <trkpt lat="37.50746293924748897552490234375" lon="127.063547708094120025634765625">
        <ele>51.200000762939453125</ele>
        <time>2026-09-27T12:54:50.000Z</time>
        <extensions>
          <ns3:TrackPointExtension>
            <ns3:hr>151</ns3:hr>
            <ns3:cad>81</ns3:cad>
          </ns3:TrackPointExtension>
        </extensions>
      </trkpt>
      <trkpt lat="37.5074407272040843963623046875" lon="127.063560783863067626953125">
        <ele>51.40000152587890625</ele>
        <time>2026-09-27T12:54:51.000Z</time>
        <extensions>
          <ns3:TrackPointExtension>
            <ns3:hr>152</ns3:hr>
            <ns3:cad>81</ns3:cad>
          </ns3:TrackPointExtension>
        </extensions>
      </trkpt>
      <trkpt lat="37.50741633586585521697998046875" lon="127.06356790848076343536376953125">
        <ele>51.40000152587890625</ele>
        <time>2026-09-27T12:54:52.000Z</time>
        <extensions>
          <ns3:TrackPointExtension>
            <ns3:hr>152</ns3:hr>
            <ns3:cad>81</ns3:cad>
          </ns3:TrackPointExtension>
        </extensions>
      </trkpt>
      <trkpt lat="37.507382221519947052001953125" lon="127.06357084214687347412109375">
        <ele>51.40000152587890625</ele>
        <time>2026-09-27T12:54:53.000Z</time>
        <extensions>
          <ns3:TrackPointExtension>
            <ns3:hr>152</ns3:hr>
            <ns3:cad>80</ns3:cad>
          </ns3:TrackPointExtension>
        </extensions>
      </trkpt>
      <trkpt lat="37.5073592551052570343017578125" lon="127.06358467228710651397705078125">
        <ele>51.59999847412109375</ele>
        <time>2026-09-27T12:54:54.000Z</time>
        <extensions>
          <ns3:TrackPointExtension>
            <ns3:hr>152</ns3:hr>
            <ns3:cad>80</ns3:cad>
          </ns3:TrackPointExtension>
        </extensions>
      </trkpt>
      <trkpt lat="37.50733788125216960906982421875" lon="127.063591964542865753173828125">
        <ele>52</ele>
        <time>2026-09-27T12:54:55.000Z</time>
        <extensions>
          <ns3:TrackPointExtension>
            <ns3:hr>152</ns3:hr>
            <ns3:cad>81</ns3:cad>
          </ns3:TrackPointExtension>
        </extensions>
      </trkpt>
      <trkpt lat="37.50731089152395725250244140625" lon="127.06359959207475185394287109375">
        <ele>52.40000152587890625</ele>
        <time>2026-09-27T12:54:56.000Z</time>
        <extensions>
          <ns3:TrackPointExtension>
            <ns3:hr>152</ns3:hr>
            <ns3:cad>81</ns3:cad>
          </ns3:TrackPointExtension>
        </extensions>
      </trkpt>
      <trkpt lat="37.5072906911373138427734375" lon="127.06361618824303150177001953125">
        <ele>52.799999237060546875</ele>
        <time>2026-09-27T12:54:57.000Z</time>
        <extensions>
          <ns3:TrackPointExtension>
            <ns3:hr>152</ns3:hr>
            <ns3:cad>81</ns3:cad>
          </ns3:TrackPointExtension>
        </extensions>
      </trkpt>
      <trkpt lat="37.507267557084560394287109375" lon="127.063629515469074249267578125">
        <ele>53.200000762939453125</ele>
        <time>2026-09-27T12:54:58.000Z</time>
        <extensions>
          <ns3:TrackPointExtension>
            <ns3:hr>152</ns3:hr>
            <ns3:cad>81</ns3:cad>
          </ns3:TrackPointExtension>
        </extensions>
      </trkpt>
      <trkpt lat="37.50724165700376033782958984375" lon="127.06364066340029239654541015625">
        <ele>53.40000152587890625</ele>
        <time>2026-09-27T12:54:59.000Z</time>
        <extensions>
          <ns3:TrackPointExtension>
            <ns3:hr>152</ns3:hr>
            <ns3:cad>81</ns3:cad>
          </ns3:TrackPointExtension>
        </extensions>
      </trkpt>
      <trkpt lat="37.507221959531307220458984375" lon="127.0636544935405254364013671875">
        <ele>53.59999847412109375</ele>
        <time>2026-09-27T12:55:00.000Z</time>
        <extensions>
          <ns3:TrackPointExtension>
            <ns3:hr>151</ns3:hr>
            <ns3:cad>80</ns3:cad>
          </ns3:TrackPointExtension>
        </extensions>
      </trkpt>
      <trkpt lat="37.507198490202426910400390625" lon="127.06366949714720249176025390625">
        <ele>53.59999847412109375</ele>
        <time>2026-09-27T12:55:01.000Z</time>
        <extensions>
          <ns3:TrackPointExtension>
            <ns3:hr>151</ns3:hr>
            <ns3:cad>80</ns3:cad>
          </ns3:TrackPointExtension>
        </extensions>
      </trkpt>
      <trkpt lat="37.50717342831194400787353515625" lon="127.06368341110646724700927734375">
        <ele>53.59999847412109375</ele>
        <time>2026-09-27T12:55:02.000Z</time>
        <extensions>
          <ns3:TrackPointExtension>
            <ns3:hr>151</ns3:hr>
            <ns3:cad>81</ns3:cad>
          </ns3:TrackPointExtension>
        </extensions>
      </trkpt>
      <trkpt lat="37.50715381465852260589599609375" lon="127.0636974088847637176513671875">
        <ele>53.59999847412109375</ele>
        <time>2026-09-27T12:55:03.000Z</time>
        <extensions>
          <ns3:TrackPointExtension>
            <ns3:hr>151</ns3:hr>
            <ns3:cad>81</ns3:cad>
          </ns3:TrackPointExtension>
        </extensions>
      </trkpt>
      <trkpt lat="37.507126741111278533935546875" lon="127.0637158490717411041259765625">
        <ele>53.799999237060546875</ele>
        <time>2026-09-27T12:55:04.000Z</time>
        <extensions>
          <ns3:TrackPointExtension>
            <ns3:hr>151</ns3:hr>
            <ns3:cad>81</ns3:cad>
          </ns3:TrackPointExtension>
        </extensions>
      </trkpt>
      <trkpt lat="37.50710167922079563140869140625" lon="127.0637275837361812591552734375">
        <ele>54</ele>
        <time>2026-09-27T12:55:05.000Z</time>
        <extensions>
          <ns3:TrackPointExtension>
            <ns3:hr>151</ns3:hr>
            <ns3:cad>81</ns3:cad>
          </ns3:TrackPointExtension>
        </extensions>
      </trkpt>
      <trkpt lat="37.50708340667188167572021484375" lon="127.0637386478483676910400390625">
        <ele>54.200000762939453125</ele>
        <time>2026-09-27T12:55:06.000Z</time>
        <extensions>
          <ns3:TrackPointExtension>
            <ns3:hr>151</ns3:hr>
            <ns3:cad>81</ns3:cad>
          </ns3:TrackPointExtension>
        </extensions>
      </trkpt>
      <trkpt lat="37.5070531480014324188232421875" lon="127.06375147216022014617919921875">
        <ele>54.40000152587890625</ele>
        <time>2026-09-27T12:55:07.000Z</time>
        <extensions>
          <ns3:TrackPointExtension>
            <ns3:hr>151</ns3:hr>
            <ns3:cad>81</ns3:cad>
          </ns3:TrackPointExtension>
        </extensions>
      </trkpt>
      <trkpt lat="37.50702842138707637786865234375" lon="127.0637584291398525238037109375">
        <ele>54.59999847412109375</ele>
        <time>2026-09-27T12:55:08.000Z</time>
        <extensions>
          <ns3:TrackPointExtension>
            <ns3:hr>151</ns3:hr>
            <ns3:cad>81</ns3:cad>
          </ns3:TrackPointExtension>
        </extensions>
      </trkpt>
      <trkpt lat="37.5070063769817352294921875" lon="127.06377108581364154815673828125">
        <ele>54.59999847412109375</ele>
        <time>2026-09-27T12:55:09.000Z</time>
        <extensions>
          <ns3:TrackPointExtension>
            <ns3:hr>151</ns3:hr>
            <ns3:cad>81</ns3:cad>
          </ns3:TrackPointExtension>
        </extensions>
      </trkpt>
      <trkpt lat="37.50697611831128597259521484375" lon="127.06377712078392505645751953125">
        <ele>54.799999237060546875</ele>
        <time>2026-09-27T12:55:10.000Z</time>
        <extensions>
          <ns3:TrackPointExtension>
            <ns3:hr>151</ns3:hr>
            <ns3:cad>81</ns3:cad>
          </ns3:TrackPointExtension>
        </extensions>
      </trkpt>
      <trkpt lat="37.50695683993399143218994140625" lon="127.0637839101254940032958984375">
        <ele>55</ele>
        <time>2026-09-27T12:55:11.000Z</time>
        <extensions>
          <ns3:TrackPointExtension>
            <ns3:hr>151</ns3:hr>
            <ns3:cad>82</ns3:cad>
          </ns3:TrackPointExtension>
        </extensions>
      </trkpt>
      <trkpt lat="37.50692817382514476776123046875" lon="127.06379153765738010406494140625">
        <ele>55</ele>
        <time>2026-09-27T12:55:12.000Z</time>
        <extensions>
          <ns3:TrackPointExtension>
            <ns3:hr>152</ns3:hr>
            <ns3:cad>82</ns3:cad>
          </ns3:TrackPointExtension>
        </extensions>
      </trkpt>
      <trkpt lat="37.506900765001773834228515625" lon="127.06380176357924938201904296875">
        <ele>55.200000762939453125</ele>
        <time>2026-09-27T12:55:13.000Z</time>
        <extensions>
          <ns3:TrackPointExtension>
            <ns3:hr>152</ns3:hr>
            <ns3:cad>82</ns3:cad>
          </ns3:TrackPointExtension>
        </extensions>
      </trkpt>
      <trkpt lat="37.50687637366354465484619140625" lon="127.063812911510467529296875">
        <ele>55.40000152587890625</ele>
        <time>2026-09-27T12:55:14.000Z</time>
        <extensions>
          <ns3:TrackPointExtension>
            <ns3:hr>152</ns3:hr>
            <ns3:cad>82</ns3:cad>
          </ns3:TrackPointExtension>
        </extensions>
      </trkpt>
      <trkpt lat="37.50685692764818668365478515625" lon="127.063845433294773101806640625">
        <ele>55.40000152587890625</ele>
        <time>2026-09-27T12:55:15.000Z</time>
        <extensions>
          <ns3:TrackPointExtension>
            <ns3:hr>153</ns3:hr>
            <ns3:cad>82</ns3:cad>
          </ns3:TrackPointExtension>
        </extensions>
      </trkpt>
      <trkpt lat="37.50683597289025783538818359375" lon="127.0638692378997802734375">
        <ele>55.59999847412109375</ele>
        <time>2026-09-27T12:55:16.000Z</time>
        <extensions>
          <ns3:TrackPointExtension>
            <ns3:hr>153</ns3:hr>
            <ns3:cad>82</ns3:cad>
          </ns3:TrackPointExtension>
        </extensions>
      </trkpt>
      <trkpt lat="37.5068204663693904876708984375" lon="127.06389270722866058349609375">
        <ele>55.59999847412109375</ele>
        <time>2026-09-27T12:55:17.000Z</time>
        <extensions>
          <ns3:TrackPointExtension>
            <ns3:hr>154</ns3:hr>
            <ns3:cad>81</ns3:cad>
          </ns3:TrackPointExtension>
        </extensions>
      </trkpt>
      <trkpt lat="37.5067882798612117767333984375" lon="127.06391684710979461669921875">
        <ele>55.59999847412109375</ele>
        <time>2026-09-27T12:55:18.000Z</time>
        <extensions>
          <ns3:TrackPointExtension>
            <ns3:hr>154</ns3:hr>
            <ns3:cad>81</ns3:cad>
          </ns3:TrackPointExtension>
        </extensions>
      </trkpt>
      <trkpt lat="37.50676590017974376678466796875" lon="127.063934616744518280029296875">
        <ele>55.799999237060546875</ele>
        <time>2026-09-27T12:55:19.000Z</time>
        <extensions>
          <ns3:TrackPointExtension>
            <ns3:hr>154</ns3:hr>
            <ns3:cad>81</ns3:cad>
          </ns3:TrackPointExtension>
        </extensions>
      </trkpt>
      <trkpt lat="37.50674494542181491851806640625" lon="127.063953392207622528076171875">
        <ele>56.200000762939453125</ele>
        <time>2026-09-27T12:55:20.000Z</time>
        <extensions>
          <ns3:TrackPointExtension>
            <ns3:hr>154</ns3:hr>
            <ns3:cad>81</ns3:cad>
          </ns3:TrackPointExtension>
        </extensions>
      </trkpt>
      <trkpt lat="37.5067138485610485076904296875" lon="127.063962779939174652099609375">
        <ele>56.40000152587890625</ele>
        <time>2026-09-27T12:55:21.000Z</time>
        <extensions>
          <ns3:TrackPointExtension>
            <ns3:hr>154</ns3:hr>
            <ns3:cad>81</ns3:cad>
          </ns3:TrackPointExtension>
        </extensions>
      </trkpt>
      <trkpt lat="37.5066979229450225830078125" lon="127.06397828646004199981689453125">
        <ele>56.799999237060546875</ele>
        <time>2026-09-27T12:55:22.000Z</time>
        <extensions>
          <ns3:TrackPointExtension>
            <ns3:hr>154</ns3:hr>
            <ns3:cad>81</ns3:cad>
          </ns3:TrackPointExtension>
        </extensions>
      </trkpt>
      <trkpt lat="37.5066736154258251190185546875" lon="127.06400125287473201751708984375">
        <ele>57</ele>
        <time>2026-09-27T12:55:23.000Z</time>
        <extensions>
          <ns3:TrackPointExtension>
            <ns3:hr>154</ns3:hr>
            <ns3:cad>81</ns3:cad>
          </ns3:TrackPointExtension>
        </extensions>
      </trkpt>
      <trkpt lat="37.50664570368826389312744140625" lon="127.0640162564814090728759765625">
        <ele>57.200000762939453125</ele>
        <time>2026-09-27T12:55:24.000Z</time>
        <extensions>
          <ns3:TrackPointExtension>
            <ns3:hr>155</ns3:hr>
            <ns3:cad>81</ns3:cad>
          </ns3:TrackPointExtension>
        </extensions>
      </trkpt>
      <trkpt lat="37.506629191339015960693359375" lon="127.06403142772614955902099609375">
        <ele>57.40000152587890625</ele>
        <time>2026-09-27T12:55:25.000Z</time>
        <extensions>
          <ns3:TrackPointExtension>
            <ns3:hr>155</ns3:hr>
            <ns3:cad>81</ns3:cad>
          </ns3:TrackPointExtension>
        </extensions>
      </trkpt>
      <trkpt lat="37.506598345935344696044921875" lon="127.06405095756053924560546875">
        <ele>57.40000152587890625</ele>
        <time>2026-09-27T12:55:26.000Z</time>
        <extensions>
          <ns3:TrackPointExtension>
            <ns3:hr>155</ns3:hr>
            <ns3:cad>81</ns3:cad>
          </ns3:TrackPointExtension>
        </extensions>
      </trkpt>
      <trkpt lat="37.50657529570162296295166015625" lon="127.064060010015964508056640625">
        <ele>57.59999847412109375</ele>
        <time>2026-09-27T12:55:27.000Z</time>
        <extensions>
          <ns3:TrackPointExtension>
            <ns3:hr>155</ns3:hr>
            <ns3:cad>81</ns3:cad>
          </ns3:TrackPointExtension>
        </extensions>
      </trkpt>
      <trkpt lat="37.50655618496239185333251953125" lon="127.06407149322330951690673828125">
        <ele>57.799999237060546875</ele>
        <time>2026-09-27T12:55:28.000Z</time>
        <extensions>
          <ns3:TrackPointExtension>
            <ns3:hr>155</ns3:hr>
            <ns3:cad>82</ns3:cad>
          </ns3:TrackPointExtension>
        </extensions>
      </trkpt>
      <trkpt lat="37.506523914635181427001953125" lon="127.0640876702964305877685546875">
        <ele>58</ele>
        <time>2026-09-27T12:55:29.000Z</time>
        <extensions>
          <ns3:TrackPointExtension>
            <ns3:hr>155</ns3:hr>
            <ns3:cad>82</ns3:cad>
          </ns3:TrackPointExtension>
        </extensions>
      </trkpt>
      <trkpt lat="37.50650119967758655548095703125" lon="127.0641034282743930816650390625">
        <ele>58.200000762939453125</ele>
        <time>2026-09-27T12:55:30.000Z</time>
        <extensions>
          <ns3:TrackPointExtension>
            <ns3:hr>156</ns3:hr>
            <ns3:cad>82</ns3:cad>
          </ns3:TrackPointExtension>
        </extensions>
      </trkpt>
      <trkpt lat="37.50647890381515026092529296875" lon="127.0641178451478481292724609375">
        <ele>58.59999847412109375</ele>
        <time>2026-09-27T12:55:31.000Z</time>
        <extensions>
          <ns3:TrackPointExtension>
            <ns3:hr>156</ns3:hr>
            <ns3:cad>82</ns3:cad>
          </ns3:TrackPointExtension>
        </extensions>
      </trkpt>
      <trkpt lat="37.5064550153911113739013671875" lon="127.06412882544100284576416015625">
        <ele>58.59999847412109375</ele>
        <time>2026-09-27T12:55:32.000Z</time>
        <extensions>
          <ns3:TrackPointExtension>
            <ns3:hr>157</ns3:hr>
            <ns3:cad>82</ns3:cad>
          </ns3:TrackPointExtension>
        </extensions>
      </trkpt>
      <trkpt lat="37.50643582083284854888916015625" lon="127.064140476286411285400390625">
        <ele>58.799999237060546875</ele>
        <time>2026-09-27T12:55:33.000Z</time>
        <extensions>
          <ns3:TrackPointExtension>
            <ns3:hr>157</ns3:hr>
            <ns3:cad>82</ns3:cad>
          </ns3:TrackPointExtension>
        </extensions>
      </trkpt>
      <trkpt lat="37.50640623271465301513671875" lon="127.0641587488353252410888671875">
        <ele>59</ele>
        <time>2026-09-27T12:55:34.000Z</time>
        <extensions>
          <ns3:TrackPointExtension>
            <ns3:hr>157</ns3:hr>
            <ns3:cad>82</ns3:cad>
          </ns3:TrackPointExtension>
        </extensions>
      </trkpt>
      <trkpt lat="37.50638544559478759765625" lon="127.06417207606136798858642578125">
        <ele>59</ele>
        <time>2026-09-27T12:55:35.000Z</time>
        <extensions>
          <ns3:TrackPointExtension>
            <ns3:hr>157</ns3:hr>
            <ns3:cad>82</ns3:cad>
          </ns3:TrackPointExtension>
        </extensions>
      </trkpt>
      <trkpt lat="37.50636859796941280364990234375" lon="127.0641832239925861358642578125">
        <ele>59.200000762939453125</ele>
        <time>2026-09-27T12:55:36.000Z</time>
        <extensions>
          <ns3:TrackPointExtension>
            <ns3:hr>157</ns3:hr>
            <ns3:cad>82</ns3:cad>
          </ns3:TrackPointExtension>
        </extensions>
      </trkpt>
      <trkpt lat="37.50633339397609233856201171875" lon="127.0641978085041046142578125">
        <ele>59.40000152587890625</ele>
        <time>2026-09-27T12:55:37.000Z</time>
        <extensions>
          <ns3:TrackPointExtension>
            <ns3:hr>156</ns3:hr>
            <ns3:cad>82</ns3:cad>
          </ns3:TrackPointExtension>
        </extensions>
      </trkpt>
      <trkpt lat="37.50631101429462432861328125" lon="127.0642090402543544769287109375">
        <ele>59.59999847412109375</ele>
        <time>2026-09-27T12:55:38.000Z</time>
        <extensions>
          <ns3:TrackPointExtension>
            <ns3:hr>157</ns3:hr>
            <ns3:cad>82</ns3:cad>
          </ns3:TrackPointExtension>
        </extensions>
      </trkpt>
      <trkpt lat="37.50629148446023464202880859375" lon="127.06422169692814350128173828125">
        <ele>59.799999237060546875</ele>
        <time>2026-09-27T12:55:39.000Z</time>
        <extensions>
          <ns3:TrackPointExtension>
            <ns3:hr>157</ns3:hr>
            <ns3:cad>82</ns3:cad>
          </ns3:TrackPointExtension>
        </extensions>
      </trkpt>
      <trkpt lat="37.50625896267592906951904296875" lon="127.06423058174550533294677734375">
        <ele>60</ele>
        <time>2026-09-27T12:55:40.000Z</time>
        <extensions>
          <ns3:TrackPointExtension>
            <ns3:hr>157</ns3:hr>
            <ns3:cad>82</ns3:cad>
          </ns3:TrackPointExtension>
        </extensions>
      </trkpt>
      <trkpt lat="37.5062357448041439056396484375" lon="127.0642489381134510040283203125">
        <ele>60</ele>
        <time>2026-09-27T12:55:41.000Z</time>
        <extensions>
          <ns3:TrackPointExtension>
            <ns3:hr>157</ns3:hr>
            <ns3:cad>82</ns3:cad>
          </ns3:TrackPointExtension>
        </extensions>
      </trkpt>
      <trkpt lat="37.5062109343707561492919921875" lon="127.064263857901096343994140625">
        <ele>60</ele>
        <time>2026-09-27T12:55:42.000Z</time>
        <extensions>
          <ns3:TrackPointExtension>
            <ns3:hr>157</ns3:hr>
            <ns3:cad>81</ns3:cad>
          </ns3:TrackPointExtension>
        </extensions>
      </trkpt>
      <trkpt lat="37.50617983750998973846435546875" lon="127.06426964141428470611572265625">
        <ele>60.200000762939453125</ele>
        <time>2026-09-27T12:55:43.000Z</time>
        <extensions>
          <ns3:TrackPointExtension>
            <ns3:hr>158</ns3:hr>
            <ns3:cad>81</ns3:cad>
          </ns3:TrackPointExtension>
        </extensions>
      </trkpt>
      <trkpt lat="37.5061623193323612213134765625" lon="127.0642841421067714691162109375">
        <ele>60.200000762939453125</ele>
        <time>2026-09-27T12:55:44.000Z</time>
        <extensions>
          <ns3:TrackPointExtension>
            <ns3:hr>158</ns3:hr>
            <ns3:cad>81</ns3:cad>
          </ns3:TrackPointExtension>
        </extensions>
      </trkpt>
      <trkpt lat="37.50613407231867313385009765625" lon="127.064304091036319732666015625">
        <ele>60.40000152587890625</ele>
        <time>2026-09-27T12:55:45.000Z</time>
        <extensions>
          <ns3:TrackPointExtension>
            <ns3:hr>158</ns3:hr>
            <ns3:cad>81</ns3:cad>
          </ns3:TrackPointExtension>
        </extensions>
      </trkpt>
      <trkpt lat="37.50611010007560253143310546875" lon="127.06431373022496700286865234375">
        <ele>60.59999847412109375</ele>
        <time>2026-09-27T12:55:46.000Z</time>
        <extensions>
          <ns3:TrackPointExtension>
            <ns3:hr>158</ns3:hr>
            <ns3:cad>81</ns3:cad>
          </ns3:TrackPointExtension>
        </extensions>
      </trkpt>
      <trkpt lat="37.50608973205089569091796875" lon="127.06432127393782138824462890625">
        <ele>60.799999237060546875</ele>
        <time>2026-09-27T12:55:47.000Z</time>
        <extensions>
          <ns3:TrackPointExtension>
            <ns3:hr>158</ns3:hr>
            <ns3:cad>82</ns3:cad>
          </ns3:TrackPointExtension>
        </extensions>
      </trkpt>
      <trkpt lat="37.50606047920882701873779296875" lon="127.064341641962528228759765625">
        <ele>61</ele>
        <time>2026-09-27T12:55:48.000Z</time>
        <extensions>
          <ns3:TrackPointExtension>
            <ns3:hr>158</ns3:hr>
            <ns3:cad>82</ns3:cad>
          </ns3:TrackPointExtension>
        </extensions>
      </trkpt>
      <trkpt lat="37.50603533349931240081787109375" lon="127.0643542148172855377197265625">
        <ele>61.200000762939453125</ele>
        <time>2026-09-27T12:55:49.000Z</time>
        <extensions>
          <ns3:TrackPointExtension>
            <ns3:hr>158</ns3:hr>
            <ns3:cad>82</ns3:cad>
          </ns3:TrackPointExtension>
        </extensions>
      </trkpt>
      <trkpt lat="37.506013624370098114013671875" lon="127.06436988897621631622314453125">
        <ele>61.40000152587890625</ele>
        <time>2026-09-27T12:55:50.000Z</time>
        <extensions>
          <ns3:TrackPointExtension>
            <ns3:hr>157</ns3:hr>
            <ns3:cad>82</ns3:cad>
          </ns3:TrackPointExtension>
        </extensions>
      </trkpt>
      <trkpt lat="37.505980096757411956787109375" lon="127.06438095308840274810791015625">
        <ele>61.59999847412109375</ele>
        <time>2026-09-27T12:55:51.000Z</time>
        <extensions>
          <ns3:TrackPointExtension>
            <ns3:hr>157</ns3:hr>
            <ns3:cad>82</ns3:cad>
          </ns3:TrackPointExtension>
        </extensions>
      </trkpt>
      <trkpt lat="37.50595671124756336212158203125" lon="127.064392268657684326171875">
        <ele>61.59999847412109375</ele>
        <time>2026-09-27T12:55:52.000Z</time>
        <extensions>
          <ns3:TrackPointExtension>
            <ns3:hr>157</ns3:hr>
            <ns3:cad>82</ns3:cad>
          </ns3:TrackPointExtension>
        </extensions>
      </trkpt>
      <trkpt lat="37.505927793681621551513671875" lon="127.0644070208072662353515625">
        <ele>61.799999237060546875</ele>
        <time>2026-09-27T12:55:53.000Z</time>
        <extensions>
          <ns3:TrackPointExtension>
            <ns3:hr>157</ns3:hr>
            <ns3:cad>82</ns3:cad>
          </ns3:TrackPointExtension>
        </extensions>
      </trkpt>
      <trkpt lat="37.50590021722018718719482421875" lon="127.06441900692880153656005859375">
        <ele>61.799999237060546875</ele>
        <time>2026-09-27T12:55:54.000Z</time>
        <extensions>
          <ns3:TrackPointExtension>
            <ns3:hr>158</ns3:hr>
            <ns3:cad>82</ns3:cad>
          </ns3:TrackPointExtension>
        </extensions>
      </trkpt>
      <trkpt lat="37.505882196128368377685546875" lon="127.0644283108413219451904296875">
        <ele>62</ele>
        <time>2026-09-27T12:55:55.000Z</time>
        <extensions>
          <ns3:TrackPointExtension>
            <ns3:hr>157</ns3:hr>
            <ns3:cad>82</ns3:cad>
          </ns3:TrackPointExtension>
        </extensions>
      </trkpt>
      <trkpt lat="37.5058542005717754364013671875" lon="127.06443996168673038482666015625">
        <ele>62</ele>
        <time>2026-09-27T12:55:56.000Z</time>
        <extensions>
          <ns3:TrackPointExtension>
            <ns3:hr>157</ns3:hr>
            <ns3:cad>82</ns3:cad>
          </ns3:TrackPointExtension>
        </extensions>
      </trkpt>
      <trkpt lat="37.50582796521484851837158203125" lon="127.064450941979885101318359375">
        <ele>62.200000762939453125</ele>
        <time>2026-09-27T12:55:57.000Z</time>
        <extensions>
          <ns3:TrackPointExtension>
            <ns3:hr>157</ns3:hr>
            <ns3:cad>82</ns3:cad>
          </ns3:TrackPointExtension>
        </extensions>
      </trkpt>
      <trkpt lat="37.5058069266378879547119140625" lon="127.0644594915211200714111328125">
        <ele>62.40000152587890625</ele>
        <time>2026-09-27T12:55:58.000Z</time>
        <extensions>
          <ns3:TrackPointExtension>
            <ns3:hr>157</ns3:hr>
            <ns3:cad>82</ns3:cad>
          </ns3:TrackPointExtension>
        </extensions>
      </trkpt>
      <trkpt lat="37.50577700324356555938720703125" lon="127.064474411308765411376953125">
        <ele>62.59999847412109375</ele>
        <time>2026-09-27T12:55:59.000Z</time>
        <extensions>
          <ns3:TrackPointExtension>
            <ns3:hr>156</ns3:hr>
            <ns3:cad>82</ns3:cad>
          </ns3:TrackPointExtension>
        </extensions>
      </trkpt>
      <trkpt lat="37.50575185753405094146728515625" lon="127.06448304466903209686279296875">
        <ele>62.59999847412109375</ele>
        <time>2026-09-27T12:56:00.000Z</time>
        <extensions>
          <ns3:TrackPointExtension>
            <ns3:hr>156</ns3:hr>
            <ns3:cad>82</ns3:cad>
          </ns3:TrackPointExtension>
        </extensions>
      </trkpt>
      <trkpt lat="37.50572687946259975433349609375" lon="127.06449779681861400604248046875">
        <ele>63</ele>
        <time>2026-09-27T12:56:01.000Z</time>
        <extensions>
          <ns3:TrackPointExtension>
            <ns3:hr>156</ns3:hr>
            <ns3:cad>81</ns3:cad>
          </ns3:TrackPointExtension>
        </extensions>
      </trkpt>
      <trkpt lat="37.505701817572116851806640625" lon="127.06450483761727809906005859375">
        <ele>63.200000762939453125</ele>
        <time>2026-09-27T12:56:02.000Z</time>
        <extensions>
          <ns3:TrackPointExtension>
            <ns3:hr>156</ns3:hr>
            <ns3:cad>81</ns3:cad>
          </ns3:TrackPointExtension>
        </extensions>
      </trkpt>
      <trkpt lat="37.50568161718547344207763671875" lon="127.06452042795717716217041015625">
        <ele>63.40000152587890625</ele>
        <time>2026-09-27T12:56:03.000Z</time>
        <extensions>
          <ns3:TrackPointExtension>
            <ns3:hr>155</ns3:hr>
            <ns3:cad>82</ns3:cad>
          </ns3:TrackPointExtension>
        </extensions>
      </trkpt>
      <trkpt lat="37.50565730966627597808837890625" lon="127.06453652121126651763916015625">
        <ele>63.40000152587890625</ele>
        <time>2026-09-27T12:56:04.000Z</time>
        <extensions>
          <ns3:TrackPointExtension>
            <ns3:hr>155</ns3:hr>
            <ns3:cad>82</ns3:cad>
          </ns3:TrackPointExtension>
        </extensions>
      </trkpt>
      <trkpt lat="37.50563384033739566802978515625" lon="127.06455227918922901153564453125">
        <ele>63.59999847412109375</ele>
        <time>2026-09-27T12:56:05.000Z</time>
        <extensions>
          <ns3:TrackPointExtension>
            <ns3:hr>155</ns3:hr>
            <ns3:cad>82</ns3:cad>
          </ns3:TrackPointExtension>
        </extensions>
      </trkpt>
      <trkpt lat="37.50561992637813091278076171875" lon="127.06456770189106464385986328125">
        <ele>63.59999847412109375</ele>
        <time>2026-09-27T12:56:06.000Z</time>
        <extensions>
          <ns3:TrackPointExtension>
            <ns3:hr>155</ns3:hr>
            <ns3:cad>82</ns3:cad>
          </ns3:TrackPointExtension>
        </extensions>
      </trkpt>
      <trkpt lat="37.50558874569833278656005859375" lon="127.0645879022777080535888671875">
        <ele>63.59999847412109375</ele>
        <time>2026-09-27T12:56:07.000Z</time>
        <extensions>
          <ns3:TrackPointExtension>
            <ns3:hr>155</ns3:hr>
            <ns3:cad>82</ns3:cad>
          </ns3:TrackPointExtension>
        </extensions>
      </trkpt>
      <trkpt lat="37.5055635161697864532470703125" lon="127.064606510102748870849609375">
        <ele>63.59999847412109375</ele>
        <time>2026-09-27T12:56:08.000Z</time>
        <extensions>
          <ns3:TrackPointExtension>
            <ns3:hr>155</ns3:hr>
            <ns3:cad>82</ns3:cad>
          </ns3:TrackPointExtension>
        </extensions>
      </trkpt>
      <trkpt lat="37.505543567240238189697265625" lon="127.06462235189974308013916015625">
        <ele>63.59999847412109375</ele>
        <time>2026-09-27T12:56:09.000Z</time>
        <extensions>
          <ns3:TrackPointExtension>
            <ns3:hr>154</ns3:hr>
            <ns3:cad>82</ns3:cad>
          </ns3:TrackPointExtension>
        </extensions>
      </trkpt>
      <trkpt lat="37.5055095367133617401123046875" lon="127.0646318234503269195556640625">
        <ele>63.59999847412109375</ele>
        <time>2026-09-27T12:56:10.000Z</time>
        <extensions>
          <ns3:TrackPointExtension>
            <ns3:hr>154</ns3:hr>
            <ns3:cad>82</ns3:cad>
          </ns3:TrackPointExtension>
        </extensions>
      </trkpt>
      <trkpt lat="37.5054882466793060302734375" lon="127.06464699469506740570068359375">
        <ele>63.799999237060546875</ele>
        <time>2026-09-27T12:56:11.000Z</time>
        <extensions>
          <ns3:TrackPointExtension>
            <ns3:hr>154</ns3:hr>
            <ns3:cad>82</ns3:cad>
          </ns3:TrackPointExtension>
        </extensions>
      </trkpt>
      <trkpt lat="37.5054609216749668121337890625" lon="127.06466761417686939239501953125">
        <ele>63.799999237060546875</ele>
        <time>2026-09-27T12:56:12.000Z</time>
        <extensions>
          <ns3:TrackPointExtension>
            <ns3:hr>154</ns3:hr>
            <ns3:cad>82</ns3:cad>
          </ns3:TrackPointExtension>
        </extensions>
      </trkpt>
      <trkpt lat="37.5054377876222133636474609375" lon="127.064680270850658416748046875">
        <ele>64</ele>
        <time>2026-09-27T12:56:13.000Z</time>
        <extensions>
          <ns3:TrackPointExtension>
            <ns3:hr>154</ns3:hr>
            <ns3:cad>82</ns3:cad>
          </ns3:TrackPointExtension>
        </extensions>
      </trkpt>
      <trkpt lat="37.50542161054909229278564453125" lon="127.06468638963997364044189453125">
        <ele>64</ele>
        <time>2026-09-27T12:56:14.000Z</time>
        <extensions>
          <ns3:TrackPointExtension>
            <ns3:hr>154</ns3:hr>
            <ns3:cad>81</ns3:cad>
          </ns3:TrackPointExtension>
        </extensions>
      </trkpt>
      <trkpt lat="37.50539193861186504364013671875" lon="127.06470935605466365814208984375">
        <ele>64</ele>
        <time>2026-09-27T12:56:15.000Z</time>
        <extensions>
          <ns3:TrackPointExtension>
            <ns3:hr>154</ns3:hr>
            <ns3:cad>81</ns3:cad>
          </ns3:TrackPointExtension>
        </extensions>
      </trkpt>
      <trkpt lat="37.50536821782588958740234375" lon="127.06472419202327728271484375">
        <ele>64</ele>
        <time>2026-09-27T12:56:16.000Z</time>
        <extensions>
          <ns3:TrackPointExtension>
            <ns3:hr>154</ns3:hr>
            <ns3:cad>83</ns3:cad>
          </ns3:TrackPointExtension>
        </extensions>
      </trkpt>
      <trkpt lat="37.50536008737981319427490234375" lon="127.06473718397319316864013671875">
        <ele>64</ele>
        <time>2026-09-27T12:56:17.000Z</time>
        <extensions>
          <ns3:TrackPointExtension>
            <ns3:hr>154</ns3:hr>
            <ns3:cad>83</ns3:cad>
          </ns3:TrackPointExtension>
        </extensions>
      </trkpt>
      <trkpt lat="37.5053237937390804290771484375" lon="127.0647508464753627777099609375">
        <ele>64</ele>
        <time>2026-09-27T12:56:18.000Z</time>
        <extensions>
          <ns3:TrackPointExtension>
            <ns3:hr>154</ns3:hr>
            <ns3:cad>82</ns3:cad>
          </ns3:TrackPointExtension>
        </extensions>
      </trkpt>
      <trkpt lat="37.5053006596863269805908203125" lon="127.0647639222443103790283203125">
        <ele>64.1999969482421875</ele>
        <time>2026-09-27T12:56:19.000Z</time>
        <extensions>
          <ns3:TrackPointExtension>
            <ns3:hr>154</ns3:hr>
            <ns3:cad>82</ns3:cad>
          </ns3:TrackPointExtension>
        </extensions>
      </trkpt>
      <trkpt lat="37.50526905991137027740478515625" lon="127.06476467661559581756591796875">
        <ele>64.1999969482421875</ele>
        <time>2026-09-27T12:56:20.000Z</time>
        <extensions>
          <ns3:TrackPointExtension>
            <ns3:hr>153</ns3:hr>
            <ns3:cad>82</ns3:cad>
          </ns3:TrackPointExtension>
        </extensions>
      </trkpt>
      <trkpt lat="37.50523922033607959747314453125" lon="127.06473969854414463043212890625">
        <ele>64.40000152587890625</ele>
        <time>2026-09-27T12:56:21.000Z</time>
        <extensions>
          <ns3:TrackPointExtension>
            <ns3:hr>153</ns3:hr>
            <ns3:cad>82</ns3:cad>
          </ns3:TrackPointExtension>
        </extensions>
      </trkpt>
      <trkpt lat="37.505224049091339111328125" lon="127.0647270418703556060791015625">
        <ele>64.40000152587890625</ele>
        <time>2026-09-27T12:56:22.000Z</time>
        <extensions>
          <ns3:TrackPointExtension>
            <ns3:hr>153</ns3:hr>
            <ns3:cad>82</ns3:cad>
          </ns3:TrackPointExtension>
        </extensions>
      </trkpt>
      <trkpt lat="37.50518985092639923095703125" lon="127.064702399075031280517578125">
        <ele>64.40000152587890625</ele>
        <time>2026-09-27T12:56:23.000Z</time>
        <extensions>
          <ns3:TrackPointExtension>
            <ns3:hr>152</ns3:hr>
            <ns3:cad>82</ns3:cad>
          </ns3:TrackPointExtension>
        </extensions>
      </trkpt>
      <trkpt lat="37.505171410739421844482421875" lon="127.064681611955165863037109375">
        <ele>64.59999847412109375</ele>
        <time>2026-09-27T12:56:24.000Z</time>
        <extensions>
          <ns3:TrackPointExtension>
            <ns3:hr>152</ns3:hr>
            <ns3:cad>82</ns3:cad>
          </ns3:TrackPointExtension>
        </extensions>
      </trkpt>
      <trkpt lat="37.50515221618115901947021484375" lon="127.06465453840792179107666015625">
        <ele>64.59999847412109375</ele>
        <time>2026-09-27T12:56:25.000Z</time>
        <extensions>
          <ns3:TrackPointExtension>
            <ns3:hr>152</ns3:hr>
            <ns3:cad>82</ns3:cad>
          </ns3:TrackPointExtension>
        </extensions>
      </trkpt>
      <trkpt lat="37.5051360391080379486083984375" lon="127.06460994668304920196533203125">
        <ele>64.59999847412109375</ele>
        <time>2026-09-27T12:56:26.000Z</time>
        <extensions>
          <ns3:TrackPointExtension>
            <ns3:hr>152</ns3:hr>
            <ns3:cad>81</ns3:cad>
          </ns3:TrackPointExtension>
        </extensions>
      </trkpt>
      <trkpt lat="37.50512690283358097076416015625" lon="127.06458681263029575347900390625">
        <ele>64.59999847412109375</ele>
        <time>2026-09-27T12:56:27.000Z</time>
        <extensions>
          <ns3:TrackPointExtension>
            <ns3:hr>151</ns3:hr>
            <ns3:cad>81</ns3:cad>
          </ns3:TrackPointExtension>
        </extensions>
      </trkpt>
      <trkpt lat="37.50511474907398223876953125" lon="127.06455797888338565826416015625">
        <ele>64.59999847412109375</ele>
        <time>2026-09-27T12:56:28.000Z</time>
        <extensions>
          <ns3:TrackPointExtension>
            <ns3:hr>152</ns3:hr>
            <ns3:cad>82</ns3:cad>
          </ns3:TrackPointExtension>
        </extensions>
      </trkpt>
      <trkpt lat="37.50510494224727153778076171875" lon="127.06452311016619205474853515625">
        <ele>64.8000030517578125</ele>
        <time>2026-09-27T12:56:29.000Z</time>
        <extensions>
          <ns3:TrackPointExtension>
            <ns3:hr>152</ns3:hr>
            <ns3:cad>82</ns3:cad>
          </ns3:TrackPointExtension>
        </extensions>
      </trkpt>
      <trkpt lat="37.505094297230243682861328125" lon="127.06450584344565868377685546875">
        <ele>64.8000030517578125</ele>
        <time>2026-09-27T12:56:30.000Z</time>
        <extensions>
          <ns3:TrackPointExtension>
            <ns3:hr>152</ns3:hr>
            <ns3:cad>82</ns3:cad>
          </ns3:TrackPointExtension>
        </extensions>
      </trkpt>
      <trkpt lat="37.50507677905261516571044921875" lon="127.06448145210742950439453125">
        <ele>64.8000030517578125</ele>
        <time>2026-09-27T12:56:31.000Z</time>
        <extensions>
          <ns3:TrackPointExtension>
            <ns3:hr>151</ns3:hr>
            <ns3:cad>82</ns3:cad>
          </ns3:TrackPointExtension>
        </extensions>
      </trkpt>
      <trkpt lat="37.505071498453617095947265625" lon="127.06444390118122100830078125">
        <ele>64.8000030517578125</ele>
        <time>2026-09-27T12:56:32.000Z</time>
        <extensions>
          <ns3:TrackPointExtension>
            <ns3:hr>152</ns3:hr>
            <ns3:cad>82</ns3:cad>
          </ns3:TrackPointExtension>
        </extensions>
      </trkpt>
      <trkpt lat="37.5050622783601284027099609375" lon="127.06441665999591350555419921875">
        <ele>64.8000030517578125</ele>
        <time>2026-09-27T12:56:33.000Z</time>
        <extensions>
          <ns3:TrackPointExtension>
            <ns3:hr>152</ns3:hr>
            <ns3:cad>82</ns3:cad>
          </ns3:TrackPointExtension>
        </extensions>
      </trkpt>
      <trkpt lat="37.5050465203821659088134765625" lon="127.064381875097751617431640625">
        <ele>64.59999847412109375</ele>
        <time>2026-09-27T12:56:34.000Z</time>
        <extensions>
          <ns3:TrackPointExtension>
            <ns3:hr>151</ns3:hr>
            <ns3:cad>82</ns3:cad>
          </ns3:TrackPointExtension>
        </extensions>
      </trkpt>
      <trkpt lat="37.505037970840930938720703125" lon="127.06434960477054119110107421875">
        <ele>64.8000030517578125</ele>
        <time>2026-09-27T12:56:35.000Z</time>
        <extensions>
          <ns3:TrackPointExtension>
            <ns3:hr>151</ns3:hr>
            <ns3:cad>82</ns3:cad>
          </ns3:TrackPointExtension>
        </extensions>
      </trkpt>
      <trkpt lat="37.505025565624237060546875" lon="127.0643203519284725189208984375">
        <ele>64.8000030517578125</ele>
        <time>2026-09-27T12:56:36.000Z</time>
        <extensions>
          <ns3:TrackPointExtension>
            <ns3:hr>151</ns3:hr>
            <ns3:cad>82</ns3:cad>
          </ns3:TrackPointExtension>
        </extensions>
      </trkpt>
      <trkpt lat="37.50501818954944610595703125" lon="127.0642754249274730682373046875">
        <ele>65</ele>
        <time>2026-09-27T12:56:37.000Z</time>
        <extensions>
          <ns3:TrackPointExtension>
            <ns3:hr>151</ns3:hr>
            <ns3:cad>82</ns3:cad>
          </ns3:TrackPointExtension>
        </extensions>
      </trkpt>
      <trkpt lat="37.50500620342791080474853515625" lon="127.0642499439418315887451171875">
        <ele>65.1999969482421875</ele>
        <time>2026-09-27T12:56:38.000Z</time>
        <extensions>
          <ns3:TrackPointExtension>
            <ns3:hr>151</ns3:hr>
            <ns3:cad>82</ns3:cad>
          </ns3:TrackPointExtension>
        </extensions>
      </trkpt>
      <trkpt lat="37.50499731861054897308349609375" lon="127.06422069109976291656494140625">
        <ele>65.40000152587890625</ele>
        <time>2026-09-27T12:56:39.000Z</time>
        <extensions>
          <ns3:TrackPointExtension>
            <ns3:hr>152</ns3:hr>
            <ns3:cad>82</ns3:cad>
          </ns3:TrackPointExtension>
        </extensions>
      </trkpt>
      <trkpt lat="37.50498306937515735626220703125" lon="127.0641889236867427825927734375">
        <ele>65.59999847412109375</ele>
        <time>2026-09-27T12:56:40.000Z</time>
        <extensions>
          <ns3:TrackPointExtension>
            <ns3:hr>151</ns3:hr>
            <ns3:cad>82</ns3:cad>
          </ns3:TrackPointExtension>
        </extensions>
      </trkpt>
      <trkpt lat="37.50497636385262012481689453125" lon="127.06416101194918155670166015625">
        <ele>65.59999847412109375</ele>
        <time>2026-09-27T12:56:41.000Z</time>
        <extensions>
          <ns3:TrackPointExtension>
            <ns3:hr>151</ns3:hr>
            <ns3:cad>82</ns3:cad>
          </ns3:TrackPointExtension>
        </extensions>
      </trkpt>
      <trkpt lat="37.504960857331752777099609375" lon="127.06412136554718017578125">
        <ele>65.59999847412109375</ele>
        <time>2026-09-27T12:56:42.000Z</time>
        <extensions>
          <ns3:TrackPointExtension>
            <ns3:hr>151</ns3:hr>
            <ns3:cad>82</ns3:cad>
          </ns3:TrackPointExtension>
        </extensions>
      </trkpt>
      <trkpt lat="37.504945099353790283203125" lon="127.06408046185970306396484375">
        <ele>65.8000030517578125</ele>
        <time>2026-09-27T12:56:43.000Z</time>
        <extensions>
          <ns3:TrackPointExtension>
            <ns3:hr>151</ns3:hr>
            <ns3:cad>82</ns3:cad>
          </ns3:TrackPointExtension>
        </extensions>
      </trkpt>
      <trkpt lat="37.50493193976581096649169921875" lon="127.06404567696154117584228515625">
        <ele>65.8000030517578125</ele>
        <time>2026-09-27T12:56:44.000Z</time>
        <extensions>
          <ns3:TrackPointExtension>
            <ns3:hr>151</ns3:hr>
            <ns3:cad>82</ns3:cad>
          </ns3:TrackPointExtension>
        </extensions>
      </trkpt>
      <trkpt lat="37.5049249827861785888671875" lon="127.06400276161730289459228515625">
        <ele>65.8000030517578125</ele>
        <time>2026-09-27T12:56:45.000Z</time>
        <extensions>
          <ns3:TrackPointExtension>
            <ns3:hr>151</ns3:hr>
            <ns3:cad>82</ns3:cad>
          </ns3:TrackPointExtension>
        </extensions>
      </trkpt>
      <trkpt lat="37.50491417013108730316162109375" lon="127.06396454013884067535400390625">
        <ele>65.8000030517578125</ele>
        <time>2026-09-27T12:56:46.000Z</time>
        <extensions>
          <ns3:TrackPointExtension>
            <ns3:hr>150</ns3:hr>
            <ns3:cad>81</ns3:cad>
          </ns3:TrackPointExtension>
        </extensions>
      </trkpt>
      <trkpt lat="37.50490142963826656341552734375" lon="127.06393201835453510284423828125">
        <ele>65.8000030517578125</ele>
        <time>2026-09-27T12:56:47.000Z</time>
        <extensions>
          <ns3:TrackPointExtension>
            <ns3:hr>150</ns3:hr>
            <ns3:cad>81</ns3:cad>
          </ns3:TrackPointExtension>
        </extensions>
      </trkpt>
      <trkpt lat="37.5048929639160633087158203125" lon="127.0638861693441867828369140625">
        <ele>66</ele>
        <time>2026-09-27T12:56:48.000Z</time>
        <extensions>
          <ns3:TrackPointExtension>
            <ns3:hr>150</ns3:hr>
            <ns3:cad>81</ns3:cad>
          </ns3:TrackPointExtension>
        </extensions>
      </trkpt>
      <trkpt lat="37.50487812794744968414306640625" lon="127.06385641358792781829833984375">
        <ele>66</ele>
        <time>2026-09-27T12:56:49.000Z</time>
        <extensions>
          <ns3:TrackPointExtension>
            <ns3:hr>150</ns3:hr>
            <ns3:cad>81</ns3:cad>
          </ns3:TrackPointExtension>
        </extensions>
      </trkpt>
      <trkpt lat="37.50486857257783412933349609375" lon="127.06382690928876399993896484375">
        <ele>66.1999969482421875</ele>
        <time>2026-09-27T12:56:50.000Z</time>
        <extensions>
          <ns3:TrackPointExtension>
            <ns3:hr>150</ns3:hr>
            <ns3:cad>81</ns3:cad>
          </ns3:TrackPointExtension>
        </extensions>
      </trkpt>
      <trkpt lat="37.50485382042825222015380859375" lon="127.063788436353206634521484375">
        <ele>66.40000152587890625</ele>
        <time>2026-09-27T12:56:51.000Z</time>
        <extensions>
          <ns3:TrackPointExtension>
            <ns3:hr>150</ns3:hr>
            <ns3:cad>81</ns3:cad>
          </ns3:TrackPointExtension>
        </extensions>
      </trkpt>
      <trkpt lat="37.5048507191240787506103515625" lon="127.0637634582817554473876953125">
        <ele>66.40000152587890625</ele>
        <time>2026-09-27T12:56:52.000Z</time>
        <extensions>
          <ns3:TrackPointExtension>
            <ns3:hr>149</ns3:hr>
            <ns3:cad>81</ns3:cad>
          </ns3:TrackPointExtension>
        </extensions>
      </trkpt>
      <trkpt lat="37.50484040938317775726318359375" lon="127.0637337863445281982421875">
        <ele>66.59999847412109375</ele>
        <time>2026-09-27T12:56:53.000Z</time>
        <extensions>
          <ns3:TrackPointExtension>
            <ns3:hr>149</ns3:hr>
            <ns3:cad>81</ns3:cad>
          </ns3:TrackPointExtension>
        </extensions>
      </trkpt>
      <trkpt lat="37.5048306025564670562744140625" lon="127.06370369531214237213134765625">
        <ele>66.59999847412109375</ele>
        <time>2026-09-27T12:56:54.000Z</time>
        <extensions>
          <ns3:TrackPointExtension>
            <ns3:hr>149</ns3:hr>
            <ns3:cad>81</ns3:cad>
          </ns3:TrackPointExtension>
        </extensions>
      </trkpt>
      <trkpt lat="37.50481861643493175506591796875" lon="127.06367335282266139984130859375">
        <ele>66.8000030517578125</ele>
        <time>2026-09-27T12:56:55.000Z</time>
        <extensions>
          <ns3:TrackPointExtension>
            <ns3:hr>149</ns3:hr>
            <ns3:cad>81</ns3:cad>
          </ns3:TrackPointExtension>
        </extensions>
      </trkpt>
      <trkpt lat="37.50480805523693561553955078125" lon="127.06363714300096035003662109375">
        <ele>66.8000030517578125</ele>
        <time>2026-09-27T12:56:56.000Z</time>
        <extensions>
          <ns3:TrackPointExtension>
            <ns3:hr>149</ns3:hr>
            <ns3:cad>81</ns3:cad>
          </ns3:TrackPointExtension>
        </extensions>
      </trkpt>
      <trkpt lat="37.5047994218766689300537109375" lon="127.06360177136957645416259765625">
        <ele>67</ele>
        <time>2026-09-27T12:56:57.000Z</time>
        <extensions>
          <ns3:TrackPointExtension>
            <ns3:hr>149</ns3:hr>
            <ns3:cad>81</ns3:cad>
          </ns3:TrackPointExtension>
        </extensions>
      </trkpt>
      <trkpt lat="37.5047866813838481903076171875" lon="127.06357595510780811309814453125">
        <ele>67</ele>
        <time>2026-09-27T12:56:58.000Z</time>
        <extensions>
          <ns3:TrackPointExtension>
            <ns3:hr>149</ns3:hr>
            <ns3:cad>81</ns3:cad>
          </ns3:TrackPointExtension>
        </extensions>
      </trkpt>
      <trkpt lat="37.50477268360555171966552734375" lon="127.0635364763438701629638671875">
        <ele>67</ele>
        <time>2026-09-27T12:56:59.000Z</time>
        <extensions>
          <ns3:TrackPointExtension>
            <ns3:hr>149</ns3:hr>
            <ns3:cad>82</ns3:cad>
          </ns3:TrackPointExtension>
        </extensions>
      </trkpt>
      <trkpt lat="37.50476581044495105743408203125" lon="127.06351275555789470672607421875">
        <ele>67.1999969482421875</ele>
        <time>2026-09-27T12:57:00.000Z</time>
        <extensions>
          <ns3:TrackPointExtension>
            <ns3:hr>149</ns3:hr>
            <ns3:cad>82</ns3:cad>
          </ns3:TrackPointExtension>
        </extensions>
      </trkpt>
      <trkpt lat="37.5047588534653186798095703125" lon="127.06349045969545841217041015625">
        <ele>67.40000152587890625</ele>
        <time>2026-09-27T12:57:01.000Z</time>
        <extensions>
          <ns3:TrackPointExtension>
            <ns3:hr>148</ns3:hr>
            <ns3:cad>82</ns3:cad>
          </ns3:TrackPointExtension>
        </extensions>
      </trkpt>
      <trkpt lat="37.5047477893531322479248046875" lon="127.06345827318727970123291015625">
        <ele>67.40000152587890625</ele>
        <time>2026-09-27T12:57:02.000Z</time>
        <extensions>
          <ns3:TrackPointExtension>
            <ns3:hr>148</ns3:hr>
            <ns3:cad>82</ns3:cad>
          </ns3:TrackPointExtension>
        </extensions>
      </trkpt>
      <trkpt lat="37.50474183820188045501708984375" lon="127.063433714210987091064453125">
        <ele>67.59999847412109375</ele>
        <time>2026-09-27T12:57:03.000Z</time>
        <extensions>
          <ns3:TrackPointExtension>
            <ns3:hr>148</ns3:hr>
            <ns3:cad>82</ns3:cad>
          </ns3:TrackPointExtension>
        </extensions>
      </trkpt>
      <trkpt lat="37.50473043881356716156005859375" lon="127.06340982578694820404052734375">
        <ele>67.59999847412109375</ele>
        <time>2026-09-27T12:57:04.000Z</time>
        <extensions>
          <ns3:TrackPointExtension>
            <ns3:hr>148</ns3:hr>
            <ns3:cad>82</ns3:cad>
          </ns3:TrackPointExtension>
        </extensions>
      </trkpt>
      <trkpt lat="37.50471585430204868316650390625" lon="127.06338216550648212432861328125">
        <ele>67.59999847412109375</ele>
        <time>2026-09-27T12:57:05.000Z</time>
        <extensions>
          <ns3:TrackPointExtension>
            <ns3:hr>148</ns3:hr>
            <ns3:cad>82</ns3:cad>
          </ns3:TrackPointExtension>
        </extensions>
      </trkpt>
      <trkpt lat="37.504704706370830535888671875" lon="127.06336171366274356842041015625">
        <ele>67.8000030517578125</ele>
        <time>2026-09-27T12:57:06.000Z</time>
        <extensions>
          <ns3:TrackPointExtension>
            <ns3:hr>148</ns3:hr>
            <ns3:cad>82</ns3:cad>
          </ns3:TrackPointExtension>
        </extensions>
      </trkpt>
      <trkpt lat="37.5046969950199127197265625" lon="127.063337154686450958251953125">
        <ele>67.8000030517578125</ele>
        <time>2026-09-27T12:57:07.000Z</time>
        <extensions>
          <ns3:TrackPointExtension>
            <ns3:hr>148</ns3:hr>
            <ns3:cad>82</ns3:cad>
          </ns3:TrackPointExtension>
        </extensions>
      </trkpt>
      <trkpt lat="37.50468534417450428009033203125" lon="127.0633094944059848785400390625">
        <ele>68</ele>
        <time>2026-09-27T12:57:08.000Z</time>
        <extensions>
          <ns3:TrackPointExtension>
            <ns3:hr>148</ns3:hr>
            <ns3:cad>81</ns3:cad>
          </ns3:TrackPointExtension>
        </extensions>
      </trkpt>
      <trkpt lat="37.50467293895781040191650390625" lon="127.0632793195545673370361328125">
        <ele>68</ele>
        <time>2026-09-27T12:57:09.000Z</time>
        <extensions>
          <ns3:TrackPointExtension>
            <ns3:hr>148</ns3:hr>
            <ns3:cad>80</ns3:cad>
          </ns3:TrackPointExtension>
        </extensions>
      </trkpt>
      <trkpt lat="37.5046559236943721771240234375" lon="127.06323556602001190185546875">
        <ele>68.1999969482421875</ele>
        <time>2026-09-27T12:57:10.000Z</time>
        <extensions>
          <ns3:TrackPointExtension>
            <ns3:hr>148</ns3:hr>
            <ns3:cad>80</ns3:cad>
          </ns3:TrackPointExtension>
        </extensions>
      </trkpt>
      <trkpt lat="37.50464494340121746063232421875" lon="127.06319826655089855194091796875">
        <ele>68.1999969482421875</ele>
        <time>2026-09-27T12:57:11.000Z</time>
        <extensions>
          <ns3:TrackPointExtension>
            <ns3:hr>147</ns3:hr>
            <ns3:cad>81</ns3:cad>
          </ns3:TrackPointExtension>
        </extensions>
      </trkpt>
      <trkpt lat="37.50463672913610935211181640625" lon="127.0631602965295314788818359375">
        <ele>68.40000152587890625</ele>
        <time>2026-09-27T12:57:12.000Z</time>
        <extensions>
          <ns3:TrackPointExtension>
            <ns3:hr>147</ns3:hr>
            <ns3:cad>81</ns3:cad>
          </ns3:TrackPointExtension>
        </extensions>
      </trkpt>
      <trkpt lat="37.504626251757144927978515625" lon="127.06311578862369060516357421875">
        <ele>68.40000152587890625</ele>
        <time>2026-09-27T12:57:13.000Z</time>
        <extensions>
          <ns3:TrackPointExtension>
            <ns3:hr>147</ns3:hr>
            <ns3:cad>82</ns3:cad>
          </ns3:TrackPointExtension>
        </extensions>
      </trkpt>
      <trkpt lat="37.50461451709270477294921875" lon="127.06308846361935138702392578125">
        <ele>68.59999847412109375</ele>
        <time>2026-09-27T12:57:14.000Z</time>
        <extensions>
          <ns3:TrackPointExtension>
            <ns3:hr>148</ns3:hr>
            <ns3:cad>82</ns3:cad>
          </ns3:TrackPointExtension>
        </extensions>
      </trkpt>
      <trkpt lat="37.50460269860923290252685546875" lon="127.063055522739887237548828125">
        <ele>68.59999847412109375</ele>
        <time>2026-09-27T12:57:15.000Z</time>
        <extensions>
          <ns3:TrackPointExtension>
            <ns3:hr>148</ns3:hr>
            <ns3:cad>82</ns3:cad>
          </ns3:TrackPointExtension>
        </extensions>
      </trkpt>
      <trkpt lat="37.50458911992609500885009765625" lon="127.06301168538630008697509765625">
        <ele>68.59999847412109375</ele>
        <time>2026-09-27T12:57:16.000Z</time>
        <extensions>
          <ns3:TrackPointExtension>
            <ns3:hr>148</ns3:hr>
            <ns3:cad>82</ns3:cad>
          </ns3:TrackPointExtension>
        </extensions>
      </trkpt>
      <trkpt lat="37.50457252375781536102294921875" lon="127.0629826001822948455810546875">
        <ele>68.59999847412109375</ele>
        <time>2026-09-27T12:57:17.000Z</time>
        <extensions>
          <ns3:TrackPointExtension>
            <ns3:hr>149</ns3:hr>
            <ns3:cad>82</ns3:cad>
          </ns3:TrackPointExtension>
        </extensions>
      </trkpt>
      <trkpt lat="37.50456095673143863677978515625" lon="127.0629371702671051025390625">
        <ele>68.59999847412109375</ele>
        <time>2026-09-27T12:57:18.000Z</time>
        <extensions>
          <ns3:TrackPointExtension>
            <ns3:hr>149</ns3:hr>
            <ns3:cad>81</ns3:cad>
          </ns3:TrackPointExtension>
        </extensions>
      </trkpt>
      <trkpt lat="37.5045513175427913665771484375" lon="127.06290506757795810699462890625">
        <ele>68.8000030517578125</ele>
        <time>2026-09-27T12:57:19.000Z</time>
        <extensions>
          <ns3:TrackPointExtension>
            <ns3:hr>149</ns3:hr>
            <ns3:cad>81</ns3:cad>
          </ns3:TrackPointExtension>
        </extensions>
      </trkpt>
      <trkpt lat="37.504543773829936981201171875" lon="127.062875814735889434814453125">
        <ele>69</ele>
        <time>2026-09-27T12:57:20.000Z</time>
        <extensions>
          <ns3:TrackPointExtension>
            <ns3:hr>148</ns3:hr>
            <ns3:cad>81</ns3:cad>
          </ns3:TrackPointExtension>
        </extensions>
      </trkpt>
      <trkpt lat="37.50453312881290912628173828125" lon="127.06283189356327056884765625">
        <ele>69.1999969482421875</ele>
        <time>2026-09-27T12:57:21.000Z</time>
        <extensions>
          <ns3:TrackPointExtension>
            <ns3:hr>149</ns3:hr>
            <ns3:cad>81</ns3:cad>
          </ns3:TrackPointExtension>
        </extensions>
      </trkpt>
      <trkpt lat="37.5045255012810230255126953125" lon="127.06279912032186985015869140625">
        <ele>69.1999969482421875</ele>
        <time>2026-09-27T12:57:22.000Z</time>
        <extensions>
          <ns3:TrackPointExtension>
            <ns3:hr>149</ns3:hr>
            <ns3:cad>81</ns3:cad>
          </ns3:TrackPointExtension>
        </extensions>
      </trkpt>
      <trkpt lat="37.50451502390205860137939453125" lon="127.06276928074657917022705078125">
        <ele>69.40000152587890625</ele>
        <time>2026-09-27T12:57:23.000Z</time>
        <extensions>
          <ns3:TrackPointExtension>
            <ns3:hr>149</ns3:hr>
            <ns3:cad>81</ns3:cad>
          </ns3:TrackPointExtension>
        </extensions>
      </trkpt>
      <trkpt lat="37.50451234169304370880126953125" lon="127.06272703595459461212158203125">
        <ele>69.40000152587890625</ele>
        <time>2026-09-27T12:57:24.000Z</time>
        <extensions>
          <ns3:TrackPointExtension>
            <ns3:hr>149</ns3:hr>
            <ns3:cad>81</ns3:cad>
          </ns3:TrackPointExtension>
        </extensions>
      </trkpt>
      <trkpt lat="37.5045060552656650543212890625" lon="127.06269568763673305511474609375">
        <ele>69.59999847412109375</ele>
        <time>2026-09-27T12:57:25.000Z</time>
        <extensions>
          <ns3:TrackPointExtension>
            <ns3:hr>149</ns3:hr>
            <ns3:cad>82</ns3:cad>
          </ns3:TrackPointExtension>
        </extensions>
      </trkpt>
      <trkpt lat="37.5044923089444637298583984375" lon="127.0626597292721271514892578125">
        <ele>69.8000030517578125</ele>
        <time>2026-09-27T12:57:26.000Z</time>
        <extensions>
          <ns3:TrackPointExtension>
            <ns3:hr>149</ns3:hr>
            <ns3:cad>82</ns3:cad>
          </ns3:TrackPointExtension>
        </extensions>
      </trkpt>
      <trkpt lat="37.5044788978993892669677734375" lon="127.06262670457363128662109375">
        <ele>69.8000030517578125</ele>
        <time>2026-09-27T12:57:27.000Z</time>
        <extensions>
          <ns3:TrackPointExtension>
            <ns3:hr>149</ns3:hr>
            <ns3:cad>82</ns3:cad>
          </ns3:TrackPointExtension>
        </extensions>
      </trkpt>
      <trkpt lat="37.5044651515781879425048828125" lon="127.06260432489216327667236328125">
        <ele>70</ele>
        <time>2026-09-27T12:57:28.000Z</time>
        <extensions>
          <ns3:TrackPointExtension>
            <ns3:hr>149</ns3:hr>
            <ns3:cad>82</ns3:cad>
          </ns3:TrackPointExtension>
        </extensions>
      </trkpt>
      <trkpt lat="37.50444143079221248626708984375" lon="127.06257440149784088134765625">
        <ele>70</ele>
        <time>2026-09-27T12:57:29.000Z</time>
        <extensions>
          <ns3:TrackPointExtension>
            <ns3:hr>149</ns3:hr>
            <ns3:cad>81</ns3:cad>
          </ns3:TrackPointExtension>
        </extensions>
      </trkpt>
      <trkpt lat="37.50443154014647006988525390625" lon="127.0625380240380764007568359375">
        <ele>70.1999969482421875</ele>
        <time>2026-09-27T12:57:30.000Z</time>
        <extensions>
          <ns3:TrackPointExtension>
            <ns3:hr>148</ns3:hr>
            <ns3:cad>81</ns3:cad>
          </ns3:TrackPointExtension>
        </extensions>
      </trkpt>
      <trkpt lat="37.50441980548202991485595703125" lon="127.06250994466245174407958984375">
        <ele>70.1999969482421875</ele>
        <time>2026-09-27T12:57:31.000Z</time>
        <extensions>
          <ns3:TrackPointExtension>
            <ns3:hr>149</ns3:hr>
            <ns3:cad>81</ns3:cad>
          </ns3:TrackPointExtension>
        </extensions>
      </trkpt>
      <trkpt lat="37.50440798699855804443359375" lon="127.06247105263173580169677734375">
        <ele>70.1999969482421875</ele>
        <time>2026-09-27T12:57:32.000Z</time>
        <extensions>
          <ns3:TrackPointExtension>
            <ns3:hr>150</ns3:hr>
            <ns3:cad>81</ns3:cad>
          </ns3:TrackPointExtension>
        </extensions>
      </trkpt>
      <trkpt lat="37.50440170057117938995361328125" lon="127.06243987195193767547607421875">
        <ele>70.40000152587890625</ele>
        <time>2026-09-27T12:57:33.000Z</time>
        <extensions>
          <ns3:TrackPointExtension>
            <ns3:hr>150</ns3:hr>
            <ns3:cad>81</ns3:cad>
          </ns3:TrackPointExtension>
        </extensions>
      </trkpt>
      <trkpt lat="37.50439180992543697357177734375" lon="127.06241439096629619598388671875">
        <ele>70.40000152587890625</ele>
        <time>2026-09-27T12:57:34.000Z</time>
        <extensions>
          <ns3:TrackPointExtension>
            <ns3:hr>150</ns3:hr>
            <ns3:cad>81</ns3:cad>
          </ns3:TrackPointExtension>
        </extensions>
      </trkpt>
      <trkpt lat="37.50438996590673923492431640625" lon="127.06237323582172393798828125">
        <ele>70.40000152587890625</ele>
        <time>2026-09-27T12:57:35.000Z</time>
        <extensions>
          <ns3:TrackPointExtension>
            <ns3:hr>151</ns3:hr>
            <ns3:cad>81</ns3:cad>
          </ns3:TrackPointExtension>
        </extensions>
      </trkpt>
      <trkpt lat="37.504384852945804595947265625" lon="127.062346749007701873779296875">
        <ele>70.40000152587890625</ele>
        <time>2026-09-27T12:57:36.000Z</time>
        <extensions>
          <ns3:TrackPointExtension>
            <ns3:hr>152</ns3:hr>
            <ns3:cad>81</ns3:cad>
          </ns3:TrackPointExtension>
        </extensions>
      </trkpt>
      <trkpt lat="37.5043776445090770721435546875" lon="127.06231196410953998565673828125">
        <ele>70.40000152587890625</ele>
        <time>2026-09-27T12:57:37.000Z</time>
        <extensions>
          <ns3:TrackPointExtension>
            <ns3:hr>153</ns3:hr>
            <ns3:cad>81</ns3:cad>
          </ns3:TrackPointExtension>
        </extensions>
      </trkpt>
      <trkpt lat="37.50437018461525440216064453125" lon="127.06227960996329784393310546875">
        <ele>70.40000152587890625</ele>
        <time>2026-09-27T12:57:38.000Z</time>
        <extensions>
          <ns3:TrackPointExtension>
            <ns3:hr>153</ns3:hr>
            <ns3:cad>82</ns3:cad>
          </ns3:TrackPointExtension>
        </extensions>
      </trkpt>
      <trkpt lat="37.50435777939856052398681640625" lon="127.06225144676864147186279296875">
        <ele>70.1999969482421875</ele>
        <time>2026-09-27T12:57:39.000Z</time>
        <extensions>
          <ns3:TrackPointExtension>
            <ns3:hr>153</ns3:hr>
            <ns3:cad>82</ns3:cad>
          </ns3:TrackPointExtension>
        </extensions>
      </trkpt>
      <trkpt lat="37.5043474696576595306396484375" lon="127.06221322529017925262451171875">
        <ele>70.1999969482421875</ele>
        <time>2026-09-27T12:57:40.000Z</time>
        <extensions>
          <ns3:TrackPointExtension>
            <ns3:hr>153</ns3:hr>
            <ns3:cad>82</ns3:cad>
          </ns3:TrackPointExtension>
        </extensions>
      </trkpt>
      <trkpt lat="37.50433900393545627593994140625" lon="127.06218170933425426483154296875">
        <ele>70.1999969482421875</ele>
        <time>2026-09-27T12:57:41.000Z</time>
        <extensions>
          <ns3:TrackPointExtension>
            <ns3:hr>153</ns3:hr>
            <ns3:cad>82</ns3:cad>
          </ns3:TrackPointExtension>
        </extensions>
      </trkpt>
      <trkpt lat="37.504325844347476959228515625" lon="127.06215673126280307769775390625">
        <ele>70.40000152587890625</ele>
        <time>2026-09-27T12:57:42.000Z</time>
        <extensions>
          <ns3:TrackPointExtension>
            <ns3:hr>153</ns3:hr>
            <ns3:cad>82</ns3:cad>
          </ns3:TrackPointExtension>
        </extensions>
      </trkpt>
      <trkpt lat="37.504321150481700897216796875" lon="127.06211163662374019622802734375">
        <ele>70.40000152587890625</ele>
        <time>2026-09-27T12:57:43.000Z</time>
        <extensions>
          <ns3:TrackPointExtension>
            <ns3:hr>154</ns3:hr>
            <ns3:cad>82</ns3:cad>
          </ns3:TrackPointExtension>
        </extensions>
      </trkpt>
      <trkpt lat="37.50431452877819538116455078125" lon="127.06208498217165470123291015625">
        <ele>70.40000152587890625</ele>
        <time>2026-09-27T12:57:44.000Z</time>
        <extensions>
          <ns3:TrackPointExtension>
            <ns3:hr>154</ns3:hr>
            <ns3:cad>81</ns3:cad>
          </ns3:TrackPointExtension>
        </extensions>
      </trkpt>
      <trkpt lat="37.504303716123104095458984375" lon="127.0620525442063808441162109375">
        <ele>70.40000152587890625</ele>
        <time>2026-09-27T12:57:45.000Z</time>
        <extensions>
          <ns3:TrackPointExtension>
            <ns3:hr>154</ns3:hr>
            <ns3:cad>81</ns3:cad>
          </ns3:TrackPointExtension>
        </extensions>
      </trkpt>
      <trkpt lat="37.504292987287044525146484375" lon="127.06201910041272640228271484375">
        <ele>70.40000152587890625</ele>
        <time>2026-09-27T12:57:46.000Z</time>
        <extensions>
          <ns3:TrackPointExtension>
            <ns3:hr>154</ns3:hr>
            <ns3:cad>81</ns3:cad>
          </ns3:TrackPointExtension>
        </extensions>
      </trkpt>
      <trkpt lat="37.5042800791561603546142578125" lon="127.06199546344578266143798828125">
        <ele>70.1999969482421875</ele>
        <time>2026-09-27T12:57:47.000Z</time>
        <extensions>
          <ns3:TrackPointExtension>
            <ns3:hr>153</ns3:hr>
            <ns3:cad>81</ns3:cad>
          </ns3:TrackPointExtension>
        </extensions>
      </trkpt>
      <trkpt lat="37.50426909886300563812255859375" lon="127.061961852014064788818359375">
        <ele>70.1999969482421875</ele>
        <time>2026-09-27T12:57:48.000Z</time>
        <extensions>
          <ns3:TrackPointExtension>
            <ns3:hr>153</ns3:hr>
            <ns3:cad>81</ns3:cad>
          </ns3:TrackPointExtension>
        </extensions>
      </trkpt>
      <trkpt lat="37.504256777465343475341796875" lon="127.06192723475396633148193359375">
        <ele>70</ele>
        <time>2026-09-27T12:57:49.000Z</time>
        <extensions>
          <ns3:TrackPointExtension>
            <ns3:hr>153</ns3:hr>
            <ns3:cad>81</ns3:cad>
          </ns3:TrackPointExtension>
        </extensions>
      </trkpt>
      <trkpt lat="37.50424512661993503570556640625" lon="127.061899490654468536376953125">
        <ele>69.8000030517578125</ele>
        <time>2026-09-27T12:57:50.000Z</time>
        <extensions>
          <ns3:TrackPointExtension>
            <ns3:hr>153</ns3:hr>
            <ns3:cad>82</ns3:cad>
          </ns3:TrackPointExtension>
        </extensions>
      </trkpt>
      <trkpt lat="37.504232637584209442138671875" lon="127.06186487339437007904052734375">
        <ele>69.8000030517578125</ele>
        <time>2026-09-27T12:57:51.000Z</time>
        <extensions>
          <ns3:TrackPointExtension>
            <ns3:hr>153</ns3:hr>
            <ns3:cad>82</ns3:cad>
          </ns3:TrackPointExtension>
        </extensions>
      </trkpt>
      <trkpt lat="37.50422668643295764923095703125" lon="127.0618295855820178985595703125">
        <ele>69.8000030517578125</ele>
        <time>2026-09-27T12:57:52.000Z</time>
        <extensions>
          <ns3:TrackPointExtension>
            <ns3:hr>153</ns3:hr>
            <ns3:cad>82</ns3:cad>
          </ns3:TrackPointExtension>
        </extensions>
      </trkpt>
      <trkpt lat="37.504215203225612640380859375" lon="127.06180234439671039581298828125">
        <ele>69.8000030517578125</ele>
        <time>2026-09-27T12:57:53.000Z</time>
        <extensions>
          <ns3:TrackPointExtension>
            <ns3:hr>152</ns3:hr>
            <ns3:cad>82</ns3:cad>
          </ns3:TrackPointExtension>
        </extensions>
      </trkpt>
      <trkpt lat="37.50420271418988704681396484375" lon="127.061752639710903167724609375">
        <ele>69.8000030517578125</ele>
        <time>2026-09-27T12:57:54.000Z</time>
        <extensions>
          <ns3:TrackPointExtension>
            <ns3:hr>152</ns3:hr>
            <ns3:cad>82</ns3:cad>
          </ns3:TrackPointExtension>
        </extensions>
      </trkpt>
      <trkpt lat="37.5041942484676837921142578125" lon="127.061720453202724456787109375">
        <ele>69.8000030517578125</ele>
        <time>2026-09-27T12:57:55.000Z</time>
        <extensions>
          <ns3:TrackPointExtension>
            <ns3:hr>152</ns3:hr>
            <ns3:cad>82</ns3:cad>
          </ns3:TrackPointExtension>
        </extensions>
      </trkpt>
      <trkpt lat="37.5041815079748630523681640625" lon="127.06168415956199169158935546875">
        <ele>69.8000030517578125</ele>
        <time>2026-09-27T12:57:56.000Z</time>
        <extensions>
          <ns3:TrackPointExtension>
            <ns3:hr>151</ns3:hr>
            <ns3:cad>82</ns3:cad>
          </ns3:TrackPointExtension>
        </extensions>
      </trkpt>
      <trkpt lat="37.504169605672359466552734375" lon="127.06164359115064144134521484375">
        <ele>69.8000030517578125</ele>
        <time>2026-09-27T12:57:57.000Z</time>
        <extensions>
          <ns3:TrackPointExtension>
            <ns3:hr>151</ns3:hr>
            <ns3:cad>82</ns3:cad>
          </ns3:TrackPointExtension>
        </extensions>
      </trkpt>
      <trkpt lat="37.504158876836299896240234375" lon="127.0616193674504756927490234375">
        <ele>69.8000030517578125</ele>
        <time>2026-09-27T12:57:58.000Z</time>
        <extensions>
          <ns3:TrackPointExtension>
            <ns3:hr>150</ns3:hr>
            <ns3:cad>82</ns3:cad>
          </ns3:TrackPointExtension>
        </extensions>
      </trkpt>
      <trkpt lat="37.504141442477703094482421875" lon="127.06158106215298175811767578125">
        <ele>69.59999847412109375</ele>
        <time>2026-09-27T12:57:59.000Z</time>
        <extensions>
          <ns3:TrackPointExtension>
            <ns3:hr>150</ns3:hr>
            <ns3:cad>82</ns3:cad>
          </ns3:TrackPointExtension>
        </extensions>
      </trkpt>
      <trkpt lat="37.504130713641643524169921875" lon="127.06154803745448589324951171875">
        <ele>69.59999847412109375</ele>
        <time>2026-09-27T12:58:00.000Z</time>
        <extensions>
          <ns3:TrackPointExtension>
            <ns3:hr>151</ns3:hr>
            <ns3:cad>82</ns3:cad>
          </ns3:TrackPointExtension>
        </extensions>
      </trkpt>
      <trkpt lat="37.504119314253330230712890625" lon="127.06151886843144893646240234375">
        <ele>69.59999847412109375</ele>
        <time>2026-09-27T12:58:01.000Z</time>
        <extensions>
          <ns3:TrackPointExtension>
            <ns3:hr>151</ns3:hr>
            <ns3:cad>82</ns3:cad>
          </ns3:TrackPointExtension>
        </extensions>
      </trkpt>
      <trkpt lat="37.50410598702728748321533203125" lon="127.0614849217236042022705078125">
        <ele>69.40000152587890625</ele>
        <time>2026-09-27T12:58:02.000Z</time>
        <extensions>
          <ns3:TrackPointExtension>
            <ns3:hr>151</ns3:hr>
            <ns3:cad>82</ns3:cad>
          </ns3:TrackPointExtension>
        </extensions>
      </trkpt>
      <trkpt lat="37.50409953296184539794921875" lon="127.061457931995391845703125">
        <ele>69.1999969482421875</ele>
        <time>2026-09-27T12:58:03.000Z</time>
        <extensions>
          <ns3:TrackPointExtension>
            <ns3:hr>151</ns3:hr>
            <ns3:cad>82</ns3:cad>
          </ns3:TrackPointExtension>
        </extensions>
      </trkpt>
      <trkpt lat="37.5040842778980731964111328125" lon="127.0614275895059108734130859375">
        <ele>69.1999969482421875</ele>
        <time>2026-09-27T12:58:04.000Z</time>
        <extensions>
          <ns3:TrackPointExtension>
            <ns3:hr>151</ns3:hr>
            <ns3:cad>82</ns3:cad>
          </ns3:TrackPointExtension>
        </extensions>
      </trkpt>
      <trkpt lat="37.50407296232879161834716796875" lon="127.06138509325683116912841796875">
        <ele>69</ele>
        <time>2026-09-27T12:58:05.000Z</time>
        <extensions>
          <ns3:TrackPointExtension>
            <ns3:hr>151</ns3:hr>
            <ns3:cad>82</ns3:cad>
          </ns3:TrackPointExtension>
        </extensions>
      </trkpt>
      <trkpt lat="37.50405955128371715545654296875" lon="127.06135801970958709716796875">
        <ele>69</ele>
        <time>2026-09-27T12:58:06.000Z</time>
        <extensions>
          <ns3:TrackPointExtension>
            <ns3:hr>151</ns3:hr>
            <ns3:cad>82</ns3:cad>
          </ns3:TrackPointExtension>
        </extensions>
      </trkpt>
      <trkpt lat="37.5040504150092601776123046875" lon="127.06131518818438053131103515625">
        <ele>68.8000030517578125</ele>
        <time>2026-09-27T12:58:07.000Z</time>
        <extensions>
          <ns3:TrackPointExtension>
            <ns3:hr>150</ns3:hr>
            <ns3:cad>82</ns3:cad>
          </ns3:TrackPointExtension>
        </extensions>
      </trkpt>
      <trkpt lat="37.50404077582061290740966796875" lon="127.061278559267520904541015625">
        <ele>68.8000030517578125</ele>
        <time>2026-09-27T12:58:08.000Z</time>
        <extensions>
          <ns3:TrackPointExtension>
            <ns3:hr>150</ns3:hr>
            <ns3:cad>82</ns3:cad>
          </ns3:TrackPointExtension>
        </extensions>
      </trkpt>
      <trkpt lat="37.50402837060391902923583984375" lon="127.06125282682478427886962890625">
        <ele>68.59999847412109375</ele>
        <time>2026-09-27T12:58:09.000Z</time>
        <extensions>
          <ns3:TrackPointExtension>
            <ns3:hr>149</ns3:hr>
            <ns3:cad>82</ns3:cad>
          </ns3:TrackPointExtension>
        </extensions>
      </trkpt>
      <trkpt lat="37.50400540418922901153564453125" lon="127.06122349016368389129638671875">
        <ele>68.59999847412109375</ele>
        <time>2026-09-27T12:58:10.000Z</time>
        <extensions>
          <ns3:TrackPointExtension>
            <ns3:hr>149</ns3:hr>
            <ns3:cad>82</ns3:cad>
          </ns3:TrackPointExtension>
        </extensions>
      </trkpt>
      <trkpt lat="37.5039893947541713714599609375" lon="127.061195075511932373046875">
        <ele>68.59999847412109375</ele>
        <time>2026-09-27T12:58:11.000Z</time>
        <extensions>
          <ns3:TrackPointExtension>
            <ns3:hr>149</ns3:hr>
            <ns3:cad>82</ns3:cad>
          </ns3:TrackPointExtension>
        </extensions>
      </trkpt>
      <trkpt lat="37.50397623516619205474853515625" lon="127.06114478409290313720703125">
        <ele>68.8000030517578125</ele>
        <time>2026-09-27T12:58:12.000Z</time>
        <extensions>
          <ns3:TrackPointExtension>
            <ns3:hr>148</ns3:hr>
            <ns3:cad>82</ns3:cad>
          </ns3:TrackPointExtension>
        </extensions>
      </trkpt>
      <trkpt lat="37.5039669312536716461181640625" lon="127.06110245548188686370849609375">
        <ele>68.59999847412109375</ele>
        <time>2026-09-27T12:58:13.000Z</time>
        <extensions>
          <ns3:TrackPointExtension>
            <ns3:hr>147</ns3:hr>
            <ns3:cad>82</ns3:cad>
          </ns3:TrackPointExtension>
        </extensions>
      </trkpt>
      <trkpt lat="37.5039575435221195220947265625" lon="127.06106993369758129119873046875">
        <ele>68.40000152587890625</ele>
        <time>2026-09-27T12:58:14.000Z</time>
        <extensions>
          <ns3:TrackPointExtension>
            <ns3:hr>147</ns3:hr>
            <ns3:cad>82</ns3:cad>
          </ns3:TrackPointExtension>
        </extensions>
      </trkpt>
      <trkpt lat="37.5039441324770450592041015625" lon="127.061029113829135894775390625">
        <ele>68.40000152587890625</ele>
        <time>2026-09-27T12:58:15.000Z</time>
        <extensions>
          <ns3:TrackPointExtension>
            <ns3:hr>146</ns3:hr>
            <ns3:cad>82</ns3:cad>
          </ns3:TrackPointExtension>
        </extensions>
      </trkpt>
      <trkpt lat="37.50392787158489227294921875" lon="127.06099885515868663787841796875">
        <ele>68.40000152587890625</ele>
        <time>2026-09-27T12:58:16.000Z</time>
        <extensions>
          <ns3:TrackPointExtension>
            <ns3:hr>146</ns3:hr>
            <ns3:cad>82</ns3:cad>
          </ns3:TrackPointExtension>
        </extensions>
      </trkpt>
      <trkpt lat="37.50392250716686248779296875" lon="127.06096314825117588043212890625">
        <ele>68.1999969482421875</ele>
        <time>2026-09-27T12:58:17.000Z</time>
        <extensions>
          <ns3:TrackPointExtension>
            <ns3:hr>146</ns3:hr>
            <ns3:cad>82</ns3:cad>
          </ns3:TrackPointExtension>
        </extensions>
      </trkpt>
      <trkpt lat="37.5039156340062618255615234375" lon="127.06092023290693759918212890625">
        <ele>68.1999969482421875</ele>
        <time>2026-09-27T12:58:18.000Z</time>
        <extensions>
          <ns3:TrackPointExtension>
            <ns3:hr>146</ns3:hr>
            <ns3:cad>82</ns3:cad>
          </ns3:TrackPointExtension>
        </extensions>
      </trkpt>
      <trkpt lat="37.50390783883631229400634765625" lon="127.060884945094585418701171875">
        <ele>68.1999969482421875</ele>
        <time>2026-09-27T12:58:19.000Z</time>
        <extensions>
          <ns3:TrackPointExtension>
            <ns3:hr>146</ns3:hr>
            <ns3:cad>82</ns3:cad>
          </ns3:TrackPointExtension>
        </extensions>
      </trkpt>
      <trkpt lat="37.50389526598155498504638671875" lon="127.060856781899929046630859375">
        <ele>68</ele>
        <time>2026-09-27T12:58:20.000Z</time>
        <extensions>
          <ns3:TrackPointExtension>
            <ns3:hr>147</ns3:hr>
            <ns3:cad>82</ns3:cad>
          </ns3:TrackPointExtension>
        </extensions>
      </trkpt>
      <trkpt lat="37.503879256546497344970703125" lon="127.06081797368824481964111328125">
        <ele>68</ele>
        <time>2026-09-27T12:58:21.000Z</time>
        <extensions>
          <ns3:TrackPointExtension>
            <ns3:hr>147</ns3:hr>
            <ns3:cad>82</ns3:cad>
          </ns3:TrackPointExtension>
        </extensions>
      </trkpt>
      <trkpt lat="37.5038686953485012054443359375" lon="127.06078536808490753173828125">
        <ele>67.8000030517578125</ele>
        <time>2026-09-27T12:58:22.000Z</time>
        <extensions>
          <ns3:TrackPointExtension>
            <ns3:hr>147</ns3:hr>
            <ns3:cad>82</ns3:cad>
          </ns3:TrackPointExtension>
        </extensions>
      </trkpt>
      <trkpt lat="37.503851763904094696044921875" lon="127.060742788016796112060546875">
        <ele>67.59999847412109375</ele>
        <time>2026-09-27T12:58:23.000Z</time>
        <extensions>
          <ns3:TrackPointExtension>
            <ns3:hr>146</ns3:hr>
            <ns3:cad>82</ns3:cad>
          </ns3:TrackPointExtension>
        </extensions>
      </trkpt>
      <trkpt lat="37.50384665094316005706787109375" lon="127.0607084222137928009033203125">
        <ele>67.59999847412109375</ele>
        <time>2026-09-27T12:58:24.000Z</time>
        <extensions>
          <ns3:TrackPointExtension>
            <ns3:hr>146</ns3:hr>
            <ns3:cad>82</ns3:cad>
          </ns3:TrackPointExtension>
        </extensions>
      </trkpt>
      <trkpt lat="37.50384028069674968719482421875" lon="127.060671709477901458740234375">
        <ele>67.59999847412109375</ele>
        <time>2026-09-27T12:58:25.000Z</time>
        <extensions>
          <ns3:TrackPointExtension>
            <ns3:hr>146</ns3:hr>
            <ns3:cad>82</ns3:cad>
          </ns3:TrackPointExtension>
        </extensions>
      </trkpt>
      <trkpt lat="37.5038328208029270172119140625" lon="127.0606333203613758087158203125">
        <ele>67.40000152587890625</ele>
        <time>2026-09-27T12:58:26.000Z</time>
        <extensions>
          <ns3:TrackPointExtension>
            <ns3:hr>146</ns3:hr>
            <ns3:cad>82</ns3:cad>
          </ns3:TrackPointExtension>
        </extensions>
      </trkpt>
      <trkpt lat="37.5038287974894046783447265625" lon="127.06059870310127735137939453125">
        <ele>67.40000152587890625</ele>
        <time>2026-09-27T12:58:27.000Z</time>
        <extensions>
          <ns3:TrackPointExtension>
            <ns3:hr>146</ns3:hr>
            <ns3:cad>82</ns3:cad>
          </ns3:TrackPointExtension>
        </extensions>
      </trkpt>
      <trkpt lat="37.50381580553948879241943359375" lon="127.0605702884495258331298828125">
        <ele>67.59999847412109375</ele>
        <time>2026-09-27T12:58:28.000Z</time>
        <extensions>
          <ns3:TrackPointExtension>
            <ns3:hr>146</ns3:hr>
            <ns3:cad>82</ns3:cad>
          </ns3:TrackPointExtension>
        </extensions>
      </trkpt>
      <trkpt lat="37.5038006342947483062744140625" lon="127.06053382717072963714599609375">
        <ele>67.40000152587890625</ele>
        <time>2026-09-27T12:58:29.000Z</time>
        <extensions>
          <ns3:TrackPointExtension>
            <ns3:hr>146</ns3:hr>
            <ns3:cad>82</ns3:cad>
          </ns3:TrackPointExtension>
        </extensions>
      </trkpt>
      <trkpt lat="37.503794096410274505615234375" lon="127.06050801090896129608154296875">
        <ele>67.1999969482421875</ele>
        <time>2026-09-27T12:58:30.000Z</time>
        <extensions>
          <ns3:TrackPointExtension>
            <ns3:hr>146</ns3:hr>
            <ns3:cad>82</ns3:cad>
          </ns3:TrackPointExtension>
        </extensions>
      </trkpt>
      <trkpt lat="37.503786049783229827880859375" lon="127.0604747347533702850341796875">
        <ele>67</ele>
        <time>2026-09-27T12:58:31.000Z</time>
        <extensions>
          <ns3:TrackPointExtension>
            <ns3:hr>146</ns3:hr>
            <ns3:cad>82</ns3:cad>
          </ns3:TrackPointExtension>
        </extensions>
      </trkpt>
      <trkpt lat="37.50377632677555084228515625" lon="127.0604422129690647125244140625">
        <ele>66.8000030517578125</ele>
        <time>2026-09-27T12:58:32.000Z</time>
        <extensions>
          <ns3:TrackPointExtension>
            <ns3:hr>146</ns3:hr>
            <ns3:cad>82</ns3:cad>
          </ns3:TrackPointExtension>
        </extensions>
      </trkpt>
      <trkpt lat="37.50376517884433269500732421875" lon="127.06041296012699604034423828125">
        <ele>66.59999847412109375</ele>
        <time>2026-09-27T12:58:33.000Z</time>
        <extensions>
          <ns3:TrackPointExtension>
            <ns3:hr>146</ns3:hr>
            <ns3:cad>82</ns3:cad>
          </ns3:TrackPointExtension>
        </extensions>
      </trkpt>
      <trkpt lat="37.50375227071344852447509765625" lon="127.06037356518208980560302734375">
        <ele>66.40000152587890625</ele>
        <time>2026-09-27T12:58:34.000Z</time>
        <extensions>
          <ns3:TrackPointExtension>
            <ns3:hr>146</ns3:hr>
            <ns3:cad>82</ns3:cad>
          </ns3:TrackPointExtension>
        </extensions>
      </trkpt>
      <trkpt lat="37.50373919494450092315673828125" lon="127.0603446476161479949951171875">
        <ele>66.40000152587890625</ele>
        <time>2026-09-27T12:58:35.000Z</time>
        <extensions>
          <ns3:TrackPointExtension>
            <ns3:hr>145</ns3:hr>
            <ns3:cad>81</ns3:cad>
          </ns3:TrackPointExtension>
        </extensions>
      </trkpt>
      <trkpt lat="37.50372494570910930633544921875" lon="127.060310281813144683837890625">
        <ele>66.1999969482421875</ele>
        <time>2026-09-27T12:58:36.000Z</time>
        <extensions>
          <ns3:TrackPointExtension>
            <ns3:hr>145</ns3:hr>
            <ns3:cad>81</ns3:cad>
          </ns3:TrackPointExtension>
        </extensions>
      </trkpt>
      <trkpt lat="37.50371706672012805938720703125" lon="127.06026912666857242584228515625">
        <ele>66.1999969482421875</ele>
        <time>2026-09-27T12:58:37.000Z</time>
        <extensions>
          <ns3:TrackPointExtension>
            <ns3:hr>145</ns3:hr>
            <ns3:cad>81</ns3:cad>
          </ns3:TrackPointExtension>
        </extensions>
      </trkpt>
      <trkpt lat="37.503705583512783050537109375" lon="127.06024029292166233062744140625">
        <ele>66.1999969482421875</ele>
        <time>2026-09-27T12:58:38.000Z</time>
        <extensions>
          <ns3:TrackPointExtension>
            <ns3:hr>145</ns3:hr>
            <ns3:cad>81</ns3:cad>
          </ns3:TrackPointExtension>
        </extensions>
      </trkpt>
      <trkpt lat="37.5036903284490108489990234375" lon="127.06021196208894252777099609375">
        <ele>66.1999969482421875</ele>
        <time>2026-09-27T12:58:39.000Z</time>
        <extensions>
          <ns3:TrackPointExtension>
            <ns3:hr>145</ns3:hr>
            <ns3:cad>81</ns3:cad>
          </ns3:TrackPointExtension>
        </extensions>
      </trkpt>
      <trkpt lat="37.50368203036487102508544921875" lon="127.0601703040301799774169921875">
        <ele>66</ele>
        <time>2026-09-27T12:58:40.000Z</time>
        <extensions>
          <ns3:TrackPointExtension>
            <ns3:hr>145</ns3:hr>
            <ns3:cad>82</ns3:cad>
          </ns3:TrackPointExtension>
        </extensions>
      </trkpt>
      <trkpt lat="37.5036718882620334625244140625" lon="127.0601423084735870361328125">
        <ele>66</ele>
        <time>2026-09-27T12:58:41.000Z</time>
        <extensions>
          <ns3:TrackPointExtension>
            <ns3:hr>144</ns3:hr>
            <ns3:cad>82</ns3:cad>
          </ns3:TrackPointExtension>
        </extensions>
      </trkpt>
      <trkpt lat="37.50365420244634151458740234375" lon="127.0601029135286808013916015625">
        <ele>65.8000030517578125</ele>
        <time>2026-09-27T12:58:42.000Z</time>
        <extensions>
          <ns3:TrackPointExtension>
            <ns3:hr>144</ns3:hr>
            <ns3:cad>82</ns3:cad>
          </ns3:TrackPointExtension>
        </extensions>
      </trkpt>
      <trkpt lat="37.50364213250577449798583984375" lon="127.06006829626858234405517578125">
        <ele>65.59999847412109375</ele>
        <time>2026-09-27T12:58:43.000Z</time>
        <extensions>
          <ns3:TrackPointExtension>
            <ns3:hr>144</ns3:hr>
            <ns3:cad>82</ns3:cad>
          </ns3:TrackPointExtension>
        </extensions>
      </trkpt>
      <trkpt lat="37.50363425351679325103759765625" lon="127.0600405521690845489501953125">
        <ele>65.40000152587890625</ele>
        <time>2026-09-27T12:58:44.000Z</time>
        <extensions>
          <ns3:TrackPointExtension>
            <ns3:hr>144</ns3:hr>
            <ns3:cad>82</ns3:cad>
          </ns3:TrackPointExtension>
        </extensions>
      </trkpt>
      <trkpt lat="37.50362168066203594207763671875" lon="127.059995122253894805908203125">
        <ele>65.40000152587890625</ele>
        <time>2026-09-27T12:58:45.000Z</time>
        <extensions>
          <ns3:TrackPointExtension>
            <ns3:hr>144</ns3:hr>
            <ns3:cad>82</ns3:cad>
          </ns3:TrackPointExtension>
        </extensions>
      </trkpt>
      <trkpt lat="37.50360910780727863311767578125" lon="127.05996285192668437957763671875">
        <ele>65.40000152587890625</ele>
        <time>2026-09-27T12:58:46.000Z</time>
        <extensions>
          <ns3:TrackPointExtension>
            <ns3:hr>144</ns3:hr>
            <ns3:cad>81</ns3:cad>
          </ns3:TrackPointExtension>
        </extensions>
      </trkpt>
      <trkpt lat="37.50359670259058475494384765625" lon="127.05992328934371471405029296875">
        <ele>65.59999847412109375</ele>
        <time>2026-09-27T12:58:47.000Z</time>
        <extensions>
          <ns3:TrackPointExtension>
            <ns3:hr>143</ns3:hr>
            <ns3:cad>81</ns3:cad>
          </ns3:TrackPointExtension>
        </extensions>
      </trkpt>
      <trkpt lat="37.50358580611646175384521484375" lon="127.0598859898746013641357421875">
        <ele>65.59999847412109375</ele>
        <time>2026-09-27T12:58:48.000Z</time>
        <extensions>
          <ns3:TrackPointExtension>
            <ns3:hr>143</ns3:hr>
            <ns3:cad>81</ns3:cad>
          </ns3:TrackPointExtension>
        </extensions>
      </trkpt>
      <trkpt lat="37.5035729818046092987060546875" lon="127.05985271371901035308837890625">
        <ele>65.59999847412109375</ele>
        <time>2026-09-27T12:58:49.000Z</time>
        <extensions>
          <ns3:TrackPointExtension>
            <ns3:hr>143</ns3:hr>
            <ns3:cad>81</ns3:cad>
          </ns3:TrackPointExtension>
        </extensions>
      </trkpt>
      <trkpt lat="37.5035475008189678192138671875" lon="127.05981113947927951812744140625">
        <ele>65.59999847412109375</ele>
        <time>2026-09-27T12:58:50.000Z</time>
        <extensions>
          <ns3:TrackPointExtension>
            <ns3:hr>142</ns3:hr>
            <ns3:cad>81</ns3:cad>
          </ns3:TrackPointExtension>
        </extensions>
      </trkpt>
      <trkpt lat="37.50353300012648105621337890625" lon="127.05977610312402248382568359375">
        <ele>65.40000152587890625</ele>
        <time>2026-09-27T12:58:51.000Z</time>
        <extensions>
          <ns3:TrackPointExtension>
            <ns3:hr>141</ns3:hr>
            <ns3:cad>81</ns3:cad>
          </ns3:TrackPointExtension>
        </extensions>
      </trkpt>
      <trkpt lat="37.5035206787288188934326171875" lon="127.0597372949123382568359375">
        <ele>65.1999969482421875</ele>
        <time>2026-09-27T12:58:52.000Z</time>
        <extensions>
          <ns3:TrackPointExtension>
            <ns3:hr>140</ns3:hr>
            <ns3:cad>81</ns3:cad>
          </ns3:TrackPointExtension>
        </extensions>
      </trkpt>
      <trkpt lat="37.50350408256053924560546875" lon="127.059689350426197052001953125">
        <ele>65</ele>
        <time>2026-09-27T12:58:53.000Z</time>
        <extensions>
          <ns3:TrackPointExtension>
            <ns3:hr>140</ns3:hr>
            <ns3:cad>81</ns3:cad>
          </ns3:TrackPointExtension>
        </extensions>
      </trkpt>
      <trkpt lat="37.5034958682954311370849609375" lon="127.05965070985257625579833984375">
        <ele>64.8000030517578125</ele>
        <time>2026-09-27T12:58:54.000Z</time>
        <extensions>
          <ns3:TrackPointExtension>
            <ns3:hr>140</ns3:hr>
            <ns3:cad>82</ns3:cad>
          </ns3:TrackPointExtension>
        </extensions>
      </trkpt>
      <trkpt lat="37.503482289612293243408203125" lon="127.0596170984208583831787109375">
        <ele>64.8000030517578125</ele>
        <time>2026-09-27T12:58:55.000Z</time>
        <extensions>
          <ns3:TrackPointExtension>
            <ns3:hr>140</ns3:hr>
            <ns3:cad>82</ns3:cad>
          </ns3:TrackPointExtension>
        </extensions>
      </trkpt>
      <trkpt lat="37.5034685432910919189453125" lon="127.05957275815308094024658203125">
        <ele>64.8000030517578125</ele>
        <time>2026-09-27T12:58:56.000Z</time>
        <extensions>
          <ns3:TrackPointExtension>
            <ns3:hr>140</ns3:hr>
            <ns3:cad>82</ns3:cad>
          </ns3:TrackPointExtension>
        </extensions>
      </trkpt>
      <trkpt lat="37.50345848500728607177734375" lon="127.0595379732549190521240234375">
        <ele>64.8000030517578125</ele>
        <time>2026-09-27T12:58:57.000Z</time>
        <extensions>
          <ns3:TrackPointExtension>
            <ns3:hr>140</ns3:hr>
            <ns3:cad>82</ns3:cad>
          </ns3:TrackPointExtension>
        </extensions>
      </trkpt>
      <trkpt lat="37.50344775617122650146484375" lon="127.0595007576048374176025390625">
        <ele>64.8000030517578125</ele>
        <time>2026-09-27T12:58:58.000Z</time>
        <extensions>
          <ns3:TrackPointExtension>
            <ns3:hr>139</ns3:hr>
            <ns3:cad>82</ns3:cad>
          </ns3:TrackPointExtension>
        </extensions>
      </trkpt>
      <trkpt lat="37.50343778170645236968994140625" lon="127.059459351003170013427734375">
        <ele>64.8000030517578125</ele>
        <time>2026-09-27T12:58:59.000Z</time>
        <extensions>
          <ns3:TrackPointExtension>
            <ns3:hr>140</ns3:hr>
            <ns3:cad>82</ns3:cad>
          </ns3:TrackPointExtension>
        </extensions>
      </trkpt>
      <trkpt lat="37.50343300402164459228515625" lon="127.05943009816110134124755859375">
        <ele>64.8000030517578125</ele>
        <time>2026-09-27T12:59:00.000Z</time>
        <extensions>
          <ns3:TrackPointExtension>
            <ns3:hr>140</ns3:hr>
            <ns3:cad>82</ns3:cad>
          </ns3:TrackPointExtension>
        </extensions>
      </trkpt>
      <trkpt lat="37.50342202372848987579345703125" lon="127.05939355306327342987060546875">
        <ele>64.59999847412109375</ele>
        <time>2026-09-27T12:59:01.000Z</time>
        <extensions>
          <ns3:TrackPointExtension>
            <ns3:hr>140</ns3:hr>
            <ns3:cad>83</ns3:cad>
          </ns3:TrackPointExtension>
        </extensions>
      </trkpt>
      <trkpt lat="37.503409199416637420654296875" lon="127.05935667268931865692138671875">
        <ele>64.59999847412109375</ele>
        <time>2026-09-27T12:59:02.000Z</time>
        <extensions>
          <ns3:TrackPointExtension>
            <ns3:hr>140</ns3:hr>
            <ns3:cad>83</ns3:cad>
          </ns3:TrackPointExtension>
        </extensions>
      </trkpt>
      <trkpt lat="37.50339620746672153472900390625" lon="127.0593257434666156768798828125">
        <ele>64.59999847412109375</ele>
        <time>2026-09-27T12:59:03.000Z</time>
        <extensions>
          <ns3:TrackPointExtension>
            <ns3:hr>140</ns3:hr>
            <ns3:cad>83</ns3:cad>
          </ns3:TrackPointExtension>
        </extensions>
      </trkpt>
      <trkpt lat="37.5033825449645519256591796875" lon="127.0592888630926609039306640625">
        <ele>64.59999847412109375</ele>
        <time>2026-09-27T12:59:04.000Z</time>
        <extensions>
          <ns3:TrackPointExtension>
            <ns3:hr>140</ns3:hr>
            <ns3:cad>82</ns3:cad>
          </ns3:TrackPointExtension>
        </extensions>
      </trkpt>
      <trkpt lat="37.50336972065269947052001953125" lon="127.05926480703055858612060546875">
        <ele>64.40000152587890625</ele>
        <time>2026-09-27T12:59:05.000Z</time>
        <extensions>
          <ns3:TrackPointExtension>
            <ns3:hr>140</ns3:hr>
            <ns3:cad>82</ns3:cad>
          </ns3:TrackPointExtension>
        </extensions>
      </trkpt>
      <trkpt lat="37.50335329212248325347900390625" lon="127.05924016423523426055908203125">
        <ele>64.40000152587890625</ele>
        <time>2026-09-27T12:59:06.000Z</time>
        <extensions>
          <ns3:TrackPointExtension>
            <ns3:hr>140</ns3:hr>
            <ns3:cad>82</ns3:cad>
          </ns3:TrackPointExtension>
        </extensions>
      </trkpt>
      <trkpt lat="37.50334407202899456024169921875" lon="127.05922071821987628936767578125">
        <ele>64.1999969482421875</ele>
        <time>2026-09-27T12:59:07.000Z</time>
        <extensions>
          <ns3:TrackPointExtension>
            <ns3:hr>140</ns3:hr>
            <ns3:cad>82</ns3:cad>
          </ns3:TrackPointExtension>
        </extensions>
      </trkpt>
      <trkpt lat="37.5033315829932689666748046875" lon="127.05919657833874225616455078125">
        <ele>64.1999969482421875</ele>
        <time>2026-09-27T12:59:08.000Z</time>
        <extensions>
          <ns3:TrackPointExtension>
            <ns3:hr>141</ns3:hr>
            <ns3:cad>81</ns3:cad>
          </ns3:TrackPointExtension>
        </extensions>
      </trkpt>
      <trkpt lat="37.503320015966892242431640625" lon="127.0591631345450878143310546875">
        <ele>64.1999969482421875</ele>
        <time>2026-09-27T12:59:09.000Z</time>
        <extensions>
          <ns3:TrackPointExtension>
            <ns3:hr>141</ns3:hr>
            <ns3:cad>81</ns3:cad>
          </ns3:TrackPointExtension>
        </extensions>
      </trkpt>
      <trkpt lat="37.50330568291246891021728515625" lon="127.05913756974041461944580078125">
        <ele>64</ele>
        <time>2026-09-27T12:59:10.000Z</time>
        <extensions>
          <ns3:TrackPointExtension>
            <ns3:hr>142</ns3:hr>
            <ns3:cad>81</ns3:cad>
          </ns3:TrackPointExtension>
        </extensions>
      </trkpt>
      <trkpt lat="37.5032906793057918548583984375" lon="127.05911125056445598602294921875">
        <ele>63.799999237060546875</ele>
        <time>2026-09-27T12:59:11.000Z</time>
        <extensions>
          <ns3:TrackPointExtension>
            <ns3:hr>142</ns3:hr>
            <ns3:cad>82</ns3:cad>
          </ns3:TrackPointExtension>
        </extensions>
      </trkpt>
      <trkpt lat="37.50327475368976593017578125" lon="127.059079147875308990478515625">
        <ele>63.799999237060546875</ele>
        <time>2026-09-27T12:59:12.000Z</time>
        <extensions>
          <ns3:TrackPointExtension>
            <ns3:hr>142</ns3:hr>
            <ns3:cad>82</ns3:cad>
          </ns3:TrackPointExtension>
        </extensions>
      </trkpt>
      <trkpt lat="37.50325673259794712066650390625" lon="127.05904453061521053314208984375">
        <ele>63.799999237060546875</ele>
        <time>2026-09-27T12:59:13.000Z</time>
        <extensions>
          <ns3:TrackPointExtension>
            <ns3:hr>143</ns3:hr>
            <ns3:cad>82</ns3:cad>
          </ns3:TrackPointExtension>
        </extensions>
      </trkpt>
      <trkpt lat="37.50323988497257232666015625" lon="127.05900647677481174468994140625">
        <ele>63.59999847412109375</ele>
        <time>2026-09-27T12:59:14.000Z</time>
        <extensions>
          <ns3:TrackPointExtension>
            <ns3:hr>142</ns3:hr>
            <ns3:cad>82</ns3:cad>
          </ns3:TrackPointExtension>
        </extensions>
      </trkpt>
      <trkpt lat="37.503224126994609832763671875" lon="127.05896138213574886322021484375">
        <ele>63.799999237060546875</ele>
        <time>2026-09-27T12:59:15.000Z</time>
        <extensions>
          <ns3:TrackPointExtension>
            <ns3:hr>142</ns3:hr>
            <ns3:cad>82</ns3:cad>
          </ns3:TrackPointExtension>
        </extensions>
      </trkpt>
      <trkpt lat="37.50321649946272373199462890625" lon="127.05891712568700313568115234375">
        <ele>63.799999237060546875</ele>
        <time>2026-09-27T12:59:16.000Z</time>
        <extensions>
          <ns3:TrackPointExtension>
            <ns3:hr>142</ns3:hr>
            <ns3:cad>82</ns3:cad>
          </ns3:TrackPointExtension>
        </extensions>
      </trkpt>
      <trkpt lat="37.5032222829759120941162109375" lon="127.0588556863367557525634765625">
        <ele>63.59999847412109375</ele>
        <time>2026-09-27T12:59:17.000Z</time>
        <extensions>
          <ns3:TrackPointExtension>
            <ns3:hr>142</ns3:hr>
            <ns3:cad>82</ns3:cad>
          </ns3:TrackPointExtension>
        </extensions>
      </trkpt>
      <trkpt lat="37.50322513282299041748046875" lon="127.05883012153208255767822265625">
        <ele>63.59999847412109375</ele>
        <time>2026-09-27T12:59:18.000Z</time>
        <extensions>
          <ns3:TrackPointExtension>
            <ns3:hr>143</ns3:hr>
            <ns3:cad>82</ns3:cad>
          </ns3:TrackPointExtension>
        </extensions>
      </trkpt>
      <trkpt lat="37.50324265100061893463134765625" lon="127.05879575572907924652099609375">
        <ele>63.59999847412109375</ele>
        <time>2026-09-27T12:59:19.000Z</time>
        <extensions>
          <ns3:TrackPointExtension>
            <ns3:hr>142</ns3:hr>
            <ns3:cad>82</ns3:cad>
          </ns3:TrackPointExtension>
        </extensions>
      </trkpt>
      <trkpt lat="37.50326528213918209075927734375" lon="127.05876491032540798187255859375">
        <ele>63.59999847412109375</ele>
        <time>2026-09-27T12:59:20.000Z</time>
        <extensions>
          <ns3:TrackPointExtension>
            <ns3:hr>142</ns3:hr>
            <ns3:cad>82</ns3:cad>
          </ns3:TrackPointExtension>
        </extensions>
      </trkpt>
      <trkpt lat="37.5032856501638889312744140625" lon="127.05873540602624416351318359375">
        <ele>63.59999847412109375</ele>
        <time>2026-09-27T12:59:21.000Z</time>
        <extensions>
          <ns3:TrackPointExtension>
            <ns3:hr>142</ns3:hr>
            <ns3:cad>82</ns3:cad>
          </ns3:TrackPointExtension>
        </extensions>
      </trkpt>
      <trkpt lat="37.50331155024468898773193359375" lon="127.05869785510003566741943359375">
        <ele>63.59999847412109375</ele>
        <time>2026-09-27T12:59:22.000Z</time>
        <extensions>
          <ns3:TrackPointExtension>
            <ns3:hr>143</ns3:hr>
            <ns3:cad>82</ns3:cad>
          </ns3:TrackPointExtension>
        </extensions>
      </trkpt>
      <trkpt lat="37.50334315001964569091796875" lon="127.05867572687566280364990234375">
        <ele>63.59999847412109375</ele>
        <time>2026-09-27T12:59:23.000Z</time>
        <extensions>
          <ns3:TrackPointExtension>
            <ns3:hr>143</ns3:hr>
            <ns3:cad>82</ns3:cad>
          </ns3:TrackPointExtension>
        </extensions>
      </trkpt>
      <trkpt lat="37.50336905010044574737548828125" lon="127.0586585439741611480712890625">
        <ele>63.40000152587890625</ele>
        <time>2026-09-27T12:59:24.000Z</time>
        <extensions>
          <ns3:TrackPointExtension>
            <ns3:hr>143</ns3:hr>
            <ns3:cad>82</ns3:cad>
          </ns3:TrackPointExtension>
        </extensions>
      </trkpt>
      <trkpt lat="37.50339386053383350372314453125" lon="127.05864203162491321563720703125">
        <ele>63.40000152587890625</ele>
        <time>2026-09-27T12:59:25.000Z</time>
        <extensions>
          <ns3:TrackPointExtension>
            <ns3:hr>143</ns3:hr>
            <ns3:cad>82</ns3:cad>
          </ns3:TrackPointExtension>
        </extensions>
      </trkpt>
      <trkpt lat="37.503423281013965606689453125" lon="127.05862618982791900634765625">
        <ele>63.40000152587890625</ele>
        <time>2026-09-27T12:59:26.000Z</time>
        <extensions>
          <ns3:TrackPointExtension>
            <ns3:hr>142</ns3:hr>
            <ns3:cad>82</ns3:cad>
          </ns3:TrackPointExtension>
        </extensions>
      </trkpt>
      <trkpt lat="37.50344574451446533203125" lon="127.0586134493350982666015625">
        <ele>63.40000152587890625</ele>
        <time>2026-09-27T12:59:27.000Z</time>
        <extensions>
          <ns3:TrackPointExtension>
            <ns3:hr>143</ns3:hr>
            <ns3:cad>82</ns3:cad>
          </ns3:TrackPointExtension>
        </extensions>
      </trkpt>
      <trkpt lat="37.50348539091646671295166015625" lon="127.05859676934778690338134765625">
        <ele>63.40000152587890625</ele>
        <time>2026-09-27T12:59:28.000Z</time>
        <extensions>
          <ns3:TrackPointExtension>
            <ns3:hr>143</ns3:hr>
            <ns3:cad>82</ns3:cad>
          </ns3:TrackPointExtension>
        </extensions>
      </trkpt>
      <trkpt lat="37.50351472757756710052490234375" lon="127.0585857890546321868896484375">
        <ele>63.59999847412109375</ele>
        <time>2026-09-27T12:59:29.000Z</time>
        <extensions>
          <ns3:TrackPointExtension>
            <ns3:hr>143</ns3:hr>
            <ns3:cad>82</ns3:cad>
          </ns3:TrackPointExtension>
        </extensions>
      </trkpt>
      <trkpt lat="37.50354389660060405731201171875" lon="127.0585713721811771392822265625">
        <ele>63.59999847412109375</ele>
        <time>2026-09-27T12:59:30.000Z</time>
        <extensions>
          <ns3:TrackPointExtension>
            <ns3:hr>143</ns3:hr>
            <ns3:cad>82</ns3:cad>
          </ns3:TrackPointExtension>
        </extensions>
      </trkpt>
      <trkpt lat="37.503576837480068206787109375" lon="127.0585559494793415069580078125">
        <ele>63.799999237060546875</ele>
        <time>2026-09-27T12:59:31.000Z</time>
        <extensions>
          <ns3:TrackPointExtension>
            <ns3:hr>143</ns3:hr>
            <ns3:cad>82</ns3:cad>
          </ns3:TrackPointExtension>
        </extensions>
      </trkpt>
      <trkpt lat="37.5036031566560268402099609375" lon="127.0585428737103939056396484375">
        <ele>63.799999237060546875</ele>
        <time>2026-09-27T12:59:32.000Z</time>
        <extensions>
          <ns3:TrackPointExtension>
            <ns3:hr>143</ns3:hr>
            <ns3:cad>82</ns3:cad>
          </ns3:TrackPointExtension>
        </extensions>
      </trkpt>
      <trkpt lat="37.5036329962313175201416015625" lon="127.0585291273891925811767578125">
        <ele>63.799999237060546875</ele>
        <time>2026-09-27T12:59:33.000Z</time>
        <extensions>
          <ns3:TrackPointExtension>
            <ns3:hr>143</ns3:hr>
            <ns3:cad>82</ns3:cad>
          </ns3:TrackPointExtension>
        </extensions>
      </trkpt>
      <trkpt lat="37.5036616623401641845703125" lon="127.058512531220912933349609375">
        <ele>63.799999237060546875</ele>
        <time>2026-09-27T12:59:34.000Z</time>
        <extensions>
          <ns3:TrackPointExtension>
            <ns3:hr>144</ns3:hr>
            <ns3:cad>82</ns3:cad>
          </ns3:TrackPointExtension>
        </extensions>
      </trkpt>
      <trkpt lat="37.50368437729775905609130859375" lon="127.05849786289036273956298828125">
        <ele>63.799999237060546875</ele>
        <time>2026-09-27T12:59:35.000Z</time>
        <extensions>
          <ns3:TrackPointExtension>
            <ns3:hr>144</ns3:hr>
            <ns3:cad>82</ns3:cad>
          </ns3:TrackPointExtension>
        </extensions>
      </trkpt>
      <trkpt lat="37.5037201680243015289306640625" lon="127.05847891978919506072998046875">
        <ele>63.799999237060546875</ele>
        <time>2026-09-27T12:59:36.000Z</time>
        <extensions>
          <ns3:TrackPointExtension>
            <ns3:hr>144</ns3:hr>
            <ns3:cad>82</ns3:cad>
          </ns3:TrackPointExtension>
        </extensions>
      </trkpt>
      <trkpt lat="37.50374841503798961639404296875" lon="127.05845863558351993560791015625">
        <ele>63.59999847412109375</ele>
        <time>2026-09-27T12:59:37.000Z</time>
        <extensions>
          <ns3:TrackPointExtension>
            <ns3:hr>144</ns3:hr>
            <ns3:cad>82</ns3:cad>
          </ns3:TrackPointExtension>
        </extensions>
      </trkpt>
      <trkpt lat="37.5037731416523456573486328125" lon="127.05844371579587459564208984375">
        <ele>63.59999847412109375</ele>
        <time>2026-09-27T12:59:38.000Z</time>
        <extensions>
          <ns3:TrackPointExtension>
            <ns3:hr>144</ns3:hr>
            <ns3:cad>82</ns3:cad>
          </ns3:TrackPointExtension>
        </extensions>
      </trkpt>
      <trkpt lat="37.50380910001695156097412109375" lon="127.05842829309403896331787109375">
        <ele>63.799999237060546875</ele>
        <time>2026-09-27T12:59:39.000Z</time>
        <extensions>
          <ns3:TrackPointExtension>
            <ns3:hr>144</ns3:hr>
            <ns3:cad>82</ns3:cad>
          </ns3:TrackPointExtension>
        </extensions>
      </trkpt>
      <trkpt lat="37.503841035068035125732421875" lon="127.05841605551540851593017578125">
        <ele>63.799999237060546875</ele>
        <time>2026-09-27T12:59:40.000Z</time>
        <extensions>
          <ns3:TrackPointExtension>
            <ns3:hr>144</ns3:hr>
            <ns3:cad>82</ns3:cad>
          </ns3:TrackPointExtension>
        </extensions>
      </trkpt>
      <trkpt lat="37.50387146137654781341552734375" lon="127.05840884707868099212646484375">
        <ele>63.59999847412109375</ele>
        <time>2026-09-27T12:59:41.000Z</time>
        <extensions>
          <ns3:TrackPointExtension>
            <ns3:hr>144</ns3:hr>
            <ns3:cad>82</ns3:cad>
          </ns3:TrackPointExtension>
        </extensions>
      </trkpt>
      <trkpt lat="37.50389970839023590087890625" lon="127.05840130336582660675048828125">
        <ele>63.59999847412109375</ele>
        <time>2026-09-27T12:59:42.000Z</time>
        <extensions>
          <ns3:TrackPointExtension>
            <ns3:hr>144</ns3:hr>
            <ns3:cad>82</ns3:cad>
          </ns3:TrackPointExtension>
        </extensions>
      </trkpt>
      <trkpt lat="37.50391714274883270263671875" lon="127.0583908259868621826171875">
        <ele>63.59999847412109375</ele>
        <time>2026-09-27T12:59:43.000Z</time>
        <extensions>
          <ns3:TrackPointExtension>
            <ns3:hr>145</ns3:hr>
            <ns3:cad>81</ns3:cad>
          </ns3:TrackPointExtension>
        </extensions>
      </trkpt>
      <trkpt lat="37.50393927097320556640625" lon="127.058369703590869903564453125">
        <ele>63.40000152587890625</ele>
        <time>2026-09-27T12:59:44.000Z</time>
        <extensions>
          <ns3:TrackPointExtension>
            <ns3:hr>145</ns3:hr>
            <ns3:cad>81</ns3:cad>
          </ns3:TrackPointExtension>
        </extensions>
      </trkpt>
      <trkpt lat="37.50396433286368846893310546875" lon="127.0583427138626575469970703125">
        <ele>63.200000762939453125</ele>
        <time>2026-09-27T12:59:45.000Z</time>
        <extensions>
          <ns3:TrackPointExtension>
            <ns3:hr>145</ns3:hr>
            <ns3:cad>81</ns3:cad>
          </ns3:TrackPointExtension>
        </extensions>
      </trkpt>
      <trkpt lat="37.50398076139390468597412109375" lon="127.0583195798099040985107421875">
        <ele>63</ele>
        <time>2026-09-27T12:59:46.000Z</time>
        <extensions>
          <ns3:TrackPointExtension>
            <ns3:hr>145</ns3:hr>
            <ns3:cad>80</ns3:cad>
          </ns3:TrackPointExtension>
        </extensions>
      </trkpt>
      <trkpt lat="37.5040071643888950347900390625" lon="127.05830239690840244293212890625">
        <ele>62.799999237060546875</ele>
        <time>2026-09-27T12:59:47.000Z</time>
        <extensions>
          <ns3:TrackPointExtension>
            <ns3:hr>145</ns3:hr>
            <ns3:cad>80</ns3:cad>
          </ns3:TrackPointExtension>
        </extensions>
      </trkpt>
      <trkpt lat="37.5040319748222827911376953125" lon="127.05828563310205936431884765625">
        <ele>62.40000152587890625</ele>
        <time>2026-09-27T12:59:48.000Z</time>
        <extensions>
          <ns3:TrackPointExtension>
            <ns3:hr>145</ns3:hr>
            <ns3:cad>80</ns3:cad>
          </ns3:TrackPointExtension>
        </extensions>
      </trkpt>
      <trkpt lat="37.5040557794272899627685546875" lon="127.0582713000476360321044921875">
        <ele>62.200000762939453125</ele>
        <time>2026-09-27T12:59:49.000Z</time>
        <extensions>
          <ns3:TrackPointExtension>
            <ns3:hr>146</ns3:hr>
            <ns3:cad>81</ns3:cad>
          </ns3:TrackPointExtension>
        </extensions>
      </trkpt>
      <trkpt lat="37.504087798297405242919921875" lon="127.05826031975448131561279296875">
        <ele>61.799999237060546875</ele>
        <time>2026-09-27T12:59:50.000Z</time>
        <extensions>
          <ns3:TrackPointExtension>
            <ns3:hr>146</ns3:hr>
            <ns3:cad>81</ns3:cad>
          </ns3:TrackPointExtension>
        </extensions>
      </trkpt>
      <trkpt lat="37.50411855988204479217529296875" lon="127.05825210548937320709228515625">
        <ele>61.40000152587890625</ele>
        <time>2026-09-27T12:59:51.000Z</time>
        <extensions>
          <ns3:TrackPointExtension>
            <ns3:hr>146</ns3:hr>
            <ns3:cad>81</ns3:cad>
          </ns3:TrackPointExtension>
        </extensions>
      </trkpt>
      <trkpt lat="37.50414487905800342559814453125" lon="127.0582421310245990753173828125">
        <ele>61.200000762939453125</ele>
        <time>2026-09-27T12:59:52.000Z</time>
        <extensions>
          <ns3:TrackPointExtension>
            <ns3:hr>146</ns3:hr>
            <ns3:cad>81</ns3:cad>
          </ns3:TrackPointExtension>
        </extensions>
      </trkpt>
      <trkpt lat="37.5041828490793704986572265625" lon="127.05823232419788837432861328125">
        <ele>60.799999237060546875</ele>
        <time>2026-09-27T12:59:53.000Z</time>
        <extensions>
          <ns3:TrackPointExtension>
            <ns3:hr>146</ns3:hr>
            <ns3:cad>81</ns3:cad>
          </ns3:TrackPointExtension>
        </extensions>
      </trkpt>
      <trkpt lat="37.5042039714753627777099609375" lon="127.05822176299989223480224609375">
        <ele>60.59999847412109375</ele>
        <time>2026-09-27T12:59:54.000Z</time>
        <extensions>
          <ns3:TrackPointExtension>
            <ns3:hr>147</ns3:hr>
            <ns3:cad>81</ns3:cad>
          </ns3:TrackPointExtension>
        </extensions>
      </trkpt>
      <trkpt lat="37.50423138029873371124267578125" lon="127.05820231698453426361083984375">
        <ele>60.40000152587890625</ele>
        <time>2026-09-27T12:59:55.000Z</time>
        <extensions>
          <ns3:TrackPointExtension>
            <ns3:hr>147</ns3:hr>
            <ns3:cad>81</ns3:cad>
          </ns3:TrackPointExtension>
        </extensions>
      </trkpt>
      <trkpt lat="37.504263482987880706787109375" lon="127.0581931807100772857666015625">
        <ele>60.200000762939453125</ele>
        <time>2026-09-27T12:59:56.000Z</time>
        <extensions>
          <ns3:TrackPointExtension>
            <ns3:hr>147</ns3:hr>
            <ns3:cad>81</ns3:cad>
          </ns3:TrackPointExtension>
        </extensions>
      </trkpt>
      <trkpt lat="37.50428351573646068572998046875" lon="127.05818605609238147735595703125">
        <ele>60</ele>
        <time>2026-09-27T12:59:57.000Z</time>
        <extensions>
          <ns3:TrackPointExtension>
            <ns3:hr>147</ns3:hr>
            <ns3:cad>81</ns3:cad>
          </ns3:TrackPointExtension>
        </extensions>
      </trkpt>
      <trkpt lat="37.5043132714927196502685546875" lon="127.0581767521798610687255859375">
        <ele>59.59999847412109375</ele>
        <time>2026-09-27T12:59:58.000Z</time>
        <extensions>
          <ns3:TrackPointExtension>
            <ns3:hr>147</ns3:hr>
            <ns3:cad>41</ns3:cad>
          </ns3:TrackPointExtension>
        </extensions>
      </trkpt>
      <trkpt lat="37.50434403307735919952392578125" lon="127.05816694535315036773681640625">
        <ele>59.40000152587890625</ele>
        <time>2026-09-27T12:59:59.000Z</time>
        <extensions>
          <ns3:TrackPointExtension>
            <ns3:hr>147</ns3:hr>
            <ns3:cad>41</ns3:cad>
          </ns3:TrackPointExtension>
        </extensions>
      </trkpt>
      <trkpt lat="37.5043655745685100555419921875" lon="127.05815738998353481292724609375">
        <ele>59.200000762939453125</ele>
        <time>2026-09-27T13:00:00.000Z</time>
        <extensions>
          <ns3:TrackPointExtension>
            <ns3:hr>147</ns3:hr>
            <ns3:cad>41</ns3:cad>
          </ns3:TrackPointExtension>
        </extensions>
      </trkpt>
      <trkpt lat="37.50439918600022792816162109375" lon="127.0581388659775257110595703125">
        <ele>59</ele>
        <time>2026-09-27T13:00:01.000Z</time>
        <extensions>
          <ns3:TrackPointExtension>
            <ns3:hr>146</ns3:hr>
            <ns3:cad>41</ns3:cad>
          </ns3:TrackPointExtension>
        </extensions>
      </trkpt>
      <trkpt lat="37.5044265948235988616943359375" lon="127.0581274665892124176025390625">
        <ele>58.799999237060546875</ele>
        <time>2026-09-27T13:00:02.000Z</time>
        <extensions>
          <ns3:TrackPointExtension>
            <ns3:hr>146</ns3:hr>
            <ns3:cad>41</ns3:cad>
          </ns3:TrackPointExtension>
        </extensions>
      </trkpt>
      <trkpt lat="37.504449896514415740966796875" lon="127.05810994841158390045166015625">
        <ele>58.799999237060546875</ele>
        <time>2026-09-27T13:00:03.000Z</time>
        <extensions>
          <ns3:TrackPointExtension>
            <ns3:hr>145</ns3:hr>
            <ns3:cad>41</ns3:cad>
          </ns3:TrackPointExtension>
        </extensions>
      </trkpt>
      <trkpt lat="37.50447412021458148956298828125" lon="127.0580939389765262603759765625">
        <ele>58.40000152587890625</ele>
        <time>2026-09-27T13:00:04.000Z</time>
        <extensions>
          <ns3:TrackPointExtension>
            <ns3:hr>144</ns3:hr>
            <ns3:cad>41</ns3:cad>
          </ns3:TrackPointExtension>
        </extensions>
      </trkpt>
      <trkpt lat="37.5044943206012248992919921875" lon="127.0580795221030712127685546875">
        <ele>58.200000762939453125</ele>
        <time>2026-09-27T13:00:05.000Z</time>
        <extensions>
          <ns3:TrackPointExtension>
            <ns3:hr>144</ns3:hr>
            <ns3:cad>41</ns3:cad>
          </ns3:TrackPointExtension>
        </extensions>
      </trkpt>
      <trkpt lat="37.50452223233878612518310546875" lon="127.05805881880223751068115234375">
        <ele>58</ele>
        <time>2026-09-27T13:00:06.000Z</time>
        <extensions>
          <ns3:TrackPointExtension>
            <ns3:hr>143</ns3:hr>
            <ns3:cad>81</ns3:cad>
          </ns3:TrackPointExtension>
        </extensions>
      </trkpt>
      <trkpt lat="37.50455995090305805206298828125" lon="127.05804725177586078643798828125">
        <ele>57.59999847412109375</ele>
        <time>2026-09-27T13:00:07.000Z</time>
        <extensions>
          <ns3:TrackPointExtension>
            <ns3:hr>143</ns3:hr>
            <ns3:cad>81</ns3:cad>
          </ns3:TrackPointExtension>
        </extensions>
      </trkpt>
      <trkpt lat="37.50458459369838237762451171875" lon="127.05803199671208858489990234375">
        <ele>57.40000152587890625</ele>
        <time>2026-09-27T13:00:08.000Z</time>
        <extensions>
          <ns3:TrackPointExtension>
            <ns3:hr>142</ns3:hr>
            <ns3:cad>81</ns3:cad>
          </ns3:TrackPointExtension>
        </extensions>
      </trkpt>
      <trkpt lat="37.504618205130100250244140625" lon="127.05800383351743221282958984375">
        <ele>57.200000762939453125</ele>
        <time>2026-09-27T13:00:09.000Z</time>
        <extensions>
          <ns3:TrackPointExtension>
            <ns3:hr>141</ns3:hr>
            <ns3:cad>81</ns3:cad>
          </ns3:TrackPointExtension>
        </extensions>
      </trkpt>
      <trkpt lat="37.50465366058051586151123046875" lon="127.05797717906534671783447265625">
        <ele>57</ele>
        <time>2026-09-27T13:00:10.000Z</time>
        <extensions>
          <ns3:TrackPointExtension>
            <ns3:hr>141</ns3:hr>
            <ns3:cad>82</ns3:cad>
          </ns3:TrackPointExtension>
        </extensions>
      </trkpt>
      <trkpt lat="37.50467964448034763336181640625" lon="127.057962678372859954833984375">
        <ele>56.799999237060546875</ele>
        <time>2026-09-27T13:00:11.000Z</time>
        <extensions>
          <ns3:TrackPointExtension>
            <ns3:hr>141</ns3:hr>
            <ns3:cad>82</ns3:cad>
          </ns3:TrackPointExtension>
        </extensions>
      </trkpt>
      <trkpt lat="37.50471635721623897552490234375" lon="127.05794750712811946868896484375">
        <ele>56.59999847412109375</ele>
        <time>2026-09-27T13:00:12.000Z</time>
        <extensions>
          <ns3:TrackPointExtension>
            <ns3:hr>140</ns3:hr>
            <ns3:cad>82</ns3:cad>
          </ns3:TrackPointExtension>
        </extensions>
      </trkpt>
      <trkpt lat="37.50474954955279827117919921875" lon="127.0579336769878864288330078125">
        <ele>56.40000152587890625</ele>
        <time>2026-09-27T13:00:13.000Z</time>
        <extensions>
          <ns3:TrackPointExtension>
            <ns3:hr>140</ns3:hr>
            <ns3:cad>82</ns3:cad>
          </ns3:TrackPointExtension>
        </extensions>
      </trkpt>
      <trkpt lat="37.50477536581456661224365234375" lon="127.0579249598085880279541015625">
        <ele>56.200000762939453125</ele>
        <time>2026-09-27T13:00:14.000Z</time>
        <extensions>
          <ns3:TrackPointExtension>
            <ns3:hr>139</ns3:hr>
            <ns3:cad>82</ns3:cad>
          </ns3:TrackPointExtension>
        </extensions>
      </trkpt>
      <trkpt lat="37.50481258146464824676513671875" lon="127.05791515298187732696533203125">
        <ele>55.799999237060546875</ele>
        <time>2026-09-27T13:00:15.000Z</time>
        <extensions>
          <ns3:TrackPointExtension>
            <ns3:hr>139</ns3:hr>
            <ns3:cad>82</ns3:cad>
          </ns3:TrackPointExtension>
        </extensions>
      </trkpt>
      <trkpt lat="37.50483755953609943389892578125" lon="127.05789822153747081756591796875">
        <ele>55.59999847412109375</ele>
        <time>2026-09-27T13:00:16.000Z</time>
        <extensions>
          <ns3:TrackPointExtension>
            <ns3:hr>139</ns3:hr>
            <ns3:cad>82</ns3:cad>
          </ns3:TrackPointExtension>
        </extensions>
      </trkpt>
      <trkpt lat="37.50487024895846843719482421875" lon="127.05788212828338146209716796875">
        <ele>55.200000762939453125</ele>
        <time>2026-09-27T13:00:17.000Z</time>
        <extensions>
          <ns3:TrackPointExtension>
            <ns3:hr>138</ns3:hr>
            <ns3:cad>82</ns3:cad>
          </ns3:TrackPointExtension>
        </extensions>
      </trkpt>
      <trkpt lat="37.50490821897983551025390625" lon="127.05787559039890766143798828125">
        <ele>55</ele>
        <time>2026-09-27T13:00:18.000Z</time>
        <extensions>
          <ns3:TrackPointExtension>
            <ns3:hr>139</ns3:hr>
            <ns3:cad>82</ns3:cad>
          </ns3:TrackPointExtension>
        </extensions>
      </trkpt>
      <trkpt lat="37.50493160448968410491943359375" lon="127.05786804668605327606201171875">
        <ele>54.59999847412109375</ele>
        <time>2026-09-27T13:00:19.000Z</time>
        <extensions>
          <ns3:TrackPointExtension>
            <ns3:hr>138</ns3:hr>
            <ns3:cad>81</ns3:cad>
          </ns3:TrackPointExtension>
        </extensions>
      </trkpt>
      <trkpt lat="37.50495423562824726104736328125" lon="127.0578475110232830047607421875">
        <ele>54.40000152587890625</ele>
        <time>2026-09-27T13:00:20.000Z</time>
        <extensions>
          <ns3:TrackPointExtension>
            <ns3:hr>138</ns3:hr>
            <ns3:cad>81</ns3:cad>
          </ns3:TrackPointExtension>
        </extensions>
      </trkpt>
      <trkpt lat="37.50498223118484020233154296875" lon="127.057829909026622772216796875">
        <ele>54.200000762939453125</ele>
        <time>2026-09-27T13:00:21.000Z</time>
        <extensions>
          <ns3:TrackPointExtension>
            <ns3:hr>138</ns3:hr>
            <ns3:cad>81</ns3:cad>
          </ns3:TrackPointExtension>
        </extensions>
      </trkpt>
      <trkpt lat="37.50499983318150043487548828125" lon="127.057806439697742462158203125">
        <ele>54</ele>
        <time>2026-09-27T13:00:22.000Z</time>
        <extensions>
          <ns3:TrackPointExtension>
            <ns3:hr>139</ns3:hr>
            <ns3:cad>81</ns3:cad>
          </ns3:TrackPointExtension>
        </extensions>
      </trkpt>
      <trkpt lat="37.50502799637615680694580078125" lon="127.0577921904623508453369140625">
        <ele>53.799999237060546875</ele>
        <time>2026-09-27T13:00:23.000Z</time>
        <extensions>
          <ns3:TrackPointExtension>
            <ns3:hr>138</ns3:hr>
            <ns3:cad>81</ns3:cad>
          </ns3:TrackPointExtension>
        </extensions>
      </trkpt>
      <trkpt lat="37.50505096279084682464599609375" lon="127.0577777735888957977294921875">
        <ele>53.799999237060546875</ele>
        <time>2026-09-27T13:00:24.000Z</time>
        <extensions>
          <ns3:TrackPointExtension>
            <ns3:hr>138</ns3:hr>
            <ns3:cad>81</ns3:cad>
          </ns3:TrackPointExtension>
        </extensions>
      </trkpt>
      <trkpt lat="37.505074180662631988525390625" lon="127.057761512696743011474609375">
        <ele>53.40000152587890625</ele>
        <time>2026-09-27T13:00:25.000Z</time>
        <extensions>
          <ns3:TrackPointExtension>
            <ns3:hr>138</ns3:hr>
            <ns3:cad>81</ns3:cad>
          </ns3:TrackPointExtension>
        </extensions>
      </trkpt>
      <trkpt lat="37.50510259531438350677490234375" lon="127.0577432401478290557861328125">
        <ele>53.40000152587890625</ele>
        <time>2026-09-27T13:00:26.000Z</time>
        <extensions>
          <ns3:TrackPointExtension>
            <ns3:hr>138</ns3:hr>
            <ns3:cad>81</ns3:cad>
          </ns3:TrackPointExtension>
        </extensions>
      </trkpt>
      <trkpt lat="37.5051288306713104248046875" lon="127.0577311702072620391845703125">
        <ele>52.799999237060546875</ele>
        <time>2026-09-27T13:00:27.000Z</time>
        <extensions>
          <ns3:TrackPointExtension>
            <ns3:hr>138</ns3:hr>
            <ns3:cad>81</ns3:cad>
          </ns3:TrackPointExtension>
        </extensions>
      </trkpt>
      <trkpt lat="37.50516244210302829742431640625" lon="127.05771683715283870697021484375">
        <ele>52.40000152587890625</ele>
        <time>2026-09-27T13:00:28.000Z</time>
        <extensions>
          <ns3:TrackPointExtension>
            <ns3:hr>138</ns3:hr>
            <ns3:cad>81</ns3:cad>
          </ns3:TrackPointExtension>
        </extensions>
      </trkpt>
      <trkpt lat="37.5051932036876678466796875" lon="127.05770242027938365936279296875">
        <ele>52.200000762939453125</ele>
        <time>2026-09-27T13:00:29.000Z</time>
        <extensions>
          <ns3:TrackPointExtension>
            <ns3:hr>137</ns3:hr>
            <ns3:cad>81</ns3:cad>
          </ns3:TrackPointExtension>
        </extensions>
      </trkpt>
      <trkpt lat="37.50521357171237468719482421875" lon="127.05769018270075321197509765625">
        <ele>51.799999237060546875</ele>
        <time>2026-09-27T13:00:30.000Z</time>
        <extensions>
          <ns3:TrackPointExtension>
            <ns3:hr>137</ns3:hr>
            <ns3:cad>81</ns3:cad>
          </ns3:TrackPointExtension>
        </extensions>
      </trkpt>
      <trkpt lat="37.5052429921925067901611328125" lon="127.0576735027134418487548828125">
        <ele>51.59999847412109375</ele>
        <time>2026-09-27T13:00:31.000Z</time>
        <extensions>
          <ns3:TrackPointExtension>
            <ns3:hr>137</ns3:hr>
            <ns3:cad>81</ns3:cad>
          </ns3:TrackPointExtension>
        </extensions>
      </trkpt>
      <trkpt lat="37.5052755139768123626708984375" lon="127.057660259306430816650390625">
        <ele>51.40000152587890625</ele>
        <time>2026-09-27T13:00:32.000Z</time>
        <extensions>
          <ns3:TrackPointExtension>
            <ns3:hr>136</ns3:hr>
            <ns3:cad>81</ns3:cad>
          </ns3:TrackPointExtension>
        </extensions>
      </trkpt>
      <trkpt lat="37.505299150943756103515625" lon="127.05764525569975376129150390625">
        <ele>51.200000762939453125</ele>
        <time>2026-09-27T13:00:33.000Z</time>
        <extensions>
          <ns3:TrackPointExtension>
            <ns3:hr>136</ns3:hr>
            <ns3:cad>81</ns3:cad>
          </ns3:TrackPointExtension>
        </extensions>
      </trkpt>
      <trkpt lat="37.50533343292772769927978515625" lon="127.0576268993318080902099609375">
        <ele>51</ele>
        <time>2026-09-27T13:00:34.000Z</time>
        <extensions>
          <ns3:TrackPointExtension>
            <ns3:hr>136</ns3:hr>
            <ns3:cad>81</ns3:cad>
          </ns3:TrackPointExtension>
        </extensions>
      </trkpt>
      <trkpt lat="37.5053640268743038177490234375" lon="127.05761323682963848114013671875">
        <ele>51</ele>
        <time>2026-09-27T13:00:35.000Z</time>
        <extensions>
          <ns3:TrackPointExtension>
            <ns3:hr>135</ns3:hr>
            <ns3:cad>81</ns3:cad>
          </ns3:TrackPointExtension>
        </extensions>
      </trkpt>
      <trkpt lat="37.5053817965090274810791015625" lon="127.0576004125177860260009765625">
        <ele>51</ele>
        <time>2026-09-27T13:00:36.000Z</time>
        <extensions>
          <ns3:TrackPointExtension>
            <ns3:hr>135</ns3:hr>
            <ns3:cad>81</ns3:cad>
          </ns3:TrackPointExtension>
        </extensions>
      </trkpt>
      <trkpt lat="37.505409456789493560791015625" lon="127.05757803283631801605224609375">
        <ele>50.799999237060546875</ele>
        <time>2026-09-27T13:00:37.000Z</time>
        <extensions>
          <ns3:TrackPointExtension>
            <ns3:hr>135</ns3:hr>
            <ns3:cad>81</ns3:cad>
          </ns3:TrackPointExtension>
        </extensions>
      </trkpt>
      <trkpt lat="37.50543259084224700927734375" lon="127.057567723095417022705078125">
        <ele>50.59999847412109375</ele>
        <time>2026-09-27T13:00:38.000Z</time>
        <extensions>
          <ns3:TrackPointExtension>
            <ns3:hr>135</ns3:hr>
            <ns3:cad>81</ns3:cad>
          </ns3:TrackPointExtension>
        </extensions>
      </trkpt>
      <trkpt lat="37.50545748509466648101806640625" lon="127.0575548149645328521728515625">
        <ele>50.200000762939453125</ele>
        <time>2026-09-27T13:00:39.000Z</time>
        <extensions>
          <ns3:TrackPointExtension>
            <ns3:hr>134</ns3:hr>
            <ns3:cad>81</ns3:cad>
          </ns3:TrackPointExtension>
        </extensions>
      </trkpt>
      <trkpt lat="37.5054924376308917999267578125" lon="127.05753360874950885772705078125">
        <ele>49.799999237060546875</ele>
        <time>2026-09-27T13:00:40.000Z</time>
        <extensions>
          <ns3:TrackPointExtension>
            <ns3:hr>134</ns3:hr>
            <ns3:cad>81</ns3:cad>
          </ns3:TrackPointExtension>
        </extensions>
      </trkpt>
      <trkpt lat="37.5055236183106899261474609375" lon="127.05751718021929264068603515625">
        <ele>49.40000152587890625</ele>
        <time>2026-09-27T13:00:41.000Z</time>
        <extensions>
          <ns3:TrackPointExtension>
            <ns3:hr>134</ns3:hr>
            <ns3:cad>81</ns3:cad>
          </ns3:TrackPointExtension>
        </extensions>
      </trkpt>
      <trkpt lat="37.50554792582988739013671875" lon="127.05750108696520328521728515625">
        <ele>49</ele>
        <time>2026-09-27T13:00:42.000Z</time>
        <extensions>
          <ns3:TrackPointExtension>
            <ns3:hr>134</ns3:hr>
            <ns3:cad>80</ns3:cad>
          </ns3:TrackPointExtension>
        </extensions>
      </trkpt>
      <trkpt lat="37.50558170489966869354248046875" lon="127.0574793778359889984130859375">
        <ele>48.59999847412109375</ele>
        <time>2026-09-27T13:00:43.000Z</time>
        <extensions>
          <ns3:TrackPointExtension>
            <ns3:hr>134</ns3:hr>
            <ns3:cad>80</ns3:cad>
          </ns3:TrackPointExtension>
        </extensions>
      </trkpt>
      <trkpt lat="37.50560282729566097259521484375" lon="127.05746588297188282012939453125">
        <ele>48.40000152587890625</ele>
        <time>2026-09-27T13:00:44.000Z</time>
        <extensions>
          <ns3:TrackPointExtension>
            <ns3:hr>133</ns3:hr>
            <ns3:cad>80</ns3:cad>
          </ns3:TrackPointExtension>
        </extensions>
      </trkpt>
      <trkpt lat="37.50563400797545909881591796875" lon="127.0574495382606983184814453125">
        <ele>48.200000762939453125</ele>
        <time>2026-09-27T13:00:45.000Z</time>
        <extensions>
          <ns3:TrackPointExtension>
            <ns3:hr>133</ns3:hr>
            <ns3:cad>80</ns3:cad>
          </ns3:TrackPointExtension>
        </extensions>
      </trkpt>
      <trkpt lat="37.50566502101719379425048828125" lon="127.05743101425468921661376953125">
        <ele>48</ele>
        <time>2026-09-27T13:00:46.000Z</time>
        <extensions>
          <ns3:TrackPointExtension>
            <ns3:hr>133</ns3:hr>
            <ns3:cad>80</ns3:cad>
          </ns3:TrackPointExtension>
        </extensions>
      </trkpt>
      <trkpt lat="37.5056902505457401275634765625" lon="127.057414837181568145751953125">
        <ele>48</ele>
        <time>2026-09-27T13:00:47.000Z</time>
        <extensions>
          <ns3:TrackPointExtension>
            <ns3:hr>133</ns3:hr>
            <ns3:cad>80</ns3:cad>
          </ns3:TrackPointExtension>
        </extensions>
      </trkpt>
      <trkpt lat="37.50572872348129749298095703125" lon="127.05739446915686130523681640625">
        <ele>48</ele>
        <time>2026-09-27T13:00:48.000Z</time>
        <extensions>
          <ns3:TrackPointExtension>
            <ns3:hr>133</ns3:hr>
            <ns3:cad>80</ns3:cad>
          </ns3:TrackPointExtension>
        </extensions>
      </trkpt>
      <trkpt lat="37.505752779543399810791015625" lon="127.05737871117889881134033203125">
        <ele>47.799999237060546875</ele>
        <time>2026-09-27T13:00:49.000Z</time>
        <extensions>
          <ns3:TrackPointExtension>
            <ns3:hr>133</ns3:hr>
            <ns3:cad>81</ns3:cad>
          </ns3:TrackPointExtension>
        </extensions>
      </trkpt>
      <trkpt lat="37.50578320585191249847412109375" lon="127.057357169687747955322265625">
        <ele>47.799999237060546875</ele>
        <time>2026-09-27T13:00:50.000Z</time>
        <extensions>
          <ns3:TrackPointExtension>
            <ns3:hr>133</ns3:hr>
            <ns3:cad>82</ns3:cad>
          </ns3:TrackPointExtension>
        </extensions>
      </trkpt>
      <trkpt lat="37.50581346452236175537109375" lon="127.05734132789075374603271484375">
        <ele>47.799999237060546875</ele>
        <time>2026-09-27T13:00:51.000Z</time>
        <extensions>
          <ns3:TrackPointExtension>
            <ns3:hr>134</ns3:hr>
            <ns3:cad>82</ns3:cad>
          </ns3:TrackPointExtension>
        </extensions>
      </trkpt>
      <trkpt lat="37.50583735294640064239501953125" lon="127.05733244307339191436767578125">
        <ele>47.799999237060546875</ele>
        <time>2026-09-27T13:00:52.000Z</time>
        <extensions>
          <ns3:TrackPointExtension>
            <ns3:hr>133</ns3:hr>
            <ns3:cad>82</ns3:cad>
          </ns3:TrackPointExtension>
        </extensions>
      </trkpt>
      <trkpt lat="37.5058780051767826080322265625" lon="127.0573097281157970428466796875">
        <ele>47.799999237060546875</ele>
        <time>2026-09-27T13:00:53.000Z</time>
        <extensions>
          <ns3:TrackPointExtension>
            <ns3:hr>133</ns3:hr>
            <ns3:cad>82</ns3:cad>
          </ns3:TrackPointExtension>
        </extensions>
      </trkpt>
      <trkpt lat="37.50590331852436065673828125" lon="127.05730025656521320343017578125">
        <ele>47.40000152587890625</ele>
        <time>2026-09-27T13:00:54.000Z</time>
        <extensions>
          <ns3:TrackPointExtension>
            <ns3:hr>133</ns3:hr>
            <ns3:cad>82</ns3:cad>
          </ns3:TrackPointExtension>
        </extensions>
      </trkpt>
      <trkpt lat="37.50592804513871669769287109375" lon="127.05728718079626560211181640625">
        <ele>47.40000152587890625</ele>
        <time>2026-09-27T13:00:55.000Z</time>
        <extensions>
          <ns3:TrackPointExtension>
            <ns3:hr>133</ns3:hr>
            <ns3:cad>82</ns3:cad>
          </ns3:TrackPointExtension>
        </extensions>
      </trkpt>
      <trkpt lat="37.50596232712268829345703125" lon="127.05727024935185909271240234375">
        <ele>47.200000762939453125</ele>
        <time>2026-09-27T13:00:56.000Z</time>
        <extensions>
          <ns3:TrackPointExtension>
            <ns3:hr>133</ns3:hr>
            <ns3:cad>82</ns3:cad>
          </ns3:TrackPointExtension>
        </extensions>
      </trkpt>
      <trkpt lat="37.50598688609898090362548828125" lon="127.05725633539259433746337890625">
        <ele>47.200000762939453125</ele>
        <time>2026-09-27T13:00:57.000Z</time>
        <extensions>
          <ns3:TrackPointExtension>
            <ns3:hr>133</ns3:hr>
            <ns3:cad>82</ns3:cad>
          </ns3:TrackPointExtension>
        </extensions>
      </trkpt>
      <trkpt lat="37.5060094334185123443603515625" lon="127.05724460072815418243408203125">
        <ele>47.200000762939453125</ele>
        <time>2026-09-27T13:00:58.000Z</time>
        <extensions>
          <ns3:TrackPointExtension>
            <ns3:hr>133</ns3:hr>
            <ns3:cad>82</ns3:cad>
          </ns3:TrackPointExtension>
        </extensions>
      </trkpt>
      <trkpt lat="37.50603818334639072418212890625" lon="127.05722565762698650360107421875">
        <ele>47.200000762939453125</ele>
        <time>2026-09-27T13:00:59.000Z</time>
        <extensions>
          <ns3:TrackPointExtension>
            <ns3:hr>133</ns3:hr>
            <ns3:cad>82</ns3:cad>
          </ns3:TrackPointExtension>
        </extensions>
      </trkpt>
      <trkpt lat="37.50605729408562183380126953125" lon="127.05721291713416576385498046875">
        <ele>47</ele>
        <time>2026-09-27T13:01:00.000Z</time>
        <extensions>
          <ns3:TrackPointExtension>
            <ns3:hr>133</ns3:hr>
            <ns3:cad>81</ns3:cad>
          </ns3:TrackPointExtension>
        </extensions>
      </trkpt>
      <trkpt lat="37.5060852058231830596923828125" lon="127.05719883553683757781982421875">
        <ele>46.799999237060546875</ele>
        <time>2026-09-27T13:01:01.000Z</time>
        <extensions>
          <ns3:TrackPointExtension>
            <ns3:hr>133</ns3:hr>
            <ns3:cad>81</ns3:cad>
          </ns3:TrackPointExtension>
        </extensions>
      </trkpt>
      <trkpt lat="37.50611563213169574737548828125" lon="127.05718123354017734527587890625">
        <ele>46.799999237060546875</ele>
        <time>2026-09-27T13:01:02.000Z</time>
        <extensions>
          <ns3:TrackPointExtension>
            <ns3:hr>134</ns3:hr>
            <ns3:cad>81</ns3:cad>
          </ns3:TrackPointExtension>
        </extensions>
      </trkpt>
      <trkpt lat="37.5061405263841152191162109375" lon="127.057170756161212921142578125">
        <ele>46.59999847412109375</ele>
        <time>2026-09-27T13:01:03.000Z</time>
        <extensions>
          <ns3:TrackPointExtension>
            <ns3:hr>133</ns3:hr>
            <ns3:cad>81</ns3:cad>
          </ns3:TrackPointExtension>
        </extensions>
      </trkpt>
      <trkpt lat="37.506168521940708160400390625" lon="127.05715424381196498870849609375">
        <ele>46.40000152587890625</ele>
        <time>2026-09-27T13:01:04.000Z</time>
        <extensions>
          <ns3:TrackPointExtension>
            <ns3:hr>134</ns3:hr>
            <ns3:cad>81</ns3:cad>
          </ns3:TrackPointExtension>
        </extensions>
      </trkpt>
      <trkpt lat="37.50619576312601566314697265625" lon="127.05714183859527111053466796875">
        <ele>46.40000152587890625</ele>
        <time>2026-09-27T13:01:05.000Z</time>
        <extensions>
          <ns3:TrackPointExtension>
            <ns3:hr>133</ns3:hr>
            <ns3:cad>81</ns3:cad>
          </ns3:TrackPointExtension>
        </extensions>
      </trkpt>
      <trkpt lat="37.50621839426457881927490234375" lon="127.05712960101664066314697265625">
        <ele>46.40000152587890625</ele>
        <time>2026-09-27T13:01:06.000Z</time>
        <extensions>
          <ns3:TrackPointExtension>
            <ns3:hr>133</ns3:hr>
            <ns3:cad>81</ns3:cad>
          </ns3:TrackPointExtension>
        </extensions>
      </trkpt>
      <trkpt lat="37.5062518380582332611083984375" lon="127.0571082271635532379150390625">
        <ele>46.200000762939453125</ele>
        <time>2026-09-27T13:01:07.000Z</time>
        <extensions>
          <ns3:TrackPointExtension>
            <ns3:hr>133</ns3:hr>
            <ns3:cad>81</ns3:cad>
          </ns3:TrackPointExtension>
        </extensions>
      </trkpt>
      <trkpt lat="37.50627790577709674835205078125" lon="127.0570907928049564361572265625">
        <ele>46.40000152587890625</ele>
        <time>2026-09-27T13:01:08.000Z</time>
        <extensions>
          <ns3:TrackPointExtension>
            <ns3:hr>133</ns3:hr>
            <ns3:cad>82</ns3:cad>
          </ns3:TrackPointExtension>
        </extensions>
      </trkpt>
      <trkpt lat="37.506298609077930450439453125" lon="127.057070843875408172607421875">
        <ele>46.40000152587890625</ele>
        <time>2026-09-27T13:01:09.000Z</time>
        <extensions>
          <ns3:TrackPointExtension>
            <ns3:hr>134</ns3:hr>
            <ns3:cad>82</ns3:cad>
          </ns3:TrackPointExtension>
        </extensions>
      </trkpt>
      <trkpt lat="37.50632400624454021453857421875" lon="127.05704930238425731658935546875">
        <ele>46.40000152587890625</ele>
        <time>2026-09-27T13:01:10.000Z</time>
        <extensions>
          <ns3:TrackPointExtension>
            <ns3:hr>133</ns3:hr>
            <ns3:cad>82</ns3:cad>
          </ns3:TrackPointExtension>
        </extensions>
      </trkpt>
      <trkpt lat="37.5063473917543888092041015625" lon="127.05703890882432460784912109375">
        <ele>46.40000152587890625</ele>
        <time>2026-09-27T13:01:11.000Z</time>
        <extensions>
          <ns3:TrackPointExtension>
            <ns3:hr>133</ns3:hr>
            <ns3:cad>82</ns3:cad>
          </ns3:TrackPointExtension>
        </extensions>
      </trkpt>
      <trkpt lat="37.50637144781649112701416015625" lon="127.05702264793217182159423828125">
        <ele>46.59999847412109375</ele>
        <time>2026-09-27T13:01:12.000Z</time>
        <extensions>
          <ns3:TrackPointExtension>
            <ns3:hr>134</ns3:hr>
            <ns3:cad>82</ns3:cad>
          </ns3:TrackPointExtension>
        </extensions>
      </trkpt>
      <trkpt lat="37.50639843754470348358154296875" lon="127.0570073090493679046630859375">
        <ele>46.59999847412109375</ele>
        <time>2026-09-27T13:01:13.000Z</time>
        <extensions>
          <ns3:TrackPointExtension>
            <ns3:hr>134</ns3:hr>
            <ns3:cad>81</ns3:cad>
          </ns3:TrackPointExtension>
        </extensions>
      </trkpt>
      <trkpt lat="37.50642274506390094757080078125" lon="127.05699766986072063446044921875">
        <ele>46.59999847412109375</ele>
        <time>2026-09-27T13:01:14.000Z</time>
        <extensions>
          <ns3:TrackPointExtension>
            <ns3:hr>134</ns3:hr>
            <ns3:cad>81</ns3:cad>
          </ns3:TrackPointExtension>
        </extensions>
      </trkpt>
      <trkpt lat="37.50646146945655345916748046875" lon="127.056984342634677886962890625">
        <ele>46.59999847412109375</ele>
        <time>2026-09-27T13:01:15.000Z</time>
        <extensions>
          <ns3:TrackPointExtension>
            <ns3:hr>134</ns3:hr>
            <ns3:cad>81</ns3:cad>
          </ns3:TrackPointExtension>
        </extensions>
      </trkpt>
      <trkpt lat="37.50649181194603443145751953125" lon="127.0569801516830921173095703125">
        <ele>46.40000152587890625</ele>
        <time>2026-09-27T13:01:16.000Z</time>
        <extensions>
          <ns3:TrackPointExtension>
            <ns3:hr>134</ns3:hr>
            <ns3:cad>81</ns3:cad>
          </ns3:TrackPointExtension>
        </extensions>
      </trkpt>
      <trkpt lat="37.50652181915938854217529296875" lon="127.05697269178926944732666015625">
        <ele>46.200000762939453125</ele>
        <time>2026-09-27T13:01:17.000Z</time>
        <extensions>
          <ns3:TrackPointExtension>
            <ns3:hr>134</ns3:hr>
            <ns3:cad>81</ns3:cad>
          </ns3:TrackPointExtension>
        </extensions>
      </trkpt>
      <trkpt lat="37.50656540505588054656982421875" lon="127.05697185359895229339599609375">
        <ele>46</ele>
        <time>2026-09-27T13:01:18.000Z</time>
        <extensions>
          <ns3:TrackPointExtension>
            <ns3:hr>134</ns3:hr>
            <ns3:cad>81</ns3:cad>
          </ns3:TrackPointExtension>
        </extensions>
      </trkpt>
      <trkpt lat="37.5065944902598857879638671875" lon="127.05697151832282543182373046875">
        <ele>46</ele>
        <time>2026-09-27T13:01:19.000Z</time>
        <extensions>
          <ns3:TrackPointExtension>
            <ns3:hr>134</ns3:hr>
            <ns3:cad>81</ns3:cad>
          </ns3:TrackPointExtension>
        </extensions>
      </trkpt>
      <trkpt lat="37.506627179682254791259765625" lon="127.05697604455053806304931640625">
        <ele>45.799999237060546875</ele>
        <time>2026-09-27T13:01:20.000Z</time>
        <extensions>
          <ns3:TrackPointExtension>
            <ns3:hr>134</ns3:hr>
            <ns3:cad>81</ns3:cad>
          </ns3:TrackPointExtension>
        </extensions>
      </trkpt>
      <trkpt lat="37.506668083369731903076171875" lon="127.05698727630078792572021484375">
        <ele>45.799999237060546875</ele>
        <time>2026-09-27T13:01:21.000Z</time>
        <extensions>
          <ns3:TrackPointExtension>
            <ns3:hr>134</ns3:hr>
            <ns3:cad>81</ns3:cad>
          </ns3:TrackPointExtension>
        </extensions>
      </trkpt>
      <trkpt lat="37.50669616274535655975341796875" lon="127.05699565820395946502685546875">
        <ele>45.799999237060546875</ele>
        <time>2026-09-27T13:01:22.000Z</time>
        <extensions>
          <ns3:TrackPointExtension>
            <ns3:hr>134</ns3:hr>
            <ns3:cad>81</ns3:cad>
          </ns3:TrackPointExtension>
        </extensions>
      </trkpt>
      <trkpt lat="37.5067255832254886627197265625" lon="127.05701661296188831329345703125">
        <ele>45.799999237060546875</ele>
        <time>2026-09-27T13:01:23.000Z</time>
        <extensions>
          <ns3:TrackPointExtension>
            <ns3:hr>134</ns3:hr>
            <ns3:cad>81</ns3:cad>
          </ns3:TrackPointExtension>
        </extensions>
      </trkpt>
      <trkpt lat="37.50675315968692302703857421875" lon="127.05704377032816410064697265625">
        <ele>45.799999237060546875</ele>
        <time>2026-09-27T13:01:24.000Z</time>
        <extensions>
          <ns3:TrackPointExtension>
            <ns3:hr>135</ns3:hr>
            <ns3:cad>81</ns3:cad>
          </ns3:TrackPointExtension>
        </extensions>
      </trkpt>
      <trkpt lat="37.506770007312297821044921875" lon="127.05706916749477386474609375">
        <ele>45.59999847412109375</ele>
        <time>2026-09-27T13:01:25.000Z</time>
        <extensions>
          <ns3:TrackPointExtension>
            <ns3:hr>135</ns3:hr>
            <ns3:cad>81</ns3:cad>
          </ns3:TrackPointExtension>
        </extensions>
      </trkpt>
      <trkpt lat="37.506793476641178131103515625" lon="127.05711401067674160003662109375">
        <ele>45.59999847412109375</ele>
        <time>2026-09-27T13:01:26.000Z</time>
        <extensions>
          <ns3:TrackPointExtension>
            <ns3:hr>135</ns3:hr>
            <ns3:cad>81</ns3:cad>
          </ns3:TrackPointExtension>
        </extensions>
      </trkpt>
      <trkpt lat="37.5068117491900920867919921875" lon="127.05714737065136432647705078125">
        <ele>45.40000152587890625</ele>
        <time>2026-09-27T13:01:27.000Z</time>
        <extensions>
          <ns3:TrackPointExtension>
            <ns3:hr>134</ns3:hr>
            <ns3:cad>82</ns3:cad>
          </ns3:TrackPointExtension>
        </extensions>
      </trkpt>
      <trkpt lat="37.50682775862514972686767578125" lon="127.05718190409243106842041015625">
        <ele>45.40000152587890625</ele>
        <time>2026-09-27T13:01:28.000Z</time>
        <extensions>
          <ns3:TrackPointExtension>
            <ns3:hr>135</ns3:hr>
            <ns3:cad>81</ns3:cad>
          </ns3:TrackPointExtension>
        </extensions>
      </trkpt>
      <trkpt lat="37.5068347156047821044921875" lon="127.0572336204349994659423828125">
        <ele>45.40000152587890625</ele>
        <time>2026-09-27T13:01:29.000Z</time>
        <extensions>
          <ns3:TrackPointExtension>
            <ns3:hr>135</ns3:hr>
            <ns3:cad>82</ns3:cad>
          </ns3:TrackPointExtension>
        </extensions>
      </trkpt>
      <trkpt lat="37.50684452243149280548095703125" lon="127.057257927954196929931640625">
        <ele>45.40000152587890625</ele>
        <time>2026-09-27T13:01:30.000Z</time>
        <extensions>
          <ns3:TrackPointExtension>
            <ns3:hr>135</ns3:hr>
            <ns3:cad>82</ns3:cad>
          </ns3:TrackPointExtension>
        </extensions>
      </trkpt>
      <trkpt lat="37.50685156323015689849853515625" lon="127.05729757435619831085205078125">
        <ele>45.40000152587890625</ele>
        <time>2026-09-27T13:01:31.000Z</time>
        <extensions>
          <ns3:TrackPointExtension>
            <ns3:hr>136</ns3:hr>
            <ns3:cad>82</ns3:cad>
          </ns3:TrackPointExtension>
        </extensions>
      </trkpt>
      <trkpt lat="37.50685893930494785308837890625" lon="127.05733998678624629974365234375">
        <ele>45.40000152587890625</ele>
        <time>2026-09-27T13:01:32.000Z</time>
        <extensions>
          <ns3:TrackPointExtension>
            <ns3:hr>136</ns3:hr>
            <ns3:cad>82</ns3:cad>
          </ns3:TrackPointExtension>
        </extensions>
      </trkpt>
      <trkpt lat="37.5068684108555316925048828125" lon="127.05737091600894927978515625">
        <ele>45.40000152587890625</ele>
        <time>2026-09-27T13:01:33.000Z</time>
        <extensions>
          <ns3:TrackPointExtension>
            <ns3:hr>137</ns3:hr>
            <ns3:cad>82</ns3:cad>
          </ns3:TrackPointExtension>
        </extensions>
      </trkpt>
      <trkpt lat="37.50688173808157444000244140625" lon="127.0574166812002658843994140625">
        <ele>45.200000762939453125</ele>
        <time>2026-09-27T13:01:34.000Z</time>
        <extensions>
          <ns3:TrackPointExtension>
            <ns3:hr>137</ns3:hr>
            <ns3:cad>82</ns3:cad>
          </ns3:TrackPointExtension>
        </extensions>
      </trkpt>
      <trkpt lat="37.50689305365085601806640625" lon="127.0574498735368251800537109375">
        <ele>45.40000152587890625</ele>
        <time>2026-09-27T13:01:35.000Z</time>
        <extensions>
          <ns3:TrackPointExtension>
            <ns3:hr>137</ns3:hr>
            <ns3:cad>82</ns3:cad>
          </ns3:TrackPointExtension>
        </extensions>
      </trkpt>
      <trkpt lat="37.50690084882080554962158203125" lon="127.05748398788273334503173828125">
        <ele>45.200000762939453125</ele>
        <time>2026-09-27T13:01:36.000Z</time>
        <extensions>
          <ns3:TrackPointExtension>
            <ns3:hr>138</ns3:hr>
            <ns3:cad>82</ns3:cad>
          </ns3:TrackPointExtension>
        </extensions>
      </trkpt>
      <trkpt lat="37.5069254077970981597900390625" lon="127.05751583911478519439697265625">
        <ele>45.200000762939453125</ele>
        <time>2026-09-27T13:01:37.000Z</time>
        <extensions>
          <ns3:TrackPointExtension>
            <ns3:hr>138</ns3:hr>
            <ns3:cad>82</ns3:cad>
          </ns3:TrackPointExtension>
        </extensions>
      </trkpt>
      <trkpt lat="37.50693890266120433807373046875" lon="127.0575432479381561279296875">
        <ele>45.200000762939453125</ele>
        <time>2026-09-27T13:01:38.000Z</time>
        <extensions>
          <ns3:TrackPointExtension>
            <ns3:hr>138</ns3:hr>
            <ns3:cad>82</ns3:cad>
          </ns3:TrackPointExtension>
        </extensions>
      </trkpt>
      <trkpt lat="37.5069505535066127777099609375" lon="127.05757652409374713897705078125">
        <ele>45.200000762939453125</ele>
        <time>2026-09-27T13:01:39.000Z</time>
        <extensions>
          <ns3:TrackPointExtension>
            <ns3:hr>138</ns3:hr>
            <ns3:cad>82</ns3:cad>
          </ns3:TrackPointExtension>
        </extensions>
      </trkpt>
      <trkpt lat="37.506963126361370086669921875" lon="127.05762312747538089752197265625">
        <ele>45</ele>
        <time>2026-09-27T13:01:40.000Z</time>
        <extensions>
          <ns3:TrackPointExtension>
            <ns3:hr>138</ns3:hr>
            <ns3:cad>81</ns3:cad>
          </ns3:TrackPointExtension>
        </extensions>
      </trkpt>
      <trkpt lat="37.5069753639400005340576171875" lon="127.057660259306430816650390625">
        <ele>45</ele>
        <time>2026-09-27T13:01:41.000Z</time>
        <extensions>
          <ns3:TrackPointExtension>
            <ns3:hr>138</ns3:hr>
            <ns3:cad>80</ns3:cad>
          </ns3:TrackPointExtension>
        </extensions>
      </trkpt>
      <trkpt lat="37.50698483549058437347412109375" lon="127.0576988160610198974609375">
        <ele>45</ele>
        <time>2026-09-27T13:01:42.000Z</time>
        <extensions>
          <ns3:TrackPointExtension>
            <ns3:hr>139</ns3:hr>
            <ns3:cad>80</ns3:cad>
          </ns3:TrackPointExtension>
        </extensions>
      </trkpt>
      <trkpt lat="37.506993301212787628173828125" lon="127.05773578025400638580322265625">
        <ele>45</ele>
        <time>2026-09-27T13:01:43.000Z</time>
        <extensions>
          <ns3:TrackPointExtension>
            <ns3:hr>139</ns3:hr>
            <ns3:cad>81</ns3:cad>
          </ns3:TrackPointExtension>
        </extensions>
      </trkpt>
      <trkpt lat="37.50699824653565883636474609375" lon="127.05776712857186794281005859375">
        <ele>45</ele>
        <time>2026-09-27T13:01:44.000Z</time>
        <extensions>
          <ns3:TrackPointExtension>
            <ns3:hr>139</ns3:hr>
            <ns3:cad>81</ns3:cad>
          </ns3:TrackPointExtension>
        </extensions>
      </trkpt>
      <trkpt lat="37.50700780190527439117431640625" lon="127.05780166201293468475341796875">
        <ele>45</ele>
        <time>2026-09-27T13:01:45.000Z</time>
        <extensions>
          <ns3:TrackPointExtension>
            <ns3:hr>139</ns3:hr>
            <ns3:cad>81</ns3:cad>
          </ns3:TrackPointExtension>
        </extensions>
      </trkpt>
      <trkpt lat="37.50701635144650936126708984375" lon="127.05783770419657230377197265625">
        <ele>45.200000762939453125</ele>
        <time>2026-09-27T13:01:46.000Z</time>
        <extensions>
          <ns3:TrackPointExtension>
            <ns3:hr>139</ns3:hr>
            <ns3:cad>81</ns3:cad>
          </ns3:TrackPointExtension>
        </extensions>
      </trkpt>
      <trkpt lat="37.50702020712196826934814453125" lon="127.0578726567327976226806640625">
        <ele>45.200000762939453125</ele>
        <time>2026-09-27T13:01:47.000Z</time>
        <extensions>
          <ns3:TrackPointExtension>
            <ns3:hr>139</ns3:hr>
            <ns3:cad>81</ns3:cad>
          </ns3:TrackPointExtension>
        </extensions>
      </trkpt>
      <trkpt lat="37.5070278346538543701171875" lon="127.0579105429351329803466796875">
        <ele>45.200000762939453125</ele>
        <time>2026-09-27T13:01:48.000Z</time>
        <extensions>
          <ns3:TrackPointExtension>
            <ns3:hr>139</ns3:hr>
            <ns3:cad>81</ns3:cad>
          </ns3:TrackPointExtension>
        </extensions>
      </trkpt>
      <trkpt lat="37.50702858902513980865478515625" lon="127.05794314853847026824951171875">
        <ele>45.200000762939453125</ele>
        <time>2026-09-27T13:01:49.000Z</time>
        <extensions>
          <ns3:TrackPointExtension>
            <ns3:hr>140</ns3:hr>
            <ns3:cad>81</ns3:cad>
          </ns3:TrackPointExtension>
        </extensions>
      </trkpt>
      <trkpt lat="37.5070358812808990478515625" lon="127.057980112731456756591796875">
        <ele>45.200000762939453125</ele>
        <time>2026-09-27T13:01:50.000Z</time>
        <extensions>
          <ns3:TrackPointExtension>
            <ns3:hr>140</ns3:hr>
            <ns3:cad>81</ns3:cad>
          </ns3:TrackPointExtension>
        </extensions>
      </trkpt>
      <trkpt lat="37.50704652629792690277099609375" lon="127.0580252073705196380615234375">
        <ele>45.200000762939453125</ele>
        <time>2026-09-27T13:01:51.000Z</time>
        <extensions>
          <ns3:TrackPointExtension>
            <ns3:hr>140</ns3:hr>
            <ns3:cad>81</ns3:cad>
          </ns3:TrackPointExtension>
        </extensions>
      </trkpt>
      <trkpt lat="37.50705474056303501129150390625" lon="127.05805932171642780303955078125">
        <ele>45.200000762939453125</ele>
        <time>2026-09-27T13:01:52.000Z</time>
        <extensions>
          <ns3:TrackPointExtension>
            <ns3:hr>141</ns3:hr>
            <ns3:cad>81</ns3:cad>
          </ns3:TrackPointExtension>
        </extensions>
      </trkpt>
      <trkpt lat="37.5070735998451709747314453125" lon="127.05809972248971462249755859375">
        <ele>45.200000762939453125</ele>
        <time>2026-09-27T13:01:53.000Z</time>
        <extensions>
          <ns3:TrackPointExtension>
            <ns3:hr>141</ns3:hr>
            <ns3:cad>81</ns3:cad>
          </ns3:TrackPointExtension>
        </extensions>
      </trkpt>
      <trkpt lat="37.50709262676537036895751953125" lon="127.05814129672944545745849609375">
        <ele>45</ele>
        <time>2026-09-27T13:01:54.000Z</time>
        <extensions>
          <ns3:TrackPointExtension>
            <ns3:hr>141</ns3:hr>
            <ns3:cad>82</ns3:cad>
          </ns3:TrackPointExtension>
        </extensions>
      </trkpt>
      <trkpt lat="37.50710402615368366241455078125" lon="127.05817599780857563018798828125">
        <ele>45</ele>
        <time>2026-09-27T13:01:55.000Z</time>
        <extensions>
          <ns3:TrackPointExtension>
            <ns3:hr>141</ns3:hr>
            <ns3:cad>82</ns3:cad>
          </ns3:TrackPointExtension>
        </extensions>
      </trkpt>
      <trkpt lat="37.50712146051228046417236328125" lon="127.05822561867535114288330078125">
        <ele>44.799999237060546875</ele>
        <time>2026-09-27T13:01:56.000Z</time>
        <extensions>
          <ns3:TrackPointExtension>
            <ns3:hr>141</ns3:hr>
            <ns3:cad>81</ns3:cad>
          </ns3:TrackPointExtension>
        </extensions>
      </trkpt>
      <trkpt lat="37.50712816603481769561767578125" lon="127.05826786346733570098876953125">
        <ele>44.799999237060546875</ele>
        <time>2026-09-27T13:01:57.000Z</time>
        <extensions>
          <ns3:TrackPointExtension>
            <ns3:hr>141</ns3:hr>
            <ns3:cad>81</ns3:cad>
          </ns3:TrackPointExtension>
        </extensions>
      </trkpt>
      <trkpt lat="37.50713923014700412750244140625" lon="127.058294601738452911376953125">
        <ele>44.799999237060546875</ele>
        <time>2026-09-27T13:01:58.000Z</time>
        <extensions>
          <ns3:TrackPointExtension>
            <ns3:hr>141</ns3:hr>
            <ns3:cad>81</ns3:cad>
          </ns3:TrackPointExtension>
        </extensions>
      </trkpt>
      <trkpt lat="37.50714576803147792816162109375" lon="127.05832653678953647613525390625">
        <ele>45</ele>
        <time>2026-09-27T13:01:59.000Z</time>
        <extensions>
          <ns3:TrackPointExtension>
            <ns3:hr>141</ns3:hr>
            <ns3:cad>81</ns3:cad>
          </ns3:TrackPointExtension>
        </extensions>
      </trkpt>
      <trkpt lat="37.507152222096920013427734375" lon="127.058362662792205810546875">
        <ele>45</ele>
        <time>2026-09-27T13:02:00.000Z</time>
        <extensions>
          <ns3:TrackPointExtension>
            <ns3:hr>141</ns3:hr>
            <ns3:cad>81</ns3:cad>
          </ns3:TrackPointExtension>
        </extensions>
      </trkpt>
      <trkpt lat="37.5071590952575206756591796875" lon="127.05839660950005054473876953125">
        <ele>45.200000762939453125</ele>
        <time>2026-09-27T13:02:01.000Z</time>
        <extensions>
          <ns3:TrackPointExtension>
            <ns3:hr>141</ns3:hr>
            <ns3:cad>82</ns3:cad>
          </ns3:TrackPointExtension>
        </extensions>
      </trkpt>
      <trkpt lat="37.5071674771606922149658203125" lon="127.0584329031407833099365234375">
        <ele>45.200000762939453125</ele>
        <time>2026-09-27T13:02:02.000Z</time>
        <extensions>
          <ns3:TrackPointExtension>
            <ns3:hr>142</ns3:hr>
            <ns3:cad>82</ns3:cad>
          </ns3:TrackPointExtension>
        </extensions>
      </trkpt>
      <trkpt lat="37.5071808882057666778564453125" lon="127.0584614016115665435791015625">
        <ele>45.200000762939453125</ele>
        <time>2026-09-27T13:02:03.000Z</time>
        <extensions>
          <ns3:TrackPointExtension>
            <ns3:hr>142</ns3:hr>
            <ns3:cad>82</ns3:cad>
          </ns3:TrackPointExtension>
        </extensions>
      </trkpt>
      <trkpt lat="37.50719035975635051727294921875" lon="127.058501131832599639892578125">
        <ele>45.200000762939453125</ele>
        <time>2026-09-27T13:02:04.000Z</time>
        <extensions>
          <ns3:TrackPointExtension>
            <ns3:hr>142</ns3:hr>
            <ns3:cad>82</ns3:cad>
          </ns3:TrackPointExtension>
        </extensions>
      </trkpt>
      <trkpt lat="37.5072013400495052337646484375" lon="127.0585371740162372589111328125">
        <ele>45.200000762939453125</ele>
        <time>2026-09-27T13:02:05.000Z</time>
        <extensions>
          <ns3:TrackPointExtension>
            <ns3:hr>142</ns3:hr>
            <ns3:cad>82</ns3:cad>
          </ns3:TrackPointExtension>
        </extensions>
      </trkpt>
      <trkpt lat="37.507211230695247650146484375" lon="127.05857078544795513153076171875">
        <ele>45.200000762939453125</ele>
        <time>2026-09-27T13:02:06.000Z</time>
        <extensions>
          <ns3:TrackPointExtension>
            <ns3:hr>141</ns3:hr>
            <ns3:cad>82</ns3:cad>
          </ns3:TrackPointExtension>
        </extensions>
      </trkpt>
      <trkpt lat="37.5072251446545124053955078125" lon="127.0586179755628108978271484375">
        <ele>45</ele>
        <time>2026-09-27T13:02:07.000Z</time>
        <extensions>
          <ns3:TrackPointExtension>
            <ns3:hr>142</ns3:hr>
            <ns3:cad>82</ns3:cad>
          </ns3:TrackPointExtension>
        </extensions>
      </trkpt>
      <trkpt lat="37.50722975470125675201416015625" lon="127.05865158699452877044677734375">
        <ele>45.200000762939453125</ele>
        <time>2026-09-27T13:02:08.000Z</time>
        <extensions>
          <ns3:TrackPointExtension>
            <ns3:hr>142</ns3:hr>
            <ns3:cad>82</ns3:cad>
          </ns3:TrackPointExtension>
        </extensions>
      </trkpt>
      <trkpt lat="37.507244087755680084228515625" lon="127.0586907304823398590087890625">
        <ele>45.200000762939453125</ele>
        <time>2026-09-27T13:02:09.000Z</time>
        <extensions>
          <ns3:TrackPointExtension>
            <ns3:hr>142</ns3:hr>
            <ns3:cad>82</ns3:cad>
          </ns3:TrackPointExtension>
        </extensions>
      </trkpt>
      <trkpt lat="37.5072596780955791473388671875" lon="127.0587314665317535400390625">
        <ele>45.200000762939453125</ele>
        <time>2026-09-27T13:02:10.000Z</time>
        <extensions>
          <ns3:TrackPointExtension>
            <ns3:hr>141</ns3:hr>
            <ns3:cad>82</ns3:cad>
          </ns3:TrackPointExtension>
        </extensions>
      </trkpt>
      <trkpt lat="37.50726864673197269439697265625" lon="127.05875569023191928863525390625">
        <ele>45.200000762939453125</ele>
        <time>2026-09-27T13:02:11.000Z</time>
        <extensions>
          <ns3:TrackPointExtension>
            <ns3:hr>142</ns3:hr>
            <ns3:cad>82</ns3:cad>
          </ns3:TrackPointExtension>
        </extensions>
      </trkpt>
      <trkpt lat="37.50727836973965167999267578125" lon="127.05879759974777698516845703125">
        <ele>45.200000762939453125</ele>
        <time>2026-09-27T13:02:12.000Z</time>
        <extensions>
          <ns3:TrackPointExtension>
            <ns3:hr>142</ns3:hr>
            <ns3:cad>82</ns3:cad>
          </ns3:TrackPointExtension>
        </extensions>
      </trkpt>
      <trkpt lat="37.5072891823947429656982421875" lon="127.05883582122623920440673828125">
        <ele>45</ele>
        <time>2026-09-27T13:02:13.000Z</time>
        <extensions>
          <ns3:TrackPointExtension>
            <ns3:hr>142</ns3:hr>
            <ns3:cad>82</ns3:cad>
          </ns3:TrackPointExtension>
        </extensions>
      </trkpt>
      <trkpt lat="37.50729412771761417388916015625" lon="127.0588655769824981689453125">
        <ele>45</ele>
        <time>2026-09-27T13:02:14.000Z</time>
        <extensions>
          <ns3:TrackPointExtension>
            <ns3:hr>142</ns3:hr>
            <ns3:cad>82</ns3:cad>
          </ns3:TrackPointExtension>
        </extensions>
      </trkpt>
      <trkpt lat="37.5073041021823883056640625" lon="127.05890404991805553436279296875">
        <ele>45</ele>
        <time>2026-09-27T13:02:15.000Z</time>
        <extensions>
          <ns3:TrackPointExtension>
            <ns3:hr>143</ns3:hr>
            <ns3:cad>82</ns3:cad>
          </ns3:TrackPointExtension>
        </extensions>
      </trkpt>
      <trkpt lat="37.50731424428522586822509765625" lon="127.0589391700923442840576171875">
        <ele>45</ele>
        <time>2026-09-27T13:02:16.000Z</time>
        <extensions>
          <ns3:TrackPointExtension>
            <ns3:hr>143</ns3:hr>
            <ns3:cad>82</ns3:cad>
          </ns3:TrackPointExtension>
        </extensions>
      </trkpt>
      <trkpt lat="37.50732581131160259246826171875" lon="127.05897127278149127960205078125">
        <ele>45</ele>
        <time>2026-09-27T13:02:17.000Z</time>
        <extensions>
          <ns3:TrackPointExtension>
            <ns3:hr>144</ns3:hr>
            <ns3:cad>82</ns3:cad>
          </ns3:TrackPointExtension>
        </extensions>
      </trkpt>
      <trkpt lat="37.50734324567019939422607421875" lon="127.05900974571704864501953125">
        <ele>45.200000762939453125</ele>
        <time>2026-09-27T13:02:18.000Z</time>
        <extensions>
          <ns3:TrackPointExtension>
            <ns3:hr>144</ns3:hr>
            <ns3:cad>82</ns3:cad>
          </ns3:TrackPointExtension>
        </extensions>
      </trkpt>
      <trkpt lat="37.50735648907721042633056640625" lon="127.059035561978816986083984375">
        <ele>45.200000762939453125</ele>
        <time>2026-09-27T13:02:19.000Z</time>
        <extensions>
          <ns3:TrackPointExtension>
            <ns3:hr>144</ns3:hr>
            <ns3:cad>82</ns3:cad>
          </ns3:TrackPointExtension>
        </extensions>
      </trkpt>
      <trkpt lat="37.5073778629302978515625" lon="127.0590628869831562042236328125">
        <ele>45</ele>
        <time>2026-09-27T13:02:20.000Z</time>
        <extensions>
          <ns3:TrackPointExtension>
            <ns3:hr>144</ns3:hr>
            <ns3:cad>83</ns3:cad>
          </ns3:TrackPointExtension>
        </extensions>
      </trkpt>
      <trkpt lat="37.507391609251499176025390625" lon="127.05909716896712779998779296875">
        <ele>45</ele>
        <time>2026-09-27T13:02:21.000Z</time>
        <extensions>
          <ns3:TrackPointExtension>
            <ns3:hr>144</ns3:hr>
            <ns3:cad>83</ns3:cad>
          </ns3:TrackPointExtension>
        </extensions>
      </trkpt>
      <trkpt lat="37.50740191899240016937255859375" lon="127.05912633799016475677490234375">
        <ele>45</ele>
        <time>2026-09-27T13:02:22.000Z</time>
        <extensions>
          <ns3:TrackPointExtension>
            <ns3:hr>144</ns3:hr>
            <ns3:cad>83</ns3:cad>
          </ns3:TrackPointExtension>
        </extensions>
      </trkpt>
      <trkpt lat="37.5074135698378086090087890625" lon="127.059162296354770660400390625">
        <ele>45</ele>
        <time>2026-09-27T13:02:23.000Z</time>
        <extensions>
          <ns3:TrackPointExtension>
            <ns3:hr>144</ns3:hr>
            <ns3:cad>83</ns3:cad>
          </ns3:TrackPointExtension>
        </extensions>
      </trkpt>
      <trkpt lat="37.507425136864185333251953125" lon="127.05919557251036167144775390625">
        <ele>45</ele>
        <time>2026-09-27T13:02:24.000Z</time>
        <extensions>
          <ns3:TrackPointExtension>
            <ns3:hr>145</ns3:hr>
            <ns3:cad>81</ns3:cad>
          </ns3:TrackPointExtension>
        </extensions>
      </trkpt>
      <trkpt lat="37.50743544660508632659912109375" lon="127.05922474153339862823486328125">
        <ele>45</ele>
        <time>2026-09-27T13:02:25.000Z</time>
        <extensions>
          <ns3:TrackPointExtension>
            <ns3:hr>144</ns3:hr>
            <ns3:cad>81</ns3:cad>
          </ns3:TrackPointExtension>
        </extensions>
      </trkpt>
      <trkpt lat="37.507450617849826812744140625" lon="127.059264890849590301513671875">
        <ele>45.200000762939453125</ele>
        <time>2026-09-27T13:02:26.000Z</time>
        <extensions>
          <ns3:TrackPointExtension>
            <ns3:hr>144</ns3:hr>
            <ns3:cad>82</ns3:cad>
          </ns3:TrackPointExtension>
        </extensions>
      </trkpt>
      <trkpt lat="37.5074608437716960906982421875" lon="127.059291042387485504150390625">
        <ele>45.200000762939453125</ele>
        <time>2026-09-27T13:02:27.000Z</time>
        <extensions>
          <ns3:TrackPointExtension>
            <ns3:hr>145</ns3:hr>
            <ns3:cad>82</ns3:cad>
          </ns3:TrackPointExtension>
        </extensions>
      </trkpt>
      <trkpt lat="37.5074729137122631072998046875" lon="127.05932582728564739227294921875">
        <ele>45.200000762939453125</ele>
        <time>2026-09-27T13:02:28.000Z</time>
        <extensions>
          <ns3:TrackPointExtension>
            <ns3:hr>145</ns3:hr>
            <ns3:cad>82</ns3:cad>
          </ns3:TrackPointExtension>
        </extensions>
      </trkpt>
      <trkpt lat="37.507484145462512969970703125" lon="127.05937360413372516632080078125">
        <ele>45.200000762939453125</ele>
        <time>2026-09-27T13:02:29.000Z</time>
        <extensions>
          <ns3:TrackPointExtension>
            <ns3:hr>145</ns3:hr>
            <ns3:cad>81</ns3:cad>
          </ns3:TrackPointExtension>
        </extensions>
      </trkpt>
      <trkpt lat="37.5074893422424793243408203125" lon="127.05940361134707927703857421875">
        <ele>45</ele>
        <time>2026-09-27T13:02:30.000Z</time>
        <extensions>
          <ns3:TrackPointExtension>
            <ns3:hr>145</ns3:hr>
            <ns3:cad>81</ns3:cad>
          </ns3:TrackPointExtension>
        </extensions>
      </trkpt>
      <trkpt lat="37.5074957124888896942138671875" lon="127.0594430901110172271728515625">
        <ele>45</ele>
        <time>2026-09-27T13:02:31.000Z</time>
        <extensions>
          <ns3:TrackPointExtension>
            <ns3:hr>145</ns3:hr>
            <ns3:cad>81</ns3:cad>
          </ns3:TrackPointExtension>
        </extensions>
      </trkpt>
      <trkpt lat="37.50749093480408191680908203125" lon="127.0594744384288787841796875">
        <ele>45.200000762939453125</ele>
        <time>2026-09-27T13:02:32.000Z</time>
        <extensions>
          <ns3:TrackPointExtension>
            <ns3:hr>146</ns3:hr>
            <ns3:cad>81</ns3:cad>
          </ns3:TrackPointExtension>
        </extensions>
      </trkpt>
      <trkpt lat="37.50747769139707088470458984375" lon="127.05950000323355197906494140625">
        <ele>45.200000762939453125</ele>
        <time>2026-09-27T13:02:33.000Z</time>
        <extensions>
          <ns3:TrackPointExtension>
            <ns3:hr>146</ns3:hr>
            <ns3:cad>81</ns3:cad>
          </ns3:TrackPointExtension>
        </extensions>
      </trkpt>
      <trkpt lat="37.5074504502117633819580078125" lon="127.059509642422199249267578125">
        <ele>45.200000762939453125</ele>
        <time>2026-09-27T13:02:34.000Z</time>
        <extensions>
          <ns3:TrackPointExtension>
            <ns3:hr>146</ns3:hr>
            <ns3:cad>81</ns3:cad>
          </ns3:TrackPointExtension>
        </extensions>
      </trkpt>
      <trkpt lat="37.50742823816835880279541015625" lon="127.05952875316143035888671875">
        <ele>45.200000762939453125</ele>
        <time>2026-09-27T13:02:35.000Z</time>
        <extensions>
          <ns3:TrackPointExtension>
            <ns3:hr>146</ns3:hr>
            <ns3:cad>81</ns3:cad>
          </ns3:TrackPointExtension>
        </extensions>
      </trkpt>
      <trkpt lat="37.5074041821062564849853515625" lon="127.0595426671206951141357421875">
        <ele>45.200000762939453125</ele>
        <time>2026-09-27T13:02:36.000Z</time>
        <extensions>
          <ns3:TrackPointExtension>
            <ns3:hr>146</ns3:hr>
            <ns3:cad>81</ns3:cad>
          </ns3:TrackPointExtension>
        </extensions>
      </trkpt>
      <trkpt lat="37.50737258233129978179931640625" lon="127.05955423414707183837890625">
        <ele>45.200000762939453125</ele>
        <time>2026-09-27T13:02:37.000Z</time>
        <extensions>
          <ns3:TrackPointExtension>
            <ns3:hr>146</ns3:hr>
            <ns3:cad>81</ns3:cad>
          </ns3:TrackPointExtension>
        </extensions>
      </trkpt>
      <trkpt lat="37.5073455087840557098388671875" lon="127.05956907011568546295166015625">
        <ele>45.200000762939453125</ele>
        <time>2026-09-27T13:02:38.000Z</time>
        <extensions>
          <ns3:TrackPointExtension>
            <ns3:hr>146</ns3:hr>
            <ns3:cad>81</ns3:cad>
          </ns3:TrackPointExtension>
        </extensions>
      </trkpt>
      <trkpt lat="37.50731692649424076080322265625" lon="127.05957896076142787933349609375">
        <ele>45.200000762939453125</ele>
        <time>2026-09-27T13:02:39.000Z</time>
        <extensions>
          <ns3:TrackPointExtension>
            <ns3:hr>146</ns3:hr>
            <ns3:cad>81</ns3:cad>
          </ns3:TrackPointExtension>
        </extensions>
      </trkpt>
      <trkpt lat="37.50727937556803226470947265625" lon="127.05958767794072628021240234375">
        <ele>45.200000762939453125</ele>
        <time>2026-09-27T13:02:40.000Z</time>
        <extensions>
          <ns3:TrackPointExtension>
            <ns3:hr>145</ns3:hr>
            <ns3:cad>80</ns3:cad>
          </ns3:TrackPointExtension>
        </extensions>
      </trkpt>
      <trkpt lat="37.5072492845356464385986328125" lon="127.05960393883287906646728515625">
        <ele>45.200000762939453125</ele>
        <time>2026-09-27T13:02:41.000Z</time>
        <extensions>
          <ns3:TrackPointExtension>
            <ns3:hr>146</ns3:hr>
            <ns3:cad>80</ns3:cad>
          </ns3:TrackPointExtension>
        </extensions>
      </trkpt>
      <trkpt lat="37.5072214566171169281005859375" lon="127.0596140809357166290283203125">
        <ele>45.200000762939453125</ele>
        <time>2026-09-27T13:02:42.000Z</time>
        <extensions>
          <ns3:TrackPointExtension>
            <ns3:hr>146</ns3:hr>
            <ns3:cad>80</ns3:cad>
          </ns3:TrackPointExtension>
        </extensions>
      </trkpt>
      <trkpt lat="37.5071834027767181396484375" lon="127.05962455831468105316162109375">
        <ele>45.200000762939453125</ele>
        <time>2026-09-27T13:02:43.000Z</time>
        <extensions>
          <ns3:TrackPointExtension>
            <ns3:hr>146</ns3:hr>
            <ns3:cad>81</ns3:cad>
          </ns3:TrackPointExtension>
        </extensions>
      </trkpt>
      <trkpt lat="37.50716337002813816070556640625" lon="127.05963671207427978515625">
        <ele>45.40000152587890625</ele>
        <time>2026-09-27T13:02:44.000Z</time>
        <extensions>
          <ns3:TrackPointExtension>
            <ns3:hr>146</ns3:hr>
            <ns3:cad>81</ns3:cad>
          </ns3:TrackPointExtension>
        </extensions>
      </trkpt>
      <trkpt lat="37.507133781909942626953125" lon="127.0596523024141788482666015625">
        <ele>45.40000152587890625</ele>
        <time>2026-09-27T13:02:45.000Z</time>
        <extensions>
          <ns3:TrackPointExtension>
            <ns3:hr>146</ns3:hr>
            <ns3:cad>82</ns3:cad>
          </ns3:TrackPointExtension>
        </extensions>
      </trkpt>
      <trkpt lat="37.507105953991413116455078125" lon="127.05965959466993808746337890625">
        <ele>45.40000152587890625</ele>
        <time>2026-09-27T13:02:46.000Z</time>
        <extensions>
          <ns3:TrackPointExtension>
            <ns3:hr>146</ns3:hr>
            <ns3:cad>82</ns3:cad>
          </ns3:TrackPointExtension>
        </extensions>
      </trkpt>
      <trkpt lat="37.50709128566086292266845703125" lon="127.05967602320015430450439453125">
        <ele>45.40000152587890625</ele>
        <time>2026-09-27T13:02:47.000Z</time>
        <extensions>
          <ns3:TrackPointExtension>
            <ns3:hr>146</ns3:hr>
            <ns3:cad>82</ns3:cad>
          </ns3:TrackPointExtension>
        </extensions>
      </trkpt>
      <trkpt lat="37.5070622004568576812744140625" lon="127.05969362519681453704833984375">
        <ele>45.59999847412109375</ele>
        <time>2026-09-27T13:02:48.000Z</time>
        <extensions>
          <ns3:TrackPointExtension>
            <ns3:hr>146</ns3:hr>
            <ns3:cad>82</ns3:cad>
          </ns3:TrackPointExtension>
        </extensions>
      </trkpt>
      <trkpt lat="37.50704099424183368682861328125" lon="127.05971474759280681610107421875">
        <ele>45.59999847412109375</ele>
        <time>2026-09-27T13:02:49.000Z</time>
        <extensions>
          <ns3:TrackPointExtension>
            <ns3:hr>146</ns3:hr>
            <ns3:cad>82</ns3:cad>
          </ns3:TrackPointExtension>
        </extensions>
      </trkpt>
      <trkpt lat="37.507019452750682830810546875" lon="127.05973318777978420257568359375">
        <ele>45.59999847412109375</ele>
        <time>2026-09-27T13:02:50.000Z</time>
        <extensions>
          <ns3:TrackPointExtension>
            <ns3:hr>147</ns3:hr>
            <ns3:cad>82</ns3:cad>
          </ns3:TrackPointExtension>
        </extensions>
      </trkpt>
      <trkpt lat="37.50697486102581024169921875" lon="127.05976746976375579833984375">
        <ele>45.59999847412109375</ele>
        <time>2026-09-27T13:02:51.000Z</time>
        <extensions>
          <ns3:TrackPointExtension>
            <ns3:hr>146</ns3:hr>
            <ns3:cad>82</ns3:cad>
          </ns3:TrackPointExtension>
        </extensions>
      </trkpt>
      <trkpt lat="37.5069461949169635772705078125" lon="127.05977685749530792236328125">
        <ele>45.799999237060546875</ele>
        <time>2026-09-27T13:02:52.000Z</time>
        <extensions>
          <ns3:TrackPointExtension>
            <ns3:hr>146</ns3:hr>
            <ns3:cad>82</ns3:cad>
          </ns3:TrackPointExtension>
        </extensions>
      </trkpt>
      <trkpt lat="37.50691878609359264373779296875" lon="127.0597901009023189544677734375">
        <ele>45.799999237060546875</ele>
        <time>2026-09-27T13:02:53.000Z</time>
        <extensions>
          <ns3:TrackPointExtension>
            <ns3:hr>147</ns3:hr>
            <ns3:cad>82</ns3:cad>
          </ns3:TrackPointExtension>
        </extensions>
      </trkpt>
      <trkpt lat="37.5068843364715576171875" lon="127.05980476923286914825439453125">
        <ele>45.799999237060546875</ele>
        <time>2026-09-27T13:02:54.000Z</time>
        <extensions>
          <ns3:TrackPointExtension>
            <ns3:hr>147</ns3:hr>
            <ns3:cad>82</ns3:cad>
          </ns3:TrackPointExtension>
        </extensions>
      </trkpt>
      <trkpt lat="37.506857179105281829833984375" lon="127.05981281585991382598876953125">
        <ele>45.799999237060546875</ele>
        <time>2026-09-27T13:02:55.000Z</time>
        <extensions>
          <ns3:TrackPointExtension>
            <ns3:hr>146</ns3:hr>
            <ns3:cad>82</ns3:cad>
          </ns3:TrackPointExtension>
        </extensions>
      </trkpt>
      <trkpt lat="37.5068358890712261199951171875" lon="127.05981248058378696441650390625">
        <ele>45.799999237060546875</ele>
        <time>2026-09-27T13:02:56.000Z</time>
        <extensions>
          <ns3:TrackPointExtension>
            <ns3:hr>146</ns3:hr>
            <ns3:cad>81</ns3:cad>
          </ns3:TrackPointExtension>
        </extensions>
      </trkpt>
      <trkpt lat="37.50681350938975811004638671875" lon="127.059804685413837432861328125">
        <ele>45.799999237060546875</ele>
        <time>2026-09-27T13:02:57.000Z</time>
        <extensions>
          <ns3:TrackPointExtension>
            <ns3:hr>146</ns3:hr>
            <ns3:cad>81</ns3:cad>
          </ns3:TrackPointExtension>
        </extensions>
      </trkpt>
    </trkseg>
  </trk>
</gpx>
